pf_calls,num_answers,model_updates,num_grad_comps,answers_bytes,last_score,batch_size,k,elapsed_time,train_data,n,d,max_epochs,verbose,ident,_epochs,score_train,loss_train,score_test,loss_test,_elapsed_time,seed,run_id,dim
1,1920,15,1920,23520,0.46666666865348816,128,0,0.03579878807067871,1920,17,2,500000,1000,,1.0,0.4755208194255829,0.6931472420692444,0.4937500059604645,0.6931472420692444,0,808239535,5,2
1001,1920,15015,1921920,23520,0.4937500059604645,128,1000,0.039632558822631836,1920,17,2,500000,1000,,1001.0,0.660937488079071,0.6241824626922607,0.6229166388511658,0.6500244736671448,4,808239535,5,2
2001,1920,30015,3841920,23520,0.6229166388511658,128,2000,0.0435025691986084,1920,17,2,500000,1000,,2001.0,0.6703125238418579,0.6123225688934326,0.6354166865348816,0.6477736830711365,7,808239535,5,2
3001,1920,45015,5761920,23520,0.6354166865348816,128,3000,0.0472865104675293,1920,17,2,500000,1000,,3001.0,0.668749988079071,0.6086453795433044,0.6395833492279053,0.647942304611206,11,808239535,5,2
4001,1920,60015,7681920,23520,0.6395833492279053,128,4000,0.05116748809814453,1920,17,2,500000,1000,,4001.0,0.6692708134651184,0.606965184211731,0.637499988079071,0.6488170623779297,15,808239535,5,2
5001,1920,75015,9601920,23520,0.637499988079071,128,5000,0.05532431602478027,1920,17,2,500000,1000,,5001.0,0.668749988079071,0.6060684323310852,0.637499988079071,0.6496871113777161,19,808239535,5,2
6001,1920,90015,11521920,23520,0.637499988079071,128,6000,0.05908608436584473,1920,17,2,500000,1000,,6001.0,0.6666666865348816,0.6054962277412415,0.643750011920929,0.649868369102478,23,808239535,5,2
7001,1920,105015,13441920,23520,0.643750011920929,128,7000,0.06316304206848145,1920,17,2,500000,1000,,7001.0,0.6677083373069763,0.6050984859466553,0.6458333134651184,0.6504856944084167,27,808239535,5,2
8001,1920,120015,15361920,23520,0.6458333134651184,128,8000,0.0669560432434082,1920,17,2,500000,1000,,8001.0,0.6677083373069763,0.6048123240470886,0.6458333134651184,0.6501339673995972,31,808239535,5,2
9001,1920,135015,17281920,23520,0.6458333134651184,128,9000,0.07081484794616699,1920,17,2,500000,1000,,9001.0,0.6682291626930237,0.6045774817466736,0.6479166746139526,0.6501978039741516,35,808239535,5,2
10001,1920,150015,19201920,23520,0.6479166746139526,128,10000,0.07460808753967285,1920,17,2,500000,1000,,10001.0,0.6682291626930237,0.6044018864631653,0.6499999761581421,0.6504229307174683,39,808239535,5,2
11001,1920,165015,21121920,23520,0.6499999761581421,128,11000,0.07839012145996094,1920,17,2,500000,1000,,11001.0,0.6666666865348816,0.6042470932006836,0.6541666388511658,0.6501967906951904,43,808239535,5,2
12001,1920,180015,23041920,23520,0.6541666388511658,128,12000,0.08215093612670898,1920,17,2,500000,1000,,12001.0,0.667187511920929,0.6041167974472046,0.6520833373069763,0.6503528356552124,47,808239535,5,2
13001,1920,195015,24961920,23520,0.6520833373069763,128,13000,0.08606290817260742,1920,17,2,500000,1000,,13001.0,0.6656249761581421,0.6039994359016418,0.6499999761581421,0.6500073671340942,51,808239535,5,2
14001,1920,210015,26881920,23520,0.6499999761581421,128,14000,0.09047460556030273,1920,17,2,500000,1000,,14001.0,0.6677083373069763,0.6039041876792908,0.6458333134651184,0.649877667427063,55,808239535,5,2
15001,1920,225015,28801920,23520,0.6458333134651184,128,15000,0.0942845344543457,1920,17,2,500000,1000,,15001.0,0.6677083373069763,0.6038141250610352,0.6541666388511658,0.64957195520401,59,808239535,5,2
16001,1920,240015,30721920,23520,0.6541666388511658,128,16000,0.09807133674621582,1920,17,2,500000,1000,,16001.0,0.6666666865348816,0.6037423610687256,0.6499999761581421,0.6495720148086548,63,808239535,5,2
17001,1920,255015,32641920,23520,0.6499999761581421,128,17000,0.10185837745666504,1920,17,2,500000,1000,,17001.0,0.668749988079071,0.6036850214004517,0.6479166746139526,0.649601399898529,67,808239535,5,2
18001,1920,270015,34561920,23520,0.6479166746139526,128,18000,0.1056375503540039,1920,17,2,500000,1000,,18001.0,0.667187511920929,0.6036397218704224,0.643750011920929,0.6496330499649048,71,808239535,5,2
19001,1920,285015,36481920,23520,0.643750011920929,128,19000,0.1094825267791748,1920,17,2,500000,1000,,19001.0,0.6677083373069763,0.603602409362793,0.6479166746139526,0.6493648886680603,75,808239535,5,2
20001,1920,300015,38401920,23520,0.6479166746139526,128,20000,0.11358261108398438,1920,17,2,500000,1000,,20001.0,0.6666666865348816,0.603570282459259,0.643750011920929,0.6493260860443115,79,808239535,5,2
21001,1920,315015,40321920,23520,0.643750011920929,128,21000,0.11741352081298828,1920,17,2,500000,1000,,21001.0,0.6677083373069763,0.6035467982292175,0.643750011920929,0.6494506001472473,83,808239535,5,2
22001,1920,330015,42241920,23520,0.643750011920929,128,22000,0.12123346328735352,1920,17,2,500000,1000,,22001.0,0.6677083373069763,0.6035241484642029,0.6479166746139526,0.6491832137107849,86,808239535,5,2
23001,1920,345015,44161920,23520,0.6479166746139526,128,23000,0.125016450881958,1920,17,2,500000,1000,,23001.0,0.6677083373069763,0.603504478931427,0.6458333134651184,0.6493582129478455,90,808239535,5,2
24001,1920,360015,46081920,23520,0.6458333134651184,128,24000,0.12909150123596191,1920,17,2,500000,1000,,24001.0,0.6666666865348816,0.6034848093986511,0.6458333134651184,0.6494743227958679,94,808239535,5,2
25001,1920,375015,48001920,23520,0.6458333134651184,128,25000,0.1330885887145996,1920,17,2,500000,1000,,25001.0,0.6666666865348816,0.6034715175628662,0.6499999761581421,0.6495973467826843,98,808239535,5,2
26001,1920,390015,49921920,23520,0.6499999761581421,128,26000,0.13688039779663086,1920,17,2,500000,1000,,26001.0,0.6666666865348816,0.6034601926803589,0.6499999761581421,0.6493330597877502,102,808239535,5,2
27001,1920,405015,51841920,23520,0.6499999761581421,128,27000,0.1406574249267578,1920,17,2,500000,1000,,27001.0,0.6682291626930237,0.6034454703330994,0.6458333134651184,0.6491860747337341,106,808239535,5,2
28001,1920,420015,53761920,23520,0.6458333134651184,128,28000,0.14476537704467773,1920,17,2,500000,1000,,28001.0,0.6656249761581421,0.6034348011016846,0.6458333134651184,0.6492398381233215,110,808239535,5,2
29001,1920,435015,55681920,23520,0.6458333134651184,128,29000,0.14862942695617676,1920,17,2,500000,1000,,29001.0,0.667187511920929,0.603428065776825,0.6479166746139526,0.6494424343109131,115,808239535,5,2
30001,1920,450015,57601920,23520,0.6479166746139526,128,30000,0.15247130393981934,1920,17,2,500000,1000,,30001.0,0.6651041507720947,0.6034168004989624,0.6458333134651184,0.6493279933929443,119,808239535,5,2
31001,1920,465015,59521920,23520,0.6458333134651184,128,31000,0.15646648406982422,1920,17,2,500000,1000,,31001.0,0.667187511920929,0.6034146547317505,0.6458333134651184,0.6494380831718445,123,808239535,5,2
32001,1920,480015,61441920,23520,0.6458333134651184,128,32000,0.16022253036499023,1920,17,2,500000,1000,,32001.0,0.6677083373069763,0.6034042239189148,0.6479166746139526,0.6494020819664001,127,808239535,5,2
33001,1920,495015,63361920,23520,0.6479166746139526,128,33000,0.16426753997802734,1920,17,2,500000,1000,,33001.0,0.6666666865348816,0.6034025549888611,0.6458333134651184,0.6495834589004517,131,808239535,5,2
34001,1920,510015,65281920,23520,0.6458333134651184,128,34000,0.1680765151977539,1920,17,2,500000,1000,,34001.0,0.6666666865348816,0.6033924221992493,0.6458333134651184,0.6495460271835327,135,808239535,5,2
35001,1920,525015,67201920,23520,0.6458333134651184,128,35000,0.1719224452972412,1920,17,2,500000,1000,,35001.0,0.667187511920929,0.603390634059906,0.6416666507720947,0.6495490670204163,139,808239535,5,2
36001,1920,540015,69121920,23520,0.6416666507720947,128,36000,0.17607545852661133,1920,17,2,500000,1000,,36001.0,0.6682291626930237,0.603389322757721,0.643750011920929,0.6498871445655823,143,808239535,5,2
37001,1920,555015,71041920,23520,0.643750011920929,128,37000,0.1803891658782959,1920,17,2,500000,1000,,37001.0,0.6661458611488342,0.6033848524093628,0.6416666507720947,0.6498051285743713,147,808239535,5,2
38001,1920,570015,72961920,23520,0.6416666507720947,128,38000,0.18412423133850098,1920,17,2,500000,1000,,38001.0,0.6619791388511658,0.603384256362915,0.643750011920929,0.6499159336090088,151,808239535,5,2
39001,1920,585015,74881920,23520,0.643750011920929,128,39000,0.18802833557128906,1920,17,2,500000,1000,,39001.0,0.6640625,0.6033841371536255,0.643750011920929,0.6496241092681885,155,808239535,5,2
40001,1920,600015,76801920,23520,0.643750011920929,128,40000,0.19186139106750488,1920,17,2,500000,1000,,40001.0,0.6666666865348816,0.6033793091773987,0.6416666507720947,0.6499524712562561,159,808239535,5,2
41001,1920,615015,78721920,23520,0.6416666507720947,128,41000,0.19560623168945312,1920,17,2,500000,1000,,41001.0,0.6666666865348816,0.6033746600151062,0.6458333134651184,0.6498481035232544,163,808239535,5,2
42001,1920,630015,80641920,23520,0.6458333134651184,128,42000,0.19948911666870117,1920,17,2,500000,1000,,42001.0,0.6666666865348816,0.6033754944801331,0.6458333134651184,0.6499810814857483,167,808239535,5,2
43001,1920,645015,82561920,23520,0.6458333134651184,128,43000,0.20339298248291016,1920,17,2,500000,1000,,43001.0,0.6656249761581421,0.6033691763877869,0.643750011920929,0.6499690413475037,171,808239535,5,2
44001,1920,660015,84481920,23520,0.643750011920929,128,44000,0.20716309547424316,1920,17,2,500000,1000,,44001.0,0.6635416746139526,0.603370726108551,0.6458333134651184,0.6501321792602539,175,808239535,5,2
45001,1920,675015,86401920,23520,0.6458333134651184,128,45000,0.2110910415649414,1920,17,2,500000,1000,,45001.0,0.6661458611488342,0.6033716201782227,0.643750011920929,0.6501843929290771,179,808239535,5,2
46001,1920,690015,88321920,23520,0.643750011920929,128,46000,0.2152259349822998,1920,17,2,500000,1000,,46001.0,0.6661458611488342,0.6033651828765869,0.643750011920929,0.6501478552818298,183,808239535,5,2
47001,1920,705015,90241920,23520,0.643750011920929,128,47000,0.21907281875610352,1920,17,2,500000,1000,,47001.0,0.6661458611488342,0.6033629179000854,0.6416666507720947,0.6499488949775696,187,808239535,5,2
48001,1920,720015,92161920,23520,0.6416666507720947,128,48000,0.22284793853759766,1920,17,2,500000,1000,,48001.0,0.6656249761581421,0.6033673882484436,0.643750011920929,0.6503093242645264,191,808239535,5,2
49001,1920,735015,94081920,23520,0.643750011920929,128,49000,0.22662806510925293,1920,17,2,500000,1000,,49001.0,0.6645833253860474,0.6033642292022705,0.6479166746139526,0.6501436829566956,195,808239535,5,2
50001,1920,750015,96001920,23520,0.6479166746139526,128,50000,0.23038220405578613,1920,17,2,500000,1000,,50001.0,0.6666666865348816,0.6033623814582825,0.643750011920929,0.6500526666641235,198,808239535,5,2
51001,1920,765015,97921920,23520,0.643750011920929,128,51000,0.23414826393127441,1920,17,2,500000,1000,,51001.0,0.6661458611488342,0.6033642292022705,0.6395833492279053,0.6500511765480042,202,808239535,5,2
52001,1920,780015,99841920,23520,0.6395833492279053,128,52000,0.23792314529418945,1920,17,2,500000,1000,,52001.0,0.6666666865348816,0.6033620834350586,0.643750011920929,0.6505164504051208,206,808239535,5,2
53001,1920,795015,101761920,23520,0.643750011920929,128,53000,0.24173998832702637,1920,17,2,500000,1000,,53001.0,0.6661458611488342,0.6033610105514526,0.643750011920929,0.6501076817512512,210,808239535,5,2
54001,1920,810015,103681920,23520,0.643750011920929,128,54000,0.24566221237182617,1920,17,2,500000,1000,,54001.0,0.6651041507720947,0.6033565402030945,0.6479166746139526,0.6501392722129822,214,808239535,5,2
55001,1920,825015,105601920,23520,0.6479166746139526,128,55000,0.24963808059692383,1920,17,2,500000,1000,,55001.0,0.6661458611488342,0.6033555865287781,0.643750011920929,0.6500930786132812,218,808239535,5,2
56001,1920,840015,107521920,23520,0.643750011920929,128,56000,0.25338315963745117,1920,17,2,500000,1000,,56001.0,0.6682291626930237,0.6033569574356079,0.643750011920929,0.650219202041626,222,808239535,5,2
57001,1920,855015,109441920,23520,0.643750011920929,128,57000,0.2571451663970947,1920,17,2,500000,1000,,57001.0,0.6661458611488342,0.6033570170402527,0.6416666507720947,0.6501147747039795,226,808239535,5,2
58001,1920,870015,111361920,23520,0.6416666507720947,128,58000,0.2612583637237549,1920,17,2,500000,1000,,58001.0,0.6661458611488342,0.603358268737793,0.643750011920929,0.6503862738609314,229,808239535,5,2
59001,1920,885015,113281920,23520,0.643750011920929,128,59000,0.2650413513183594,1920,17,2,500000,1000,,59001.0,0.6661458611488342,0.6033540368080139,0.6416666507720947,0.649971604347229,233,808239535,5,2
60001,1920,900015,115201920,23520,0.6416666507720947,128,60000,0.2689032554626465,1920,17,2,500000,1000,,60001.0,0.6666666865348816,0.6033604145050049,0.6458333134651184,0.6500748991966248,237,808239535,5,2
61001,1920,915015,117121920,23520,0.6458333134651184,128,61000,0.27268409729003906,1920,17,2,500000,1000,,61001.0,0.6661458611488342,0.6033537983894348,0.643750011920929,0.6502348780632019,241,808239535,5,2
62001,1920,930015,119041920,23520,0.643750011920929,128,62000,0.27663111686706543,1920,17,2,500000,1000,,62001.0,0.6651041507720947,0.6033580899238586,0.643750011920929,0.6504046320915222,245,808239535,5,2
63001,1920,945015,120961920,23520,0.643750011920929,128,63000,0.2806112766265869,1920,17,2,500000,1000,,63001.0,0.6661458611488342,0.6033535003662109,0.643750011920929,0.6500934958457947,249,808239535,5,2
64001,1920,960015,122881920,23520,0.643750011920929,128,64000,0.2854292392730713,1920,17,2,500000,1000,,64001.0,0.6661458611488342,0.6033570766448975,0.643750011920929,0.650088906288147,253,808239535,5,2
65001,1920,975015,124801920,23520,0.643750011920929,128,65000,0.2892024517059326,1920,17,2,500000,1000,,65001.0,0.6661458611488342,0.6033530831336975,0.6395833492279053,0.6502819061279297,257,808239535,5,2
66001,1920,990015,126721920,23520,0.6395833492279053,128,66000,0.2929646968841553,1920,17,2,500000,1000,,66001.0,0.6651041507720947,0.6033532023429871,0.6458333134651184,0.6505002975463867,261,808239535,5,2
67001,1920,1005015,128641920,23520,0.6458333134651184,128,67000,0.296891450881958,1920,17,2,500000,1000,,67001.0,0.6625000238418579,0.6033586859703064,0.6416666507720947,0.6505202054977417,265,808239535,5,2
68001,1920,1020015,130561920,23520,0.6416666507720947,128,68000,0.3008584976196289,1920,17,2,500000,1000,,68001.0,0.6656249761581421,0.6033546924591064,0.6395833492279053,0.6505807042121887,268,808239535,5,2
69001,1920,1035015,132481920,23520,0.6395833492279053,128,69000,0.30462050437927246,1920,17,2,500000,1000,,69001.0,0.6651041507720947,0.603352963924408,0.6458333134651184,0.6503629088401794,272,808239535,5,2
70001,1920,1050015,134401920,23520,0.6458333134651184,128,70000,0.30866456031799316,1920,17,2,500000,1000,,70001.0,0.6640625,0.6033535003662109,0.6458333134651184,0.6502313613891602,276,808239535,5,2
71001,1920,1065015,136321920,23520,0.6458333134651184,128,71000,0.31244945526123047,1920,17,2,500000,1000,,71001.0,0.6651041507720947,0.6033563613891602,0.6416666507720947,0.6501795649528503,280,808239535,5,2
72001,1920,1080015,138241920,23520,0.6416666507720947,128,72000,0.316211462020874,1920,17,2,500000,1000,,72001.0,0.6661458611488342,0.6033527851104736,0.637499988079071,0.6502794623374939,284,808239535,5,2
73001,1920,1095015,140161920,23520,0.637499988079071,128,73000,0.3200235366821289,1920,17,2,500000,1000,,73001.0,0.6656249761581421,0.6033528447151184,0.643750011920929,0.6505762338638306,288,808239535,5,2
74001,1920,1110015,142081920,23520,0.643750011920929,128,74000,0.3237776756286621,1920,17,2,500000,1000,,74001.0,0.6656249761581421,0.6033536195755005,0.643750011920929,0.6505971550941467,292,808239535,5,2
75001,1920,1125015,144001920,23520,0.643750011920929,128,75000,0.3275167942047119,1920,17,2,500000,1000,,75001.0,0.667187511920929,0.603351354598999,0.6416666507720947,0.6501813530921936,295,808239535,5,2
76001,1920,1140015,145921920,23520,0.6416666507720947,128,76000,0.33127498626708984,1920,17,2,500000,1000,,76001.0,0.6640625,0.6033510565757751,0.6458333134651184,0.6502469182014465,299,808239535,5,2
77001,1920,1155015,147841920,23520,0.6458333134651184,128,77000,0.335223913192749,1920,17,2,500000,1000,,77001.0,0.6640625,0.6033536195755005,0.643750011920929,0.6501545310020447,303,808239535,5,2
78001,1920,1170015,149761920,23520,0.643750011920929,128,78000,0.3390519618988037,1920,17,2,500000,1000,,78001.0,0.6651041507720947,0.6033527255058289,0.6395833492279053,0.6506267189979553,307,808239535,5,2
79001,1920,1185015,151681920,23520,0.6395833492279053,128,79000,0.34279704093933105,1920,17,2,500000,1000,,79001.0,0.6656249761581421,0.6033598780632019,0.6395833492279053,0.6504665017127991,311,808239535,5,2
80001,1920,1200015,153601920,23520,0.6395833492279053,128,80000,0.34668898582458496,1920,17,2,500000,1000,,80001.0,0.6630208492279053,0.6033561825752258,0.643750011920929,0.6506802439689636,315,808239535,5,2
81001,1920,1215015,155521920,23520,0.643750011920929,128,81000,0.3504219055175781,1920,17,2,500000,1000,,81001.0,0.6651041507720947,0.6033509373664856,0.643750011920929,0.6503943800926208,319,808239535,5,2
82001,1920,1230015,157441920,23520,0.643750011920929,128,82000,0.3541736602783203,1920,17,2,500000,1000,,82001.0,0.6661458611488342,0.6033475995063782,0.643750011920929,0.650389552116394,322,808239535,5,2
83001,1920,1245015,159361920,23520,0.643750011920929,128,83000,0.35816264152526855,1920,17,2,500000,1000,,83001.0,0.6666666865348816,0.6033544540405273,0.6416666507720947,0.6503791809082031,326,808239535,5,2
84001,1920,1260015,161281920,23520,0.6416666507720947,128,84000,0.36204051971435547,1920,17,2,500000,1000,,84001.0,0.6645833253860474,0.60335773229599,0.6458333134651184,0.6500367522239685,330,808239535,5,2
85001,1920,1275015,163201920,23520,0.6458333134651184,128,85000,0.36614179611206055,1920,17,2,500000,1000,,85001.0,0.6656249761581421,0.6033523678779602,0.6416666507720947,0.6504451632499695,334,808239535,5,2
86001,1920,1290015,165121920,23520,0.6416666507720947,128,86000,0.3699004650115967,1920,17,2,500000,1000,,86001.0,0.6661458611488342,0.6033503413200378,0.643750011920929,0.6504768133163452,338,808239535,5,2
87001,1920,1305015,167041920,23520,0.643750011920929,128,87000,0.37365126609802246,1920,17,2,500000,1000,,87001.0,0.6661458611488342,0.603349506855011,0.6458333134651184,0.6505782604217529,342,808239535,5,2
88001,1920,1320015,168961920,23520,0.6458333134651184,128,88000,0.37743330001831055,1920,17,2,500000,1000,,88001.0,0.6635416746139526,0.6033497452735901,0.6499999761581421,0.6504424214363098,346,808239535,5,2
89001,1920,1335015,170881920,23520,0.6499999761581421,128,89000,0.38118624687194824,1920,17,2,500000,1000,,89001.0,0.6635416746139526,0.6033534407615662,0.643750011920929,0.6502174735069275,350,808239535,5,2
90001,1920,1350015,172801920,23520,0.643750011920929,128,90000,0.384951114654541,1920,17,2,500000,1000,,90001.0,0.6661458611488342,0.6033529043197632,0.6395833492279053,0.6502685546875,353,808239535,5,2
91001,1920,1365015,174721920,23520,0.6395833492279053,128,91000,0.3889000415802002,1920,17,2,500000,1000,,91001.0,0.667187511920929,0.603362500667572,0.6416666507720947,0.6504977941513062,357,808239535,5,2
92001,1920,1380015,176641920,23520,0.6416666507720947,128,92000,0.39267516136169434,1920,17,2,500000,1000,,92001.0,0.6640625,0.6033547520637512,0.637499988079071,0.6503115892410278,361,808239535,5,2
93001,1920,1395015,178561920,23520,0.637499988079071,128,93000,0.3965170383453369,1920,17,2,500000,1000,,93001.0,0.6635416746139526,0.6033515930175781,0.6395833492279053,0.650336503982544,365,808239535,5,2
94001,1920,1410015,180481920,23520,0.6395833492279053,128,94000,0.40028882026672363,1920,17,2,500000,1000,,94001.0,0.6661458611488342,0.6033526659011841,0.6395833492279053,0.6502246260643005,369,808239535,5,2
95001,1920,1425015,182401920,23520,0.6395833492279053,128,95000,0.4042489528656006,1920,17,2,500000,1000,,95001.0,0.6651041507720947,0.6033529043197632,0.643750011920929,0.6504228115081787,373,808239535,5,2
96001,1920,1440015,184321920,23520,0.643750011920929,128,96000,0.40810203552246094,1920,17,2,500000,1000,,96001.0,0.6630208492279053,0.603351354598999,0.6458333134651184,0.650715172290802,377,808239535,5,2
97001,1920,1455015,186241920,23520,0.6458333134651184,128,97000,0.4119298458099365,1920,17,2,500000,1000,,97001.0,0.6666666865348816,0.6033494472503662,0.6458333134651184,0.650683581829071,381,808239535,5,2
98001,1920,1470015,188161920,23520,0.6458333134651184,128,98000,0.4157538414001465,1920,17,2,500000,1000,,98001.0,0.6666666865348816,0.6033477783203125,0.6395833492279053,0.6504352688789368,385,808239535,5,2
99001,1920,1485015,190081920,23520,0.6395833492279053,128,99000,0.4195239543914795,1920,17,2,500000,1000,,99001.0,0.6656249761581421,0.6033516526222229,0.643750011920929,0.650497555732727,389,808239535,5,2
100001,1920,1500015,192001920,23520,0.643750011920929,128,100000,0.4233739376068115,1920,17,2,500000,1000,,100001.0,0.6666666865348816,0.6033504009246826,0.643750011920929,0.6504167318344116,393,808239535,5,2
101001,1920,1515015,193921920,23520,0.643750011920929,128,101000,0.42714881896972656,1920,17,2,500000,1000,,101001.0,0.6666666865348816,0.6033545732498169,0.643750011920929,0.6506329774856567,397,808239535,5,2
102001,1920,1530015,195841920,23520,0.643750011920929,128,102000,0.4310617446899414,1920,17,2,500000,1000,,102001.0,0.6661458611488342,0.6033502221107483,0.6395833492279053,0.6506401300430298,400,808239535,5,2
103001,1920,1545015,197761920,23520,0.6395833492279053,128,103000,0.4348628520965576,1920,17,2,500000,1000,,103001.0,0.6651041507720947,0.6033509969711304,0.637499988079071,0.6503600478172302,404,808239535,5,2
104001,1920,1560015,199681920,23520,0.637499988079071,128,104000,0.4386258125305176,1920,17,2,500000,1000,,104001.0,0.6666666865348816,0.6033555865287781,0.643750011920929,0.6506000757217407,408,808239535,5,2
105001,1920,1575015,201601920,23520,0.643750011920929,128,105000,0.44241881370544434,1920,17,2,500000,1000,,105001.0,0.6666666865348816,0.6033561825752258,0.6395833492279053,0.6504234075546265,412,808239535,5,2
106001,1920,1590015,203521920,23520,0.6395833492279053,128,106000,0.44617486000061035,1920,17,2,500000,1000,,106001.0,0.6666666865348816,0.6033496856689453,0.643750011920929,0.6503470540046692,416,808239535,5,2
107001,1920,1605015,205441920,23520,0.643750011920929,128,107000,0.4499170780181885,1920,17,2,500000,1000,,107001.0,0.6645833253860474,0.6033527255058289,0.6458333134651184,0.6504706144332886,420,808239535,5,2
108001,1920,1620015,207361920,23520,0.6458333134651184,128,108000,0.45369505882263184,1920,17,2,500000,1000,,108001.0,0.6666666865348816,0.6033511757850647,0.6416666507720947,0.6505083441734314,424,808239535,5,2
109001,1920,1635015,209281920,23520,0.6416666507720947,128,109000,0.4575181007385254,1920,17,2,500000,1000,,109001.0,0.6645833253860474,0.6033506393432617,0.6416666507720947,0.6504014134407043,427,808239535,5,2
110001,1920,1650015,211201920,23520,0.6416666507720947,128,110000,0.46129298210144043,1920,17,2,500000,1000,,110001.0,0.6682291626930237,0.6033532023429871,0.643750011920929,0.650665283203125,431,808239535,5,2
111001,1920,1665015,213121920,23520,0.643750011920929,128,111000,0.46506285667419434,1920,17,2,500000,1000,,111001.0,0.6630208492279053,0.603354275226593,0.6458333134651184,0.6504755616188049,435,808239535,5,2
112001,1920,1680015,215041920,23520,0.6458333134651184,128,112000,0.4688727855682373,1920,17,2,500000,1000,,112001.0,0.6656249761581421,0.6033479571342468,0.643750011920929,0.6506866216659546,439,808239535,5,2
113001,1920,1695015,216961920,23520,0.643750011920929,128,113000,0.4726138114929199,1920,17,2,500000,1000,,113001.0,0.6651041507720947,0.6033474206924438,0.6395833492279053,0.6504974961280823,443,808239535,5,2
114001,1920,1710015,218881920,23520,0.6395833492279053,128,114000,0.47636890411376953,1920,17,2,500000,1000,,114001.0,0.6656249761581421,0.6033504009246826,0.6416666507720947,0.6506379246711731,447,808239535,5,2
115001,1920,1725015,220801920,23520,0.6416666507720947,128,115000,0.48013877868652344,1920,17,2,500000,1000,,115001.0,0.6661458611488342,0.603354811668396,0.6458333134651184,0.6507234573364258,451,808239535,5,2
116001,1920,1740015,222721920,23520,0.6458333134651184,128,116000,0.48389673233032227,1920,17,2,500000,1000,,116001.0,0.6635416746139526,0.6033573150634766,0.643750011920929,0.6503981351852417,454,808239535,5,2
117001,1920,1755015,224641920,23520,0.643750011920929,128,117000,0.4876389503479004,1920,17,2,500000,1000,,117001.0,0.6635416746139526,0.6033499240875244,0.6458333134651184,0.6505549550056458,458,808239535,5,2
118001,1920,1770015,226561920,23520,0.6458333134651184,128,118000,0.4913790225982666,1920,17,2,500000,1000,,118001.0,0.6656249761581421,0.6033481359481812,0.643750011920929,0.6504313945770264,462,808239535,5,2
119001,1920,1785015,228481920,23520,0.643750011920929,128,119000,0.4951441287994385,1920,17,2,500000,1000,,119001.0,0.6651041507720947,0.6033555865287781,0.6458333134651184,0.6503283977508545,466,808239535,5,2
120001,1920,1800015,230401920,23520,0.6458333134651184,128,120000,0.4989001750946045,1920,17,2,500000,1000,,120001.0,0.6651041507720947,0.603351891040802,0.6395833492279053,0.6504690051078796,470,808239535,5,2
121001,1920,1815015,232321920,23520,0.6395833492279053,128,121000,0.502683162689209,1920,17,2,500000,1000,,121001.0,0.6635416746139526,0.6033481359481812,0.6416666507720947,0.6504055261611938,474,808239535,5,2
122001,1920,1830015,234241920,23520,0.6416666507720947,128,122000,0.5066580772399902,1920,17,2,500000,1000,,122001.0,0.6645833253860474,0.6033536791801453,0.643750011920929,0.6505559682846069,477,808239535,5,2
123001,1920,1845015,236161920,23520,0.643750011920929,128,123000,0.5104551315307617,1920,17,2,500000,1000,,123001.0,0.6645833253860474,0.6033533811569214,0.643750011920929,0.6503989100456238,481,808239535,5,2
124001,1920,1860015,238081920,23520,0.643750011920929,128,124000,0.5146312713623047,1920,17,2,500000,1000,,124001.0,0.6619791388511658,0.6033533811569214,0.643750011920929,0.6503839492797852,485,808239535,5,2
125001,1920,1875015,240001920,23520,0.643750011920929,128,125000,0.5258402824401855,1920,17,2,500000,1000,,125001.0,0.6645833253860474,0.6033515930175781,0.6395833492279053,0.650261640548706,489,808239535,5,2
126001,1920,1890015,241921920,23520,0.6395833492279053,128,126000,0.5303361415863037,1920,17,2,500000,1000,,126001.0,0.6645833253860474,0.6033491492271423,0.643750011920929,0.6503661870956421,493,808239535,5,2
127001,1920,1905015,243841920,23520,0.643750011920929,128,127000,0.5345480442047119,1920,17,2,500000,1000,,127001.0,0.6645833253860474,0.6033510565757751,0.643750011920929,0.6504420638084412,498,808239535,5,2
128001,1920,1920015,245761920,23520,0.643750011920929,128,128000,0.5389211177825928,1920,17,2,500000,1000,,128001.0,0.6645833253860474,0.60334712266922,0.643750011920929,0.6505641341209412,502,808239535,5,2
129001,1920,1935015,247681920,23520,0.643750011920929,128,129000,0.5426950454711914,1920,17,2,500000,1000,,129001.0,0.6656249761581421,0.6033512949943542,0.643750011920929,0.6504724025726318,506,808239535,5,2
130001,1920,1950015,249601920,23520,0.643750011920929,128,130000,0.5472903251647949,1920,17,2,500000,1000,,130001.0,0.6661458611488342,0.603350043296814,0.643750011920929,0.650518536567688,510,808239535,5,2
131001,1920,1965015,251521920,23520,0.643750011920929,128,131000,0.551199197769165,1920,17,2,500000,1000,,131001.0,0.6651041507720947,0.6033506393432617,0.6416666507720947,0.6506483554840088,514,808239535,5,2
132001,1920,1980015,253441920,23520,0.6416666507720947,128,132000,0.5550041198730469,1920,17,2,500000,1000,,132001.0,0.6625000238418579,0.6033502221107483,0.6458333134651184,0.6507921814918518,518,808239535,5,2
133001,1920,1995015,255361920,23520,0.6458333134651184,128,133000,0.5588669776916504,1920,17,2,500000,1000,,133001.0,0.6661458611488342,0.603350818157196,0.643750011920929,0.6505022048950195,522,808239535,5,2
134001,1920,2010015,257281920,23520,0.643750011920929,128,134000,0.562708854675293,1920,17,2,500000,1000,,134001.0,0.6666666865348816,0.6033506989479065,0.6395833492279053,0.6503167748451233,526,808239535,5,2
135001,1920,2025015,259201920,23520,0.6395833492279053,128,135000,0.5668509006500244,1920,17,2,500000,1000,,135001.0,0.6656249761581421,0.6033528447151184,0.643750011920929,0.6502913236618042,530,808239535,5,2
136001,1920,2040015,261121920,23520,0.643750011920929,128,136000,0.5706429481506348,1920,17,2,500000,1000,,136001.0,0.6661458611488342,0.6033530831336975,0.6458333134651184,0.6503445506095886,534,808239535,5,2
137001,1920,2055015,263041920,23520,0.6458333134651184,128,137000,0.574409008026123,1920,17,2,500000,1000,,137001.0,0.6645833253860474,0.6033530831336975,0.6458333134651184,0.6502663493156433,538,808239535,5,2
138001,1920,2070015,264961920,23520,0.6458333134651184,128,138000,0.578176736831665,1920,17,2,500000,1000,,138001.0,0.6651041507720947,0.6033464074134827,0.643750011920929,0.6503733396530151,542,808239535,5,2
139001,1920,2085015,266881920,23520,0.643750011920929,128,139000,0.5819566249847412,1920,17,2,500000,1000,,139001.0,0.6651041507720947,0.6033531427383423,0.643750011920929,0.6505080461502075,546,808239535,5,2
140001,1920,2100015,268801920,23520,0.643750011920929,128,140000,0.5856976509094238,1920,17,2,500000,1000,,140001.0,0.6661458611488342,0.6033493280410767,0.643750011920929,0.6506335139274597,550,808239535,5,2
141001,1920,2115015,270721920,23520,0.643750011920929,128,141000,0.589486837387085,1920,17,2,500000,1000,,141001.0,0.6666666865348816,0.603350043296814,0.6458333134651184,0.6507032513618469,554,808239535,5,2
142001,1920,2130015,272641920,23520,0.6458333134651184,128,142000,0.5933468341827393,1920,17,2,500000,1000,,142001.0,0.6640625,0.6033512949943542,0.6416666507720947,0.6504993438720703,557,808239535,5,2
143001,1920,2145015,274561920,23520,0.6416666507720947,128,143000,0.5971307754516602,1920,17,2,500000,1000,,143001.0,0.6661458611488342,0.6033480763435364,0.643750011920929,0.6503282189369202,561,808239535,5,2
144001,1920,2160015,276481920,23520,0.643750011920929,128,144000,0.600916862487793,1920,17,2,500000,1000,,144001.0,0.667187511920929,0.6033499836921692,0.6416666507720947,0.6501742005348206,565,808239535,5,2
145001,1920,2175015,278401920,23520,0.6416666507720947,128,145000,0.6046998500823975,1920,17,2,500000,1000,,145001.0,0.6645833253860474,0.6033536791801453,0.6479166746139526,0.6502115726470947,569,808239535,5,2
146001,1920,2190015,280321920,23520,0.6479166746139526,128,146000,0.6085817813873291,1920,17,2,500000,1000,,146001.0,0.6656249761581421,0.6033498048782349,0.6458333134651184,0.6506922245025635,573,808239535,5,2
147001,1920,2205015,282241920,23520,0.6458333134651184,128,147000,0.6135249137878418,1920,17,2,500000,1000,,147001.0,0.667187511920929,0.6033550500869751,0.637499988079071,0.6504347324371338,577,808239535,5,2
148001,1920,2220015,284161920,23520,0.637499988079071,128,148000,0.617286205291748,1920,17,2,500000,1000,,148001.0,0.6661458611488342,0.6033477187156677,0.643750011920929,0.6504571437835693,581,808239535,5,2
149001,1920,2235015,286081920,23520,0.643750011920929,128,149000,0.621044397354126,1920,17,2,500000,1000,,149001.0,0.6635416746139526,0.603354275226593,0.643750011920929,0.6505383849143982,585,808239535,5,2
150001,1920,2250015,288001920,23520,0.643750011920929,128,150000,0.624969482421875,1920,17,2,500000,1000,,150001.0,0.6635416746139526,0.6033517122268677,0.6479166746139526,0.6505019664764404,588,808239535,5,2
151001,1920,2265015,289921920,23520,0.6479166746139526,128,151000,0.629422664642334,1920,17,2,500000,1000,,151001.0,0.6656249761581421,0.6033502817153931,0.643750011920929,0.6505029201507568,592,808239535,5,2
152001,1920,2280015,291841920,23520,0.643750011920929,128,152000,0.6332206726074219,1920,17,2,500000,1000,,152001.0,0.6666666865348816,0.6033509373664856,0.637499988079071,0.6504340767860413,596,808239535,5,2
153001,1920,2295015,293761920,23520,0.637499988079071,128,153000,0.6373605728149414,1920,17,2,500000,1000,,153001.0,0.6656249761581421,0.6033559441566467,0.6395833492279053,0.6503795385360718,600,808239535,5,2
154001,1920,2310015,295681920,23520,0.6395833492279053,128,154000,0.6412756443023682,1920,17,2,500000,1000,,154001.0,0.667187511920929,0.603351354598999,0.6395833492279053,0.6506237387657166,604,808239535,5,2
155001,1920,2325015,297601920,23520,0.6395833492279053,128,155000,0.6450486183166504,1920,17,2,500000,1000,,155001.0,0.6656249761581421,0.6033527255058289,0.6416666507720947,0.6506766676902771,608,808239535,5,2
156001,1920,2340015,299521920,23520,0.6416666507720947,128,156000,0.6488354206085205,1920,17,2,500000,1000,,156001.0,0.6666666865348816,0.6033496856689453,0.637499988079071,0.6505335569381714,612,808239535,5,2
157001,1920,2355015,301441920,23520,0.637499988079071,128,157000,0.6528456211090088,1920,17,2,500000,1000,,157001.0,0.6656249761581421,0.6033520102500916,0.637499988079071,0.6502782106399536,616,808239535,5,2
158001,1920,2370015,303361920,23520,0.637499988079071,128,158000,0.6566166877746582,1920,17,2,500000,1000,,158001.0,0.6651041507720947,0.6033480167388916,0.643750011920929,0.6505438685417175,620,808239535,5,2
159001,1920,2385015,305281920,23520,0.643750011920929,128,159000,0.6603806018829346,1920,17,2,500000,1000,,159001.0,0.6651041507720947,0.6033511757850647,0.6416666507720947,0.6505611538887024,624,808239535,5,2
160001,1920,2400015,307201920,23520,0.6416666507720947,128,160000,0.6642796993255615,1920,17,2,500000,1000,,160001.0,0.6640625,0.6033528447151184,0.643750011920929,0.6504038572311401,628,808239535,5,2
161001,1920,2415015,309121920,23520,0.643750011920929,128,161000,0.66806960105896,1920,17,2,500000,1000,,161001.0,0.6666666865348816,0.6033527255058289,0.643750011920929,0.650344729423523,632,808239535,5,2
162001,1920,2430015,311041920,23520,0.643750011920929,128,162000,0.6720254421234131,1920,17,2,500000,1000,,162001.0,0.6661458611488342,0.6033515334129333,0.643750011920929,0.6502003073692322,636,808239535,5,2
163001,1920,2445015,312961920,23520,0.643750011920929,128,163000,0.6769614219665527,1920,17,2,500000,1000,,163001.0,0.6661458611488342,0.603348970413208,0.643750011920929,0.6505974531173706,640,808239535,5,2
164001,1920,2460015,314881920,23520,0.643750011920929,128,164000,0.6813926696777344,1920,17,2,500000,1000,,164001.0,0.6666666865348816,0.6033497452735901,0.6395833492279053,0.6504938006401062,644,808239535,5,2
165001,1920,2475015,316801920,23520,0.6395833492279053,128,165000,0.6851987838745117,1920,17,2,500000,1000,,165001.0,0.6656249761581421,0.6033477783203125,0.643750011920929,0.6505114436149597,648,808239535,5,2
166001,1920,2490015,318721920,23520,0.643750011920929,128,166000,0.6906208992004395,1920,17,2,500000,1000,,166001.0,0.6661458611488342,0.6033497452735901,0.6416666507720947,0.6506140232086182,652,808239535,5,2
167001,1920,2505015,320641920,23520,0.6416666507720947,128,167000,0.6955807209014893,1920,17,2,500000,1000,,167001.0,0.6666666865348816,0.6033491492271423,0.6416666507720947,0.6506316065788269,656,808239535,5,2
168001,1920,2520015,322561920,23520,0.6416666507720947,128,168000,0.6995999813079834,1920,17,2,500000,1000,,168001.0,0.6651041507720947,0.603349506855011,0.6416666507720947,0.6504141688346863,660,808239535,5,2
169001,1920,2535015,324481920,23520,0.6416666507720947,128,169000,0.7033617496490479,1920,17,2,500000,1000,,169001.0,0.6656249761581421,0.6033491492271423,0.6416666507720947,0.650521457195282,664,808239535,5,2
170001,1920,2550015,326401920,23520,0.6416666507720947,128,170000,0.7076976299285889,1920,17,2,500000,1000,,170001.0,0.6651041507720947,0.6033517122268677,0.6395833492279053,0.6507328152656555,668,808239535,5,2
171001,1920,2565015,328321920,23520,0.6395833492279053,128,171000,0.7119686603546143,1920,17,2,500000,1000,,171001.0,0.6645833253860474,0.603346586227417,0.6458333134651184,0.6505157947540283,673,808239535,5,2
172001,1920,2580015,330241920,23520,0.6458333134651184,128,172000,0.7160317897796631,1920,17,2,500000,1000,,172001.0,0.6640625,0.6033470034599304,0.6458333134651184,0.6503638029098511,677,808239535,5,2
173001,1920,2595015,332161920,23520,0.6458333134651184,128,173000,0.7198495864868164,1920,17,2,500000,1000,,173001.0,0.667187511920929,0.6033534407615662,0.6416666507720947,0.6505060791969299,681,808239535,5,2
174001,1920,2610015,334081920,23520,0.6416666507720947,128,174000,0.7236356735229492,1920,17,2,500000,1000,,174001.0,0.6666666865348816,0.6033493280410767,0.643750011920929,0.6504320502281189,685,808239535,5,2
175001,1920,2625015,336001920,23520,0.643750011920929,128,175000,0.7276816368103027,1920,17,2,500000,1000,,175001.0,0.6661458611488342,0.603354275226593,0.6458333134651184,0.6505387425422668,689,808239535,5,2
176001,1920,2640015,337921920,23520,0.6458333134651184,128,176000,0.7316946983337402,1920,17,2,500000,1000,,176001.0,0.6656249761581421,0.6033487319946289,0.6416666507720947,0.6503703594207764,692,808239535,5,2
177001,1920,2655015,339841920,23520,0.6416666507720947,128,177000,0.7354996204376221,1920,17,2,500000,1000,,177001.0,0.6630208492279053,0.6033501029014587,0.643750011920929,0.6503840088844299,696,808239535,5,2
178001,1920,2670015,341761920,23520,0.643750011920929,128,178000,0.7393054962158203,1920,17,2,500000,1000,,178001.0,0.6666666865348816,0.6033511757850647,0.643750011920929,0.6502044200897217,700,808239535,5,2
179001,1920,2685015,343681920,23520,0.643750011920929,128,179000,0.74306321144104,1920,17,2,500000,1000,,179001.0,0.6656249761581421,0.6033498644828796,0.643750011920929,0.6505717039108276,704,808239535,5,2
180001,1920,2700015,345601920,23520,0.643750011920929,128,180000,0.7468352317810059,1920,17,2,500000,1000,,180001.0,0.6661458611488342,0.6033527255058289,0.6458333134651184,0.6504822373390198,708,808239535,5,2
181001,1920,2715015,347521920,23520,0.6458333134651184,128,181000,0.7506811618804932,1920,17,2,500000,1000,,181001.0,0.6635416746139526,0.6033488512039185,0.6395833492279053,0.650307834148407,712,808239535,5,2
182001,1920,2730015,349441920,23520,0.6395833492279053,128,182000,0.7545642852783203,1920,17,2,500000,1000,,182001.0,0.6666666865348816,0.6033515334129333,0.643750011920929,0.650638997554779,716,808239535,5,2
183001,1920,2745015,351361920,23520,0.643750011920929,128,183000,0.7584080696105957,1920,17,2,500000,1000,,183001.0,0.6661458611488342,0.6033477783203125,0.6395833492279053,0.6501088738441467,720,808239535,5,2
184001,1920,2760015,353281920,23520,0.6395833492279053,128,184000,0.7663581371307373,1920,17,2,500000,1000,,184001.0,0.6661458611488342,0.6033564209938049,0.643750011920929,0.6501625180244446,724,808239535,5,2
185001,1920,2775015,355201920,23520,0.643750011920929,128,185000,0.7709391117095947,1920,17,2,500000,1000,,185001.0,0.6666666865348816,0.6033523678779602,0.643750011920929,0.6506299376487732,728,808239535,5,2
186001,1920,2790015,357121920,23520,0.643750011920929,128,186000,0.7750682830810547,1920,17,2,500000,1000,,186001.0,0.667187511920929,0.6033497452735901,0.643750011920929,0.650516927242279,732,808239535,5,2
187001,1920,2805015,359041920,23520,0.643750011920929,128,187000,0.7788553237915039,1920,17,2,500000,1000,,187001.0,0.6656249761581421,0.6033477187156677,0.6395833492279053,0.650071918964386,737,808239535,5,2
188001,1920,2820015,360961920,23520,0.6395833492279053,128,188000,0.7827951908111572,1920,17,2,500000,1000,,188001.0,0.6656249761581421,0.6033511757850647,0.6458333134651184,0.6504689455032349,741,808239535,5,2
189001,1920,2835015,362881920,23520,0.6458333134651184,128,189000,0.78662109375,1920,17,2,500000,1000,,189001.0,0.6651041507720947,0.6033509373664856,0.637499988079071,0.6503517031669617,745,808239535,5,2
190001,1920,2850015,364801920,23520,0.637499988079071,128,190000,0.7904691696166992,1920,17,2,500000,1000,,190001.0,0.6630208492279053,0.6033517718315125,0.6479166746139526,0.6503762006759644,749,808239535,5,2
191001,1920,2865015,366721920,23520,0.6479166746139526,128,191000,0.7942869663238525,1920,17,2,500000,1000,,191001.0,0.6656249761581421,0.6033459901809692,0.6416666507720947,0.6503450274467468,753,808239535,5,2
192001,1920,2880015,368641920,23520,0.6416666507720947,128,192000,0.798065185546875,1920,17,2,500000,1000,,192001.0,0.6645833253860474,0.6033481955528259,0.643750011920929,0.6503374576568604,757,808239535,5,2
193001,1920,2895015,370561920,23520,0.643750011920929,128,193000,0.801835298538208,1920,17,2,500000,1000,,193001.0,0.6656249761581421,0.6033489108085632,0.643750011920929,0.6502412557601929,761,808239535,5,2
194001,1920,2910015,372481920,23520,0.643750011920929,128,194000,0.8056643009185791,1920,17,2,500000,1000,,194001.0,0.6666666865348816,0.6033511757850647,0.6416666507720947,0.6505044102668762,765,808239535,5,2
195001,1920,2925015,374401920,23520,0.6416666507720947,128,195000,0.8095321655273438,1920,17,2,500000,1000,,195001.0,0.6666666865348816,0.6033514738082886,0.643750011920929,0.6502701044082642,769,808239535,5,2
196001,1920,2940015,376321920,23520,0.643750011920929,128,196000,0.8132860660552979,1920,17,2,500000,1000,,196001.0,0.6666666865348816,0.6033504605293274,0.6458333134651184,0.6508080363273621,772,808239535,5,2
197001,1920,2955015,378241920,23520,0.6458333134651184,128,197000,0.8170909881591797,1920,17,2,500000,1000,,197001.0,0.6661458611488342,0.6033523082733154,0.643750011920929,0.6506927609443665,776,808239535,5,2
198001,1920,2970015,380161920,23520,0.643750011920929,128,198000,0.8208551406860352,1920,17,2,500000,1000,,198001.0,0.6630208492279053,0.6033515334129333,0.6416666507720947,0.6504123210906982,780,808239535,5,2
199001,1920,2985015,382081920,23520,0.6416666507720947,128,199000,0.8248310089111328,1920,17,2,500000,1000,,199001.0,0.6656249761581421,0.6033483743667603,0.643750011920929,0.6505067944526672,784,808239535,5,2
200001,1920,3000015,384001920,23520,0.643750011920929,128,200000,0.8285877704620361,1920,17,2,500000,1000,,200001.0,0.6661458611488342,0.6033525466918945,0.6416666507720947,0.650558590888977,788,808239535,5,2
201001,1920,3015015,385921920,23520,0.6416666507720947,128,201000,0.8324737548828125,1920,17,2,500000,1000,,201001.0,0.6656249761581421,0.6033528447151184,0.6395833492279053,0.6507302522659302,792,808239535,5,2
202001,1920,3030015,387841920,23520,0.6395833492279053,128,202000,0.83626389503479,1920,17,2,500000,1000,,202001.0,0.6656249761581421,0.6033517122268677,0.6458333134651184,0.6506066918373108,796,808239535,5,2
203001,1920,3045015,389761920,23520,0.6458333134651184,128,203000,0.8401069641113281,1920,17,2,500000,1000,,203001.0,0.6666666865348816,0.6033494472503662,0.6416666507720947,0.650536298751831,800,808239535,5,2
204001,1920,3060015,391681920,23520,0.6416666507720947,128,204000,0.8439669609069824,1920,17,2,500000,1000,,204001.0,0.6666666865348816,0.6033533811569214,0.6458333134651184,0.6503384113311768,804,808239535,5,2
205001,1920,3075015,393601920,23520,0.6458333134651184,128,205000,0.8480432033538818,1920,17,2,500000,1000,,205001.0,0.6661458611488342,0.6033524870872498,0.6416666507720947,0.6504974365234375,808,808239535,5,2
206001,1920,3090015,395521920,23520,0.6416666507720947,128,206000,0.8518249988555908,1920,17,2,500000,1000,,206001.0,0.6645833253860474,0.6033483147621155,0.6479166746139526,0.6505581736564636,812,808239535,5,2
207001,1920,3105015,397441920,23520,0.6479166746139526,128,207000,0.8555920124053955,1920,17,2,500000,1000,,207001.0,0.6656249761581421,0.6033521890640259,0.6458333134651184,0.6503650546073914,816,808239535,5,2
208001,1920,3120015,399361920,23520,0.6458333134651184,128,208000,0.8593387603759766,1920,17,2,500000,1000,,208001.0,0.667187511920929,0.6033551692962646,0.643750011920929,0.6503652334213257,820,808239535,5,2
209001,1920,3135015,401281920,23520,0.643750011920929,128,209000,0.8631086349487305,1920,17,2,500000,1000,,209001.0,0.6656249761581421,0.6033540964126587,0.643750011920929,0.6505718231201172,824,808239535,5,2
210001,1920,3150015,403201920,23520,0.643750011920929,128,210000,0.867011547088623,1920,17,2,500000,1000,,210001.0,0.6630208492279053,0.6033504009246826,0.6458333134651184,0.6504231095314026,827,808239535,5,2
211001,1920,3165015,405121920,23520,0.6458333134651184,128,211000,0.870849609375,1920,17,2,500000,1000,,211001.0,0.6666666865348816,0.6033493876457214,0.643750011920929,0.6506191492080688,831,808239535,5,2
212001,1920,3180015,407041920,23520,0.643750011920929,128,212000,0.8746774196624756,1920,17,2,500000,1000,,212001.0,0.6645833253860474,0.6033534407615662,0.6416666507720947,0.6505706310272217,835,808239535,5,2
213001,1920,3195015,408961920,23520,0.6416666507720947,128,213000,0.8784534931182861,1920,17,2,500000,1000,,213001.0,0.6635416746139526,0.6033522486686707,0.6479166746139526,0.6508148908615112,839,808239535,5,2
214001,1920,3210015,410881920,23520,0.6479166746139526,128,214000,0.8822376728057861,1920,17,2,500000,1000,,214001.0,0.6656249761581421,0.603348433971405,0.6416666507720947,0.6503012776374817,843,808239535,5,2
215001,1920,3225015,412801920,23520,0.6416666507720947,128,215000,0.886040449142456,1920,17,2,500000,1000,,215001.0,0.6661458611488342,0.6033483147621155,0.643750011920929,0.6504718065261841,847,808239535,5,2
216001,1920,3240015,414721920,23520,0.643750011920929,128,216000,0.889939546585083,1920,17,2,500000,1000,,216001.0,0.6645833253860474,0.6033511757850647,0.6416666507720947,0.6504418253898621,851,808239535,5,2
217001,1920,3255015,416641920,23520,0.6416666507720947,128,217000,0.8948447704315186,1920,17,2,500000,1000,,217001.0,0.6651041507720947,0.6033514738082886,0.643750011920929,0.650485634803772,855,808239535,5,2
218001,1920,3270015,418561920,23520,0.643750011920929,128,218000,0.8986837863922119,1920,17,2,500000,1000,,218001.0,0.6630208492279053,0.6033503413200378,0.643750011920929,0.6505420207977295,859,808239535,5,2
219001,1920,3285015,420481920,23520,0.643750011920929,128,219000,0.9024848937988281,1920,17,2,500000,1000,,219001.0,0.6661458611488342,0.6033543348312378,0.637499988079071,0.6506500840187073,863,808239535,5,2
220001,1920,3300015,422401920,23520,0.637499988079071,128,220000,0.9063177108764648,1920,17,2,500000,1000,,220001.0,0.6661458611488342,0.6033512949943542,0.643750011920929,0.650263786315918,867,808239535,5,2
221001,1920,3315015,424321920,23520,0.643750011920929,128,221000,0.9100756645202637,1920,17,2,500000,1000,,221001.0,0.667187511920929,0.6033559441566467,0.637499988079071,0.650256335735321,871,808239535,5,2
222001,1920,3330015,426241920,23520,0.637499988079071,128,222000,0.913982629776001,1920,17,2,500000,1000,,222001.0,0.6630208492279053,0.6033523678779602,0.643750011920929,0.6504687070846558,875,808239535,5,2
223001,1920,3345015,428161920,23520,0.643750011920929,128,223000,0.9178214073181152,1920,17,2,500000,1000,,223001.0,0.6645833253860474,0.6033556461334229,0.637499988079071,0.6505259275436401,879,808239535,5,2
224001,1920,3360015,430081920,23520,0.637499988079071,128,224000,0.9216823577880859,1920,17,2,500000,1000,,224001.0,0.6645833253860474,0.6033501029014587,0.6458333134651184,0.6503045558929443,883,808239535,5,2
225001,1920,3375015,432001920,23520,0.6458333134651184,128,225000,0.9263575077056885,1920,17,2,500000,1000,,225001.0,0.6635416746139526,0.603351354598999,0.6458333134651184,0.6504945755004883,887,808239535,5,2
226001,1920,3390015,433921920,23520,0.6458333134651184,128,226000,0.9301385879516602,1920,17,2,500000,1000,,226001.0,0.6635416746139526,0.6033514142036438,0.6458333134651184,0.6507212519645691,891,808239535,5,2
227001,1920,3405015,435841920,23520,0.6458333134651184,128,227000,0.9338924884796143,1920,17,2,500000,1000,,227001.0,0.6661458611488342,0.6033473610877991,0.643750011920929,0.6504443883895874,895,808239535,5,2
228001,1920,3420015,437761920,23520,0.643750011920929,128,228000,0.937727689743042,1920,17,2,500000,1000,,228001.0,0.6661458611488342,0.603349506855011,0.643750011920929,0.6505529284477234,899,808239535,5,2
229001,1920,3435015,439681920,23520,0.643750011920929,128,229000,0.9414758682250977,1920,17,2,500000,1000,,229001.0,0.6656249761581421,0.6033515334129333,0.643750011920929,0.650393545627594,903,808239535,5,2
230001,1920,3450015,441601920,23520,0.643750011920929,128,230000,0.9452228546142578,1920,17,2,500000,1000,,230001.0,0.6656249761581421,0.6033531427383423,0.643750011920929,0.6503778696060181,907,808239535,5,2
231001,1920,3465015,443521920,23520,0.643750011920929,128,231000,0.9489846229553223,1920,17,2,500000,1000,,231001.0,0.6619791388511658,0.6033518314361572,0.6458333134651184,0.6505239009857178,910,808239535,5,2
232001,1920,3480015,445441920,23520,0.6458333134651184,128,232000,0.9533376693725586,1920,17,2,500000,1000,,232001.0,0.6640625,0.6033480167388916,0.6458333134651184,0.6506319046020508,914,808239535,5,2
233001,1920,3495015,447361920,23520,0.6458333134651184,128,233000,0.9570906162261963,1920,17,2,500000,1000,,233001.0,0.6635416746139526,0.6033480167388916,0.6458333134651184,0.6504307985305786,918,808239535,5,2
234001,1920,3510015,449281920,23520,0.6458333134651184,128,234000,0.9609417915344238,1920,17,2,500000,1000,,234001.0,0.6661458611488342,0.6033470034599304,0.6395833492279053,0.6503398418426514,922,808239535,5,2
235001,1920,3525015,451201920,23520,0.6395833492279053,128,235000,0.9647059440612793,1920,17,2,500000,1000,,235001.0,0.6640625,0.6033495664596558,0.6458333134651184,0.6502161622047424,926,808239535,5,2
236001,1920,3540015,453121920,23520,0.6458333134651184,128,236000,0.9684560298919678,1920,17,2,500000,1000,,236001.0,0.6651041507720947,0.6033514142036438,0.6458333134651184,0.6506479978561401,930,808239535,5,2
237001,1920,3555015,455041920,23520,0.6458333134651184,128,237000,0.9722411632537842,1920,17,2,500000,1000,,237001.0,0.6656249761581421,0.6033503413200378,0.6416666507720947,0.6503986716270447,934,808239535,5,2
238001,1920,3570015,456961920,23520,0.6416666507720947,128,238000,0.9759984016418457,1920,17,2,500000,1000,,238001.0,0.6645833253860474,0.6033492684364319,0.6458333134651184,0.6504850387573242,938,808239535,5,2
239001,1920,3585015,458881920,23520,0.6458333134651184,128,239000,0.9797534942626953,1920,17,2,500000,1000,,239001.0,0.6640625,0.6033481955528259,0.643750011920929,0.6505984663963318,941,808239535,5,2
240001,1920,3600015,460801920,23520,0.643750011920929,128,240000,0.9835233688354492,1920,17,2,500000,1000,,240001.0,0.6640625,0.6033532619476318,0.6416666507720947,0.6505971550941467,945,808239535,5,2
241001,1920,3615015,462721920,23520,0.6416666507720947,128,241000,0.9878296852111816,1920,17,2,500000,1000,,241001.0,0.6661458611488342,0.6033486723899841,0.643750011920929,0.6504501700401306,949,808239535,5,2
242001,1920,3630015,464641920,23520,0.643750011920929,128,242000,0.9917364120483398,1920,17,2,500000,1000,,242001.0,0.6645833253860474,0.6033474206924438,0.6458333134651184,0.6504217982292175,953,808239535,5,2
243001,1920,3645015,466561920,23520,0.6458333134651184,128,243000,0.9955096244812012,1920,17,2,500000,1000,,243001.0,0.6645833253860474,0.6033520102500916,0.6479166746139526,0.6506175994873047,957,808239535,5,2
244001,1920,3660015,468481920,23520,0.6479166746139526,128,244000,0.9992778301239014,1920,17,2,500000,1000,,244001.0,0.6661458611488342,0.6033486723899841,0.6458333134651184,0.6505357027053833,961,808239535,5,2
245001,1920,3675015,470401920,23520,0.6458333134651184,128,245000,1.003114938735962,1920,17,2,500000,1000,,245001.0,0.6651041507720947,0.603352427482605,0.6416666507720947,0.6504215598106384,965,808239535,5,2
246001,1920,3690015,472321920,23520,0.6416666507720947,128,246000,1.0069317817687988,1920,17,2,500000,1000,,246001.0,0.6666666865348816,0.6033477187156677,0.643750011920929,0.6503574252128601,968,808239535,5,2
247001,1920,3705015,474241920,23520,0.643750011920929,128,247000,1.0106837749481201,1920,17,2,500000,1000,,247001.0,0.6666666865348816,0.6033506393432617,0.637499988079071,0.6504451632499695,972,808239535,5,2
248001,1920,3720015,476161920,23520,0.637499988079071,128,248000,1.0146958827972412,1920,17,2,500000,1000,,248001.0,0.6661458611488342,0.6033511757850647,0.643750011920929,0.650663435459137,976,808239535,5,2
249001,1920,3735015,478081920,23520,0.643750011920929,128,249000,1.0184838771820068,1920,17,2,500000,1000,,249001.0,0.6651041507720947,0.6033506393432617,0.6395833492279053,0.6504517197608948,980,808239535,5,2
250001,1920,3750015,480001920,23520,0.6395833492279053,128,250000,1.022230625152588,1920,17,2,500000,1000,,250001.0,0.6640625,0.6033497452735901,0.6458333134651184,0.6503704190254211,984,808239535,5,2
251001,1920,3765015,481921920,23520,0.6458333134651184,128,251000,1.0260207653045654,1920,17,2,500000,1000,,251001.0,0.6661458611488342,0.6033543944358826,0.643750011920929,0.650549590587616,988,808239535,5,2
252001,1920,3780015,483841920,23520,0.643750011920929,128,252000,1.03076171875,1920,17,2,500000,1000,,252001.0,0.6666666865348816,0.6033512949943542,0.643750011920929,0.6501823663711548,992,808239535,5,2
253001,1920,3795015,485761920,23520,0.643750011920929,128,253000,1.0346546173095703,1920,17,2,500000,1000,,253001.0,0.6656249761581421,0.6033525466918945,0.6416666507720947,0.6503012776374817,996,808239535,5,2
254001,1920,3810015,487681920,23520,0.6416666507720947,128,254000,1.0383925437927246,1920,17,2,500000,1000,,254001.0,0.6651041507720947,0.6033479571342468,0.643750011920929,0.6507237553596497,1000,808239535,5,2
255001,1920,3825015,489601920,23520,0.643750011920929,128,255000,1.0421905517578125,1920,17,2,500000,1000,,255001.0,0.6630208492279053,0.603351354598999,0.6458333134651184,0.6508036851882935,1004,808239535,5,2
256001,1920,3840015,491521920,23520,0.6458333134651184,128,256000,1.0459926128387451,1920,17,2,500000,1000,,256001.0,0.6666666865348816,0.6033501029014587,0.643750011920929,0.6505275368690491,1008,808239535,5,2
257001,1920,3855015,493441920,23520,0.643750011920929,128,257000,1.0497546195983887,1920,17,2,500000,1000,,257001.0,0.6661458611488342,0.6033475995063782,0.643750011920929,0.6503472924232483,1012,808239535,5,2
258001,1920,3870015,495361920,23520,0.643750011920929,128,258000,1.0535213947296143,1920,17,2,500000,1000,,258001.0,0.6640625,0.6033492684364319,0.643750011920929,0.6503502726554871,1016,808239535,5,2
259001,1920,3885015,497281920,23520,0.643750011920929,128,259000,1.0573451519012451,1920,17,2,500000,1000,,259001.0,0.6656249761581421,0.6033504605293274,0.6458333134651184,0.6506907343864441,1019,808239535,5,2
260001,1920,3900015,499201920,23520,0.6458333134651184,128,260000,1.0611512660980225,1920,17,2,500000,1000,,260001.0,0.6661458611488342,0.6033496856689453,0.6416666507720947,0.6505820751190186,1023,808239535,5,2
261001,1920,3915015,501121920,23520,0.6416666507720947,128,261000,1.064955472946167,1920,17,2,500000,1000,,261001.0,0.6640625,0.6033519506454468,0.6479166746139526,0.6505401730537415,1027,808239535,5,2
262001,1920,3930015,503041920,23520,0.6479166746139526,128,262000,1.068725347518921,1920,17,2,500000,1000,,262001.0,0.667187511920929,0.6033565998077393,0.6416666507720947,0.6506767868995667,1031,808239535,5,2
263001,1920,3945015,504961920,23520,0.6416666507720947,128,263000,1.072676420211792,1920,17,2,500000,1000,,263001.0,0.6661458611488342,0.6033510565757751,0.643750011920929,0.6505950093269348,1035,808239535,5,2
264001,1920,3960015,506881920,23520,0.643750011920929,128,264000,1.0765273571014404,1920,17,2,500000,1000,,264001.0,0.6656249761581421,0.6033524870872498,0.6395833492279053,0.6506925821304321,1039,808239535,5,2
265001,1920,3975015,508801920,23520,0.6395833492279053,128,265000,1.0803003311157227,1920,17,2,500000,1000,,265001.0,0.6656249761581421,0.6033527255058289,0.643750011920929,0.650668203830719,1043,808239535,5,2
266001,1920,3990015,510721920,23520,0.643750011920929,128,266000,1.088353157043457,1920,17,2,500000,1000,,266001.0,0.6666666865348816,0.6033519506454468,0.637499988079071,0.6504358053207397,1047,808239535,5,2
267001,1920,4005015,512641920,23520,0.637499988079071,128,267000,1.0922210216522217,1920,17,2,500000,1000,,267001.0,0.6656249761581421,0.6033522486686707,0.6395833492279053,0.6504016518592834,1051,808239535,5,2
268001,1920,4020015,514561920,23520,0.6395833492279053,128,268000,1.0960991382598877,1920,17,2,500000,1000,,268001.0,0.6630208492279053,0.6033493280410767,0.6416666507720947,0.6504256129264832,1055,808239535,5,2
269001,1920,4035015,516481920,23520,0.6416666507720947,128,269000,1.1007988452911377,1920,17,2,500000,1000,,269001.0,0.6656249761581421,0.6033503413200378,0.643750011920929,0.6505470871925354,1059,808239535,5,2
270001,1920,4050015,518401920,23520,0.643750011920929,128,270000,1.1045558452606201,1920,17,2,500000,1000,,270001.0,0.6661458611488342,0.6033512353897095,0.637499988079071,0.6502653956413269,1063,808239535,5,2
271001,1920,4065015,520321920,23520,0.637499988079071,128,271000,1.108339786529541,1920,17,2,500000,1000,,271001.0,0.667187511920929,0.6033509969711304,0.6395833492279053,0.6507311463356018,1067,808239535,5,2
272001,1920,4080015,522241920,23520,0.6395833492279053,128,272000,1.1121330261230469,1920,17,2,500000,1000,,272001.0,0.6635416746139526,0.6033474206924438,0.6458333134651184,0.6505110263824463,1071,808239535,5,2
273001,1920,4095015,524161920,23520,0.6458333134651184,128,273000,1.1159327030181885,1920,17,2,500000,1000,,273001.0,0.6651041507720947,0.6033522486686707,0.6479166746139526,0.6503756642341614,1075,808239535,5,2
274001,1920,4110015,526081920,23520,0.6479166746139526,128,274000,1.1204965114593506,1920,17,2,500000,1000,,274001.0,0.6645833253860474,0.6033536791801453,0.6395833492279053,0.6506502628326416,1079,808239535,5,2
275001,1920,4125015,528001920,23520,0.6395833492279053,128,275000,1.1243162155151367,1920,17,2,500000,1000,,275001.0,0.6651041507720947,0.6033555865287781,0.6479166746139526,0.6505357027053833,1083,808239535,5,2
276001,1920,4140015,529921920,23520,0.6479166746139526,128,276000,1.1288032531738281,1920,17,2,500000,1000,,276001.0,0.6656249761581421,0.603347659111023,0.643750011920929,0.6503554582595825,1087,808239535,5,2
277001,1920,4155015,531841920,23520,0.643750011920929,128,277000,1.1327769756317139,1920,17,2,500000,1000,,277001.0,0.667187511920929,0.6033511757850647,0.6458333134651184,0.6503626704216003,1091,808239535,5,2
278001,1920,4170015,533761920,23520,0.6458333134651184,128,278000,1.1372499465942383,1920,17,2,500000,1000,,278001.0,0.6645833253860474,0.6033664345741272,0.643750011920929,0.6508843302726746,1095,808239535,5,2
279001,1920,4185015,535681920,23520,0.643750011920929,128,279000,1.1410439014434814,1920,17,2,500000,1000,,279001.0,0.6656249761581421,0.6033512353897095,0.643750011920929,0.6505649089813232,1099,808239535,5,2
280001,1920,4200015,537601920,23520,0.643750011920929,128,280000,1.1453609466552734,1920,17,2,500000,1000,,280001.0,0.6666666865348816,0.6033518314361572,0.6395833492279053,0.6505556702613831,1104,808239535,5,2
281001,1920,4215015,539521920,23520,0.6395833492279053,128,281000,1.1492478847503662,1920,17,2,500000,1000,,281001.0,0.6661458611488342,0.6033509373664856,0.637499988079071,0.6504532098770142,1108,808239535,5,2
282001,1920,4230015,541441920,23520,0.637499988079071,128,282000,1.1530439853668213,1920,17,2,500000,1000,,282001.0,0.6661458611488342,0.6033526659011841,0.6395833492279053,0.6505075097084045,1112,808239535,5,2
283001,1920,4245015,543361920,23520,0.6395833492279053,128,283000,1.1569831371307373,1920,17,2,500000,1000,,283001.0,0.6661458611488342,0.6033494472503662,0.643750011920929,0.650519073009491,1116,808239535,5,2
284001,1920,4260015,545281920,23520,0.643750011920929,128,284000,1.1608681678771973,1920,17,2,500000,1000,,284001.0,0.6656249761581421,0.6033523678779602,0.6458333134651184,0.650501012802124,1120,808239535,5,2
285001,1920,4275015,547201920,23520,0.6458333134651184,128,285000,1.1648740768432617,1920,17,2,500000,1000,,285001.0,0.6656249761581421,0.6033498048782349,0.6416666507720947,0.6505028605461121,1124,808239535,5,2
286001,1920,4290015,549121920,23520,0.6416666507720947,128,286000,1.1691012382507324,1920,17,2,500000,1000,,286001.0,0.6677083373069763,0.603351354598999,0.6395833492279053,0.6504459381103516,1128,808239535,5,2
287001,1920,4305015,551041920,23520,0.6395833492279053,128,287000,1.1730802059173584,1920,17,2,500000,1000,,287001.0,0.6666666865348816,0.6033487319946289,0.6416666507720947,0.650479257106781,1132,808239535,5,2
288001,1920,4320015,552961920,23520,0.6416666507720947,128,288000,1.1771399974822998,1920,17,2,500000,1000,,288001.0,0.6635416746139526,0.60335373878479,0.6458333134651184,0.650364100933075,1136,808239535,5,2
289001,1920,4335015,554881920,23520,0.6458333134651184,128,289000,1.180891990661621,1920,17,2,500000,1000,,289001.0,0.6656249761581421,0.6033486127853394,0.6395833492279053,0.6503238081932068,1139,808239535,5,2
290001,1920,4350015,556801920,23520,0.6395833492279053,128,290000,1.1847209930419922,1920,17,2,500000,1000,,290001.0,0.6656249761581421,0.6033499240875244,0.637499988079071,0.650262176990509,1143,808239535,5,2
291001,1920,4365015,558721920,23520,0.637499988079071,128,291000,1.1890318393707275,1920,17,2,500000,1000,,291001.0,0.6661458611488342,0.6033508777618408,0.643750011920929,0.6504456996917725,1147,808239535,5,2
292001,1920,4380015,560641920,23520,0.643750011920929,128,292000,1.194154977798462,1920,17,2,500000,1000,,292001.0,0.667187511920929,0.6033472418785095,0.6416666507720947,0.6503891348838806,1151,808239535,5,2
293001,1920,4395015,562561920,23520,0.6416666507720947,128,293000,1.1979851722717285,1920,17,2,500000,1000,,293001.0,0.6666666865348816,0.6033499836921692,0.643750011920929,0.6504794955253601,1155,808239535,5,2
294001,1920,4410015,564481920,23520,0.643750011920929,128,294000,1.2018640041351318,1920,17,2,500000,1000,,294001.0,0.6645833253860474,0.6033503413200378,0.637499988079071,0.6504949927330017,1159,808239535,5,2
295001,1920,4425015,566401920,23520,0.637499988079071,128,295000,1.2057719230651855,1920,17,2,500000,1000,,295001.0,0.6661458611488342,0.603350043296814,0.6395833492279053,0.6503101587295532,1163,808239535,5,2
296001,1920,4440015,568321920,23520,0.6395833492279053,128,296000,1.2096498012542725,1920,17,2,500000,1000,,296001.0,0.6635416746139526,0.6033508777618408,0.6395833492279053,0.6504751443862915,1167,808239535,5,2
297001,1920,4455015,570241920,23520,0.6395833492279053,128,297000,1.2134449481964111,1920,17,2,500000,1000,,297001.0,0.6651041507720947,0.6033523678779602,0.643750011920929,0.650624692440033,1171,808239535,5,2
298001,1920,4470015,572161920,23520,0.643750011920929,128,298000,1.2171809673309326,1920,17,2,500000,1000,,298001.0,0.6666666865348816,0.6033571362495422,0.637499988079071,0.6504676342010498,1175,808239535,5,2
299001,1920,4485015,574081920,23520,0.637499988079071,128,299000,1.2216238975524902,1920,17,2,500000,1000,,299001.0,0.6630208492279053,0.6033527851104736,0.6458333134651184,0.6505171060562134,1179,808239535,5,2
300001,1920,4500015,576001920,23520,0.6458333134651184,128,300000,1.225445032119751,1920,17,2,500000,1000,,300001.0,0.6640625,0.6033528447151184,0.6458333134651184,0.6506947875022888,1183,808239535,5,2
301001,1920,4515015,577921920,23520,0.6458333134651184,128,301000,1.2295558452606201,1920,17,2,500000,1000,,301001.0,0.6651041507720947,0.6033535599708557,0.643750011920929,0.6508129239082336,1187,808239535,5,2
302001,1920,4530015,579841920,23520,0.643750011920929,128,302000,1.2333528995513916,1920,17,2,500000,1000,,302001.0,0.6656249761581421,0.6033506393432617,0.643750011920929,0.6507970690727234,1191,808239535,5,2
303001,1920,4545015,581761920,23520,0.643750011920929,128,303000,1.2371268272399902,1920,17,2,500000,1000,,303001.0,0.6640625,0.6033519506454468,0.6458333134651184,0.6505010724067688,1195,808239535,5,2
304001,1920,4560015,583681920,23520,0.6458333134651184,128,304000,1.2409117221832275,1920,17,2,500000,1000,,304001.0,0.6656249761581421,0.6033501029014587,0.6458333134651184,0.650563657283783,1199,808239535,5,2
305001,1920,4575015,585601920,23520,0.6458333134651184,128,305000,1.2446589469909668,1920,17,2,500000,1000,,305001.0,0.6651041507720947,0.6033492684364319,0.637499988079071,0.6505786776542664,1203,808239535,5,2
306001,1920,4590015,587521920,23520,0.637499988079071,128,306000,1.2487165927886963,1920,17,2,500000,1000,,306001.0,0.6661458611488342,0.6033496260643005,0.643750011920929,0.6507103443145752,1207,808239535,5,2
307001,1920,4605015,589441920,23520,0.643750011920929,128,307000,1.2527406215667725,1920,17,2,500000,1000,,307001.0,0.6666666865348816,0.6033488512039185,0.643750011920929,0.6506467461585999,1211,808239535,5,2
308001,1920,4620015,591361920,23520,0.643750011920929,128,308000,1.256565809249878,1920,17,2,500000,1000,,308001.0,0.667187511920929,0.6033511757850647,0.643750011920929,0.6507146954536438,1215,808239535,5,2
309001,1920,4635015,593281920,23520,0.643750011920929,128,309000,1.2603518962860107,1920,17,2,500000,1000,,309001.0,0.6656249761581421,0.6033478379249573,0.643750011920929,0.6504684686660767,1219,808239535,5,2
310001,1920,4650015,595201920,23520,0.643750011920929,128,310000,1.2640876770019531,1920,17,2,500000,1000,,310001.0,0.6661458611488342,0.6033517718315125,0.643750011920929,0.6506640315055847,1223,808239535,5,2
311001,1920,4665015,597121920,23520,0.643750011920929,128,311000,1.26784086227417,1920,17,2,500000,1000,,311001.0,0.6656249761581421,0.6033496260643005,0.643750011920929,0.6506922245025635,1227,808239535,5,2
312001,1920,4680015,599041920,23520,0.643750011920929,128,312000,1.271634817123413,1920,17,2,500000,1000,,312001.0,0.6630208492279053,0.6033567190170288,0.643750011920929,0.6506102085113525,1231,808239535,5,2
313001,1920,4695015,600961920,23520,0.643750011920929,128,313000,1.2774829864501953,1920,17,2,500000,1000,,313001.0,0.6645833253860474,0.6033533215522766,0.6479166746139526,0.650526225566864,1235,808239535,5,2
314001,1920,4710015,602881920,23520,0.6479166746139526,128,314000,1.281348705291748,1920,17,2,500000,1000,,314001.0,0.6645833253860474,0.6033499836921692,0.6479166746139526,0.6505725979804993,1239,808239535,5,2
315001,1920,4725015,604801920,23520,0.6479166746139526,128,315000,1.2851378917694092,1920,17,2,500000,1000,,315001.0,0.6651041507720947,0.603356659412384,0.6479166746139526,0.6509400606155396,1243,808239535,5,2
316001,1920,4740015,606721920,23520,0.6479166746139526,128,316000,1.2892742156982422,1920,17,2,500000,1000,,316001.0,0.6625000238418579,0.6033501029014587,0.6458333134651184,0.6505962610244751,1247,808239535,5,2
317001,1920,4755015,608641920,23520,0.6458333134651184,128,317000,1.2933621406555176,1920,17,2,500000,1000,,317001.0,0.6661458611488342,0.6033486723899841,0.6458333134651184,0.6504173278808594,1251,808239535,5,2
318001,1920,4770015,610561920,23520,0.6458333134651184,128,318000,1.2971491813659668,1920,17,2,500000,1000,,318001.0,0.6656249761581421,0.6033516526222229,0.6416666507720947,0.6507537364959717,1255,808239535,5,2
319001,1920,4785015,612481920,23520,0.6416666507720947,128,319000,1.3008990287780762,1920,17,2,500000,1000,,319001.0,0.6651041507720947,0.6033561825752258,0.6395833492279053,0.6506128907203674,1259,808239535,5,2
320001,1920,4800015,614401920,23520,0.6395833492279053,128,320000,1.3046891689300537,1920,17,2,500000,1000,,320001.0,0.6661458611488342,0.603352427482605,0.6395833492279053,0.6507980823516846,1263,808239535,5,2
321001,1920,4815015,616321920,23520,0.6395833492279053,128,321000,1.3084609508514404,1920,17,2,500000,1000,,321001.0,0.6630208492279053,0.6033515930175781,0.643750011920929,0.6506889462471008,1267,808239535,5,2
322001,1920,4830015,618241920,23520,0.643750011920929,128,322000,1.3123700618743896,1920,17,2,500000,1000,,322001.0,0.6666666865348816,0.6033488512039185,0.6416666507720947,0.6507343649864197,1271,808239535,5,2
323001,1920,4845015,620161920,23520,0.6416666507720947,128,323000,1.3161160945892334,1920,17,2,500000,1000,,323001.0,0.6656249761581421,0.6033518314361572,0.643750011920929,0.6504873037338257,1275,808239535,5,2
324001,1920,4860015,622081920,23520,0.643750011920929,128,324000,1.3199357986450195,1920,17,2,500000,1000,,324001.0,0.6661458611488342,0.6033537983894348,0.6416666507720947,0.6507019400596619,1279,808239535,5,2
325001,1920,4875015,624001920,23520,0.6416666507720947,128,325000,1.323868751525879,1920,17,2,500000,1000,,325001.0,0.6661458611488342,0.6033540368080139,0.643750011920929,0.6503819823265076,1283,808239535,5,2
326001,1920,4890015,625921920,23520,0.643750011920929,128,326000,1.3276476860046387,1920,17,2,500000,1000,,326001.0,0.6661458611488342,0.6033491492271423,0.643750011920929,0.6507912278175354,1287,808239535,5,2
327001,1920,4905015,627841920,23520,0.643750011920929,128,327000,1.3313944339752197,1920,17,2,500000,1000,,327001.0,0.6656249761581421,0.6033498048782349,0.6395833492279053,0.6506099104881287,1291,808239535,5,2
328001,1920,4920015,629761920,23520,0.6395833492279053,128,328000,1.3355786800384521,1920,17,2,500000,1000,,328001.0,0.6666666865348816,0.6033509373664856,0.6395833492279053,0.6503455638885498,1295,808239535,5,2
329001,1920,4935015,631681920,23520,0.6395833492279053,128,329000,1.3394496440887451,1920,17,2,500000,1000,,329001.0,0.6656249761581421,0.6033503413200378,0.6416666507720947,0.6505457162857056,1298,808239535,5,2
330001,1920,4950015,633601920,23520,0.6416666507720947,128,330000,1.3432247638702393,1920,17,2,500000,1000,,330001.0,0.6656249761581421,0.6033518314361572,0.6395833492279053,0.6504710912704468,1302,808239535,5,2
331001,1920,4965015,635521920,23520,0.6395833492279053,128,331000,1.347043752670288,1920,17,2,500000,1000,,331001.0,0.6666666865348816,0.6033531427383423,0.6395833492279053,0.6501749753952026,1306,808239535,5,2
332001,1920,4980015,637441920,23520,0.6395833492279053,128,332000,1.3510236740112305,1920,17,2,500000,1000,,332001.0,0.6630208492279053,0.6033506393432617,0.6458333134651184,0.6505264639854431,1310,808239535,5,2
333001,1920,4995015,639361920,23520,0.6458333134651184,128,333000,1.354820728302002,1920,17,2,500000,1000,,333001.0,0.6661458611488342,0.6033488512039185,0.6416666507720947,0.650272011756897,1314,808239535,5,2
334001,1920,5010015,641281920,23520,0.6416666507720947,128,334000,1.3608877658843994,1920,17,2,500000,1000,,334001.0,0.6645833253860474,0.6033527851104736,0.6458333134651184,0.6504411697387695,1318,808239535,5,2
335001,1920,5025015,643201920,23520,0.6458333134651184,128,335000,1.3646907806396484,1920,17,2,500000,1000,,335001.0,0.6651041507720947,0.6033518314361572,0.6458333134651184,0.6505648493766785,1322,808239535,5,2
336001,1920,5040015,645121920,23520,0.6458333134651184,128,336000,1.3684988021850586,1920,17,2,500000,1000,,336001.0,0.6661458611488342,0.6033502221107483,0.6395833492279053,0.6503672003746033,1326,808239535,5,2
337001,1920,5055015,647041920,23520,0.6395833492279053,128,337000,1.3722929954528809,1920,17,2,500000,1000,,337001.0,0.6651041507720947,0.6033530831336975,0.637499988079071,0.6503124237060547,1330,808239535,5,2
338001,1920,5070015,648961920,23520,0.637499988079071,128,338000,1.3762030601501465,1920,17,2,500000,1000,,338001.0,0.6635416746139526,0.603350043296814,0.6458333134651184,0.6504088640213013,1334,808239535,5,2
339001,1920,5085015,650881920,23520,0.6458333134651184,128,339000,1.3800201416015625,1920,17,2,500000,1000,,339001.0,0.6651041507720947,0.6033511757850647,0.6458333134651184,0.6503612995147705,1338,808239535,5,2
340001,1920,5100015,652801920,23520,0.6458333134651184,128,340000,1.383915901184082,1920,17,2,500000,1000,,340001.0,0.6651041507720947,0.6033502221107483,0.6458333134651184,0.6503170132637024,1342,808239535,5,2
341001,1920,5115015,654721920,23520,0.6458333134651184,128,341000,1.3877246379852295,1920,17,2,500000,1000,,341001.0,0.6630208492279053,0.6033555865287781,0.6416666507720947,0.6504506468772888,1346,808239535,5,2
342001,1920,5130015,656641920,23520,0.6416666507720947,128,342000,1.3915987014770508,1920,17,2,500000,1000,,342001.0,0.6635416746139526,0.6033524870872498,0.643750011920929,0.6503463983535767,1350,808239535,5,2
343001,1920,5145015,658561920,23520,0.643750011920929,128,343000,1.3953797817230225,1920,17,2,500000,1000,,343001.0,0.6656249761581421,0.6033520102500916,0.6416666507720947,0.6504723429679871,1353,808239535,5,2
344001,1920,5160015,660481920,23520,0.6416666507720947,128,344000,1.3991827964782715,1920,17,2,500000,1000,,344001.0,0.6645833253860474,0.6033485531806946,0.643750011920929,0.6502941846847534,1357,808239535,5,2
345001,1920,5175015,662401920,23520,0.643750011920929,128,345000,1.403376579284668,1920,17,2,500000,1000,,345001.0,0.6651041507720947,0.6033496856689453,0.6416666507720947,0.650201678276062,1361,808239535,5,2
346001,1920,5190015,664321920,23520,0.6416666507720947,128,346000,1.4071264266967773,1920,17,2,500000,1000,,346001.0,0.6666666865348816,0.6033497452735901,0.6416666507720947,0.6501177549362183,1365,808239535,5,2
347001,1920,5205015,666241920,23520,0.6416666507720947,128,347000,1.410888433456421,1920,17,2,500000,1000,,347001.0,0.6656249761581421,0.6033504605293274,0.6395833492279053,0.6504239439964294,1369,808239535,5,2
348001,1920,5220015,668161920,23520,0.6395833492279053,128,348000,1.4146804809570312,1920,17,2,500000,1000,,348001.0,0.6661458611488342,0.6033481359481812,0.6416666507720947,0.6504532098770142,1373,808239535,5,2
349001,1920,5235015,670081920,23520,0.6416666507720947,128,349000,1.418642282485962,1920,17,2,500000,1000,,349001.0,0.6640625,0.6033526062965393,0.643750011920929,0.650229275226593,1377,808239535,5,2
350001,1920,5250015,672001920,23520,0.643750011920929,128,350000,1.4225263595581055,1920,17,2,500000,1000,,350001.0,0.6640625,0.6033487915992737,0.6395833492279053,0.6503051519393921,1381,808239535,5,2
351001,1920,5265015,673921920,23520,0.6395833492279053,128,351000,1.4263122081756592,1920,17,2,500000,1000,,351001.0,0.6656249761581421,0.603351891040802,0.643750011920929,0.6505391001701355,1385,808239535,5,2
352001,1920,5280015,675841920,23520,0.643750011920929,128,352000,1.4300873279571533,1920,17,2,500000,1000,,352001.0,0.6656249761581421,0.6033502221107483,0.6458333134651184,0.6504873037338257,1389,808239535,5,2
353001,1920,5295015,677761920,23520,0.6458333134651184,128,353000,1.433847188949585,1920,17,2,500000,1000,,353001.0,0.6645833253860474,0.6033555865287781,0.643750011920929,0.6503573656082153,1393,808239535,5,2
354001,1920,5310015,679681920,23520,0.643750011920929,128,354000,1.4377243518829346,1920,17,2,500000,1000,,354001.0,0.6661458611488342,0.6033517122268677,0.6416666507720947,0.6505939364433289,1397,808239535,5,2
355001,1920,5325015,681601920,23520,0.6416666507720947,128,355000,1.441516399383545,1920,17,2,500000,1000,,355001.0,0.6651041507720947,0.6033557057380676,0.6458333134651184,0.6504425406455994,1400,808239535,5,2
356001,1920,5340015,683521920,23520,0.6458333134651184,128,356000,1.445340633392334,1920,17,2,500000,1000,,356001.0,0.6640625,0.6033527851104736,0.643750011920929,0.650333046913147,1404,808239535,5,2
357001,1920,5355015,685441920,23520,0.643750011920929,128,357000,1.4491298198699951,1920,17,2,500000,1000,,357001.0,0.6682291626930237,0.6033468842506409,0.6458333134651184,0.6505927443504333,1408,808239535,5,2
358001,1920,5370015,687361920,23520,0.6458333134651184,128,358000,1.452986717224121,1920,17,2,500000,1000,,358001.0,0.6630208492279053,0.603352963924408,0.6479166746139526,0.6505615711212158,1412,808239535,5,2
359001,1920,5385015,689281920,23520,0.6479166746139526,128,359000,1.456770658493042,1920,17,2,500000,1000,,359001.0,0.6656249761581421,0.6033505797386169,0.643750011920929,0.6504030823707581,1416,808239535,5,2
360001,1920,5400015,691201920,23520,0.643750011920929,128,360000,1.460573434829712,1920,17,2,500000,1000,,360001.0,0.6661458611488342,0.6033485531806946,0.637499988079071,0.6503426432609558,1420,808239535,5,2
361001,1920,5415015,693121920,23520,0.637499988079071,128,361000,1.4643685817718506,1920,17,2,500000,1000,,361001.0,0.6661458611488342,0.6033536791801453,0.6416666507720947,0.6501998901367188,1424,808239535,5,2
362001,1920,5430015,695041920,23520,0.6416666507720947,128,362000,1.4685049057006836,1920,17,2,500000,1000,,362001.0,0.6666666865348816,0.6033563613891602,0.6458333134651184,0.650222897529602,1428,808239535,5,2
363001,1920,5445015,696961920,23520,0.6458333134651184,128,363000,1.4723179340362549,1920,17,2,500000,1000,,363001.0,0.6635416746139526,0.6033527255058289,0.6458333134651184,0.6504316329956055,1432,808239535,5,2
364001,1920,5460015,698881920,23520,0.6458333134651184,128,364000,1.476438045501709,1920,17,2,500000,1000,,364001.0,0.6666666865348816,0.6033545732498169,0.643750011920929,0.650610625743866,1436,808239535,5,2
365001,1920,5475015,700801920,23520,0.643750011920929,128,365000,1.4802188873291016,1920,17,2,500000,1000,,365001.0,0.6656249761581421,0.6033514738082886,0.6395833492279053,0.6503603458404541,1440,808239535,5,2
366001,1920,5490015,702721920,23520,0.6395833492279053,128,366000,1.4841899871826172,1920,17,2,500000,1000,,366001.0,0.6651041507720947,0.6033528447151184,0.6395833492279053,0.6505705714225769,1443,808239535,5,2
367001,1920,5505015,704641920,23520,0.6395833492279053,128,367000,1.489212989807129,1920,17,2,500000,1000,,367001.0,0.6640625,0.60335373878479,0.6416666507720947,0.650012731552124,1447,808239535,5,2
368001,1920,5520015,706561920,23520,0.6416666507720947,128,368000,1.4929981231689453,1920,17,2,500000,1000,,368001.0,0.667187511920929,0.6033521294593811,0.643750011920929,0.6508013010025024,1451,808239535,5,2
369001,1920,5535015,708481920,23520,0.643750011920929,128,369000,1.4978322982788086,1920,17,2,500000,1000,,369001.0,0.6630208492279053,0.6033536791801453,0.6416666507720947,0.6507706046104431,1455,808239535,5,2
370001,1920,5550015,710401920,23520,0.6416666507720947,128,370000,1.501986026763916,1920,17,2,500000,1000,,370001.0,0.6651041507720947,0.603352427482605,0.6416666507720947,0.6505650281906128,1459,808239535,5,2
371001,1920,5565015,712321920,23520,0.6416666507720947,128,371000,1.5057709217071533,1920,17,2,500000,1000,,371001.0,0.6661458611488342,0.6033516526222229,0.637499988079071,0.6507189869880676,1463,808239535,5,2
372001,1920,5580015,714241920,23520,0.637499988079071,128,372000,1.5095508098602295,1920,17,2,500000,1000,,372001.0,0.6656249761581421,0.6033491492271423,0.637499988079071,0.6506630182266235,1467,808239535,5,2
373001,1920,5595015,716161920,23520,0.637499988079071,128,373000,1.513650894165039,1920,17,2,500000,1000,,373001.0,0.6640625,0.6033510565757751,0.643750011920929,0.6505796909332275,1471,808239535,5,2
374001,1920,5610015,718081920,23520,0.643750011920929,128,374000,1.5179457664489746,1920,17,2,500000,1000,,374001.0,0.6666666865348816,0.6033554673194885,0.6416666507720947,0.6505244970321655,1475,808239535,5,2
375001,1920,5625015,720001920,23520,0.6416666507720947,128,375000,1.5218138694763184,1920,17,2,500000,1000,,375001.0,0.6656249761581421,0.6033529043197632,0.6458333134651184,0.6505823731422424,1479,808239535,5,2
376001,1920,5640015,721921920,23520,0.6458333134651184,128,376000,1.5255978107452393,1920,17,2,500000,1000,,376001.0,0.6656249761581421,0.6033545732498169,0.637499988079071,0.6506205201148987,1483,808239535,5,2
377001,1920,5655015,723841920,23520,0.637499988079071,128,377000,1.5294106006622314,1920,17,2,500000,1000,,377001.0,0.6645833253860474,0.6033485531806946,0.643750011920929,0.650373101234436,1487,808239535,5,2
378001,1920,5670015,725761920,23520,0.643750011920929,128,378000,1.5331707000732422,1920,17,2,500000,1000,,378001.0,0.6651041507720947,0.6033512353897095,0.6395833492279053,0.6505724191665649,1491,808239535,5,2
379001,1920,5685015,727681920,23520,0.6395833492279053,128,379000,1.5369818210601807,1920,17,2,500000,1000,,379001.0,0.6661458611488342,0.6033490300178528,0.643750011920929,0.6506310701370239,1495,808239535,5,2
380001,1920,5700015,729601920,23520,0.643750011920929,128,380000,1.5416696071624756,1920,17,2,500000,1000,,380001.0,0.6640625,0.6033484935760498,0.6458333134651184,0.6505948305130005,1499,808239535,5,2
381001,1920,5715015,731521920,23520,0.6458333134651184,128,381000,1.5454647541046143,1920,17,2,500000,1000,,381001.0,0.6666666865348816,0.603348970413208,0.643750011920929,0.6505747437477112,1503,808239535,5,2
382001,1920,5730015,733441920,23520,0.643750011920929,128,382000,1.5492568016052246,1920,17,2,500000,1000,,382001.0,0.6640625,0.6033518314361572,0.643750011920929,0.6506167054176331,1507,808239535,5,2
383001,1920,5745015,735361920,23520,0.643750011920929,128,383000,1.553006887435913,1920,17,2,500000,1000,,383001.0,0.6651041507720947,0.6033503413200378,0.6395833492279053,0.6507903337478638,1511,808239535,5,2
384001,1920,5760015,737281920,23520,0.6395833492279053,128,384000,1.556854009628296,1920,17,2,500000,1000,,384001.0,0.6651041507720947,0.6033496260643005,0.6416666507720947,0.6508181095123291,1514,808239535,5,2
385001,1920,5775015,739201920,23520,0.6416666507720947,128,385000,1.5609149932861328,1920,17,2,500000,1000,,385001.0,0.667187511920929,0.6033512353897095,0.6354166865348816,0.6505833268165588,1518,808239535,5,2
386001,1920,5790015,741121920,23520,0.6354166865348816,128,386000,1.5646958351135254,1920,17,2,500000,1000,,386001.0,0.6651041507720947,0.6033524870872498,0.6395833492279053,0.650391161441803,1522,808239535,5,2
387001,1920,5805015,743041920,23520,0.6395833492279053,128,387000,1.568525791168213,1920,17,2,500000,1000,,387001.0,0.6635416746139526,0.6033521294593811,0.643750011920929,0.6504460573196411,1526,808239535,5,2
388001,1920,5820015,744961920,23520,0.643750011920929,128,388000,1.5725467205047607,1920,17,2,500000,1000,,388001.0,0.6625000238418579,0.6033518314361572,0.6395833492279053,0.650627851486206,1530,808239535,5,2
389001,1920,5835015,746881920,23520,0.6395833492279053,128,389000,1.576354742050171,1920,17,2,500000,1000,,389001.0,0.6630208492279053,0.6033509969711304,0.6458333134651184,0.650711715221405,1534,808239535,5,2
390001,1920,5850015,748801920,23520,0.6458333134651184,128,390000,1.5803148746490479,1920,17,2,500000,1000,,390001.0,0.6635416746139526,0.6033509969711304,0.6416666507720947,0.6505324244499207,1538,808239535,5,2
391001,1920,5865015,750721920,23520,0.6416666507720947,128,391000,1.584355115890503,1920,17,2,500000,1000,,391001.0,0.6656249761581421,0.6033502221107483,0.643750011920929,0.6508893966674805,1542,808239535,5,2
392001,1920,5880015,752641920,23520,0.643750011920929,128,392000,1.5884301662445068,1920,17,2,500000,1000,,392001.0,0.6656249761581421,0.6033515334129333,0.6395833492279053,0.6507257223129272,1546,808239535,5,2
393001,1920,5895015,754561920,23520,0.6395833492279053,128,393000,1.59238600730896,1920,17,2,500000,1000,,393001.0,0.6666666865348816,0.6033468246459961,0.6395833492279053,0.6505393385887146,1550,808239535,5,2
394001,1920,5910015,756481920,23520,0.6395833492279053,128,394000,1.5962929725646973,1920,17,2,500000,1000,,394001.0,0.667187511920929,0.6033526659011841,0.637499988079071,0.6503058671951294,1554,808239535,5,2
395001,1920,5925015,758401920,23520,0.637499988079071,128,395000,1.600111961364746,1920,17,2,500000,1000,,395001.0,0.6666666865348816,0.6033532023429871,0.6458333134651184,0.650236964225769,1558,808239535,5,2
396001,1920,5940015,760321920,23520,0.6458333134651184,128,396000,1.6038670539855957,1920,17,2,500000,1000,,396001.0,0.6656249761581421,0.6033531427383423,0.6354166865348816,0.6502052545547485,1562,808239535,5,2
397001,1920,5955015,762241920,23520,0.6354166865348816,128,397000,1.6077139377593994,1920,17,2,500000,1000,,397001.0,0.6666666865348816,0.6033496260643005,0.643750011920929,0.6501673460006714,1566,808239535,5,2
398001,1920,5970015,764161920,23520,0.643750011920929,128,398000,1.6115269660949707,1920,17,2,500000,1000,,398001.0,0.6656249761581421,0.6033458113670349,0.6458333134651184,0.65044105052948,1570,808239535,5,2
399001,1920,5985015,766081920,23520,0.6458333134651184,128,399000,1.615297794342041,1920,17,2,500000,1000,,399001.0,0.6656249761581421,0.6033527851104736,0.6416666507720947,0.6501691341400146,1573,808239535,5,2
400001,1920,6000015,768001920,23520,0.6416666507720947,128,400000,1.6190564632415771,1920,17,2,500000,1000,,400001.0,0.6640625,0.6033551096916199,0.6458333134651184,0.6502974033355713,1577,808239535,5,2
401001,1920,6015015,769921920,23520,0.6458333134651184,128,401000,1.6230614185333252,1920,17,2,500000,1000,,401001.0,0.6661458611488342,0.6033532619476318,0.643750011920929,0.6502990126609802,1581,808239535,5,2
402001,1920,6030015,771841920,23520,0.643750011920929,128,402000,1.6267964839935303,1920,17,2,500000,1000,,402001.0,0.6645833253860474,0.6033516526222229,0.6395833492279053,0.6504409909248352,1585,808239535,5,2
403001,1920,6045015,773761920,23520,0.6395833492279053,128,403000,1.6305406093597412,1920,17,2,500000,1000,,403001.0,0.6661458611488342,0.6033472418785095,0.6395833492279053,0.6507160663604736,1589,808239535,5,2
404001,1920,6060015,775681920,23520,0.6395833492279053,128,404000,1.6342957019805908,1920,17,2,500000,1000,,404001.0,0.6666666865348816,0.6033524870872498,0.637499988079071,0.650208592414856,1593,808239535,5,2
405001,1920,6075015,777601920,23520,0.637499988079071,128,405000,1.6384079456329346,1920,17,2,500000,1000,,405001.0,0.6645833253860474,0.6033516526222229,0.6479166746139526,0.6505528688430786,1597,808239535,5,2
406001,1920,6090015,779521920,23520,0.6479166746139526,128,406000,1.6423828601837158,1920,17,2,500000,1000,,406001.0,0.6656249761581421,0.6033526062965393,0.6416666507720947,0.6505807638168335,1601,808239535,5,2
407001,1920,6105015,781441920,23520,0.6416666507720947,128,407000,1.646183967590332,1920,17,2,500000,1000,,407001.0,0.6656249761581421,0.6033551096916199,0.637499988079071,0.6503464579582214,1605,808239535,5,2
408001,1920,6120015,783361920,23520,0.637499988079071,128,408000,1.6500520706176758,1920,17,2,500000,1000,,408001.0,0.6635416746139526,0.6033527851104736,0.6458333134651184,0.6507335305213928,1609,808239535,5,2
409001,1920,6135015,785281920,23520,0.6458333134651184,128,409000,1.6537902355194092,1920,17,2,500000,1000,,409001.0,0.6635416746139526,0.60334712266922,0.6458333134651184,0.6503428816795349,1613,808239535,5,2
410001,1920,6150015,787201920,23520,0.6458333134651184,128,410000,1.6575865745544434,1920,17,2,500000,1000,,410001.0,0.6619791388511658,0.6033514142036438,0.6416666507720947,0.6506131291389465,1616,808239535,5,2
411001,1920,6165015,789121920,23520,0.6416666507720947,128,411000,1.6616876125335693,1920,17,2,500000,1000,,411001.0,0.6625000238418579,0.6033509373664856,0.6479166746139526,0.6503236889839172,1620,808239535,5,2
412001,1920,6180015,791041920,23520,0.6479166746139526,128,412000,1.6654376983642578,1920,17,2,500000,1000,,412001.0,0.6614583134651184,0.6033517122268677,0.6458333134651184,0.6505577564239502,1624,808239535,5,2
413001,1920,6195015,792961920,23520,0.6458333134651184,128,413000,1.6691656112670898,1920,17,2,500000,1000,,413001.0,0.6656249761581421,0.603349506855011,0.643750011920929,0.6504925489425659,1628,808239535,5,2
414001,1920,6210015,794881920,23520,0.643750011920929,128,414000,1.6730244159698486,1920,17,2,500000,1000,,414001.0,0.6661458611488342,0.6033492684364319,0.643750011920929,0.6503065824508667,1632,808239535,5,2
415001,1920,6225015,796801920,23520,0.643750011920929,128,415000,1.6767511367797852,1920,17,2,500000,1000,,415001.0,0.6666666865348816,0.6033514142036438,0.643750011920929,0.6505183577537537,1636,808239535,5,2
416001,1920,6240015,798721920,23520,0.643750011920929,128,416000,1.680638074874878,1920,17,2,500000,1000,,416001.0,0.6640625,0.603354275226593,0.6416666507720947,0.6508285999298096,1640,808239535,5,2
417001,1920,6255015,800641920,23520,0.6416666507720947,128,417000,1.6844370365142822,1920,17,2,500000,1000,,417001.0,0.667187511920929,0.6033525466918945,0.6416666507720947,0.6506568193435669,1644,808239535,5,2
418001,1920,6270015,802561920,23520,0.6416666507720947,128,418000,1.6882340908050537,1920,17,2,500000,1000,,418001.0,0.6651041507720947,0.6033517122268677,0.6395833492279053,0.6506459712982178,1648,808239535,5,2
419001,1920,6285015,804481920,23520,0.6395833492279053,128,419000,1.6920270919799805,1920,17,2,500000,1000,,419001.0,0.6640625,0.6033506393432617,0.643750011920929,0.6507991552352905,1652,808239535,5,2
420001,1920,6300015,806401920,23520,0.643750011920929,128,420000,1.6957979202270508,1920,17,2,500000,1000,,420001.0,0.6656249761581421,0.6033535003662109,0.6354166865348816,0.6502819657325745,1655,808239535,5,2
421001,1920,6315015,808321920,23520,0.6354166865348816,128,421000,1.6995348930358887,1920,17,2,500000,1000,,421001.0,0.6635416746139526,0.6033477783203125,0.6395833492279053,0.6501761674880981,1659,808239535,5,2
422001,1920,6330015,810241920,23520,0.6395833492279053,128,422000,1.7033138275146484,1920,17,2,500000,1000,,422001.0,0.667187511920929,0.6033501029014587,0.643750011920929,0.6505987644195557,1663,808239535,5,2
423001,1920,6345015,812161920,23520,0.643750011920929,128,423000,1.7070508003234863,1920,17,2,500000,1000,,423001.0,0.6661458611488342,0.6033516526222229,0.643750011920929,0.6502253413200378,1667,808239535,5,2
424001,1920,6360015,814081920,23520,0.643750011920929,128,424000,1.7111289501190186,1920,17,2,500000,1000,,424001.0,0.6656249761581421,0.6033526659011841,0.643750011920929,0.6504420638084412,1671,808239535,5,2
425001,1920,6375015,816001920,23520,0.643750011920929,128,425000,1.714919090270996,1920,17,2,500000,1000,,425001.0,0.6656249761581421,0.6033487915992737,0.643750011920929,0.6500915288925171,1675,808239535,5,2
426001,1920,6390015,817921920,23520,0.643750011920929,128,426000,1.7186851501464844,1920,17,2,500000,1000,,426001.0,0.6661458611488342,0.6033490896224976,0.6416666507720947,0.6503109335899353,1679,808239535,5,2
427001,1920,6405015,819841920,23520,0.6416666507720947,128,427000,1.7228434085845947,1920,17,2,500000,1000,,427001.0,0.6656249761581421,0.6033505797386169,0.6416666507720947,0.650107741355896,1683,808239535,5,2
428001,1920,6420015,821761920,23520,0.6416666507720947,128,428000,1.726928472518921,1920,17,2,500000,1000,,428001.0,0.6661458611488342,0.6033519506454468,0.6458333134651184,0.6503635048866272,1687,808239535,5,2
429001,1920,6435015,823681920,23520,0.6458333134651184,128,429000,1.7306807041168213,1920,17,2,500000,1000,,429001.0,0.6666666865348816,0.6033486127853394,0.643750011920929,0.6506367921829224,1691,808239535,5,2
430001,1920,6450015,825601920,23520,0.643750011920929,128,430000,1.7344894409179688,1920,17,2,500000,1000,,430001.0,0.6661458611488342,0.6033505797386169,0.643750011920929,0.650221586227417,1695,808239535,5,2
431001,1920,6465015,827521920,23520,0.643750011920929,128,431000,1.738283395767212,1920,17,2,500000,1000,,431001.0,0.6661458611488342,0.603350043296814,0.6416666507720947,0.6502066850662231,1699,808239535,5,2
432001,1920,6480015,829441920,23520,0.6416666507720947,128,432000,1.7423992156982422,1920,17,2,500000,1000,,432001.0,0.6661458611488342,0.6033526062965393,0.6416666507720947,0.6502280831336975,1703,808239535,5,2
433001,1920,6495015,831361920,23520,0.6416666507720947,128,433000,1.7461905479431152,1920,17,2,500000,1000,,433001.0,0.6656249761581421,0.6033508777618408,0.643750011920929,0.6505557298660278,1707,808239535,5,2
434001,1920,6510015,833281920,23520,0.643750011920929,128,434000,1.7500505447387695,1920,17,2,500000,1000,,434001.0,0.6661458611488342,0.6033508777618408,0.6458333134651184,0.6508846879005432,1711,808239535,5,2
435001,1920,6525015,835201920,23520,0.6458333134651184,128,435000,1.7543423175811768,1920,17,2,500000,1000,,435001.0,0.6666666865348816,0.6033521294593811,0.6479166746139526,0.650521457195282,1715,808239535,5,2
436001,1920,6540015,837121920,23520,0.6479166746139526,128,436000,1.7587556838989258,1920,17,2,500000,1000,,436001.0,0.6645833253860474,0.603351354598999,0.6416666507720947,0.6502753496170044,1719,808239535,5,2
437001,1920,6555015,839041920,23520,0.6416666507720947,128,437000,1.762549877166748,1920,17,2,500000,1000,,437001.0,0.6656249761581421,0.6033486723899841,0.6395833492279053,0.650638997554779,1723,808239535,5,2
438001,1920,6570015,840961920,23520,0.6395833492279053,128,438000,1.7664988040924072,1920,17,2,500000,1000,,438001.0,0.6651041507720947,0.6033490300178528,0.6416666507720947,0.6503744721412659,1727,808239535,5,2
439001,1920,6585015,842881920,23520,0.6416666507720947,128,439000,1.7703886032104492,1920,17,2,500000,1000,,439001.0,0.6661458611488342,0.6033477783203125,0.6395833492279053,0.6501771807670593,1731,808239535,5,2
440001,1920,6600015,844801920,23520,0.6395833492279053,128,440000,1.7741973400115967,1920,17,2,500000,1000,,440001.0,0.6640625,0.6033486723899841,0.643750011920929,0.6504005789756775,1735,808239535,5,2
441001,1920,6615015,846721920,23520,0.643750011920929,128,441000,1.7786321640014648,1920,17,2,500000,1000,,441001.0,0.667187511920929,0.6033475995063782,0.643750011920929,0.6504910588264465,1739,808239535,5,2
442001,1920,6630015,848641920,23520,0.643750011920929,128,442000,1.782438039779663,1920,17,2,500000,1000,,442001.0,0.6666666865348816,0.6033520102500916,0.643750011920929,0.6503623723983765,1743,808239535,5,2
443001,1920,6645015,850561920,23520,0.643750011920929,128,443000,1.7862451076507568,1920,17,2,500000,1000,,443001.0,0.6661458611488342,0.6033588647842407,0.6416666507720947,0.6502121686935425,1747,808239535,5,2
444001,1920,6660015,852481920,23520,0.6416666507720947,128,444000,1.7900199890136719,1920,17,2,500000,1000,,444001.0,0.6661458611488342,0.6033521294593811,0.643750011920929,0.6503453850746155,1751,808239535,5,2
445001,1920,6675015,854401920,23520,0.643750011920929,128,445000,1.7942779064178467,1920,17,2,500000,1000,,445001.0,0.6661458611488342,0.603352963924408,0.643750011920929,0.6505013108253479,1755,808239535,5,2
446001,1920,6690015,856321920,23520,0.643750011920929,128,446000,1.7985038757324219,1920,17,2,500000,1000,,446001.0,0.6640625,0.6033495664596558,0.6458333134651184,0.6506347060203552,1759,808239535,5,2
447001,1920,6705015,858241920,23520,0.6458333134651184,128,447000,1.8025727272033691,1920,17,2,500000,1000,,447001.0,0.6630208492279053,0.6033556461334229,0.6458333134651184,0.6503334641456604,1763,808239535,5,2
448001,1920,6720015,860161920,23520,0.6458333134651184,128,448000,1.8065459728240967,1920,17,2,500000,1000,,448001.0,0.6640625,0.6033522486686707,0.643750011920929,0.6506376266479492,1767,808239535,5,2
449001,1920,6735015,862081920,23520,0.643750011920929,128,449000,1.8103392124176025,1920,17,2,500000,1000,,449001.0,0.6651041507720947,0.6033456325531006,0.6416666507720947,0.6507331132888794,1771,808239535,5,2
450001,1920,6750015,864001920,23520,0.6416666507720947,128,450000,1.8149261474609375,1920,17,2,500000,1000,,450001.0,0.6630208492279053,0.603348970413208,0.6458333134651184,0.6506546139717102,1774,808239535,5,2
451001,1920,6765015,865921920,23520,0.6458333134651184,128,451000,1.8192193508148193,1920,17,2,500000,1000,,451001.0,0.6635416746139526,0.6033502221107483,0.6499999761581421,0.6507967710494995,1778,808239535,5,2
452001,1920,6780015,867841920,23520,0.6499999761581421,128,452000,1.8229644298553467,1920,17,2,500000,1000,,452001.0,0.6661458611488342,0.6033494472503662,0.6395833492279053,0.6505659222602844,1782,808239535,5,2
453001,1920,6795015,869761920,23520,0.6395833492279053,128,453000,1.8268425464630127,1920,17,2,500000,1000,,453001.0,0.6656249761581421,0.603349506855011,0.643750011920929,0.6507128477096558,1786,808239535,5,2
454001,1920,6810015,871681920,23520,0.643750011920929,128,454000,1.8307275772094727,1920,17,2,500000,1000,,454001.0,0.6651041507720947,0.6033509373664856,0.6479166746139526,0.6507331728935242,1790,808239535,5,2
455001,1920,6825015,873601920,23520,0.6479166746139526,128,455000,1.8345074653625488,1920,17,2,500000,1000,,455001.0,0.6661458611488342,0.6033485531806946,0.6458333134651184,0.6506941318511963,1794,808239535,5,2
456001,1920,6840015,875521920,23520,0.6458333134651184,128,456000,1.8382773399353027,1920,17,2,500000,1000,,456001.0,0.6640625,0.6033509969711304,0.6458333134651184,0.6505547165870667,1798,808239535,5,2
457001,1920,6855015,877441920,23520,0.6458333134651184,128,457000,1.8423092365264893,1920,17,2,500000,1000,,457001.0,0.6645833253860474,0.6033565998077393,0.6395833492279053,0.6503046751022339,1802,808239535,5,2
458001,1920,6870015,879361920,23520,0.6395833492279053,128,458000,1.84617018699646,1920,17,2,500000,1000,,458001.0,0.6619791388511658,0.6033540964126587,0.6416666507720947,0.6504061222076416,1806,808239535,5,2
459001,1920,6885015,881281920,23520,0.6416666507720947,128,459000,1.8499352931976318,1920,17,2,500000,1000,,459001.0,0.6630208492279053,0.6033517718315125,0.6395833492279053,0.6505271196365356,1810,808239535,5,2
460001,1920,6900015,883201920,23520,0.6395833492279053,128,460000,1.853762149810791,1920,17,2,500000,1000,,460001.0,0.6661458611488342,0.6033545136451721,0.6416666507720947,0.6505361795425415,1814,808239535,5,2
461001,1920,6915015,885121920,23520,0.6416666507720947,128,461000,1.8575360774993896,1920,17,2,500000,1000,,461001.0,0.6666666865348816,0.6033506393432617,0.643750011920929,0.6506350040435791,1818,808239535,5,2
462001,1920,6930015,887041920,23520,0.643750011920929,128,462000,1.8613331317901611,1920,17,2,500000,1000,,462001.0,0.6651041507720947,0.6033519506454468,0.637499988079071,0.6502880454063416,1822,808239535,5,2
463001,1920,6945015,888961920,23520,0.637499988079071,128,463000,1.8651013374328613,1920,17,2,500000,1000,,463001.0,0.6651041507720947,0.6033524870872498,0.6416666507720947,0.6502558588981628,1826,808239535,5,2
464001,1920,6960015,890881920,23520,0.6416666507720947,128,464000,1.8699932098388672,1920,17,2,500000,1000,,464001.0,0.6656249761581421,0.6033512949943542,0.6458333134651184,0.6503865718841553,1830,808239535,5,2
465001,1920,6975015,892801920,23520,0.6458333134651184,128,465000,1.874037265777588,1920,17,2,500000,1000,,465001.0,0.6656249761581421,0.6033521890640259,0.643750011920929,0.6501440405845642,1834,808239535,5,2
466001,1920,6990015,894721920,23520,0.643750011920929,128,466000,1.8778562545776367,1920,17,2,500000,1000,,466001.0,0.6640625,0.603354275226593,0.6479166746139526,0.6502723693847656,1838,808239535,5,2
467001,1920,7005015,896641920,23520,0.6479166746139526,128,467000,1.8816182613372803,1920,17,2,500000,1000,,467001.0,0.6630208492279053,0.6033521294593811,0.6395833492279053,0.6508725881576538,1842,808239535,5,2
468001,1920,7020015,898561920,23520,0.6395833492279053,128,468000,1.8854002952575684,1920,17,2,500000,1000,,468001.0,0.6640625,0.603348433971405,0.643750011920929,0.6507751941680908,1846,808239535,5,2
469001,1920,7035015,900481920,23520,0.643750011920929,128,469000,1.8892033100128174,1920,17,2,500000,1000,,469001.0,0.6677083373069763,0.6033471822738647,0.6416666507720947,0.6507323384284973,1850,808239535,5,2
470001,1920,7050015,902401920,23520,0.6416666507720947,128,470000,1.8929693698883057,1920,17,2,500000,1000,,470001.0,0.6645833253860474,0.6033483147621155,0.6395833492279053,0.6507266163825989,1854,808239535,5,2
471001,1920,7065015,904321920,23520,0.6395833492279053,128,471000,1.8967821598052979,1920,17,2,500000,1000,,471001.0,0.6630208492279053,0.6033504605293274,0.6499999761581421,0.6506850123405457,1858,808239535,5,2
472001,1920,7080015,906241920,23520,0.6499999761581421,128,472000,1.9005439281463623,1920,17,2,500000,1000,,472001.0,0.6630208492279053,0.6033503413200378,0.6499999761581421,0.6505330204963684,1861,808239535,5,2
473001,1920,7095015,908161920,23520,0.6499999761581421,128,473000,1.9043068885803223,1920,17,2,500000,1000,,473001.0,0.6661458611488342,0.603348433971405,0.643750011920929,0.65032559633255,1866,808239535,5,2
474001,1920,7110015,910081920,23520,0.643750011920929,128,474000,1.9080817699432373,1920,17,2,500000,1000,,474001.0,0.6661458611488342,0.6033523678779602,0.6416666507720947,0.6504085063934326,1869,808239535,5,2
475001,1920,7125015,912001920,23520,0.6416666507720947,128,475000,1.9119117259979248,1920,17,2,500000,1000,,475001.0,0.6645833253860474,0.6033466458320618,0.643750011920929,0.6505631804466248,1873,808239535,5,2
476001,1920,7140015,913921920,23520,0.643750011920929,128,476000,1.9157633781433105,1920,17,2,500000,1000,,476001.0,0.6630208492279053,0.6033575534820557,0.6416666507720947,0.650842010974884,1877,808239535,5,2
477001,1920,7155015,915841920,23520,0.6416666507720947,128,477000,1.9195423126220703,1920,17,2,500000,1000,,477001.0,0.6661458611488342,0.6033480167388916,0.6458333134651184,0.650691568851471,1881,808239535,5,2
478001,1920,7170015,917761920,23520,0.6458333134651184,128,478000,1.9234943389892578,1920,17,2,500000,1000,,478001.0,0.6661458611488342,0.6033506393432617,0.6416666507720947,0.6504701375961304,1885,808239535,5,2
479001,1920,7185015,919681920,23520,0.6416666507720947,128,479000,1.927269458770752,1920,17,2,500000,1000,,479001.0,0.6661458611488342,0.6033545732498169,0.6458333134651184,0.6504800319671631,1889,808239535,5,2
480001,1920,7200015,921601920,23520,0.6458333134651184,128,480000,1.9310545921325684,1920,17,2,500000,1000,,480001.0,0.667187511920929,0.6033545136451721,0.6458333134651184,0.6505606770515442,1893,808239535,5,2
481001,1920,7215015,923521920,23520,0.6458333134651184,128,481000,1.935767650604248,1920,17,2,500000,1000,,481001.0,0.6630208492279053,0.6033504009246826,0.6416666507720947,0.6506956815719604,1897,808239535,5,2
482001,1920,7230015,925441920,23520,0.6416666507720947,128,482000,1.9394996166229248,1920,17,2,500000,1000,,482001.0,0.6661458611488342,0.6033477187156677,0.643750011920929,0.6507051587104797,1901,808239535,5,2
483001,1920,7245015,927361920,23520,0.643750011920929,128,483000,1.9433035850524902,1920,17,2,500000,1000,,483001.0,0.6666666865348816,0.6033499836921692,0.643750011920929,0.6507827043533325,1905,808239535,5,2
484001,1920,7260015,929281920,23520,0.643750011920929,128,484000,1.9474155902862549,1920,17,2,500000,1000,,484001.0,0.6640625,0.6033503413200378,0.643750011920929,0.6505053043365479,1909,808239535,5,2
485001,1920,7275015,931201920,23520,0.643750011920929,128,485000,1.951188564300537,1920,17,2,500000,1000,,485001.0,0.6656249761581421,0.6033504605293274,0.6395833492279053,0.6505821347236633,1913,808239535,5,2
486001,1920,7290015,933121920,23520,0.6395833492279053,128,486000,1.9550416469573975,1920,17,2,500000,1000,,486001.0,0.6656249761581421,0.6033489108085632,0.6458333134651184,0.6505133509635925,1917,808239535,5,2
487001,1920,7305015,935041920,23520,0.6458333134651184,128,487000,1.9588215351104736,1920,17,2,500000,1000,,487001.0,0.6645833253860474,0.6033502817153931,0.643750011920929,0.6503697633743286,1921,808239535,5,2
488001,1920,7320015,936961920,23520,0.643750011920929,128,488000,1.9626777172088623,1920,17,2,500000,1000,,488001.0,0.6656249761581421,0.6033534407615662,0.6395833492279053,0.650470495223999,1925,808239535,5,2
489001,1920,7335015,938881920,23520,0.6395833492279053,128,489000,1.9664554595947266,1920,17,2,500000,1000,,489001.0,0.6656249761581421,0.6033497452735901,0.6458333134651184,0.6505799889564514,1929,808239535,5,2
490001,1920,7350015,940801920,23520,0.6458333134651184,128,490000,1.9701917171478271,1920,17,2,500000,1000,,490001.0,0.6666666865348816,0.6033532619476318,0.6416666507720947,0.6505228877067566,1933,808239535,5,2
491001,1920,7365015,942721920,23520,0.6416666507720947,128,491000,1.973954677581787,1920,17,2,500000,1000,,491001.0,0.6630208492279053,0.6033512353897095,0.6416666507720947,0.6505299806594849,1937,808239535,5,2
492001,1920,7380015,944641920,23520,0.6416666507720947,128,492000,1.978027582168579,1920,17,2,500000,1000,,492001.0,0.667187511920929,0.6033527255058289,0.6416666507720947,0.6504805684089661,1940,808239535,5,2
493001,1920,7395015,946561920,23520,0.6416666507720947,128,493000,1.9817895889282227,1920,17,2,500000,1000,,493001.0,0.6666666865348816,0.6033511757850647,0.6416666507720947,0.6503536105155945,1944,808239535,5,2
494001,1920,7410015,948481920,23520,0.6416666507720947,128,494000,1.9855895042419434,1920,17,2,500000,1000,,494001.0,0.6630208492279053,0.6033503413200378,0.6416666507720947,0.6504110097885132,1948,808239535,5,2
495001,1920,7425015,950401920,23520,0.6416666507720947,128,495000,1.9898834228515625,1920,17,2,500000,1000,,495001.0,0.6661458611488342,0.6033491492271423,0.643750011920929,0.6504510045051575,1952,808239535,5,2
496001,1920,7440015,952321920,23520,0.643750011920929,128,496000,1.9937255382537842,1920,17,2,500000,1000,,496001.0,0.6651041507720947,0.6033486723899841,0.643750011920929,0.6506286859512329,1956,808239535,5,2
497001,1920,7455015,954241920,23520,0.643750011920929,128,497000,1.997563362121582,1920,17,2,500000,1000,,497001.0,0.6656249761581421,0.6033479571342468,0.6458333134651184,0.6504342555999756,1961,808239535,5,2
498001,1920,7470015,956161920,23520,0.6458333134651184,128,498000,2.0013773441314697,1920,17,2,500000,1000,,498001.0,0.6666666865348816,0.6033515334129333,0.6479166746139526,0.6506021022796631,1964,808239535,5,2
499001,1920,7485015,958081920,23520,0.6479166746139526,128,499000,2.005112409591675,1920,17,2,500000,1000,,499001.0,0.6640625,0.6033488512039185,0.6458333134651184,0.6504925489425659,1968,808239535,5,2
499998,1920,7499970,959996160,23520,0.6458333134651184,128,499997,2.008972406387329,1920,17,2,500000,1000,,499998.0,0.6656249761581421,0.6033524870872498,0.637499988079071,0.6505577564239502,1972,808239535,5,2
499999,1920,7499985,959998080,23520,0.637499988079071,128,499998,2.0133306980133057,1920,17,2,500000,1000,,499999.0,0.6656249761581421,0.6033527851104736,0.6416666507720947,0.6505542993545532,1972,808239535,5,2
500000,1920,7500000,960000000,23520,0.6416666507720947,128,499999,2.017380714416504,1920,17,2,500000,1000,,500000.0,0.6656249761581421,0.6033524870872498,0.637499988079071,0.6505606770515442,1972,808239535,5,2
