pf_calls,num_answers,model_updates,num_grad_comps,answers_bytes,last_score,batch_size,k,elapsed_time,train_data,n,d,max_epochs,verbose,ident,_epochs,score_train,loss_train,score_test,loss_test,_elapsed_time,seed,run_id,dim
1,1920,15,1920,23520,0.49791666865348816,128,0,0.022439956665039062,1920,17,4,500000,1000,,1.0,0.5088541507720947,0.6931472420692444,0.5145833492279053,0.6931471228599548,0,1818043732,4,4
1001,1920,15015,1921920,23520,0.5145833492279053,128,1000,0.02703118324279785,1920,17,4,500000,1000,,1001.0,0.6770833134651184,0.6103742718696594,0.6645833253860474,0.6249251961708069,4,1818043732,4,4
2001,1920,30015,3841920,23520,0.6645833253860474,128,2000,0.031617164611816406,1920,17,4,500000,1000,,2001.0,0.6807291507720947,0.5984068512916565,0.6583333611488342,0.6140615940093994,9,1818043732,4,4
3001,1920,45015,5761920,23520,0.6583333611488342,128,3000,0.0362391471862793,1920,17,4,500000,1000,,3001.0,0.6812499761581421,0.5945876836776733,0.6604166626930237,0.6108636856079102,14,1818043732,4,4
4001,1920,60015,7681920,23520,0.6604166626930237,128,4000,0.041207313537597656,1920,17,4,500000,1000,,4001.0,0.6822916865348816,0.5927022099494934,0.6625000238418579,0.6094210147857666,19,1818043732,4,4
5001,1920,75015,9601920,23520,0.6625000238418579,128,5000,0.04604220390319824,1920,17,4,500000,1000,,5001.0,0.6812499761581421,0.5915566086769104,0.6625000238418579,0.6089353561401367,24,1818043732,4,4
6001,1920,90015,11521920,23520,0.6625000238418579,128,6000,0.050661325454711914,1920,17,4,500000,1000,,6001.0,0.6838541626930237,0.5907776355743408,0.6625000238418579,0.6087440848350525,29,1818043732,4,4
7001,1920,105015,13441920,23520,0.6625000238418579,128,7000,0.05529022216796875,1920,17,4,500000,1000,,7001.0,0.684374988079071,0.590215802192688,0.6583333611488342,0.6080933809280396,33,1818043732,4,4
8001,1920,120015,15361920,23520,0.6583333611488342,128,8000,0.05986833572387695,1920,17,4,500000,1000,,8001.0,0.6838541626930237,0.5897911190986633,0.65625,0.6071175932884216,38,1818043732,4,4
9001,1920,135015,17281920,23520,0.65625,128,9000,0.06479048728942871,1920,17,4,500000,1000,,9001.0,0.6875,0.5894445180892944,0.65625,0.6070299744606018,43,1818043732,4,4
10001,1920,150015,19201920,23520,0.65625,128,10000,0.06989240646362305,1920,17,4,500000,1000,,10001.0,0.6869791746139526,0.5891713500022888,0.65625,0.6066039204597473,48,1818043732,4,4
11001,1920,165015,21121920,23520,0.65625,128,11000,0.07448029518127441,1920,17,4,500000,1000,,11001.0,0.6864583492279053,0.5889338254928589,0.6479166746139526,0.6070319414138794,53,1818043732,4,4
12001,1920,180015,23041920,23520,0.6479166746139526,128,12000,0.0790700912475586,1920,17,4,500000,1000,,12001.0,0.6864583492279053,0.5887479186058044,0.6541666388511658,0.6068865060806274,57,1818043732,4,4
13001,1920,195015,24961920,23520,0.6541666388511658,128,13000,0.0836801528930664,1920,17,4,500000,1000,,13001.0,0.6864583492279053,0.5885853171348572,0.6458333134651184,0.6067989468574524,62,1818043732,4,4
14001,1920,210015,26881920,23520,0.6458333134651184,128,14000,0.08823800086975098,1920,17,4,500000,1000,,14001.0,0.6869791746139526,0.5884407758712769,0.643750011920929,0.607054591178894,66,1818043732,4,4
15001,1920,225015,28801920,23520,0.643750011920929,128,15000,0.0929560661315918,1920,17,4,500000,1000,,15001.0,0.6854166388511658,0.5883169770240784,0.6458333134651184,0.6065286993980408,71,1818043732,4,4
16001,1920,240015,30721920,23520,0.6458333134651184,128,16000,0.09756779670715332,1920,17,4,500000,1000,,16001.0,0.6859375238418579,0.5882086157798767,0.6520833373069763,0.6066305637359619,76,1818043732,4,4
17001,1920,255015,32641920,23520,0.6520833373069763,128,17000,0.10222601890563965,1920,17,4,500000,1000,,17001.0,0.6869791746139526,0.5881043076515198,0.6479166746139526,0.6064884662628174,81,1818043732,4,4
18001,1920,270015,34561920,23520,0.6479166746139526,128,18000,0.10678982734680176,1920,17,4,500000,1000,,18001.0,0.6869791746139526,0.5880168676376343,0.6458333134651184,0.6060898303985596,85,1818043732,4,4
19001,1920,285015,36481920,23520,0.6458333134651184,128,19000,0.11135578155517578,1920,17,4,500000,1000,,19001.0,0.6880208253860474,0.5879288911819458,0.643750011920929,0.6062304377555847,90,1818043732,4,4
20001,1920,300015,38401920,23520,0.643750011920929,128,20000,0.11620879173278809,1920,17,4,500000,1000,,20001.0,0.6880208253860474,0.5878576040267944,0.6458333134651184,0.6059414148330688,95,1818043732,4,4
21001,1920,315015,40321920,23520,0.6458333134651184,128,21000,0.12068295478820801,1920,17,4,500000,1000,,21001.0,0.6875,0.5877938866615295,0.6541666388511658,0.6059790849685669,99,1818043732,4,4
22001,1920,330015,42241920,23520,0.6541666388511658,128,22000,0.1252579689025879,1920,17,4,500000,1000,,22001.0,0.6869791746139526,0.5877233147621155,0.6541666388511658,0.6060490012168884,104,1818043732,4,4
23001,1920,345015,44161920,23520,0.6541666388511658,128,23000,0.12981390953063965,1920,17,4,500000,1000,,23001.0,0.6859375238418579,0.5876640677452087,0.6541666388511658,0.6058892607688904,108,1818043732,4,4
24001,1920,360015,46081920,23520,0.6541666388511658,128,24000,0.13439464569091797,1920,17,4,500000,1000,,24001.0,0.6869791746139526,0.5876097083091736,0.6541666388511658,0.6059486269950867,113,1818043732,4,4
25001,1920,375015,48001920,23520,0.6541666388511658,128,25000,0.13915753364562988,1920,17,4,500000,1000,,25001.0,0.6875,0.5875619053840637,0.6520833373069763,0.6058600544929504,118,1818043732,4,4
26001,1920,390015,49921920,23520,0.6520833373069763,128,26000,0.14374566078186035,1920,17,4,500000,1000,,26001.0,0.6869791746139526,0.5875185132026672,0.6520833373069763,0.605624794960022,123,1818043732,4,4
27001,1920,405015,51841920,23520,0.6520833373069763,128,27000,0.14832472801208496,1920,17,4,500000,1000,,27001.0,0.6869791746139526,0.5874789953231812,0.6499999761581421,0.6059209704399109,127,1818043732,4,4
28001,1920,420015,53761920,23520,0.6499999761581421,128,28000,0.15293073654174805,1920,17,4,500000,1000,,28001.0,0.6875,0.5874342322349548,0.6458333134651184,0.6053909063339233,132,1818043732,4,4
29001,1920,435015,55681920,23520,0.6458333134651184,128,29000,0.15752387046813965,1920,17,4,500000,1000,,29001.0,0.6875,0.5873958468437195,0.6416666507720947,0.6055118441581726,137,1818043732,4,4
30001,1920,450015,57601920,23520,0.6416666507720947,128,30000,0.16206765174865723,1920,17,4,500000,1000,,30001.0,0.6875,0.5873636603355408,0.643750011920929,0.6058302521705627,141,1818043732,4,4
31001,1920,465015,59521920,23520,0.643750011920929,128,31000,0.16670775413513184,1920,17,4,500000,1000,,31001.0,0.6890624761581421,0.5873284935951233,0.6499999761581421,0.6056435108184814,146,1818043732,4,4
32001,1920,480015,61441920,23520,0.6499999761581421,128,32000,0.1714928150177002,1920,17,4,500000,1000,,32001.0,0.6880208253860474,0.58729487657547,0.6520833373069763,0.6054022312164307,151,1818043732,4,4
33001,1920,495015,63361920,23520,0.6520833373069763,128,33000,0.17609786987304688,1920,17,4,500000,1000,,33001.0,0.6875,0.5872642993927002,0.6520833373069763,0.6057240962982178,156,1818043732,4,4
34001,1920,510015,65281920,23520,0.6520833373069763,128,34000,0.18065500259399414,1920,17,4,500000,1000,,34001.0,0.6880208253860474,0.5872377753257751,0.6499999761581421,0.6059518456459045,160,1818043732,4,4
35001,1920,525015,67201920,23520,0.6499999761581421,128,35000,0.1851959228515625,1920,17,4,500000,1000,,35001.0,0.6885416507720947,0.5872061252593994,0.6499999761581421,0.6056870818138123,165,1818043732,4,4
36001,1920,540015,69121920,23520,0.6499999761581421,128,36000,0.1897420883178711,1920,17,4,500000,1000,,36001.0,0.6885416507720947,0.5871838927268982,0.6479166746139526,0.6053491830825806,170,1818043732,4,4
37001,1920,555015,71041920,23520,0.6479166746139526,128,37000,0.19429326057434082,1920,17,4,500000,1000,,37001.0,0.6864583492279053,0.5871582627296448,0.6541666388511658,0.6054351329803467,175,1818043732,4,4
38001,1920,570015,72961920,23520,0.6541666388511658,128,38000,0.1989743709564209,1920,17,4,500000,1000,,38001.0,0.6875,0.5871331691741943,0.6499999761581421,0.605757474899292,179,1818043732,4,4
39001,1920,585015,74881920,23520,0.6499999761581421,128,39000,0.20453715324401855,1920,17,4,500000,1000,,39001.0,0.6875,0.5871198773384094,0.6499999761581421,0.60538649559021,185,1818043732,4,4
40001,1920,600015,76801920,23520,0.6499999761581421,128,40000,0.20928406715393066,1920,17,4,500000,1000,,40001.0,0.6869791746139526,0.5870835185050964,0.6520833373069763,0.6051709651947021,190,1818043732,4,4
41001,1920,615015,78721920,23520,0.6520833373069763,128,41000,0.2138810157775879,1920,17,4,500000,1000,,41001.0,0.6880208253860474,0.5870630741119385,0.6479166746139526,0.6051560044288635,195,1818043732,4,4
42001,1920,630015,80641920,23520,0.6479166746139526,128,42000,0.2206718921661377,1920,17,4,500000,1000,,42001.0,0.6895833611488342,0.5870457291603088,0.6499999761581421,0.6051878333091736,199,1818043732,4,4
43001,1920,645015,82561920,23520,0.6499999761581421,128,43000,0.2251887321472168,1920,17,4,500000,1000,,43001.0,0.6875,0.5870253443717957,0.6520833373069763,0.6049601435661316,204,1818043732,4,4
44001,1920,660015,84481920,23520,0.6520833373069763,128,44000,0.22974157333374023,1920,17,4,500000,1000,,44001.0,0.6875,0.5870092511177063,0.6499999761581421,0.6051226854324341,209,1818043732,4,4
45001,1920,675015,86401920,23520,0.6499999761581421,128,45000,0.2342545986175537,1920,17,4,500000,1000,,45001.0,0.6885416507720947,0.5869911313056946,0.6479166746139526,0.6052601337432861,214,1818043732,4,4
46001,1920,690015,88321920,23520,0.6479166746139526,128,46000,0.2388155460357666,1920,17,4,500000,1000,,46001.0,0.6869791746139526,0.5869712829589844,0.6499999761581421,0.6052401661872864,219,1818043732,4,4
47001,1920,705015,90241920,23520,0.6499999761581421,128,47000,0.24336457252502441,1920,17,4,500000,1000,,47001.0,0.6864583492279053,0.5869560837745667,0.6499999761581421,0.6049913763999939,223,1818043732,4,4
48001,1920,720015,92161920,23520,0.6499999761581421,128,48000,0.24791169166564941,1920,17,4,500000,1000,,48001.0,0.6875,0.586937665939331,0.6479166746139526,0.605272114276886,228,1818043732,4,4
49001,1920,735015,94081920,23520,0.6479166746139526,128,49000,0.25255465507507324,1920,17,4,500000,1000,,49001.0,0.6869791746139526,0.5869250893592834,0.6479166746139526,0.6048826575279236,233,1818043732,4,4
50001,1920,750015,96001920,23520,0.6479166746139526,128,50000,0.25707554817199707,1920,17,4,500000,1000,,50001.0,0.6864583492279053,0.5869117975234985,0.6520833373069763,0.6051559448242188,238,1818043732,4,4
51001,1920,765015,97921920,23520,0.6520833373069763,128,51000,0.26163458824157715,1920,17,4,500000,1000,,51001.0,0.6864583492279053,0.5868980288505554,0.6479166746139526,0.6046497225761414,243,1818043732,4,4
52001,1920,780015,99841920,23520,0.6479166746139526,128,52000,0.26616859436035156,1920,17,4,500000,1000,,52001.0,0.6864583492279053,0.5868818759918213,0.643750011920929,0.6048871278762817,247,1818043732,4,4
53001,1920,795015,101761920,23520,0.643750011920929,128,53000,0.2707176208496094,1920,17,4,500000,1000,,53001.0,0.6859375238418579,0.5868704319000244,0.6479166746139526,0.6050722599029541,253,1818043732,4,4
54001,1920,810015,103681920,23520,0.6479166746139526,128,54000,0.2752528190612793,1920,17,4,500000,1000,,54001.0,0.6864583492279053,0.5868547558784485,0.6458333134651184,0.6047491431236267,257,1818043732,4,4
55001,1920,825015,105601920,23520,0.6458333134651184,128,55000,0.27977585792541504,1920,17,4,500000,1000,,55001.0,0.6854166388511658,0.586843729019165,0.6479166746139526,0.6050801873207092,262,1818043732,4,4
56001,1920,840015,107521920,23520,0.6479166746139526,128,56000,0.2843129634857178,1920,17,4,500000,1000,,56001.0,0.6864583492279053,0.5868315100669861,0.6479166746139526,0.6048698425292969,267,1818043732,4,4
57001,1920,855015,109441920,23520,0.6479166746139526,128,57000,0.28885698318481445,1920,17,4,500000,1000,,57001.0,0.6864583492279053,0.5868199467658997,0.6499999761581421,0.6047037243843079,271,1818043732,4,4
58001,1920,870015,111361920,23520,0.6499999761581421,128,58000,0.29337000846862793,1920,17,4,500000,1000,,58001.0,0.6864583492279053,0.5868032574653625,0.6479166746139526,0.6046215295791626,276,1818043732,4,4
59001,1920,885015,113281920,23520,0.6479166746139526,128,59000,0.2979302406311035,1920,17,4,500000,1000,,59001.0,0.6864583492279053,0.5867937803268433,0.6479166746139526,0.6046545505523682,281,1818043732,4,4
60001,1920,900015,115201920,23520,0.6479166746139526,128,60000,0.30660104751586914,1920,17,4,500000,1000,,60001.0,0.6864583492279053,0.5867849588394165,0.6458333134651184,0.604785680770874,286,1818043732,4,4
61001,1920,915015,117121920,23520,0.6458333134651184,128,61000,0.3111269474029541,1920,17,4,500000,1000,,61001.0,0.6864583492279053,0.5867794156074524,0.6479166746139526,0.6049270033836365,290,1818043732,4,4
62001,1920,930015,119041920,23520,0.6479166746139526,128,62000,0.3156740665435791,1920,17,4,500000,1000,,62001.0,0.6864583492279053,0.586765706539154,0.6479166746139526,0.604935884475708,295,1818043732,4,4
63001,1920,945015,120961920,23520,0.6479166746139526,128,63000,0.32021188735961914,1920,17,4,500000,1000,,63001.0,0.6869791746139526,0.5867510437965393,0.643750011920929,0.6047719120979309,300,1818043732,4,4
64001,1920,960015,122881920,23520,0.643750011920929,128,64000,0.3247530460357666,1920,17,4,500000,1000,,64001.0,0.6864583492279053,0.5867425799369812,0.6458333134651184,0.6048544049263,305,1818043732,4,4
65001,1920,975015,124801920,23520,0.6458333134651184,128,65000,0.3292989730834961,1920,17,4,500000,1000,,65001.0,0.6869791746139526,0.5867323279380798,0.6458333134651184,0.604735791683197,309,1818043732,4,4
66001,1920,990015,126721920,23520,0.6458333134651184,128,66000,0.3343019485473633,1920,17,4,500000,1000,,66001.0,0.6854166388511658,0.5867208242416382,0.6458333134651184,0.6048619151115417,314,1818043732,4,4
67001,1920,1005015,128641920,23520,0.6458333134651184,128,67000,0.3388180732727051,1920,17,4,500000,1000,,67001.0,0.6854166388511658,0.586717963218689,0.643750011920929,0.604663074016571,319,1818043732,4,4
68001,1920,1020015,130561920,23520,0.643750011920929,128,68000,0.34335803985595703,1920,17,4,500000,1000,,68001.0,0.6854166388511658,0.5867113471031189,0.643750011920929,0.6043014526367188,324,1818043732,4,4
69001,1920,1035015,132481920,23520,0.643750011920929,128,69000,0.34813427925109863,1920,17,4,500000,1000,,69001.0,0.6854166388511658,0.5867003202438354,0.6416666507720947,0.6048681139945984,329,1818043732,4,4
70001,1920,1050015,134401920,23520,0.6416666507720947,128,70000,0.3540012836456299,1920,17,4,500000,1000,,70001.0,0.6864583492279053,0.5866869688034058,0.643750011920929,0.6049259901046753,334,1818043732,4,4
71001,1920,1065015,136321920,23520,0.643750011920929,128,71000,0.35848522186279297,1920,17,4,500000,1000,,71001.0,0.6880208253860474,0.5866807103157043,0.6416666507720947,0.6048911213874817,338,1818043732,4,4
72001,1920,1080015,138241920,23520,0.6416666507720947,128,72000,0.3630223274230957,1920,17,4,500000,1000,,72001.0,0.6864583492279053,0.5866706967353821,0.643750011920929,0.6047471761703491,343,1818043732,4,4
73001,1920,1095015,140161920,23520,0.643750011920929,128,73000,0.3675663471221924,1920,17,4,500000,1000,,73001.0,0.6864583492279053,0.5866643786430359,0.6416666507720947,0.6048609614372253,348,1818043732,4,4
74001,1920,1110015,142081920,23520,0.6416666507720947,128,74000,0.372300386428833,1920,17,4,500000,1000,,74001.0,0.6854166388511658,0.5866553783416748,0.6458333134651184,0.6045214533805847,353,1818043732,4,4
75001,1920,1125015,144001920,23520,0.6458333134651184,128,75000,0.3769073486328125,1920,17,4,500000,1000,,75001.0,0.6854166388511658,0.5866479277610779,0.643750011920929,0.6044588685035706,358,1818043732,4,4
76001,1920,1140015,145921920,23520,0.643750011920929,128,76000,0.38144850730895996,1920,17,4,500000,1000,,76001.0,0.6854166388511658,0.5866463780403137,0.643750011920929,0.6044101119041443,363,1818043732,4,4
77001,1920,1155015,147841920,23520,0.643750011920929,128,77000,0.3859851360321045,1920,17,4,500000,1000,,77001.0,0.6848958134651184,0.5866340398788452,0.6458333134651184,0.604630172252655,368,1818043732,4,4
78001,1920,1170015,149761920,23520,0.6458333134651184,128,78000,0.39051103591918945,1920,17,4,500000,1000,,78001.0,0.6854166388511658,0.5866298079490662,0.6458333134651184,0.6046962738037109,373,1818043732,4,4
79001,1920,1185015,151681920,23520,0.6458333134651184,128,79000,0.3950679302215576,1920,17,4,500000,1000,,79001.0,0.6854166388511658,0.5866222381591797,0.643750011920929,0.6047176718711853,378,1818043732,4,4
80001,1920,1200015,153601920,23520,0.643750011920929,128,80000,0.39962196350097656,1920,17,4,500000,1000,,80001.0,0.6848958134651184,0.5866154432296753,0.6458333134651184,0.6047452092170715,383,1818043732,4,4
81001,1920,1215015,155521920,23520,0.6458333134651184,128,81000,0.40410494804382324,1920,17,4,500000,1000,,81001.0,0.6854166388511658,0.5866069197654724,0.643750011920929,0.604404091835022,387,1818043732,4,4
82001,1920,1230015,157441920,23520,0.643750011920929,128,82000,0.40866923332214355,1920,17,4,500000,1000,,82001.0,0.6859375238418579,0.5865983963012695,0.6458333134651184,0.6045229434967041,392,1818043732,4,4
83001,1920,1245015,159361920,23520,0.6458333134651184,128,83000,0.4132101535797119,1920,17,4,500000,1000,,83001.0,0.684374988079071,0.5865932106971741,0.643750011920929,0.6044421792030334,397,1818043732,4,4
84001,1920,1260015,161281920,23520,0.643750011920929,128,84000,0.4177711009979248,1920,17,4,500000,1000,,84001.0,0.6864583492279053,0.5865907073020935,0.6416666507720947,0.6045328378677368,402,1818043732,4,4
85001,1920,1275015,163201920,23520,0.6416666507720947,128,85000,0.42231011390686035,1920,17,4,500000,1000,,85001.0,0.6864583492279053,0.5865810513496399,0.6416666507720947,0.6045916080474854,407,1818043732,4,4
86001,1920,1290015,165121920,23520,0.6416666507720947,128,86000,0.4268379211425781,1920,17,4,500000,1000,,86001.0,0.6854166388511658,0.5865758061408997,0.643750011920929,0.6043398976325989,412,1818043732,4,4
87001,1920,1305015,167041920,23520,0.643750011920929,128,87000,0.4313700199127197,1920,17,4,500000,1000,,87001.0,0.6854166388511658,0.5865692496299744,0.643750011920929,0.6042236089706421,416,1818043732,4,4
88001,1920,1320015,168961920,23520,0.643750011920929,128,88000,0.436129093170166,1920,17,4,500000,1000,,88001.0,0.6854166388511658,0.5865615606307983,0.643750011920929,0.6042551398277283,421,1818043732,4,4
89001,1920,1335015,170881920,23520,0.643750011920929,128,89000,0.44083118438720703,1920,17,4,500000,1000,,89001.0,0.6848958134651184,0.5865591764450073,0.643750011920929,0.6043968796730042,426,1818043732,4,4
90001,1920,1350015,172801920,23520,0.643750011920929,128,90000,0.44663047790527344,1920,17,4,500000,1000,,90001.0,0.6848958134651184,0.5865505337715149,0.6458333134651184,0.6044223308563232,432,1818043732,4,4
91001,1920,1365015,174721920,23520,0.6458333134651184,128,91000,0.45116734504699707,1920,17,4,500000,1000,,91001.0,0.6854166388511658,0.5865469574928284,0.643750011920929,0.6046270728111267,437,1818043732,4,4
92001,1920,1380015,176641920,23520,0.643750011920929,128,92000,0.45574426651000977,1920,17,4,500000,1000,,92001.0,0.6854166388511658,0.5865431427955627,0.643750011920929,0.6042805910110474,442,1818043732,4,4
93001,1920,1395015,178561920,23520,0.643750011920929,128,93000,0.4604771137237549,1920,17,4,500000,1000,,93001.0,0.6854166388511658,0.5865359902381897,0.643750011920929,0.6043590307235718,447,1818043732,4,4
94001,1920,1410015,180481920,23520,0.643750011920929,128,94000,0.4650089740753174,1920,17,4,500000,1000,,94001.0,0.6859375238418579,0.5865322947502136,0.643750011920929,0.6043444275856018,452,1818043732,4,4
95001,1920,1425015,182401920,23520,0.643750011920929,128,95000,0.47046995162963867,1920,17,4,500000,1000,,95001.0,0.6854166388511658,0.5865249633789062,0.643750011920929,0.6042014956474304,457,1818043732,4,4
96001,1920,1440015,184321920,23520,0.643750011920929,128,96000,0.47501492500305176,1920,17,4,500000,1000,,96001.0,0.6854166388511658,0.586522102355957,0.643750011920929,0.6043434143066406,462,1818043732,4,4
97001,1920,1455015,186241920,23520,0.643750011920929,128,97000,0.47956013679504395,1920,17,4,500000,1000,,97001.0,0.6859375238418579,0.5865165591239929,0.6458333134651184,0.6044095158576965,467,1818043732,4,4
98001,1920,1470015,188161920,23520,0.6458333134651184,128,98000,0.48405909538269043,1920,17,4,500000,1000,,98001.0,0.6848958134651184,0.5865076780319214,0.6458333134651184,0.604417622089386,472,1818043732,4,4
99001,1920,1485015,190081920,23520,0.6458333134651184,128,99000,0.4886324405670166,1920,17,4,500000,1000,,99001.0,0.6864583492279053,0.5865106582641602,0.643750011920929,0.6043432354927063,477,1818043732,4,4
100001,1920,1500015,192001920,23520,0.643750011920929,128,100000,0.4931342601776123,1920,17,4,500000,1000,,100001.0,0.6854166388511658,0.5865036249160767,0.643750011920929,0.6043670177459717,482,1818043732,4,4
101001,1920,1515015,193921920,23520,0.643750011920929,128,101000,0.4976954460144043,1920,17,4,500000,1000,,101001.0,0.6859375238418579,0.5864981412887573,0.643750011920929,0.6043874025344849,487,1818043732,4,4
102001,1920,1530015,195841920,23520,0.643750011920929,128,102000,0.5022234916687012,1920,17,4,500000,1000,,102001.0,0.6859375238418579,0.5864953398704529,0.643750011920929,0.6042627692222595,492,1818043732,4,4
103001,1920,1545015,197761920,23520,0.643750011920929,128,103000,0.5068454742431641,1920,17,4,500000,1000,,103001.0,0.6864583492279053,0.5864868760108948,0.643750011920929,0.604451596736908,496,1818043732,4,4
104001,1920,1560015,199681920,23520,0.643750011920929,128,104000,0.5113933086395264,1920,17,4,500000,1000,,104001.0,0.6859375238418579,0.586484968662262,0.6458333134651184,0.6043723821640015,501,1818043732,4,4
105001,1920,1575015,201601920,23520,0.6458333134651184,128,105000,0.515916109085083,1920,17,4,500000,1000,,105001.0,0.6864583492279053,0.5864859223365784,0.6458333134651184,0.6045978665351868,506,1818043732,4,4
106001,1920,1590015,203521920,23520,0.6458333134651184,128,106000,0.5204460620880127,1920,17,4,500000,1000,,106001.0,0.6864583492279053,0.5864759087562561,0.643750011920929,0.6043812036514282,510,1818043732,4,4
107001,1920,1605015,205441920,23520,0.643750011920929,128,107000,0.5249638557434082,1920,17,4,500000,1000,,107001.0,0.6864583492279053,0.5864675641059875,0.643750011920929,0.6043428182601929,515,1818043732,4,4
108001,1920,1620015,207361920,23520,0.643750011920929,128,108000,0.5296139717102051,1920,17,4,500000,1000,,108001.0,0.6864583492279053,0.5864650011062622,0.643750011920929,0.6043936610221863,520,1818043732,4,4
109001,1920,1635015,209281920,23520,0.643750011920929,128,109000,0.5341668128967285,1920,17,4,500000,1000,,109001.0,0.6864583492279053,0.5864622592926025,0.643750011920929,0.6044727563858032,525,1818043732,4,4
110001,1920,1650015,211201920,23520,0.643750011920929,128,110000,0.5387108325958252,1920,17,4,500000,1000,,110001.0,0.6864583492279053,0.5864573121070862,0.643750011920929,0.6040287613868713,530,1818043732,4,4
111001,1920,1665015,213121920,23520,0.643750011920929,128,111000,0.5432558059692383,1920,17,4,500000,1000,,111001.0,0.6864583492279053,0.5864530205726624,0.643750011920929,0.6040394306182861,534,1818043732,4,4
112001,1920,1680015,215041920,23520,0.643750011920929,128,112000,0.5478148460388184,1920,17,4,500000,1000,,112001.0,0.6864583492279053,0.586449384689331,0.643750011920929,0.6041802167892456,540,1818043732,4,4
113001,1920,1695015,216961920,23520,0.643750011920929,128,113000,0.5523538589477539,1920,17,4,500000,1000,,113001.0,0.6864583492279053,0.5864464640617371,0.643750011920929,0.6043440699577332,544,1818043732,4,4
114001,1920,1710015,218881920,23520,0.643750011920929,128,114000,0.5569078922271729,1920,17,4,500000,1000,,114001.0,0.6869791746139526,0.5864402055740356,0.643750011920929,0.6042107939720154,549,1818043732,4,4
115001,1920,1725015,220801920,23520,0.643750011920929,128,115000,0.5613877773284912,1920,17,4,500000,1000,,115001.0,0.6864583492279053,0.5864391922950745,0.6458333134651184,0.6041920185089111,554,1818043732,4,4
116001,1920,1740015,222721920,23520,0.6458333134651184,128,116000,0.565929651260376,1920,17,4,500000,1000,,116001.0,0.6875,0.5864400267601013,0.643750011920929,0.6043233871459961,559,1818043732,4,4
117001,1920,1755015,224641920,23520,0.643750011920929,128,117000,0.5704705715179443,1920,17,4,500000,1000,,117001.0,0.6859375238418579,0.586430013179779,0.643750011920929,0.6045666337013245,564,1818043732,4,4
118001,1920,1770015,226561920,23520,0.643750011920929,128,118000,0.5751917362213135,1920,17,4,500000,1000,,118001.0,0.6869791746139526,0.586428701877594,0.643750011920929,0.6043311953544617,568,1818043732,4,4
119001,1920,1785015,228481920,23520,0.643750011920929,128,119000,0.5797195434570312,1920,17,4,500000,1000,,119001.0,0.6864583492279053,0.5864217281341553,0.6458333134651184,0.6043089628219604,573,1818043732,4,4
120001,1920,1800015,230401920,23520,0.6458333134651184,128,120000,0.5842146873474121,1920,17,4,500000,1000,,120001.0,0.6859375238418579,0.5864213705062866,0.6458333134651184,0.6043885946273804,578,1818043732,4,4
121001,1920,1815015,232321920,23520,0.6458333134651184,128,121000,0.5887455940246582,1920,17,4,500000,1000,,121001.0,0.6869791746139526,0.5864174365997314,0.6458333134651184,0.6041964292526245,583,1818043732,4,4
122001,1920,1830015,234241920,23520,0.6458333134651184,128,122000,0.5932927131652832,1920,17,4,500000,1000,,122001.0,0.6880208253860474,0.5864120721817017,0.643750011920929,0.6041861176490784,587,1818043732,4,4
123001,1920,1845015,236161920,23520,0.643750011920929,128,123000,0.5979695320129395,1920,17,4,500000,1000,,123001.0,0.6854166388511658,0.5864104628562927,0.6458333134651184,0.6043255925178528,592,1818043732,4,4
124001,1920,1860015,238081920,23520,0.6458333134651184,128,124000,0.604886531829834,1920,17,4,500000,1000,,124001.0,0.6864583492279053,0.5864078998565674,0.643750011920929,0.6040706634521484,597,1818043732,4,4
125001,1920,1875015,240001920,23520,0.643750011920929,128,125000,0.6095623970031738,1920,17,4,500000,1000,,125001.0,0.6854166388511658,0.5864059329032898,0.6458333134651184,0.6041898727416992,602,1818043732,4,4
126001,1920,1890015,241921920,23520,0.6458333134651184,128,126000,0.614105224609375,1920,17,4,500000,1000,,126001.0,0.6864583492279053,0.5864066481590271,0.6458333134651184,0.604262113571167,607,1818043732,4,4
127001,1920,1905015,243841920,23520,0.6458333134651184,128,127000,0.618732213973999,1920,17,4,500000,1000,,127001.0,0.6859375238418579,0.5864026546478271,0.6458333134651184,0.6042070388793945,612,1818043732,4,4
128001,1920,1920015,245761920,23520,0.6458333134651184,128,128000,0.6232590675354004,1920,17,4,500000,1000,,128001.0,0.6875,0.5863944292068481,0.6416666507720947,0.6042155027389526,617,1818043732,4,4
129001,1920,1935015,247681920,23520,0.6416666507720947,128,129000,0.6278030872344971,1920,17,4,500000,1000,,129001.0,0.6869791746139526,0.5863902568817139,0.643750011920929,0.6040922999382019,621,1818043732,4,4
130001,1920,1950015,249601920,23520,0.643750011920929,128,130000,0.632357120513916,1920,17,4,500000,1000,,130001.0,0.6885416507720947,0.5863876342773438,0.6416666507720947,0.6042683720588684,626,1818043732,4,4
131001,1920,1965015,251521920,23520,0.6416666507720947,128,131000,0.6369109153747559,1920,17,4,500000,1000,,131001.0,0.6864583492279053,0.5863841772079468,0.6458333134651184,0.6038469672203064,631,1818043732,4,4
132001,1920,1980015,253441920,23520,0.6458333134651184,128,132000,0.6414589881896973,1920,17,4,500000,1000,,132001.0,0.6864583492279053,0.586378812789917,0.6479166746139526,0.6039234399795532,635,1818043732,4,4
133001,1920,1995015,255361920,23520,0.6479166746139526,128,133000,0.6460189819335938,1920,17,4,500000,1000,,133001.0,0.6869791746139526,0.586376965045929,0.6479166746139526,0.6039813160896301,640,1818043732,4,4
134001,1920,2010015,257281920,23520,0.6479166746139526,128,134000,0.6508069038391113,1920,17,4,500000,1000,,134001.0,0.6875,0.5863786935806274,0.6458333134651184,0.6038979887962341,645,1818043732,4,4
135001,1920,2025015,259201920,23520,0.6458333134651184,128,135000,0.6558809280395508,1920,17,4,500000,1000,,135001.0,0.6859375238418579,0.5863772034645081,0.6458333134651184,0.6039526462554932,649,1818043732,4,4
136001,1920,2040015,261121920,23520,0.6458333134651184,128,136000,0.6603786945343018,1920,17,4,500000,1000,,136001.0,0.6864583492279053,0.5863687992095947,0.6479166746139526,0.6038013696670532,654,1818043732,4,4
137001,1920,2055015,263041920,23520,0.6479166746139526,128,137000,0.665064811706543,1920,17,4,500000,1000,,137001.0,0.6864583492279053,0.5863662958145142,0.6458333134651184,0.6040279269218445,659,1818043732,4,4
138001,1920,2070015,264961920,23520,0.6458333134651184,128,138000,0.6695659160614014,1920,17,4,500000,1000,,138001.0,0.6864583492279053,0.58636474609375,0.6458333134651184,0.6038991808891296,664,1818043732,4,4
139001,1920,2085015,266881920,23520,0.6458333134651184,128,139000,0.6740779876708984,1920,17,4,500000,1000,,139001.0,0.6875,0.5863600373268127,0.6479166746139526,0.6040395498275757,669,1818043732,4,4
140001,1920,2100015,268801920,23520,0.6479166746139526,128,140000,0.6786501407623291,1920,17,4,500000,1000,,140001.0,0.6875,0.5863610506057739,0.6458333134651184,0.6041772365570068,674,1818043732,4,4
141001,1920,2115015,270721920,23520,0.6458333134651184,128,141000,0.6831851005554199,1920,17,4,500000,1000,,141001.0,0.6875,0.5863547921180725,0.6458333134651184,0.604062020778656,679,1818043732,4,4
142001,1920,2130015,272641920,23520,0.6458333134651184,128,142000,0.6877279281616211,1920,17,4,500000,1000,,142001.0,0.6875,0.5863525867462158,0.6458333134651184,0.6041715741157532,685,1818043732,4,4
143001,1920,2145015,274561920,23520,0.6458333134651184,128,143000,0.6922619342803955,1920,17,4,500000,1000,,143001.0,0.6880208253860474,0.5863527655601501,0.6458333134651184,0.6041182279586792,690,1818043732,4,4
144001,1920,2160015,276481920,23520,0.6458333134651184,128,144000,0.6968019008636475,1920,17,4,500000,1000,,144001.0,0.6875,0.5863475799560547,0.6458333134651184,0.6040670275688171,694,1818043732,4,4
145001,1920,2175015,278401920,23520,0.6458333134651184,128,145000,0.7013401985168457,1920,17,4,500000,1000,,145001.0,0.6864583492279053,0.5863450169563293,0.6458333134651184,0.6037815809249878,699,1818043732,4,4
146001,1920,2190015,280321920,23520,0.6458333134651184,128,146000,0.7058811187744141,1920,17,4,500000,1000,,146001.0,0.6875,0.5863469243049622,0.6458333134651184,0.6040657162666321,704,1818043732,4,4
147001,1920,2205015,282241920,23520,0.6458333134651184,128,147000,0.710421085357666,1920,17,4,500000,1000,,147001.0,0.6864583492279053,0.586340069770813,0.6479166746139526,0.6037440896034241,709,1818043732,4,4
148001,1920,2220015,284161920,23520,0.6479166746139526,128,148000,0.7149600982666016,1920,17,4,500000,1000,,148001.0,0.6885416507720947,0.5863379836082458,0.6458333134651184,0.6037052273750305,713,1818043732,4,4
149001,1920,2235015,286081920,23520,0.6458333134651184,128,149000,0.7194640636444092,1920,17,4,500000,1000,,149001.0,0.6890624761581421,0.5863354206085205,0.6458333134651184,0.6038685441017151,718,1818043732,4,4
150001,1920,2250015,288001920,23520,0.6458333134651184,128,150000,0.7266800403594971,1920,17,4,500000,1000,,150001.0,0.6869791746139526,0.5863305926322937,0.643750011920929,0.6040299534797668,723,1818043732,4,4
151001,1920,2265015,289921920,23520,0.643750011920929,128,151000,0.7313389778137207,1920,17,4,500000,1000,,151001.0,0.6880208253860474,0.5863262414932251,0.6458333134651184,0.6040487885475159,728,1818043732,4,4
152001,1920,2280015,291841920,23520,0.6458333134651184,128,152000,0.7363882064819336,1920,17,4,500000,1000,,152001.0,0.6869791746139526,0.5863276720046997,0.643750011920929,0.6040344834327698,733,1818043732,4,4
153001,1920,2295015,293761920,23520,0.643750011920929,128,153000,0.7409183979034424,1920,17,4,500000,1000,,153001.0,0.6880208253860474,0.586327314376831,0.643750011920929,0.6042183637619019,738,1818043732,4,4
154001,1920,2310015,295681920,23520,0.643750011920929,128,154000,0.7454602718353271,1920,17,4,500000,1000,,154001.0,0.6880208253860474,0.5863223671913147,0.643750011920929,0.6039246916770935,743,1818043732,4,4
155001,1920,2325015,297601920,23520,0.643750011920929,128,155000,0.7503170967102051,1920,17,4,500000,1000,,155001.0,0.6895833611488342,0.5863211750984192,0.6458333134651184,0.6040924191474915,748,1818043732,4,4
156001,1920,2340015,299521920,23520,0.6458333134651184,128,156000,0.7548472881317139,1920,17,4,500000,1000,,156001.0,0.6875,0.5863152742385864,0.6458333134651184,0.604076623916626,753,1818043732,4,4
157001,1920,2355015,301441920,23520,0.6458333134651184,128,157000,0.759521484375,1920,17,4,500000,1000,,157001.0,0.6875,0.586316704750061,0.6458333134651184,0.6039862036705017,757,1818043732,4,4
158001,1920,2370015,303361920,23520,0.6458333134651184,128,158000,0.7640044689178467,1920,17,4,500000,1000,,158001.0,0.6885416507720947,0.5863102078437805,0.643750011920929,0.6041169762611389,762,1818043732,4,4
159001,1920,2385015,305281920,23520,0.643750011920929,128,159000,0.7685647010803223,1920,17,4,500000,1000,,159001.0,0.6895833611488342,0.5863121151924133,0.643750011920929,0.603928804397583,767,1818043732,4,4
160001,1920,2400015,307201920,23520,0.643750011920929,128,160000,0.7731246948242188,1920,17,4,500000,1000,,160001.0,0.6880208253860474,0.586309552192688,0.6458333134651184,0.6037541627883911,772,1818043732,4,4
161001,1920,2415015,309121920,23520,0.6458333134651184,128,161000,0.7776346206665039,1920,17,4,500000,1000,,161001.0,0.6895833611488342,0.5863064527511597,0.643750011920929,0.6040322184562683,777,1818043732,4,4
162001,1920,2430015,311041920,23520,0.643750011920929,128,162000,0.7821764945983887,1920,17,4,500000,1000,,162001.0,0.6890624761581421,0.5863062143325806,0.6458333134651184,0.6040245890617371,782,1818043732,4,4
163001,1920,2445015,312961920,23520,0.6458333134651184,128,163000,0.7866742610931396,1920,17,4,500000,1000,,163001.0,0.6864583492279053,0.5862993597984314,0.6458333134651184,0.6039338707923889,788,1818043732,4,4
164001,1920,2460015,314881920,23520,0.6458333134651184,128,164000,0.7912263870239258,1920,17,4,500000,1000,,164001.0,0.6869791746139526,0.5862982273101807,0.6458333134651184,0.604060709476471,793,1818043732,4,4
165001,1920,2475015,316801920,23520,0.6458333134651184,128,165000,0.7957262992858887,1920,17,4,500000,1000,,165001.0,0.6885416507720947,0.5862995982170105,0.643750011920929,0.6041586995124817,798,1818043732,4,4
166001,1920,2490015,318721920,23520,0.643750011920929,128,166000,0.8002943992614746,1920,17,4,500000,1000,,166001.0,0.6890624761581421,0.5862986445426941,0.6458333134651184,0.6042326092720032,803,1818043732,4,4
167001,1920,2505015,320641920,23520,0.6458333134651184,128,167000,0.8050322532653809,1920,17,4,500000,1000,,167001.0,0.6880208253860474,0.5862987637519836,0.6479166746139526,0.6042224168777466,808,1818043732,4,4
168001,1920,2520015,322561920,23520,0.6479166746139526,128,168000,0.8096110820770264,1920,17,4,500000,1000,,168001.0,0.6864583492279053,0.5862933993339539,0.6479166746139526,0.6038853526115417,813,1818043732,4,4
169001,1920,2535015,324481920,23520,0.6479166746139526,128,169000,0.8141560554504395,1920,17,4,500000,1000,,169001.0,0.6880208253860474,0.5862900018692017,0.6479166746139526,0.6037051677703857,818,1818043732,4,4
170001,1920,2550015,326401920,23520,0.6479166746139526,128,170000,0.8187098503112793,1920,17,4,500000,1000,,170001.0,0.6875,0.5862886905670166,0.6458333134651184,0.6039935946464539,822,1818043732,4,4
171001,1920,2565015,328321920,23520,0.6458333134651184,128,171000,0.8232269287109375,1920,17,4,500000,1000,,171001.0,0.6864583492279053,0.5862910151481628,0.6458333134651184,0.6039469242095947,827,1818043732,4,4
172001,1920,2580015,330241920,23520,0.6458333134651184,128,172000,0.8279252052307129,1920,17,4,500000,1000,,172001.0,0.6869791746139526,0.5862846374511719,0.6458333134651184,0.6038650274276733,832,1818043732,4,4
173001,1920,2595015,332161920,23520,0.6458333134651184,128,173000,0.8324551582336426,1920,17,4,500000,1000,,173001.0,0.6895833611488342,0.5862835645675659,0.6479166746139526,0.6038280725479126,837,1818043732,4,4
174001,1920,2610015,334081920,23520,0.6479166746139526,128,174000,0.8370053768157959,1920,17,4,500000,1000,,174001.0,0.6875,0.586280882358551,0.6458333134651184,0.6036679148674011,842,1818043732,4,4
175001,1920,2625015,336001920,23520,0.6458333134651184,128,175000,0.8415632247924805,1920,17,4,500000,1000,,175001.0,0.6875,0.5862811207771301,0.6458333134651184,0.6038434505462646,848,1818043732,4,4
176001,1920,2640015,337921920,23520,0.6458333134651184,128,176000,0.8509340286254883,1920,17,4,500000,1000,,176001.0,0.6895833611488342,0.5862783193588257,0.643750011920929,0.6040038466453552,854,1818043732,4,4
177001,1920,2655015,339841920,23520,0.643750011920929,128,177000,0.8556790351867676,1920,17,4,500000,1000,,177001.0,0.6890624761581421,0.5862789154052734,0.6479166746139526,0.603838324546814,860,1818043732,4,4
178001,1920,2670015,341761920,23520,0.6479166746139526,128,178000,0.8602249622344971,1920,17,4,500000,1000,,178001.0,0.6890624761581421,0.5862756967544556,0.6458333134651184,0.6038428544998169,865,1818043732,4,4
179001,1920,2685015,343681920,23520,0.6458333134651184,128,179000,0.864750862121582,1920,17,4,500000,1000,,179001.0,0.6885416507720947,0.5862751007080078,0.6458333134651184,0.603848397731781,870,1818043732,4,4
180001,1920,2700015,345601920,23520,0.6458333134651184,128,180000,0.8692760467529297,1920,17,4,500000,1000,,180001.0,0.6875,0.586270272731781,0.6458333134651184,0.6039275527000427,875,1818043732,4,4
181001,1920,2715015,347521920,23520,0.6458333134651184,128,181000,0.8738043308258057,1920,17,4,500000,1000,,181001.0,0.6885416507720947,0.5862708687782288,0.6458333134651184,0.603906512260437,879,1818043732,4,4
182001,1920,2730015,349441920,23520,0.6458333134651184,128,182000,0.8783471584320068,1920,17,4,500000,1000,,182001.0,0.6880208253860474,0.5862659811973572,0.6479166746139526,0.603983461856842,884,1818043732,4,4
183001,1920,2745015,351361920,23520,0.6479166746139526,128,183000,0.8828470706939697,1920,17,4,500000,1000,,183001.0,0.6869791746139526,0.5862617492675781,0.6479166746139526,0.6038738489151001,889,1818043732,4,4
184001,1920,2760015,353281920,23520,0.6479166746139526,128,184000,0.887498140335083,1920,17,4,500000,1000,,184001.0,0.6890624761581421,0.5862628817558289,0.6458333134651184,0.6040911078453064,894,1818043732,4,4
185001,1920,2775015,355201920,23520,0.6458333134651184,128,185000,0.892024040222168,1920,17,4,500000,1000,,185001.0,0.6885416507720947,0.5862609148025513,0.6479166746139526,0.6040210723876953,899,1818043732,4,4
186001,1920,2790015,357121920,23520,0.6479166746139526,128,186000,0.8969869613647461,1920,17,4,500000,1000,,186001.0,0.6875,0.5862610340118408,0.6479166746139526,0.6036605834960938,904,1818043732,4,4
187001,1920,2805015,359041920,23520,0.6479166746139526,128,187000,0.9015288352966309,1920,17,4,500000,1000,,187001.0,0.6875,0.5862560868263245,0.6458333134651184,0.6038409471511841,908,1818043732,4,4
188001,1920,2820015,360961920,23520,0.6458333134651184,128,188000,0.906095027923584,1920,17,4,500000,1000,,188001.0,0.6880208253860474,0.5862566828727722,0.6458333134651184,0.603688657283783,913,1818043732,4,4
189001,1920,2835015,362881920,23520,0.6458333134651184,128,189000,0.9106640815734863,1920,17,4,500000,1000,,189001.0,0.6890624761581421,0.5862566232681274,0.6458333134651184,0.6039416193962097,918,1818043732,4,4
190001,1920,2850015,364801920,23520,0.6458333134651184,128,190000,0.9151980876922607,1920,17,4,500000,1000,,190001.0,0.6885416507720947,0.5862583518028259,0.6458333134651184,0.6039865016937256,923,1818043732,4,4
191001,1920,2865015,366721920,23520,0.6458333134651184,128,191000,0.9197828769683838,1920,17,4,500000,1000,,191001.0,0.6885416507720947,0.5862494111061096,0.6458333134651184,0.6038296222686768,928,1818043732,4,4
192001,1920,2880015,368641920,23520,0.6458333134651184,128,192000,0.9243159294128418,1920,17,4,500000,1000,,192001.0,0.6880208253860474,0.5862529277801514,0.6458333134651184,0.6038087010383606,933,1818043732,4,4
193001,1920,2895015,370561920,23520,0.6458333134651184,128,193000,0.9288489818572998,1920,17,4,500000,1000,,193001.0,0.6885416507720947,0.5862482190132141,0.6479166746139526,0.6039600968360901,937,1818043732,4,4
194001,1920,2910015,372481920,23520,0.6479166746139526,128,194000,0.9333221912384033,1920,17,4,500000,1000,,194001.0,0.6875,0.5862458944320679,0.6458333134651184,0.6041857600212097,942,1818043732,4,4
195001,1920,2925015,374401920,23520,0.6458333134651184,128,195000,0.9378519058227539,1920,17,4,500000,1000,,195001.0,0.6901041865348816,0.5862433314323425,0.6458333134651184,0.60396409034729,947,1818043732,4,4
196001,1920,2940015,376321920,23520,0.6458333134651184,128,196000,0.9423859119415283,1920,17,4,500000,1000,,196001.0,0.6895833611488342,0.5862415432929993,0.6458333134651184,0.6038067936897278,952,1818043732,4,4
197001,1920,2955015,378241920,23520,0.6458333134651184,128,197000,0.9471068382263184,1920,17,4,500000,1000,,197001.0,0.6895833611488342,0.58623868227005,0.6458333134651184,0.6038761138916016,957,1818043732,4,4
198001,1920,2970015,380161920,23520,0.6458333134651184,128,198000,0.9518277645111084,1920,17,4,500000,1000,,198001.0,0.6875,0.5862399935722351,0.6458333134651184,0.6039069890975952,962,1818043732,4,4
199001,1920,2985015,382081920,23520,0.6458333134651184,128,199000,0.9935078620910645,1920,17,4,500000,1000,,199001.0,0.6901041865348816,0.5862395167350769,0.6458333134651184,0.6041048765182495,967,1818043732,4,4
200001,1920,3000015,384001920,23520,0.6458333134651184,128,200000,0.9981846809387207,1920,17,4,500000,1000,,200001.0,0.6875,0.5862346291542053,0.6458333134651184,0.6039448380470276,972,1818043732,4,4
201001,1920,3015015,385921920,23520,0.6458333134651184,128,201000,1.0027027130126953,1920,17,4,500000,1000,,201001.0,0.6875,0.5862347483634949,0.6479166746139526,0.6039993166923523,977,1818043732,4,4
202001,1920,3030015,387841920,23520,0.6479166746139526,128,202000,1.0071778297424316,1920,17,4,500000,1000,,202001.0,0.6854166388511658,0.5862382054328918,0.6479166746139526,0.6037895679473877,982,1818043732,4,4
203001,1920,3045015,389761920,23520,0.6479166746139526,128,203000,1.011655569076538,1920,17,4,500000,1000,,203001.0,0.6890624761581421,0.5862382650375366,0.643750011920929,0.60394287109375,986,1818043732,4,4
204001,1920,3060015,391681920,23520,0.643750011920929,128,204000,1.0161795616149902,1920,17,4,500000,1000,,204001.0,0.6880208253860474,0.586234450340271,0.6458333134651184,0.603765070438385,991,1818043732,4,4
205001,1920,3075015,393601920,23520,0.6458333134651184,128,205000,1.0222105979919434,1920,17,4,500000,1000,,205001.0,0.6901041865348816,0.5862337350845337,0.6458333134651184,0.604041337966919,996,1818043732,4,4
206001,1920,3090015,395521920,23520,0.6458333134651184,128,206000,1.0267536640167236,1920,17,4,500000,1000,,206001.0,0.6890624761581421,0.5862318277359009,0.6458333134651184,0.6037915945053101,1000,1818043732,4,4
207001,1920,3105015,397441920,23520,0.6458333134651184,128,207000,1.0312707424163818,1920,17,4,500000,1000,,207001.0,0.6890624761581421,0.5862276554107666,0.6458333134651184,0.6038261651992798,1005,1818043732,4,4
208001,1920,3120015,399361920,23520,0.6458333134651184,128,208000,1.035761833190918,1920,17,4,500000,1000,,208001.0,0.6901041865348816,0.5862228274345398,0.6458333134651184,0.6040375828742981,1010,1818043732,4,4
209001,1920,3135015,401281920,23520,0.6458333134651184,128,209000,1.040306806564331,1920,17,4,500000,1000,,209001.0,0.6890624761581421,0.586222767829895,0.643750011920929,0.603809654712677,1015,1818043732,4,4
210001,1920,3150015,403201920,23520,0.643750011920929,128,210000,1.0450029373168945,1920,17,4,500000,1000,,210001.0,0.6875,0.5862204432487488,0.6479166746139526,0.6039090752601624,1020,1818043732,4,4
211001,1920,3165015,405121920,23520,0.6479166746139526,128,211000,1.0495009422302246,1920,17,4,500000,1000,,211001.0,0.6875,0.5862191319465637,0.6479166746139526,0.6039127707481384,1025,1818043732,4,4
212001,1920,3180015,407041920,23520,0.6479166746139526,128,212000,1.0543220043182373,1920,17,4,500000,1000,,212001.0,0.6875,0.5862206220626831,0.643750011920929,0.6038532853126526,1030,1818043732,4,4
213001,1920,3195015,408961920,23520,0.643750011920929,128,213000,1.0589971542358398,1920,17,4,500000,1000,,213001.0,0.6864583492279053,0.5862221121788025,0.6458333134651184,0.6040849685668945,1036,1818043732,4,4
214001,1920,3210015,410881920,23520,0.6458333134651184,128,214000,1.0640149116516113,1920,17,4,500000,1000,,214001.0,0.6869791746139526,0.5862163305282593,0.6458333134651184,0.6038974523544312,1042,1818043732,4,4
215001,1920,3225015,412801920,23520,0.6458333134651184,128,215000,1.0686330795288086,1920,17,4,500000,1000,,215001.0,0.6895833611488342,0.5862220525741577,0.6458333134651184,0.6040775179862976,1047,1818043732,4,4
216001,1920,3240015,414721920,23520,0.6458333134651184,128,216000,1.0754280090332031,1920,17,4,500000,1000,,216001.0,0.6901041865348816,0.5862153768539429,0.643750011920929,0.604098379611969,1053,1818043732,4,4
217001,1920,3255015,416641920,23520,0.643750011920929,128,217000,1.1552700996398926,1920,17,4,500000,1000,,217001.0,0.6880208253860474,0.5862143635749817,0.6458333134651184,0.6040256023406982,1064,1818043732,4,4
218001,1920,3270015,418561920,23520,0.6458333134651184,128,218000,1.1599140167236328,1920,17,4,500000,1000,,218001.0,0.690625011920929,0.586211085319519,0.6416666507720947,0.6039798855781555,1077,1818043732,4,4
219001,1920,3285015,420481920,23520,0.6416666507720947,128,219000,1.1643898487091064,1920,17,4,500000,1000,,219001.0,0.6895833611488342,0.5862084627151489,0.6479166746139526,0.6038100719451904,1083,1818043732,4,4
220001,1920,3300015,422401920,23520,0.6479166746139526,128,220000,1.1688778400421143,1920,17,4,500000,1000,,220001.0,0.6911458373069763,0.5862085819244385,0.6458333134651184,0.604054868221283,1088,1818043732,4,4
221001,1920,3315015,424321920,23520,0.6458333134651184,128,221000,1.1733698844909668,1920,17,4,500000,1000,,221001.0,0.6890624761581421,0.5862070918083191,0.6458333134651184,0.603949248790741,1093,1818043732,4,4
222001,1920,3330015,426241920,23520,0.6458333134651184,128,222000,1.1778669357299805,1920,17,4,500000,1000,,222001.0,0.6880208253860474,0.5862037539482117,0.6458333134651184,0.6035223603248596,1098,1818043732,4,4
223001,1920,3345015,428161920,23520,0.6458333134651184,128,223000,1.182790756225586,1920,17,4,500000,1000,,223001.0,0.6911458373069763,0.5862005352973938,0.6479166746139526,0.6035097241401672,1104,1818043732,4,4
224001,1920,3360015,430081920,23520,0.6479166746139526,128,224000,1.1873767375946045,1920,17,4,500000,1000,,224001.0,0.6901041865348816,0.5862033367156982,0.6458333134651184,0.6035983562469482,1109,1818043732,4,4
225001,1920,3375015,432001920,23520,0.6458333134651184,128,225000,1.191875696182251,1920,17,4,500000,1000,,225001.0,0.6885416507720947,0.586204469203949,0.6479166746139526,0.6036079525947571,1114,1818043732,4,4
226001,1920,3390015,433921920,23520,0.6479166746139526,128,226000,1.1963987350463867,1920,17,4,500000,1000,,226001.0,0.6880208253860474,0.5861983895301819,0.6479166746139526,0.6037409901618958,1119,1818043732,4,4
227001,1920,3405015,435841920,23520,0.6479166746139526,128,227000,1.200981855392456,1920,17,4,500000,1000,,227001.0,0.6901041865348816,0.5861979126930237,0.6479166746139526,0.6038609743118286,1124,1818043732,4,4
228001,1920,3420015,437761920,23520,0.6479166746139526,128,228000,1.2056291103363037,1920,17,4,500000,1000,,228001.0,0.6895833611488342,0.586199164390564,0.6479166746139526,0.6037858128547668,1129,1818043732,4,4
229001,1920,3435015,439681920,23520,0.6479166746139526,128,229000,1.2102892398834229,1920,17,4,500000,1000,,229001.0,0.6901041865348816,0.5862005352973938,0.6479166746139526,0.6038176417350769,1134,1818043732,4,4
230001,1920,3450015,441601920,23520,0.6479166746139526,128,230000,1.2148373126983643,1920,17,4,500000,1000,,230001.0,0.6901041865348816,0.5861948132514954,0.6479166746139526,0.6036876440048218,1139,1818043732,4,4
231001,1920,3465015,443521920,23520,0.6479166746139526,128,231000,1.219966173171997,1920,17,4,500000,1000,,231001.0,0.6895833611488342,0.5861940979957581,0.6479166746139526,0.6037003993988037,1144,1818043732,4,4
232001,1920,3480015,445441920,23520,0.6479166746139526,128,232000,1.2245161533355713,1920,17,4,500000,1000,,232001.0,0.690625011920929,0.5861958861351013,0.6479166746139526,0.6037351489067078,1149,1818043732,4,4
233001,1920,3495015,447361920,23520,0.6479166746139526,128,233000,1.2291882038116455,1920,17,4,500000,1000,,233001.0,0.690625011920929,0.5861942172050476,0.6458333134651184,0.6038616299629211,1154,1818043732,4,4
234001,1920,3510015,449281920,23520,0.6458333134651184,128,234000,1.233708143234253,1920,17,4,500000,1000,,234001.0,0.6911458373069763,0.5861883759498596,0.6458333134651184,0.6036733984947205,1159,1818043732,4,4
235001,1920,3525015,451201920,23520,0.6458333134651184,128,235000,1.238415241241455,1920,17,4,500000,1000,,235001.0,0.6895833611488342,0.5861874222755432,0.6458333134651184,0.6037752628326416,1164,1818043732,4,4
236001,1920,3540015,453121920,23520,0.6458333134651184,128,236000,1.2429413795471191,1920,17,4,500000,1000,,236001.0,0.6895833611488342,0.5861838459968567,0.6458333134651184,0.6038543581962585,1169,1818043732,4,4
237001,1920,3555015,455041920,23520,0.6458333134651184,128,237000,1.2474334239959717,1920,17,4,500000,1000,,237001.0,0.6901041865348816,0.5861900448799133,0.6458333134651184,0.603801429271698,1173,1818043732,4,4
238001,1920,3570015,456961920,23520,0.6458333134651184,128,238000,1.252082347869873,1920,17,4,500000,1000,,238001.0,0.6901041865348816,0.5861846208572388,0.6458333134651184,0.6039364337921143,1179,1818043732,4,4
239001,1920,3585015,458881920,23520,0.6458333134651184,128,239000,1.2565760612487793,1920,17,4,500000,1000,,239001.0,0.690625011920929,0.5861852169036865,0.6458333134651184,0.6039295196533203,1183,1818043732,4,4
240001,1920,3600015,460801920,23520,0.6458333134651184,128,240000,1.2613999843597412,1920,17,4,500000,1000,,240001.0,0.690625011920929,0.5861819982528687,0.6479166746139526,0.6038609147071838,1188,1818043732,4,4
241001,1920,3615015,462721920,23520,0.6479166746139526,128,241000,1.2679450511932373,1920,17,4,500000,1000,,241001.0,0.690625011920929,0.5861826539039612,0.6458333134651184,0.6038668155670166,1193,1818043732,4,4
242001,1920,3630015,464641920,23520,0.6458333134651184,128,242000,1.2724542617797852,1920,17,4,500000,1000,,242001.0,0.6901041865348816,0.5861849188804626,0.6458333134651184,0.6036234498023987,1198,1818043732,4,4
243001,1920,3645015,466561920,23520,0.6458333134651184,128,243000,1.2769923210144043,1920,17,4,500000,1000,,243001.0,0.690625011920929,0.5861812829971313,0.6458333134651184,0.6036498546600342,1203,1818043732,4,4
244001,1920,3660015,468481920,23520,0.6458333134651184,128,244000,1.2815203666687012,1920,17,4,500000,1000,,244001.0,0.690625011920929,0.5861779451370239,0.6458333134651184,0.6034523844718933,1208,1818043732,4,4
245001,1920,3675015,470401920,23520,0.6458333134651184,128,245000,1.2861063480377197,1920,17,4,500000,1000,,245001.0,0.6901041865348816,0.5861742496490479,0.6479166746139526,0.6036392450332642,1213,1818043732,4,4
246001,1920,3690015,472321920,23520,0.6479166746139526,128,246000,1.290607213973999,1920,17,4,500000,1000,,246001.0,0.690625011920929,0.5861753821372986,0.6479166746139526,0.6039016842842102,1218,1818043732,4,4
247001,1920,3705015,474241920,23520,0.6479166746139526,128,247000,1.2951362133026123,1920,17,4,500000,1000,,247001.0,0.690625011920929,0.5861752033233643,0.6479166746139526,0.6038814783096313,1223,1818043732,4,4
248001,1920,3720015,476161920,23520,0.6479166746139526,128,248000,1.2996623516082764,1920,17,4,500000,1000,,248001.0,0.6901041865348816,0.5861799120903015,0.6458333134651184,0.6039893627166748,1227,1818043732,4,4
249001,1920,3735015,478081920,23520,0.6458333134651184,128,249000,1.3042004108428955,1920,17,4,500000,1000,,249001.0,0.6895833611488342,0.586174726486206,0.6479166746139526,0.6038979291915894,1232,1818043732,4,4
250001,1920,3750015,480001920,23520,0.6479166746139526,128,250000,1.3093235492706299,1920,17,4,500000,1000,,250001.0,0.6901041865348816,0.5861742496490479,0.6458333134651184,0.6039143204689026,1237,1818043732,4,4
251001,1920,3765015,481921920,23520,0.6458333134651184,128,251000,1.3146858215332031,1920,17,4,500000,1000,,251001.0,0.6895833611488342,0.5861727595329285,0.6458333134651184,0.6037273406982422,1242,1818043732,4,4
252001,1920,3780015,483841920,23520,0.6458333134651184,128,252000,1.31917405128479,1920,17,4,500000,1000,,252001.0,0.6895833611488342,0.5861713290214539,0.6458333134651184,0.6038277745246887,1247,1818043732,4,4
253001,1920,3795015,485761920,23520,0.6458333134651184,128,253000,1.3236570358276367,1920,17,4,500000,1000,,253001.0,0.690625011920929,0.5861744284629822,0.6479166746139526,0.603964626789093,1252,1818043732,4,4
254001,1920,3810015,487681920,23520,0.6479166746139526,128,254000,1.3281428813934326,1920,17,4,500000,1000,,254001.0,0.6901041865348816,0.5861696600914001,0.6458333134651184,0.6038700342178345,1257,1818043732,4,4
255001,1920,3825015,489601920,23520,0.6458333134651184,128,255000,1.3327009677886963,1920,17,4,500000,1000,,255001.0,0.6901041865348816,0.5861677527427673,0.6458333134651184,0.6037704348564148,1262,1818043732,4,4
256001,1920,3840015,491521920,23520,0.6458333134651184,128,256000,1.3372490406036377,1920,17,4,500000,1000,,256001.0,0.6901041865348816,0.586165189743042,0.6458333134651184,0.6039165258407593,1267,1818043732,4,4
257001,1920,3855015,493441920,23520,0.6458333134651184,128,257000,1.3418960571289062,1920,17,4,500000,1000,,257001.0,0.6901041865348816,0.586166501045227,0.643750011920929,0.6039860844612122,1273,1818043732,4,4
258001,1920,3870015,495361920,23520,0.643750011920929,128,258000,1.3463962078094482,1920,17,4,500000,1000,,258001.0,0.6895833611488342,0.5861654877662659,0.6458333134651184,0.6036650538444519,1278,1818043732,4,4
259001,1920,3885015,497281920,23520,0.6458333134651184,128,259000,1.3508942127227783,1920,17,4,500000,1000,,259001.0,0.690625011920929,0.5861627459526062,0.6458333134651184,0.6035054922103882,1282,1818043732,4,4
260001,1920,3900015,499201920,23520,0.6458333134651184,128,260000,1.3554141521453857,1920,17,4,500000,1000,,260001.0,0.6890624761581421,0.5861615538597107,0.6458333134651184,0.6037492156028748,1287,1818043732,4,4
261001,1920,3915015,501121920,23520,0.6458333134651184,128,261000,1.359955072402954,1920,17,4,500000,1000,,261001.0,0.6901041865348816,0.5861591696739197,0.6479166746139526,0.6036812663078308,1292,1818043732,4,4
262001,1920,3930015,503041920,23520,0.6479166746139526,128,262000,1.364509105682373,1920,17,4,500000,1000,,262001.0,0.6911458373069763,0.5861577391624451,0.6458333134651184,0.603678822517395,1297,1818043732,4,4
263001,1920,3945015,504961920,23520,0.6458333134651184,128,263000,1.3691561222076416,1920,17,4,500000,1000,,263001.0,0.690625011920929,0.5861613750457764,0.6458333134651184,0.6036537885665894,1302,1818043732,4,4
264001,1920,3960015,506881920,23520,0.6458333134651184,128,264000,1.3737573623657227,1920,17,4,500000,1000,,264001.0,0.690625011920929,0.5861600041389465,0.6458333134651184,0.6039010882377625,1307,1818043732,4,4
265001,1920,3975015,508801920,23520,0.6458333134651184,128,265000,1.3783864974975586,1920,17,4,500000,1000,,265001.0,0.6901041865348816,0.5861548781394958,0.6479166746139526,0.6037152409553528,1312,1818043732,4,4
266001,1920,3990015,510721920,23520,0.6479166746139526,128,266000,1.3829083442687988,1920,17,4,500000,1000,,266001.0,0.6911458373069763,0.5861544013023376,0.6458333134651184,0.6037963628768921,1317,1818043732,4,4
267001,1920,4005015,512641920,23520,0.6458333134651184,128,267000,1.3876380920410156,1920,17,4,500000,1000,,267001.0,0.6901041865348816,0.5861555337905884,0.6458333134651184,0.6036077737808228,1322,1818043732,4,4
268001,1920,4020015,514561920,23520,0.6458333134651184,128,268000,1.3922922611236572,1920,17,4,500000,1000,,268001.0,0.6911458373069763,0.5861576795578003,0.6458333134651184,0.6038548946380615,1327,1818043732,4,4
269001,1920,4035015,516481920,23520,0.6458333134651184,128,269000,1.3969192504882812,1920,17,4,500000,1000,,269001.0,0.6875,0.5861531496047974,0.643750011920929,0.6036917567253113,1332,1818043732,4,4
270001,1920,4050015,518401920,23520,0.643750011920929,128,270000,1.4014461040496826,1920,17,4,500000,1000,,270001.0,0.6885416507720947,0.5861538052558899,0.6458333134651184,0.6038981080055237,1337,1818043732,4,4
271001,1920,4065015,520321920,23520,0.6458333134651184,128,271000,1.4059531688690186,1920,17,4,500000,1000,,271001.0,0.6875,0.5861514806747437,0.6458333134651184,0.6039251685142517,1342,1818043732,4,4
272001,1920,4080015,522241920,23520,0.6458333134651184,128,272000,1.4131505489349365,1920,17,4,500000,1000,,272001.0,0.6895833611488342,0.586155116558075,0.6458333134651184,0.6038395166397095,1347,1818043732,4,4
273001,1920,4095015,524161920,23520,0.6458333134651184,128,273000,1.4178917407989502,1920,17,4,500000,1000,,273001.0,0.6890624761581421,0.5861518979072571,0.6479166746139526,0.6038357615470886,1352,1818043732,4,4
274001,1920,4110015,526081920,23520,0.6479166746139526,128,274000,1.4224419593811035,1920,17,4,500000,1000,,274001.0,0.6885416507720947,0.5861524939537048,0.6458333134651184,0.603988528251648,1357,1818043732,4,4
275001,1920,4125015,528001920,23520,0.6458333134651184,128,275000,1.4269177913665771,1920,17,4,500000,1000,,275001.0,0.6890624761581421,0.586151123046875,0.6499999761581421,0.6037537455558777,1361,1818043732,4,4
276001,1920,4140015,529921920,23520,0.6499999761581421,128,276000,1.4315738677978516,1920,17,4,500000,1000,,276001.0,0.6895833611488342,0.5861508846282959,0.6479166746139526,0.6037017703056335,1366,1818043732,4,4
277001,1920,4155015,531841920,23520,0.6479166746139526,128,277000,1.436227560043335,1920,17,4,500000,1000,,277001.0,0.6890624761581421,0.5861489176750183,0.6458333134651184,0.6038160920143127,1372,1818043732,4,4
278001,1920,4170015,533761920,23520,0.6458333134651184,128,278000,1.4408605098724365,1920,17,4,500000,1000,,278001.0,0.6890624761581421,0.5861464142799377,0.6458333134651184,0.6038655638694763,1376,1818043732,4,4
279001,1920,4185015,535681920,23520,0.6458333134651184,128,279000,1.4454865455627441,1920,17,4,500000,1000,,279001.0,0.6901041865348816,0.5861446261405945,0.6458333134651184,0.603859543800354,1381,1818043732,4,4
280001,1920,4200015,537601920,23520,0.6458333134651184,128,280000,1.4499826431274414,1920,17,4,500000,1000,,280001.0,0.6885416507720947,0.5861451029777527,0.6458333134651184,0.6039286255836487,1386,1818043732,4,4
281001,1920,4215015,539521920,23520,0.6458333134651184,128,281000,1.45668363571167,1920,17,4,500000,1000,,281001.0,0.690625011920929,0.586142361164093,0.6416666507720947,0.603892982006073,1391,1818043732,4,4
282001,1920,4230015,541441920,23520,0.6416666507720947,128,282000,1.4613876342773438,1920,17,4,500000,1000,,282001.0,0.6895833611488342,0.5861427783966064,0.6458333134651184,0.60373854637146,1396,1818043732,4,4
283001,1920,4245015,543361920,23520,0.6458333134651184,128,283000,1.4658818244934082,1920,17,4,500000,1000,,283001.0,0.6911458373069763,0.5861437320709229,0.6458333134651184,0.6037708520889282,1401,1818043732,4,4
284001,1920,4260015,545281920,23520,0.6458333134651184,128,284000,1.4704127311706543,1920,17,4,500000,1000,,284001.0,0.6895833611488342,0.5861414670944214,0.6458333134651184,0.6037364602088928,1406,1818043732,4,4
285001,1920,4275015,547201920,23520,0.6458333134651184,128,285000,1.4754748344421387,1920,17,4,500000,1000,,285001.0,0.6885416507720947,0.5861407518386841,0.6479166746139526,0.6035030484199524,1411,1818043732,4,4
286001,1920,4290015,549121920,23520,0.6479166746139526,128,286000,1.4799418449401855,1920,17,4,500000,1000,,286001.0,0.6885416507720947,0.5861362218856812,0.643750011920929,0.6035858392715454,1416,1818043732,4,4
287001,1920,4305015,551041920,23520,0.643750011920929,128,287000,1.4849610328674316,1920,17,4,500000,1000,,287001.0,0.6890624761581421,0.5861390233039856,0.6479166746139526,0.6038045883178711,1421,1818043732,4,4
288001,1920,4320015,552961920,23520,0.6479166746139526,128,288000,1.489497184753418,1920,17,4,500000,1000,,288001.0,0.6875,0.5861341953277588,0.6479166746139526,0.6037437319755554,1425,1818043732,4,4
289001,1920,4335015,554881920,23520,0.6479166746139526,128,289000,1.4939780235290527,1920,17,4,500000,1000,,289001.0,0.6890624761581421,0.5861355066299438,0.6479166746139526,0.6036407351493835,1430,1818043732,4,4
290001,1920,4350015,556801920,23520,0.6479166746139526,128,290000,1.4985032081604004,1920,17,4,500000,1000,,290001.0,0.6895833611488342,0.586133599281311,0.6458333134651184,0.6036261320114136,1435,1818043732,4,4
291001,1920,4365015,558721920,23520,0.6458333134651184,128,291000,1.5030713081359863,1920,17,4,500000,1000,,291001.0,0.6890624761581421,0.5861327052116394,0.6458333134651184,0.6035782098770142,1440,1818043732,4,4
292001,1920,4380015,560641920,23520,0.6458333134651184,128,292000,1.507594347000122,1920,17,4,500000,1000,,292001.0,0.6901041865348816,0.5861284136772156,0.6479166746139526,0.6038137078285217,1445,1818043732,4,4
293001,1920,4395015,562561920,23520,0.6479166746139526,128,293000,1.5120570659637451,1920,17,4,500000,1000,,293001.0,0.6895833611488342,0.5861316919326782,0.6479166746139526,0.6037033796310425,1449,1818043732,4,4
294001,1920,4410015,564481920,23520,0.6479166746139526,128,294000,1.5166101455688477,1920,17,4,500000,1000,,294001.0,0.6895833611488342,0.5861300230026245,0.6479166746139526,0.6035375595092773,1454,1818043732,4,4
295001,1920,4425015,566401920,23520,0.6479166746139526,128,295000,1.5210871696472168,1920,17,4,500000,1000,,295001.0,0.6895833611488342,0.5861284136772156,0.6479166746139526,0.6035932898521423,1459,1818043732,4,4
296001,1920,4440015,568321920,23520,0.6479166746139526,128,296000,1.5257692337036133,1920,17,4,500000,1000,,296001.0,0.6890624761581421,0.5861269235610962,0.6479166746139526,0.6036754250526428,1464,1818043732,4,4
297001,1920,4455015,570241920,23520,0.6479166746139526,128,297000,1.53043532371521,1920,17,4,500000,1000,,297001.0,0.6895833611488342,0.5861247777938843,0.6458333134651184,0.6036767363548279,1469,1818043732,4,4
298001,1920,4470015,572161920,23520,0.6458333134651184,128,298000,1.5349631309509277,1920,17,4,500000,1000,,298001.0,0.6890624761581421,0.5861296057701111,0.6458333134651184,0.6037626266479492,1475,1818043732,4,4
299001,1920,4485015,574081920,23520,0.6458333134651184,128,299000,1.5395972728729248,1920,17,4,500000,1000,,299001.0,0.6901041865348816,0.586127519607544,0.6458333134651184,0.6036901473999023,1481,1818043732,4,4
300001,1920,4500015,576001920,23520,0.6458333134651184,128,300000,1.5441234111785889,1920,17,4,500000,1000,,300001.0,0.6901041865348816,0.5861276984214783,0.6458333134651184,0.6036590337753296,1486,1818043732,4,4
301001,1920,4515015,577921920,23520,0.6458333134651184,128,301000,1.5486345291137695,1920,17,4,500000,1000,,301001.0,0.6901041865348816,0.5861235857009888,0.6458333134651184,0.6038410663604736,1492,1818043732,4,4
302001,1920,4530015,579841920,23520,0.6458333134651184,128,302000,1.553201675415039,1920,17,4,500000,1000,,302001.0,0.6901041865348816,0.586126983165741,0.6458333134651184,0.6036773920059204,1497,1818043732,4,4
303001,1920,4545015,581761920,23520,0.6458333134651184,128,303000,1.557896614074707,1920,17,4,500000,1000,,303001.0,0.6895833611488342,0.5861269235610962,0.6458333134651184,0.6036176681518555,1502,1818043732,4,4
304001,1920,4560015,583681920,23520,0.6458333134651184,128,304000,1.5626447200775146,1920,17,4,500000,1000,,304001.0,0.6895833611488342,0.5861232876777649,0.6458333134651184,0.6037522554397583,1507,1818043732,4,4
305001,1920,4575015,585601920,23520,0.6458333134651184,128,305000,1.5673115253448486,1920,17,4,500000,1000,,305001.0,0.6890624761581421,0.5861247181892395,0.6479166746139526,0.6037037372589111,1512,1818043732,4,4
306001,1920,4590015,587521920,23520,0.6479166746139526,128,306000,1.5718145370483398,1920,17,4,500000,1000,,306001.0,0.6890624761581421,0.5861220955848694,0.6479166746139526,0.6037823557853699,1517,1818043732,4,4
307001,1920,4605015,589441920,23520,0.6479166746139526,128,307000,1.5764446258544922,1920,17,4,500000,1000,,307001.0,0.6895833611488342,0.5861204266548157,0.6479166746139526,0.6035799384117126,1523,1818043732,4,4
308001,1920,4620015,591361920,23520,0.6479166746139526,128,308000,1.5819194316864014,1920,17,4,500000,1000,,308001.0,0.6895833611488342,0.5861189961433411,0.643750011920929,0.6038075089454651,1528,1818043732,4,4
309001,1920,4635015,593281920,23520,0.643750011920929,128,309000,1.586585521697998,1920,17,4,500000,1000,,309001.0,0.6901041865348816,0.586117684841156,0.643750011920929,0.603810727596283,1533,1818043732,4,4
310001,1920,4650015,595201920,23520,0.643750011920929,128,310000,1.5911693572998047,1920,17,4,500000,1000,,310001.0,0.6901041865348816,0.5861219167709351,0.6458333134651184,0.6038200259208679,1538,1818043732,4,4
311001,1920,4665015,597121920,23520,0.6458333134651184,128,311000,1.5956604480743408,1920,17,4,500000,1000,,311001.0,0.6895833611488342,0.5861194729804993,0.6458333134651184,0.603681206703186,1543,1818043732,4,4
312001,1920,4680015,599041920,23520,0.6458333134651184,128,312000,1.6001865863800049,1920,17,4,500000,1000,,312001.0,0.6890624761581421,0.5861169099807739,0.6479166746139526,0.6037659049034119,1548,1818043732,4,4
313001,1920,4695015,600961920,23520,0.6479166746139526,128,313000,1.6046764850616455,1920,17,4,500000,1000,,313001.0,0.6901041865348816,0.5861148834228516,0.6458333134651184,0.6038380861282349,1552,1818043732,4,4
314001,1920,4710015,602881920,23520,0.6458333134651184,128,314000,1.6091785430908203,1920,17,4,500000,1000,,314001.0,0.6885416507720947,0.5861198306083679,0.6479166746139526,0.603485107421875,1557,1818043732,4,4
315001,1920,4725015,604801920,23520,0.6479166746139526,128,315000,1.6146447658538818,1920,17,4,500000,1000,,315001.0,0.6901041865348816,0.5861160159111023,0.6479166746139526,0.6037953495979309,1562,1818043732,4,4
316001,1920,4740015,606721920,23520,0.6479166746139526,128,316000,1.619302749633789,1920,17,4,500000,1000,,316001.0,0.6890624761581421,0.5861139893531799,0.6479166746139526,0.6037468314170837,1567,1818043732,4,4
317001,1920,4755015,608641920,23520,0.6479166746139526,128,317000,1.623962640762329,1920,17,4,500000,1000,,317001.0,0.6890624761581421,0.5861131548881531,0.6479166746139526,0.6038485169410706,1572,1818043732,4,4
318001,1920,4770015,610561920,23520,0.6479166746139526,128,318000,1.6284947395324707,1920,17,4,500000,1000,,318001.0,0.6890624761581421,0.586111843585968,0.6479166746139526,0.6036885976791382,1577,1818043732,4,4
319001,1920,4785015,612481920,23520,0.6479166746139526,128,319000,1.6332228183746338,1920,17,4,500000,1000,,319001.0,0.6890624761581421,0.5861116051673889,0.6479166746139526,0.6036432981491089,1582,1818043732,4,4
320001,1920,4800015,614401920,23520,0.6479166746139526,128,320000,1.6377429962158203,1920,17,4,500000,1000,,320001.0,0.6895833611488342,0.5861120820045471,0.6458333134651184,0.6035799384117126,1587,1818043732,4,4
321001,1920,4815015,616321920,23520,0.6458333134651184,128,321000,1.6422178745269775,1920,17,4,500000,1000,,321001.0,0.6880208253860474,0.5861119627952576,0.6479166746139526,0.6035173535346985,1592,1818043732,4,4
322001,1920,4830015,618241920,23520,0.6479166746139526,128,322000,1.6468257904052734,1920,17,4,500000,1000,,322001.0,0.6890624761581421,0.5861064195632935,0.6416666507720947,0.6035274267196655,1597,1818043732,4,4
323001,1920,4845015,620161920,23520,0.6416666507720947,128,323000,1.6514477729797363,1920,17,4,500000,1000,,323001.0,0.6901041865348816,0.5861074328422546,0.6458333134651184,0.6035932302474976,1602,1818043732,4,4
324001,1920,4860015,622081920,23520,0.6458333134651184,128,324000,1.6559927463531494,1920,17,4,500000,1000,,324001.0,0.6901041865348816,0.5861070156097412,0.6479166746139526,0.6036972403526306,1607,1818043732,4,4
325001,1920,4875015,624001920,23520,0.6479166746139526,128,325000,1.6663265228271484,1920,17,4,500000,1000,,325001.0,0.690625011920929,0.5861106514930725,0.6458333134651184,0.6036891937255859,1612,1818043732,4,4
326001,1920,4890015,625921920,23520,0.6458333134651184,128,326000,1.6708424091339111,1920,17,4,500000,1000,,326001.0,0.6895833611488342,0.5861073136329651,0.6458333134651184,0.6036027073860168,1617,1818043732,4,4
327001,1920,4905015,627841920,23520,0.6458333134651184,128,327000,1.6754887104034424,1920,17,4,500000,1000,,327001.0,0.6901041865348816,0.5861061215400696,0.6458333134651184,0.6035934090614319,1622,1818043732,4,4
328001,1920,4920015,629761920,23520,0.6458333134651184,128,328000,1.6802096366882324,1920,17,4,500000,1000,,328001.0,0.6895833611488342,0.5861063599586487,0.6479166746139526,0.6036195158958435,1627,1818043732,4,4
329001,1920,4935015,631681920,23520,0.6479166746139526,128,329000,1.684868574142456,1920,17,4,500000,1000,,329001.0,0.6901041865348816,0.5861042737960815,0.6458333134651184,0.603601336479187,1632,1818043732,4,4
330001,1920,4950015,633601920,23520,0.6458333134651184,128,330000,1.6895616054534912,1920,17,4,500000,1000,,330001.0,0.6890624761581421,0.5861008763313293,0.643750011920929,0.6036779284477234,1637,1818043732,4,4
331001,1920,4965015,635521920,23520,0.643750011920929,128,331000,1.6942524909973145,1920,17,4,500000,1000,,331001.0,0.690625011920929,0.5861016511917114,0.643750011920929,0.6039069890975952,1642,1818043732,4,4
332001,1920,4980015,637441920,23520,0.643750011920929,128,332000,1.6995735168457031,1920,17,4,500000,1000,,332001.0,0.690625011920929,0.5861014723777771,0.643750011920929,0.6036900877952576,1647,1818043732,4,4
333001,1920,4995015,639361920,23520,0.643750011920929,128,333000,1.7042675018310547,1920,17,4,500000,1000,,333001.0,0.6901041865348816,0.5860995054244995,0.6458333134651184,0.6034861207008362,1653,1818043732,4,4
334001,1920,5010015,641281920,23520,0.6458333134651184,128,334000,1.708888292312622,1920,17,4,500000,1000,,334001.0,0.6901041865348816,0.5860995054244995,0.6416666507720947,0.6037026047706604,1658,1818043732,4,4
335001,1920,5025015,643201920,23520,0.6416666507720947,128,335000,1.7135021686553955,1920,17,4,500000,1000,,335001.0,0.690625011920929,0.5860990881919861,0.6416666507720947,0.6037082672119141,1663,1818043732,4,4
336001,1920,5040015,645121920,23520,0.6416666507720947,128,336000,1.717961072921753,1920,17,4,500000,1000,,336001.0,0.6890624761581421,0.5860999226570129,0.6479166746139526,0.6036460399627686,1668,1818043732,4,4
337001,1920,5055015,647041920,23520,0.6479166746139526,128,337000,1.7263789176940918,1920,17,4,500000,1000,,337001.0,0.690625011920929,0.5860987901687622,0.6479166746139526,0.6036204099655151,1673,1818043732,4,4
338001,1920,5070015,648961920,23520,0.6479166746139526,128,338000,1.7314109802246094,1920,17,4,500000,1000,,338001.0,0.6895833611488342,0.5861027240753174,0.6479166746139526,0.6036030650138855,1678,1818043732,4,4
339001,1920,5085015,650881920,23520,0.6479166746139526,128,339000,1.7370150089263916,1920,17,4,500000,1000,,339001.0,0.6901041865348816,0.5860978960990906,0.6458333134651184,0.6038953065872192,1684,1818043732,4,4
340001,1920,5100015,652801920,23520,0.6458333134651184,128,340000,1.741765022277832,1920,17,4,500000,1000,,340001.0,0.6901041865348816,0.5860958099365234,0.6416666507720947,0.60361647605896,1690,1818043732,4,4
341001,1920,5115015,654721920,23520,0.6416666507720947,128,341000,1.7465360164642334,1920,17,4,500000,1000,,341001.0,0.6895833611488342,0.5860950946807861,0.6479166746139526,0.6035045981407166,1695,1818043732,4,4
342001,1920,5130015,656641920,23520,0.6479166746139526,128,342000,1.751023769378662,1920,17,4,500000,1000,,342001.0,0.6911458373069763,0.5860971808433533,0.6499999761581421,0.6036779284477234,1701,1818043732,4,4
343001,1920,5145015,658561920,23520,0.6499999761581421,128,343000,1.758409023284912,1920,17,4,500000,1000,,343001.0,0.690625011920929,0.5860967040061951,0.6479166746139526,0.6037326455116272,1706,1818043732,4,4
344001,1920,5160015,660481920,23520,0.6479166746139526,128,344000,1.7637300491333008,1920,17,4,500000,1000,,344001.0,0.690625011920929,0.5860925912857056,0.643750011920929,0.6036257147789001,1711,1818043732,4,4
345001,1920,5175015,662401920,23520,0.643750011920929,128,345000,1.7683589458465576,1920,17,4,500000,1000,,345001.0,0.690625011920929,0.5860925316810608,0.6479166746139526,0.6035875678062439,1716,1818043732,4,4
346001,1920,5190015,664321920,23520,0.6479166746139526,128,346000,1.77288818359375,1920,17,4,500000,1000,,346001.0,0.690625011920929,0.5860936641693115,0.6458333134651184,0.603695273399353,1721,1818043732,4,4
347001,1920,5205015,666241920,23520,0.6458333134651184,128,347000,1.777405023574829,1920,17,4,500000,1000,,347001.0,0.690625011920929,0.5860936641693115,0.6458333134651184,0.6037634015083313,1726,1818043732,4,4
348001,1920,5220015,668161920,23520,0.6458333134651184,128,348000,1.7852323055267334,1920,17,4,500000,1000,,348001.0,0.6901041865348816,0.5860898494720459,0.643750011920929,0.6037187576293945,1731,1818043732,4,4
349001,1920,5235015,670081920,23520,0.643750011920929,128,349000,1.7897453308105469,1920,17,4,500000,1000,,349001.0,0.6901041865348816,0.5860927700996399,0.6458333134651184,0.6034417748451233,1736,1818043732,4,4
350001,1920,5250015,672001920,23520,0.6458333134651184,128,350000,1.7946429252624512,1920,17,4,500000,1000,,350001.0,0.6901041865348816,0.586087167263031,0.6479166746139526,0.6035841107368469,1741,1818043732,4,4
351001,1920,5265015,673921920,23520,0.6479166746139526,128,351000,1.799285888671875,1920,17,4,500000,1000,,351001.0,0.6890624761581421,0.5860917568206787,0.6479166746139526,0.6037822961807251,1746,1818043732,4,4
352001,1920,5280015,675841920,23520,0.6479166746139526,128,352000,1.8054468631744385,1920,17,4,500000,1000,,352001.0,0.6890624761581421,0.5860897898674011,0.6479166746139526,0.6038297414779663,1751,1818043732,4,4
353001,1920,5295015,677761920,23520,0.6479166746139526,128,353000,1.8100948333740234,1920,17,4,500000,1000,,353001.0,0.690625011920929,0.5860893726348877,0.6395833492279053,0.6038366556167603,1756,1818043732,4,4
354001,1920,5310015,679681920,23520,0.6395833492279053,128,354000,1.8149018287658691,1920,17,4,500000,1000,,354001.0,0.6895833611488342,0.586084246635437,0.6479166746139526,0.603797197341919,1761,1818043732,4,4
355001,1920,5325015,681601920,23520,0.6479166746139526,128,355000,1.8246965408325195,1920,17,4,500000,1000,,355001.0,0.6911458373069763,0.5860855579376221,0.6416666507720947,0.6037225723266602,1767,1818043732,4,4
356001,1920,5340015,683521920,23520,0.6416666507720947,128,356000,1.8292136192321777,1920,17,4,500000,1000,,356001.0,0.690625011920929,0.5860827565193176,0.643750011920929,0.6039865016937256,1771,1818043732,4,4
357001,1920,5355015,685441920,23520,0.643750011920929,128,357000,1.833723545074463,1920,17,4,500000,1000,,357001.0,0.690625011920929,0.5860850811004639,0.6479166746139526,0.6036015152931213,1776,1818043732,4,4
358001,1920,5370015,687361920,23520,0.6479166746139526,128,358000,1.8383724689483643,1920,17,4,500000,1000,,358001.0,0.6911458373069763,0.5860850214958191,0.6499999761581421,0.6036891937255859,1782,1818043732,4,4
359001,1920,5385015,689281920,23520,0.6499999761581421,128,359000,1.843022346496582,1920,17,4,500000,1000,,359001.0,0.6911458373069763,0.5860844850540161,0.6458333134651184,0.6038533449172974,1787,1818043732,4,4
360001,1920,5400015,691201920,23520,0.6458333134651184,128,360000,1.8476154804229736,1920,17,4,500000,1000,,360001.0,0.690625011920929,0.5860824584960938,0.6458333134651184,0.6036975979804993,1792,1818043732,4,4
361001,1920,5415015,693121920,23520,0.6458333134651184,128,361000,1.852156400680542,1920,17,4,500000,1000,,361001.0,0.690625011920929,0.5860856771469116,0.6458333134651184,0.6036866307258606,1797,1818043732,4,4
362001,1920,5430015,695041920,23520,0.6458333134651184,128,362000,1.857168197631836,1920,17,4,500000,1000,,362001.0,0.6901041865348816,0.586083173751831,0.6479166746139526,0.6037866473197937,1802,1818043732,4,4
363001,1920,5445015,696961920,23520,0.6479166746139526,128,363000,1.8621680736541748,1920,17,4,500000,1000,,363001.0,0.690625011920929,0.5860856175422668,0.6458333134651184,0.6037622094154358,1807,1818043732,4,4
364001,1920,5460015,698881920,23520,0.6458333134651184,128,364000,1.8668482303619385,1920,17,4,500000,1000,,364001.0,0.6916666626930237,0.5860805511474609,0.6479166746139526,0.6036253571510315,1812,1818043732,4,4
365001,1920,5475015,700801920,23520,0.6479166746139526,128,365000,1.872366189956665,1920,17,4,500000,1000,,365001.0,0.6901041865348816,0.5860804915428162,0.6479166746139526,0.6037499904632568,1817,1818043732,4,4
366001,1920,5490015,702721920,23520,0.6479166746139526,128,366000,1.877183198928833,1920,17,4,500000,1000,,366001.0,0.690625011920929,0.5860796570777893,0.6458333134651184,0.6036836504936218,1821,1818043732,4,4
367001,1920,5505015,704641920,23520,0.6458333134651184,128,367000,1.8818342685699463,1920,17,4,500000,1000,,367001.0,0.6911458373069763,0.5860768556594849,0.6458333134651184,0.6035547852516174,1826,1818043732,4,4
368001,1920,5520015,706561920,23520,0.6458333134651184,128,368000,1.886446237564087,1920,17,4,500000,1000,,368001.0,0.6895833611488342,0.5860766172409058,0.643750011920929,0.6035493016242981,1831,1818043732,4,4
369001,1920,5535015,708481920,23520,0.643750011920929,128,369000,1.8910341262817383,1920,17,4,500000,1000,,369001.0,0.6901041865348816,0.5860772728919983,0.643750011920929,0.6037523746490479,1836,1818043732,4,4
370001,1920,5550015,710401920,23520,0.643750011920929,128,370000,1.8956189155578613,1920,17,4,500000,1000,,370001.0,0.6901041865348816,0.5860776305198669,0.6479166746139526,0.6038032174110413,1841,1818043732,4,4
371001,1920,5565015,712321920,23520,0.6479166746139526,128,371000,1.9002947807312012,1920,17,4,500000,1000,,371001.0,0.690625011920929,0.586075484752655,0.6458333134651184,0.6038567423820496,1845,1818043732,4,4
372001,1920,5580015,714241920,23520,0.6458333134651184,128,372000,1.9049227237701416,1920,17,4,500000,1000,,372001.0,0.6895833611488342,0.586076557636261,0.6479166746139526,0.603577733039856,1850,1818043732,4,4
373001,1920,5595015,716161920,23520,0.6479166746139526,128,373000,1.909550666809082,1920,17,4,500000,1000,,373001.0,0.6911458373069763,0.5860756039619446,0.6479166746139526,0.6035493016242981,1855,1818043732,4,4
374001,1920,5610015,718081920,23520,0.6479166746139526,128,374000,1.9141147136688232,1920,17,4,500000,1000,,374001.0,0.6895833611488342,0.5860786437988281,0.6458333134651184,0.6038265228271484,1859,1818043732,4,4
375001,1920,5625015,720001920,23520,0.6458333134651184,128,375000,1.9191617965698242,1920,17,4,500000,1000,,375001.0,0.6901041865348816,0.5860787034034729,0.6458333134651184,0.6037349104881287,1864,1818043732,4,4
376001,1920,5640015,721921920,23520,0.6458333134651184,128,376000,1.9243838787078857,1920,17,4,500000,1000,,376001.0,0.690625011920929,0.5860776901245117,0.6458333134651184,0.6038606762886047,1869,1818043732,4,4
377001,1920,5655015,723841920,23520,0.6458333134651184,128,377000,1.9294781684875488,1920,17,4,500000,1000,,377001.0,0.690625011920929,0.5860769152641296,0.6458333134651184,0.6038311123847961,1874,1818043732,4,4
378001,1920,5670015,725761920,23520,0.6458333134651184,128,378000,1.9340441226959229,1920,17,4,500000,1000,,378001.0,0.690625011920929,0.5860729813575745,0.6458333134651184,0.6038312315940857,1879,1818043732,4,4
379001,1920,5685015,727681920,23520,0.6458333134651184,128,379000,1.9390943050384521,1920,17,4,500000,1000,,379001.0,0.6901041865348816,0.5860726833343506,0.6458333134651184,0.6037000417709351,1884,1818043732,4,4
380001,1920,5700015,729601920,23520,0.6458333134651184,128,380000,1.943880319595337,1920,17,4,500000,1000,,380001.0,0.6901041865348816,0.586071789264679,0.6458333134651184,0.6035802960395813,1888,1818043732,4,4
381001,1920,5715015,731521920,23520,0.6458333134651184,128,381000,1.9484541416168213,1920,17,4,500000,1000,,381001.0,0.690625011920929,0.5860698223114014,0.6458333134651184,0.6036283373832703,1893,1818043732,4,4
382001,1920,5730015,733441920,23520,0.6458333134651184,128,382000,1.9530222415924072,1920,17,4,500000,1000,,382001.0,0.6916666626930237,0.5860714316368103,0.6479166746139526,0.6036434769630432,1898,1818043732,4,4
383001,1920,5745015,735361920,23520,0.6479166746139526,128,383000,1.9575772285461426,1920,17,4,500000,1000,,383001.0,0.6901041865348816,0.5860725045204163,0.6458333134651184,0.603778064250946,1902,1818043732,4,4
384001,1920,5760015,737281920,23520,0.6458333134651184,128,384000,1.9621522426605225,1920,17,4,500000,1000,,384001.0,0.6901041865348816,0.5860669612884521,0.6479166746139526,0.603465735912323,1907,1818043732,4,4
385001,1920,5775015,739201920,23520,0.6479166746139526,128,385000,1.966745376586914,1920,17,4,500000,1000,,385001.0,0.6895833611488342,0.5860704183578491,0.6479166746139526,0.6035693883895874,1912,1818043732,4,4
386001,1920,5790015,741121920,23520,0.6479166746139526,128,386000,1.9717633724212646,1920,17,4,500000,1000,,386001.0,0.6901041865348816,0.5860729217529297,0.6458333134651184,0.6036254167556763,1916,1818043732,4,4
387001,1920,5805015,743041920,23520,0.6458333134651184,128,387000,1.9769551753997803,1920,17,4,500000,1000,,387001.0,0.690625011920929,0.5860663056373596,0.6458333134651184,0.6034482717514038,1921,1818043732,4,4
388001,1920,5820015,744961920,23520,0.6458333134651184,128,388000,1.9825332164764404,1920,17,4,500000,1000,,388001.0,0.6895833611488342,0.5860713720321655,0.6458333134651184,0.6034755706787109,1926,1818043732,4,4
389001,1920,5835015,746881920,23520,0.6458333134651184,128,389000,1.9874544143676758,1920,17,4,500000,1000,,389001.0,0.6911458373069763,0.5860680937767029,0.6458333134651184,0.6036248803138733,1931,1818043732,4,4
390001,1920,5850015,748801920,23520,0.6458333134651184,128,390000,1.9924333095550537,1920,17,4,500000,1000,,390001.0,0.6911458373069763,0.5860683917999268,0.6458333134651184,0.6036205887794495,1936,1818043732,4,4
391001,1920,5865015,750721920,23520,0.6458333134651184,128,391000,1.9970471858978271,1920,17,4,500000,1000,,391001.0,0.6911458373069763,0.5860657095909119,0.6416666507720947,0.6036083698272705,1941,1818043732,4,4
392001,1920,5880015,752641920,23520,0.6416666507720947,128,392000,2.001711130142212,1920,17,4,500000,1000,,392001.0,0.690625011920929,0.5860702991485596,0.6479166746139526,0.6036707758903503,1945,1818043732,4,4
393001,1920,5895015,754561920,23520,0.6479166746139526,128,393000,2.0067949295043945,1920,17,4,500000,1000,,393001.0,0.6895833611488342,0.5860616564750671,0.6416666507720947,0.6035827398300171,1950,1818043732,4,4
394001,1920,5910015,756481920,23520,0.6416666507720947,128,394000,2.011383056640625,1920,17,4,500000,1000,,394001.0,0.690625011920929,0.5860667824745178,0.6458333134651184,0.603581964969635,1955,1818043732,4,4
395001,1920,5925015,758401920,23520,0.6458333134651184,128,395000,2.015965223312378,1920,17,4,500000,1000,,395001.0,0.6911458373069763,0.5860641598701477,0.6479166746139526,0.6037437319755554,1960,1818043732,4,4
396001,1920,5940015,760321920,23520,0.6479166746139526,128,396000,2.0205821990966797,1920,17,4,500000,1000,,396001.0,0.6911458373069763,0.5860662460327148,0.6458333134651184,0.6037814021110535,1964,1818043732,4,4
397001,1920,5955015,762241920,23520,0.6458333134651184,128,397000,2.025163173675537,1920,17,4,500000,1000,,397001.0,0.6911458373069763,0.5860652923583984,0.6458333134651184,0.6036438345909119,1969,1818043732,4,4
398001,1920,5970015,764161920,23520,0.6458333134651184,128,398000,2.0298542976379395,1920,17,4,500000,1000,,398001.0,0.6911458373069763,0.5860631465911865,0.6416666507720947,0.6034810543060303,1974,1818043732,4,4
399001,1920,5985015,766081920,23520,0.6416666507720947,128,399000,2.0347864627838135,1920,17,4,500000,1000,,399001.0,0.6911458373069763,0.5860620737075806,0.6395833492279053,0.603540301322937,1979,1818043732,4,4
400001,1920,6000015,768001920,23520,0.6395833492279053,128,400000,2.0395026206970215,1920,17,4,500000,1000,,400001.0,0.6911458373069763,0.586060106754303,0.6416666507720947,0.6036552786827087,1983,1818043732,4,4
401001,1920,6015015,769921920,23520,0.6416666507720947,128,401000,2.0440497398376465,1920,17,4,500000,1000,,401001.0,0.6885416507720947,0.5860637426376343,0.6458333134651184,0.6035270094871521,1988,1818043732,4,4
402001,1920,6030015,771841920,23520,0.6458333134651184,128,402000,2.049184799194336,1920,17,4,500000,1000,,402001.0,0.6901041865348816,0.5860620141029358,0.6416666507720947,0.6035035848617554,1993,1818043732,4,4
403001,1920,6045015,773761920,23520,0.6416666507720947,128,403000,2.0537219047546387,1920,17,4,500000,1000,,403001.0,0.690625011920929,0.5860596895217896,0.6416666507720947,0.6036757230758667,1998,1818043732,4,4
404001,1920,6060015,775681920,23520,0.6416666507720947,128,404000,2.058497667312622,1920,17,4,500000,1000,,404001.0,0.690625011920929,0.5860586166381836,0.6458333134651184,0.6035457849502563,2003,1818043732,4,4
405001,1920,6075015,777601920,23520,0.6458333134651184,128,405000,2.0630416870117188,1920,17,4,500000,1000,,405001.0,0.690625011920929,0.5860618352890015,0.6479166746139526,0.6035637259483337,2007,1818043732,4,4
406001,1920,6090015,779521920,23520,0.6479166746139526,128,406000,2.067744493484497,1920,17,4,500000,1000,,406001.0,0.6911458373069763,0.5860574245452881,0.6458333134651184,0.6037175059318542,2012,1818043732,4,4
407001,1920,6105015,781441920,23520,0.6458333134651184,128,407000,2.0722925662994385,1920,17,4,500000,1000,,407001.0,0.690625011920929,0.5860596895217896,0.6458333134651184,0.6034755706787109,2017,1818043732,4,4
408001,1920,6120015,783361920,23520,0.6458333134651184,128,408000,2.0768537521362305,1920,17,4,500000,1000,,408001.0,0.6911458373069763,0.5860620737075806,0.6458333134651184,0.603522002696991,2021,1818043732,4,4
409001,1920,6135015,785281920,23520,0.6458333134651184,128,409000,2.081467628479004,1920,17,4,500000,1000,,409001.0,0.6901041865348816,0.5860574245452881,0.643750011920929,0.6036285161972046,2026,1818043732,4,4
410001,1920,6150015,787201920,23520,0.643750011920929,128,410000,2.0864593982696533,1920,17,4,500000,1000,,410001.0,0.6901041865348816,0.5860565304756165,0.6479166746139526,0.6033123135566711,2031,1818043732,4,4
411001,1920,6165015,789121920,23520,0.6479166746139526,128,411000,2.09104061126709,1920,17,4,500000,1000,,411001.0,0.6901041865348816,0.5860546231269836,0.6479166746139526,0.6034664511680603,2035,1818043732,4,4
412001,1920,6180015,791041920,23520,0.6479166746139526,128,412000,2.095740556716919,1920,17,4,500000,1000,,412001.0,0.690625011920929,0.5860564708709717,0.6416666507720947,0.603387713432312,2040,1818043732,4,4
413001,1920,6195015,792961920,23520,0.6416666507720947,128,413000,2.100731611251831,1920,17,4,500000,1000,,413001.0,0.690625011920929,0.5860574245452881,0.6416666507720947,0.6035251617431641,2045,1818043732,4,4
414001,1920,6210015,794881920,23520,0.6416666507720947,128,414000,2.1056385040283203,1920,17,4,500000,1000,,414001.0,0.6901041865348816,0.5860550403594971,0.643750011920929,0.6035470366477966,2050,1818043732,4,4
415001,1920,6225015,796801920,23520,0.643750011920929,128,415000,2.1102354526519775,1920,17,4,500000,1000,,415001.0,0.690625011920929,0.5860527753829956,0.643750011920929,0.603622555732727,2055,1818043732,4,4
416001,1920,6240015,798721920,23520,0.643750011920929,128,416000,2.1149356365203857,1920,17,4,500000,1000,,416001.0,0.6911458373069763,0.5860545635223389,0.643750011920929,0.6034755706787109,2059,1818043732,4,4
417001,1920,6255015,800641920,23520,0.643750011920929,128,417000,2.119835615158081,1920,17,4,500000,1000,,417001.0,0.690625011920929,0.5860553979873657,0.6479166746139526,0.6035140752792358,2064,1818043732,4,4
418001,1920,6270015,802561920,23520,0.6479166746139526,128,418000,2.1246094703674316,1920,17,4,500000,1000,,418001.0,0.690625011920929,0.5860511064529419,0.643750011920929,0.6033820509910583,2069,1818043732,4,4
419001,1920,6285015,804481920,23520,0.643750011920929,128,419000,2.129218339920044,1920,17,4,500000,1000,,419001.0,0.6901041865348816,0.5860505700111389,0.6479166746139526,0.6033124327659607,2074,1818043732,4,4
420001,1920,6300015,806401920,23520,0.6479166746139526,128,420000,2.133807420730591,1920,17,4,500000,1000,,420001.0,0.6890624761581421,0.5860496759414673,0.6479166746139526,0.6035903692245483,2078,1818043732,4,4
421001,1920,6315015,808321920,23520,0.6479166746139526,128,421000,2.1388983726501465,1920,17,4,500000,1000,,421001.0,0.690625011920929,0.5860491991043091,0.643750011920929,0.6037545800209045,2083,1818043732,4,4
422001,1920,6330015,810241920,23520,0.643750011920929,128,422000,2.1434853076934814,1920,17,4,500000,1000,,422001.0,0.690625011920929,0.5860532522201538,0.6458333134651184,0.6034256815910339,2088,1818043732,4,4
423001,1920,6345015,812161920,23520,0.6458333134651184,128,423000,2.1481101512908936,1920,17,4,500000,1000,,423001.0,0.690625011920929,0.5860506296157837,0.6479166746139526,0.6033912897109985,2092,1818043732,4,4
424001,1920,6360015,814081920,23520,0.6479166746139526,128,424000,2.1527161598205566,1920,17,4,500000,1000,,424001.0,0.690625011920929,0.5860518217086792,0.6458333134651184,0.6033449769020081,2097,1818043732,4,4
425001,1920,6375015,816001920,23520,0.6458333134651184,128,425000,2.157778024673462,1920,17,4,500000,1000,,425001.0,0.690625011920929,0.586049497127533,0.6479166746139526,0.6036093235015869,2102,1818043732,4,4
426001,1920,6390015,817921920,23520,0.6479166746139526,128,426000,2.162648916244507,1920,17,4,500000,1000,,426001.0,0.6911458373069763,0.5860506296157837,0.6458333134651184,0.6034600138664246,2106,1818043732,4,4
427001,1920,6405015,819841920,23520,0.6458333134651184,128,427000,2.1676557064056396,1920,17,4,500000,1000,,427001.0,0.6901041865348816,0.5860494375228882,0.6458333134651184,0.603561282157898,2111,1818043732,4,4
428001,1920,6420015,821761920,23520,0.6458333134651184,128,428000,2.172459840774536,1920,17,4,500000,1000,,428001.0,0.6911458373069763,0.5860514044761658,0.6458333134651184,0.6035050749778748,2116,1818043732,4,4
429001,1920,6435015,823681920,23520,0.6458333134651184,128,429000,2.1774179935455322,1920,17,4,500000,1000,,429001.0,0.690625011920929,0.586051344871521,0.6458333134651184,0.6035491824150085,2121,1818043732,4,4
430001,1920,6450015,825601920,23520,0.6458333134651184,128,430000,2.1823129653930664,1920,17,4,500000,1000,,430001.0,0.6901041865348816,0.5860506296157837,0.6479166746139526,0.6035398244857788,2126,1818043732,4,4
431001,1920,6465015,827521920,23520,0.6479166746139526,128,431000,2.1868460178375244,1920,17,4,500000,1000,,431001.0,0.6901041865348816,0.5860493183135986,0.6479166746139526,0.6034395694732666,2130,1818043732,4,4
432001,1920,6480015,829441920,23520,0.6479166746139526,128,432000,2.191662073135376,1920,17,4,500000,1000,,432001.0,0.690625011920929,0.5860424041748047,0.6416666507720947,0.6036754846572876,2135,1818043732,4,4
433001,1920,6495015,831361920,23520,0.6416666507720947,128,433000,2.1966612339019775,1920,17,4,500000,1000,,433001.0,0.6911458373069763,0.5860403180122375,0.6458333134651184,0.6035568714141846,2140,1818043732,4,4
434001,1920,6510015,833281920,23520,0.6458333134651184,128,434000,2.201235294342041,1920,17,4,500000,1000,,434001.0,0.690625011920929,0.5860431790351868,0.643750011920929,0.603634774684906,2144,1818043732,4,4
435001,1920,6525015,835201920,23520,0.643750011920929,128,435000,2.205764055252075,1920,17,4,500000,1000,,435001.0,0.690625011920929,0.5860427021980286,0.643750011920929,0.603520929813385,2149,1818043732,4,4
436001,1920,6540015,837121920,23520,0.643750011920929,128,436000,2.2104177474975586,1920,17,4,500000,1000,,436001.0,0.6916666626930237,0.5860468149185181,0.6416666507720947,0.6033450961112976,2154,1818043732,4,4
437001,1920,6555015,839041920,23520,0.6416666507720947,128,437000,2.2150025367736816,1920,17,4,500000,1000,,437001.0,0.6901041865348816,0.5860443711280823,0.6479166746139526,0.6032934784889221,2159,1818043732,4,4
438001,1920,6570015,840961920,23520,0.6479166746139526,128,438000,2.2196855545043945,1920,17,4,500000,1000,,438001.0,0.690625011920929,0.5860421061515808,0.643750011920929,0.6033316850662231,2164,1818043732,4,4
439001,1920,6585015,842881920,23520,0.643750011920929,128,439000,2.224388599395752,1920,17,4,500000,1000,,439001.0,0.6911458373069763,0.5860394835472107,0.643750011920929,0.6033960580825806,2169,1818043732,4,4
440001,1920,6600015,844801920,23520,0.643750011920929,128,440000,2.229452610015869,1920,17,4,500000,1000,,440001.0,0.6916666626930237,0.5860397815704346,0.6416666507720947,0.6035041213035583,2173,1818043732,4,4
441001,1920,6615015,846721920,23520,0.6416666507720947,128,441000,2.2341256141662598,1920,17,4,500000,1000,,441001.0,0.6916666626930237,0.5860428214073181,0.6458333134651184,0.6035996079444885,2178,1818043732,4,4
442001,1920,6630015,848641920,23520,0.6458333134651184,128,442000,2.239264488220215,1920,17,4,500000,1000,,442001.0,0.6911458373069763,0.5860401391983032,0.6458333134651184,0.6035234332084656,2183,1818043732,4,4
443001,1920,6645015,850561920,23520,0.6458333134651184,128,443000,2.2438225746154785,1920,17,4,500000,1000,,443001.0,0.6901041865348816,0.5860409140586853,0.643750011920929,0.6035580039024353,2188,1818043732,4,4
444001,1920,6660015,852481920,23520,0.643750011920929,128,444000,2.2483644485473633,1920,17,4,500000,1000,,444001.0,0.6911458373069763,0.5860385894775391,0.6416666507720947,0.6035264134407043,2193,1818043732,4,4
445001,1920,6675015,854401920,23520,0.6416666507720947,128,445000,2.252894639968872,1920,17,4,500000,1000,,445001.0,0.690625011920929,0.5860360860824585,0.6416666507720947,0.6034285426139832,2197,1818043732,4,4
446001,1920,6690015,856321920,23520,0.6416666507720947,128,446000,2.2574844360351562,1920,17,4,500000,1000,,446001.0,0.6901041865348816,0.5860381722450256,0.643750011920929,0.6034303307533264,2202,1818043732,4,4
447001,1920,6705015,858241920,23520,0.643750011920929,128,447000,2.2622344493865967,1920,17,4,500000,1000,,447001.0,0.6901041865348816,0.5860365629196167,0.643750011920929,0.6035855412483215,2207,1818043732,4,4
448001,1920,6720015,860161920,23520,0.643750011920929,128,448000,2.266850471496582,1920,17,4,500000,1000,,448001.0,0.690625011920929,0.586039662361145,0.643750011920929,0.6037111878395081,2212,1818043732,4,4
449001,1920,6735015,862081920,23520,0.643750011920929,128,449000,2.2714285850524902,1920,17,4,500000,1000,,449001.0,0.6916666626930237,0.5860410928726196,0.6458333134651184,0.6038468480110168,2216,1818043732,4,4
450001,1920,6750015,864001920,23520,0.6458333134651184,128,450000,2.2761595249176025,1920,17,4,500000,1000,,450001.0,0.6911458373069763,0.5860389471054077,0.6458333134651184,0.6034982204437256,2221,1818043732,4,4
451001,1920,6765015,865921920,23520,0.6458333134651184,128,451000,2.281090497970581,1920,17,4,500000,1000,,451001.0,0.690625011920929,0.5860369205474854,0.6479166746139526,0.6036517024040222,2226,1818043732,4,4
452001,1920,6780015,867841920,23520,0.6479166746139526,128,452000,2.2856602668762207,1920,17,4,500000,1000,,452001.0,0.690625011920929,0.5860334038734436,0.6416666507720947,0.6035687327384949,2231,1818043732,4,4
453001,1920,6795015,869761920,23520,0.6416666507720947,128,453000,2.290980339050293,1920,17,4,500000,1000,,453001.0,0.6901041865348816,0.5860335230827332,0.6416666507720947,0.6035576462745667,2235,1818043732,4,4
454001,1920,6810015,871681920,23520,0.6416666507720947,128,454000,2.295945405960083,1920,17,4,500000,1000,,454001.0,0.6895833611488342,0.5860363245010376,0.643750011920929,0.6037002801895142,2240,1818043732,4,4
455001,1920,6825015,873601920,23520,0.643750011920929,128,455000,2.3007242679595947,1920,17,4,500000,1000,,455001.0,0.6895833611488342,0.5860340595245361,0.6416666507720947,0.6035991907119751,2245,1818043732,4,4
456001,1920,6840015,875521920,23520,0.6416666507720947,128,456000,2.3061013221740723,1920,17,4,500000,1000,,456001.0,0.690625011920929,0.5860360860824585,0.6416666507720947,0.6034051179885864,2250,1818043732,4,4
457001,1920,6855015,877441920,23520,0.6416666507720947,128,457000,2.3115105628967285,1920,17,4,500000,1000,,457001.0,0.6911458373069763,0.5860360264778137,0.6416666507720947,0.6036147475242615,2255,1818043732,4,4
458001,1920,6870015,879361920,23520,0.6416666507720947,128,458000,2.316432476043701,1920,17,4,500000,1000,,458001.0,0.6911458373069763,0.5860380530357361,0.6458333134651184,0.6035646796226501,2260,1818043732,4,4
459001,1920,6885015,881281920,23520,0.6458333134651184,128,459000,2.321291446685791,1920,17,4,500000,1000,,459001.0,0.6911458373069763,0.5860322713851929,0.6416666507720947,0.6035552620887756,2265,1818043732,4,4
460001,1920,6900015,883201920,23520,0.6416666507720947,128,460000,2.3258583545684814,1920,17,4,500000,1000,,460001.0,0.6901041865348816,0.5860317945480347,0.6479166746139526,0.6034114956855774,2269,1818043732,4,4
461001,1920,6915015,885121920,23520,0.6479166746139526,128,461000,2.3308024406433105,1920,17,4,500000,1000,,461001.0,0.6911458373069763,0.5860326290130615,0.6479166746139526,0.6034449338912964,2274,1818043732,4,4
462001,1920,6930015,887041920,23520,0.6479166746139526,128,462000,2.335679531097412,1920,17,4,500000,1000,,462001.0,0.6911458373069763,0.5860347747802734,0.6458333134651184,0.6035271883010864,2279,1818043732,4,4
463001,1920,6945015,888961920,23520,0.6458333134651184,128,463000,2.340632438659668,1920,17,4,500000,1000,,463001.0,0.6916666626930237,0.5860345959663391,0.6479166746139526,0.6036750674247742,2284,1818043732,4,4
464001,1920,6960015,890881920,23520,0.6479166746139526,128,464000,2.3453986644744873,1920,17,4,500000,1000,,464001.0,0.6911458373069763,0.5860338807106018,0.6458333134651184,0.6037136912345886,2289,1818043732,4,4
465001,1920,6975015,892801920,23520,0.6458333134651184,128,465000,2.350029706954956,1920,17,4,500000,1000,,465001.0,0.6911458373069763,0.5860317349433899,0.6458333134651184,0.6036999225616455,2294,1818043732,4,4
466001,1920,6990015,894721920,23520,0.6458333134651184,128,466000,2.35469388961792,1920,17,4,500000,1000,,466001.0,0.690625011920929,0.5860297679901123,0.6479166746139526,0.6036461591720581,2299,1818043732,4,4
467001,1920,7005015,896641920,23520,0.6479166746139526,128,467000,2.359264850616455,1920,17,4,500000,1000,,467001.0,0.690625011920929,0.5860282182693481,0.643750011920929,0.6036479473114014,2304,1818043732,4,4
468001,1920,7020015,898561920,23520,0.643750011920929,128,468000,2.3638627529144287,1920,17,4,500000,1000,,468001.0,0.690625011920929,0.5860311388969421,0.643750011920929,0.6036344170570374,2308,1818043732,4,4
469001,1920,7035015,900481920,23520,0.643750011920929,128,469000,2.3683927059173584,1920,17,4,500000,1000,,469001.0,0.690625011920929,0.5860301852226257,0.6479166746139526,0.6033724546432495,2313,1818043732,4,4
470001,1920,7050015,902401920,23520,0.6479166746139526,128,470000,2.3735506534576416,1920,17,4,500000,1000,,470001.0,0.690625011920929,0.5860258936882019,0.643750011920929,0.6035788059234619,2318,1818043732,4,4
471001,1920,7065015,904321920,23520,0.643750011920929,128,471000,2.3783998489379883,1920,17,4,500000,1000,,471001.0,0.690625011920929,0.5860259532928467,0.6416666507720947,0.6033865809440613,2322,1818043732,4,4
472001,1920,7080015,906241920,23520,0.6416666507720947,128,472000,2.383342981338501,1920,17,4,500000,1000,,472001.0,0.6911458373069763,0.5860266089439392,0.6416666507720947,0.6034497618675232,2328,1818043732,4,4
473001,1920,7095015,908161920,23520,0.6416666507720947,128,473000,2.3879470825195312,1920,17,4,500000,1000,,473001.0,0.6916666626930237,0.5860269665718079,0.643750011920929,0.603516697883606,2333,1818043732,4,4
474001,1920,7110015,910081920,23520,0.643750011920929,128,474000,2.3924789428710938,1920,17,4,500000,1000,,474001.0,0.6911458373069763,0.5860261917114258,0.6479166746139526,0.6032193303108215,2338,1818043732,4,4
475001,1920,7125015,912001920,23520,0.6479166746139526,128,475000,2.39752197265625,1920,17,4,500000,1000,,475001.0,0.6911458373069763,0.5860267281532288,0.6395833492279053,0.6032068729400635,2343,1818043732,4,4
476001,1920,7140015,913921920,23520,0.6395833492279053,128,476000,2.402066946029663,1920,17,4,500000,1000,,476001.0,0.6911458373069763,0.586029052734375,0.6479166746139526,0.6032853722572327,2348,1818043732,4,4
477001,1920,7155015,915841920,23520,0.6479166746139526,128,477000,2.406851053237915,1920,17,4,500000,1000,,477001.0,0.6911458373069763,0.5860282778739929,0.643750011920929,0.603308916091919,2353,1818043732,4,4
478001,1920,7170015,917761920,23520,0.643750011920929,128,478000,2.411442995071411,1920,17,4,500000,1000,,478001.0,0.6916666626930237,0.5860245227813721,0.6479166746139526,0.6034117937088013,2357,1818043732,4,4
479001,1920,7185015,919681920,23520,0.6479166746139526,128,479000,2.41599702835083,1920,17,4,500000,1000,,479001.0,0.6911458373069763,0.5860233902931213,0.6499999761581421,0.603370726108551,2362,1818043732,4,4
480001,1920,7200015,921601920,23520,0.6499999761581421,128,480000,2.4205679893493652,1920,17,4,500000,1000,,480001.0,0.6911458373069763,0.5860254168510437,0.6416666507720947,0.6032698750495911,2367,1818043732,4,4
481001,1920,7215015,923521920,23520,0.6416666507720947,128,481000,2.425117015838623,1920,17,4,500000,1000,,481001.0,0.690625011920929,0.5860236883163452,0.6416666507720947,0.6034224629402161,2371,1818043732,4,4
482001,1920,7230015,925441920,23520,0.6416666507720947,128,482000,2.430182933807373,1920,17,4,500000,1000,,482001.0,0.6911458373069763,0.5860248804092407,0.6458333134651184,0.6035616993904114,2376,1818043732,4,4
483001,1920,7245015,927361920,23520,0.6458333134651184,128,483000,2.4347598552703857,1920,17,4,500000,1000,,483001.0,0.6916666626930237,0.5860252976417542,0.6458333134651184,0.6035393476486206,2381,1818043732,4,4
484001,1920,7260015,929281920,23520,0.6458333134651184,128,484000,2.4396448135375977,1920,17,4,500000,1000,,484001.0,0.6911458373069763,0.586023211479187,0.6416666507720947,0.6035901308059692,2386,1818043732,4,4
485001,1920,7275015,931201920,23520,0.6416666507720947,128,485000,2.4446136951446533,1920,17,4,500000,1000,,485001.0,0.690625011920929,0.5860262513160706,0.643750011920929,0.6038521528244019,2391,1818043732,4,4
486001,1920,7290015,933121920,23520,0.643750011920929,128,486000,2.4491989612579346,1920,17,4,500000,1000,,486001.0,0.690625011920929,0.5860254764556885,0.6416666507720947,0.6035662889480591,2395,1818043732,4,4
487001,1920,7305015,935041920,23520,0.6416666507720947,128,487000,2.453718900680542,1920,17,4,500000,1000,,487001.0,0.690625011920929,0.5860249400138855,0.6416666507720947,0.6035935282707214,2400,1818043732,4,4
488001,1920,7320015,936961920,23520,0.6416666507720947,128,488000,2.45870304107666,1920,17,4,500000,1000,,488001.0,0.690625011920929,0.5860229134559631,0.643750011920929,0.6035690307617188,2405,1818043732,4,4
489001,1920,7335015,938881920,23520,0.643750011920929,128,489000,2.4633448123931885,1920,17,4,500000,1000,,489001.0,0.6911458373069763,0.5860213041305542,0.6416666507720947,0.6037648320198059,2410,1818043732,4,4
490001,1920,7350015,940801920,23520,0.6416666507720947,128,490000,2.46832275390625,1920,17,4,500000,1000,,490001.0,0.690625011920929,0.586018443107605,0.643750011920929,0.6036539077758789,2415,1818043732,4,4
491001,1920,7365015,942721920,23520,0.643750011920929,128,491000,2.4730136394500732,1920,17,4,500000,1000,,491001.0,0.6901041865348816,0.5860198140144348,0.6416666507720947,0.6035087704658508,2419,1818043732,4,4
492001,1920,7380015,944641920,23520,0.6416666507720947,128,492000,2.4776015281677246,1920,17,4,500000,1000,,492001.0,0.6911458373069763,0.5860199332237244,0.6479166746139526,0.6033515930175781,2424,1818043732,4,4
493001,1920,7395015,946561920,23520,0.6479166746139526,128,493000,2.4821975231170654,1920,17,4,500000,1000,,493001.0,0.6901041865348816,0.5860186815261841,0.643750011920929,0.6032506227493286,2433,1818043732,4,4
494001,1920,7410015,948481920,23520,0.643750011920929,128,494000,2.4872703552246094,1920,17,4,500000,1000,,494001.0,0.6901041865348816,0.5860207676887512,0.643750011920929,0.6032450199127197,2438,1818043732,4,4
495001,1920,7425015,950401920,23520,0.643750011920929,128,495000,2.4924962520599365,1920,17,4,500000,1000,,495001.0,0.690625011920929,0.5860175490379333,0.643750011920929,0.6033956408500671,2443,1818043732,4,4
496001,1920,7440015,952321920,23520,0.643750011920929,128,496000,2.4970953464508057,1920,17,4,500000,1000,,496001.0,0.6911458373069763,0.5860194563865662,0.643750011920929,0.603454053401947,2448,1818043732,4,4
497001,1920,7455015,954241920,23520,0.643750011920929,128,497000,2.502429485321045,1920,17,4,500000,1000,,497001.0,0.6911458373069763,0.5860148072242737,0.643750011920929,0.6034510731697083,2453,1818043732,4,4
498001,1920,7470015,956161920,23520,0.643750011920929,128,498000,2.5069966316223145,1920,17,4,500000,1000,,498001.0,0.6911458373069763,0.5860157012939453,0.6458333134651184,0.6035169959068298,2457,1818043732,4,4
499001,1920,7485015,958081920,23520,0.6458333134651184,128,499000,2.5122275352478027,1920,17,4,500000,1000,,499001.0,0.6916666626930237,0.5860150456428528,0.643750011920929,0.6035001873970032,2462,1818043732,4,4
499998,1920,7499970,959996160,23520,0.643750011920929,128,499997,2.5168213844299316,1920,17,4,500000,1000,,499998.0,0.6916666626930237,0.5860157012939453,0.6479166746139526,0.6033709049224854,2467,1818043732,4,4
499999,1920,7499985,959998080,23520,0.6479166746139526,128,499998,2.522034168243408,1920,17,4,500000,1000,,499999.0,0.6916666626930237,0.5860156416893005,0.6479166746139526,0.6033720374107361,2467,1818043732,4,4
500000,1920,7500000,960000000,23520,0.6479166746139526,128,499999,2.527081251144409,1920,17,4,500000,1000,,500000.0,0.6916666626930237,0.586015522480011,0.6479166746139526,0.6033809185028076,2467,1818043732,4,4
