pf_calls,num_answers,model_updates,num_grad_comps,answers_bytes,last_score,batch_size,k,elapsed_time,train_data,n,d,max_epochs,verbose,ident,_epochs,score_train,loss_train,score_test,loss_test,_elapsed_time,seed,run_id,dim
1,1920,15,1920,23520,0.5020833611488342,128,0,0.019927024841308594,1920,17,5,500000,1000,,1.0,0.526562511920929,0.6931472420692444,0.5291666388511658,0.6931471228599548,0,783219131,2,5
1001,1920,15015,1921920,23520,0.5291666388511658,128,1000,0.023641109466552734,1920,17,5,500000,1000,,1001.0,0.6869791746139526,0.5999875664710999,0.581250011920929,0.6804012656211853,4,783219131,2,5
2001,1920,30015,3841920,23520,0.581250011920929,128,2000,0.0273740291595459,1920,17,5,500000,1000,,2001.0,0.6885416507720947,0.5854737758636475,0.6020833253860474,0.6753826141357422,8,783219131,2,5
3001,1920,45015,5761920,23520,0.6020833253860474,128,3000,0.0311281681060791,1920,17,5,500000,1000,,3001.0,0.6901041865348816,0.5798923373222351,0.5874999761581421,0.6709432601928711,12,783219131,2,5
4001,1920,60015,7681920,23520,0.5874999761581421,128,4000,0.03528308868408203,1920,17,5,500000,1000,,4001.0,0.692187488079071,0.5769767761230469,0.5854166746139526,0.669286847114563,16,783219131,2,5
5001,1920,75015,9601920,23520,0.5854166746139526,128,5000,0.039762020111083984,1920,17,5,500000,1000,,5001.0,0.6958333253860474,0.5751951336860657,0.5895833373069763,0.6686049103736877,20,783219131,2,5
6001,1920,90015,11521920,23520,0.5895833373069763,128,6000,0.04352593421936035,1920,17,5,500000,1000,,6001.0,0.6989583373069763,0.5740583539009094,0.5854166746139526,0.66878342628479,24,783219131,2,5
7001,1920,105015,13441920,23520,0.5854166746139526,128,7000,0.04730677604675293,1920,17,5,500000,1000,,7001.0,0.6994791626930237,0.5732583403587341,0.5895833373069763,0.6687958836555481,29,783219131,2,5
8001,1920,120015,15361920,23520,0.5895833373069763,128,8000,0.05106663703918457,1920,17,5,500000,1000,,8001.0,0.7010416388511658,0.5726670622825623,0.5895833373069763,0.6691874861717224,33,783219131,2,5
9001,1920,135015,17281920,23520,0.5895833373069763,128,9000,0.05614781379699707,1920,17,5,500000,1000,,9001.0,0.7015625238418579,0.5721958875656128,0.5916666388511658,0.6690596342086792,38,783219131,2,5
10001,1920,150015,19201920,23520,0.5916666388511658,128,10000,0.059964656829833984,1920,17,5,500000,1000,,10001.0,0.6989583373069763,0.571824848651886,0.5874999761581421,0.669625997543335,42,783219131,2,5
11001,1920,165015,21121920,23520,0.5874999761581421,128,11000,0.06377053260803223,1920,17,5,500000,1000,,11001.0,0.699999988079071,0.5715113878250122,0.5874999761581421,0.6699561476707458,46,783219131,2,5
12001,1920,180015,23041920,23520,0.5874999761581421,128,12000,0.06823539733886719,1920,17,5,500000,1000,,12001.0,0.7020833492279053,0.5712482333183289,0.5874999761581421,0.6698877215385437,50,783219131,2,5
13001,1920,195015,24961920,23520,0.5874999761581421,128,13000,0.07193160057067871,1920,17,5,500000,1000,,13001.0,0.703125,0.571017861366272,0.5874999761581421,0.6698248386383057,54,783219131,2,5
14001,1920,210015,26881920,23520,0.5874999761581421,128,14000,0.07746243476867676,1920,17,5,500000,1000,,14001.0,0.7005208134651184,0.5708160996437073,0.5874999761581421,0.6702778339385986,58,783219131,2,5
15001,1920,225015,28801920,23520,0.5874999761581421,128,15000,0.0811614990234375,1920,17,5,500000,1000,,15001.0,0.7005208134651184,0.5706416964530945,0.5874999761581421,0.6700946688652039,62,783219131,2,5
16001,1920,240015,30721920,23520,0.5874999761581421,128,16000,0.08488059043884277,1920,17,5,500000,1000,,16001.0,0.7026041746139526,0.5704846978187561,0.5874999761581421,0.6703957319259644,66,783219131,2,5
17001,1920,255015,32641920,23520,0.5874999761581421,128,17000,0.08859848976135254,1920,17,5,500000,1000,,17001.0,0.7026041746139526,0.5703508257865906,0.5874999761581421,0.6703172326087952,70,783219131,2,5
18001,1920,270015,34561920,23520,0.5874999761581421,128,18000,0.09232258796691895,1920,17,5,500000,1000,,18001.0,0.703125,0.5702248811721802,0.5874999761581421,0.6708431839942932,74,783219131,2,5
19001,1920,285015,36481920,23520,0.5874999761581421,128,19000,0.09618139266967773,1920,17,5,500000,1000,,19001.0,0.7020833492279053,0.5701140761375427,0.5874999761581421,0.6704165935516357,78,783219131,2,5
20001,1920,300015,38401920,23520,0.5874999761581421,128,20000,0.09991216659545898,1920,17,5,500000,1000,,20001.0,0.7026041746139526,0.5700122117996216,0.5874999761581421,0.6708191633224487,82,783219131,2,5
21001,1920,315015,40321920,23520,0.5874999761581421,128,21000,0.10357999801635742,1920,17,5,500000,1000,,21001.0,0.703125,0.5699144601821899,0.5874999761581421,0.6708312630653381,86,783219131,2,5
22001,1920,330015,42241920,23520,0.5874999761581421,128,22000,0.10728192329406738,1920,17,5,500000,1000,,22001.0,0.703125,0.5698263645172119,0.5874999761581421,0.6709126830101013,90,783219131,2,5
23001,1920,345015,44161920,23520,0.5874999761581421,128,23000,0.1110079288482666,1920,17,5,500000,1000,,23001.0,0.7015625238418579,0.56974858045578,0.5874999761581421,0.6713031530380249,94,783219131,2,5
24001,1920,360015,46081920,23520,0.5874999761581421,128,24000,0.11471891403198242,1920,17,5,500000,1000,,24001.0,0.7026041746139526,0.569672167301178,0.5874999761581421,0.6711730360984802,98,783219131,2,5
25001,1920,375015,48001920,23520,0.5874999761581421,128,25000,0.11854910850524902,1920,17,5,500000,1000,,25001.0,0.7026041746139526,0.569611132144928,0.5874999761581421,0.6712433099746704,102,783219131,2,5
26001,1920,390015,49921920,23520,0.5874999761581421,128,26000,0.12225914001464844,1920,17,5,500000,1000,,26001.0,0.7026041746139526,0.569545567035675,0.5874999761581421,0.671265721321106,106,783219131,2,5
27001,1920,405015,51841920,23520,0.5874999761581421,128,27000,0.12598109245300293,1920,17,5,500000,1000,,27001.0,0.7026041746139526,0.5694869756698608,0.5874999761581421,0.6711796522140503,110,783219131,2,5
28001,1920,420015,53761920,23520,0.5874999761581421,128,28000,0.12974810600280762,1920,17,5,500000,1000,,28001.0,0.7026041746139526,0.569430410861969,0.5854166746139526,0.6710957288742065,114,783219131,2,5
29001,1920,435015,55681920,23520,0.5854166746139526,128,29000,0.13350391387939453,1920,17,5,500000,1000,,29001.0,0.7010416388511658,0.5693784356117249,0.5874999761581421,0.6713460087776184,118,783219131,2,5
30001,1920,450015,57601920,23520,0.5874999761581421,128,30000,0.13723373413085938,1920,17,5,500000,1000,,30001.0,0.7015625238418579,0.5693269371986389,0.5874999761581421,0.6712465882301331,122,783219131,2,5
31001,1920,465015,59521920,23520,0.5874999761581421,128,31000,0.14097094535827637,1920,17,5,500000,1000,,31001.0,0.7020833492279053,0.5692827105522156,0.5874999761581421,0.6713770627975464,125,783219131,2,5
32001,1920,480015,61441920,23520,0.5874999761581421,128,32000,0.14467978477478027,1920,17,5,500000,1000,,32001.0,0.7005208134651184,0.5692424774169922,0.5874999761581421,0.6711602807044983,129,783219131,2,5
33001,1920,495015,63361920,23520,0.5874999761581421,128,33000,0.14841866493225098,1920,17,5,500000,1000,,33001.0,0.7052083611488342,0.569198489189148,0.5874999761581421,0.6715786457061768,133,783219131,2,5
34001,1920,510015,65281920,23520,0.5874999761581421,128,34000,0.15228772163391113,1920,17,5,500000,1000,,34001.0,0.703125,0.5691680312156677,0.5874999761581421,0.6719262599945068,137,783219131,2,5
35001,1920,525015,67201920,23520,0.5874999761581421,128,35000,0.15596389770507812,1920,17,5,500000,1000,,35001.0,0.703125,0.5691315531730652,0.5854166746139526,0.6718631386756897,141,783219131,2,5
36001,1920,540015,69121920,23520,0.5854166746139526,128,36000,0.15970277786254883,1920,17,5,500000,1000,,36001.0,0.7015625238418579,0.569092333316803,0.5895833373069763,0.6717109084129333,145,783219131,2,5
37001,1920,555015,71041920,23520,0.5895833373069763,128,37000,0.16345000267028809,1920,17,5,500000,1000,,37001.0,0.7015625238418579,0.5690624117851257,0.5854166746139526,0.6716641187667847,149,783219131,2,5
38001,1920,570015,72961920,23520,0.5854166746139526,128,38000,0.1682429313659668,1920,17,5,500000,1000,,38001.0,0.7010416388511658,0.5690282583236694,0.5874999761581421,0.6714211106300354,153,783219131,2,5
39001,1920,585015,74881920,23520,0.5874999761581421,128,39000,0.17192292213439941,1920,17,5,500000,1000,,39001.0,0.7010416388511658,0.5689971446990967,0.5874999761581421,0.6715226769447327,156,783219131,2,5
40001,1920,600015,76801920,23520,0.5874999761581421,128,40000,0.17564702033996582,1920,17,5,500000,1000,,40001.0,0.7005208134651184,0.5689705014228821,0.5874999761581421,0.6717008948326111,160,783219131,2,5
41001,1920,615015,78721920,23520,0.5874999761581421,128,41000,0.17939996719360352,1920,17,5,500000,1000,,41001.0,0.7020833492279053,0.568941056728363,0.5874999761581421,0.6717187762260437,165,783219131,2,5
42001,1920,630015,80641920,23520,0.5874999761581421,128,42000,0.18312501907348633,1920,17,5,500000,1000,,42001.0,0.703125,0.5689138174057007,0.5874999761581421,0.6716691255569458,169,783219131,2,5
43001,1920,645015,82561920,23520,0.5874999761581421,128,43000,0.18699908256530762,1920,17,5,500000,1000,,43001.0,0.7041666507720947,0.5688896179199219,0.5874999761581421,0.6717408895492554,173,783219131,2,5
44001,1920,660015,84481920,23520,0.5874999761581421,128,44000,0.19072937965393066,1920,17,5,500000,1000,,44001.0,0.7026041746139526,0.5688651204109192,0.5874999761581421,0.6716567277908325,177,783219131,2,5
45001,1920,675015,86401920,23520,0.5874999761581421,128,45000,0.19447541236877441,1920,17,5,500000,1000,,45001.0,0.7026041746139526,0.5688410401344299,0.5874999761581421,0.6719663739204407,181,783219131,2,5
46001,1920,690015,88321920,23520,0.5874999761581421,128,46000,0.19864535331726074,1920,17,5,500000,1000,,46001.0,0.7020833492279053,0.5688153505325317,0.5874999761581421,0.671649158000946,185,783219131,2,5
47001,1920,705015,90241920,23520,0.5874999761581421,128,47000,0.20238232612609863,1920,17,5,500000,1000,,47001.0,0.7046874761581421,0.5687946081161499,0.5874999761581421,0.6718559861183167,188,783219131,2,5
48001,1920,720015,92161920,23520,0.5874999761581421,128,48000,0.21330738067626953,1920,17,5,500000,1000,,48001.0,0.7046874761581421,0.5687724947929382,0.5874999761581421,0.6716641783714294,193,783219131,2,5
49001,1920,735015,94081920,23520,0.5874999761581421,128,49000,0.21709942817687988,1920,17,5,500000,1000,,49001.0,0.703125,0.5687552690505981,0.5874999761581421,0.6719869375228882,197,783219131,2,5
50001,1920,750015,96001920,23520,0.5874999761581421,128,50000,0.2208693027496338,1920,17,5,500000,1000,,50001.0,0.7015625238418579,0.5687325596809387,0.5874999761581421,0.6719080805778503,202,783219131,2,5
51001,1920,765015,97921920,23520,0.5874999761581421,128,51000,0.22481226921081543,1920,17,5,500000,1000,,51001.0,0.7020833492279053,0.5687184929847717,0.5874999761581421,0.6723247766494751,206,783219131,2,5
52001,1920,780015,99841920,23520,0.5874999761581421,128,52000,0.22861504554748535,1920,17,5,500000,1000,,52001.0,0.7020833492279053,0.5687007308006287,0.5854166746139526,0.6722023487091064,210,783219131,2,5
53001,1920,795015,101761920,23520,0.5854166746139526,128,53000,0.23264098167419434,1920,17,5,500000,1000,,53001.0,0.7020833492279053,0.5686789751052856,0.5874999761581421,0.6722015738487244,214,783219131,2,5
54001,1920,810015,103681920,23520,0.5874999761581421,128,54000,0.23641276359558105,1920,17,5,500000,1000,,54001.0,0.7005208134651184,0.5686652064323425,0.5895833373069763,0.6724042296409607,218,783219131,2,5
55001,1920,825015,105601920,23520,0.5895833373069763,128,55000,0.2402324676513672,1920,17,5,500000,1000,,55001.0,0.7015625238418579,0.5686418414115906,0.5874999761581421,0.6721577048301697,222,783219131,2,5
56001,1920,840015,107521920,23520,0.5874999761581421,128,56000,0.24533653259277344,1920,17,5,500000,1000,,56001.0,0.703125,0.5686247944831848,0.5874999761581421,0.6720654964447021,226,783219131,2,5
57001,1920,855015,109441920,23520,0.5874999761581421,128,57000,0.2491285800933838,1920,17,5,500000,1000,,57001.0,0.7041666507720947,0.5686100721359253,0.5874999761581421,0.6721240878105164,230,783219131,2,5
58001,1920,870015,111361920,23520,0.5874999761581421,128,58000,0.2529876232147217,1920,17,5,500000,1000,,58001.0,0.7026041746139526,0.5685993432998657,0.5874999761581421,0.6722031831741333,234,783219131,2,5
59001,1920,885015,113281920,23520,0.5874999761581421,128,59000,0.2567436695098877,1920,17,5,500000,1000,,59001.0,0.7026041746139526,0.5685836672782898,0.5874999761581421,0.6720304489135742,238,783219131,2,5
60001,1920,900015,115201920,23520,0.5874999761581421,128,60000,0.2605767250061035,1920,17,5,500000,1000,,60001.0,0.703125,0.5685679316520691,0.5874999761581421,0.6721374988555908,242,783219131,2,5
61001,1920,915015,117121920,23520,0.5874999761581421,128,61000,0.2650938034057617,1920,17,5,500000,1000,,61001.0,0.7041666507720947,0.5685540437698364,0.5874999761581421,0.6721574068069458,246,783219131,2,5
62001,1920,930015,119041920,23520,0.5874999761581421,128,62000,0.26885557174682617,1920,17,5,500000,1000,,62001.0,0.7010416388511658,0.5685432553291321,0.5874999761581421,0.6721447110176086,250,783219131,2,5
63001,1920,945015,120961920,23520,0.5874999761581421,128,63000,0.2726876735687256,1920,17,5,500000,1000,,63001.0,0.7036458253860474,0.5685250759124756,0.5874999761581421,0.6721981763839722,254,783219131,2,5
64001,1920,960015,122881920,23520,0.5874999761581421,128,64000,0.27644777297973633,1920,17,5,500000,1000,,64001.0,0.7015625238418579,0.5685135722160339,0.5874999761581421,0.6722651720046997,258,783219131,2,5
65001,1920,975015,124801920,23520,0.5874999761581421,128,65000,0.28041839599609375,1920,17,5,500000,1000,,65001.0,0.7026041746139526,0.5685043334960938,0.5874999761581421,0.6722698211669922,262,783219131,2,5
66001,1920,990015,126721920,23520,0.5874999761581421,128,66000,0.28444528579711914,1920,17,5,500000,1000,,66001.0,0.703125,0.5684889554977417,0.5874999761581421,0.6720423102378845,266,783219131,2,5
67001,1920,1005015,128641920,23520,0.5874999761581421,128,67000,0.2882113456726074,1920,17,5,500000,1000,,67001.0,0.7041666507720947,0.5684754252433777,0.5874999761581421,0.6722670197486877,270,783219131,2,5
68001,1920,1020015,130561920,23520,0.5874999761581421,128,68000,0.29201817512512207,1920,17,5,500000,1000,,68001.0,0.7026041746139526,0.568462610244751,0.5874999761581421,0.6719265580177307,274,783219131,2,5
69001,1920,1035015,132481920,23520,0.5874999761581421,128,69000,0.2958042621612549,1920,17,5,500000,1000,,69001.0,0.703125,0.5684543251991272,0.5874999761581421,0.6721950173377991,278,783219131,2,5
70001,1920,1050015,134401920,23520,0.5874999761581421,128,70000,0.2996222972869873,1920,17,5,500000,1000,,70001.0,0.7026041746139526,0.5684399008750916,0.5874999761581421,0.6720855832099915,282,783219131,2,5
71001,1920,1065015,136321920,23520,0.5874999761581421,128,71000,0.3035571575164795,1920,17,5,500000,1000,,71001.0,0.7052083611488342,0.5684322118759155,0.5874999761581421,0.6723379492759705,286,783219131,2,5
72001,1920,1080015,138241920,23520,0.5874999761581421,128,72000,0.3082458972930908,1920,17,5,500000,1000,,72001.0,0.7036458253860474,0.5684192180633545,0.5874999761581421,0.6723514795303345,290,783219131,2,5
73001,1920,1095015,140161920,23520,0.5874999761581421,128,73000,0.31235694885253906,1920,17,5,500000,1000,,73001.0,0.7041666507720947,0.5684098601341248,0.5874999761581421,0.6725218892097473,294,783219131,2,5
74001,1920,1110015,142081920,23520,0.5874999761581421,128,74000,0.3161180019378662,1920,17,5,500000,1000,,74001.0,0.7036458253860474,0.5683972239494324,0.5874999761581421,0.6723071932792664,298,783219131,2,5
75001,1920,1125015,144001920,23520,0.5874999761581421,128,75000,0.3211791515350342,1920,17,5,500000,1000,,75001.0,0.7041666507720947,0.5683875679969788,0.5874999761581421,0.6721981167793274,302,783219131,2,5
76001,1920,1140015,145921920,23520,0.5874999761581421,128,76000,0.3250541687011719,1920,17,5,500000,1000,,76001.0,0.7026041746139526,0.5683771967887878,0.5874999761581421,0.6722308993339539,306,783219131,2,5
77001,1920,1155015,147841920,23520,0.5874999761581421,128,77000,0.3290550708770752,1920,17,5,500000,1000,,77001.0,0.7026041746139526,0.5683683156967163,0.5874999761581421,0.6722267866134644,310,783219131,2,5
78001,1920,1170015,149761920,23520,0.5874999761581421,128,78000,0.33283209800720215,1920,17,5,500000,1000,,78001.0,0.7020833492279053,0.5683611035346985,0.5874999761581421,0.672325074672699,314,783219131,2,5
79001,1920,1185015,151681920,23520,0.5874999761581421,128,79000,0.3367948532104492,1920,17,5,500000,1000,,79001.0,0.7036458253860474,0.568352997303009,0.5874999761581421,0.6726418137550354,318,783219131,2,5
80001,1920,1200015,153601920,23520,0.5874999761581421,128,80000,0.3405928611755371,1920,17,5,500000,1000,,80001.0,0.7036458253860474,0.568343997001648,0.5874999761581421,0.6724883317947388,322,783219131,2,5
81001,1920,1215015,155521920,23520,0.5874999761581421,128,81000,0.34446287155151367,1920,17,5,500000,1000,,81001.0,0.703125,0.5683335661888123,0.5874999761581421,0.6723188757896423,326,783219131,2,5
82001,1920,1230015,157441920,23520,0.5874999761581421,128,82000,0.3482091426849365,1920,17,5,500000,1000,,82001.0,0.7020833492279053,0.5683264136314392,0.5874999761581421,0.6724280714988708,330,783219131,2,5
83001,1920,1245015,159361920,23520,0.5874999761581421,128,83000,0.3519880771636963,1920,17,5,500000,1000,,83001.0,0.703125,0.5683165192604065,0.5874999761581421,0.6720756888389587,334,783219131,2,5
84001,1920,1260015,161281920,23520,0.5874999761581421,128,84000,0.3557929992675781,1920,17,5,500000,1000,,84001.0,0.7015625238418579,0.5683063268661499,0.5874999761581421,0.6722813248634338,337,783219131,2,5
85001,1920,1275015,163201920,23520,0.5874999761581421,128,85000,0.3596780300140381,1920,17,5,500000,1000,,85001.0,0.7020833492279053,0.5683016180992126,0.5874999761581421,0.6723992228507996,341,783219131,2,5
86001,1920,1290015,165121920,23520,0.5874999761581421,128,86000,0.36339712142944336,1920,17,5,500000,1000,,86001.0,0.7046874761581421,0.5682967901229858,0.5874999761581421,0.6726445555686951,345,783219131,2,5
87001,1920,1305015,167041920,23520,0.5874999761581421,128,87000,0.3671379089355469,1920,17,5,500000,1000,,87001.0,0.7026041746139526,0.5682857632637024,0.5874999761581421,0.6725099682807922,349,783219131,2,5
88001,1920,1320015,168961920,23520,0.5874999761581421,128,88000,0.37106919288635254,1920,17,5,500000,1000,,88001.0,0.703125,0.5682758092880249,0.5874999761581421,0.6723231673240662,353,783219131,2,5
89001,1920,1335015,170881920,23520,0.5874999761581421,128,89000,0.3753030300140381,1920,17,5,500000,1000,,89001.0,0.7026041746139526,0.5682715177536011,0.5874999761581421,0.6727375388145447,357,783219131,2,5
90001,1920,1350015,172801920,23520,0.5874999761581421,128,90000,0.379284143447876,1920,17,5,500000,1000,,90001.0,0.703125,0.5682592988014221,0.5874999761581421,0.6722838282585144,360,783219131,2,5
91001,1920,1365015,174721920,23520,0.5874999761581421,128,91000,0.38304710388183594,1920,17,5,500000,1000,,91001.0,0.7052083611488342,0.568256676197052,0.5874999761581421,0.6723787188529968,364,783219131,2,5
92001,1920,1380015,176641920,23520,0.5874999761581421,128,92000,0.3868281841278076,1920,17,5,500000,1000,,92001.0,0.7041666507720947,0.5682474374771118,0.5874999761581421,0.6723483204841614,368,783219131,2,5
93001,1920,1395015,178561920,23520,0.5874999761581421,128,93000,0.39063501358032227,1920,17,5,500000,1000,,93001.0,0.7036458253860474,0.5682423710823059,0.5874999761581421,0.6725579500198364,372,783219131,2,5
94001,1920,1410015,180481920,23520,0.5874999761581421,128,94000,0.39442014694213867,1920,17,5,500000,1000,,94001.0,0.7036458253860474,0.5682369470596313,0.5874999761581421,0.6725398898124695,376,783219131,2,5
95001,1920,1425015,182401920,23520,0.5874999761581421,128,95000,0.39821910858154297,1920,17,5,500000,1000,,95001.0,0.7036458253860474,0.5682323575019836,0.5874999761581421,0.6726199388504028,379,783219131,2,5
96001,1920,1440015,184321920,23520,0.5874999761581421,128,96000,0.4020102024078369,1920,17,5,500000,1000,,96001.0,0.703125,0.5682271718978882,0.5874999761581421,0.6728955507278442,383,783219131,2,5
97001,1920,1455015,186241920,23520,0.5874999761581421,128,97000,0.40579724311828613,1920,17,5,500000,1000,,97001.0,0.703125,0.568218469619751,0.5874999761581421,0.67243891954422,387,783219131,2,5
98001,1920,1470015,188161920,23520,0.5874999761581421,128,98000,0.40958642959594727,1920,17,5,500000,1000,,98001.0,0.7010416388511658,0.5682098269462585,0.5874999761581421,0.6724627017974854,391,783219131,2,5
99001,1920,1485015,190081920,23520,0.5874999761581421,128,99000,0.4133782386779785,1920,17,5,500000,1000,,99001.0,0.7015625238418579,0.5682045221328735,0.5895833373069763,0.6725785732269287,395,783219131,2,5
100001,1920,1500015,192001920,23520,0.5895833373069763,128,100000,0.4171304702758789,1920,17,5,500000,1000,,100001.0,0.7026041746139526,0.5681966543197632,0.5895833373069763,0.672503650188446,398,783219131,2,5
101001,1920,1515015,193921920,23520,0.5895833373069763,128,101000,0.42093348503112793,1920,17,5,500000,1000,,101001.0,0.7052083611488342,0.5681902766227722,0.5874999761581421,0.6724229454994202,402,783219131,2,5
102001,1920,1530015,195841920,23520,0.5874999761581421,128,102000,0.42467451095581055,1920,17,5,500000,1000,,102001.0,0.7015625238418579,0.568186342716217,0.5874999761581421,0.672353982925415,406,783219131,2,5
103001,1920,1545015,197761920,23520,0.5874999761581421,128,103000,0.42840147018432617,1920,17,5,500000,1000,,103001.0,0.7015625238418579,0.5681814551353455,0.5874999761581421,0.6725435853004456,410,783219131,2,5
104001,1920,1560015,199681920,23520,0.5874999761581421,128,104000,0.43216967582702637,1920,17,5,500000,1000,,104001.0,0.7015625238418579,0.5681736469268799,0.5874999761581421,0.6722965240478516,414,783219131,2,5
105001,1920,1575015,201601920,23520,0.5874999761581421,128,105000,0.43590664863586426,1920,17,5,500000,1000,,105001.0,0.7041666507720947,0.5681673288345337,0.5874999761581421,0.6725087761878967,417,783219131,2,5
106001,1920,1590015,203521920,23520,0.5874999761581421,128,106000,0.4397554397583008,1920,17,5,500000,1000,,106001.0,0.7041666507720947,0.5681629180908203,0.5874999761581421,0.6722908020019531,421,783219131,2,5
107001,1920,1605015,205441920,23520,0.5874999761581421,128,107000,0.4435305595397949,1920,17,5,500000,1000,,107001.0,0.7036458253860474,0.5681546330451965,0.5874999761581421,0.6724981069564819,425,783219131,2,5
108001,1920,1620015,207361920,23520,0.5874999761581421,128,108000,0.4472806453704834,1920,17,5,500000,1000,,108001.0,0.7046874761581421,0.5681493878364563,0.5895833373069763,0.6723358631134033,429,783219131,2,5
109001,1920,1635015,209281920,23520,0.5895833373069763,128,109000,0.451021671295166,1920,17,5,500000,1000,,109001.0,0.7026041746139526,0.5681449174880981,0.5874999761581421,0.6723978519439697,433,783219131,2,5
110001,1920,1650015,211201920,23520,0.5874999761581421,128,110000,0.4549565315246582,1920,17,5,500000,1000,,110001.0,0.703125,0.5681406259536743,0.5895833373069763,0.6723007559776306,437,783219131,2,5
111001,1920,1665015,213121920,23520,0.5895833373069763,128,111000,0.4587287902832031,1920,17,5,500000,1000,,111001.0,0.7020833492279053,0.5681336522102356,0.5874999761581421,0.6725439429283142,440,783219131,2,5
112001,1920,1680015,215041920,23520,0.5874999761581421,128,112000,0.46245694160461426,1920,17,5,500000,1000,,112001.0,0.7026041746139526,0.5681300759315491,0.5895833373069763,0.6723963022232056,444,783219131,2,5
113001,1920,1695015,216961920,23520,0.5895833373069763,128,113000,0.46617794036865234,1920,17,5,500000,1000,,113001.0,0.7010416388511658,0.5681242346763611,0.5895833373069763,0.672335684299469,448,783219131,2,5
114001,1920,1710015,218881920,23520,0.5895833373069763,128,114000,0.47002291679382324,1920,17,5,500000,1000,,114001.0,0.7026041746139526,0.5681223273277283,0.5874999761581421,0.6726576685905457,452,783219131,2,5
115001,1920,1725015,220801920,23520,0.5874999761581421,128,115000,0.4737510681152344,1920,17,5,500000,1000,,115001.0,0.7036458253860474,0.5681180953979492,0.5874999761581421,0.6726447343826294,456,783219131,2,5
116001,1920,1740015,222721920,23520,0.5874999761581421,128,116000,0.47749829292297363,1920,17,5,500000,1000,,116001.0,0.7041666507720947,0.5681111812591553,0.5874999761581421,0.6724900603294373,459,783219131,2,5
117001,1920,1755015,224641920,23520,0.5874999761581421,128,117000,0.4813523292541504,1920,17,5,500000,1000,,117001.0,0.7036458253860474,0.5681120157241821,0.5874999761581421,0.672720193862915,463,783219131,2,5
118001,1920,1770015,226561920,23520,0.5874999761581421,128,118000,0.4851114749908447,1920,17,5,500000,1000,,118001.0,0.7041666507720947,0.5681047439575195,0.5874999761581421,0.6727060079574585,467,783219131,2,5
119001,1920,1785015,228481920,23520,0.5874999761581421,128,119000,0.4888894557952881,1920,17,5,500000,1000,,119001.0,0.7057291865348816,0.5681008100509644,0.5874999761581421,0.6728217005729675,471,783219131,2,5
120001,1920,1800015,230401920,23520,0.5874999761581421,128,120000,0.4927504062652588,1920,17,5,500000,1000,,120001.0,0.7046874761581421,0.5680971741676331,0.5874999761581421,0.6727471947669983,475,783219131,2,5
121001,1920,1815015,232321920,23520,0.5874999761581421,128,121000,0.4965322017669678,1920,17,5,500000,1000,,121001.0,0.703125,0.5680898427963257,0.5874999761581421,0.6722954511642456,479,783219131,2,5
122001,1920,1830015,234241920,23520,0.5874999761581421,128,122000,0.5003621578216553,1920,17,5,500000,1000,,122001.0,0.703125,0.5680831074714661,0.5874999761581421,0.6725146174430847,482,783219131,2,5
123001,1920,1845015,236161920,23520,0.5874999761581421,128,123000,0.5041279792785645,1920,17,5,500000,1000,,123001.0,0.7020833492279053,0.5680788159370422,0.5874999761581421,0.6722581386566162,486,783219131,2,5
124001,1920,1860015,238081920,23520,0.5874999761581421,128,124000,0.5079271793365479,1920,17,5,500000,1000,,124001.0,0.7020833492279053,0.5680770874023438,0.5874999761581421,0.6726910471916199,490,783219131,2,5
125001,1920,1875015,240001920,23520,0.5874999761581421,128,125000,0.511695384979248,1920,17,5,500000,1000,,125001.0,0.7036458253860474,0.5680720806121826,0.5874999761581421,0.6725863814353943,494,783219131,2,5
126001,1920,1890015,241921920,23520,0.5874999761581421,128,126000,0.5154147148132324,1920,17,5,500000,1000,,126001.0,0.7026041746139526,0.5680688619613647,0.5895833373069763,0.6726436614990234,498,783219131,2,5
127001,1920,1905015,243841920,23520,0.5895833373069763,128,127000,0.5191648006439209,1920,17,5,500000,1000,,127001.0,0.7046874761581421,0.568058967590332,0.5895833373069763,0.6723552942276001,501,783219131,2,5
128001,1920,1920015,245761920,23520,0.5895833373069763,128,128000,0.5229158401489258,1920,17,5,500000,1000,,128001.0,0.7020833492279053,0.5680580735206604,0.5895833373069763,0.6723801493644714,505,783219131,2,5
129001,1920,1935015,247681920,23520,0.5895833373069763,128,129000,0.5266640186309814,1920,17,5,500000,1000,,129001.0,0.7015625238418579,0.5680578947067261,0.5895833373069763,0.6725432276725769,509,783219131,2,5
130001,1920,1950015,249601920,23520,0.5895833373069763,128,130000,0.5307159423828125,1920,17,5,500000,1000,,130001.0,0.7010416388511658,0.5680497288703918,0.5895833373069763,0.6725496649742126,513,783219131,2,5
131001,1920,1965015,251521920,23520,0.5895833373069763,128,131000,0.5344977378845215,1920,17,5,500000,1000,,131001.0,0.699999988079071,0.5680501461029053,0.5895833373069763,0.6726492047309875,517,783219131,2,5
132001,1920,1980015,253441920,23520,0.5895833373069763,128,132000,0.5382437705993652,1920,17,5,500000,1000,,132001.0,0.7015625238418579,0.5680462718009949,0.5895833373069763,0.6726109981536865,520,783219131,2,5
133001,1920,1995015,255361920,23520,0.5895833373069763,128,133000,0.5420248508453369,1920,17,5,500000,1000,,133001.0,0.7010416388511658,0.5680415034294128,0.5895833373069763,0.6726884245872498,524,783219131,2,5
134001,1920,2010015,257281920,23520,0.5895833373069763,128,134000,0.5457589626312256,1920,17,5,500000,1000,,134001.0,0.7026041746139526,0.5680360794067383,0.5895833373069763,0.6726598739624023,528,783219131,2,5
135001,1920,2025015,259201920,23520,0.5895833373069763,128,135000,0.549602746963501,1920,17,5,500000,1000,,135001.0,0.7036458253860474,0.5680316090583801,0.5895833373069763,0.672683835029602,532,783219131,2,5
136001,1920,2040015,261121920,23520,0.5895833373069763,128,136000,0.553358793258667,1920,17,5,500000,1000,,136001.0,0.7015625238418579,0.5680299401283264,0.5895833373069763,0.6726910471916199,536,783219131,2,5
137001,1920,2055015,263041920,23520,0.5895833373069763,128,137000,0.5573408603668213,1920,17,5,500000,1000,,137001.0,0.703125,0.5680238604545593,0.5874999761581421,0.672781229019165,540,783219131,2,5
138001,1920,2070015,264961920,23520,0.5874999761581421,128,138000,0.561284065246582,1920,17,5,500000,1000,,138001.0,0.703125,0.5680217146873474,0.5874999761581421,0.6728742718696594,543,783219131,2,5
139001,1920,2085015,266881920,23520,0.5874999761581421,128,139000,0.5650079250335693,1920,17,5,500000,1000,,139001.0,0.7041666507720947,0.5680158734321594,0.5874999761581421,0.6726351380348206,547,783219131,2,5
140001,1920,2100015,268801920,23520,0.5874999761581421,128,140000,0.568742036819458,1920,17,5,500000,1000,,140001.0,0.7046874761581421,0.5680164694786072,0.5874999761581421,0.6725979447364807,551,783219131,2,5
141001,1920,2115015,270721920,23520,0.5874999761581421,128,141000,0.5725259780883789,1920,17,5,500000,1000,,141001.0,0.7046874761581421,0.5680100917816162,0.5874999761581421,0.672703742980957,555,783219131,2,5
142001,1920,2130015,272641920,23520,0.5874999761581421,128,142000,0.5762951374053955,1920,17,5,500000,1000,,142001.0,0.7052083611488342,0.5680099129676819,0.5874999761581421,0.6726104021072388,559,783219131,2,5
143001,1920,2145015,274561920,23520,0.5874999761581421,128,143000,0.5800611972808838,1920,17,5,500000,1000,,143001.0,0.7067708373069763,0.5680055022239685,0.5874999761581421,0.6726548671722412,563,783219131,2,5
144001,1920,2160015,276481920,23520,0.5874999761581421,128,144000,0.583869218826294,1920,17,5,500000,1000,,144001.0,0.7046874761581421,0.5679983496665955,0.5874999761581421,0.672422468662262,566,783219131,2,5
145001,1920,2175015,278401920,23520,0.5874999761581421,128,145000,0.5876379013061523,1920,17,5,500000,1000,,145001.0,0.7041666507720947,0.5679957270622253,0.5895833373069763,0.6725912690162659,570,783219131,2,5
146001,1920,2190015,280321920,23520,0.5895833373069763,128,146000,0.5914485454559326,1920,17,5,500000,1000,,146001.0,0.7041666507720947,0.5679950714111328,0.5874999761581421,0.6726145148277283,574,783219131,2,5
147001,1920,2205015,282241920,23520,0.5874999761581421,128,147000,0.5952165126800537,1920,17,5,500000,1000,,147001.0,0.7046874761581421,0.5679905414581299,0.5895833373069763,0.6727505922317505,578,783219131,2,5
148001,1920,2220015,284161920,23520,0.5895833373069763,128,148000,0.5989642143249512,1920,17,5,500000,1000,,148001.0,0.7041666507720947,0.5679865479469299,0.5874999761581421,0.6726440191268921,582,783219131,2,5
149001,1920,2235015,286081920,23520,0.5874999761581421,128,149000,0.6027932167053223,1920,17,5,500000,1000,,149001.0,0.7041666507720947,0.5679852962493896,0.5874999761581421,0.6726550459861755,585,783219131,2,5
150001,1920,2250015,288001920,23520,0.5874999761581421,128,150000,0.6065552234649658,1920,17,5,500000,1000,,150001.0,0.703125,0.5679804086685181,0.5874999761581421,0.6727151870727539,589,783219131,2,5
151001,1920,2265015,289921920,23520,0.5874999761581421,128,151000,0.6104042530059814,1920,17,5,500000,1000,,151001.0,0.7036458253860474,0.5679786205291748,0.5874999761581421,0.672791063785553,593,783219131,2,5
152001,1920,2280015,291841920,23520,0.5874999761581421,128,152000,0.6141493320465088,1920,17,5,500000,1000,,152001.0,0.703125,0.5679714679718018,0.5916666388511658,0.6725866198539734,597,783219131,2,5
153001,1920,2295015,293761920,23520,0.5916666388511658,128,153000,0.6180453300476074,1920,17,5,500000,1000,,153001.0,0.7020833492279053,0.5679731369018555,0.5895833373069763,0.6725915670394897,601,783219131,2,5
154001,1920,2310015,295681920,23520,0.5895833373069763,128,154000,0.6217951774597168,1920,17,5,500000,1000,,154001.0,0.7010416388511658,0.5679709315299988,0.5895833373069763,0.6727417707443237,605,783219131,2,5
155001,1920,2325015,297601920,23520,0.5895833373069763,128,155000,0.6255812644958496,1920,17,5,500000,1000,,155001.0,0.703125,0.5679692625999451,0.5895833373069763,0.6727063059806824,608,783219131,2,5
156001,1920,2340015,299521920,23520,0.5895833373069763,128,156000,0.6294972896575928,1920,17,5,500000,1000,,156001.0,0.7036458253860474,0.567963182926178,0.5874999761581421,0.6726789474487305,612,783219131,2,5
157001,1920,2355015,301441920,23520,0.5874999761581421,128,157000,0.633263349533081,1920,17,5,500000,1000,,157001.0,0.7041666507720947,0.5679594874382019,0.5895833373069763,0.6724981069564819,616,783219131,2,5
158001,1920,2370015,303361920,23520,0.5895833373069763,128,158000,0.6370885372161865,1920,17,5,500000,1000,,158001.0,0.703125,0.5679576396942139,0.5895833373069763,0.672451913356781,620,783219131,2,5
159001,1920,2385015,305281920,23520,0.5895833373069763,128,159000,0.6408286094665527,1920,17,5,500000,1000,,159001.0,0.7041666507720947,0.5679559111595154,0.5874999761581421,0.6722708940505981,624,783219131,2,5
160001,1920,2400015,307201920,23520,0.5874999761581421,128,160000,0.6445846557617188,1920,17,5,500000,1000,,160001.0,0.703125,0.5679512619972229,0.5874999761581421,0.6727749705314636,628,783219131,2,5
161001,1920,2415015,309121920,23520,0.5874999761581421,128,161000,0.6483454704284668,1920,17,5,500000,1000,,161001.0,0.703125,0.5679546594619751,0.5895833373069763,0.6726523637771606,631,783219131,2,5
162001,1920,2430015,311041920,23520,0.5895833373069763,128,162000,0.6521062850952148,1920,17,5,500000,1000,,162001.0,0.703125,0.5679455995559692,0.5895833373069763,0.6726506948471069,635,783219131,2,5
163001,1920,2445015,312961920,23520,0.5895833373069763,128,163000,0.65584397315979,1920,17,5,500000,1000,,163001.0,0.7036458253860474,0.5679406523704529,0.5895833373069763,0.6725708842277527,639,783219131,2,5
164001,1920,2460015,314881920,23520,0.5895833373069763,128,164000,0.6597490310668945,1920,17,5,500000,1000,,164001.0,0.7041666507720947,0.5679399967193604,0.5874999761581421,0.6725174784660339,643,783219131,2,5
165001,1920,2475015,316801920,23520,0.5874999761581421,128,165000,0.663564920425415,1920,17,5,500000,1000,,165001.0,0.7041666507720947,0.5679389238357544,0.5895833373069763,0.6725670099258423,647,783219131,2,5
166001,1920,2490015,318721920,23520,0.5895833373069763,128,166000,0.6673588752746582,1920,17,5,500000,1000,,166001.0,0.7041666507720947,0.5679364800453186,0.5874999761581421,0.6725963354110718,651,783219131,2,5
167001,1920,2505015,320641920,23520,0.5874999761581421,128,167000,0.6711540222167969,1920,17,5,500000,1000,,167001.0,0.7026041746139526,0.5679313540458679,0.5895833373069763,0.6725502610206604,654,783219131,2,5
168001,1920,2520015,322561920,23520,0.5895833373069763,128,168000,0.6748731136322021,1920,17,5,500000,1000,,168001.0,0.7052083611488342,0.5679296255111694,0.5874999761581421,0.6726821660995483,658,783219131,2,5
169001,1920,2535015,324481920,23520,0.5874999761581421,128,169000,0.6786303520202637,1920,17,5,500000,1000,,169001.0,0.7036458253860474,0.5679261684417725,0.5895833373069763,0.672592282295227,662,783219131,2,5
170001,1920,2550015,326401920,23520,0.5895833373069763,128,170000,0.6825764179229736,1920,17,5,500000,1000,,170001.0,0.703125,0.5679250955581665,0.5895833373069763,0.6727498173713684,666,783219131,2,5
171001,1920,2565015,328321920,23520,0.5895833373069763,128,171000,0.6863553524017334,1920,17,5,500000,1000,,171001.0,0.7026041746139526,0.5679199695587158,0.5895833373069763,0.6725572943687439,670,783219131,2,5
172001,1920,2580015,330241920,23520,0.5895833373069763,128,172000,0.6902036666870117,1920,17,5,500000,1000,,172001.0,0.7026041746139526,0.5679181218147278,0.5874999761581421,0.6726620197296143,674,783219131,2,5
173001,1920,2595015,332161920,23520,0.5874999761581421,128,173000,0.6939907073974609,1920,17,5,500000,1000,,173001.0,0.703125,0.5679166316986084,0.5874999761581421,0.67265385389328,677,783219131,2,5
174001,1920,2610015,334081920,23520,0.5874999761581421,128,174000,0.6977627277374268,1920,17,5,500000,1000,,174001.0,0.7026041746139526,0.5679128170013428,0.5874999761581421,0.6726771593093872,681,783219131,2,5
175001,1920,2625015,336001920,23520,0.5874999761581421,128,175000,0.7014966011047363,1920,17,5,500000,1000,,175001.0,0.7052083611488342,0.5679149031639099,0.5874999761581421,0.6726245880126953,685,783219131,2,5
176001,1920,2640015,337921920,23520,0.5874999761581421,128,176000,0.7053287029266357,1920,17,5,500000,1000,,176001.0,0.706250011920929,0.5679102540016174,0.5874999761581421,0.6725533604621887,689,783219131,2,5
177001,1920,2655015,339841920,23520,0.5874999761581421,128,177000,0.7091147899627686,1920,17,5,500000,1000,,177001.0,0.7057291865348816,0.5679059624671936,0.5874999761581421,0.6727391481399536,692,783219131,2,5
178001,1920,2670015,341761920,23520,0.5874999761581421,128,178000,0.712852954864502,1920,17,5,500000,1000,,178001.0,0.703125,0.5679035782814026,0.5895833373069763,0.6726312637329102,696,783219131,2,5
179001,1920,2685015,343681920,23520,0.5895833373069763,128,179000,0.7166390419006348,1920,17,5,500000,1000,,179001.0,0.7026041746139526,0.5679037570953369,0.5874999761581421,0.6727743148803711,700,783219131,2,5
180001,1920,2700015,345601920,23520,0.5874999761581421,128,180000,0.7204360961914062,1920,17,5,500000,1000,,180001.0,0.7041666507720947,0.5679022669792175,0.5874999761581421,0.6727058291435242,704,783219131,2,5
181001,1920,2715015,347521920,23520,0.5874999761581421,128,181000,0.7241623401641846,1920,17,5,500000,1000,,181001.0,0.7057291865348816,0.5679005980491638,0.5874999761581421,0.6727172136306763,708,783219131,2,5
182001,1920,2730015,349441920,23520,0.5874999761581421,128,182000,0.7279353141784668,1920,17,5,500000,1000,,182001.0,0.7046874761581421,0.5678998231887817,0.5895833373069763,0.6730096936225891,711,783219131,2,5
183001,1920,2745015,351361920,23520,0.5895833373069763,128,183000,0.7320754528045654,1920,17,5,500000,1000,,183001.0,0.7026041746139526,0.5678932070732117,0.5895833373069763,0.672632098197937,715,783219131,2,5
184001,1920,2760015,353281920,23520,0.5895833373069763,128,184000,0.7358524799346924,1920,17,5,500000,1000,,184001.0,0.7041666507720947,0.567891538143158,0.5895833373069763,0.6727449297904968,719,783219131,2,5
185001,1920,2775015,355201920,23520,0.5895833373069763,128,185000,0.7396204471588135,1920,17,5,500000,1000,,185001.0,0.7046874761581421,0.5678882598876953,0.5874999761581421,0.6729130148887634,723,783219131,2,5
186001,1920,2790015,357121920,23520,0.5874999761581421,128,186000,0.7434053421020508,1920,17,5,500000,1000,,186001.0,0.703125,0.5678877234458923,0.5874999761581421,0.6729838252067566,727,783219131,2,5
187001,1920,2805015,359041920,23520,0.5874999761581421,128,187000,0.7471110820770264,1920,17,5,500000,1000,,187001.0,0.703125,0.5678891539573669,0.5874999761581421,0.6727944016456604,731,783219131,2,5
188001,1920,2820015,360961920,23520,0.5874999761581421,128,188000,0.7508840560913086,1920,17,5,500000,1000,,188001.0,0.703125,0.5678824782371521,0.5874999761581421,0.6728075742721558,734,783219131,2,5
189001,1920,2835015,362881920,23520,0.5874999761581421,128,189000,0.7546141147613525,1920,17,5,500000,1000,,189001.0,0.7026041746139526,0.5678771734237671,0.5895833373069763,0.6725202798843384,738,783219131,2,5
190001,1920,2850015,364801920,23520,0.5895833373069763,128,190000,0.7583661079406738,1920,17,5,500000,1000,,190001.0,0.7036458253860474,0.5678794980049133,0.5874999761581421,0.6726438403129578,742,783219131,2,5
191001,1920,2865015,366721920,23520,0.5874999761581421,128,191000,0.762099027633667,1920,17,5,500000,1000,,191001.0,0.7041666507720947,0.5678774118423462,0.5874999761581421,0.6728572845458984,746,783219131,2,5
192001,1920,2880015,368641920,23520,0.5874999761581421,128,192000,0.7658259868621826,1920,17,5,500000,1000,,192001.0,0.7041666507720947,0.5678752660751343,0.5874999761581421,0.6729174852371216,749,783219131,2,5
193001,1920,2895015,370561920,23520,0.5874999761581421,128,193000,0.7695968151092529,1920,17,5,500000,1000,,193001.0,0.703125,0.5678752660751343,0.5874999761581421,0.672934353351593,753,783219131,2,5
194001,1920,2910015,372481920,23520,0.5874999761581421,128,194000,0.773413896560669,1920,17,5,500000,1000,,194001.0,0.703125,0.5678719282150269,0.5874999761581421,0.6729777455329895,757,783219131,2,5
195001,1920,2925015,374401920,23520,0.5874999761581421,128,195000,0.7771511077880859,1920,17,5,500000,1000,,195001.0,0.7036458253860474,0.567869246006012,0.5874999761581421,0.6729356050491333,761,783219131,2,5
196001,1920,2940015,376321920,23520,0.5874999761581421,128,196000,0.781015157699585,1920,17,5,500000,1000,,196001.0,0.7036458253860474,0.5678662657737732,0.5874999761581421,0.6728026866912842,765,783219131,2,5
197001,1920,2955015,378241920,23520,0.5874999761581421,128,197000,0.7847702503204346,1920,17,5,500000,1000,,197001.0,0.7041666507720947,0.5678620934486389,0.5874999761581421,0.6726164221763611,769,783219131,2,5
198001,1920,2970015,380161920,23520,0.5874999761581421,128,198000,0.7888782024383545,1920,17,5,500000,1000,,198001.0,0.7026041746139526,0.5678608417510986,0.5874999761581421,0.6726455092430115,773,783219131,2,5
199001,1920,2985015,382081920,23520,0.5874999761581421,128,199000,0.792593240737915,1920,17,5,500000,1000,,199001.0,0.7026041746139526,0.5678589344024658,0.5874999761581421,0.6725587248802185,776,783219131,2,5
200001,1920,3000015,384001920,23520,0.5874999761581421,128,200000,0.79677414894104,1920,17,5,500000,1000,,200001.0,0.7036458253860474,0.5678560733795166,0.5895833373069763,0.6725853085517883,781,783219131,2,5
201001,1920,3015015,385921920,23520,0.5895833373069763,128,201000,0.8008511066436768,1920,17,5,500000,1000,,201001.0,0.7036458253860474,0.5678544640541077,0.5895833373069763,0.6726458072662354,785,783219131,2,5
202001,1920,3030015,387841920,23520,0.5895833373069763,128,202000,0.8046231269836426,1920,17,5,500000,1000,,202001.0,0.7026041746139526,0.5678547024726868,0.5895833373069763,0.6729078888893127,788,783219131,2,5
203001,1920,3045015,389761920,23520,0.5895833373069763,128,203000,0.8084390163421631,1920,17,5,500000,1000,,203001.0,0.703125,0.5678495764732361,0.5895833373069763,0.6725485920906067,792,783219131,2,5
204001,1920,3060015,391681920,23520,0.5895833373069763,128,204000,0.812208890914917,1920,17,5,500000,1000,,204001.0,0.7026041746139526,0.5678520202636719,0.5895833373069763,0.6726771593093872,796,783219131,2,5
205001,1920,3075015,393601920,23520,0.5895833373069763,128,205000,0.8160409927368164,1920,17,5,500000,1000,,205001.0,0.7026041746139526,0.5678481459617615,0.5895833373069763,0.6727202534675598,800,783219131,2,5
206001,1920,3090015,395521920,23520,0.5895833373069763,128,206000,0.8198177814483643,1920,17,5,500000,1000,,206001.0,0.7026041746139526,0.5678492784500122,0.5874999761581421,0.6730016469955444,804,783219131,2,5
207001,1920,3105015,397441920,23520,0.5874999761581421,128,207000,0.8242447376251221,1920,17,5,500000,1000,,207001.0,0.7036458253860474,0.567850649356842,0.5895833373069763,0.6730534434318542,808,783219131,2,5
208001,1920,3120015,399361920,23520,0.5895833373069763,128,208000,0.8280279636383057,1920,17,5,500000,1000,,208001.0,0.703125,0.56784987449646,0.5895833373069763,0.6728807687759399,812,783219131,2,5
209001,1920,3135015,401281920,23520,0.5895833373069763,128,209000,0.8317980766296387,1920,17,5,500000,1000,,209001.0,0.7046874761581421,0.5678442716598511,0.5874999761581421,0.6728631854057312,816,783219131,2,5
210001,1920,3150015,403201920,23520,0.5874999761581421,128,210000,0.835637092590332,1920,17,5,500000,1000,,210001.0,0.7041666507720947,0.5678421258926392,0.5874999761581421,0.6729126572608948,820,783219131,2,5
211001,1920,3165015,405121920,23520,0.5874999761581421,128,211000,0.8394162654876709,1920,17,5,500000,1000,,211001.0,0.7036458253860474,0.5678396821022034,0.5874999761581421,0.6728124022483826,824,783219131,2,5
212001,1920,3180015,407041920,23520,0.5874999761581421,128,212000,0.8433685302734375,1920,17,5,500000,1000,,212001.0,0.703125,0.5678361654281616,0.5895833373069763,0.6724641919136047,828,783219131,2,5
213001,1920,3195015,408961920,23520,0.5895833373069763,128,213000,0.847313642501831,1920,17,5,500000,1000,,213001.0,0.7026041746139526,0.5678338408470154,0.5895833373069763,0.6726415157318115,832,783219131,2,5
214001,1920,3210015,410881920,23520,0.5895833373069763,128,214000,0.8511357307434082,1920,17,5,500000,1000,,214001.0,0.7041666507720947,0.5678337216377258,0.5874999761581421,0.6728457808494568,836,783219131,2,5
215001,1920,3225015,412801920,23520,0.5874999761581421,128,215000,0.8549647331237793,1920,17,5,500000,1000,,215001.0,0.7036458253860474,0.5678296685218811,0.5874999761581421,0.672736406326294,839,783219131,2,5
216001,1920,3240015,414721920,23520,0.5874999761581421,128,216000,0.8587307929992676,1920,17,5,500000,1000,,216001.0,0.7036458253860474,0.5678309202194214,0.5874999761581421,0.6726695895195007,843,783219131,2,5
217001,1920,3255015,416641920,23520,0.5874999761581421,128,217000,0.8625519275665283,1920,17,5,500000,1000,,217001.0,0.7041666507720947,0.5678281188011169,0.5895833373069763,0.6727257966995239,847,783219131,2,5
218001,1920,3270015,418561920,23520,0.5895833373069763,128,218000,0.8663177490234375,1920,17,5,500000,1000,,218001.0,0.7041666507720947,0.5678247213363647,0.5895833373069763,0.6727637052536011,851,783219131,2,5
219001,1920,3285015,420481920,23520,0.5895833373069763,128,219000,0.8702447414398193,1920,17,5,500000,1000,,219001.0,0.7052083611488342,0.5678226351737976,0.5874999761581421,0.6728317141532898,855,783219131,2,5
220001,1920,3300015,422401920,23520,0.5874999761581421,128,220000,0.8740143775939941,1920,17,5,500000,1000,,220001.0,0.7046874761581421,0.5678207874298096,0.5874999761581421,0.6726190447807312,859,783219131,2,5
221001,1920,3315015,424321920,23520,0.5874999761581421,128,221000,0.8779735565185547,1920,17,5,500000,1000,,221001.0,0.7026041746139526,0.567822277545929,0.5895833373069763,0.6726610064506531,863,783219131,2,5
222001,1920,3330015,426241920,23520,0.5895833373069763,128,222000,0.8817033767700195,1920,17,5,500000,1000,,222001.0,0.7036458253860474,0.5678169131278992,0.5895833373069763,0.6726059317588806,867,783219131,2,5
223001,1920,3345015,428161920,23520,0.5895833373069763,128,223000,0.8854434490203857,1920,17,5,500000,1000,,223001.0,0.7036458253860474,0.5678168535232544,0.5895833373069763,0.6725925207138062,870,783219131,2,5
224001,1920,3360015,430081920,23520,0.5895833373069763,128,224000,0.8892455101013184,1920,17,5,500000,1000,,224001.0,0.7041666507720947,0.5678157210350037,0.5916666388511658,0.672757089138031,874,783219131,2,5
225001,1920,3375015,432001920,23520,0.5916666388511658,128,225000,0.8930425643920898,1920,17,5,500000,1000,,225001.0,0.7026041746139526,0.5678165555000305,0.5895833373069763,0.6730199456214905,878,783219131,2,5
226001,1920,3390015,433921920,23520,0.5895833373069763,128,226000,0.8970804214477539,1920,17,5,500000,1000,,226001.0,0.7036458253860474,0.5678149461746216,0.5895833373069763,0.6731145977973938,882,783219131,2,5
227001,1920,3405015,435841920,23520,0.5895833373069763,128,227000,0.9008374214172363,1920,17,5,500000,1000,,227001.0,0.703125,0.5678137540817261,0.5895833373069763,0.6729752421379089,886,783219131,2,5
228001,1920,3420015,437761920,23520,0.5895833373069763,128,228000,0.9045803546905518,1920,17,5,500000,1000,,228001.0,0.7041666507720947,0.5678106546401978,0.5874999761581421,0.6729472875595093,890,783219131,2,5
229001,1920,3435015,439681920,23520,0.5874999761581421,128,229000,0.9084165096282959,1920,17,5,500000,1000,,229001.0,0.7020833492279053,0.56781005859375,0.5895833373069763,0.6728996634483337,894,783219131,2,5
230001,1920,3450015,441601920,23520,0.5895833373069763,128,230000,0.9121954441070557,1920,17,5,500000,1000,,230001.0,0.7036458253860474,0.5678090453147888,0.5874999761581421,0.6731984615325928,898,783219131,2,5
231001,1920,3465015,443521920,23520,0.5874999761581421,128,231000,0.9159352779388428,1920,17,5,500000,1000,,231001.0,0.7041666507720947,0.5678060054779053,0.5874999761581421,0.6731204390525818,901,783219131,2,5
232001,1920,3480015,445441920,23520,0.5874999761581421,128,232000,0.919701337814331,1920,17,5,500000,1000,,232001.0,0.7041666507720947,0.5678052306175232,0.5895833373069763,0.6730607748031616,905,783219131,2,5
233001,1920,3495015,447361920,23520,0.5895833373069763,128,233000,0.9235050678253174,1920,17,5,500000,1000,,233001.0,0.7041666507720947,0.5678020119667053,0.5874999761581421,0.6730544567108154,909,783219131,2,5
234001,1920,3510015,449281920,23520,0.5874999761581421,128,234000,0.9275429248809814,1920,17,5,500000,1000,,234001.0,0.7036458253860474,0.5678014755249023,0.5874999761581421,0.6730232238769531,913,783219131,2,5
235001,1920,3525015,451201920,23520,0.5874999761581421,128,235000,0.9315109252929688,1920,17,5,500000,1000,,235001.0,0.7026041746139526,0.5678014159202576,0.5895833373069763,0.6729263067245483,917,783219131,2,5
236001,1920,3540015,453121920,23520,0.5895833373069763,128,236000,0.9353337287902832,1920,17,5,500000,1000,,236001.0,0.7026041746139526,0.5677964687347412,0.5916666388511658,0.6729481220245361,921,783219131,2,5
237001,1920,3555015,455041920,23520,0.5916666388511658,128,237000,0.9391136169433594,1920,17,5,500000,1000,,237001.0,0.703125,0.567794680595398,0.5895833373069763,0.6728680729866028,925,783219131,2,5
238001,1920,3570015,456961920,23520,0.5895833373069763,128,238000,0.9431357383728027,1920,17,5,500000,1000,,238001.0,0.7026041746139526,0.5677923560142517,0.5895833373069763,0.6726235151290894,929,783219131,2,5
239001,1920,3585015,458881920,23520,0.5895833373069763,128,239000,0.9469265937805176,1920,17,5,500000,1000,,239001.0,0.7026041746139526,0.567790687084198,0.5895833373069763,0.6727535128593445,933,783219131,2,5
240001,1920,3600015,460801920,23520,0.5895833373069763,128,240000,0.9506843090057373,1920,17,5,500000,1000,,240001.0,0.7026041746139526,0.5677961707115173,0.5895833373069763,0.6729926466941833,937,783219131,2,5
241001,1920,3615015,462721920,23520,0.5895833373069763,128,241000,0.9544723033905029,1920,17,5,500000,1000,,241001.0,0.7036458253860474,0.5677917003631592,0.5874999761581421,0.672701895236969,940,783219131,2,5
242001,1920,3630015,464641920,23520,0.5874999761581421,128,242000,0.9585301876068115,1920,17,5,500000,1000,,242001.0,0.7041666507720947,0.5677860379219055,0.5874999761581421,0.6727941036224365,944,783219131,2,5
243001,1920,3645015,466561920,23520,0.5874999761581421,128,243000,0.9623019695281982,1920,17,5,500000,1000,,243001.0,0.7036458253860474,0.5677860975265503,0.5874999761581421,0.6730346083641052,948,783219131,2,5
244001,1920,3660015,468481920,23520,0.5874999761581421,128,244000,0.9660549163818359,1920,17,5,500000,1000,,244001.0,0.703125,0.5677875280380249,0.5874999761581421,0.6729251742362976,952,783219131,2,5
245001,1920,3675015,470401920,23520,0.5874999761581421,128,245000,0.9699327945709229,1920,17,5,500000,1000,,245001.0,0.7036458253860474,0.5677838921546936,0.5874999761581421,0.6728996634483337,956,783219131,2,5
246001,1920,3690015,472321920,23520,0.5874999761581421,128,246000,0.9737818241119385,1920,17,5,500000,1000,,246001.0,0.7036458253860474,0.5677810907363892,0.5874999761581421,0.6728890538215637,960,783219131,2,5
247001,1920,3705015,474241920,23520,0.5874999761581421,128,247000,0.977543830871582,1920,17,5,500000,1000,,247001.0,0.7041666507720947,0.5677817463874817,0.5874999761581421,0.6730165481567383,964,783219131,2,5
248001,1920,3720015,476161920,23520,0.5874999761581421,128,248000,0.9813327789306641,1920,17,5,500000,1000,,248001.0,0.7036458253860474,0.5677791833877563,0.5874999761581421,0.6730349659919739,968,783219131,2,5
249001,1920,3735015,478081920,23520,0.5874999761581421,128,249000,0.9851257801055908,1920,17,5,500000,1000,,249001.0,0.7015625238418579,0.5677797794342041,0.5916666388511658,0.6726836562156677,971,783219131,2,5
250001,1920,3750015,480001920,23520,0.5916666388511658,128,250000,0.989642858505249,1920,17,5,500000,1000,,250001.0,0.703125,0.5677744150161743,0.5916666388511658,0.6727291941642761,975,783219131,2,5
251001,1920,3765015,481921920,23520,0.5916666388511658,128,251000,0.993384838104248,1920,17,5,500000,1000,,251001.0,0.7041666507720947,0.5677719116210938,0.5916666388511658,0.6729163527488708,979,783219131,2,5
252001,1920,3780015,483841920,23520,0.5916666388511658,128,252000,0.9971339702606201,1920,17,5,500000,1000,,252001.0,0.7020833492279053,0.5677714943885803,0.5895833373069763,0.6728784441947937,983,783219131,2,5
253001,1920,3795015,485761920,23520,0.5895833373069763,128,253000,1.0008859634399414,1920,17,5,500000,1000,,253001.0,0.703125,0.5677711367607117,0.5895833373069763,0.6726714968681335,987,783219131,2,5
254001,1920,3810015,487681920,23520,0.5895833373069763,128,254000,1.0047118663787842,1920,17,5,500000,1000,,254001.0,0.703125,0.5677717328071594,0.5895833373069763,0.6727542281150818,991,783219131,2,5
255001,1920,3825015,489601920,23520,0.5895833373069763,128,255000,1.008443832397461,1920,17,5,500000,1000,,255001.0,0.7041666507720947,0.5677663087844849,0.5874999761581421,0.6729215979576111,995,783219131,2,5
256001,1920,3840015,491521920,23520,0.5874999761581421,128,256000,1.0121738910675049,1920,17,5,500000,1000,,256001.0,0.7036458253860474,0.5677705407142639,0.5874999761581421,0.6728340983390808,999,783219131,2,5
257001,1920,3855015,493441920,23520,0.5874999761581421,128,257000,1.0160198211669922,1920,17,5,500000,1000,,257001.0,0.7020833492279053,0.5677683353424072,0.5895833373069763,0.6727350354194641,1003,783219131,2,5
258001,1920,3870015,495361920,23520,0.5895833373069763,128,258000,1.0212647914886475,1920,17,5,500000,1000,,258001.0,0.7041666507720947,0.5677701830863953,0.5874999761581421,0.6730195879936218,1007,783219131,2,5
259001,1920,3885015,497281920,23520,0.5874999761581421,128,259000,1.0250186920166016,1920,17,5,500000,1000,,259001.0,0.7036458253860474,0.5677669644355774,0.5874999761581421,0.6728903651237488,1011,783219131,2,5
260001,1920,3900015,499201920,23520,0.5874999761581421,128,260000,1.0287535190582275,1920,17,5,500000,1000,,260001.0,0.7036458253860474,0.5677661895751953,0.5874999761581421,0.6731930375099182,1015,783219131,2,5
261001,1920,3915015,501121920,23520,0.5874999761581421,128,261000,1.0325095653533936,1920,17,5,500000,1000,,261001.0,0.7026041746139526,0.5677634477615356,0.5874999761581421,0.6730337738990784,1019,783219131,2,5
262001,1920,3930015,503041920,23520,0.5874999761581421,128,262000,1.03623366355896,1920,17,5,500000,1000,,262001.0,0.7036458253860474,0.5677634477615356,0.5874999761581421,0.6731260418891907,1023,783219131,2,5
263001,1920,3945015,504961920,23520,0.5874999761581421,128,263000,1.0399937629699707,1920,17,5,500000,1000,,263001.0,0.7026041746139526,0.5677619576454163,0.5874999761581421,0.6732102632522583,1027,783219131,2,5
264001,1920,3960015,506881920,23520,0.5874999761581421,128,264000,1.0437607765197754,1920,17,5,500000,1000,,264001.0,0.7036458253860474,0.5677617192268372,0.5874999761581421,0.6729526519775391,1031,783219131,2,5
265001,1920,3975015,508801920,23520,0.5874999761581421,128,265000,1.04750657081604,1920,17,5,500000,1000,,265001.0,0.703125,0.5677539110183716,0.5874999761581421,0.6726847290992737,1035,783219131,2,5
266001,1920,3990015,510721920,23520,0.5874999761581421,128,266000,1.051722526550293,1920,17,5,500000,1000,,266001.0,0.7015625238418579,0.5677539706230164,0.5895833373069763,0.6727271676063538,1039,783219131,2,5
267001,1920,4005015,512641920,23520,0.5895833373069763,128,267000,1.0554795265197754,1920,17,5,500000,1000,,267001.0,0.7041666507720947,0.5677506327629089,0.5895833373069763,0.6724787950515747,1042,783219131,2,5
268001,1920,4020015,514561920,23520,0.5895833373069763,128,268000,1.0592262744903564,1920,17,5,500000,1000,,268001.0,0.7020833492279053,0.5677521824836731,0.5895833373069763,0.672781229019165,1046,783219131,2,5
269001,1920,4035015,516481920,23520,0.5895833373069763,128,269000,1.0629653930664062,1920,17,5,500000,1000,,269001.0,0.7020833492279053,0.5677506923675537,0.5916666388511658,0.6725356578826904,1050,783219131,2,5
270001,1920,4050015,518401920,23520,0.5916666388511658,128,270000,1.0669004917144775,1920,17,5,500000,1000,,270001.0,0.7026041746139526,0.567748486995697,0.5895833373069763,0.6728057265281677,1054,783219131,2,5
271001,1920,4065015,520321920,23520,0.5895833373069763,128,271000,1.0718615055084229,1920,17,5,500000,1000,,271001.0,0.7052083611488342,0.5677505731582642,0.5874999761581421,0.6729514598846436,1058,783219131,2,5
272001,1920,4080015,522241920,23520,0.5874999761581421,128,272000,1.0755946636199951,1920,17,5,500000,1000,,272001.0,0.7036458253860474,0.5677462220191956,0.5895833373069763,0.672905683517456,1062,783219131,2,5
273001,1920,4095015,524161920,23520,0.5895833373069763,128,273000,1.079338550567627,1920,17,5,500000,1000,,273001.0,0.7036458253860474,0.5677457451820374,0.5895833373069763,0.6727526187896729,1066,783219131,2,5
274001,1920,4110015,526081920,23520,0.5895833373069763,128,274000,1.0948777198791504,1920,17,5,500000,1000,,274001.0,0.703125,0.5677438378334045,0.5895833373069763,0.6727282404899597,1071,783219131,2,5
275001,1920,4125015,528001920,23520,0.5895833373069763,128,275000,1.0985746383666992,1920,17,5,500000,1000,,275001.0,0.7036458253860474,0.567743718624115,0.5916666388511658,0.6728357672691345,1075,783219131,2,5
276001,1920,4140015,529921920,23520,0.5916666388511658,128,276000,1.1022746562957764,1920,17,5,500000,1000,,276001.0,0.7036458253860474,0.5677421689033508,0.5895833373069763,0.6730193495750427,1079,783219131,2,5
277001,1920,4155015,531841920,23520,0.5895833373069763,128,277000,1.1059739589691162,1920,17,5,500000,1000,,277001.0,0.703125,0.5677427649497986,0.5916666388511658,0.6730138063430786,1083,783219131,2,5
278001,1920,4170015,533761920,23520,0.5916666388511658,128,278000,1.1096742153167725,1920,17,5,500000,1000,,278001.0,0.703125,0.5677420496940613,0.5895833373069763,0.6730815768241882,1086,783219131,2,5
279001,1920,4185015,535681920,23520,0.5895833373069763,128,279000,1.1146759986877441,1920,17,5,500000,1000,,279001.0,0.703125,0.5677383542060852,0.5916666388511658,0.6725801229476929,1091,783219131,2,5
280001,1920,4200015,537601920,23520,0.5916666388511658,128,280000,1.1215157508850098,1920,17,5,500000,1000,,280001.0,0.7041666507720947,0.567740261554718,0.5895833373069763,0.672932505607605,1095,783219131,2,5
281001,1920,4215015,539521920,23520,0.5895833373069763,128,281000,1.1252779960632324,1920,17,5,500000,1000,,281001.0,0.7036458253860474,0.5677401423454285,0.5874999761581421,0.6730319261550903,1099,783219131,2,5
282001,1920,4230015,541441920,23520,0.5874999761581421,128,282000,1.1290009021759033,1920,17,5,500000,1000,,282001.0,0.7026041746139526,0.5677378177642822,0.5895833373069763,0.6730839014053345,1102,783219131,2,5
283001,1920,4245015,543361920,23520,0.5895833373069763,128,283000,1.132866621017456,1920,17,5,500000,1000,,283001.0,0.703125,0.567736804485321,0.5874999761581421,0.6731000542640686,1106,783219131,2,5
284001,1920,4260015,545281920,23520,0.5874999761581421,128,284000,1.1368515491485596,1920,17,5,500000,1000,,284001.0,0.7041666507720947,0.5677370429039001,0.5874999761581421,0.6727651357650757,1110,783219131,2,5
285001,1920,4275015,547201920,23520,0.5874999761581421,128,285000,1.1405935287475586,1920,17,5,500000,1000,,285001.0,0.7041666507720947,0.5677339434623718,0.5874999761581421,0.6728561520576477,1114,783219131,2,5
286001,1920,4290015,549121920,23520,0.5874999761581421,128,286000,1.1443355083465576,1920,17,5,500000,1000,,286001.0,0.703125,0.5677329897880554,0.5895833373069763,0.6727879643440247,1118,783219131,2,5
287001,1920,4305015,551041920,23520,0.5895833373069763,128,287000,1.148472785949707,1920,17,5,500000,1000,,287001.0,0.7046874761581421,0.5677317976951599,0.5874999761581421,0.6729677319526672,1122,783219131,2,5
288001,1920,4320015,552961920,23520,0.5874999761581421,128,288000,1.152207851409912,1920,17,5,500000,1000,,288001.0,0.7046874761581421,0.5677309036254883,0.5874999761581421,0.673164427280426,1126,783219131,2,5
289001,1920,4335015,554881920,23520,0.5874999761581421,128,289000,1.1559267044067383,1920,17,5,500000,1000,,289001.0,0.7036458253860474,0.5677316188812256,0.5895833373069763,0.673008143901825,1130,783219131,2,5
290001,1920,4350015,556801920,23520,0.5895833373069763,128,290000,1.1596086025238037,1920,17,5,500000,1000,,290001.0,0.7026041746139526,0.5677284002304077,0.5895833373069763,0.6729901432991028,1134,783219131,2,5
291001,1920,4365015,558721920,23520,0.5895833373069763,128,291000,1.1645855903625488,1920,17,5,500000,1000,,291001.0,0.703125,0.5677255988121033,0.5895833373069763,0.6730515956878662,1138,783219131,2,5
292001,1920,4380015,560641920,23520,0.5895833373069763,128,292000,1.1683166027069092,1920,17,5,500000,1000,,292001.0,0.7026041746139526,0.5677258372306824,0.5895833373069763,0.6730015873908997,1142,783219131,2,5
293001,1920,4395015,562561920,23520,0.5895833373069763,128,293000,1.1720595359802246,1920,17,5,500000,1000,,293001.0,0.703125,0.5677251219749451,0.5874999761581421,0.6730020642280579,1146,783219131,2,5
294001,1920,4410015,564481920,23520,0.5874999761581421,128,294000,1.1757876873016357,1920,17,5,500000,1000,,294001.0,0.703125,0.5677244663238525,0.5895833373069763,0.6728330254554749,1150,783219131,2,5
295001,1920,4425015,566401920,23520,0.5895833373069763,128,295000,1.179525375366211,1920,17,5,500000,1000,,295001.0,0.7026041746139526,0.5677219033241272,0.5895833373069763,0.6727732419967651,1154,783219131,2,5
296001,1920,4440015,568321920,23520,0.5895833373069763,128,296000,1.1832623481750488,1920,17,5,500000,1000,,296001.0,0.703125,0.567718505859375,0.5895833373069763,0.6725502610206604,1158,783219131,2,5
297001,1920,4455015,570241920,23520,0.5895833373069763,128,297000,1.186960220336914,1920,17,5,500000,1000,,297001.0,0.7036458253860474,0.5677202343940735,0.5895833373069763,0.6727240681648254,1162,783219131,2,5
298001,1920,4470015,572161920,23520,0.5895833373069763,128,298000,1.1906821727752686,1920,17,5,500000,1000,,298001.0,0.703125,0.5677153468132019,0.5895833373069763,0.6725786924362183,1166,783219131,2,5
299001,1920,4485015,574081920,23520,0.5895833373069763,128,299000,1.1944692134857178,1920,17,5,500000,1000,,299001.0,0.703125,0.5677130818367004,0.5916666388511658,0.6726290583610535,1170,783219131,2,5
300001,1920,4500015,576001920,23520,0.5916666388511658,128,300000,1.198167324066162,1920,17,5,500000,1000,,300001.0,0.703125,0.5677164793014526,0.5895833373069763,0.6730743646621704,1174,783219131,2,5
301001,1920,4515015,577921920,23520,0.5895833373069763,128,301000,1.201878309249878,1920,17,5,500000,1000,,301001.0,0.703125,0.5677162408828735,0.5916666388511658,0.6729425191879272,1178,783219131,2,5
302001,1920,4530015,579841920,23520,0.5916666388511658,128,302000,1.2055943012237549,1920,17,5,500000,1000,,302001.0,0.7026041746139526,0.5677149891853333,0.5916666388511658,0.6729746460914612,1181,783219131,2,5
303001,1920,4545015,581761920,23520,0.5916666388511658,128,303000,1.2093093395233154,1920,17,5,500000,1000,,303001.0,0.7026041746139526,0.5677188634872437,0.5895833373069763,0.6729695796966553,1185,783219131,2,5
304001,1920,4560015,583681920,23520,0.5895833373069763,128,304000,1.2130382061004639,1920,17,5,500000,1000,,304001.0,0.7052083611488342,0.567716658115387,0.5874999761581421,0.6728965044021606,1189,783219131,2,5
305001,1920,4575015,585601920,23520,0.5874999761581421,128,305000,1.216759204864502,1920,17,5,500000,1000,,305001.0,0.7036458253860474,0.5677118301391602,0.5916666388511658,0.6728745698928833,1193,783219131,2,5
306001,1920,4590015,587521920,23520,0.5916666388511658,128,306000,1.2205114364624023,1920,17,5,500000,1000,,306001.0,0.703125,0.5677139163017273,0.5895833373069763,0.672820508480072,1197,783219131,2,5
307001,1920,4605015,589441920,23520,0.5895833373069763,128,307000,1.2242555618286133,1920,17,5,500000,1000,,307001.0,0.703125,0.5677099823951721,0.5916666388511658,0.6729074716567993,1202,783219131,2,5
308001,1920,4620015,591361920,23520,0.5916666388511658,128,308000,1.2279586791992188,1920,17,5,500000,1000,,308001.0,0.7026041746139526,0.5677105188369751,0.5895833373069763,0.6728975176811218,1206,783219131,2,5
309001,1920,4635015,593281920,23520,0.5895833373069763,128,309000,1.2318079471588135,1920,17,5,500000,1000,,309001.0,0.7026041746139526,0.5677106976509094,0.5895833373069763,0.6731083989143372,1210,783219131,2,5
310001,1920,4650015,595201920,23520,0.5895833373069763,128,310000,1.235522747039795,1920,17,5,500000,1000,,310001.0,0.7026041746139526,0.5677114725112915,0.5895833373069763,0.6731345057487488,1214,783219131,2,5
311001,1920,4665015,597121920,23520,0.5895833373069763,128,311000,1.2392327785491943,1920,17,5,500000,1000,,311001.0,0.7026041746139526,0.5677073001861572,0.5895833373069763,0.6727877855300903,1218,783219131,2,5
312001,1920,4680015,599041920,23520,0.5895833373069763,128,312000,1.242978811264038,1920,17,5,500000,1000,,312001.0,0.7015625238418579,0.5677052140235901,0.5895833373069763,0.672810971736908,1222,783219131,2,5
313001,1920,4695015,600961920,23520,0.5895833373069763,128,313000,1.2470028400421143,1920,17,5,500000,1000,,313001.0,0.7026041746139526,0.5677040815353394,0.5895833373069763,0.6730359196662903,1226,783219131,2,5
314001,1920,4710015,602881920,23520,0.5895833373069763,128,314000,1.2507200241088867,1920,17,5,500000,1000,,314001.0,0.7036458253860474,0.5677058696746826,0.5874999761581421,0.6729728579521179,1230,783219131,2,5
315001,1920,4725015,604801920,23520,0.5874999761581421,128,315000,1.254469871520996,1920,17,5,500000,1000,,315001.0,0.7046874761581421,0.5677073001861572,0.5895833373069763,0.6730939745903015,1234,783219131,2,5
316001,1920,4740015,606721920,23520,0.5895833373069763,128,316000,1.2583377361297607,1920,17,5,500000,1000,,316001.0,0.7046874761581421,0.5677047967910767,0.5895833373069763,0.672900378704071,1238,783219131,2,5
317001,1920,4755015,608641920,23520,0.5895833373069763,128,317000,1.2620797157287598,1920,17,5,500000,1000,,317001.0,0.7036458253860474,0.5677013397216797,0.5874999761581421,0.6730291247367859,1242,783219131,2,5
318001,1920,4770015,610561920,23520,0.5874999761581421,128,318000,1.2658357620239258,1920,17,5,500000,1000,,318001.0,0.703125,0.5677006244659424,0.5895833373069763,0.6727977395057678,1246,783219131,2,5
319001,1920,4785015,612481920,23520,0.5895833373069763,128,319000,1.2695765495300293,1920,17,5,500000,1000,,319001.0,0.7026041746139526,0.5677025318145752,0.5895833373069763,0.6730414032936096,1250,783219131,2,5
320001,1920,4800015,614401920,23520,0.5895833373069763,128,320000,1.2732734680175781,1920,17,5,500000,1000,,320001.0,0.7026041746139526,0.5676975846290588,0.5895833373069763,0.6729883551597595,1254,783219131,2,5
321001,1920,4815015,616321920,23520,0.5895833373069763,128,321000,1.2770342826843262,1920,17,5,500000,1000,,321001.0,0.703125,0.5676984786987305,0.5895833373069763,0.6727466583251953,1258,783219131,2,5
322001,1920,4830015,618241920,23520,0.5895833373069763,128,322000,1.280747413635254,1920,17,5,500000,1000,,322001.0,0.703125,0.567696213722229,0.5895833373069763,0.6727858781814575,1262,783219131,2,5
323001,1920,4845015,620161920,23520,0.5895833373069763,128,323000,1.2844645977020264,1920,17,5,500000,1000,,323001.0,0.7026041746139526,0.567693829536438,0.5895833373069763,0.6727977991104126,1266,783219131,2,5
324001,1920,4860015,622081920,23520,0.5895833373069763,128,324000,1.2882106304168701,1920,17,5,500000,1000,,324001.0,0.7020833492279053,0.5676950812339783,0.5895833373069763,0.6729723215103149,1270,783219131,2,5
325001,1920,4875015,624001920,23520,0.5895833373069763,128,325000,1.2922005653381348,1920,17,5,500000,1000,,325001.0,0.703125,0.5676918029785156,0.5874999761581421,0.6730486750602722,1274,783219131,2,5
326001,1920,4890015,625921920,23520,0.5874999761581421,128,326000,1.2959363460540771,1920,17,5,500000,1000,,326001.0,0.7046874761581421,0.5676915645599365,0.5874999761581421,0.6729514002799988,1278,783219131,2,5
327001,1920,4905015,627841920,23520,0.5874999761581421,128,327000,1.301361322402954,1920,17,5,500000,1000,,327001.0,0.7046874761581421,0.5676900744438171,0.5874999761581421,0.6728913187980652,1282,783219131,2,5
328001,1920,4920015,629761920,23520,0.5874999761581421,128,328000,1.305133581161499,1920,17,5,500000,1000,,328001.0,0.7036458253860474,0.5676902532577515,0.5895833373069763,0.6729888319969177,1286,783219131,2,5
329001,1920,4935015,631681920,23520,0.5895833373069763,128,329000,1.3088867664337158,1920,17,5,500000,1000,,329001.0,0.7026041746139526,0.5676891207695007,0.5895833373069763,0.6729428172111511,1290,783219131,2,5
330001,1920,4950015,633601920,23520,0.5895833373069763,128,330000,1.3126499652862549,1920,17,5,500000,1000,,330001.0,0.7041666507720947,0.5676887035369873,0.5895833373069763,0.6729103326797485,1293,783219131,2,5
331001,1920,4965015,635521920,23520,0.5895833373069763,128,331000,1.316356897354126,1920,17,5,500000,1000,,331001.0,0.7041666507720947,0.5676880478858948,0.5874999761581421,0.6729955673217773,1298,783219131,2,5
332001,1920,4980015,637441920,23520,0.5874999761581421,128,332000,1.3200726509094238,1920,17,5,500000,1000,,332001.0,0.703125,0.56768798828125,0.5895833373069763,0.6730321645736694,1302,783219131,2,5
333001,1920,4995015,639361920,23520,0.5895833373069763,128,333000,1.3237955570220947,1920,17,5,500000,1000,,333001.0,0.703125,0.5676870942115784,0.5895833373069763,0.6728494763374329,1306,783219131,2,5
334001,1920,5010015,641281920,23520,0.5895833373069763,128,334000,1.3275134563446045,1920,17,5,500000,1000,,334001.0,0.7036458253860474,0.5676860213279724,0.5895833373069763,0.6727733612060547,1310,783219131,2,5
335001,1920,5025015,643201920,23520,0.5895833373069763,128,335000,1.3312363624572754,1920,17,5,500000,1000,,335001.0,0.7026041746139526,0.5676848292350769,0.5895833373069763,0.6728514432907104,1314,783219131,2,5
336001,1920,5040015,645121920,23520,0.5895833373069763,128,336000,1.3349664211273193,1920,17,5,500000,1000,,336001.0,0.7041666507720947,0.5676823258399963,0.5874999761581421,0.6729366779327393,1318,783219131,2,5
337001,1920,5055015,647041920,23520,0.5874999761581421,128,337000,1.3387203216552734,1920,17,5,500000,1000,,337001.0,0.703125,0.5676825642585754,0.5874999761581421,0.6728770732879639,1322,783219131,2,5
338001,1920,5070015,648961920,23520,0.5874999761581421,128,338000,1.3424742221832275,1920,17,5,500000,1000,,338001.0,0.7041666507720947,0.5676819086074829,0.5895833373069763,0.6730522513389587,1326,783219131,2,5
339001,1920,5085015,650881920,23520,0.5895833373069763,128,339000,1.3461921215057373,1920,17,5,500000,1000,,339001.0,0.706250011920929,0.5676794052124023,0.5874999761581421,0.6730291843414307,1330,783219131,2,5
340001,1920,5100015,652801920,23520,0.5874999761581421,128,340000,1.3500471115112305,1920,17,5,500000,1000,,340001.0,0.7041666507720947,0.567679226398468,0.5874999761581421,0.673010528087616,1334,783219131,2,5
341001,1920,5115015,654721920,23520,0.5874999761581421,128,341000,1.353764295578003,1920,17,5,500000,1000,,341001.0,0.7041666507720947,0.5676783919334412,0.5874999761581421,0.672918975353241,1338,783219131,2,5
342001,1920,5130015,656641920,23520,0.5874999761581421,128,342000,1.3575043678283691,1920,17,5,500000,1000,,342001.0,0.7036458253860474,0.5676815509796143,0.5874999761581421,0.6731942296028137,1342,783219131,2,5
343001,1920,5145015,658561920,23520,0.5874999761581421,128,343000,1.3612093925476074,1920,17,5,500000,1000,,343001.0,0.703125,0.5676784515380859,0.5874999761581421,0.6729841232299805,1346,783219131,2,5
344001,1920,5160015,660481920,23520,0.5874999761581421,128,344000,1.3649063110351562,1920,17,5,500000,1000,,344001.0,0.7036458253860474,0.5676809549331665,0.5874999761581421,0.6731942296028137,1350,783219131,2,5
345001,1920,5175015,662401920,23520,0.5874999761581421,128,345000,1.3694472312927246,1920,17,5,500000,1000,,345001.0,0.7015625238418579,0.5676777958869934,0.5895833373069763,0.6730042099952698,1354,783219131,2,5
346001,1920,5190015,664321920,23520,0.5895833373069763,128,346000,1.3731701374053955,1920,17,5,500000,1000,,346001.0,0.703125,0.5676801204681396,0.5874999761581421,0.6730528473854065,1358,783219131,2,5
347001,1920,5205015,666241920,23520,0.5874999761581421,128,347000,1.3768689632415771,1920,17,5,500000,1000,,347001.0,0.7020833492279053,0.5676748752593994,0.5916666388511658,0.6729644536972046,1362,783219131,2,5
348001,1920,5220015,668161920,23520,0.5916666388511658,128,348000,1.3807330131530762,1920,17,5,500000,1000,,348001.0,0.7020833492279053,0.5676758289337158,0.5916666388511658,0.6730785369873047,1367,783219131,2,5
349001,1920,5235015,670081920,23520,0.5916666388511658,128,349000,1.3846180438995361,1920,17,5,500000,1000,,349001.0,0.7036458253860474,0.5676736831665039,0.5874999761581421,0.6730118989944458,1371,783219131,2,5
350001,1920,5250015,672001920,23520,0.5874999761581421,128,350000,1.3883283138275146,1920,17,5,500000,1000,,350001.0,0.703125,0.5676733255386353,0.5895833373069763,0.6728194952011108,1376,783219131,2,5
351001,1920,5265015,673921920,23520,0.5895833373069763,128,351000,1.3936684131622314,1920,17,5,500000,1000,,351001.0,0.7026041746139526,0.5676729083061218,0.5895833373069763,0.67278653383255,1380,783219131,2,5
352001,1920,5280015,675841920,23520,0.5895833373069763,128,352000,1.3974134922027588,1920,17,5,500000,1000,,352001.0,0.703125,0.5676701664924622,0.5895833373069763,0.6727434992790222,1384,783219131,2,5
353001,1920,5295015,677761920,23520,0.5895833373069763,128,353000,1.4011163711547852,1920,17,5,500000,1000,,353001.0,0.703125,0.5676684975624084,0.5895833373069763,0.672770082950592,1388,783219131,2,5
354001,1920,5310015,679681920,23520,0.5895833373069763,128,354000,1.406886339187622,1920,17,5,500000,1000,,354001.0,0.7036458253860474,0.5676724910736084,0.5895833373069763,0.6731072664260864,1392,783219131,2,5
355001,1920,5325015,681601920,23520,0.5895833373069763,128,355000,1.4116029739379883,1920,17,5,500000,1000,,355001.0,0.7036458253860474,0.5676676034927368,0.5895833373069763,0.6729658246040344,1396,783219131,2,5
356001,1920,5340015,683521920,23520,0.5895833373069763,128,356000,1.415349006652832,1920,17,5,500000,1000,,356001.0,0.703125,0.5676648616790771,0.5895833373069763,0.6727800369262695,1400,783219131,2,5
357001,1920,5355015,685441920,23520,0.5895833373069763,128,357000,1.4190318584442139,1920,17,5,500000,1000,,357001.0,0.703125,0.567665696144104,0.5895833373069763,0.6729414463043213,1404,783219131,2,5
358001,1920,5370015,687361920,23520,0.5895833373069763,128,358000,1.4227876663208008,1920,17,5,500000,1000,,358001.0,0.703125,0.5676650404930115,0.5895833373069763,0.6729443669319153,1408,783219131,2,5
359001,1920,5385015,689281920,23520,0.5895833373069763,128,359000,1.4267656803131104,1920,17,5,500000,1000,,359001.0,0.703125,0.5676673650741577,0.5895833373069763,0.6729195713996887,1413,783219131,2,5
360001,1920,5400015,691201920,23520,0.5895833373069763,128,360000,1.4356417655944824,1920,17,5,500000,1000,,360001.0,0.7026041746139526,0.5676668286323547,0.5895833373069763,0.6729757785797119,1417,783219131,2,5
361001,1920,5415015,693121920,23520,0.5895833373069763,128,361000,1.4393987655639648,1920,17,5,500000,1000,,361001.0,0.7036458253860474,0.5676651000976562,0.5874999761581421,0.6728528141975403,1421,783219131,2,5
362001,1920,5430015,695041920,23520,0.5874999761581421,128,362000,1.444584608078003,1920,17,5,500000,1000,,362001.0,0.7026041746139526,0.5676651000976562,0.5895833373069763,0.6729525327682495,1425,783219131,2,5
363001,1920,5445015,696961920,23520,0.5895833373069763,128,363000,1.4483025074005127,1920,17,5,500000,1000,,363001.0,0.7015625238418579,0.5676625967025757,0.5895833373069763,0.6730126142501831,1430,783219131,2,5
364001,1920,5460015,698881920,23520,0.5895833373069763,128,364000,1.4520337581634521,1920,17,5,500000,1000,,364001.0,0.7036458253860474,0.5676658749580383,0.5874999761581421,0.6731541752815247,1434,783219131,2,5
365001,1920,5475015,700801920,23520,0.5874999761581421,128,365000,1.4557347297668457,1920,17,5,500000,1000,,365001.0,0.7052083611488342,0.567661464214325,0.5874999761581421,0.6731216907501221,1438,783219131,2,5
366001,1920,5490015,702721920,23520,0.5874999761581421,128,366000,1.4596154689788818,1920,17,5,500000,1000,,366001.0,0.7046874761581421,0.5676600337028503,0.5874999761581421,0.6731874942779541,1442,783219131,2,5
367001,1920,5505015,704641920,23520,0.5874999761581421,128,367000,1.46336030960083,1920,17,5,500000,1000,,367001.0,0.7036458253860474,0.567660927772522,0.5874999761581421,0.6732805967330933,1446,783219131,2,5
368001,1920,5520015,706561920,23520,0.5874999761581421,128,368000,1.4670782089233398,1920,17,5,500000,1000,,368001.0,0.7026041746139526,0.5676594972610474,0.5874999761581421,0.6731107831001282,1450,783219131,2,5
369001,1920,5535015,708481920,23520,0.5874999761581421,128,369000,1.4710023403167725,1920,17,5,500000,1000,,369001.0,0.7036458253860474,0.5676571130752563,0.5895833373069763,0.673061728477478,1454,783219131,2,5
370001,1920,5550015,710401920,23520,0.5895833373069763,128,370000,1.4748592376708984,1920,17,5,500000,1000,,370001.0,0.703125,0.5676552057266235,0.5916666388511658,0.6730549931526184,1457,783219131,2,5
371001,1920,5565015,712321920,23520,0.5916666388511658,128,371000,1.4789142608642578,1920,17,5,500000,1000,,371001.0,0.7026041746139526,0.5676552057266235,0.5916666388511658,0.6729579567909241,1462,783219131,2,5
372001,1920,5580015,714241920,23520,0.5916666388511658,128,372000,1.4826264381408691,1920,17,5,500000,1000,,372001.0,0.7041666507720947,0.5676573514938354,0.5895833373069763,0.6731290817260742,1466,783219131,2,5
373001,1920,5595015,716161920,23520,0.5895833373069763,128,373000,1.4863622188568115,1920,17,5,500000,1000,,373001.0,0.7026041746139526,0.5676563382148743,0.5895833373069763,0.6730268001556396,1470,783219131,2,5
374001,1920,5610015,718081920,23520,0.5895833373069763,128,374000,1.490065336227417,1920,17,5,500000,1000,,374001.0,0.7026041746139526,0.5676572918891907,0.5895833373069763,0.6729886531829834,1474,783219131,2,5
375001,1920,5625015,720001920,23520,0.5895833373069763,128,375000,1.4938092231750488,1920,17,5,500000,1000,,375001.0,0.7026041746139526,0.5676563382148743,0.5895833373069763,0.6731197237968445,1477,783219131,2,5
376001,1920,5640015,721921920,23520,0.5895833373069763,128,376000,1.497570276260376,1920,17,5,500000,1000,,376001.0,0.7036458253860474,0.5676562190055847,0.5874999761581421,0.6730693578720093,1481,783219131,2,5
377001,1920,5655015,723841920,23520,0.5874999761581421,128,377000,1.5012743473052979,1920,17,5,500000,1000,,377001.0,0.7026041746139526,0.5676521062850952,0.5895833373069763,0.673126757144928,1486,783219131,2,5
378001,1920,5670015,725761920,23520,0.5895833373069763,128,378000,1.5051054954528809,1920,17,5,500000,1000,,378001.0,0.703125,0.5676518678665161,0.5895833373069763,0.673000156879425,1490,783219131,2,5
379001,1920,5685015,727681920,23520,0.5895833373069763,128,379000,1.5088415145874023,1920,17,5,500000,1000,,379001.0,0.703125,0.5676512122154236,0.5895833373069763,0.672924280166626,1493,783219131,2,5
380001,1920,5700015,729601920,23520,0.5895833373069763,128,380000,1.5125846862792969,1920,17,5,500000,1000,,380001.0,0.703125,0.5676501393318176,0.5895833373069763,0.6729722619056702,1497,783219131,2,5
381001,1920,5715015,731521920,23520,0.5895833373069763,128,381000,1.5163586139678955,1920,17,5,500000,1000,,381001.0,0.703125,0.5676507949829102,0.5895833373069763,0.6731395721435547,1501,783219131,2,5
382001,1920,5730015,733441920,23520,0.5895833373069763,128,382000,1.5201399326324463,1920,17,5,500000,1000,,382001.0,0.7036458253860474,0.5676493048667908,0.5895833373069763,0.6732019186019897,1505,783219131,2,5
383001,1920,5745015,735361920,23520,0.5895833373069763,128,383000,1.5240349769592285,1920,17,5,500000,1000,,383001.0,0.7041666507720947,0.5676478743553162,0.5895833373069763,0.6730756163597107,1510,783219131,2,5
384001,1920,5760015,737281920,23520,0.5895833373069763,128,384000,1.5300509929656982,1920,17,5,500000,1000,,384001.0,0.7036458253860474,0.5676484704017639,0.5895833373069763,0.6732156872749329,1514,783219131,2,5
385001,1920,5775015,739201920,23520,0.5895833373069763,128,385000,1.5337748527526855,1920,17,5,500000,1000,,385001.0,0.7036458253860474,0.5676475763320923,0.5874999761581421,0.6731626391410828,1518,783219131,2,5
386001,1920,5790015,741121920,23520,0.5874999761581421,128,386000,1.5374836921691895,1920,17,5,500000,1000,,386001.0,0.703125,0.5676469802856445,0.5895833373069763,0.6731430292129517,1522,783219131,2,5
387001,1920,5805015,743041920,23520,0.5895833373069763,128,387000,1.541165828704834,1920,17,5,500000,1000,,387001.0,0.7026041746139526,0.5676480531692505,0.5895833373069763,0.6731053590774536,1526,783219131,2,5
388001,1920,5820015,744961920,23520,0.5895833373069763,128,388000,1.545050859451294,1920,17,5,500000,1000,,388001.0,0.703125,0.5676445364952087,0.5895833373069763,0.6730095744132996,1530,783219131,2,5
389001,1920,5835015,746881920,23520,0.5895833373069763,128,389000,1.548792839050293,1920,17,5,500000,1000,,389001.0,0.7036458253860474,0.5676443576812744,0.5895833373069763,0.6730972528457642,1535,783219131,2,5
390001,1920,5850015,748801920,23520,0.5895833373069763,128,390000,1.5525579452514648,1920,17,5,500000,1000,,390001.0,0.703125,0.5676413178443909,0.5916666388511658,0.672895073890686,1539,783219131,2,5
391001,1920,5865015,750721920,23520,0.5916666388511658,128,391000,1.5562667846679688,1920,17,5,500000,1000,,391001.0,0.7026041746139526,0.5676440596580505,0.5916666388511658,0.6731440424919128,1543,783219131,2,5
392001,1920,5880015,752641920,23520,0.5916666388511658,128,392000,1.5599617958068848,1920,17,5,500000,1000,,392001.0,0.7026041746139526,0.5676407217979431,0.5916666388511658,0.6730790734291077,1547,783219131,2,5
393001,1920,5895015,754561920,23520,0.5916666388511658,128,393000,1.5638377666473389,1920,17,5,500000,1000,,393001.0,0.7036458253860474,0.5676393508911133,0.5916666388511658,0.6730043888092041,1551,783219131,2,5
394001,1920,5910015,756481920,23520,0.5916666388511658,128,394000,1.5680689811706543,1920,17,5,500000,1000,,394001.0,0.7046874761581421,0.5676386952400208,0.5895833373069763,0.6728294491767883,1555,783219131,2,5
395001,1920,5925015,758401920,23520,0.5895833373069763,128,395000,1.5718309879302979,1920,17,5,500000,1000,,395001.0,0.7036458253860474,0.5676382184028625,0.5916666388511658,0.6728416681289673,1559,783219131,2,5
396001,1920,5940015,760321920,23520,0.5916666388511658,128,396000,1.575730800628662,1920,17,5,500000,1000,,396001.0,0.7026041746139526,0.5676392316818237,0.5895833373069763,0.6727197766304016,1563,783219131,2,5
397001,1920,5955015,762241920,23520,0.5895833373069763,128,397000,1.5794706344604492,1920,17,5,500000,1000,,397001.0,0.703125,0.5676382780075073,0.5895833373069763,0.6728900074958801,1568,783219131,2,5
398001,1920,5970015,764161920,23520,0.5895833373069763,128,398000,1.583153486251831,1920,17,5,500000,1000,,398001.0,0.7026041746139526,0.5676403641700745,0.5895833373069763,0.6732076406478882,1572,783219131,2,5
399001,1920,5985015,766081920,23520,0.5895833373069763,128,399000,1.5868587493896484,1920,17,5,500000,1000,,399001.0,0.7026041746139526,0.5676387548446655,0.5895833373069763,0.6728799343109131,1576,783219131,2,5
400001,1920,6000015,768001920,23520,0.5895833373069763,128,400000,1.5905876159667969,1920,17,5,500000,1000,,400001.0,0.7036458253860474,0.5676374435424805,0.5895833373069763,0.6729548573493958,1580,783219131,2,5
401001,1920,6015015,769921920,23520,0.5895833373069763,128,401000,1.5943107604980469,1920,17,5,500000,1000,,401001.0,0.7036458253860474,0.5676369071006775,0.5895833373069763,0.6729901432991028,1584,783219131,2,5
402001,1920,6030015,771841920,23520,0.5895833373069763,128,402000,1.5980517864227295,1920,17,5,500000,1000,,402001.0,0.7036458253860474,0.5676358938217163,0.5874999761581421,0.672995388507843,1588,783219131,2,5
403001,1920,6045015,773761920,23520,0.5874999761581421,128,403000,1.6017539501190186,1920,17,5,500000,1000,,403001.0,0.703125,0.5676351189613342,0.5895833373069763,0.6728725433349609,1592,783219131,2,5
404001,1920,6060015,775681920,23520,0.5895833373069763,128,404000,1.6057391166687012,1920,17,5,500000,1000,,404001.0,0.7026041746139526,0.5676342248916626,0.5916666388511658,0.6729241013526917,1596,783219131,2,5
405001,1920,6075015,777601920,23520,0.5916666388511658,128,405000,1.6094732284545898,1920,17,5,500000,1000,,405001.0,0.703125,0.5676302313804626,0.5895833373069763,0.6728807091712952,1600,783219131,2,5
406001,1920,6090015,779521920,23520,0.5895833373069763,128,406000,1.6132102012634277,1920,17,5,500000,1000,,406001.0,0.703125,0.5676314830780029,0.5895833373069763,0.6728785634040833,1604,783219131,2,5
407001,1920,6105015,781441920,23520,0.5895833373069763,128,407000,1.616950273513794,1920,17,5,500000,1000,,407001.0,0.7020833492279053,0.5676298141479492,0.5895833373069763,0.6728418469429016,1608,783219131,2,5
408001,1920,6120015,783361920,23520,0.5895833373069763,128,408000,1.620690107345581,1920,17,5,500000,1000,,408001.0,0.7036458253860474,0.5676321387290955,0.5895833373069763,0.6730619668960571,1612,783219131,2,5
409001,1920,6135015,785281920,23520,0.5895833373069763,128,409000,1.6244001388549805,1920,17,5,500000,1000,,409001.0,0.7026041746139526,0.5676295161247253,0.5895833373069763,0.6729829907417297,1615,783219131,2,5
410001,1920,6150015,787201920,23520,0.5895833373069763,128,410000,1.6281540393829346,1920,17,5,500000,1000,,410001.0,0.703125,0.5676295757293701,0.5895833373069763,0.6727706789970398,1619,783219131,2,5
411001,1920,6165015,789121920,23520,0.5895833373069763,128,411000,1.6320371627807617,1920,17,5,500000,1000,,411001.0,0.7036458253860474,0.567629873752594,0.5874999761581421,0.6729028820991516,1623,783219131,2,5
412001,1920,6180015,791041920,23520,0.5874999761581421,128,412000,1.6357362270355225,1920,17,5,500000,1000,,412001.0,0.7041666507720947,0.5676290988922119,0.5895833373069763,0.6730786561965942,1628,783219131,2,5
413001,1920,6195015,792961920,23520,0.5895833373069763,128,413000,1.6394202709197998,1920,17,5,500000,1000,,413001.0,0.7041666507720947,0.5676284432411194,0.5874999761581421,0.673082172870636,1631,783219131,2,5
414001,1920,6210015,794881920,23520,0.5874999761581421,128,414000,1.6438171863555908,1920,17,5,500000,1000,,414001.0,0.7036458253860474,0.5676293969154358,0.5874999761581421,0.6731300354003906,1635,783219131,2,5
415001,1920,6225015,796801920,23520,0.5874999761581421,128,415000,1.649397373199463,1920,17,5,500000,1000,,415001.0,0.7036458253860474,0.5676249861717224,0.5895833373069763,0.6729952692985535,1639,783219131,2,5
416001,1920,6240015,798721920,23520,0.5895833373069763,128,416000,1.6531124114990234,1920,17,5,500000,1000,,416001.0,0.7052083611488342,0.5676268339157104,0.5874999761581421,0.673206627368927,1643,783219131,2,5
417001,1920,6255015,800641920,23520,0.5874999761581421,128,417000,1.6568174362182617,1920,17,5,500000,1000,,417001.0,0.7041666507720947,0.5676252841949463,0.5916666388511658,0.6731136441230774,1647,783219131,2,5
418001,1920,6270015,802561920,23520,0.5916666388511658,128,418000,1.661008358001709,1920,17,5,500000,1000,,418001.0,0.703125,0.5676230788230896,0.5916666388511658,0.6730687618255615,1651,783219131,2,5
419001,1920,6285015,804481920,23520,0.5916666388511658,128,419000,1.6649651527404785,1920,17,5,500000,1000,,419001.0,0.7026041746139526,0.5676236748695374,0.5895833373069763,0.6728945374488831,1655,783219131,2,5
420001,1920,6300015,806401920,23520,0.5895833373069763,128,420000,1.668652057647705,1920,17,5,500000,1000,,420001.0,0.703125,0.5676235556602478,0.5895833373069763,0.6728644967079163,1659,783219131,2,5
421001,1920,6315015,808321920,23520,0.5895833373069763,128,421000,1.6724739074707031,1920,17,5,500000,1000,,421001.0,0.7041666507720947,0.5676251649856567,0.5874999761581421,0.6729898452758789,1664,783219131,2,5
422001,1920,6330015,810241920,23520,0.5874999761581421,128,422000,1.6761879920959473,1920,17,5,500000,1000,,422001.0,0.7041666507720947,0.5676233768463135,0.5874999761581421,0.6730028390884399,1668,783219131,2,5
423001,1920,6345015,812161920,23520,0.5874999761581421,128,423000,1.6798648834228516,1920,17,5,500000,1000,,423001.0,0.7041666507720947,0.5676233768463135,0.5895833373069763,0.673108696937561,1672,783219131,2,5
424001,1920,6360015,814081920,23520,0.5895833373069763,128,424000,1.683579921722412,1920,17,5,500000,1000,,424001.0,0.7036458253860474,0.5676237344741821,0.5874999761581421,0.6732586026191711,1676,783219131,2,5
425001,1920,6375015,816001920,23520,0.5874999761581421,128,425000,1.6873102188110352,1920,17,5,500000,1000,,425001.0,0.7036458253860474,0.5676217675209045,0.5895833373069763,0.673152506351471,1680,783219131,2,5
426001,1920,6390015,817921920,23520,0.5895833373069763,128,426000,1.6910312175750732,1920,17,5,500000,1000,,426001.0,0.703125,0.5676223039627075,0.5895833373069763,0.6733672022819519,1684,783219131,2,5
427001,1920,6405015,819841920,23520,0.5895833373069763,128,427000,1.6948063373565674,1920,17,5,500000,1000,,427001.0,0.703125,0.5676194429397583,0.5895833373069763,0.6730707287788391,1688,783219131,2,5
428001,1920,6420015,821761920,23520,0.5895833373069763,128,428000,1.6985173225402832,1920,17,5,500000,1000,,428001.0,0.703125,0.5676170587539673,0.5916666388511658,0.6730649471282959,1692,783219131,2,5
429001,1920,6435015,823681920,23520,0.5916666388511658,128,429000,1.7022020816802979,1920,17,5,500000,1000,,429001.0,0.703125,0.5676161050796509,0.5916666388511658,0.6730935573577881,1696,783219131,2,5
430001,1920,6450015,825601920,23520,0.5916666388511658,128,430000,1.7058851718902588,1920,17,5,500000,1000,,430001.0,0.7026041746139526,0.5676156282424927,0.5916666388511658,0.6731339693069458,1700,783219131,2,5
431001,1920,6465015,827521920,23520,0.5916666388511658,128,431000,1.7095763683319092,1920,17,5,500000,1000,,431001.0,0.703125,0.5676156878471375,0.5916666388511658,0.672964870929718,1704,783219131,2,5
432001,1920,6480015,829441920,23520,0.5916666388511658,128,432000,1.7132751941680908,1920,17,5,500000,1000,,432001.0,0.7020833492279053,0.5676164627075195,0.5895833373069763,0.6730591058731079,1708,783219131,2,5
433001,1920,6495015,831361920,23520,0.5895833373069763,128,433000,1.7170343399047852,1920,17,5,500000,1000,,433001.0,0.703125,0.5676158666610718,0.5895833373069763,0.6731460094451904,1712,783219131,2,5
434001,1920,6510015,833281920,23520,0.5895833373069763,128,434000,1.7207043170928955,1920,17,5,500000,1000,,434001.0,0.7036458253860474,0.5676143765449524,0.5916666388511658,0.6730584502220154,1716,783219131,2,5
435001,1920,6525015,835201920,23520,0.5916666388511658,128,435000,1.7244393825531006,1920,17,5,500000,1000,,435001.0,0.7026041746139526,0.567613422870636,0.5916666388511658,0.6728799343109131,1720,783219131,2,5
436001,1920,6540015,837121920,23520,0.5916666388511658,128,436000,1.72810959815979,1920,17,5,500000,1000,,436001.0,0.7041666507720947,0.5676149129867554,0.5874999761581421,0.6730695962905884,1724,783219131,2,5
437001,1920,6555015,839041920,23520,0.5874999761581421,128,437000,1.7318434715270996,1920,17,5,500000,1000,,437001.0,0.7041666507720947,0.5676120519638062,0.5874999761581421,0.6729386448860168,1728,783219131,2,5
438001,1920,6570015,840961920,23520,0.5874999761581421,128,438000,1.7355475425720215,1920,17,5,500000,1000,,438001.0,0.7036458253860474,0.567615807056427,0.5874999761581421,0.673045814037323,1731,783219131,2,5
439001,1920,6585015,842881920,23520,0.5874999761581421,128,439000,1.7392826080322266,1920,17,5,500000,1000,,439001.0,0.7026041746139526,0.5676125288009644,0.5916666388511658,0.6730406880378723,1735,783219131,2,5
440001,1920,6600015,844801920,23520,0.5916666388511658,128,440000,1.7430765628814697,1920,17,5,500000,1000,,440001.0,0.7036458253860474,0.567612886428833,0.5895833373069763,0.6732897162437439,1739,783219131,2,5
441001,1920,6615015,846721920,23520,0.5895833373069763,128,441000,1.7467963695526123,1920,17,5,500000,1000,,441001.0,0.703125,0.5676100254058838,0.5916666388511658,0.6729273200035095,1743,783219131,2,5
442001,1920,6630015,848641920,23520,0.5916666388511658,128,442000,1.7505314350128174,1920,17,5,500000,1000,,442001.0,0.7026041746139526,0.5676112771034241,0.5895833373069763,0.6731063723564148,1747,783219131,2,5
443001,1920,6645015,850561920,23520,0.5895833373069763,128,443000,1.7542121410369873,1920,17,5,500000,1000,,443001.0,0.7026041746139526,0.5676113963127136,0.5895833373069763,0.6731122136116028,1751,783219131,2,5
444001,1920,6660015,852481920,23520,0.5895833373069763,128,444000,1.7580358982086182,1920,17,5,500000,1000,,444001.0,0.7026041746139526,0.5676087737083435,0.5895833373069763,0.6730114221572876,1755,783219131,2,5
445001,1920,6675015,854401920,23520,0.5895833373069763,128,445000,1.7617647647857666,1920,17,5,500000,1000,,445001.0,0.7041666507720947,0.5676106810569763,0.5874999761581421,0.6730970740318298,1759,783219131,2,5
446001,1920,6690015,856321920,23520,0.5874999761581421,128,446000,1.7654268741607666,1920,17,5,500000,1000,,446001.0,0.7041666507720947,0.5676090717315674,0.5874999761581421,0.6730438470840454,1763,783219131,2,5
447001,1920,6705015,858241920,23520,0.5874999761581421,128,447000,1.7691428661346436,1920,17,5,500000,1000,,447001.0,0.7026041746139526,0.5676080584526062,0.5895833373069763,0.6730876564979553,1767,783219131,2,5
448001,1920,6720015,860161920,23520,0.5895833373069763,128,448000,1.7742578983306885,1920,17,5,500000,1000,,448001.0,0.7026041746139526,0.5676059126853943,0.5916666388511658,0.6729573011398315,1771,783219131,2,5
449001,1920,6735015,862081920,23520,0.5916666388511658,128,449000,1.7782549858093262,1920,17,5,500000,1000,,449001.0,0.7036458253860474,0.567608654499054,0.5895833373069763,0.6730126738548279,1775,783219131,2,5
450001,1920,6750015,864001920,23520,0.5895833373069763,128,450000,1.8011629581451416,1920,17,5,500000,1000,,450001.0,0.7020833492279053,0.5676056146621704,0.5916666388511658,0.6729497313499451,1782,783219131,2,5
451001,1920,6765015,865921920,23520,0.5916666388511658,128,451000,1.804898977279663,1920,17,5,500000,1000,,451001.0,0.703125,0.5676054358482361,0.5916666388511658,0.6727564334869385,1791,783219131,2,5
452001,1920,6780015,867841920,23520,0.5916666388511658,128,452000,1.8085739612579346,1920,17,5,500000,1000,,452001.0,0.703125,0.5676030516624451,0.5916666388511658,0.672796368598938,1795,783219131,2,5
453001,1920,6795015,869761920,23520,0.5916666388511658,128,453000,1.8126299381256104,1920,17,5,500000,1000,,453001.0,0.703125,0.5676059126853943,0.5895833373069763,0.6730592846870422,1799,783219131,2,5
454001,1920,6810015,871681920,23520,0.5895833373069763,128,454000,1.8163189888000488,1920,17,5,500000,1000,,454001.0,0.7026041746139526,0.5676092505455017,0.5895833373069763,0.6731429696083069,1803,783219131,2,5
455001,1920,6825015,873601920,23520,0.5895833373069763,128,455000,1.8200509548187256,1920,17,5,500000,1000,,455001.0,0.703125,0.5676038265228271,0.5895833373069763,0.6729294657707214,1807,783219131,2,5
456001,1920,6840015,875521920,23520,0.5895833373069763,128,456000,1.8237872123718262,1920,17,5,500000,1000,,456001.0,0.7046874761581421,0.5676034688949585,0.5874999761581421,0.6730632781982422,1811,783219131,2,5
457001,1920,6855015,877441920,23520,0.5874999761581421,128,457000,1.8275139331817627,1920,17,5,500000,1000,,457001.0,0.7046874761581421,0.5676023364067078,0.5895833373069763,0.6731047034263611,1815,783219131,2,5
458001,1920,6870015,879361920,23520,0.5895833373069763,128,458000,1.8312406539916992,1920,17,5,500000,1000,,458001.0,0.7041666507720947,0.5676019787788391,0.5916666388511658,0.6729906797409058,1818,783219131,2,5
459001,1920,6885015,881281920,23520,0.5916666388511658,128,459000,1.8349688053131104,1920,17,5,500000,1000,,459001.0,0.703125,0.5676019787788391,0.5916666388511658,0.6729371547698975,1822,783219131,2,5
460001,1920,6900015,883201920,23520,0.5916666388511658,128,460000,1.8386509418487549,1920,17,5,500000,1000,,460001.0,0.7026041746139526,0.5676044225692749,0.5895833373069763,0.6731988191604614,1826,783219131,2,5
461001,1920,6915015,885121920,23520,0.5895833373069763,128,461000,1.8423948287963867,1920,17,5,500000,1000,,461001.0,0.703125,0.5675998330116272,0.5895833373069763,0.6731024384498596,1830,783219131,2,5
462001,1920,6930015,887041920,23520,0.5895833373069763,128,462000,1.8461198806762695,1920,17,5,500000,1000,,462001.0,0.7036458253860474,0.5676009058952332,0.5895833373069763,0.6731913089752197,1834,783219131,2,5
463001,1920,6945015,888961920,23520,0.5895833373069763,128,463000,1.8499858379364014,1920,17,5,500000,1000,,463001.0,0.703125,0.5676013827323914,0.5874999761581421,0.673251748085022,1838,783219131,2,5
464001,1920,6960015,890881920,23520,0.5874999761581421,128,464000,1.8537559509277344,1920,17,5,500000,1000,,464001.0,0.7036458253860474,0.5676006078720093,0.5874999761581421,0.6731254458427429,1842,783219131,2,5
465001,1920,6975015,892801920,23520,0.5874999761581421,128,465000,1.857489824295044,1920,17,5,500000,1000,,465001.0,0.7041666507720947,0.5676003694534302,0.5916666388511658,0.673068106174469,1846,783219131,2,5
466001,1920,6990015,894721920,23520,0.5916666388511658,128,466000,1.8612279891967773,1920,17,5,500000,1000,,466001.0,0.7041666507720947,0.5675992369651794,0.5895833373069763,0.6731676459312439,1850,783219131,2,5
467001,1920,7005015,896641920,23520,0.5895833373069763,128,467000,1.8650689125061035,1920,17,5,500000,1000,,467001.0,0.7026041746139526,0.5675997138023376,0.5895833373069763,0.6732258200645447,1854,783219131,2,5
468001,1920,7020015,898561920,23520,0.5895833373069763,128,468000,1.868802785873413,1920,17,5,500000,1000,,468001.0,0.7036458253860474,0.5676000118255615,0.5874999761581421,0.6731834411621094,1858,783219131,2,5
469001,1920,7035015,900481920,23520,0.5874999761581421,128,469000,1.872537612915039,1920,17,5,500000,1000,,469001.0,0.703125,0.5675991773605347,0.5895833373069763,0.6732168793678284,1861,783219131,2,5
470001,1920,7050015,902401920,23520,0.5895833373069763,128,470000,1.8762123584747314,1920,17,5,500000,1000,,470001.0,0.7041666507720947,0.567600667476654,0.5895833373069763,0.673160970211029,1865,783219131,2,5
471001,1920,7065015,904321920,23520,0.5895833373069763,128,471000,1.879927158355713,1920,17,5,500000,1000,,471001.0,0.7041666507720947,0.567597508430481,0.5874999761581421,0.6732072234153748,1870,783219131,2,5
472001,1920,7080015,906241920,23520,0.5874999761581421,128,472000,1.8836073875427246,1920,17,5,500000,1000,,472001.0,0.7041666507720947,0.5675968527793884,0.5874999761581421,0.6730849146842957,1874,783219131,2,5
473001,1920,7095015,908161920,23520,0.5874999761581421,128,473000,1.8873136043548584,1920,17,5,500000,1000,,473001.0,0.7036458253860474,0.5675936341285706,0.5895833373069763,0.6729192733764648,1878,783219131,2,5
474001,1920,7110015,910081920,23520,0.5895833373069763,128,474000,1.8910067081451416,1920,17,5,500000,1000,,474001.0,0.7046874761581421,0.5675945281982422,0.5895833373069763,0.6731345057487488,1882,783219131,2,5
475001,1920,7125015,912001920,23520,0.5895833373069763,128,475000,1.8947229385375977,1920,17,5,500000,1000,,475001.0,0.7036458253860474,0.5675918459892273,0.5916666388511658,0.673029899597168,1886,783219131,2,5
476001,1920,7140015,913921920,23520,0.5916666388511658,128,476000,1.8984532356262207,1920,17,5,500000,1000,,476001.0,0.7026041746139526,0.567590594291687,0.5895833373069763,0.6728830933570862,1890,783219131,2,5
477001,1920,7155015,915841920,23520,0.5895833373069763,128,477000,1.9023172855377197,1920,17,5,500000,1000,,477001.0,0.703125,0.5675912499427795,0.5895833373069763,0.6730172634124756,1893,783219131,2,5
478001,1920,7170015,917761920,23520,0.5895833373069763,128,478000,1.9060614109039307,1920,17,5,500000,1000,,478001.0,0.7026041746139526,0.567592442035675,0.5895833373069763,0.6731588244438171,1898,783219131,2,5
479001,1920,7185015,919681920,23520,0.5895833373069763,128,479000,1.9098484516143799,1920,17,5,500000,1000,,479001.0,0.7036458253860474,0.5675892233848572,0.5874999761581421,0.6730377078056335,1902,783219131,2,5
480001,1920,7200015,921601920,23520,0.5874999761581421,128,480000,1.9151175022125244,1920,17,5,500000,1000,,480001.0,0.703125,0.5675886273384094,0.5895833373069763,0.6730173230171204,1906,783219131,2,5
481001,1920,7215015,923521920,23520,0.5895833373069763,128,481000,1.9188146591186523,1920,17,5,500000,1000,,481001.0,0.703125,0.5675868988037109,0.5895833373069763,0.6728442311286926,1910,783219131,2,5
482001,1920,7230015,925441920,23520,0.5895833373069763,128,482000,1.9242267608642578,1920,17,5,500000,1000,,482001.0,0.703125,0.5675885677337646,0.5916666388511658,0.6728977560997009,1914,783219131,2,5
483001,1920,7245015,927361920,23520,0.5916666388511658,128,483000,1.9279377460479736,1920,17,5,500000,1000,,483001.0,0.703125,0.5675877928733826,0.5916666388511658,0.6729564666748047,1918,783219131,2,5
484001,1920,7260015,929281920,23520,0.5916666388511658,128,484000,1.9317619800567627,1920,17,5,500000,1000,,484001.0,0.7026041746139526,0.5675885081291199,0.5895833373069763,0.6730398535728455,1922,783219131,2,5
485001,1920,7275015,931201920,23520,0.5895833373069763,128,485000,1.9354820251464844,1920,17,5,500000,1000,,485001.0,0.703125,0.5675854086875916,0.5916666388511658,0.6728022694587708,1926,783219131,2,5
486001,1920,7290015,933121920,23520,0.5916666388511658,128,486000,1.9400920867919922,1920,17,5,500000,1000,,486001.0,0.7026041746139526,0.5675878524780273,0.5895833373069763,0.6729408502578735,1930,783219131,2,5
487001,1920,7305015,935041920,23520,0.5895833373069763,128,487000,1.9439313411712646,1920,17,5,500000,1000,,487001.0,0.7026041746139526,0.5675889849662781,0.5895833373069763,0.6730852723121643,1934,783219131,2,5
488001,1920,7320015,936961920,23520,0.5895833373069763,128,488000,1.947655439376831,1920,17,5,500000,1000,,488001.0,0.7036458253860474,0.5675844550132751,0.5895833373069763,0.6729104518890381,1937,783219131,2,5
489001,1920,7335015,938881920,23520,0.5895833373069763,128,489000,1.951425552368164,1920,17,5,500000,1000,,489001.0,0.7026041746139526,0.567585289478302,0.5895833373069763,0.6729668974876404,1941,783219131,2,5
490001,1920,7350015,940801920,23520,0.5895833373069763,128,490000,1.955110788345337,1920,17,5,500000,1000,,490001.0,0.7026041746139526,0.5675862431526184,0.5895833373069763,0.672985315322876,1945,783219131,2,5
491001,1920,7365015,942721920,23520,0.5895833373069763,128,491000,1.9588508605957031,1920,17,5,500000,1000,,491001.0,0.7026041746139526,0.5675844550132751,0.5895833373069763,0.6729366183280945,1949,783219131,2,5
492001,1920,7380015,944641920,23520,0.5895833373069763,128,492000,1.9625627994537354,1920,17,5,500000,1000,,492001.0,0.7036458253860474,0.5675831437110901,0.5916666388511658,0.6729675531387329,1953,783219131,2,5
493001,1920,7395015,946561920,23520,0.5916666388511658,128,493000,1.966289758682251,1920,17,5,500000,1000,,493001.0,0.703125,0.5675851106643677,0.5895833373069763,0.6730369329452515,1957,783219131,2,5
494001,1920,7410015,948481920,23520,0.5895833373069763,128,494000,1.9700047969818115,1920,17,5,500000,1000,,494001.0,0.703125,0.5675836205482483,0.5895833373069763,0.6730043292045593,1961,783219131,2,5
495001,1920,7425015,950401920,23520,0.5895833373069763,128,495000,1.9738547801971436,1920,17,5,500000,1000,,495001.0,0.703125,0.5675862431526184,0.5895833373069763,0.673279881477356,1965,783219131,2,5
496001,1920,7440015,952321920,23520,0.5895833373069763,128,496000,1.9775757789611816,1920,17,5,500000,1000,,496001.0,0.703125,0.5675844550132751,0.5916666388511658,0.6731340289115906,1969,783219131,2,5
497001,1920,7455015,954241920,23520,0.5916666388511658,128,497000,1.9813086986541748,1920,17,5,500000,1000,,497001.0,0.703125,0.5675830245018005,0.5895833373069763,0.6730338931083679,1973,783219131,2,5
498001,1920,7470015,956161920,23520,0.5895833373069763,128,498000,1.985048770904541,1920,17,5,500000,1000,,498001.0,0.703125,0.5675806403160095,0.5895833373069763,0.6729094982147217,1976,783219131,2,5
499001,1920,7485015,958081920,23520,0.5895833373069763,128,499000,1.9887926578521729,1920,17,5,500000,1000,,499001.0,0.7026041746139526,0.5675826668739319,0.5895833373069763,0.6729965209960938,1980,783219131,2,5
499998,1920,7499970,959996160,23520,0.5895833373069763,128,499997,1.9924585819244385,1920,17,5,500000,1000,,499998.0,0.703125,0.5675830841064453,0.5895833373069763,0.6730378866195679,1984,783219131,2,5
499999,1920,7499985,959998080,23520,0.5895833373069763,128,499998,1.9965283870697021,1920,17,5,500000,1000,,499999.0,0.703125,0.5675830841064453,0.5895833373069763,0.6730344295501709,1984,783219131,2,5
500000,1920,7500000,960000000,23520,0.5895833373069763,128,499999,2.000568389892578,1920,17,5,500000,1000,,500000.0,0.703125,0.5675831437110901,0.5895833373069763,0.6730359792709351,1984,783219131,2,5
