pf_calls,num_answers,model_updates,num_grad_comps,answers_bytes,last_score,batch_size,k,elapsed_time,train_data,n,d,max_epochs,verbose,ident,_epochs,score_train,loss_train,score_test,loss_test,_elapsed_time,seed,run_id,dim
1,1920,15,1920,23520,0.5020833611488342,128,0,0.04520916938781738,1920,17,1,500000,1000,,1.0,0.503125011920929,0.6931472420692444,0.5083333253860474,0.6931472420692444,0,1327898368,5,1
1001,1920,15015,1921920,23520,0.5083333253860474,128,1000,0.048911094665527344,1920,17,1,500000,1000,,1001.0,0.6286458373069763,0.6510881781578064,0.6354166865348816,0.647165834903717,3,1327898368,5,1
2001,1920,30015,3841920,23520,0.6354166865348816,128,2000,0.052587032318115234,1920,17,1,500000,1000,,2001.0,0.6307291388511658,0.6473331451416016,0.6520833373069763,0.6401304602622986,7,1327898368,5,1
3001,1920,45015,5761920,23520,0.6520833373069763,128,3000,0.05626225471496582,1920,17,1,500000,1000,,3001.0,0.6354166865348816,0.6468362808227539,0.6520833373069763,0.6389659643173218,11,1327898368,5,1
4001,1920,60015,7681920,23520,0.6520833373069763,128,4000,0.05995631217956543,1920,17,1,500000,1000,,4001.0,0.6348958611488342,0.6467464566230774,0.6479166746139526,0.6384432315826416,15,1327898368,5,1
5001,1920,75015,9601920,23520,0.6479166746139526,128,5000,0.06361746788024902,1920,17,1,500000,1000,,5001.0,0.6317708492279053,0.6467375159263611,0.6479166746139526,0.6382551193237305,18,1327898368,5,1
6001,1920,90015,11521920,23520,0.6479166746139526,128,6000,0.06725358963012695,1920,17,1,500000,1000,,6001.0,0.6348958611488342,0.6467325687408447,0.6458333134651184,0.6375199556350708,22,1327898368,5,1
7001,1920,105015,13441920,23520,0.6458333134651184,128,7000,0.0709075927734375,1920,17,1,500000,1000,,7001.0,0.6354166865348816,0.6467338800430298,0.6458333134651184,0.6377583146095276,27,1327898368,5,1
8001,1920,120015,15361920,23520,0.6458333134651184,128,8000,0.07457375526428223,1920,17,1,500000,1000,,8001.0,0.6348958611488342,0.6467336416244507,0.6458333134651184,0.638017475605011,30,1327898368,5,1
9001,1920,135015,17281920,23520,0.6458333134651184,128,9000,0.07851791381835938,1920,17,1,500000,1000,,9001.0,0.6328125,0.6467380523681641,0.6458333134651184,0.637930154800415,34,1327898368,5,1
10001,1920,150015,19201920,23520,0.6458333134651184,128,10000,0.08214187622070312,1920,17,1,500000,1000,,10001.0,0.6348958611488342,0.6467375159263611,0.6458333134651184,0.6375067830085754,38,1327898368,5,1
11001,1920,165015,21121920,23520,0.6458333134651184,128,11000,0.08583498001098633,1920,17,1,500000,1000,,11001.0,0.6354166865348816,0.6467356085777283,0.6499999761581421,0.6380523443222046,42,1327898368,5,1
12001,1920,180015,23041920,23520,0.6499999761581421,128,12000,0.08950495719909668,1920,17,1,500000,1000,,12001.0,0.6354166865348816,0.646740198135376,0.6416666507720947,0.6380713582038879,45,1327898368,5,1
13001,1920,195015,24961920,23520,0.6416666507720947,128,13000,0.09311509132385254,1920,17,1,500000,1000,,13001.0,0.6348958611488342,0.6467326879501343,0.643750011920929,0.6379453539848328,49,1327898368,5,1
14001,1920,210015,26881920,23520,0.643750011920929,128,14000,0.09678220748901367,1920,17,1,500000,1000,,14001.0,0.6354166865348816,0.6467349529266357,0.6458333134651184,0.6375470757484436,59,1327898368,5,1
15001,1920,225015,28801920,23520,0.6458333134651184,128,15000,0.10044336318969727,1920,17,1,500000,1000,,15001.0,0.6348958611488342,0.6467346549034119,0.6479166746139526,0.6374310255050659,64,1327898368,5,1
16001,1920,240015,30721920,23520,0.6479166746139526,128,16000,0.10410523414611816,1920,17,1,500000,1000,,16001.0,0.6338541507720947,0.6467414498329163,0.6499999761581421,0.6380282640457153,68,1327898368,5,1
17001,1920,255015,32641920,23520,0.6499999761581421,128,17000,0.10778021812438965,1920,17,1,500000,1000,,17001.0,0.6348958611488342,0.6467335820198059,0.6499999761581421,0.6379367113113403,71,1327898368,5,1
18001,1920,270015,34561920,23520,0.6499999761581421,128,18000,0.11143898963928223,1920,17,1,500000,1000,,18001.0,0.6354166865348816,0.6467350721359253,0.643750011920929,0.6380748152732849,75,1327898368,5,1
19001,1920,285015,36481920,23520,0.643750011920929,128,19000,0.11511683464050293,1920,17,1,500000,1000,,19001.0,0.6333333253860474,0.6467354893684387,0.643750011920929,0.6377507448196411,79,1327898368,5,1
20001,1920,300015,38401920,23520,0.643750011920929,128,20000,0.11884498596191406,1920,17,1,500000,1000,,20001.0,0.6348958611488342,0.6467353701591492,0.6458333134651184,0.6378177404403687,83,1327898368,5,1
21001,1920,315015,40321920,23520,0.6458333134651184,128,21000,0.12251901626586914,1920,17,1,500000,1000,,21001.0,0.6328125,0.6467357873916626,0.6458333134651184,0.637544572353363,87,1327898368,5,1
22001,1920,330015,42241920,23520,0.6458333134651184,128,22000,0.12616801261901855,1920,17,1,500000,1000,,22001.0,0.6317708492279053,0.6467406749725342,0.6479166746139526,0.6377727389335632,91,1327898368,5,1
23001,1920,345015,44161920,23520,0.6479166746139526,128,23000,0.13147377967834473,1920,17,1,500000,1000,,23001.0,0.6317708492279053,0.6467350125312805,0.6458333134651184,0.6378024220466614,94,1327898368,5,1
24001,1920,360015,46081920,23520,0.6458333134651184,128,24000,0.13514280319213867,1920,17,1,500000,1000,,24001.0,0.6322916746139526,0.646743893623352,0.6479166746139526,0.6374009847640991,99,1327898368,5,1
25001,1920,375015,48001920,23520,0.6479166746139526,128,25000,0.13879704475402832,1920,17,1,500000,1000,,25001.0,0.6343749761581421,0.6467377543449402,0.6479166746139526,0.6376844048500061,102,1327898368,5,1
26001,1920,390015,49921920,23520,0.6479166746139526,128,26000,0.14245295524597168,1920,17,1,500000,1000,,26001.0,0.6354166865348816,0.6467408537864685,0.6479166746139526,0.6378916501998901,106,1327898368,5,1
27001,1920,405015,51841920,23520,0.6479166746139526,128,27000,0.1461319923400879,1920,17,1,500000,1000,,27001.0,0.6354166865348816,0.6467368602752686,0.6458333134651184,0.6380031704902649,110,1327898368,5,1
28001,1920,420015,53761920,23520,0.6458333134651184,128,28000,0.1497819423675537,1920,17,1,500000,1000,,28001.0,0.635937511920929,0.646736204624176,0.643750011920929,0.6378577947616577,114,1327898368,5,1
29001,1920,435015,55681920,23520,0.643750011920929,128,29000,0.1537947654724121,1920,17,1,500000,1000,,29001.0,0.6354166865348816,0.6467351913452148,0.6458333134651184,0.6378020644187927,117,1327898368,5,1
30001,1920,450015,57601920,23520,0.6458333134651184,128,30000,0.157484769821167,1920,17,1,500000,1000,,30001.0,0.6348958611488342,0.6467376947402954,0.6458333134651184,0.6380063891410828,121,1327898368,5,1
31001,1920,465015,59521920,23520,0.6458333134651184,128,31000,0.16115784645080566,1920,17,1,500000,1000,,31001.0,0.6317708492279053,0.6467410922050476,0.6479166746139526,0.6379901170730591,125,1327898368,5,1
32001,1920,480015,61441920,23520,0.6479166746139526,128,32000,0.1647806167602539,1920,17,1,500000,1000,,32001.0,0.6317708492279053,0.646734893321991,0.6458333134651184,0.6380882263183594,129,1327898368,5,1
33001,1920,495015,63361920,23520,0.6458333134651184,128,33000,0.16841959953308105,1920,17,1,500000,1000,,33001.0,0.6354166865348816,0.6467370390892029,0.6458333134651184,0.6377643346786499,133,1327898368,5,1
34001,1920,510015,65281920,23520,0.6458333134651184,128,34000,0.17206692695617676,1920,17,1,500000,1000,,34001.0,0.6354166865348816,0.6467329263687134,0.6499999761581421,0.6378380060195923,136,1327898368,5,1
35001,1920,525015,67201920,23520,0.6499999761581421,128,35000,0.17628979682922363,1920,17,1,500000,1000,,35001.0,0.6317708492279053,0.6467333436012268,0.6458333134651184,0.637914776802063,140,1327898368,5,1
36001,1920,540015,69121920,23520,0.6458333134651184,128,36000,0.1799149513244629,1920,17,1,500000,1000,,36001.0,0.6317708492279053,0.6467370986938477,0.6520833373069763,0.6381028294563293,144,1327898368,5,1
37001,1920,555015,71041920,23520,0.6520833373069763,128,37000,0.18411707878112793,1920,17,1,500000,1000,,37001.0,0.6354166865348816,0.6467331051826477,0.6458333134651184,0.6381605267524719,148,1327898368,5,1
38001,1920,570015,72961920,23520,0.6458333134651184,128,38000,0.18782901763916016,1920,17,1,500000,1000,,38001.0,0.6343749761581421,0.6467406749725342,0.6458333134651184,0.637869656085968,152,1327898368,5,1
39001,1920,585015,74881920,23520,0.6458333134651184,128,39000,0.19153499603271484,1920,17,1,500000,1000,,39001.0,0.6354166865348816,0.6467335224151611,0.6458333134651184,0.6379477381706238,155,1327898368,5,1
40001,1920,600015,76801920,23520,0.6458333134651184,128,40000,0.1952040195465088,1920,17,1,500000,1000,,40001.0,0.6348958611488342,0.646734893321991,0.6458333134651184,0.6377182602882385,159,1327898368,5,1
41001,1920,615015,78721920,23520,0.6458333134651184,128,41000,0.19888615608215332,1920,17,1,500000,1000,,41001.0,0.6343749761581421,0.6467356085777283,0.6499999761581421,0.6379733681678772,163,1327898368,5,1
42001,1920,630015,80641920,23520,0.6499999761581421,128,42000,0.2025911808013916,1920,17,1,500000,1000,,42001.0,0.6343749761581421,0.6467376351356506,0.6416666507720947,0.6378689408302307,167,1327898368,5,1
43001,1920,645015,82561920,23520,0.6416666507720947,128,43000,0.2061920166015625,1920,17,1,500000,1000,,43001.0,0.6348958611488342,0.6467356085777283,0.6499999761581421,0.6378594040870667,170,1327898368,5,1
44001,1920,660015,84481920,23520,0.6499999761581421,128,44000,0.21062088012695312,1920,17,1,500000,1000,,44001.0,0.6343749761581421,0.646734893321991,0.643750011920929,0.6378042101860046,174,1327898368,5,1
45001,1920,675015,86401920,23520,0.643750011920929,128,45000,0.2174081802368164,1920,17,1,500000,1000,,45001.0,0.6343749761581421,0.6467422246932983,0.6499999761581421,0.6378031373023987,178,1327898368,5,1
46001,1920,690015,88321920,23520,0.6499999761581421,128,46000,0.22117018699645996,1920,17,1,500000,1000,,46001.0,0.6354166865348816,0.6467382907867432,0.6479166746139526,0.6375468969345093,182,1327898368,5,1
47001,1920,705015,90241920,23520,0.6479166746139526,128,47000,0.22482514381408691,1920,17,1,500000,1000,,47001.0,0.6343749761581421,0.6467386484146118,0.6479166746139526,0.6377808451652527,185,1327898368,5,1
48001,1920,720015,92161920,23520,0.6479166746139526,128,48000,0.22849726676940918,1920,17,1,500000,1000,,48001.0,0.6317708492279053,0.6467378735542297,0.643750011920929,0.6380478739738464,189,1327898368,5,1
49001,1920,735015,94081920,23520,0.643750011920929,128,49000,0.2321631908416748,1920,17,1,500000,1000,,49001.0,0.6328125,0.6467373371124268,0.6458333134651184,0.6379823088645935,193,1327898368,5,1
50001,1920,750015,96001920,23520,0.6458333134651184,128,50000,0.2357792854309082,1920,17,1,500000,1000,,50001.0,0.6322916746139526,0.6467351913452148,0.6458333134651184,0.6380413770675659,197,1327898368,5,1
51001,1920,765015,97921920,23520,0.6458333134651184,128,51000,0.2394542694091797,1920,17,1,500000,1000,,51001.0,0.6322916746139526,0.6467357873916626,0.6458333134651184,0.6378421187400818,200,1327898368,5,1
52001,1920,780015,99841920,23520,0.6458333134651184,128,52000,0.2430722713470459,1920,17,1,500000,1000,,52001.0,0.6348958611488342,0.6467351913452148,0.6479166746139526,0.6376734972000122,204,1327898368,5,1
53001,1920,795015,101761920,23520,0.6479166746139526,128,53000,0.2479243278503418,1920,17,1,500000,1000,,53001.0,0.6348958611488342,0.6467363834381104,0.6479166746139526,0.6379178166389465,208,1327898368,5,1
54001,1920,810015,103681920,23520,0.6479166746139526,128,54000,0.2519381046295166,1920,17,1,500000,1000,,54001.0,0.6348958611488342,0.6467396020889282,0.643750011920929,0.6377737522125244,212,1327898368,5,1
55001,1920,825015,105601920,23520,0.643750011920929,128,55000,0.2556121349334717,1920,17,1,500000,1000,,55001.0,0.6348958611488342,0.6467433571815491,0.6479166746139526,0.6374291777610779,215,1327898368,5,1
56001,1920,840015,107521920,23520,0.6479166746139526,128,56000,0.2594010829925537,1920,17,1,500000,1000,,56001.0,0.6343749761581421,0.6467413306236267,0.643750011920929,0.6376600861549377,219,1327898368,5,1
57001,1920,855015,109441920,23520,0.643750011920929,128,57000,0.2640039920806885,1920,17,1,500000,1000,,57001.0,0.6343749761581421,0.6467374563217163,0.6479166746139526,0.6376482248306274,223,1327898368,5,1
58001,1920,870015,111361920,23520,0.6479166746139526,128,58000,0.2677648067474365,1920,17,1,500000,1000,,58001.0,0.6354166865348816,0.6467360258102417,0.6458333134651184,0.638012707233429,227,1327898368,5,1
59001,1920,885015,113281920,23520,0.6458333134651184,128,59000,0.2716560363769531,1920,17,1,500000,1000,,59001.0,0.6354166865348816,0.6467361450195312,0.6458333134651184,0.6380748152732849,230,1327898368,5,1
60001,1920,900015,115201920,23520,0.6458333134651184,128,60000,0.2753329277038574,1920,17,1,500000,1000,,60001.0,0.6322916746139526,0.6467361450195312,0.6479166746139526,0.6378964781761169,234,1327898368,5,1
61001,1920,915015,117121920,23520,0.6479166746139526,128,61000,0.2790050506591797,1920,17,1,500000,1000,,61001.0,0.6333333253860474,0.6467412710189819,0.6479166746139526,0.6377038359642029,238,1327898368,5,1
62001,1920,930015,119041920,23520,0.6479166746139526,128,62000,0.28272414207458496,1920,17,1,500000,1000,,62001.0,0.6354166865348816,0.6467356085777283,0.6458333134651184,0.6379500031471252,242,1327898368,5,1
63001,1920,945015,120961920,23520,0.6458333134651184,128,63000,0.2863931655883789,1920,17,1,500000,1000,,63001.0,0.6322916746139526,0.6467374563217163,0.6479166746139526,0.6379098296165466,246,1327898368,5,1
64001,1920,960015,122881920,23520,0.6479166746139526,128,64000,0.2900581359863281,1920,17,1,500000,1000,,64001.0,0.6354166865348816,0.6467332243919373,0.6458333134651184,0.6379978060722351,250,1327898368,5,1
65001,1920,975015,124801920,23520,0.6458333134651184,128,65000,0.29371094703674316,1920,17,1,500000,1000,,65001.0,0.6354166865348816,0.6467403173446655,0.6458333134651184,0.6378034949302673,254,1327898368,5,1
66001,1920,990015,126721920,23520,0.6458333134651184,128,66000,0.29740095138549805,1920,17,1,500000,1000,,66001.0,0.6354166865348816,0.6467341780662537,0.6458333134651184,0.6378805637359619,257,1327898368,5,1
67001,1920,1005015,128641920,23520,0.6458333134651184,128,67000,0.3010599613189697,1920,17,1,500000,1000,,67001.0,0.6317708492279053,0.6467395424842834,0.6458333134651184,0.6381561756134033,261,1327898368,5,1
68001,1920,1020015,130561920,23520,0.6458333134651184,128,68000,0.3046700954437256,1920,17,1,500000,1000,,68001.0,0.6354166865348816,0.6467357873916626,0.6458333134651184,0.6378545761108398,265,1327898368,5,1
69001,1920,1035015,132481920,23520,0.6458333134651184,128,69000,0.3083798885345459,1920,17,1,500000,1000,,69001.0,0.6317708492279053,0.6467413306236267,0.6458333134651184,0.6380371451377869,269,1327898368,5,1
70001,1920,1050015,134401920,23520,0.6458333134651184,128,70000,0.31207799911499023,1920,17,1,500000,1000,,70001.0,0.6348958611488342,0.6467379331588745,0.6458333134651184,0.6379653811454773,273,1327898368,5,1
71001,1920,1065015,136321920,23520,0.6458333134651184,128,71000,0.3158299922943115,1920,17,1,500000,1000,,71001.0,0.6348958611488342,0.6467368006706238,0.6458333134651184,0.6379396915435791,277,1327898368,5,1
72001,1920,1080015,138241920,23520,0.6458333134651184,128,72000,0.319594144821167,1920,17,1,500000,1000,,72001.0,0.6354166865348816,0.6467354893684387,0.6458333134651184,0.637684166431427,281,1327898368,5,1
73001,1920,1095015,140161920,23520,0.6458333134651184,128,73000,0.3232698440551758,1920,17,1,500000,1000,,73001.0,0.6348958611488342,0.6467350125312805,0.6458333134651184,0.6380801796913147,285,1327898368,5,1
74001,1920,1110015,142081920,23520,0.6458333134651184,128,74000,0.3269369602203369,1920,17,1,500000,1000,,74001.0,0.6348958611488342,0.6467358469963074,0.6458333134651184,0.6377246975898743,288,1327898368,5,1
75001,1920,1125015,144001920,23520,0.6458333134651184,128,75000,0.33063578605651855,1920,17,1,500000,1000,,75001.0,0.6354166865348816,0.6467357873916626,0.6479166746139526,0.6379513144493103,292,1327898368,5,1
76001,1920,1140015,145921920,23520,0.6479166746139526,128,76000,0.3343946933746338,1920,17,1,500000,1000,,76001.0,0.6354166865348816,0.646733820438385,0.6458333134651184,0.6379407644271851,296,1327898368,5,1
77001,1920,1155015,147841920,23520,0.6458333134651184,128,77000,0.33806371688842773,1920,17,1,500000,1000,,77001.0,0.6348958611488342,0.6467382311820984,0.6479166746139526,0.63763028383255,300,1327898368,5,1
78001,1920,1170015,149761920,23520,0.6479166746139526,128,78000,0.3418247699737549,1920,17,1,500000,1000,,78001.0,0.6328125,0.6467359662055969,0.6458333134651184,0.6379534006118774,303,1327898368,5,1
79001,1920,1185015,151681920,23520,0.6458333134651184,128,79000,0.3458125591278076,1920,17,1,500000,1000,,79001.0,0.6322916746139526,0.6467376947402954,0.6479166746139526,0.6377068161964417,307,1327898368,5,1
80001,1920,1200015,153601920,23520,0.6479166746139526,128,80000,0.3495025634765625,1920,17,1,500000,1000,,80001.0,0.6354166865348816,0.6467342972755432,0.6499999761581421,0.6377986669540405,311,1327898368,5,1
81001,1920,1215015,155521920,23520,0.6499999761581421,128,81000,0.35335564613342285,1920,17,1,500000,1000,,81001.0,0.6354166865348816,0.6467371582984924,0.6458333134651184,0.6378105282783508,315,1327898368,5,1
82001,1920,1230015,157441920,23520,0.6458333134651184,128,82000,0.35708141326904297,1920,17,1,500000,1000,,82001.0,0.6348958611488342,0.646736741065979,0.643750011920929,0.6377913951873779,318,1327898368,5,1
83001,1920,1245015,159361920,23520,0.643750011920929,128,83000,0.36074328422546387,1920,17,1,500000,1000,,83001.0,0.6343749761581421,0.6467386484146118,0.6458333134651184,0.6373973488807678,322,1327898368,5,1
84001,1920,1260015,161281920,23520,0.6458333134651184,128,84000,0.36441850662231445,1920,17,1,500000,1000,,84001.0,0.6354166865348816,0.6467361450195312,0.6499999761581421,0.6376174688339233,326,1327898368,5,1
85001,1920,1275015,163201920,23520,0.6499999761581421,128,85000,0.36813950538635254,1920,17,1,500000,1000,,85001.0,0.6348958611488342,0.6467353701591492,0.643750011920929,0.6381508111953735,330,1327898368,5,1
86001,1920,1290015,165121920,23520,0.643750011920929,128,86000,0.37190675735473633,1920,17,1,500000,1000,,86001.0,0.6348958611488342,0.6467357873916626,0.6458333134651184,0.6377806067466736,333,1327898368,5,1
87001,1920,1305015,167041920,23520,0.6458333134651184,128,87000,0.3755528926849365,1920,17,1,500000,1000,,87001.0,0.6322916746139526,0.6467331051826477,0.6458333134651184,0.6379300951957703,337,1327898368,5,1
88001,1920,1320015,168961920,23520,0.6458333134651184,128,88000,0.37922096252441406,1920,17,1,500000,1000,,88001.0,0.6348958611488342,0.6467362642288208,0.6458333134651184,0.637886106967926,341,1327898368,5,1
89001,1920,1335015,170881920,23520,0.6458333134651184,128,89000,0.38288092613220215,1920,17,1,500000,1000,,89001.0,0.6317708492279053,0.6467393040657043,0.6458333134651184,0.6379970908164978,345,1327898368,5,1
90001,1920,1350015,172801920,23520,0.6458333134651184,128,90000,0.3865540027618408,1920,17,1,500000,1000,,90001.0,0.6354166865348816,0.6467325687408447,0.6499999761581421,0.6380031704902649,348,1327898368,5,1
91001,1920,1365015,174721920,23520,0.6499999761581421,128,91000,0.3902459144592285,1920,17,1,500000,1000,,91001.0,0.6317708492279053,0.6467383503913879,0.6479166746139526,0.6380825638771057,352,1327898368,5,1
92001,1920,1380015,176641920,23520,0.6479166746139526,128,92000,0.39394068717956543,1920,17,1,500000,1000,,92001.0,0.6354166865348816,0.6467325687408447,0.6458333134651184,0.637766420841217,356,1327898368,5,1
93001,1920,1395015,178561920,23520,0.6458333134651184,128,93000,0.39785075187683105,1920,17,1,500000,1000,,93001.0,0.6348958611488342,0.6467345356941223,0.6458333134651184,0.6379802227020264,360,1327898368,5,1
94001,1920,1410015,180481920,23520,0.6458333134651184,128,94000,0.4017517566680908,1920,17,1,500000,1000,,94001.0,0.6333333253860474,0.6467402577400208,0.6479166746139526,0.6380020976066589,363,1327898368,5,1
95001,1920,1425015,182401920,23520,0.6479166746139526,128,95000,0.40563058853149414,1920,17,1,500000,1000,,95001.0,0.6338541507720947,0.6467422842979431,0.6458333134651184,0.6381951570510864,367,1327898368,5,1
96001,1920,1440015,184321920,23520,0.6458333134651184,128,96000,0.4093048572540283,1920,17,1,500000,1000,,96001.0,0.6348958611488342,0.6467372179031372,0.6499999761581421,0.6379027962684631,371,1327898368,5,1
97001,1920,1455015,186241920,23520,0.6499999761581421,128,97000,0.41304779052734375,1920,17,1,500000,1000,,97001.0,0.6348958611488342,0.6467399597167969,0.6458333134651184,0.638147234916687,375,1327898368,5,1
98001,1920,1470015,188161920,23520,0.6458333134651184,128,98000,0.4167439937591553,1920,17,1,500000,1000,,98001.0,0.6312500238418579,0.6467373967170715,0.6416666507720947,0.6379891037940979,378,1327898368,5,1
99001,1920,1485015,190081920,23520,0.6416666507720947,128,99000,0.4207310676574707,1920,17,1,500000,1000,,99001.0,0.6322916746139526,0.6467345952987671,0.6499999761581421,0.6379876732826233,382,1327898368,5,1
100001,1920,1500015,192001920,23520,0.6499999761581421,128,100000,0.4244558811187744,1920,17,1,500000,1000,,100001.0,0.6348958611488342,0.6467369198799133,0.6458333134651184,0.6378690004348755,386,1327898368,5,1
101001,1920,1515015,193921920,23520,0.6458333134651184,128,101000,0.42821764945983887,1920,17,1,500000,1000,,101001.0,0.6348958611488342,0.6467369794845581,0.6499999761581421,0.6378041505813599,390,1327898368,5,1
102001,1920,1530015,195841920,23520,0.6499999761581421,128,102000,0.43189287185668945,1920,17,1,500000,1000,,102001.0,0.6328125,0.6467349529266357,0.6458333134651184,0.6380094289779663,393,1327898368,5,1
103001,1920,1545015,197761920,23520,0.6458333134651184,128,103000,0.43558549880981445,1920,17,1,500000,1000,,103001.0,0.6338541507720947,0.6467387676239014,0.6479166746139526,0.6381439566612244,397,1327898368,5,1
104001,1920,1560015,199681920,23520,0.6479166746139526,128,104000,0.4392983913421631,1920,17,1,500000,1000,,104001.0,0.635937511920929,0.6467316746711731,0.6479166746139526,0.637764573097229,401,1327898368,5,1
105001,1920,1575015,201601920,23520,0.6479166746139526,128,105000,0.44295668601989746,1920,17,1,500000,1000,,105001.0,0.6354166865348816,0.6467356085777283,0.6416666507720947,0.6378962993621826,405,1327898368,5,1
106001,1920,1590015,203521920,23520,0.6416666507720947,128,106000,0.44662046432495117,1920,17,1,500000,1000,,106001.0,0.6354166865348816,0.6467344760894775,0.6479166746139526,0.6378958821296692,408,1327898368,5,1
107001,1920,1605015,205441920,23520,0.6479166746139526,128,107000,0.4503135681152344,1920,17,1,500000,1000,,107001.0,0.6354166865348816,0.646733820438385,0.6499999761581421,0.6380608677864075,412,1327898368,5,1
108001,1920,1620015,207361920,23520,0.6499999761581421,128,108000,0.45397520065307617,1920,17,1,500000,1000,,108001.0,0.6322916746139526,0.6467387676239014,0.6479166746139526,0.6379352807998657,416,1327898368,5,1
109001,1920,1635015,209281920,23520,0.6479166746139526,128,109000,0.4576582908630371,1920,17,1,500000,1000,,109001.0,0.6348958611488342,0.6467406153678894,0.6479166746139526,0.638163685798645,420,1327898368,5,1
110001,1920,1650015,211201920,23520,0.6479166746139526,128,110000,0.46158432960510254,1920,17,1,500000,1000,,110001.0,0.6322916746139526,0.6467354893684387,0.6479166746139526,0.6381143927574158,423,1327898368,5,1
111001,1920,1665015,213121920,23520,0.6479166746139526,128,111000,0.46528053283691406,1920,17,1,500000,1000,,111001.0,0.6322916746139526,0.646735429763794,0.6458333134651184,0.6379517912864685,427,1327898368,5,1
112001,1920,1680015,215041920,23520,0.6458333134651184,128,112000,0.4689655303955078,1920,17,1,500000,1000,,112001.0,0.6354166865348816,0.646738588809967,0.6458333134651184,0.6381832361221313,431,1327898368,5,1
113001,1920,1695015,216961920,23520,0.6458333134651184,128,113000,0.4728074073791504,1920,17,1,500000,1000,,113001.0,0.6322916746139526,0.6467365622520447,0.6458333134651184,0.6377480030059814,435,1327898368,5,1
114001,1920,1710015,218881920,23520,0.6458333134651184,128,114000,0.47650671005249023,1920,17,1,500000,1000,,114001.0,0.6354166865348816,0.6467339396476746,0.6458333134651184,0.6377995014190674,438,1327898368,5,1
115001,1920,1725015,220801920,23520,0.6458333134651184,128,115000,0.4802117347717285,1920,17,1,500000,1000,,115001.0,0.6348958611488342,0.6467360258102417,0.643750011920929,0.6379438042640686,442,1327898368,5,1
116001,1920,1740015,222721920,23520,0.643750011920929,128,116000,0.483905553817749,1920,17,1,500000,1000,,116001.0,0.6348958611488342,0.6467357873916626,0.6458333134651184,0.637832522392273,446,1327898368,5,1
117001,1920,1755015,224641920,23520,0.6458333134651184,128,117000,0.48764657974243164,1920,17,1,500000,1000,,117001.0,0.635937511920929,0.646734893321991,0.6479166746139526,0.6376363635063171,450,1327898368,5,1
118001,1920,1770015,226561920,23520,0.6479166746139526,128,118000,0.4913187026977539,1920,17,1,500000,1000,,118001.0,0.6322916746139526,0.6467326283454895,0.6479166746139526,0.6378856301307678,453,1327898368,5,1
119001,1920,1785015,228481920,23520,0.6479166746139526,128,119000,0.4950375556945801,1920,17,1,500000,1000,,119001.0,0.6348958611488342,0.6467323303222656,0.6499999761581421,0.6378878951072693,457,1327898368,5,1
120001,1920,1800015,230401920,23520,0.6499999761581421,128,120000,0.49872374534606934,1920,17,1,500000,1000,,120001.0,0.6348958611488342,0.646740198135376,0.643750011920929,0.6384099721908569,461,1327898368,5,1
121001,1920,1815015,232321920,23520,0.643750011920929,128,121000,0.5024268627166748,1920,17,1,500000,1000,,121001.0,0.6328125,0.6467364430427551,0.6479166746139526,0.637870728969574,465,1327898368,5,1
122001,1920,1830015,234241920,23520,0.6479166746139526,128,122000,0.5061078071594238,1920,17,1,500000,1000,,122001.0,0.6354166865348816,0.6467334628105164,0.6458333134651184,0.6379675269126892,468,1327898368,5,1
123001,1920,1845015,236161920,23520,0.6458333134651184,128,123000,0.5098118782043457,1920,17,1,500000,1000,,123001.0,0.6317708492279053,0.6467345952987671,0.6458333134651184,0.638120710849762,472,1327898368,5,1
124001,1920,1860015,238081920,23520,0.6458333134651184,128,124000,0.5134837627410889,1920,17,1,500000,1000,,124001.0,0.6317708492279053,0.6467316746711731,0.6458333134651184,0.6381865739822388,476,1327898368,5,1
125001,1920,1875015,240001920,23520,0.6458333134651184,128,125000,0.5172104835510254,1920,17,1,500000,1000,,125001.0,0.6317708492279053,0.6467342376708984,0.6458333134651184,0.637832760810852,480,1327898368,5,1
126001,1920,1890015,241921920,23520,0.6458333134651184,128,126000,0.5210621356964111,1920,17,1,500000,1000,,126001.0,0.6322916746139526,0.6467400789260864,0.6458333134651184,0.6377979516983032,483,1327898368,5,1
127001,1920,1905015,243841920,23520,0.6458333134651184,128,127000,0.5247704982757568,1920,17,1,500000,1000,,127001.0,0.6317708492279053,0.6467390656471252,0.6458333134651184,0.6383168697357178,487,1327898368,5,1
128001,1920,1920015,245761920,23520,0.6458333134651184,128,128000,0.5285284519195557,1920,17,1,500000,1000,,128001.0,0.6322916746139526,0.6467360258102417,0.6479166746139526,0.637885332107544,491,1327898368,5,1
129001,1920,1935015,247681920,23520,0.6479166746139526,128,129000,0.5322465896606445,1920,17,1,500000,1000,,129001.0,0.6354166865348816,0.6467345952987671,0.6458333134651184,0.6377027630805969,495,1327898368,5,1
130001,1920,1950015,249601920,23520,0.6458333134651184,128,130000,0.5361144542694092,1920,17,1,500000,1000,,130001.0,0.635937511920929,0.6467344164848328,0.6458333134651184,0.6377407312393188,498,1327898368,5,1
131001,1920,1965015,251521920,23520,0.6458333134651184,128,131000,0.5398454666137695,1920,17,1,500000,1000,,131001.0,0.6338541507720947,0.6467381119728088,0.6458333134651184,0.6377365589141846,502,1327898368,5,1
132001,1920,1980015,253441920,23520,0.6458333134651184,128,132000,0.5435364246368408,1920,17,1,500000,1000,,132001.0,0.635937511920929,0.6467323303222656,0.6458333134651184,0.6378929018974304,506,1327898368,5,1
133001,1920,1995015,255361920,23520,0.6458333134651184,128,133000,0.5472044944763184,1920,17,1,500000,1000,,133001.0,0.6328125,0.646740734577179,0.6479166746139526,0.6376011371612549,510,1327898368,5,1
134001,1920,2010015,257281920,23520,0.6479166746139526,128,134000,0.5509195327758789,1920,17,1,500000,1000,,134001.0,0.6317708492279053,0.6467320322990417,0.6458333134651184,0.6378524303436279,513,1327898368,5,1
135001,1920,2025015,259201920,23520,0.6458333134651184,128,135000,0.5548205375671387,1920,17,1,500000,1000,,135001.0,0.6312500238418579,0.6467421054840088,0.6458333134651184,0.6383020281791687,517,1327898368,5,1
136001,1920,2040015,261121920,23520,0.6458333134651184,128,136000,0.5585033893585205,1920,17,1,500000,1000,,136001.0,0.6312500238418579,0.6467353701591492,0.6458333134651184,0.6376104950904846,521,1327898368,5,1
137001,1920,2055015,263041920,23520,0.6458333134651184,128,137000,0.5622131824493408,1920,17,1,500000,1000,,137001.0,0.6348958611488342,0.6467332243919373,0.6458333134651184,0.6378686428070068,525,1327898368,5,1
138001,1920,2070015,264961920,23520,0.6458333134651184,128,138000,0.5659334659576416,1920,17,1,500000,1000,,138001.0,0.6348958611488342,0.6467333436012268,0.6458333134651184,0.6377770900726318,528,1327898368,5,1
139001,1920,2085015,266881920,23520,0.6458333134651184,128,139000,0.569751501083374,1920,17,1,500000,1000,,139001.0,0.6348958611488342,0.646738588809967,0.6458333134651184,0.6377466917037964,532,1327898368,5,1
140001,1920,2100015,268801920,23520,0.6458333134651184,128,140000,0.573664665222168,1920,17,1,500000,1000,,140001.0,0.6348958611488342,0.6467376351356506,0.6458333134651184,0.6377872228622437,536,1327898368,5,1
141001,1920,2115015,270721920,23520,0.6458333134651184,128,141000,0.5773797035217285,1920,17,1,500000,1000,,141001.0,0.635937511920929,0.6467387676239014,0.6479166746139526,0.6374692916870117,540,1327898368,5,1
142001,1920,2130015,272641920,23520,0.6479166746139526,128,142000,0.5810747146606445,1920,17,1,500000,1000,,142001.0,0.6354166865348816,0.6467401385307312,0.6458333134651184,0.6377950310707092,543,1327898368,5,1
143001,1920,2145015,274561920,23520,0.6458333134651184,128,143000,0.5848026275634766,1920,17,1,500000,1000,,143001.0,0.6317708492279053,0.6467329263687134,0.6458333134651184,0.6379808783531189,547,1327898368,5,1
144001,1920,2160015,276481920,23520,0.6458333134651184,128,144000,0.5884757041931152,1920,17,1,500000,1000,,144001.0,0.6354166865348816,0.6467354893684387,0.6458333134651184,0.6374948024749756,551,1327898368,5,1
145001,1920,2175015,278401920,23520,0.6458333134651184,128,145000,0.5921516418457031,1920,17,1,500000,1000,,145001.0,0.6348958611488342,0.6467381715774536,0.6416666507720947,0.6382352113723755,555,1327898368,5,1
146001,1920,2190015,280321920,23520,0.6416666507720947,128,146000,0.5958268642425537,1920,17,1,500000,1000,,146001.0,0.6322916746139526,0.6467458009719849,0.6479166746139526,0.638352632522583,558,1327898368,5,1
147001,1920,2205015,282241920,23520,0.6479166746139526,128,147000,0.5995550155639648,1920,17,1,500000,1000,,147001.0,0.6354166865348816,0.6467387676239014,0.6458333134651184,0.6379629373550415,562,1327898368,5,1
148001,1920,2220015,284161920,23520,0.6458333134651184,128,148000,0.6032528877258301,1920,17,1,500000,1000,,148001.0,0.6343749761581421,0.646737277507782,0.643750011920929,0.6379715800285339,566,1327898368,5,1
149001,1920,2235015,286081920,23520,0.643750011920929,128,149000,0.6069231033325195,1920,17,1,500000,1000,,149001.0,0.6348958611488342,0.6467373371124268,0.6458333134651184,0.6377891898155212,570,1327898368,5,1
150001,1920,2250015,288001920,23520,0.6458333134651184,128,150000,0.6106021404266357,1920,17,1,500000,1000,,150001.0,0.6348958611488342,0.6467345952987671,0.6458333134651184,0.6379199624061584,573,1327898368,5,1
151001,1920,2265015,289921920,23520,0.6458333134651184,128,151000,0.6143288612365723,1920,17,1,500000,1000,,151001.0,0.6354166865348816,0.6467379927635193,0.6458333134651184,0.6381110548973083,577,1327898368,5,1
152001,1920,2280015,291841920,23520,0.6458333134651184,128,152000,0.6179800033569336,1920,17,1,500000,1000,,152001.0,0.635937511920929,0.6467361450195312,0.6458333134651184,0.6375277638435364,581,1327898368,5,1
153001,1920,2295015,293761920,23520,0.6458333134651184,128,153000,0.6216278076171875,1920,17,1,500000,1000,,153001.0,0.6354166865348816,0.6467331647872925,0.6458333134651184,0.6381099820137024,585,1327898368,5,1
154001,1920,2310015,295681920,23520,0.6458333134651184,128,154000,0.6253015995025635,1920,17,1,500000,1000,,154001.0,0.6348958611488342,0.6467334032058716,0.6458333134651184,0.6378377079963684,589,1327898368,5,1
155001,1920,2325015,297601920,23520,0.6458333134651184,128,155000,0.6290066242218018,1920,17,1,500000,1000,,155001.0,0.6348958611488342,0.6467351317405701,0.6479166746139526,0.6377760767936707,592,1327898368,5,1
156001,1920,2340015,299521920,23520,0.6479166746139526,128,156000,0.6326875686645508,1920,17,1,500000,1000,,156001.0,0.6348958611488342,0.6467382907867432,0.6458333134651184,0.6375256180763245,596,1327898368,5,1
157001,1920,2355015,301441920,23520,0.6458333134651184,128,157000,0.6364398002624512,1920,17,1,500000,1000,,157001.0,0.6312500238418579,0.6467346549034119,0.643750011920929,0.6378194689750671,600,1327898368,5,1
158001,1920,2370015,303361920,23520,0.643750011920929,128,158000,0.6401348114013672,1920,17,1,500000,1000,,158001.0,0.6312500238418579,0.646743655204773,0.6479166746139526,0.6381074786186218,603,1327898368,5,1
159001,1920,2385015,305281920,23520,0.6479166746139526,128,159000,0.64404296875,1920,17,1,500000,1000,,159001.0,0.635937511920929,0.6467356085777283,0.6458333134651184,0.6376033425331116,607,1327898368,5,1
160001,1920,2400015,307201920,23520,0.6458333134651184,128,160000,0.6477479934692383,1920,17,1,500000,1000,,160001.0,0.6348958611488342,0.6467393040657043,0.6520833373069763,0.6377166509628296,611,1327898368,5,1
161001,1920,2415015,309121920,23520,0.6520833373069763,128,161000,0.6514120101928711,1920,17,1,500000,1000,,161001.0,0.6317708492279053,0.6467331051826477,0.6458333134651184,0.6378763914108276,615,1327898368,5,1
162001,1920,2430015,311041920,23520,0.6458333134651184,128,162000,0.6550848484039307,1920,17,1,500000,1000,,162001.0,0.6354166865348816,0.6467370390892029,0.6499999761581421,0.6376531720161438,618,1327898368,5,1
163001,1920,2445015,312961920,23520,0.6499999761581421,128,163000,0.6587438583374023,1920,17,1,500000,1000,,163001.0,0.6348958611488342,0.6467357873916626,0.6458333134651184,0.6375248432159424,622,1327898368,5,1
164001,1920,2460015,314881920,23520,0.6458333134651184,128,164000,0.662451982498169,1920,17,1,500000,1000,,164001.0,0.6348958611488342,0.6467379927635193,0.643750011920929,0.6379881501197815,626,1327898368,5,1
165001,1920,2475015,316801920,23520,0.643750011920929,128,165000,0.6661520004272461,1920,17,1,500000,1000,,165001.0,0.6348958611488342,0.6467342972755432,0.6458333134651184,0.637904167175293,630,1327898368,5,1
166001,1920,2490015,318721920,23520,0.6458333134651184,128,166000,0.6699671745300293,1920,17,1,500000,1000,,166001.0,0.6343749761581421,0.6467382907867432,0.6458333134651184,0.6376981139183044,633,1327898368,5,1
167001,1920,2505015,320641920,23520,0.6458333134651184,128,167000,0.67366623878479,1920,17,1,500000,1000,,167001.0,0.6348958611488342,0.6467335224151611,0.6458333134651184,0.6379042267799377,637,1327898368,5,1
168001,1920,2520015,322561920,23520,0.6458333134651184,128,168000,0.6773233413696289,1920,17,1,500000,1000,,168001.0,0.6348958611488342,0.646734893321991,0.6479166746139526,0.637841522693634,641,1327898368,5,1
169001,1920,2535015,324481920,23520,0.6479166746139526,128,169000,0.6811425685882568,1920,17,1,500000,1000,,169001.0,0.6317708492279053,0.6467357277870178,0.6458333134651184,0.638012170791626,645,1327898368,5,1
170001,1920,2550015,326401920,23520,0.6458333134651184,128,170000,0.6847977638244629,1920,17,1,500000,1000,,170001.0,0.6354166865348816,0.6467331051826477,0.6479166746139526,0.6378634572029114,648,1327898368,5,1
171001,1920,2565015,328321920,23520,0.6479166746139526,128,171000,0.6884825229644775,1920,17,1,500000,1000,,171001.0,0.635937511920929,0.6467322111129761,0.6458333134651184,0.6379755139350891,652,1327898368,5,1
172001,1920,2580015,330241920,23520,0.6458333134651184,128,172000,0.692312479019165,1920,17,1,500000,1000,,172001.0,0.6333333253860474,0.6467369794845581,0.6458333134651184,0.6384382843971252,656,1327898368,5,1
173001,1920,2595015,332161920,23520,0.6458333134651184,128,173000,0.6959702968597412,1920,17,1,500000,1000,,173001.0,0.6354166865348816,0.6467313766479492,0.6458333134651184,0.6378423571586609,660,1327898368,5,1
174001,1920,2610015,334081920,23520,0.6458333134651184,128,174000,0.6996963024139404,1920,17,1,500000,1000,,174001.0,0.6317708492279053,0.6467376947402954,0.6458333134651184,0.6378423571586609,663,1327898368,5,1
175001,1920,2625015,336001920,23520,0.6458333134651184,128,175000,0.7033894062042236,1920,17,1,500000,1000,,175001.0,0.6317708492279053,0.6467428803443909,0.6479166746139526,0.6381248831748962,667,1327898368,5,1
176001,1920,2640015,337921920,23520,0.6479166746139526,128,176000,0.7070484161376953,1920,17,1,500000,1000,,176001.0,0.6338541507720947,0.6467409133911133,0.6479166746139526,0.6375373601913452,671,1327898368,5,1
177001,1920,2655015,339841920,23520,0.6479166746139526,128,177000,0.7107455730438232,1920,17,1,500000,1000,,177001.0,0.635937511920929,0.6467339992523193,0.6458333134651184,0.6379133462905884,674,1327898368,5,1
178001,1920,2670015,341761920,23520,0.6458333134651184,128,178000,0.7149548530578613,1920,17,1,500000,1000,,178001.0,0.6354166865348816,0.6467373967170715,0.6499999761581421,0.6376933455467224,678,1327898368,5,1
179001,1920,2685015,343681920,23520,0.6499999761581421,128,179000,0.7194244861602783,1920,17,1,500000,1000,,179001.0,0.6354166865348816,0.6467405557632446,0.6458333134651184,0.6379672884941101,682,1327898368,5,1
180001,1920,2700015,345601920,23520,0.6458333134651184,128,180000,0.7233943939208984,1920,17,1,500000,1000,,180001.0,0.6354166865348816,0.6467331647872925,0.6458333134651184,0.6378845572471619,686,1327898368,5,1
181001,1920,2715015,347521920,23520,0.6458333134651184,128,181000,0.7270832061767578,1920,17,1,500000,1000,,181001.0,0.6354166865348816,0.6467344760894775,0.6458333134651184,0.6375015377998352,690,1327898368,5,1
182001,1920,2730015,349441920,23520,0.6458333134651184,128,182000,0.7307710647583008,1920,17,1,500000,1000,,182001.0,0.6317708492279053,0.6467411518096924,0.643750011920929,0.638154149055481,694,1327898368,5,1
183001,1920,2745015,351361920,23520,0.643750011920929,128,183000,0.7345261573791504,1920,17,1,500000,1000,,183001.0,0.6322916746139526,0.6467369794845581,0.6458333134651184,0.6381036639213562,698,1327898368,5,1
184001,1920,2760015,353281920,23520,0.6458333134651184,128,184000,0.7382521629333496,1920,17,1,500000,1000,,184001.0,0.6317708492279053,0.6467373967170715,0.6479166746139526,0.6379483342170715,701,1327898368,5,1
185001,1920,2775015,355201920,23520,0.6479166746139526,128,185000,0.7419142723083496,1920,17,1,500000,1000,,185001.0,0.6354166865348816,0.646736204624176,0.6479166746139526,0.6380347013473511,705,1327898368,5,1
186001,1920,2790015,357121920,23520,0.6479166746139526,128,186000,0.7455911636352539,1920,17,1,500000,1000,,186001.0,0.6354166865348816,0.6467429399490356,0.6479166746139526,0.6378936767578125,709,1327898368,5,1
187001,1920,2805015,359041920,23520,0.6479166746139526,128,187000,0.7493810653686523,1920,17,1,500000,1000,,187001.0,0.6328125,0.6467345952987671,0.6479166746139526,0.6378094553947449,713,1327898368,5,1
188001,1920,2820015,360961920,23520,0.6479166746139526,128,188000,0.753140926361084,1920,17,1,500000,1000,,188001.0,0.6317708492279053,0.6467375159263611,0.6458333134651184,0.6377845406532288,717,1327898368,5,1
189001,1920,2835015,362881920,23520,0.6458333134651184,128,189000,0.7568130493164062,1920,17,1,500000,1000,,189001.0,0.6348958611488342,0.6467351317405701,0.6458333134651184,0.6379035711288452,720,1327898368,5,1
190001,1920,2850015,364801920,23520,0.6458333134651184,128,190000,0.7604873180389404,1920,17,1,500000,1000,,190001.0,0.6354166865348816,0.6467382311820984,0.6479166746139526,0.6375285387039185,724,1327898368,5,1
191001,1920,2865015,366721920,23520,0.6479166746139526,128,191000,0.7645213603973389,1920,17,1,500000,1000,,191001.0,0.6354166865348816,0.6467356085777283,0.6458333134651184,0.6376673579216003,728,1327898368,5,1
192001,1920,2880015,368641920,23520,0.6458333134651184,128,192000,0.768214225769043,1920,17,1,500000,1000,,192001.0,0.6354166865348816,0.6467382311820984,0.6479166746139526,0.63799649477005,732,1327898368,5,1
193001,1920,2895015,370561920,23520,0.6479166746139526,128,193000,0.7719309329986572,1920,17,1,500000,1000,,193001.0,0.6354166865348816,0.6467383503913879,0.6458333134651184,0.6380271911621094,735,1327898368,5,1
194001,1920,2910015,372481920,23520,0.6458333134651184,128,194000,0.7758278846740723,1920,17,1,500000,1000,,194001.0,0.635937511920929,0.6467339992523193,0.6479166746139526,0.6375124454498291,739,1327898368,5,1
195001,1920,2925015,374401920,23520,0.6479166746139526,128,195000,0.7795231342315674,1920,17,1,500000,1000,,195001.0,0.6348958611488342,0.6467342972755432,0.6479166746139526,0.6380408406257629,743,1327898368,5,1
196001,1920,2940015,376321920,23520,0.6479166746139526,128,196000,0.7834479808807373,1920,17,1,500000,1000,,196001.0,0.6354166865348816,0.6467397809028625,0.643750011920929,0.6380707621574402,747,1327898368,5,1
197001,1920,2955015,378241920,23520,0.643750011920929,128,197000,0.787186861038208,1920,17,1,500000,1000,,197001.0,0.6317708492279053,0.6467410922050476,0.643750011920929,0.63783860206604,750,1327898368,5,1
198001,1920,2970015,380161920,23520,0.643750011920929,128,198000,0.7909870147705078,1920,17,1,500000,1000,,198001.0,0.6348958611488342,0.6467342376708984,0.6458333134651184,0.6376847624778748,754,1327898368,5,1
199001,1920,2985015,382081920,23520,0.6458333134651184,128,199000,0.794884204864502,1920,17,1,500000,1000,,199001.0,0.6322916746139526,0.646734356880188,0.6479166746139526,0.6379102468490601,758,1327898368,5,1
200001,1920,3000015,384001920,23520,0.6479166746139526,128,200000,0.7985632419586182,1920,17,1,500000,1000,,200001.0,0.6348958611488342,0.646740734577179,0.6458333134651184,0.6378921270370483,762,1327898368,5,1
201001,1920,3015015,385921920,23520,0.6458333134651184,128,201000,0.8024120330810547,1920,17,1,500000,1000,,201001.0,0.6348958611488342,0.6467409729957581,0.6479166746139526,0.6380337476730347,766,1327898368,5,1
202001,1920,3030015,387841920,23520,0.6479166746139526,128,202000,0.8060591220855713,1920,17,1,500000,1000,,202001.0,0.6322916746139526,0.6467365026473999,0.6458333134651184,0.6380897760391235,769,1327898368,5,1
203001,1920,3045015,389761920,23520,0.6458333134651184,128,203000,0.810218095779419,1920,17,1,500000,1000,,203001.0,0.6317708492279053,0.6467363834381104,0.6499999761581421,0.6382875442504883,773,1327898368,5,1
204001,1920,3060015,391681920,23520,0.6499999761581421,128,204000,0.8141441345214844,1920,17,1,500000,1000,,204001.0,0.6348958611488342,0.6467368602752686,0.6499999761581421,0.6382047533988953,777,1327898368,5,1
205001,1920,3075015,393601920,23520,0.6499999761581421,128,205000,0.8178489208221436,1920,17,1,500000,1000,,205001.0,0.6317708492279053,0.6467382907867432,0.6458333134651184,0.6380975246429443,781,1327898368,5,1
206001,1920,3090015,395521920,23520,0.6458333134651184,128,206000,0.821753978729248,1920,17,1,500000,1000,,206001.0,0.6338541507720947,0.6467395424842834,0.6520833373069763,0.637812077999115,785,1327898368,5,1
207001,1920,3105015,397441920,23520,0.6520833373069763,128,207000,0.8254377841949463,1920,17,1,500000,1000,,207001.0,0.6317708492279053,0.646736204624176,0.6458333134651184,0.6377183198928833,788,1327898368,5,1
208001,1920,3120015,399361920,23520,0.6458333134651184,128,208000,0.8291444778442383,1920,17,1,500000,1000,,208001.0,0.6354166865348816,0.6467395424842834,0.6499999761581421,0.6379241943359375,792,1327898368,5,1
209001,1920,3135015,401281920,23520,0.6499999761581421,128,209000,0.8330676555633545,1920,17,1,500000,1000,,209001.0,0.6354166865348816,0.6467331051826477,0.6458333134651184,0.6376925706863403,796,1327898368,5,1
210001,1920,3150015,403201920,23520,0.6458333134651184,128,210000,0.8367526531219482,1920,17,1,500000,1000,,210001.0,0.6354166865348816,0.6467384696006775,0.6479166746139526,0.6374463438987732,800,1327898368,5,1
211001,1920,3165015,405121920,23520,0.6479166746139526,128,211000,0.8405334949493408,1920,17,1,500000,1000,,211001.0,0.6348958611488342,0.646738588809967,0.6479166746139526,0.6380637288093567,803,1327898368,5,1
212001,1920,3180015,407041920,23520,0.6479166746139526,128,212000,0.8442192077636719,1920,17,1,500000,1000,,212001.0,0.6348958611488342,0.6467412114143372,0.6458333134651184,0.6378068923950195,807,1327898368,5,1
213001,1920,3195015,408961920,23520,0.6458333134651184,128,213000,0.8479971885681152,1920,17,1,500000,1000,,213001.0,0.6348958611488342,0.6467334032058716,0.6479166746139526,0.6380366086959839,811,1327898368,5,1
214001,1920,3210015,410881920,23520,0.6479166746139526,128,214000,0.8517296314239502,1920,17,1,500000,1000,,214001.0,0.6354166865348816,0.646734893321991,0.643750011920929,0.6380223631858826,815,1327898368,5,1
215001,1920,3225015,412801920,23520,0.643750011920929,128,215000,0.8555407524108887,1920,17,1,500000,1000,,215001.0,0.6322916746139526,0.6467363238334656,0.6479166746139526,0.637810468673706,818,1327898368,5,1
216001,1920,3240015,414721920,23520,0.6479166746139526,128,216000,0.8591828346252441,1920,17,1,500000,1000,,216001.0,0.6317708492279053,0.646733283996582,0.6479166746139526,0.6380184292793274,822,1327898368,5,1
217001,1920,3255015,416641920,23520,0.6479166746139526,128,217000,0.8630149364471436,1920,17,1,500000,1000,,217001.0,0.6354166865348816,0.6467410326004028,0.6479166746139526,0.637536883354187,826,1327898368,5,1
218001,1920,3270015,418561920,23520,0.6479166746139526,128,218000,0.866736888885498,1920,17,1,500000,1000,,218001.0,0.6348958611488342,0.6467334628105164,0.6458333134651184,0.6379523873329163,830,1327898368,5,1
219001,1920,3285015,420481920,23520,0.6458333134651184,128,219000,0.8703837394714355,1920,17,1,500000,1000,,219001.0,0.6354166865348816,0.6467346549034119,0.6499999761581421,0.6380033493041992,833,1327898368,5,1
220001,1920,3300015,422401920,23520,0.6499999761581421,128,220000,0.8744485378265381,1920,17,1,500000,1000,,220001.0,0.6338541507720947,0.6467437148094177,0.6479166746139526,0.637991189956665,837,1327898368,5,1
221001,1920,3315015,424321920,23520,0.6479166746139526,128,221000,0.8782105445861816,1920,17,1,500000,1000,,221001.0,0.6354166865348816,0.6467325687408447,0.6458333134651184,0.6376779675483704,841,1327898368,5,1
222001,1920,3330015,426241920,23520,0.6458333134651184,128,222000,0.8818943500518799,1920,17,1,500000,1000,,222001.0,0.6322916746139526,0.6467379331588745,0.6479166746139526,0.6378412246704102,845,1327898368,5,1
223001,1920,3345015,428161920,23520,0.6479166746139526,128,223000,0.8855643272399902,1920,17,1,500000,1000,,223001.0,0.6354166865348816,0.646737277507782,0.6499999761581421,0.6378015875816345,848,1327898368,5,1
224001,1920,3360015,430081920,23520,0.6499999761581421,128,224000,0.8893172740936279,1920,17,1,500000,1000,,224001.0,0.635937511920929,0.646739661693573,0.6458333134651184,0.6374378204345703,852,1327898368,5,1
225001,1920,3375015,432001920,23520,0.6458333134651184,128,225000,0.8929731845855713,1920,17,1,500000,1000,,225001.0,0.6348958611488342,0.646735429763794,0.6479166746139526,0.6378373503684998,856,1327898368,5,1
226001,1920,3390015,433921920,23520,0.6479166746139526,128,226000,0.8967881202697754,1920,17,1,500000,1000,,226001.0,0.635937511920929,0.6467384099960327,0.6458333134651184,0.637715756893158,860,1327898368,5,1
227001,1920,3405015,435841920,23520,0.6458333134651184,128,227000,0.9006350040435791,1920,17,1,500000,1000,,227001.0,0.6354166865348816,0.646738588809967,0.6458333134651184,0.6380637884140015,863,1327898368,5,1
228001,1920,3420015,437761920,23520,0.6458333134651184,128,228000,0.9043149948120117,1920,17,1,500000,1000,,228001.0,0.6348958611488342,0.646737813949585,0.6458333134651184,0.6374807357788086,867,1327898368,5,1
229001,1920,3435015,439681920,23520,0.6458333134651184,128,229000,0.9080100059509277,1920,17,1,500000,1000,,229001.0,0.6348958611488342,0.6467348337173462,0.6458333134651184,0.6376660466194153,871,1327898368,5,1
230001,1920,3450015,441601920,23520,0.6458333134651184,128,230000,0.9116480350494385,1920,17,1,500000,1000,,230001.0,0.6354166865348816,0.6467430591583252,0.6458333134651184,0.6375015377998352,875,1327898368,5,1
231001,1920,3465015,443521920,23520,0.6458333134651184,128,231000,0.9153311252593994,1920,17,1,500000,1000,,231001.0,0.6354166865348816,0.6467360854148865,0.6458333134651184,0.6378005146980286,878,1327898368,5,1
232001,1920,3480015,445441920,23520,0.6458333134651184,128,232000,0.9195272922515869,1920,17,1,500000,1000,,232001.0,0.6354166865348816,0.6467363834381104,0.6458333134651184,0.6377204060554504,882,1327898368,5,1
233001,1920,3495015,447361920,23520,0.6458333134651184,128,233000,0.9232223033905029,1920,17,1,500000,1000,,233001.0,0.6354166865348816,0.6467338800430298,0.6458333134651184,0.6380496621131897,886,1327898368,5,1
234001,1920,3510015,449281920,23520,0.6458333134651184,128,234000,0.9268791675567627,1920,17,1,500000,1000,,234001.0,0.6348958611488342,0.646736741065979,0.6458333134651184,0.6380549073219299,890,1327898368,5,1
235001,1920,3525015,451201920,23520,0.6458333134651184,128,235000,0.9305102825164795,1920,17,1,500000,1000,,235001.0,0.6343749761581421,0.6467383503913879,0.6479166746139526,0.6377627849578857,893,1327898368,5,1
236001,1920,3540015,453121920,23520,0.6479166746139526,128,236000,0.9341902732849121,1920,17,1,500000,1000,,236001.0,0.6322916746139526,0.6467335820198059,0.6499999761581421,0.6380177736282349,897,1327898368,5,1
237001,1920,3555015,455041920,23520,0.6499999761581421,128,237000,0.9378764629364014,1920,17,1,500000,1000,,237001.0,0.6348958611488342,0.6467382907867432,0.6458333134651184,0.6377108693122864,901,1327898368,5,1
238001,1920,3570015,456961920,23520,0.6458333134651184,128,238000,0.9415113925933838,1920,17,1,500000,1000,,238001.0,0.6317708492279053,0.6467376947402954,0.6458333134651184,0.6381285786628723,904,1327898368,5,1
239001,1920,3585015,458881920,23520,0.6458333134651184,128,239000,0.9451904296875,1920,17,1,500000,1000,,239001.0,0.6343749761581421,0.6467328667640686,0.6458333134651184,0.6380793452262878,908,1327898368,5,1
240001,1920,3600015,460801920,23520,0.6458333134651184,128,240000,0.9488604068756104,1920,17,1,500000,1000,,240001.0,0.6354166865348816,0.6467321515083313,0.6458333134651184,0.6377794146537781,912,1327898368,5,1
241001,1920,3615015,462721920,23520,0.6458333134651184,128,241000,0.9524755477905273,1920,17,1,500000,1000,,241001.0,0.6348958611488342,0.6467349529266357,0.6458333134651184,0.6381896734237671,916,1327898368,5,1
242001,1920,3630015,464641920,23520,0.6458333134651184,128,242000,0.956343412399292,1920,17,1,500000,1000,,242001.0,0.6322916746139526,0.6467384099960327,0.6479166746139526,0.6379224061965942,919,1327898368,5,1
243001,1920,3645015,466561920,23520,0.6479166746139526,128,243000,0.960057258605957,1920,17,1,500000,1000,,243001.0,0.6354166865348816,0.6467358469963074,0.6458333134651184,0.6379843950271606,923,1327898368,5,1
244001,1920,3660015,468481920,23520,0.6458333134651184,128,244000,0.9636783599853516,1920,17,1,500000,1000,,244001.0,0.6322916746139526,0.6467336416244507,0.6458333134651184,0.6380044221878052,927,1327898368,5,1
245001,1920,3675015,470401920,23520,0.6458333134651184,128,245000,0.9672744274139404,1920,17,1,500000,1000,,245001.0,0.6354166865348816,0.6467368006706238,0.6458333134651184,0.6381947994232178,931,1327898368,5,1
246001,1920,3690015,472321920,23520,0.6458333134651184,128,246000,0.9708552360534668,1920,17,1,500000,1000,,246001.0,0.6322916746139526,0.6467378735542297,0.6458333134651184,0.6379233002662659,935,1327898368,5,1
247001,1920,3705015,474241920,23520,0.6458333134651184,128,247000,0.9895873069763184,1920,17,1,500000,1000,,247001.0,0.6348958611488342,0.6467399001121521,0.6479166746139526,0.6381770968437195,939,1327898368,5,1
248001,1920,3720015,476161920,23520,0.6479166746139526,128,248000,0.9931890964508057,1920,17,1,500000,1000,,248001.0,0.6354166865348816,0.6467333436012268,0.6458333134651184,0.6378756761550903,942,1327898368,5,1
249001,1920,3735015,478081920,23520,0.6458333134651184,128,249000,0.996783971786499,1920,17,1,500000,1000,,249001.0,0.6317708492279053,0.6467373371124268,0.6458333134651184,0.6380011439323425,947,1327898368,5,1
250001,1920,3750015,480001920,23520,0.6458333134651184,128,250000,1.0003788471221924,1920,17,1,500000,1000,,250001.0,0.6317708492279053,0.646733820438385,0.6458333134651184,0.6380748152732849,950,1327898368,5,1
251001,1920,3765015,481921920,23520,0.6458333134651184,128,251000,1.00435209274292,1920,17,1,500000,1000,,251001.0,0.6354166865348816,0.6467342972755432,0.6458333134651184,0.6382454633712769,957,1327898368,5,1
252001,1920,3780015,483841920,23520,0.6458333134651184,128,252000,1.0079569816589355,1920,17,1,500000,1000,,252001.0,0.6317708492279053,0.6467338800430298,0.6458333134651184,0.6380391716957092,961,1327898368,5,1
253001,1920,3795015,485761920,23520,0.6458333134651184,128,253000,1.0115830898284912,1920,17,1,500000,1000,,253001.0,0.6343749761581421,0.6467346549034119,0.6458333134651184,0.6376022696495056,965,1327898368,5,1
254001,1920,3810015,487681920,23520,0.6458333134651184,128,254000,1.0153343677520752,1920,17,1,500000,1000,,254001.0,0.6348958611488342,0.6467360854148865,0.6499999761581421,0.6379953026771545,969,1327898368,5,1
255001,1920,3825015,489601920,23520,0.6499999761581421,128,255000,1.0189473628997803,1920,17,1,500000,1000,,255001.0,0.6354166865348816,0.6467382311820984,0.6458333134651184,0.6381301879882812,972,1327898368,5,1
256001,1920,3840015,491521920,23520,0.6458333134651184,128,256000,1.0225324630737305,1920,17,1,500000,1000,,256001.0,0.6348958611488342,0.6467413306236267,0.6458333134651184,0.637776792049408,977,1327898368,5,1
257001,1920,3855015,493441920,23520,0.6458333134651184,128,257000,1.0261147022247314,1920,17,1,500000,1000,,257001.0,0.6354166865348816,0.6467337012290955,0.6458333134651184,0.6379163861274719,980,1327898368,5,1
258001,1920,3870015,495361920,23520,0.6458333134651184,128,258000,1.0297956466674805,1920,17,1,500000,1000,,258001.0,0.6348958611488342,0.6467363834381104,0.6479166746139526,0.6378608345985413,984,1327898368,5,1
259001,1920,3885015,497281920,23520,0.6479166746139526,128,259000,1.033428430557251,1920,17,1,500000,1000,,259001.0,0.6343749761581421,0.6467387080192566,0.6416666507720947,0.6377267241477966,988,1327898368,5,1
260001,1920,3900015,499201920,23520,0.6416666507720947,128,260000,1.037034511566162,1920,17,1,500000,1000,,260001.0,0.6354166865348816,0.6467345952987671,0.6479166746139526,0.6376928091049194,992,1327898368,5,1
261001,1920,3915015,501121920,23520,0.6479166746139526,128,261000,1.0406653881072998,1920,17,1,500000,1000,,261001.0,0.6348958611488342,0.6467410922050476,0.6479166746139526,0.6384000778198242,996,1327898368,5,1
262001,1920,3930015,503041920,23520,0.6479166746139526,128,262000,1.0738897323608398,1920,17,1,500000,1000,,262001.0,0.6348958611488342,0.6467357873916626,0.643750011920929,0.6382051110267639,1000,1327898368,5,1
263001,1920,3945015,504961920,23520,0.643750011920929,128,263000,1.0775117874145508,1920,17,1,500000,1000,,263001.0,0.6348958611488342,0.6467382311820984,0.6479166746139526,0.6378797888755798,1004,1327898368,5,1
264001,1920,3960015,506881920,23520,0.6479166746139526,128,264000,1.0811266899108887,1920,17,1,500000,1000,,264001.0,0.6380208134651184,0.6467427015304565,0.6458333134651184,0.6372909545898438,1008,1327898368,5,1
265001,1920,3975015,508801920,23520,0.6458333134651184,128,265000,1.08473539352417,1920,17,1,500000,1000,,265001.0,0.6348958611488342,0.6467331051826477,0.6458333134651184,0.6378181576728821,1012,1327898368,5,1
266001,1920,3990015,510721920,23520,0.6458333134651184,128,266000,1.0883243083953857,1920,17,1,500000,1000,,266001.0,0.6354166865348816,0.6467360258102417,0.6458333134651184,0.6377779841423035,1016,1327898368,5,1
267001,1920,4005015,512641920,23520,0.6458333134651184,128,267000,1.0920653343200684,1920,17,1,500000,1000,,267001.0,0.6317708492279053,0.6467381119728088,0.643750011920929,0.63780277967453,1020,1327898368,5,1
268001,1920,4020015,514561920,23520,0.643750011920929,128,268000,1.0956692695617676,1920,17,1,500000,1000,,268001.0,0.6317708492279053,0.6467375159263611,0.643750011920929,0.6380059719085693,1024,1327898368,5,1
269001,1920,4035015,516481920,23520,0.643750011920929,128,269000,1.0992584228515625,1920,17,1,500000,1000,,269001.0,0.6317708492279053,0.6467381119728088,0.6479166746139526,0.6377915740013123,1028,1327898368,5,1
270001,1920,4050015,518401920,23520,0.6479166746139526,128,270000,1.1034274101257324,1920,17,1,500000,1000,,270001.0,0.6317708492279053,0.6467381715774536,0.643750011920929,0.6377142667770386,1032,1327898368,5,1
271001,1920,4065015,520321920,23520,0.643750011920929,128,271000,1.1070654392242432,1920,17,1,500000,1000,,271001.0,0.6317708492279053,0.646742045879364,0.6499999761581421,0.638512909412384,1036,1327898368,5,1
272001,1920,4080015,522241920,23520,0.6499999761581421,128,272000,1.1106765270233154,1920,17,1,500000,1000,,272001.0,0.6348958611488342,0.6467379331588745,0.6458333134651184,0.6377592086791992,1040,1327898368,5,1
273001,1920,4095015,524161920,23520,0.6458333134651184,128,273000,1.1143195629119873,1920,17,1,500000,1000,,273001.0,0.6354166865348816,0.6467329859733582,0.6458333134651184,0.6377227306365967,1044,1327898368,5,1
274001,1920,4110015,526081920,23520,0.6458333134651184,128,274000,1.117924451828003,1920,17,1,500000,1000,,274001.0,0.6322916746139526,0.6467388272285461,0.643750011920929,0.6380012035369873,1047,1327898368,5,1
275001,1920,4125015,528001920,23520,0.643750011920929,128,275000,1.1215324401855469,1920,17,1,500000,1000,,275001.0,0.6354166865348816,0.6467330455780029,0.6458333134651184,0.6378266215324402,1051,1327898368,5,1
276001,1920,4140015,529921920,23520,0.6458333134651184,128,276000,1.125199317932129,1920,17,1,500000,1000,,276001.0,0.6338541507720947,0.6467396020889282,0.6479166746139526,0.6379075646400452,1055,1327898368,5,1
277001,1920,4155015,531841920,23520,0.6479166746139526,128,277000,1.1706571578979492,1920,17,1,500000,1000,,277001.0,0.6348958611488342,0.6467362642288208,0.6458333134651184,0.6376962661743164,1059,1327898368,5,1
278001,1920,4170015,533761920,23520,0.6458333134651184,128,278000,1.174264907836914,1920,17,1,500000,1000,,278001.0,0.6312500238418579,0.646743655204773,0.6479166746139526,0.6375807523727417,1063,1327898368,5,1
279001,1920,4185015,535681920,23520,0.6479166746139526,128,279000,1.1778559684753418,1920,17,1,500000,1000,,279001.0,0.6348958611488342,0.6467369198799133,0.6458333134651184,0.6380335092544556,1067,1327898368,5,1
280001,1920,4200015,537601920,23520,0.6458333134651184,128,280000,1.1814708709716797,1920,17,1,500000,1000,,280001.0,0.6322916746139526,0.6467339992523193,0.6479166746139526,0.6378964781761169,1071,1327898368,5,1
281001,1920,4215015,539521920,23520,0.6479166746139526,128,281000,1.185051679611206,1920,17,1,500000,1000,,281001.0,0.6348958611488342,0.6467369198799133,0.643750011920929,0.6378541588783264,1075,1327898368,5,1
282001,1920,4230015,541441920,23520,0.643750011920929,128,282000,1.1886687278747559,1920,17,1,500000,1000,,282001.0,0.6354166865348816,0.6467396020889282,0.6479166746139526,0.6378383636474609,1079,1327898368,5,1
283001,1920,4245015,543361920,23520,0.6479166746139526,128,283000,1.1922607421875,1920,17,1,500000,1000,,283001.0,0.6348958611488342,0.6467346549034119,0.6458333134651184,0.6377689242362976,1083,1327898368,5,1
284001,1920,4260015,545281920,23520,0.6458333134651184,128,284000,1.1967709064483643,1920,17,1,500000,1000,,284001.0,0.6322916746139526,0.6467432379722595,0.6458333134651184,0.6383694410324097,1089,1327898368,5,1
285001,1920,4275015,547201920,23520,0.6458333134651184,128,285000,1.2007977962493896,1920,17,1,500000,1000,,285001.0,0.6348958611488342,0.6467396020889282,0.6458333134651184,0.6383875608444214,1096,1327898368,5,1
286001,1920,4290015,549121920,23520,0.6458333134651184,128,286000,1.2960169315338135,1920,17,1,500000,1000,,286001.0,0.6343749761581421,0.6467350125312805,0.6458333134651184,0.6375353932380676,1102,1327898368,5,1
287001,1920,4305015,551041920,23520,0.6458333134651184,128,287000,1.2997829914093018,1920,17,1,500000,1000,,287001.0,0.6354166865348816,0.6467369794845581,0.6458333134651184,0.6378999352455139,1108,1327898368,5,1
288001,1920,4320015,552961920,23520,0.6458333134651184,128,288000,1.303384780883789,1920,17,1,500000,1000,,288001.0,0.6312500238418579,0.646740198135376,0.6479166746139526,0.6376211643218994,1114,1327898368,5,1
289001,1920,4335015,554881920,23520,0.6479166746139526,128,289000,1.3215148448944092,1920,17,1,500000,1000,,289001.0,0.6328125,0.6467353701591492,0.6479166746139526,0.6381108164787292,1120,1327898368,5,1
290001,1920,4350015,556801920,23520,0.6479166746139526,128,290000,1.3252625465393066,1920,17,1,500000,1000,,290001.0,0.6348958611488342,0.6467339396476746,0.6458333134651184,0.6375591158866882,1126,1327898368,5,1
291001,1920,4365015,558721920,23520,0.6458333134651184,128,291000,1.3290793895721436,1920,17,1,500000,1000,,291001.0,0.6348958611488342,0.6467365622520447,0.6499999761581421,0.6377192735671997,1133,1327898368,5,1
292001,1920,4380015,560641920,23520,0.6499999761581421,128,292000,1.3328633308410645,1920,17,1,500000,1000,,292001.0,0.6354166865348816,0.6467358469963074,0.6458333134651184,0.6380397081375122,1139,1327898368,5,1
293001,1920,4395015,562561920,23520,0.6458333134651184,128,293000,1.336484432220459,1920,17,1,500000,1000,,293001.0,0.6317708492279053,0.6467443108558655,0.6479166746139526,0.6383580565452576,1145,1327898368,5,1
294001,1920,4410015,564481920,23520,0.6479166746139526,128,294000,1.3580362796783447,1920,17,1,500000,1000,,294001.0,0.6348958611488342,0.6467344760894775,0.6499999761581421,0.6378120183944702,1152,1327898368,5,1
295001,1920,4425015,566401920,23520,0.6499999761581421,128,295000,1.362436294555664,1920,17,1,500000,1000,,295001.0,0.6354166865348816,0.6467375159263611,0.6479166746139526,0.6378727555274963,1156,1327898368,5,1
296001,1920,4440015,568321920,23520,0.6479166746139526,128,296000,1.3675603866577148,1920,17,1,500000,1000,,296001.0,0.6343749761581421,0.6467449069023132,0.643750011920929,0.6377578377723694,1162,1327898368,5,1
297001,1920,4455015,570241920,23520,0.643750011920929,128,297000,1.374002456665039,1920,17,1,500000,1000,,297001.0,0.6328125,0.6467311382293701,0.6458333134651184,0.6377891302108765,1166,1327898368,5,1
298001,1920,4470015,572161920,23520,0.6458333134651184,128,298000,1.3778753280639648,1920,17,1,500000,1000,,298001.0,0.6317708492279053,0.6467356085777283,0.6479166746139526,0.6377858519554138,1173,1327898368,5,1
299001,1920,4485015,574081920,23520,0.6479166746139526,128,299000,1.3861773014068604,1920,17,1,500000,1000,,299001.0,0.6322916746139526,0.6467325687408447,0.6458333134651184,0.6379244923591614,1189,1327898368,5,1
300001,1920,4500015,576001920,23520,0.6458333134651184,128,300000,1.3900022506713867,1920,17,1,500000,1000,,300001.0,0.6348958611488342,0.6467390060424805,0.6499999761581421,0.6376482844352722,1199,1327898368,5,1
301001,1920,4515015,577921920,23520,0.6499999761581421,128,301000,1.393815040588379,1920,17,1,500000,1000,,301001.0,0.6333333253860474,0.6467434167861938,0.6499999761581421,0.6380788087844849,1205,1327898368,5,1
302001,1920,4530015,579841920,23520,0.6499999761581421,128,302000,1.3976693153381348,1920,17,1,500000,1000,,302001.0,0.6354166865348816,0.6467400789260864,0.6479166746139526,0.637877345085144,1212,1327898368,5,1
303001,1920,4545015,581761920,23520,0.6479166746139526,128,303000,1.4026451110839844,1920,17,1,500000,1000,,303001.0,0.6348958611488342,0.6467398405075073,0.6458333134651184,0.6379460096359253,1216,1327898368,5,1
304001,1920,4560015,583681920,23520,0.6458333134651184,128,304000,1.4062423706054688,1920,17,1,500000,1000,,304001.0,0.6322916746139526,0.6467369794845581,0.6520833373069763,0.6380655765533447,1219,1327898368,5,1
305001,1920,4575015,585601920,23520,0.6520833373069763,128,305000,1.4098734855651855,1920,17,1,500000,1000,,305001.0,0.6343749761581421,0.6467412114143372,0.6520833373069763,0.6376866698265076,1224,1327898368,5,1
306001,1920,4590015,587521920,23520,0.6520833373069763,128,306000,1.413480281829834,1920,17,1,500000,1000,,306001.0,0.6343749761581421,0.6467412710189819,0.6499999761581421,0.6377207636833191,1228,1327898368,5,1
307001,1920,4605015,589441920,23520,0.6499999761581421,128,307000,1.4172322750091553,1920,17,1,500000,1000,,307001.0,0.6354166865348816,0.6467381715774536,0.6458333134651184,0.6380263566970825,1232,1327898368,5,1
308001,1920,4620015,591361920,23520,0.6458333134651184,128,308000,1.422255277633667,1920,17,1,500000,1000,,308001.0,0.6354166865348816,0.6467365622520447,0.6458333134651184,0.637854278087616,1236,1327898368,5,1
309001,1920,4635015,593281920,23520,0.6458333134651184,128,309000,1.4258582592010498,1920,17,1,500000,1000,,309001.0,0.6343749761581421,0.6467431783676147,0.6479166746139526,0.637846827507019,1240,1327898368,5,1
310001,1920,4650015,595201920,23520,0.6479166746139526,128,310000,1.4297800064086914,1920,17,1,500000,1000,,310001.0,0.6317708492279053,0.6467365026473999,0.6458333134651184,0.6379662156105042,1244,1327898368,5,1
311001,1920,4665015,597121920,23520,0.6458333134651184,128,311000,1.4333879947662354,1920,17,1,500000,1000,,311001.0,0.6354166865348816,0.6467472314834595,0.6541666388511658,0.6378529667854309,1248,1327898368,5,1
312001,1920,4680015,599041920,23520,0.6541666388511658,128,312000,1.4369840621948242,1920,17,1,500000,1000,,312001.0,0.6354166865348816,0.6467381715774536,0.6479166746139526,0.6378529667854309,1252,1327898368,5,1
313001,1920,4695015,600961920,23520,0.6479166746139526,128,313000,1.44126296043396,1920,17,1,500000,1000,,313001.0,0.6354166865348816,0.6467344760894775,0.6458333134651184,0.6378144025802612,1256,1327898368,5,1
314001,1920,4710015,602881920,23520,0.6458333134651184,128,314000,1.4450619220733643,1920,17,1,500000,1000,,314001.0,0.6317708492279053,0.6467320919036865,0.6458333134651184,0.6379113793373108,1260,1327898368,5,1
315001,1920,4725015,604801920,23520,0.6458333134651184,128,315000,1.4486651420593262,1920,17,1,500000,1000,,315001.0,0.6354166865348816,0.6467336416244507,0.6458333134651184,0.6377362608909607,1264,1327898368,5,1
316001,1920,4740015,606721920,23520,0.6458333134651184,128,316000,1.4522743225097656,1920,17,1,500000,1000,,316001.0,0.6354166865348816,0.6467341184616089,0.6499999761581421,0.6380323171615601,1268,1327898368,5,1
317001,1920,4755015,608641920,23520,0.6499999761581421,128,317000,1.4558892250061035,1920,17,1,500000,1000,,317001.0,0.6317708492279053,0.6467365622520447,0.6458333134651184,0.637719452381134,1272,1327898368,5,1
318001,1920,4770015,610561920,23520,0.6458333134651184,128,318000,1.4594721794128418,1920,17,1,500000,1000,,318001.0,0.6354166865348816,0.6467356085777283,0.6458333134651184,0.637740969657898,1276,1327898368,5,1
319001,1920,4785015,612481920,23520,0.6458333134651184,128,319000,1.4630568027496338,1920,17,1,500000,1000,,319001.0,0.6317708492279053,0.6467359662055969,0.6458333134651184,0.6378889083862305,1280,1327898368,5,1
320001,1920,4800015,614401920,23520,0.6458333134651184,128,320000,1.4667761325836182,1920,17,1,500000,1000,,320001.0,0.6322916746139526,0.6467329859733582,0.6458333134651184,0.6379324197769165,1285,1327898368,5,1
321001,1920,4815015,616321920,23520,0.6458333134651184,128,321000,1.4704070091247559,1920,17,1,500000,1000,,321001.0,0.6322916746139526,0.646737813949585,0.6458333134651184,0.6380198001861572,1290,1327898368,5,1
322001,1920,4830015,618241920,23520,0.6458333134651184,128,322000,1.4859201908111572,1920,17,1,500000,1000,,322001.0,0.6348958611488342,0.6467354893684387,0.6458333134651184,0.6376392841339111,1296,1327898368,5,1
323001,1920,4845015,620161920,23520,0.6458333134651184,128,323000,1.489530324935913,1920,17,1,500000,1000,,323001.0,0.6317708492279053,0.6467347741127014,0.6479166746139526,0.6381025910377502,1303,1327898368,5,1
324001,1920,4860015,622081920,23520,0.6479166746139526,128,324000,1.4933912754058838,1920,17,1,500000,1000,,324001.0,0.6348958611488342,0.646744966506958,0.6499999761581421,0.6380900144577026,1309,1327898368,5,1
325001,1920,4875015,624001920,23520,0.6499999761581421,128,325000,1.4971601963043213,1920,17,1,500000,1000,,325001.0,0.6317708492279053,0.6467409729957581,0.6479166746139526,0.637527585029602,1316,1327898368,5,1
326001,1920,4890015,625921920,23520,0.6479166746139526,128,326000,1.5093863010406494,1920,17,1,500000,1000,,326001.0,0.6322916746139526,0.646734356880188,0.6458333134651184,0.6376439929008484,1324,1327898368,5,1
327001,1920,4905015,627841920,23520,0.6458333134651184,128,327000,1.5142502784729004,1920,17,1,500000,1000,,327001.0,0.6317708492279053,0.6467418670654297,0.6541666388511658,0.6380539536476135,1343,1327898368,5,1
328001,1920,4920015,629761920,23520,0.6541666388511658,128,328000,1.5180294513702393,1920,17,1,500000,1000,,328001.0,0.6348958611488342,0.6467347741127014,0.643750011920929,0.6378546357154846,1351,1327898368,5,1
329001,1920,4935015,631681920,23520,0.643750011920929,128,329000,1.5219414234161377,1920,17,1,500000,1000,,329001.0,0.6348958611488342,0.6467329859733582,0.6458333134651184,0.6379053592681885,1356,1327898368,5,1
330001,1920,4950015,633601920,23520,0.6458333134651184,128,330000,1.525529146194458,1920,17,1,500000,1000,,330001.0,0.635937511920929,0.6467325091362,0.6458333134651184,0.6376739144325256,1360,1327898368,5,1
331001,1920,4965015,635521920,23520,0.6458333134651184,128,331000,1.529142141342163,1920,17,1,500000,1000,,331001.0,0.635937511920929,0.6467360258102417,0.6479166746139526,0.637482762336731,1364,1327898368,5,1
332001,1920,4980015,637441920,23520,0.6479166746139526,128,332000,1.5327532291412354,1920,17,1,500000,1000,,332001.0,0.6322916746139526,0.6467379331588745,0.6458333134651184,0.6376768946647644,1368,1327898368,5,1
333001,1920,4995015,639361920,23520,0.6458333134651184,128,333000,1.536344051361084,1920,17,1,500000,1000,,333001.0,0.635937511920929,0.6467361450195312,0.6458333134651184,0.6375808715820312,1372,1327898368,5,1
334001,1920,5010015,641281920,23520,0.6458333134651184,128,334000,1.5399351119995117,1920,17,1,500000,1000,,334001.0,0.6354166865348816,0.6467334628105164,0.643750011920929,0.6377841830253601,1376,1327898368,5,1
335001,1920,5025015,643201920,23520,0.643750011920929,128,335000,1.5435574054718018,1920,17,1,500000,1000,,335001.0,0.6354166865348816,0.6467372179031372,0.6479166746139526,0.6380138993263245,1380,1327898368,5,1
336001,1920,5040015,645121920,23520,0.6479166746139526,128,336000,1.5471603870391846,1920,17,1,500000,1000,,336001.0,0.6354166865348816,0.6467386484146118,0.6479166746139526,0.6380664706230164,1384,1327898368,5,1
337001,1920,5055015,647041920,23520,0.6479166746139526,128,337000,1.5508694648742676,1920,17,1,500000,1000,,337001.0,0.6328125,0.6467362642288208,0.6458333134651184,0.6379761099815369,1389,1327898368,5,1
338001,1920,5070015,648961920,23520,0.6458333134651184,128,338000,1.554884672164917,1920,17,1,500000,1000,,338001.0,0.6348958611488342,0.6467389464378357,0.6479166746139526,0.6376743912696838,1393,1327898368,5,1
339001,1920,5085015,650881920,23520,0.6479166746139526,128,339000,1.5584986209869385,1920,17,1,500000,1000,,339001.0,0.6354166865348816,0.6467334032058716,0.6458333134651184,0.6378015875816345,1397,1327898368,5,1
340001,1920,5100015,652801920,23520,0.6458333134651184,128,340000,1.5621147155761719,1920,17,1,500000,1000,,340001.0,0.6322916746139526,0.6467344760894775,0.6458333134651184,0.6380531787872314,1401,1327898368,5,1
341001,1920,5115015,654721920,23520,0.6458333134651184,128,341000,1.565746545791626,1920,17,1,500000,1000,,341001.0,0.6348958611488342,0.646736741065979,0.643750011920929,0.6380186080932617,1406,1327898368,5,1
342001,1920,5130015,656641920,23520,0.643750011920929,128,342000,1.5693604946136475,1920,17,1,500000,1000,,342001.0,0.6354166865348816,0.646736204624176,0.6499999761581421,0.6377648115158081,1410,1327898368,5,1
343001,1920,5145015,658561920,23520,0.6499999761581421,128,343000,1.5729687213897705,1920,17,1,500000,1000,,343001.0,0.6348958611488342,0.6467395424842834,0.6458333134651184,0.6377747654914856,1414,1327898368,5,1
344001,1920,5160015,660481920,23520,0.6458333134651184,128,344000,1.5765626430511475,1920,17,1,500000,1000,,344001.0,0.6354166865348816,0.6467368006706238,0.6458333134651184,0.6378482580184937,1418,1327898368,5,1
345001,1920,5175015,662401920,23520,0.6458333134651184,128,345000,1.5801515579223633,1920,17,1,500000,1000,,345001.0,0.6348958611488342,0.6467389464378357,0.6458333134651184,0.6378136277198792,1422,1327898368,5,1
346001,1920,5190015,664321920,23520,0.6458333134651184,128,346000,1.5837934017181396,1920,17,1,500000,1000,,346001.0,0.6348958611488342,0.646734356880188,0.6458333134651184,0.6378666162490845,1427,1327898368,5,1
347001,1920,5205015,666241920,23520,0.6458333134651184,128,347000,1.5887744426727295,1920,17,1,500000,1000,,347001.0,0.6343749761581421,0.6467361450195312,0.6458333134651184,0.6379842758178711,1431,1327898368,5,1
348001,1920,5220015,668161920,23520,0.6458333134651184,128,348000,1.593320608139038,1920,17,1,500000,1000,,348001.0,0.6338541507720947,0.6467330455780029,0.6458333134651184,0.6377858519554138,1435,1327898368,5,1
349001,1920,5235015,670081920,23520,0.6458333134651184,128,349000,1.5969674587249756,1920,17,1,500000,1000,,349001.0,0.6348958611488342,0.6467350125312805,0.6479166746139526,0.6378256678581238,1439,1327898368,5,1
350001,1920,5250015,672001920,23520,0.6479166746139526,128,350000,1.600590705871582,1920,17,1,500000,1000,,350001.0,0.6328125,0.6467319130897522,0.6479166746139526,0.6378559470176697,1443,1327898368,5,1
351001,1920,5265015,673921920,23520,0.6479166746139526,128,351000,1.6042225360870361,1920,17,1,500000,1000,,351001.0,0.6354166865348816,0.6467369198799133,0.6499999761581421,0.6380148530006409,1447,1327898368,5,1
352001,1920,5280015,675841920,23520,0.6499999761581421,128,352000,1.6078503131866455,1920,17,1,500000,1000,,352001.0,0.6343749761581421,0.6467399001121521,0.643750011920929,0.6378234624862671,1451,1327898368,5,1
353001,1920,5295015,677761920,23520,0.643750011920929,128,353000,1.6114652156829834,1920,17,1,500000,1000,,353001.0,0.6348958611488342,0.6467393040657043,0.6458333134651184,0.637847363948822,1454,1327898368,5,1
354001,1920,5310015,679681920,23520,0.6458333134651184,128,354000,1.6150848865509033,1920,17,1,500000,1000,,354001.0,0.6317708492279053,0.6467363238334656,0.6458333134651184,0.6379874348640442,1459,1327898368,5,1
355001,1920,5325015,681601920,23520,0.6458333134651184,128,355000,1.6212451457977295,1920,17,1,500000,1000,,355001.0,0.6312500238418579,0.6467428803443909,0.6458333134651184,0.63772052526474,1466,1327898368,5,1
356001,1920,5340015,683521920,23520,0.6458333134651184,128,356000,1.6250698566436768,1920,17,1,500000,1000,,356001.0,0.6343749761581421,0.6467353105545044,0.6458333134651184,0.6374940276145935,1472,1327898368,5,1
357001,1920,5355015,685441920,23520,0.6458333134651184,128,357000,1.6304688453674316,1920,17,1,500000,1000,,357001.0,0.6354166865348816,0.6467354893684387,0.6458333134651184,0.6375277638435364,1479,1327898368,5,1
358001,1920,5370015,687361920,23520,0.6458333134651184,128,358000,1.634509801864624,1920,17,1,500000,1000,,358001.0,0.6348958611488342,0.6467316746711731,0.6458333134651184,0.637910783290863,1485,1327898368,5,1
359001,1920,5385015,689281920,23520,0.6458333134651184,128,359000,1.6382007598876953,1920,17,1,500000,1000,,359001.0,0.6348958611488342,0.646731972694397,0.6458333134651184,0.6381028294563293,1492,1327898368,5,1
360001,1920,5400015,691201920,23520,0.6458333134651184,128,360000,1.641786813735962,1920,17,1,500000,1000,,360001.0,0.6354166865348816,0.6467370390892029,0.6479166746139526,0.6380032896995544,1498,1327898368,5,1
361001,1920,5415015,693121920,23520,0.6479166746139526,128,361000,1.6454908847808838,1920,17,1,500000,1000,,361001.0,0.635937511920929,0.646731972694397,0.6458333134651184,0.637797474861145,1505,1327898368,5,1
362001,1920,5430015,695041920,23520,0.6458333134651184,128,362000,1.6499061584472656,1920,17,1,500000,1000,,362001.0,0.6348958611488342,0.6467355489730835,0.6458333134651184,0.6380537748336792,1511,1327898368,5,1
363001,1920,5445015,696961920,23520,0.6458333134651184,128,363000,1.65474534034729,1920,17,1,500000,1000,,363001.0,0.6343749761581421,0.646740198135376,0.6458333134651184,0.6380625367164612,1518,1327898368,5,1
364001,1920,5460015,698881920,23520,0.6458333134651184,128,364000,1.6595685482025146,1920,17,1,500000,1000,,364001.0,0.6354166865348816,0.6467471718788147,0.6416666507720947,0.6380515694618225,1524,1327898368,5,1
365001,1920,5475015,700801920,23520,0.6416666507720947,128,365000,1.6632153987884521,1920,17,1,500000,1000,,365001.0,0.6354166865348816,0.6467336416244507,0.6458333134651184,0.6379156708717346,1529,1327898368,5,1
366001,1920,5490015,702721920,23520,0.6458333134651184,128,366000,1.6668462753295898,1920,17,1,500000,1000,,366001.0,0.6348958611488342,0.646736204624176,0.6458333134651184,0.6378145813941956,1533,1327898368,5,1
367001,1920,5505015,704641920,23520,0.6458333134651184,128,367000,1.6704912185668945,1920,17,1,500000,1000,,367001.0,0.6348958611488342,0.6467379331588745,0.6479166746139526,0.6376717686653137,1537,1327898368,5,1
368001,1920,5520015,706561920,23520,0.6479166746139526,128,368000,1.674536943435669,1920,17,1,500000,1000,,368001.0,0.635937511920929,0.6467403769493103,0.6479166746139526,0.6375300288200378,1541,1327898368,5,1
369001,1920,5535015,708481920,23520,0.6479166746139526,128,369000,1.678184986114502,1920,17,1,500000,1000,,369001.0,0.6343749761581421,0.6467401385307312,0.643750011920929,0.6380117535591125,1546,1327898368,5,1
370001,1920,5550015,710401920,23520,0.643750011920929,128,370000,1.68182373046875,1920,17,1,500000,1000,,370001.0,0.6354166865348816,0.6467387676239014,0.6499999761581421,0.637459397315979,1550,1327898368,5,1
371001,1920,5565015,712321920,23520,0.6499999761581421,128,371000,1.6854546070098877,1920,17,1,500000,1000,,371001.0,0.6348958611488342,0.6467392444610596,0.6458333134651184,0.6375335454940796,1554,1327898368,5,1
372001,1920,5580015,714241920,23520,0.6458333134651184,128,372000,1.6912684440612793,1920,17,1,500000,1000,,372001.0,0.6354166865348816,0.6467388868331909,0.6458333134651184,0.637804388999939,1558,1327898368,5,1
373001,1920,5595015,716161920,23520,0.6458333134651184,128,373000,1.6968233585357666,1920,17,1,500000,1000,,373001.0,0.6348958611488342,0.6467384099960327,0.6458333134651184,0.6376898288726807,1562,1327898368,5,1
374001,1920,5610015,718081920,23520,0.6458333134651184,128,374000,1.700458288192749,1920,17,1,500000,1000,,374001.0,0.6317708492279053,0.6467419862747192,0.6458333134651184,0.6377184987068176,1566,1327898368,5,1
375001,1920,5625015,720001920,23520,0.6458333134651184,128,375000,1.7040643692016602,1920,17,1,500000,1000,,375001.0,0.6322916746139526,0.6467483043670654,0.6479166746139526,0.6378185749053955,1570,1327898368,5,1
376001,1920,5640015,721921920,23520,0.6479166746139526,128,376000,1.707686424255371,1920,17,1,500000,1000,,376001.0,0.6354166865348816,0.6467357873916626,0.643750011920929,0.6379523873329163,1574,1327898368,5,1
377001,1920,5655015,723841920,23520,0.643750011920929,128,377000,1.7121496200561523,1920,17,1,500000,1000,,377001.0,0.6322916746139526,0.6467353701591492,0.6479166746139526,0.6379811763763428,1579,1327898368,5,1
378001,1920,5670015,725761920,23520,0.6479166746139526,128,378000,1.7157557010650635,1920,17,1,500000,1000,,378001.0,0.6348958611488342,0.6467363834381104,0.6479166746139526,0.6375331282615662,1583,1327898368,5,1
379001,1920,5685015,727681920,23520,0.6479166746139526,128,379000,1.7193727493286133,1920,17,1,500000,1000,,379001.0,0.6317708492279053,0.6467439532279968,0.643750011920929,0.6376620531082153,1587,1327898368,5,1
380001,1920,5700015,729601920,23520,0.643750011920929,128,380000,1.7230067253112793,1920,17,1,500000,1000,,380001.0,0.6354166865348816,0.6467417478561401,0.6479166746139526,0.637843906879425,1591,1327898368,5,1
381001,1920,5715015,731521920,23520,0.6479166746139526,128,381000,1.7266685962677002,1920,17,1,500000,1000,,381001.0,0.6348958611488342,0.6467348337173462,0.6479166746139526,0.6378551721572876,1595,1327898368,5,1
382001,1920,5730015,733441920,23520,0.6479166746139526,128,382000,1.7306456565856934,1920,17,1,500000,1000,,382001.0,0.6348958611488342,0.6467365622520447,0.6458333134651184,0.6380909085273743,1599,1327898368,5,1
383001,1920,5745015,735361920,23520,0.6458333134651184,128,383000,1.7342617511749268,1920,17,1,500000,1000,,383001.0,0.6354166865348816,0.6467351317405701,0.6458333134651184,0.6377409100532532,1603,1327898368,5,1
384001,1920,5760015,737281920,23520,0.6458333134651184,128,384000,1.7612156867980957,1920,17,1,500000,1000,,384001.0,0.6317708492279053,0.6467347741127014,0.6458333134651184,0.638019323348999,1607,1327898368,5,1
385001,1920,5775015,739201920,23520,0.6458333134651184,128,385000,1.7648537158966064,1920,17,1,500000,1000,,385001.0,0.6317708492279053,0.6467368602752686,0.6458333134651184,0.6378096342086792,1611,1327898368,5,1
386001,1920,5790015,741121920,23520,0.6458333134651184,128,386000,1.7684979438781738,1920,17,1,500000,1000,,386001.0,0.6317708492279053,0.6467349529266357,0.6479166746139526,0.6379699110984802,1615,1327898368,5,1
387001,1920,5805015,743041920,23520,0.6479166746139526,128,387000,1.7721569538116455,1920,17,1,500000,1000,,387001.0,0.635937511920929,0.6467382311820984,0.6479166746139526,0.6377815008163452,1619,1327898368,5,1
388001,1920,5820015,744961920,23520,0.6479166746139526,128,388000,1.7757840156555176,1920,17,1,500000,1000,,388001.0,0.6333333253860474,0.6467384099960327,0.643750011920929,0.6381524205207825,1623,1327898368,5,1
389001,1920,5835015,746881920,23520,0.643750011920929,128,389000,1.7800610065460205,1920,17,1,500000,1000,,389001.0,0.6348958611488342,0.6467341184616089,0.643750011920929,0.6379950046539307,1627,1327898368,5,1
390001,1920,5850015,748801920,23520,0.643750011920929,128,390000,1.785550832748413,1920,17,1,500000,1000,,390001.0,0.635937511920929,0.6467371582984924,0.6458333134651184,0.6378498077392578,1631,1327898368,5,1
391001,1920,5865015,750721920,23520,0.6458333134651184,128,391000,1.7896556854248047,1920,17,1,500000,1000,,391001.0,0.6348958611488342,0.6467364430427551,0.643750011920929,0.6379674077033997,1636,1327898368,5,1
392001,1920,5880015,752641920,23520,0.643750011920929,128,392000,1.7934544086456299,1920,17,1,500000,1000,,392001.0,0.6348958611488342,0.6467379331588745,0.643750011920929,0.6381293535232544,1639,1327898368,5,1
393001,1920,5895015,754561920,23520,0.643750011920929,128,393000,1.7972865104675293,1920,17,1,500000,1000,,393001.0,0.6348958611488342,0.6467366814613342,0.6458333134651184,0.6380607485771179,1643,1327898368,5,1
394001,1920,5910015,756481920,23520,0.6458333134651184,128,394000,1.8010165691375732,1920,17,1,500000,1000,,394001.0,0.6343749761581421,0.6467366814613342,0.6458333134651184,0.6378703713417053,1648,1327898368,5,1
395001,1920,5925015,758401920,23520,0.6458333134651184,128,395000,1.8046457767486572,1920,17,1,500000,1000,,395001.0,0.635937511920929,0.6467402577400208,0.6458333134651184,0.6377646327018738,1652,1327898368,5,1
396001,1920,5940015,760321920,23520,0.6458333134651184,128,396000,1.8082687854766846,1920,17,1,500000,1000,,396001.0,0.6348958611488342,0.6467368006706238,0.6479166746139526,0.6376953125,1656,1327898368,5,1
397001,1920,5955015,762241920,23520,0.6479166746139526,128,397000,1.815194845199585,1920,17,1,500000,1000,,397001.0,0.6317708492279053,0.6467359066009521,0.6458333134651184,0.6381728649139404,1660,1327898368,5,1
398001,1920,5970015,764161920,23520,0.6458333134651184,128,398000,1.818830966949463,1920,17,1,500000,1000,,398001.0,0.6354166865348816,0.6467313766479492,0.6458333134651184,0.6376630663871765,1664,1327898368,5,1
399001,1920,5985015,766081920,23520,0.6458333134651184,128,399000,1.8224663734436035,1920,17,1,500000,1000,,399001.0,0.635937511920929,0.6467365622520447,0.6458333134651184,0.637714147567749,1668,1327898368,5,1
400001,1920,6000015,768001920,23520,0.6458333134651184,128,400000,1.8262474536895752,1920,17,1,500000,1000,,400001.0,0.6348958611488342,0.6467359066009521,0.6458333134651184,0.638024628162384,1672,1327898368,5,1
401001,1920,6015015,769921920,23520,0.6458333134651184,128,401000,1.8299016952514648,1920,17,1,500000,1000,,401001.0,0.6354166865348816,0.6467350125312805,0.6458333134651184,0.6377730965614319,1676,1327898368,5,1
402001,1920,6030015,771841920,23520,0.6458333134651184,128,402000,1.8335387706756592,1920,17,1,500000,1000,,402001.0,0.6348958611488342,0.6467391848564148,0.6458333134651184,0.6376510262489319,1680,1327898368,5,1
403001,1920,6045015,773761920,23520,0.6458333134651184,128,403000,1.8375036716461182,1920,17,1,500000,1000,,403001.0,0.6312500238418579,0.646739661693573,0.6458333134651184,0.6378673911094666,1684,1327898368,5,1
404001,1920,6060015,775681920,23520,0.6458333134651184,128,404000,1.8411219120025635,1920,17,1,500000,1000,,404001.0,0.6343749761581421,0.6467326283454895,0.643750011920929,0.6377880573272705,1688,1327898368,5,1
405001,1920,6075015,777601920,23520,0.643750011920929,128,405000,1.8447558879852295,1920,17,1,500000,1000,,405001.0,0.6348958611488342,0.6467358469963074,0.6458333134651184,0.6378306746482849,1693,1327898368,5,1
406001,1920,6090015,779521920,23520,0.6458333134651184,128,406000,1.848369836807251,1920,17,1,500000,1000,,406001.0,0.6322916746139526,0.6467351913452148,0.6458333134651184,0.637977659702301,1697,1327898368,5,1
407001,1920,6105015,781441920,23520,0.6458333134651184,128,407000,1.8520257472991943,1920,17,1,500000,1000,,407001.0,0.6317708492279053,0.6467412114143372,0.6458333134651184,0.637592077255249,1701,1327898368,5,1
408001,1920,6120015,783361920,23520,0.6458333134651184,128,408000,1.8556416034698486,1920,17,1,500000,1000,,408001.0,0.6322916746139526,0.6467365026473999,0.6479166746139526,0.6378176808357239,1705,1327898368,5,1
409001,1920,6135015,785281920,23520,0.6479166746139526,128,409000,1.8592846393585205,1920,17,1,500000,1000,,409001.0,0.6322916746139526,0.6467334032058716,0.6458333134651184,0.6379492282867432,1710,1327898368,5,1
410001,1920,6150015,787201920,23520,0.6458333134651184,128,410000,1.8632917404174805,1920,17,1,500000,1000,,410001.0,0.6307291388511658,0.6467370986938477,0.643750011920929,0.637967050075531,1714,1327898368,5,1
411001,1920,6165015,789121920,23520,0.643750011920929,128,411000,1.8668968677520752,1920,17,1,500000,1000,,411001.0,0.6328125,0.6467376351356506,0.6458333134651184,0.6378078460693359,1718,1327898368,5,1
412001,1920,6180015,791041920,23520,0.6458333134651184,128,412000,1.8705358505249023,1920,17,1,500000,1000,,412001.0,0.6348958611488342,0.6467313766479492,0.6458333134651184,0.6377953886985779,1722,1327898368,5,1
413001,1920,6195015,792961920,23520,0.6458333134651184,128,413000,1.8741717338562012,1920,17,1,500000,1000,,413001.0,0.6343749761581421,0.6467366814613342,0.643750011920929,0.6375195980072021,1726,1327898368,5,1
414001,1920,6210015,794881920,23520,0.643750011920929,128,414000,1.8780546188354492,1920,17,1,500000,1000,,414001.0,0.6322916746139526,0.6467393040657043,0.643750011920929,0.6380320191383362,1730,1327898368,5,1
415001,1920,6225015,796801920,23520,0.643750011920929,128,415000,1.8817036151885986,1920,17,1,500000,1000,,415001.0,0.6322916746139526,0.6467332243919373,0.6458333134651184,0.6381409764289856,1734,1327898368,5,1
416001,1920,6240015,798721920,23520,0.6458333134651184,128,416000,1.8853387832641602,1920,17,1,500000,1000,,416001.0,0.635937511920929,0.6467341184616089,0.6458333134651184,0.6378514766693115,1738,1327898368,5,1
417001,1920,6255015,800641920,23520,0.6458333134651184,128,417000,1.8889687061309814,1920,17,1,500000,1000,,417001.0,0.6354166865348816,0.6467381119728088,0.6479166746139526,0.6376126408576965,1742,1327898368,5,1
418001,1920,6270015,802561920,23520,0.6479166746139526,128,418000,1.892603874206543,1920,17,1,500000,1000,,418001.0,0.6343749761581421,0.6467424035072327,0.6458333134651184,0.6376174688339233,1746,1327898368,5,1
419001,1920,6285015,804481920,23520,0.6458333134651184,128,419000,1.8963000774383545,1920,17,1,500000,1000,,419001.0,0.635937511920929,0.6467339396476746,0.6458333134651184,0.6377208828926086,1751,1327898368,5,1
420001,1920,6300015,806401920,23520,0.6458333134651184,128,420000,1.8999290466308594,1920,17,1,500000,1000,,420001.0,0.6354166865348816,0.6467406153678894,0.6499999761581421,0.6376437544822693,1755,1327898368,5,1
421001,1920,6315015,808321920,23520,0.6499999761581421,128,421000,1.903540849685669,1920,17,1,500000,1000,,421001.0,0.6322916746139526,0.6467397809028625,0.6479166746139526,0.6376808881759644,1759,1327898368,5,1
422001,1920,6330015,810241920,23520,0.6479166746139526,128,422000,1.9071719646453857,1920,17,1,500000,1000,,422001.0,0.6322916746139526,0.6467345356941223,0.6458333134651184,0.6379600763320923,1763,1327898368,5,1
423001,1920,6345015,812161920,23520,0.6458333134651184,128,423000,1.9108049869537354,1920,17,1,500000,1000,,423001.0,0.6348958611488342,0.6467393040657043,0.6479166746139526,0.6379731297492981,1767,1327898368,5,1
424001,1920,6360015,814081920,23520,0.6479166746139526,128,424000,1.9146037101745605,1920,17,1,500000,1000,,424001.0,0.6348958611488342,0.6467357277870178,0.6458333134651184,0.6378198266029358,1771,1327898368,5,1
425001,1920,6375015,816001920,23520,0.6458333134651184,128,425000,1.9183857440948486,1920,17,1,500000,1000,,425001.0,0.6317708492279053,0.6467342376708984,0.6458333134651184,0.638197124004364,1775,1327898368,5,1
426001,1920,6390015,817921920,23520,0.6458333134651184,128,426000,1.9223873615264893,1920,17,1,500000,1000,,426001.0,0.6343749761581421,0.6467376947402954,0.6458333134651184,0.637932538986206,1780,1327898368,5,1
427001,1920,6405015,819841920,23520,0.6458333134651184,128,427000,1.9260222911834717,1920,17,1,500000,1000,,427001.0,0.6354166865348816,0.6467358469963074,0.6458333134651184,0.6380549073219299,1784,1327898368,5,1
428001,1920,6420015,821761920,23520,0.6458333134651184,128,428000,1.9296610355377197,1920,17,1,500000,1000,,428001.0,0.6322916746139526,0.6467397212982178,0.6479166746139526,0.6382539868354797,1788,1327898368,5,1
429001,1920,6435015,823681920,23520,0.6479166746139526,128,429000,1.9332969188690186,1920,17,1,500000,1000,,429001.0,0.6348958611488342,0.6467378735542297,0.6416666507720947,0.6379387378692627,1792,1327898368,5,1
430001,1920,6450015,825601920,23520,0.6416666507720947,128,430000,1.9369227886199951,1920,17,1,500000,1000,,430001.0,0.6307291388511658,0.6467382907867432,0.6458333134651184,0.6378371715545654,1796,1327898368,5,1
431001,1920,6465015,827521920,23520,0.6458333134651184,128,431000,1.940553903579712,1920,17,1,500000,1000,,431001.0,0.6317708492279053,0.6467352509498596,0.6458333134651184,0.6377609372138977,1800,1327898368,5,1
432001,1920,6480015,829441920,23520,0.6458333134651184,128,432000,1.9441719055175781,1920,17,1,500000,1000,,432001.0,0.6354166865348816,0.6467345952987671,0.6458333134651184,0.6380169987678528,1804,1327898368,5,1
433001,1920,6495015,831361920,23520,0.6458333134651184,128,433000,1.9478068351745605,1920,17,1,500000,1000,,433001.0,0.6354166865348816,0.6467359662055969,0.6458333134651184,0.6377571821212769,1808,1327898368,5,1
434001,1920,6510015,833281920,23520,0.6458333134651184,128,434000,1.9514267444610596,1920,17,1,500000,1000,,434001.0,0.6348958611488342,0.6467323899269104,0.6458333134651184,0.6379586458206177,1812,1327898368,5,1
435001,1920,6525015,835201920,23520,0.6458333134651184,128,435000,1.9550647735595703,1920,17,1,500000,1000,,435001.0,0.6322916746139526,0.6467356085777283,0.643750011920929,0.6377860903739929,1816,1327898368,5,1
436001,1920,6540015,837121920,23520,0.643750011920929,128,436000,1.958662748336792,1920,17,1,500000,1000,,436001.0,0.6317708492279053,0.646733820438385,0.6458333134651184,0.6379919648170471,1821,1327898368,5,1
437001,1920,6555015,839041920,23520,0.6458333134651184,128,437000,1.9622886180877686,1920,17,1,500000,1000,,437001.0,0.6343749761581421,0.6467388868331909,0.643750011920929,0.6381599307060242,1825,1327898368,5,1
438001,1920,6570015,840961920,23520,0.643750011920929,128,438000,1.9659156799316406,1920,17,1,500000,1000,,438001.0,0.6322916746139526,0.6467355489730835,0.6499999761581421,0.6376898288726807,1829,1327898368,5,1
439001,1920,6585015,842881920,23520,0.6499999761581421,128,439000,1.9698455333709717,1920,17,1,500000,1000,,439001.0,0.6312500238418579,0.6467344760894775,0.6458333134651184,0.6379004120826721,1833,1327898368,5,1
440001,1920,6600015,844801920,23520,0.6458333134651184,128,440000,1.9738476276397705,1920,17,1,500000,1000,,440001.0,0.6322916746139526,0.6467332243919373,0.6458333134651184,0.6377694606781006,1841,1327898368,5,1
441001,1920,6615015,846721920,23520,0.6458333134651184,128,441000,1.977585792541504,1920,17,1,500000,1000,,441001.0,0.6348958611488342,0.6467339992523193,0.6458333134651184,0.6379870176315308,1845,1327898368,5,1
442001,1920,6630015,848641920,23520,0.6458333134651184,128,442000,1.9813036918640137,1920,17,1,500000,1000,,442001.0,0.6343749761581421,0.6467412710189819,0.6479166746139526,0.6379879117012024,1849,1327898368,5,1
443001,1920,6645015,850561920,23520,0.6479166746139526,128,443000,1.986175775527954,1920,17,1,500000,1000,,443001.0,0.6354166865348816,0.6467348337173462,0.6458333134651184,0.6379078030586243,1853,1327898368,5,1
444001,1920,6660015,852481920,23520,0.6458333134651184,128,444000,1.9898357391357422,1920,17,1,500000,1000,,444001.0,0.6348958611488342,0.6467355489730835,0.6458333134651184,0.6378307342529297,1857,1327898368,5,1
445001,1920,6675015,854401920,23520,0.6458333134651184,128,445000,1.9935526847839355,1920,17,1,500000,1000,,445001.0,0.6348958611488342,0.6467356085777283,0.6458333134651184,0.6382845640182495,1861,1327898368,5,1
446001,1920,6690015,856321920,23520,0.6458333134651184,128,446000,1.9971764087677002,1920,17,1,500000,1000,,446001.0,0.6354166865348816,0.6467335820198059,0.6479166746139526,0.6378059983253479,1865,1327898368,5,1
447001,1920,6705015,858241920,23520,0.6479166746139526,128,447000,2.0008413791656494,1920,17,1,500000,1000,,447001.0,0.6348958611488342,0.6467358469963074,0.6458333134651184,0.6380127668380737,1869,1327898368,5,1
448001,1920,6720015,860161920,23520,0.6458333134651184,128,448000,2.004530429840088,1920,17,1,500000,1000,,448001.0,0.6348958611488342,0.6467335820198059,0.6458333134651184,0.6379079818725586,1873,1327898368,5,1
449001,1920,6735015,862081920,23520,0.6458333134651184,128,449000,2.0082693099975586,1920,17,1,500000,1000,,449001.0,0.6312500238418579,0.646734893321991,0.643750011920929,0.6378981471061707,1876,1327898368,5,1
450001,1920,6750015,864001920,23520,0.643750011920929,128,450000,2.011951208114624,1920,17,1,500000,1000,,450001.0,0.6354166865348816,0.6467407941818237,0.643750011920929,0.6378880739212036,1880,1327898368,5,1
451001,1920,6765015,865921920,23520,0.643750011920929,128,451000,2.0156590938568115,1920,17,1,500000,1000,,451001.0,0.6348958611488342,0.6467358469963074,0.6479166746139526,0.6378318071365356,1884,1327898368,5,1
452001,1920,6780015,867841920,23520,0.6479166746139526,128,452000,2.019333839416504,1920,17,1,500000,1000,,452001.0,0.6348958611488342,0.6467384099960327,0.6458333134651184,0.6380218863487244,1888,1327898368,5,1
453001,1920,6795015,869761920,23520,0.6458333134651184,128,453000,2.0230257511138916,1920,17,1,500000,1000,,453001.0,0.6343749761581421,0.6467419266700745,0.6479166746139526,0.6384333372116089,1891,1327898368,5,1
454001,1920,6810015,871681920,23520,0.6479166746139526,128,454000,2.0267555713653564,1920,17,1,500000,1000,,454001.0,0.6322916746139526,0.6467365622520447,0.643750011920929,0.6381297707557678,1895,1327898368,5,1
455001,1920,6825015,873601920,23520,0.643750011920929,128,455000,2.030508518218994,1920,17,1,500000,1000,,455001.0,0.6317708492279053,0.6467378735542297,0.6479166746139526,0.6380815505981445,1899,1327898368,5,1
456001,1920,6840015,875521920,23520,0.6479166746139526,128,456000,2.0342607498168945,1920,17,1,500000,1000,,456001.0,0.6322916746139526,0.6467345952987671,0.6458333134651184,0.637963056564331,1903,1327898368,5,1
457001,1920,6855015,877441920,23520,0.6458333134651184,128,457000,2.0380616188049316,1920,17,1,500000,1000,,457001.0,0.6354166865348816,0.646735429763794,0.6479166746139526,0.6376312971115112,1906,1327898368,5,1
458001,1920,6870015,879361920,23520,0.6479166746139526,128,458000,2.0417075157165527,1920,17,1,500000,1000,,458001.0,0.6354166865348816,0.646731972694397,0.6458333134651184,0.6378616690635681,1910,1327898368,5,1
459001,1920,6885015,881281920,23520,0.6458333134651184,128,459000,2.0457637310028076,1920,17,1,500000,1000,,459001.0,0.6354166865348816,0.6467350721359253,0.6458333134651184,0.6378069519996643,1914,1327898368,5,1
460001,1920,6900015,883201920,23520,0.6458333134651184,128,460000,2.049456834793091,1920,17,1,500000,1000,,460001.0,0.6338541507720947,0.6467375159263611,0.643750011920929,0.6376701593399048,1918,1327898368,5,1
461001,1920,6915015,885121920,23520,0.643750011920929,128,461000,2.0531327724456787,1920,17,1,500000,1000,,461001.0,0.6348958611488342,0.6467341184616089,0.6458333134651184,0.6378204226493835,1921,1327898368,5,1
462001,1920,6930015,887041920,23520,0.6458333134651184,128,462000,2.056811809539795,1920,17,1,500000,1000,,462001.0,0.6354166865348816,0.6467325687408447,0.6458333134651184,0.6380754113197327,1925,1327898368,5,1
463001,1920,6945015,888961920,23520,0.6458333134651184,128,463000,2.06046986579895,1920,17,1,500000,1000,,463001.0,0.6328125,0.6467383503913879,0.6458333134651184,0.6378018856048584,1929,1327898368,5,1
464001,1920,6960015,890881920,23520,0.6458333134651184,128,464000,2.0641231536865234,1920,17,1,500000,1000,,464001.0,0.635937511920929,0.6467361450195312,0.6479166746139526,0.6377184391021729,1933,1327898368,5,1
465001,1920,6975015,892801920,23520,0.6479166746139526,128,465000,2.0677623748779297,1920,17,1,500000,1000,,465001.0,0.6317708492279053,0.6467383503913879,0.6458333134651184,0.6381199359893799,1937,1327898368,5,1
466001,1920,6990015,894721920,23520,0.6458333134651184,128,466000,2.0717201232910156,1920,17,1,500000,1000,,466001.0,0.6317708492279053,0.6467389464378357,0.6458333134651184,0.6376982927322388,1940,1327898368,5,1
467001,1920,7005015,896641920,23520,0.6458333134651184,128,467000,2.075465202331543,1920,17,1,500000,1000,,467001.0,0.6354166865348816,0.6467333436012268,0.6458333134651184,0.637776792049408,1944,1327898368,5,1
468001,1920,7020015,898561920,23520,0.6458333134651184,128,468000,2.079172134399414,1920,17,1,500000,1000,,468001.0,0.6317708492279053,0.6467329859733582,0.6458333134651184,0.6382041573524475,1948,1327898368,5,1
469001,1920,7035015,900481920,23520,0.6458333134651184,128,469000,2.082859992980957,1920,17,1,500000,1000,,469001.0,0.6338541507720947,0.646737813949585,0.6458333134651184,0.6379501223564148,1952,1327898368,5,1
470001,1920,7050015,902401920,23520,0.6458333134651184,128,470000,2.086548089981079,1920,17,1,500000,1000,,470001.0,0.6322916746139526,0.6467320322990417,0.6458333134651184,0.6381328105926514,1955,1327898368,5,1
471001,1920,7065015,904321920,23520,0.6458333134651184,128,471000,2.0912420749664307,1920,17,1,500000,1000,,471001.0,0.6317708492279053,0.6467340588569641,0.6479166746139526,0.637956976890564,1959,1327898368,5,1
472001,1920,7080015,906241920,23520,0.6479166746139526,128,472000,2.095299005508423,1920,17,1,500000,1000,,472001.0,0.6354166865348816,0.6467373371124268,0.6499999761581421,0.6377958059310913,1963,1327898368,5,1
473001,1920,7095015,908161920,23520,0.6499999761581421,128,473000,2.100085973739624,1920,17,1,500000,1000,,473001.0,0.6354166865348816,0.646736741065979,0.6458333134651184,0.637618362903595,1967,1327898368,5,1
474001,1920,7110015,910081920,23520,0.6458333134651184,128,474000,2.1037611961364746,1920,17,1,500000,1000,,474001.0,0.635937511920929,0.6467443108558655,0.6499999761581421,0.6378336548805237,1971,1327898368,5,1
475001,1920,7125015,912001920,23520,0.6499999761581421,128,475000,2.107431173324585,1920,17,1,500000,1000,,475001.0,0.6348958611488342,0.6467399597167969,0.6458333134651184,0.6380912065505981,1975,1327898368,5,1
476001,1920,7140015,913921920,23520,0.6458333134651184,128,476000,2.111131191253662,1920,17,1,500000,1000,,476001.0,0.6354166865348816,0.6467339992523193,0.6458333134651184,0.6378174424171448,1978,1327898368,5,1
477001,1920,7155015,915841920,23520,0.6458333134651184,128,477000,2.114842176437378,1920,17,1,500000,1000,,477001.0,0.6348958611488342,0.6467347741127014,0.6458333134651184,0.6377496123313904,1982,1327898368,5,1
478001,1920,7170015,917761920,23520,0.6458333134651184,128,478000,2.1185462474823,1920,17,1,500000,1000,,478001.0,0.6348958611488342,0.6467419266700745,0.6458333134651184,0.6380159258842468,1986,1327898368,5,1
479001,1920,7185015,919681920,23520,0.6458333134651184,128,479000,2.1222751140594482,1920,17,1,500000,1000,,479001.0,0.6354166865348816,0.6467345952987671,0.6458333134651184,0.6376504898071289,1990,1327898368,5,1
480001,1920,7200015,921601920,23520,0.6458333134651184,128,480000,2.1262412071228027,1920,17,1,500000,1000,,480001.0,0.6322916746139526,0.6467368602752686,0.6479166746139526,0.6379427313804626,1993,1327898368,5,1
481001,1920,7215015,923521920,23520,0.6479166746139526,128,481000,2.130030393600464,1920,17,1,500000,1000,,481001.0,0.6348958611488342,0.6467381715774536,0.6499999761581421,0.6381202340126038,1997,1327898368,5,1
482001,1920,7230015,925441920,23520,0.6499999761581421,128,482000,2.133700370788574,1920,17,1,500000,1000,,482001.0,0.6354166865348816,0.6467330455780029,0.6458333134651184,0.6378567814826965,2001,1327898368,5,1
483001,1920,7245015,927361920,23520,0.6458333134651184,128,483000,2.1374094486236572,1920,17,1,500000,1000,,483001.0,0.6354166865348816,0.6467359662055969,0.6458333134651184,0.6379255652427673,2005,1327898368,5,1
484001,1920,7260015,929281920,23520,0.6458333134651184,128,484000,2.141071319580078,1920,17,1,500000,1000,,484001.0,0.6354166865348816,0.6467316746711731,0.6458333134651184,0.6378939747810364,2008,1327898368,5,1
485001,1920,7275015,931201920,23520,0.6458333134651184,128,485000,2.1447274684906006,1920,17,1,500000,1000,,485001.0,0.635937511920929,0.6467323899269104,0.6458333134651184,0.6377876996994019,2012,1327898368,5,1
486001,1920,7290015,933121920,23520,0.6458333134651184,128,486000,2.148939371109009,1920,17,1,500000,1000,,486001.0,0.6338541507720947,0.646738588809967,0.643750011920929,0.6380147337913513,2016,1327898368,5,1
487001,1920,7305015,935041920,23520,0.643750011920929,128,487000,2.1525814533233643,1920,17,1,500000,1000,,487001.0,0.6354166865348816,0.6467373967170715,0.643750011920929,0.6377131938934326,2020,1327898368,5,1
488001,1920,7320015,936961920,23520,0.643750011920929,128,488000,2.1564934253692627,1920,17,1,500000,1000,,488001.0,0.6348958611488342,0.6467422246932983,0.6458333134651184,0.637374758720398,2023,1327898368,5,1
489001,1920,7335015,938881920,23520,0.6458333134651184,128,489000,2.160343647003174,1920,17,1,500000,1000,,489001.0,0.6348958611488342,0.6467362642288208,0.6458333134651184,0.6378028392791748,2027,1327898368,5,1
490001,1920,7350015,940801920,23520,0.6458333134651184,128,490000,2.163989782333374,1920,17,1,500000,1000,,490001.0,0.6317708492279053,0.6467359662055969,0.6458333134651184,0.6380130052566528,2031,1327898368,5,1
491001,1920,7365015,942721920,23520,0.6458333134651184,128,491000,2.167714834213257,1920,17,1,500000,1000,,491001.0,0.6348958611488342,0.646740198135376,0.6479166746139526,0.6374178528785706,2035,1327898368,5,1
492001,1920,7380015,944641920,23520,0.6479166746139526,128,492000,2.1713955402374268,1920,17,1,500000,1000,,492001.0,0.6354166865348816,0.6467373371124268,0.6458333134651184,0.6376758217811584,2038,1327898368,5,1
493001,1920,7395015,946561920,23520,0.6458333134651184,128,493000,2.175294876098633,1920,17,1,500000,1000,,493001.0,0.6348958611488342,0.6467359662055969,0.6499999761581421,0.6376265287399292,2042,1327898368,5,1
494001,1920,7410015,948481920,23520,0.6499999761581421,128,494000,2.179032802581787,1920,17,1,500000,1000,,494001.0,0.6354166865348816,0.6467365622520447,0.6458333134651184,0.6379122138023376,2046,1327898368,5,1
495001,1920,7425015,950401920,23520,0.6458333134651184,128,495000,2.1829450130462646,1920,17,1,500000,1000,,495001.0,0.6348958611488342,0.6467354893684387,0.6458333134651184,0.637696385383606,2050,1327898368,5,1
496001,1920,7440015,952321920,23520,0.6458333134651184,128,496000,2.187150001525879,1920,17,1,500000,1000,,496001.0,0.6317708492279053,0.6467377543449402,0.6458333134651184,0.6380825638771057,2054,1327898368,5,1
497001,1920,7455015,954241920,23520,0.6458333134651184,128,497000,2.1913812160491943,1920,17,1,500000,1000,,497001.0,0.6348958611488342,0.6467366814613342,0.6458333134651184,0.637611985206604,2057,1327898368,5,1
498001,1920,7470015,956161920,23520,0.6458333134651184,128,498000,2.1950793266296387,1920,17,1,500000,1000,,498001.0,0.6354166865348816,0.6467379331588745,0.643750011920929,0.6378511786460876,2061,1327898368,5,1
499001,1920,7485015,958081920,23520,0.643750011920929,128,499000,2.19874906539917,1920,17,1,500000,1000,,499001.0,0.6354166865348816,0.6467372179031372,0.6458333134651184,0.6383104920387268,2065,1327898368,5,1
499998,1920,7499970,959996160,23520,0.6458333134651184,128,499997,2.2024569511413574,1920,17,1,500000,1000,,499998.0,0.6343749761581421,0.6467386484146118,0.6458333134651184,0.6380308270454407,2069,1327898368,5,1
499999,1920,7499985,959998080,23520,0.6458333134651184,128,499998,2.2062158584594727,1920,17,1,500000,1000,,499999.0,0.6343749761581421,0.6467393040657043,0.6458333134651184,0.6380220651626587,2069,1327898368,5,1
500000,1920,7500000,960000000,23520,0.6458333134651184,128,499999,2.2099709510803223,1920,17,1,500000,1000,,500000.0,0.6343749761581421,0.6467390656471252,0.6458333134651184,0.6380285620689392,2069,1327898368,5,1
