pf_calls,num_answers,model_updates,num_grad_comps,answers_bytes,last_score,batch_size,k,elapsed_time,train_data,n,d,max_epochs,verbose,ident,_epochs,score_train,loss_train,score_test,loss_test,_elapsed_time,seed,run_id,dim
1,1920,15,1920,23520,0.47708332538604736,128,0,0.029718875885009766,1920,17,1,500000,1000,,1.0,0.5135416388511658,0.6931472420692444,0.47708332538604736,0.6931472420692444,0,1428651869,3,1
1001,1920,15015,1921920,23520,0.47708332538604736,128,1000,0.0332791805267334,1920,17,1,500000,1000,,1001.0,0.6322916746139526,0.6494116187095642,0.6000000238418579,0.6688830256462097,3,1428651869,3,1
2001,1920,30015,3841920,23520,0.6000000238418579,128,2000,0.03686332702636719,1920,17,1,500000,1000,,2001.0,0.6354166865348816,0.6411443948745728,0.6187499761581421,0.6611546874046326,7,1428651869,3,1
3001,1920,45015,5761920,23520,0.6187499761581421,128,3000,0.040424346923828125,1920,17,1,500000,1000,,3001.0,0.637499988079071,0.6402730345726013,0.6187499761581421,0.6620484590530396,11,1428651869,3,1
4001,1920,60015,7681920,23520,0.6187499761581421,128,4000,0.050194501876831055,1920,17,1,500000,1000,,4001.0,0.6390625238418579,0.640108048915863,0.6166666746139526,0.6626796722412109,18,1428651869,3,1
5001,1920,75015,9601920,23520,0.6166666746139526,128,5000,0.05375075340270996,1920,17,1,500000,1000,,5001.0,0.6395833492279053,0.6400759816169739,0.6166666746139526,0.6633366346359253,26,1428651869,3,1
6001,1920,90015,11521920,23520,0.6166666746139526,128,6000,0.05731701850891113,1920,17,1,500000,1000,,6001.0,0.6401041746139526,0.6400690674781799,0.6208333373069763,0.6632766127586365,33,1428651869,3,1
7001,1920,105015,13441920,23520,0.6208333373069763,128,7000,0.060868024826049805,1920,17,1,500000,1000,,7001.0,0.6390625238418579,0.6400635242462158,0.6166666746139526,0.6630833148956299,36,1428651869,3,1
8001,1920,120015,15361920,23520,0.6166666746139526,128,8000,0.06442689895629883,1920,17,1,500000,1000,,8001.0,0.6401041746139526,0.6400737762451172,0.6187499761581421,0.6635456085205078,40,1428651869,3,1
9001,1920,135015,17281920,23520,0.6187499761581421,128,9000,0.06940317153930664,1920,17,1,500000,1000,,9001.0,0.6395833492279053,0.6400764584541321,0.6145833134651184,0.6635344624519348,46,1428651869,3,1
10001,1920,150015,19201920,23520,0.6145833134651184,128,10000,0.07294321060180664,1920,17,1,500000,1000,,10001.0,0.6380208134651184,0.640066921710968,0.6166666746139526,0.6634591221809387,58,1428651869,3,1
11001,1920,165015,21121920,23520,0.6166666746139526,128,11000,0.08282637596130371,1920,17,1,500000,1000,,11001.0,0.6385416388511658,0.640068769454956,0.6166666746139526,0.6633263230323792,73,1428651869,3,1
12001,1920,180015,23041920,23520,0.6166666746139526,128,12000,0.09174442291259766,1920,17,1,500000,1000,,12001.0,0.6385416388511658,0.6400722861289978,0.6187499761581421,0.6634652614593506,91,1428651869,3,1
13001,1920,195015,24961920,23520,0.6187499761581421,128,13000,0.10513830184936523,1920,17,1,500000,1000,,13001.0,0.6390625238418579,0.640070378780365,0.6145833134651184,0.6632841229438782,105,1428651869,3,1
14001,1920,210015,26881920,23520,0.6145833134651184,128,14000,0.13450145721435547,1920,17,1,500000,1000,,14001.0,0.6380208134651184,0.6400717496871948,0.6145833134651184,0.6635152101516724,123,1428651869,3,1
15001,1920,225015,28801920,23520,0.6145833134651184,128,15000,0.14016342163085938,1920,17,1,500000,1000,,15001.0,0.6395833492279053,0.6400715112686157,0.6145833134651184,0.6633077263832092,128,1428651869,3,1
16001,1920,240015,30721920,23520,0.6145833134651184,128,16000,0.1437063217163086,1920,17,1,500000,1000,,16001.0,0.6395833492279053,0.6400688886642456,0.6145833134651184,0.663336455821991,131,1428651869,3,1
17001,1920,255015,32641920,23520,0.6145833134651184,128,17000,0.14795947074890137,1920,17,1,500000,1000,,17001.0,0.6390625238418579,0.6400731801986694,0.6166666746139526,0.6633201837539673,135,1428651869,3,1
18001,1920,270015,34561920,23520,0.6166666746139526,128,18000,0.15150952339172363,1920,17,1,500000,1000,,18001.0,0.6401041746139526,0.6400824189186096,0.6187499761581421,0.6636996865272522,139,1428651869,3,1
19001,1920,285015,36481920,23520,0.6187499761581421,128,19000,0.15505743026733398,1920,17,1,500000,1000,,19001.0,0.6385416388511658,0.6400712728500366,0.6166666746139526,0.6635515689849854,144,1428651869,3,1
20001,1920,300015,38401920,23520,0.6166666746139526,128,20000,0.15944719314575195,1920,17,1,500000,1000,,20001.0,0.6385416388511658,0.6400724649429321,0.6166666746139526,0.6631633043289185,148,1428651869,3,1
21001,1920,315015,40321920,23520,0.6166666746139526,128,21000,0.16296029090881348,1920,17,1,500000,1000,,21001.0,0.6390625238418579,0.640069842338562,0.6187499761581421,0.6631925106048584,153,1428651869,3,1
22001,1920,330015,42241920,23520,0.6187499761581421,128,22000,0.16649246215820312,1920,17,1,500000,1000,,22001.0,0.6390625238418579,0.6400666832923889,0.6208333373069763,0.663023054599762,157,1428651869,3,1
23001,1920,345015,44161920,23520,0.6208333373069763,128,23000,0.17001652717590332,1920,17,1,500000,1000,,23001.0,0.6369791626930237,0.6400715112686157,0.6166666746139526,0.6631894707679749,161,1428651869,3,1
24001,1920,360015,46081920,23520,0.6166666746139526,128,24000,0.17356157302856445,1920,17,1,500000,1000,,24001.0,0.6395833492279053,0.6400688290596008,0.6187499761581421,0.6632126569747925,164,1428651869,3,1
25001,1920,375015,48001920,23520,0.6187499761581421,128,25000,0.1771376132965088,1920,17,1,500000,1000,,25001.0,0.6385416388511658,0.6400706171989441,0.6145833134651184,0.6632830500602722,169,1428651869,3,1
26001,1920,390015,49921920,23520,0.6145833134651184,128,26000,0.18153667449951172,1920,17,1,500000,1000,,26001.0,0.6390625238418579,0.6400681138038635,0.6187499761581421,0.6633542776107788,173,1428651869,3,1
27001,1920,405015,51841920,23520,0.6187499761581421,128,27000,0.18509197235107422,1920,17,1,500000,1000,,27001.0,0.6385416388511658,0.640067458152771,0.6166666746139526,0.6631477475166321,177,1428651869,3,1
28001,1920,420015,53761920,23520,0.6166666746139526,128,28000,0.1886141300201416,1920,17,1,500000,1000,,28001.0,0.6390625238418579,0.6400727033615112,0.6145833134651184,0.6635743975639343,181,1428651869,3,1
29001,1920,435015,55681920,23520,0.6145833134651184,128,29000,0.19215917587280273,1920,17,1,500000,1000,,29001.0,0.6390625238418579,0.640066385269165,0.6208333373069763,0.6634179353713989,184,1428651869,3,1
30001,1920,450015,57601920,23520,0.6208333373069763,128,30000,0.19684410095214844,1920,17,1,500000,1000,,30001.0,0.6380208134651184,0.6400789618492126,0.612500011920929,0.6637192368507385,188,1428651869,3,1
31001,1920,465015,59521920,23520,0.612500011920929,128,31000,0.20063328742980957,1920,17,1,500000,1000,,31001.0,0.637499988079071,0.6400701403617859,0.6145833134651184,0.6635683178901672,192,1428651869,3,1
32001,1920,480015,61441920,23520,0.6145833134651184,128,32000,0.20417428016662598,1920,17,1,500000,1000,,32001.0,0.6380208134651184,0.6400706171989441,0.6166666746139526,0.6634604334831238,196,1428651869,3,1
33001,1920,495015,63361920,23520,0.6166666746139526,128,33000,0.2080540657043457,1920,17,1,500000,1000,,33001.0,0.6401041746139526,0.6400730609893799,0.6187499761581421,0.66343754529953,200,1428651869,3,1
34001,1920,510015,65281920,23520,0.6187499761581421,128,34000,0.21162796020507812,1920,17,1,500000,1000,,34001.0,0.6395833492279053,0.6400770545005798,0.6145833134651184,0.6633769869804382,204,1428651869,3,1
35001,1920,525015,67201920,23520,0.6145833134651184,128,35000,0.21902012825012207,1920,17,1,500000,1000,,35001.0,0.6401041746139526,0.6400725841522217,0.6145833134651184,0.6631526350975037,208,1428651869,3,1
36001,1920,540015,69121920,23520,0.6145833134651184,128,36000,0.2225654125213623,1920,17,1,500000,1000,,36001.0,0.6385416388511658,0.6400705575942993,0.612500011920929,0.6633934378623962,212,1428651869,3,1
37001,1920,555015,71041920,23520,0.612500011920929,128,37000,0.22629737854003906,1920,17,1,500000,1000,,37001.0,0.6390625238418579,0.640065610408783,0.6187499761581421,0.6630876064300537,216,1428651869,3,1
38001,1920,570015,72961920,23520,0.6187499761581421,128,38000,0.2298445701599121,1920,17,1,500000,1000,,38001.0,0.6385416388511658,0.6400712728500366,0.6145833134651184,0.6632611751556396,220,1428651869,3,1
39001,1920,585015,74881920,23520,0.6145833134651184,128,39000,0.23337292671203613,1920,17,1,500000,1000,,39001.0,0.6390625238418579,0.640069842338562,0.6145833134651184,0.6632115244865417,224,1428651869,3,1
40001,1920,600015,76801920,23520,0.6145833134651184,128,40000,0.2369518280029297,1920,17,1,500000,1000,,40001.0,0.6385416388511658,0.6400706171989441,0.6166666746139526,0.6633579134941101,229,1428651869,3,1
41001,1920,615015,78721920,23520,0.6166666746139526,128,41000,0.241865873336792,1920,17,1,500000,1000,,41001.0,0.6390625238418579,0.6400685906410217,0.6187499761581421,0.6632964015007019,233,1428651869,3,1
42001,1920,630015,80641920,23520,0.6187499761581421,128,42000,0.2453899383544922,1920,17,1,500000,1000,,42001.0,0.6395833492279053,0.6400726437568665,0.612500011920929,0.6635282039642334,237,1428651869,3,1
43001,1920,645015,82561920,23520,0.612500011920929,128,43000,0.24927592277526855,1920,17,1,500000,1000,,43001.0,0.637499988079071,0.6400718688964844,0.6187499761581421,0.6634838581085205,241,1428651869,3,1
44001,1920,660015,84481920,23520,0.6187499761581421,128,44000,0.25283312797546387,1920,17,1,500000,1000,,44001.0,0.6395833492279053,0.6400671005249023,0.6145833134651184,0.6632202863693237,245,1428651869,3,1
45001,1920,675015,86401920,23520,0.6145833134651184,128,45000,0.25635695457458496,1920,17,1,500000,1000,,45001.0,0.6380208134651184,0.6400741934776306,0.6166666746139526,0.6637405157089233,249,1428651869,3,1
46001,1920,690015,88321920,23520,0.6166666746139526,128,46000,0.25989794731140137,1920,17,1,500000,1000,,46001.0,0.6401041746139526,0.6400707364082336,0.6145833134651184,0.6636953949928284,252,1428651869,3,1
47001,1920,705015,90241920,23520,0.6145833134651184,128,47000,0.26422691345214844,1920,17,1,500000,1000,,47001.0,0.6380208134651184,0.6400719881057739,0.6166666746139526,0.6634159684181213,256,1428651869,3,1
48001,1920,720015,92161920,23520,0.6166666746139526,128,48000,0.2677631378173828,1920,17,1,500000,1000,,48001.0,0.6395833492279053,0.6400690078735352,0.6166666746139526,0.6634544730186462,261,1428651869,3,1
49001,1920,735015,94081920,23520,0.6166666746139526,128,49000,0.27154016494750977,1920,17,1,500000,1000,,49001.0,0.6369791626930237,0.6400697231292725,0.6166666746139526,0.6635362505912781,264,1428651869,3,1
50001,1920,750015,96001920,23520,0.6166666746139526,128,50000,0.2750670909881592,1920,17,1,500000,1000,,50001.0,0.6390625238418579,0.6400694251060486,0.6187499761581421,0.6633999943733215,268,1428651869,3,1
51001,1920,765015,97921920,23520,0.6187499761581421,128,51000,0.27887606620788574,1920,17,1,500000,1000,,51001.0,0.640625,0.6400763988494873,0.6145833134651184,0.6633508205413818,272,1428651869,3,1
52001,1920,780015,99841920,23520,0.6145833134651184,128,52000,0.282407283782959,1920,17,1,500000,1000,,52001.0,0.6380208134651184,0.6400685906410217,0.6145833134651184,0.6630640625953674,276,1428651869,3,1
53001,1920,795015,101761920,23520,0.6145833134651184,128,53000,0.2859530448913574,1920,17,1,500000,1000,,53001.0,0.6395833492279053,0.6400706768035889,0.6187499761581421,0.6633586287498474,280,1428651869,3,1
54001,1920,810015,103681920,23520,0.6187499761581421,128,54000,0.2894861698150635,1920,17,1,500000,1000,,54001.0,0.637499988079071,0.6400728225708008,0.6166666746139526,0.6631165742874146,283,1428651869,3,1
55001,1920,825015,105601920,23520,0.6166666746139526,128,55000,0.29326796531677246,1920,17,1,500000,1000,,55001.0,0.6390625238418579,0.6400737762451172,0.6166666746139526,0.6633897423744202,287,1428651869,3,1
56001,1920,840015,107521920,23520,0.6166666746139526,128,56000,0.2968320846557617,1920,17,1,500000,1000,,56001.0,0.6395833492279053,0.6400663256645203,0.6208333373069763,0.6631469130516052,291,1428651869,3,1
57001,1920,855015,109441920,23520,0.6208333373069763,128,57000,0.3003730773925781,1920,17,1,500000,1000,,57001.0,0.6390625238418579,0.6400693655014038,0.6187499761581421,0.6631346344947815,295,1428651869,3,1
58001,1920,870015,111361920,23520,0.6187499761581421,128,58000,0.30536413192749023,1920,17,1,500000,1000,,58001.0,0.6390625238418579,0.6400744915008545,0.6166666746139526,0.663219153881073,298,1428651869,3,1
59001,1920,885015,113281920,23520,0.6166666746139526,128,59000,0.3089020252227783,1920,17,1,500000,1000,,59001.0,0.6385416388511658,0.6400703191757202,0.6187499761581421,0.6631118059158325,302,1428651869,3,1
60001,1920,900015,115201920,23520,0.6187499761581421,128,60000,0.3124580383300781,1920,17,1,500000,1000,,60001.0,0.6385416388511658,0.640069842338562,0.6145833134651184,0.6633638143539429,306,1428651869,3,1
61001,1920,915015,117121920,23520,0.6145833134651184,128,61000,0.3159947395324707,1920,17,1,500000,1000,,61001.0,0.6390625238418579,0.6400668025016785,0.6166666746139526,0.6632774472236633,310,1428651869,3,1
62001,1920,930015,119041920,23520,0.6166666746139526,128,62000,0.3197050094604492,1920,17,1,500000,1000,,62001.0,0.6385416388511658,0.6400700211524963,0.6166666746139526,0.6631966233253479,314,1428651869,3,1
63001,1920,945015,120961920,23520,0.6166666746139526,128,63000,0.32331204414367676,1920,17,1,500000,1000,,63001.0,0.6395833492279053,0.6400675177574158,0.6166666746139526,0.6631719470024109,318,1428651869,3,1
64001,1920,960015,122881920,23520,0.6166666746139526,128,64000,0.3271658420562744,1920,17,1,500000,1000,,64001.0,0.6385416388511658,0.6400688290596008,0.6145833134651184,0.6631033420562744,322,1428651869,3,1
65001,1920,975015,124801920,23520,0.6145833134651184,128,65000,0.3306717872619629,1920,17,1,500000,1000,,65001.0,0.6385416388511658,0.6400700807571411,0.6166666746139526,0.663697361946106,325,1428651869,3,1
66001,1920,990015,126721920,23520,0.6166666746139526,128,66000,0.33422160148620605,1920,17,1,500000,1000,,66001.0,0.6395833492279053,0.6400684714317322,0.6166666746139526,0.6633764505386353,329,1428651869,3,1
67001,1920,1005015,128641920,23520,0.6166666746139526,128,67000,0.34403157234191895,1920,17,1,500000,1000,,67001.0,0.6401041746139526,0.6400721073150635,0.6208333373069763,0.6633654832839966,333,1428651869,3,1
68001,1920,1020015,130561920,23520,0.6208333373069763,128,68000,0.348771333694458,1920,17,1,500000,1000,,68001.0,0.6390625238418579,0.6400653719902039,0.6208333373069763,0.6630629897117615,337,1428651869,3,1
69001,1920,1035015,132481920,23520,0.6208333373069763,128,69000,0.36061525344848633,1920,17,1,500000,1000,,69001.0,0.6401041746139526,0.6400690078735352,0.6187499761581421,0.6628264784812927,342,1428651869,3,1
70001,1920,1050015,134401920,23520,0.6187499761581421,128,70000,0.3643043041229248,1920,17,1,500000,1000,,70001.0,0.6385416388511658,0.6400642395019531,0.6166666746139526,0.6631778478622437,348,1428651869,3,1
71001,1920,1065015,136321920,23520,0.6166666746139526,128,71000,0.37845826148986816,1920,17,1,500000,1000,,71001.0,0.6385416388511658,0.6400666832923889,0.6187499761581421,0.6630839705467224,355,1428651869,3,1
72001,1920,1080015,138241920,23520,0.6187499761581421,128,72000,0.3821861743927002,1920,17,1,500000,1000,,72001.0,0.6385416388511658,0.6400679349899292,0.612500011920929,0.663542628288269,362,1428651869,3,1
73001,1920,1095015,140161920,23520,0.612500011920929,128,73000,0.38571715354919434,1920,17,1,500000,1000,,73001.0,0.6380208134651184,0.6400708556175232,0.6166666746139526,0.663815438747406,366,1428651869,3,1
74001,1920,1110015,142081920,23520,0.6166666746139526,128,74000,0.3918931484222412,1920,17,1,500000,1000,,74001.0,0.6390625238418579,0.6400654911994934,0.6166666746139526,0.6633017063140869,370,1428651869,3,1
75001,1920,1125015,144001920,23520,0.6166666746139526,128,75000,0.39574313163757324,1920,17,1,500000,1000,,75001.0,0.6390625238418579,0.6400675177574158,0.6145833134651184,0.6631343364715576,373,1428651869,3,1
76001,1920,1140015,145921920,23520,0.6145833134651184,128,76000,0.3992903232574463,1920,17,1,500000,1000,,76001.0,0.637499988079071,0.6400710344314575,0.612500011920929,0.6631349921226501,377,1428651869,3,1
77001,1920,1155015,147841920,23520,0.612500011920929,128,77000,0.4028651714324951,1920,17,1,500000,1000,,77001.0,0.6380208134651184,0.6400690674781799,0.6166666746139526,0.6633152365684509,381,1428651869,3,1
78001,1920,1170015,149761920,23520,0.6166666746139526,128,78000,0.40639400482177734,1920,17,1,500000,1000,,78001.0,0.6390625238418579,0.6400743722915649,0.6145833134651184,0.6632156372070312,385,1428651869,3,1
79001,1920,1185015,151681920,23520,0.6145833134651184,128,79000,0.4131038188934326,1920,17,1,500000,1000,,79001.0,0.6385416388511658,0.6400675177574158,0.6145833134651184,0.6633204221725464,388,1428651869,3,1
80001,1920,1200015,153601920,23520,0.6145833134651184,128,80000,0.41663479804992676,1920,17,1,500000,1000,,80001.0,0.6385416388511658,0.6400737166404724,0.6187499761581421,0.6633337736129761,392,1428651869,3,1
81001,1920,1215015,155521920,23520,0.6187499761581421,128,81000,0.42015600204467773,1920,17,1,500000,1000,,81001.0,0.6395833492279053,0.6400721073150635,0.6187499761581421,0.6630712747573853,396,1428651869,3,1
82001,1920,1230015,157441920,23520,0.6187499761581421,128,82000,0.4239509105682373,1920,17,1,500000,1000,,82001.0,0.6395833492279053,0.6400690078735352,0.6166666746139526,0.6634156703948975,400,1428651869,3,1
83001,1920,1245015,159361920,23520,0.6166666746139526,128,83000,0.42749595642089844,1920,17,1,500000,1000,,83001.0,0.6385416388511658,0.640070915222168,0.6166666746139526,0.6633711457252502,403,1428651869,3,1
84001,1920,1260015,161281920,23520,0.6166666746139526,128,84000,0.4310758113861084,1920,17,1,500000,1000,,84001.0,0.6390625238418579,0.640066921710968,0.6187499761581421,0.6630246043205261,407,1428651869,3,1
85001,1920,1275015,163201920,23520,0.6187499761581421,128,85000,0.4347708225250244,1920,17,1,500000,1000,,85001.0,0.637499988079071,0.6400659680366516,0.6145833134651184,0.6631739735603333,411,1428651869,3,1
86001,1920,1290015,165121920,23520,0.6145833134651184,128,86000,0.43831777572631836,1920,17,1,500000,1000,,86001.0,0.6385416388511658,0.6400730609893799,0.6166666746139526,0.6633994579315186,415,1428651869,3,1
87001,1920,1305015,167041920,23520,0.6166666746139526,128,87000,0.44201183319091797,1920,17,1,500000,1000,,87001.0,0.6395833492279053,0.6400660276412964,0.6166666746139526,0.6632562875747681,418,1428651869,3,1
88001,1920,1320015,168961920,23520,0.6166666746139526,128,88000,0.44559288024902344,1920,17,1,500000,1000,,88001.0,0.6390625238418579,0.6400731801986694,0.6208333373069763,0.6632230281829834,422,1428651869,3,1
89001,1920,1335015,170881920,23520,0.6208333373069763,128,89000,0.44913673400878906,1920,17,1,500000,1000,,89001.0,0.6395833492279053,0.6400701999664307,0.6166666746139526,0.6633185148239136,426,1428651869,3,1
90001,1920,1350015,172801920,23520,0.6166666746139526,128,90000,0.4526548385620117,1920,17,1,500000,1000,,90001.0,0.6390625238418579,0.6400680541992188,0.6166666746139526,0.6633418202400208,430,1428651869,3,1
91001,1920,1365015,174721920,23520,0.6166666746139526,128,91000,0.45616698265075684,1920,17,1,500000,1000,,91001.0,0.6416666507720947,0.6400724053382874,0.6166666746139526,0.6632081866264343,433,1428651869,3,1
92001,1920,1380015,176641920,23520,0.6166666746139526,128,92000,0.4601309299468994,1920,17,1,500000,1000,,92001.0,0.6390625238418579,0.6400783061981201,0.6166666746139526,0.6633197665214539,437,1428651869,3,1
93001,1920,1395015,178561920,23520,0.6166666746139526,128,93000,0.46366381645202637,1920,17,1,500000,1000,,93001.0,0.6395833492279053,0.6400707364082336,0.6166666746139526,0.6635452508926392,441,1428651869,3,1
94001,1920,1410015,180481920,23520,0.6166666746139526,128,94000,0.46835994720458984,1920,17,1,500000,1000,,94001.0,0.6390625238418579,0.6400647759437561,0.6145833134651184,0.6633190512657166,445,1428651869,3,1
95001,1920,1425015,182401920,23520,0.6145833134651184,128,95000,0.4718971252441406,1920,17,1,500000,1000,,95001.0,0.6385416388511658,0.6400735974311829,0.6166666746139526,0.6634508371353149,449,1428651869,3,1
96001,1920,1440015,184321920,23520,0.6166666746139526,128,96000,0.4754452705383301,1920,17,1,500000,1000,,96001.0,0.6390625238418579,0.6400697231292725,0.6166666746139526,0.6634749174118042,452,1428651869,3,1
97001,1920,1455015,186241920,23520,0.6166666746139526,128,97000,0.479276180267334,1920,17,1,500000,1000,,97001.0,0.640625,0.6400675177574158,0.6208333373069763,0.6631168127059937,456,1428651869,3,1
98001,1920,1470015,188161920,23520,0.6208333373069763,128,98000,0.48311328887939453,1920,17,1,500000,1000,,98001.0,0.6385416388511658,0.6400769948959351,0.6187499761581421,0.6631525158882141,460,1428651869,3,1
99001,1920,1485015,190081920,23520,0.6187499761581421,128,99000,0.4866652488708496,1920,17,1,500000,1000,,99001.0,0.6385416388511658,0.6400690674781799,0.6145833134651184,0.6632198691368103,463,1428651869,3,1
100001,1920,1500015,192001920,23520,0.6145833134651184,128,100000,0.49022436141967773,1920,17,1,500000,1000,,100001.0,0.6395833492279053,0.6400666832923889,0.6187499761581421,0.6632068753242493,467,1428651869,3,1
101001,1920,1515015,193921920,23520,0.6187499761581421,128,101000,0.49430155754089355,1920,17,1,500000,1000,,101001.0,0.6390625238418579,0.6400702595710754,0.6145833134651184,0.6632855534553528,471,1428651869,3,1
102001,1920,1530015,195841920,23520,0.6145833134651184,128,102000,0.49783945083618164,1920,17,1,500000,1000,,102001.0,0.6390625238418579,0.6400676965713501,0.6166666746139526,0.6632919311523438,475,1428651869,3,1
103001,1920,1545015,197761920,23520,0.6166666746139526,128,103000,0.501422643661499,1920,17,1,500000,1000,,103001.0,0.6390625238418579,0.640069842338562,0.6187499761581421,0.6631115674972534,479,1428651869,3,1
104001,1920,1560015,199681920,23520,0.6187499761581421,128,104000,0.5051136016845703,1920,17,1,500000,1000,,104001.0,0.6390625238418579,0.6400743722915649,0.6166666746139526,0.6633805632591248,482,1428651869,3,1
105001,1920,1575015,201601920,23520,0.6166666746139526,128,105000,0.5089566707611084,1920,17,1,500000,1000,,105001.0,0.6401041746139526,0.6400682926177979,0.6166666746139526,0.6633788347244263,486,1428651869,3,1
106001,1920,1590015,203521920,23520,0.6166666746139526,128,106000,0.5124907493591309,1920,17,1,500000,1000,,106001.0,0.6390625238418579,0.6400682330131531,0.6166666746139526,0.6632086038589478,490,1428651869,3,1
107001,1920,1605015,205441920,23520,0.6166666746139526,128,107000,0.5161175727844238,1920,17,1,500000,1000,,107001.0,0.6380208134651184,0.6400685906410217,0.6166666746139526,0.6633437871932983,494,1428651869,3,1
108001,1920,1620015,207361920,23520,0.6166666746139526,128,108000,0.5196466445922852,1920,17,1,500000,1000,,108001.0,0.6395833492279053,0.6400646567344666,0.6166666746139526,0.6631918549537659,498,1428651869,3,1
109001,1920,1635015,209281920,23520,0.6166666746139526,128,109000,0.5231719017028809,1920,17,1,500000,1000,,109001.0,0.6385416388511658,0.6400693655014038,0.6187499761581421,0.6631119251251221,502,1428651869,3,1
110001,1920,1650015,211201920,23520,0.6187499761581421,128,110000,0.5272958278656006,1920,17,1,500000,1000,,110001.0,0.6369791626930237,0.6400768756866455,0.6166666746139526,0.6634824275970459,506,1428651869,3,1
111001,1920,1665015,213121920,23520,0.6166666746139526,128,111000,0.5308358669281006,1920,17,1,500000,1000,,111001.0,0.6385416388511658,0.6400666832923889,0.6166666746139526,0.6632844805717468,509,1428651869,3,1
112001,1920,1680015,215041920,23520,0.6166666746139526,128,112000,0.5343668460845947,1920,17,1,500000,1000,,112001.0,0.6395833492279053,0.6400669813156128,0.6145833134651184,0.6632726192474365,513,1428651869,3,1
113001,1920,1695015,216961920,23520,0.6145833134651184,128,113000,0.5378868579864502,1920,17,1,500000,1000,,113001.0,0.6390625238418579,0.640069842338562,0.6166666746139526,0.6630683541297913,517,1428651869,3,1
114001,1920,1710015,218881920,23520,0.6166666746139526,128,114000,0.5414090156555176,1920,17,1,500000,1000,,114001.0,0.6401041746139526,0.6400673985481262,0.6166666746139526,0.6631619334220886,521,1428651869,3,1
115001,1920,1725015,220801920,23520,0.6166666746139526,128,115000,0.5449309349060059,1920,17,1,500000,1000,,115001.0,0.6380208134651184,0.6400675177574158,0.6145833134651184,0.6631864905357361,524,1428651869,3,1
116001,1920,1740015,222721920,23520,0.6145833134651184,128,116000,0.548454999923706,1920,17,1,500000,1000,,116001.0,0.6385416388511658,0.6400696635246277,0.6166666746139526,0.6632297039031982,528,1428651869,3,1
117001,1920,1755015,224641920,23520,0.6166666746139526,128,117000,0.5519812107086182,1920,17,1,500000,1000,,117001.0,0.6390625238418579,0.6400699615478516,0.6187499761581421,0.6631858944892883,532,1428651869,3,1
118001,1920,1770015,226561920,23520,0.6187499761581421,128,118000,0.5558042526245117,1920,17,1,500000,1000,,118001.0,0.6385416388511658,0.6400699019432068,0.6187499761581421,0.6630670428276062,536,1428651869,3,1
119001,1920,1785015,228481920,23520,0.6187499761581421,128,119000,0.5593583583831787,1920,17,1,500000,1000,,119001.0,0.6390625238418579,0.6400672793388367,0.6145833134651184,0.6634771823883057,540,1428651869,3,1
120001,1920,1800015,230401920,23520,0.6145833134651184,128,120000,0.5628840923309326,1920,17,1,500000,1000,,120001.0,0.6390625238418579,0.6400694251060486,0.6187499761581421,0.663234293460846,543,1428651869,3,1
121001,1920,1815015,232321920,23520,0.6187499761581421,128,121000,0.5664322376251221,1920,17,1,500000,1000,,121001.0,0.6380208134651184,0.6400690674781799,0.6145833134651184,0.66353839635849,547,1428651869,3,1
122001,1920,1830015,234241920,23520,0.6145833134651184,128,122000,0.5705282688140869,1920,17,1,500000,1000,,122001.0,0.640625,0.6400735974311829,0.6187499761581421,0.6630579233169556,553,1428651869,3,1
123001,1920,1845015,236161920,23520,0.6187499761581421,128,123000,0.5740666389465332,1920,17,1,500000,1000,,123001.0,0.6380208134651184,0.6400710344314575,0.6145833134651184,0.6634489893913269,560,1428651869,3,1
124001,1920,1860015,238081920,23520,0.6145833134651184,128,124000,0.5779838562011719,1920,17,1,500000,1000,,124001.0,0.6401041746139526,0.6400672197341919,0.6166666746139526,0.6633908152580261,564,1428651869,3,1
125001,1920,1875015,240001920,23520,0.6166666746139526,128,125000,0.5815520286560059,1920,17,1,500000,1000,,125001.0,0.6401041746139526,0.6400763392448425,0.6145833134651184,0.6633521914482117,567,1428651869,3,1
126001,1920,1890015,241921920,23520,0.6145833134651184,128,126000,0.5851459503173828,1920,17,1,500000,1000,,126001.0,0.6395833492279053,0.640066921710968,0.6166666746139526,0.6632062196731567,572,1428651869,3,1
127001,1920,1905015,243841920,23520,0.6166666746139526,128,127000,0.5887041091918945,1920,17,1,500000,1000,,127001.0,0.6390625238418579,0.6400682926177979,0.6166666746139526,0.6633318662643433,576,1428651869,3,1
128001,1920,1920015,245761920,23520,0.6166666746139526,128,128000,0.5922420024871826,1920,17,1,500000,1000,,128001.0,0.6390625238418579,0.64007169008255,0.6187499761581421,0.6631929874420166,579,1428651869,3,1
129001,1920,1935015,247681920,23520,0.6187499761581421,128,129000,0.5958211421966553,1920,17,1,500000,1000,,129001.0,0.6390625238418579,0.6400691270828247,0.6187499761581421,0.6631107330322266,583,1428651869,3,1
130001,1920,1950015,249601920,23520,0.6187499761581421,128,130000,0.5996661186218262,1920,17,1,500000,1000,,130001.0,0.6395833492279053,0.6400690078735352,0.6166666746139526,0.6633504629135132,587,1428651869,3,1
131001,1920,1965015,251521920,23520,0.6166666746139526,128,131000,0.6036310195922852,1920,17,1,500000,1000,,131001.0,0.6390625238418579,0.6400681734085083,0.6166666746139526,0.6630996465682983,591,1428651869,3,1
132001,1920,1980015,253441920,23520,0.6166666746139526,128,132000,0.6074020862579346,1920,17,1,500000,1000,,132001.0,0.6385416388511658,0.6400699615478516,0.6145833134651184,0.663407027721405,595,1428651869,3,1
133001,1920,1995015,255361920,23520,0.6145833134651184,128,133000,0.6109504699707031,1920,17,1,500000,1000,,133001.0,0.6380208134651184,0.6400711536407471,0.6145833134651184,0.6631344556808472,598,1428651869,3,1
134001,1920,2010015,257281920,23520,0.6145833134651184,128,134000,0.6147565841674805,1920,17,1,500000,1000,,134001.0,0.6385416388511658,0.6400689482688904,0.612500011920929,0.6635340452194214,602,1428651869,3,1
135001,1920,2025015,259201920,23520,0.612500011920929,128,135000,0.6183373928070068,1920,17,1,500000,1000,,135001.0,0.637499988079071,0.6400691270828247,0.6166666746139526,0.6632272005081177,607,1428651869,3,1
136001,1920,2040015,261121920,23520,0.6166666746139526,128,136000,0.621929407119751,1920,17,1,500000,1000,,136001.0,0.6390625238418579,0.6400689482688904,0.6145833134651184,0.6631457805633545,610,1428651869,3,1
137001,1920,2055015,263041920,23520,0.6145833134651184,128,137000,0.625511646270752,1920,17,1,500000,1000,,137001.0,0.6401041746139526,0.6400668025016785,0.6208333373069763,0.6633289456367493,614,1428651869,3,1
138001,1920,2070015,264961920,23520,0.6208333373069763,128,138000,0.629098653793335,1920,17,1,500000,1000,,138001.0,0.6385416388511658,0.6400719285011292,0.6166666746139526,0.6634687185287476,618,1428651869,3,1
139001,1920,2085015,266881920,23520,0.6166666746139526,128,139000,0.6328079700469971,1920,17,1,500000,1000,,139001.0,0.6385416388511658,0.640067994594574,0.6166666746139526,0.6633147597312927,622,1428651869,3,1
140001,1920,2100015,268801920,23520,0.6166666746139526,128,140000,0.6372079849243164,1920,17,1,500000,1000,,140001.0,0.637499988079071,0.6400700807571411,0.6187499761581421,0.6634032726287842,626,1428651869,3,1
141001,1920,2115015,270721920,23520,0.6187499761581421,128,141000,0.6407673358917236,1920,17,1,500000,1000,,141001.0,0.6390625238418579,0.6400728821754456,0.6145833134651184,0.6635726094245911,629,1428651869,3,1
142001,1920,2130015,272641920,23520,0.6145833134651184,128,142000,0.6443314552307129,1920,17,1,500000,1000,,142001.0,0.6395833492279053,0.6400650143623352,0.6166666746139526,0.6631270051002502,633,1428651869,3,1
143001,1920,2145015,274561920,23520,0.6166666746139526,128,143000,0.6479053497314453,1920,17,1,500000,1000,,143001.0,0.6380208134651184,0.6400684714317322,0.6187499761581421,0.6632387042045593,637,1428651869,3,1
144001,1920,2160015,276481920,23520,0.6187499761581421,128,144000,0.6514852046966553,1920,17,1,500000,1000,,144001.0,0.6390625238418579,0.6400718092918396,0.6145833134651184,0.6630258560180664,641,1428651869,3,1
145001,1920,2175015,278401920,23520,0.6145833134651184,128,145000,0.6552259922027588,1920,17,1,500000,1000,,145001.0,0.6385416388511658,0.6400685906410217,0.6145833134651184,0.6635996103286743,645,1428651869,3,1
146001,1920,2190015,280321920,23520,0.6145833134651184,128,146000,0.6588048934936523,1920,17,1,500000,1000,,146001.0,0.6401041746139526,0.6400708556175232,0.6166666746139526,0.6634231805801392,648,1428651869,3,1
147001,1920,2205015,282241920,23520,0.6166666746139526,128,147000,0.6633052825927734,1920,17,1,500000,1000,,147001.0,0.6385416388511658,0.6400680541992188,0.6187499761581421,0.6632105112075806,652,1428651869,3,1
148001,1920,2220015,284161920,23520,0.6187499761581421,128,148000,0.6678752899169922,1920,17,1,500000,1000,,148001.0,0.6390625238418579,0.6400682330131531,0.6166666746139526,0.663353681564331,656,1428651869,3,1
149001,1920,2235015,286081920,23520,0.6166666746139526,128,149000,0.6715636253356934,1920,17,1,500000,1000,,149001.0,0.6385416388511658,0.6400634050369263,0.6187499761581421,0.6632654070854187,660,1428651869,3,1
150001,1920,2250015,288001920,23520,0.6187499761581421,128,150000,0.6753146648406982,1920,17,1,500000,1000,,150001.0,0.6395833492279053,0.6400687098503113,0.6208333373069763,0.6630755066871643,664,1428651869,3,1
151001,1920,2265015,289921920,23520,0.6208333373069763,128,151000,0.6788456439971924,1920,17,1,500000,1000,,151001.0,0.6380208134651184,0.640070378780365,0.6145833134651184,0.6631443500518799,667,1428651869,3,1
152001,1920,2280015,291841920,23520,0.6145833134651184,128,152000,0.6823866367340088,1920,17,1,500000,1000,,152001.0,0.6380208134651184,0.6400712132453918,0.6166666746139526,0.6635213494300842,671,1428651869,3,1
153001,1920,2295015,293761920,23520,0.6166666746139526,128,153000,0.6861116886138916,1920,17,1,500000,1000,,153001.0,0.6385416388511658,0.6400735974311829,0.6166666746139526,0.6632026433944702,675,1428651869,3,1
154001,1920,2310015,295681920,23520,0.6166666746139526,128,154000,0.6896727085113525,1920,17,1,500000,1000,,154001.0,0.6401041746139526,0.6400704979896545,0.6166666746139526,0.6632931232452393,679,1428651869,3,1
155001,1920,2325015,297601920,23520,0.6166666746139526,128,155000,0.6932237148284912,1920,17,1,500000,1000,,155001.0,0.640625,0.6400733590126038,0.6208333373069763,0.6631802916526794,683,1428651869,3,1
156001,1920,2340015,299521920,23520,0.6208333373069763,128,156000,0.696887731552124,1920,17,1,500000,1000,,156001.0,0.6401041746139526,0.6400670409202576,0.6166666746139526,0.6634550094604492,687,1428651869,3,1
157001,1920,2355015,301441920,23520,0.6166666746139526,128,157000,0.7004415988922119,1920,17,1,500000,1000,,157001.0,0.6390625238418579,0.6400662660598755,0.6145833134651184,0.6634989380836487,691,1428651869,3,1
158001,1920,2370015,303361920,23520,0.6145833134651184,128,158000,0.7083234786987305,1920,17,1,500000,1000,,158001.0,0.6395833492279053,0.6400701999664307,0.6166666746139526,0.6631081700325012,694,1428651869,3,1
159001,1920,2385015,305281920,23520,0.6166666746139526,128,159000,0.7126727104187012,1920,17,1,500000,1000,,159001.0,0.637499988079071,0.640076756477356,0.6145833134651184,0.6629553437232971,717,1428651869,3,1
160001,1920,2400015,307201920,23520,0.6145833134651184,128,160000,0.7162308692932129,1920,17,1,500000,1000,,160001.0,0.6395833492279053,0.6400740742683411,0.6166666746139526,0.6633974313735962,721,1428651869,3,1
161001,1920,2415015,309121920,23520,0.6166666746139526,128,161000,0.7198219299316406,1920,17,1,500000,1000,,161001.0,0.6385416388511658,0.6400730013847351,0.6145833134651184,0.6629979014396667,725,1428651869,3,1
162001,1920,2430015,311041920,23520,0.6145833134651184,128,162000,0.7233927249908447,1920,17,1,500000,1000,,162001.0,0.6390625238418579,0.6400676965713501,0.6145833134651184,0.6635679602622986,729,1428651869,3,1
163001,1920,2445015,312961920,23520,0.6145833134651184,128,163000,0.7269446849822998,1920,17,1,500000,1000,,163001.0,0.6385416388511658,0.640065610408783,0.6166666746139526,0.6632287502288818,733,1428651869,3,1
164001,1920,2460015,314881920,23520,0.6166666746139526,128,164000,0.7309117317199707,1920,17,1,500000,1000,,164001.0,0.6385416388511658,0.6400671601295471,0.6166666746139526,0.6630350351333618,737,1428651869,3,1
165001,1920,2475015,316801920,23520,0.6166666746139526,128,165000,0.7344808578491211,1920,17,1,500000,1000,,165001.0,0.6395833492279053,0.6400662660598755,0.6166666746139526,0.6632404923439026,740,1428651869,3,1
166001,1920,2490015,318721920,23520,0.6166666746139526,128,166000,0.7380647659301758,1920,17,1,500000,1000,,166001.0,0.6385416388511658,0.6400717496871948,0.6145833134651184,0.6636062264442444,744,1428651869,3,1
167001,1920,2505015,320641920,23520,0.6145833134651184,128,167000,0.7435479164123535,1920,17,1,500000,1000,,167001.0,0.6380208134651184,0.6400689482688904,0.6145833134651184,0.6633973717689514,748,1428651869,3,1
168001,1920,2520015,322561920,23520,0.6145833134651184,128,168000,0.7471537590026855,1920,17,1,500000,1000,,168001.0,0.6380208134651184,0.6400781869888306,0.6145833134651184,0.6634780764579773,752,1428651869,3,1
169001,1920,2535015,324481920,23520,0.6145833134651184,128,169000,0.7507038116455078,1920,17,1,500000,1000,,169001.0,0.6390625238418579,0.640072762966156,0.6145833134651184,0.6635809540748596,755,1428651869,3,1
170001,1920,2550015,326401920,23520,0.6145833134651184,128,170000,0.7542619705200195,1920,17,1,500000,1000,,170001.0,0.6380208134651184,0.64007568359375,0.6166666746139526,0.6631567478179932,759,1428651869,3,1
171001,1920,2565015,328321920,23520,0.6166666746139526,128,171000,0.7578339576721191,1920,17,1,500000,1000,,171001.0,0.6390625238418579,0.6400730013847351,0.6145833134651184,0.6635131239891052,763,1428651869,3,1
172001,1920,2580015,330241920,23520,0.6145833134651184,128,172000,0.761444091796875,1920,17,1,500000,1000,,172001.0,0.6385416388511658,0.6400763392448425,0.6187499761581421,0.6632764935493469,767,1428651869,3,1
173001,1920,2595015,332161920,23520,0.6187499761581421,128,173000,0.7653810977935791,1920,17,1,500000,1000,,173001.0,0.6390625238418579,0.6400693655014038,0.6145833134651184,0.6632344722747803,771,1428651869,3,1
174001,1920,2610015,334081920,23520,0.6145833134651184,128,174000,0.7689640522003174,1920,17,1,500000,1000,,174001.0,0.6401041746139526,0.6400732398033142,0.6145833134651184,0.6636432409286499,775,1428651869,3,1
175001,1920,2625015,336001920,23520,0.6145833134651184,128,175000,0.7725188732147217,1920,17,1,500000,1000,,175001.0,0.6385416388511658,0.6400760412216187,0.6166666746139526,0.66349196434021,778,1428651869,3,1
176001,1920,2640015,337921920,23520,0.6166666746139526,128,176000,0.776080846786499,1920,17,1,500000,1000,,176001.0,0.6401041746139526,0.640072226524353,0.6187499761581421,0.6635065078735352,782,1428651869,3,1
177001,1920,2655015,339841920,23520,0.6187499761581421,128,177000,0.7796428203582764,1920,17,1,500000,1000,,177001.0,0.6395833492279053,0.6400712132453918,0.6187499761581421,0.6631969213485718,786,1428651869,3,1
178001,1920,2670015,341761920,23520,0.6187499761581421,128,178000,0.7832241058349609,1920,17,1,500000,1000,,178001.0,0.6401041746139526,0.6400673389434814,0.6166666746139526,0.6632086634635925,790,1428651869,3,1
179001,1920,2685015,343681920,23520,0.6166666746139526,128,179000,0.7867722511291504,1920,17,1,500000,1000,,179001.0,0.6390625238418579,0.6400673985481262,0.6166666746139526,0.6633303761482239,794,1428651869,3,1
180001,1920,2700015,345601920,23520,0.6166666746139526,128,180000,0.7903382778167725,1920,17,1,500000,1000,,180001.0,0.6390625238418579,0.640069305896759,0.6166666746139526,0.663313090801239,797,1428651869,3,1
181001,1920,2715015,347521920,23520,0.6166666746139526,128,181000,0.7939672470092773,1920,17,1,500000,1000,,181001.0,0.6385416388511658,0.6400692462921143,0.6145833134651184,0.6633260250091553,801,1428651869,3,1
182001,1920,2730015,349441920,23520,0.6145833134651184,128,182000,0.798530101776123,1920,17,1,500000,1000,,182001.0,0.6385416388511658,0.6400682330131531,0.6145833134651184,0.6634653210639954,805,1428651869,3,1
183001,1920,2745015,351361920,23520,0.6145833134651184,128,183000,0.803704023361206,1920,17,1,500000,1000,,183001.0,0.6390625238418579,0.6400736570358276,0.6166666746139526,0.6631562113761902,809,1428651869,3,1
184001,1920,2760015,353281920,23520,0.6166666746139526,128,184000,0.8082287311553955,1920,17,1,500000,1000,,184001.0,0.6390625238418579,0.6400731205940247,0.6166666746139526,0.6634296774864197,813,1428651869,3,1
185001,1920,2775015,355201920,23520,0.6166666746139526,128,185000,0.8118100166320801,1920,17,1,500000,1000,,185001.0,0.6385416388511658,0.6400701999664307,0.6166666746139526,0.6630569696426392,817,1428651869,3,1
186001,1920,2790015,357121920,23520,0.6166666746139526,128,186000,0.8169291019439697,1920,17,1,500000,1000,,186001.0,0.6395833492279053,0.6400692462921143,0.6187499761581421,0.6630303859710693,821,1428651869,3,1
187001,1920,2805015,359041920,23520,0.6187499761581421,128,187000,0.8213403224945068,1920,17,1,500000,1000,,187001.0,0.6385416388511658,0.6400644183158875,0.6145833134651184,0.6632825136184692,824,1428651869,3,1
188001,1920,2820015,360961920,23520,0.6145833134651184,128,188000,0.8248932361602783,1920,17,1,500000,1000,,188001.0,0.6390625238418579,0.6400711536407471,0.6145833134651184,0.6629279255867004,828,1428651869,3,1
189001,1920,2835015,362881920,23520,0.6145833134651184,128,189000,0.8290293216705322,1920,17,1,500000,1000,,189001.0,0.6401041746139526,0.6400715112686157,0.6208333373069763,0.6632563471794128,832,1428651869,3,1
190001,1920,2850015,364801920,23520,0.6208333373069763,128,190000,0.832646369934082,1920,17,1,500000,1000,,190001.0,0.6380208134651184,0.6400760412216187,0.6187499761581421,0.6628560423851013,836,1428651869,3,1
191001,1920,2865015,366721920,23520,0.6187499761581421,128,191000,0.8362936973571777,1920,17,1,500000,1000,,191001.0,0.6395833492279053,0.6400755643844604,0.6187499761581421,0.6628343462944031,840,1428651869,3,1
192001,1920,2880015,368641920,23520,0.6187499761581421,128,192000,0.8409907817840576,1920,17,1,500000,1000,,192001.0,0.6401041746139526,0.6400765776634216,0.6208333373069763,0.6634439826011658,844,1428651869,3,1
193001,1920,2895015,370561920,23520,0.6208333373069763,128,193000,0.8445947170257568,1920,17,1,500000,1000,,193001.0,0.6385416388511658,0.6400710940361023,0.6166666746139526,0.663341224193573,848,1428651869,3,1
194001,1920,2910015,372481920,23520,0.6166666746139526,128,194000,0.8481407165527344,1920,17,1,500000,1000,,194001.0,0.6380208134651184,0.6400690078735352,0.6187499761581421,0.6632715463638306,852,1428651869,3,1
195001,1920,2925015,374401920,23520,0.6187499761581421,128,195000,0.8516995906829834,1920,17,1,500000,1000,,195001.0,0.6390625238418579,0.6400652527809143,0.6208333373069763,0.6631604433059692,856,1428651869,3,1
196001,1920,2940015,376321920,23520,0.6208333373069763,128,196000,0.8555145263671875,1920,17,1,500000,1000,,196001.0,0.637499988079071,0.6400717496871948,0.6166666746139526,0.663361668586731,860,1428651869,3,1
197001,1920,2955015,378241920,23520,0.6166666746139526,128,197000,0.8590953350067139,1920,17,1,500000,1000,,197001.0,0.6390625238418579,0.6400737166404724,0.6187499761581421,0.6632444858551025,863,1428651869,3,1
198001,1920,2970015,380161920,23520,0.6187499761581421,128,198000,0.8628172874450684,1920,17,1,500000,1000,,198001.0,0.6369791626930237,0.6400738954544067,0.6166666746139526,0.6632723212242126,867,1428651869,3,1
199001,1920,2985015,382081920,23520,0.6166666746139526,128,199000,0.8988480567932129,1920,17,1,500000,1000,,199001.0,0.6401041746139526,0.6400701999664307,0.6166666746139526,0.6632528901100159,885,1428651869,3,1
200001,1920,3000015,384001920,23520,0.6166666746139526,128,200000,0.9024369716644287,1920,17,1,500000,1000,,200001.0,0.6390625238418579,0.6400671005249023,0.6166666746139526,0.6632530093193054,914,1428651869,3,1
201001,1920,3015015,385921920,23520,0.6166666746139526,128,201000,0.9088530540466309,1920,17,1,500000,1000,,201001.0,0.6380208134651184,0.6400673389434814,0.6145833134651184,0.6634899973869324,918,1428651869,3,1
202001,1920,3030015,387841920,23520,0.6145833134651184,128,202000,0.912473201751709,1920,17,1,500000,1000,,202001.0,0.6390625238418579,0.6400699615478516,0.6166666746139526,0.6632066965103149,922,1428651869,3,1
203001,1920,3045015,389761920,23520,0.6166666746139526,128,203000,0.916067361831665,1920,17,1,500000,1000,,203001.0,0.6401041746139526,0.6400719285011292,0.6166666746139526,0.6634460687637329,926,1428651869,3,1
204001,1920,3060015,391681920,23520,0.6166666746139526,128,204000,0.92073655128479,1920,17,1,500000,1000,,204001.0,0.6385416388511658,0.6400673985481262,0.6187499761581421,0.6634234189987183,930,1428651869,3,1
205001,1920,3075015,393601920,23520,0.6187499761581421,128,205000,0.9243166446685791,1920,17,1,500000,1000,,205001.0,0.6380208134651184,0.6400709748268127,0.6187499761581421,0.6635360717773438,933,1428651869,3,1
206001,1920,3090015,395521920,23520,0.6187499761581421,128,206000,0.9283738136291504,1920,17,1,500000,1000,,206001.0,0.6401041746139526,0.6400705575942993,0.6145833134651184,0.6633399128913879,938,1428651869,3,1
207001,1920,3105015,397441920,23520,0.6145833134651184,128,207000,0.9319698810577393,1920,17,1,500000,1000,,207001.0,0.6401041746139526,0.6400720477104187,0.6187499761581421,0.6632497906684875,942,1428651869,3,1
208001,1920,3120015,399361920,23520,0.6187499761581421,128,208000,0.9356060028076172,1920,17,1,500000,1000,,208001.0,0.6395833492279053,0.6400709748268127,0.6166666746139526,0.6633555293083191,946,1428651869,3,1
209001,1920,3135015,401281920,23520,0.6166666746139526,128,209000,0.9392819404602051,1920,17,1,500000,1000,,209001.0,0.6401041746139526,0.6400691270828247,0.6187499761581421,0.6635192632675171,950,1428651869,3,1
210001,1920,3150015,403201920,23520,0.6187499761581421,128,210000,0.9430069923400879,1920,17,1,500000,1000,,210001.0,0.6390625238418579,0.6400725841522217,0.6166666746139526,0.6635720729827881,954,1428651869,3,1
211001,1920,3165015,405121920,23520,0.6166666746139526,128,211000,0.946692943572998,1920,17,1,500000,1000,,211001.0,0.637499988079071,0.6400730609893799,0.6145833134651184,0.6630931496620178,957,1428651869,3,1
212001,1920,3180015,407041920,23520,0.6145833134651184,128,212000,0.9503369331359863,1920,17,1,500000,1000,,212001.0,0.6401041746139526,0.6400699615478516,0.6166666746139526,0.6630423665046692,961,1428651869,3,1
213001,1920,3195015,408961920,23520,0.6166666746139526,128,213000,0.9540567398071289,1920,17,1,500000,1000,,213001.0,0.6390625238418579,0.6400661468505859,0.6166666746139526,0.6632368564605713,965,1428651869,3,1
214001,1920,3210015,410881920,23520,0.6166666746139526,128,214000,0.9577815532684326,1920,17,1,500000,1000,,214001.0,0.6390625238418579,0.6400697231292725,0.6145833134651184,0.6631965637207031,969,1428651869,3,1
215001,1920,3225015,412801920,23520,0.6145833134651184,128,215000,0.9617044925689697,1920,17,1,500000,1000,,215001.0,0.6385416388511658,0.6400712728500366,0.6145833134651184,0.6631516814231873,972,1428651869,3,1
216001,1920,3240015,414721920,23520,0.6145833134651184,128,216000,0.9653835296630859,1920,17,1,500000,1000,,216001.0,0.6390625238418579,0.6400695443153381,0.6187499761581421,0.6633139252662659,976,1428651869,3,1
217001,1920,3255015,416641920,23520,0.6187499761581421,128,217000,0.9690444469451904,1920,17,1,500000,1000,,217001.0,0.6390625238418579,0.6400728821754456,0.6145833134651184,0.6631004214286804,980,1428651869,3,1
218001,1920,3270015,418561920,23520,0.6145833134651184,128,218000,0.9726865291595459,1920,17,1,500000,1000,,218001.0,0.6401041746139526,0.640072762966156,0.6166666746139526,0.663594663143158,984,1428651869,3,1
219001,1920,3285015,420481920,23520,0.6166666746139526,128,219000,0.9764294624328613,1920,17,1,500000,1000,,219001.0,0.6395833492279053,0.6400705575942993,0.6145833134651184,0.6634437441825867,987,1428651869,3,1
220001,1920,3300015,422401920,23520,0.6145833134651184,128,220000,0.9800934791564941,1920,17,1,500000,1000,,220001.0,0.6385416388511658,0.640072226524353,0.6145833134651184,0.6635481715202332,991,1428651869,3,1
221001,1920,3315015,424321920,23520,0.6145833134651184,128,221000,0.9837205410003662,1920,17,1,500000,1000,,221001.0,0.6401041746139526,0.6400726437568665,0.6145833134651184,0.663417398929596,995,1428651869,3,1
222001,1920,3330015,426241920,23520,0.6145833134651184,128,222000,0.987356424331665,1920,17,1,500000,1000,,222001.0,0.6401041746139526,0.6400705575942993,0.6187499761581421,0.6632350087165833,999,1428651869,3,1
223001,1920,3345015,428161920,23520,0.6187499761581421,128,223000,0.9910385608673096,1920,17,1,500000,1000,,223001.0,0.6395833492279053,0.640069305896759,0.6166666746139526,0.663139283657074,1002,1428651869,3,1
224001,1920,3360015,430081920,23520,0.6166666746139526,128,224000,0.9949803352355957,1920,17,1,500000,1000,,224001.0,0.6390625238418579,0.6400669813156128,0.6187499761581421,0.6630010008811951,1006,1428651869,3,1
225001,1920,3375015,432001920,23520,0.6187499761581421,128,225000,0.9986543655395508,1920,17,1,500000,1000,,225001.0,0.6390625238418579,0.6400750279426575,0.6166666746139526,0.6634474396705627,1010,1428651869,3,1
226001,1920,3390015,433921920,23520,0.6166666746139526,128,226000,1.002312421798706,1920,17,1,500000,1000,,226001.0,0.6395833492279053,0.6400670409202576,0.6145833134651184,0.6631097793579102,1013,1428651869,3,1
227001,1920,3405015,435841920,23520,0.6145833134651184,128,227000,1.005927324295044,1920,17,1,500000,1000,,227001.0,0.6385416388511658,0.6400703191757202,0.6145833134651184,0.663159191608429,1017,1428651869,3,1
228001,1920,3420015,437761920,23520,0.6145833134651184,128,228000,1.0095622539520264,1920,17,1,500000,1000,,228001.0,0.6385416388511658,0.6400699615478516,0.6145833134651184,0.6632667779922485,1021,1428651869,3,1
229001,1920,3435015,439681920,23520,0.6145833134651184,128,229000,1.0132081508636475,1920,17,1,500000,1000,,229001.0,0.6395833492279053,0.640069305896759,0.6166666746139526,0.6632688045501709,1025,1428651869,3,1
230001,1920,3450015,441601920,23520,0.6166666746139526,128,230000,1.01680326461792,1920,17,1,500000,1000,,230001.0,0.637499988079071,0.6400709748268127,0.6145833134651184,0.6634054780006409,1028,1428651869,3,1
231001,1920,3465015,443521920,23520,0.6145833134651184,128,231000,1.0204401016235352,1920,17,1,500000,1000,,231001.0,0.6390625238418579,0.6400677561759949,0.6187499761581421,0.6633737683296204,1032,1428651869,3,1
232001,1920,3480015,445441920,23520,0.6187499761581421,128,232000,1.0240910053253174,1920,17,1,500000,1000,,232001.0,0.6385416388511658,0.6400695443153381,0.6187499761581421,0.6634714603424072,1036,1428651869,3,1
233001,1920,3495015,447361920,23520,0.6187499761581421,128,233000,1.0277581214904785,1920,17,1,500000,1000,,233001.0,0.6401041746139526,0.6400702595710754,0.6187499761581421,0.6630752682685852,1040,1428651869,3,1
234001,1920,3510015,449281920,23520,0.6187499761581421,128,234000,1.0314183235168457,1920,17,1,500000,1000,,234001.0,0.6395833492279053,0.6400672793388367,0.6187499761581421,0.6630004048347473,1043,1428651869,3,1
235001,1920,3525015,451201920,23520,0.6187499761581421,128,235000,1.035083532333374,1920,17,1,500000,1000,,235001.0,0.6385416388511658,0.6400688886642456,0.6208333373069763,0.663096010684967,1047,1428651869,3,1
236001,1920,3540015,453121920,23520,0.6208333373069763,128,236000,1.0387587547302246,1920,17,1,500000,1000,,236001.0,0.6390625238418579,0.6400724053382874,0.6187499761581421,0.6633575558662415,1051,1428651869,3,1
237001,1920,3555015,455041920,23520,0.6187499761581421,128,237000,1.0424606800079346,1920,17,1,500000,1000,,237001.0,0.6390625238418579,0.6400715112686157,0.6187499761581421,0.6634309887886047,1055,1428651869,3,1
238001,1920,3570015,456961920,23520,0.6187499761581421,128,238000,1.0461246967315674,1920,17,1,500000,1000,,238001.0,0.6395833492279053,0.6400728225708008,0.6145833134651184,0.6633159518241882,1058,1428651869,3,1
239001,1920,3585015,458881920,23520,0.6145833134651184,128,239000,1.049818754196167,1920,17,1,500000,1000,,239001.0,0.6385416388511658,0.64006507396698,0.6166666746139526,0.6633570790290833,1062,1428651869,3,1
240001,1920,3600015,460801920,23520,0.6166666746139526,128,240000,1.05372953414917,1920,17,1,500000,1000,,240001.0,0.6401041746139526,0.6400689482688904,0.6166666746139526,0.6631610989570618,1066,1428651869,3,1
241001,1920,3615015,462721920,23520,0.6166666746139526,128,241000,1.057572364807129,1920,17,1,500000,1000,,241001.0,0.637499988079071,0.640072762966156,0.6145833134651184,0.6635554432868958,1070,1428651869,3,1
242001,1920,3630015,464641920,23520,0.6145833134651184,128,242000,1.061220407485962,1920,17,1,500000,1000,,242001.0,0.6369791626930237,0.6400693655014038,0.6166666746139526,0.6633614301681519,1073,1428651869,3,1
243001,1920,3645015,466561920,23520,0.6166666746139526,128,243000,1.0649032592773438,1920,17,1,500000,1000,,243001.0,0.637499988079071,0.6400763988494873,0.6145833134651184,0.6636228561401367,1077,1428651869,3,1
244001,1920,3660015,468481920,23520,0.6145833134651184,128,244000,1.068528175354004,1920,17,1,500000,1000,,244001.0,0.6380208134651184,0.6400710344314575,0.6187499761581421,0.6633525490760803,1081,1428651869,3,1
245001,1920,3675015,470401920,23520,0.6187499761581421,128,245000,1.0722103118896484,1920,17,1,500000,1000,,245001.0,0.6385416388511658,0.6400654315948486,0.6187499761581421,0.6632881760597229,1085,1428651869,3,1
246001,1920,3690015,472321920,23520,0.6187499761581421,128,246000,1.0758802890777588,1920,17,1,500000,1000,,246001.0,0.6395833492279053,0.640066385269165,0.6145833134651184,0.663099467754364,1088,1428651869,3,1
247001,1920,3705015,474241920,23520,0.6145833134651184,128,247000,1.0795619487762451,1920,17,1,500000,1000,,247001.0,0.6401041746139526,0.6400700807571411,0.6187499761581421,0.6632589101791382,1092,1428651869,3,1
248001,1920,3720015,476161920,23520,0.6187499761581421,128,248000,1.0832138061523438,1920,17,1,500000,1000,,248001.0,0.6390625238418579,0.64007169008255,0.6145833134651184,0.6636649966239929,1096,1428651869,3,1
249001,1920,3735015,478081920,23520,0.6145833134651184,128,249000,1.0869178771972656,1920,17,1,500000,1000,,249001.0,0.6395833492279053,0.6400754451751709,0.6166666746139526,0.6632779240608215,1100,1428651869,3,1
250001,1920,3750015,480001920,23520,0.6166666746139526,128,250000,1.0905859470367432,1920,17,1,500000,1000,,250001.0,0.6395833492279053,0.6400679349899292,0.6166666746139526,0.6632630825042725,1103,1428651869,3,1
251001,1920,3765015,481921920,23520,0.6166666746139526,128,251000,1.094336986541748,1920,17,1,500000,1000,,251001.0,0.6401041746139526,0.6400710344314575,0.6166666746139526,0.6631113290786743,1107,1428651869,3,1
252001,1920,3780015,483841920,23520,0.6166666746139526,128,252000,1.0980100631713867,1920,17,1,500000,1000,,252001.0,0.6390625238418579,0.6400700807571411,0.6166666746139526,0.663619339466095,1111,1428651869,3,1
253001,1920,3795015,485761920,23520,0.6166666746139526,128,253000,1.1017160415649414,1920,17,1,500000,1000,,253001.0,0.6385416388511658,0.6400666832923889,0.6166666746139526,0.6633029580116272,1115,1428651869,3,1
254001,1920,3810015,487681920,23520,0.6166666746139526,128,254000,1.1054341793060303,1920,17,1,500000,1000,,254001.0,0.6380208134651184,0.6400715708732605,0.6166666746139526,0.6631938815116882,1118,1428651869,3,1
255001,1920,3825015,489601920,23520,0.6166666746139526,128,255000,1.1094005107879639,1920,17,1,500000,1000,,255001.0,0.6395833492279053,0.6400731205940247,0.6166666746139526,0.663206934928894,1122,1428651869,3,1
256001,1920,3840015,491521920,23520,0.6166666746139526,128,256000,1.1130683422088623,1920,17,1,500000,1000,,256001.0,0.640625,0.6400665640830994,0.6187499761581421,0.6632838845252991,1126,1428651869,3,1
257001,1920,3855015,493441920,23520,0.6187499761581421,128,257000,1.1178243160247803,1920,17,1,500000,1000,,257001.0,0.637499988079071,0.640065610408783,0.6145833134651184,0.6634104251861572,1130,1428651869,3,1
258001,1920,3870015,495361920,23520,0.6145833134651184,128,258000,1.1215753555297852,1920,17,1,500000,1000,,258001.0,0.6385416388511658,0.6400688290596008,0.6145833134651184,0.6630740761756897,1133,1428651869,3,1
259001,1920,3885015,497281920,23520,0.6145833134651184,128,259000,1.1252753734588623,1920,17,1,500000,1000,,259001.0,0.6401041746139526,0.6400677561759949,0.6208333373069763,0.66347336769104,1137,1428651869,3,1
260001,1920,3900015,499201920,23520,0.6208333373069763,128,260000,1.1291084289550781,1920,17,1,500000,1000,,260001.0,0.637499988079071,0.6400697231292725,0.6166666746139526,0.6632115840911865,1141,1428651869,3,1
261001,1920,3915015,501121920,23520,0.6166666746139526,128,261000,1.1328074932098389,1920,17,1,500000,1000,,261001.0,0.637499988079071,0.6400692462921143,0.6145833134651184,0.6633890867233276,1145,1428651869,3,1
262001,1920,3930015,503041920,23520,0.6145833134651184,128,262000,1.1364524364471436,1920,17,1,500000,1000,,262001.0,0.6380208134651184,0.640066921710968,0.6145833134651184,0.6634420156478882,1148,1428651869,3,1
263001,1920,3945015,504961920,23520,0.6145833134651184,128,263000,1.140120506286621,1920,17,1,500000,1000,,263001.0,0.637499988079071,0.6400692462921143,0.6145833134651184,0.6632899045944214,1152,1428651869,3,1
264001,1920,3960015,506881920,23520,0.6145833134651184,128,264000,1.1437838077545166,1920,17,1,500000,1000,,264001.0,0.6380208134651184,0.6400653719902039,0.6166666746139526,0.6630094051361084,1156,1428651869,3,1
265001,1920,3975015,508801920,23520,0.6166666746139526,128,265000,1.1474366188049316,1920,17,1,500000,1000,,265001.0,0.6385416388511658,0.6400676965713501,0.6187499761581421,0.6633090972900391,1160,1428651869,3,1
266001,1920,3990015,510721920,23520,0.6187499761581421,128,266000,1.1511375904083252,1920,17,1,500000,1000,,266001.0,0.6385416388511658,0.6400740146636963,0.6145833134651184,0.6632230877876282,1163,1428651869,3,1
267001,1920,4005015,512641920,23520,0.6145833134651184,128,267000,1.1547467708587646,1920,17,1,500000,1000,,267001.0,0.6369791626930237,0.6400731205940247,0.6166666746139526,0.6633167266845703,1167,1428651869,3,1
268001,1920,4020015,514561920,23520,0.6166666746139526,128,268000,1.158390760421753,1920,17,1,500000,1000,,268001.0,0.6385416388511658,0.6400787830352783,0.6166666746139526,0.6636558175086975,1171,1428651869,3,1
269001,1920,4035015,516481920,23520,0.6166666746139526,128,269000,1.1620206832885742,1920,17,1,500000,1000,,269001.0,0.6395833492279053,0.6400696635246277,0.6166666746139526,0.6632763147354126,1175,1428651869,3,1
270001,1920,4050015,518401920,23520,0.6166666746139526,128,270000,1.1656687259674072,1920,17,1,500000,1000,,270001.0,0.6380208134651184,0.6400707364082336,0.6145833134651184,0.6635449528694153,1178,1428651869,3,1
271001,1920,4065015,520321920,23520,0.6145833134651184,128,271000,1.169299602508545,1920,17,1,500000,1000,,271001.0,0.6390625238418579,0.6400704979896545,0.6166666746139526,0.6633853316307068,1182,1428651869,3,1
272001,1920,4080015,522241920,23520,0.6166666746139526,128,272000,1.1729187965393066,1920,17,1,500000,1000,,272001.0,0.6380208134651184,0.6400671601295471,0.6145833134651184,0.663180410861969,1186,1428651869,3,1
273001,1920,4095015,524161920,23520,0.6145833134651184,128,273000,1.1765646934509277,1920,17,1,500000,1000,,273001.0,0.637499988079071,0.6400693655014038,0.6187499761581421,0.663123369216919,1189,1428651869,3,1
274001,1920,4110015,526081920,23520,0.6187499761581421,128,274000,1.1802427768707275,1920,17,1,500000,1000,,274001.0,0.637499988079071,0.6400690674781799,0.6145833134651184,0.663343071937561,1193,1428651869,3,1
275001,1920,4125015,528001920,23520,0.6145833134651184,128,275000,1.1839628219604492,1920,17,1,500000,1000,,275001.0,0.6395833492279053,0.6400750279426575,0.6166666746139526,0.6635666489601135,1197,1428651869,3,1
276001,1920,4140015,529921920,23520,0.6166666746139526,128,276000,1.1876237392425537,1920,17,1,500000,1000,,276001.0,0.6395833492279053,0.6400774717330933,0.6187499761581421,0.6631993651390076,1201,1428651869,3,1
277001,1920,4155015,531841920,23520,0.6187499761581421,128,277000,1.1912477016448975,1920,17,1,500000,1000,,277001.0,0.6390625238418579,0.6400697827339172,0.6187499761581421,0.6632607579231262,1204,1428651869,3,1
278001,1920,4170015,533761920,23520,0.6187499761581421,128,278000,1.1952598094940186,1920,17,1,500000,1000,,278001.0,0.6395833492279053,0.6400696039199829,0.6166666746139526,0.6631349921226501,1208,1428651869,3,1
279001,1920,4185015,535681920,23520,0.6166666746139526,128,279000,1.1989426612854004,1920,17,1,500000,1000,,279001.0,0.6395833492279053,0.6400682330131531,0.6187499761581421,0.6633261442184448,1212,1428651869,3,1
280001,1920,4200015,537601920,23520,0.6187499761581421,128,280000,1.2025785446166992,1920,17,1,500000,1000,,280001.0,0.6395833492279053,0.6400684118270874,0.6145833134651184,0.6633880734443665,1216,1428651869,3,1
281001,1920,4215015,539521920,23520,0.6145833134651184,128,281000,1.206282615661621,1920,17,1,500000,1000,,281001.0,0.6390625238418579,0.6400715112686157,0.6187499761581421,0.6631767749786377,1219,1428651869,3,1
282001,1920,4230015,541441920,23520,0.6187499761581421,128,282000,1.209904670715332,1920,17,1,500000,1000,,282001.0,0.6385416388511658,0.6400768756866455,0.6187499761581421,0.6627776026725769,1223,1428651869,3,1
283001,1920,4245015,543361920,23520,0.6187499761581421,128,283000,1.2139766216278076,1920,17,1,500000,1000,,283001.0,0.6380208134651184,0.6400684118270874,0.6187499761581421,0.6632717251777649,1227,1428651869,3,1
284001,1920,4260015,545281920,23520,0.6187499761581421,128,284000,1.217893362045288,1920,17,1,500000,1000,,284001.0,0.6395833492279053,0.6400679349899292,0.6187499761581421,0.6633622050285339,1231,1428651869,3,1
285001,1920,4275015,547201920,23520,0.6187499761581421,128,285000,1.2215936183929443,1920,17,1,500000,1000,,285001.0,0.6390625238418579,0.6400680541992188,0.6145833134651184,0.6633383631706238,1235,1428651869,3,1
286001,1920,4290015,549121920,23520,0.6145833134651184,128,286000,1.2252604961395264,1920,17,1,500000,1000,,286001.0,0.637499988079071,0.6400675177574158,0.6187499761581421,0.6632559299468994,1238,1428651869,3,1
287001,1920,4305015,551041920,23520,0.6187499761581421,128,287000,1.2289667129516602,1920,17,1,500000,1000,,287001.0,0.6390625238418579,0.6400684714317322,0.6166666746139526,0.6632861495018005,1242,1428651869,3,1
288001,1920,4320015,552961920,23520,0.6166666746139526,128,288000,1.2325916290283203,1920,17,1,500000,1000,,288001.0,0.6395833492279053,0.6400687098503113,0.6145833134651184,0.6631723046302795,1246,1428651869,3,1
289001,1920,4335015,554881920,23520,0.6145833134651184,128,289000,1.2362587451934814,1920,17,1,500000,1000,,289001.0,0.6395833492279053,0.6400693655014038,0.6187499761581421,0.6633046269416809,1250,1428651869,3,1
290001,1920,4350015,556801920,23520,0.6187499761581421,128,290000,1.2402498722076416,1920,17,1,500000,1000,,290001.0,0.637499988079071,0.6400659680366516,0.6145833134651184,0.663421630859375,1253,1428651869,3,1
291001,1920,4365015,558721920,23520,0.6145833134651184,128,291000,1.2439470291137695,1920,17,1,500000,1000,,291001.0,0.640625,0.6400743722915649,0.6166666746139526,0.6634213924407959,1257,1428651869,3,1
292001,1920,4380015,560641920,23520,0.6166666746139526,128,292000,1.248244047164917,1920,17,1,500000,1000,,292001.0,0.6401041746139526,0.6400679349899292,0.6166666746139526,0.6633966565132141,1261,1428651869,3,1
293001,1920,4395015,562561920,23520,0.6166666746139526,128,293000,1.2518959045410156,1920,17,1,500000,1000,,293001.0,0.6390625238418579,0.640067994594574,0.6145833134651184,0.6633080840110779,1265,1428651869,3,1
294001,1920,4410015,564481920,23520,0.6145833134651184,128,294000,1.2556509971618652,1920,17,1,500000,1000,,294001.0,0.6385416388511658,0.6400682330131531,0.6166666746139526,0.663202702999115,1269,1428651869,3,1
295001,1920,4425015,566401920,23520,0.6166666746139526,128,295000,1.259303092956543,1920,17,1,500000,1000,,295001.0,0.6395833492279053,0.6400720477104187,0.6208333373069763,0.6630435585975647,1272,1428651869,3,1
296001,1920,4440015,568321920,23520,0.6208333373069763,128,296000,1.262939214706421,1920,17,1,500000,1000,,296001.0,0.6390625238418579,0.6400688290596008,0.6145833134651184,0.6632630228996277,1276,1428651869,3,1
297001,1920,4455015,570241920,23520,0.6145833134651184,128,297000,1.2668142318725586,1920,17,1,500000,1000,,297001.0,0.6390625238418579,0.6400663256645203,0.6166666746139526,0.6631723046302795,1280,1428651869,3,1
298001,1920,4470015,572161920,23520,0.6166666746139526,128,298000,1.2704510688781738,1920,17,1,500000,1000,,298001.0,0.6390625238418579,0.6400709748268127,0.6187499761581421,0.6627634763717651,1284,1428651869,3,1
299001,1920,4485015,574081920,23520,0.6187499761581421,128,299000,1.2740590572357178,1920,17,1,500000,1000,,299001.0,0.6395833492279053,0.6400704979896545,0.6166666746139526,0.6633678674697876,1287,1428651869,3,1
300001,1920,4500015,576001920,23520,0.6166666746139526,128,300000,1.2777438163757324,1920,17,1,500000,1000,,300001.0,0.6390625238418579,0.6400763392448425,0.6187499761581421,0.6634484529495239,1291,1428651869,3,1
301001,1920,4515015,577921920,23520,0.6187499761581421,128,301000,1.2813889980316162,1920,17,1,500000,1000,,301001.0,0.640625,0.6400688290596008,0.6187499761581421,0.663479745388031,1295,1428651869,3,1
302001,1920,4530015,579841920,23520,0.6187499761581421,128,302000,1.2852590084075928,1920,17,1,500000,1000,,302001.0,0.6395833492279053,0.6400704979896545,0.6166666746139526,0.6629468202590942,1298,1428651869,3,1
303001,1920,4545015,581761920,23520,0.6166666746139526,128,303000,1.2891428470611572,1920,17,1,500000,1000,,303001.0,0.6390625238418579,0.6400667428970337,0.6145833134651184,0.6633415818214417,1302,1428651869,3,1
304001,1920,4560015,583681920,23520,0.6145833134651184,128,304000,1.2929527759552002,1920,17,1,500000,1000,,304001.0,0.6395833492279053,0.6400691866874695,0.6208333373069763,0.6632397770881653,1306,1428651869,3,1
305001,1920,4575015,585601920,23520,0.6208333373069763,128,305000,1.2968089580535889,1920,17,1,500000,1000,,305001.0,0.6390625238418579,0.640071451663971,0.6166666746139526,0.6630032658576965,1310,1428651869,3,1
306001,1920,4590015,587521920,23520,0.6166666746139526,128,306000,1.300455093383789,1920,17,1,500000,1000,,306001.0,0.6401041746139526,0.640069305896759,0.6187499761581421,0.6632742285728455,1313,1428651869,3,1
307001,1920,4605015,589441920,23520,0.6187499761581421,128,307000,1.3041892051696777,1920,17,1,500000,1000,,307001.0,0.6385416388511658,0.6400673985481262,0.612500011920929,0.6634305119514465,1317,1428651869,3,1
308001,1920,4620015,591361920,23520,0.612500011920929,128,308000,1.3078272342681885,1920,17,1,500000,1000,,308001.0,0.6380208134651184,0.6400654911994934,0.6166666746139526,0.6632872819900513,1321,1428651869,3,1
309001,1920,4635015,593281920,23520,0.6166666746139526,128,309000,1.3115463256835938,1920,17,1,500000,1000,,309001.0,0.6401041746139526,0.640067994594574,0.6187499761581421,0.6632548570632935,1325,1428651869,3,1
310001,1920,4650015,595201920,23520,0.6187499761581421,128,310000,1.315216064453125,1920,17,1,500000,1000,,310001.0,0.6401041746139526,0.6400703191757202,0.6208333373069763,0.6633309125900269,1328,1428651869,3,1
311001,1920,4665015,597121920,23520,0.6208333373069763,128,311000,1.3188509941101074,1920,17,1,500000,1000,,311001.0,0.6385416388511658,0.6400676369667053,0.6166666746139526,0.66336590051651,1332,1428651869,3,1
312001,1920,4680015,599041920,23520,0.6166666746139526,128,312000,1.3225038051605225,1920,17,1,500000,1000,,312001.0,0.6401041746139526,0.6400689482688904,0.6166666746139526,0.6630754470825195,1336,1428651869,3,1
313001,1920,4695015,600961920,23520,0.6166666746139526,128,313000,1.326169729232788,1920,17,1,500000,1000,,313001.0,0.6385416388511658,0.6400681734085083,0.6187499761581421,0.663280189037323,1339,1428651869,3,1
314001,1920,4710015,602881920,23520,0.6187499761581421,128,314000,1.3297998905181885,1920,17,1,500000,1000,,314001.0,0.6390625238418579,0.6400720477104187,0.6145833134651184,0.6633776426315308,1343,1428651869,3,1
315001,1920,4725015,604801920,23520,0.6145833134651184,128,315000,1.3335237503051758,1920,17,1,500000,1000,,315001.0,0.6395833492279053,0.6400671601295471,0.6145833134651184,0.663371205329895,1347,1428651869,3,1
316001,1920,4740015,606721920,23520,0.6145833134651184,128,316000,1.3371589183807373,1920,17,1,500000,1000,,316001.0,0.6395833492279053,0.6400699019432068,0.6145833134651184,0.6634709239006042,1351,1428651869,3,1
317001,1920,4755015,608641920,23520,0.6145833134651184,128,317000,1.3407750129699707,1920,17,1,500000,1000,,317001.0,0.6385416388511658,0.6400681734085083,0.6187499761581421,0.663379967212677,1354,1428651869,3,1
318001,1920,4770015,610561920,23520,0.6187499761581421,128,318000,1.3444099426269531,1920,17,1,500000,1000,,318001.0,0.6385416388511658,0.6400732398033142,0.6187499761581421,0.6633283495903015,1358,1428651869,3,1
319001,1920,4785015,612481920,23520,0.6187499761581421,128,319000,1.3480758666992188,1920,17,1,500000,1000,,319001.0,0.6385416388511658,0.6400693655014038,0.6187499761581421,0.6634837985038757,1362,1428651869,3,1
320001,1920,4800015,614401920,23520,0.6187499761581421,128,320000,1.3518681526184082,1920,17,1,500000,1000,,320001.0,0.6401041746139526,0.6400743722915649,0.6187499761581421,0.6635103821754456,1365,1428651869,3,1
321001,1920,4815015,616321920,23520,0.6187499761581421,128,321000,1.3554811477661133,1920,17,1,500000,1000,,321001.0,0.6395833492279053,0.6400719285011292,0.6187499761581421,0.6632663607597351,1369,1428651869,3,1
322001,1920,4830015,618241920,23520,0.6187499761581421,128,322000,1.3590891361236572,1920,17,1,500000,1000,,322001.0,0.6380208134651184,0.6400660872459412,0.6145833134651184,0.6632620692253113,1373,1428651869,3,1
323001,1920,4845015,620161920,23520,0.6145833134651184,128,323000,1.3633480072021484,1920,17,1,500000,1000,,323001.0,0.6380208134651184,0.6400671601295471,0.6166666746139526,0.6632092595100403,1376,1428651869,3,1
324001,1920,4860015,622081920,23520,0.6166666746139526,128,324000,1.367300271987915,1920,17,1,500000,1000,,324001.0,0.6390625238418579,0.640071451663971,0.6166666746139526,0.6633476614952087,1380,1428651869,3,1
325001,1920,4875015,624001920,23520,0.6166666746139526,128,325000,1.3709585666656494,1920,17,1,500000,1000,,325001.0,0.637499988079071,0.6400673985481262,0.6145833134651184,0.6631367802619934,1384,1428651869,3,1
326001,1920,4890015,625921920,23520,0.6145833134651184,128,326000,1.3751225471496582,1920,17,1,500000,1000,,326001.0,0.6390625238418579,0.6400676965713501,0.6145833134651184,0.6634674072265625,1388,1428651869,3,1
327001,1920,4905015,627841920,23520,0.6145833134651184,128,327000,1.3787457942962646,1920,17,1,500000,1000,,327001.0,0.6390625238418579,0.6400694251060486,0.6187499761581421,0.6634683012962341,1391,1428651869,3,1
328001,1920,4920015,629761920,23520,0.6187499761581421,128,328000,1.382375955581665,1920,17,1,500000,1000,,328001.0,0.6390625238418579,0.6400688290596008,0.6166666746139526,0.6634857654571533,1395,1428651869,3,1
329001,1920,4935015,631681920,23520,0.6166666746139526,128,329000,1.3860459327697754,1920,17,1,500000,1000,,329001.0,0.6385416388511658,0.6400703191757202,0.6145833134651184,0.6632114052772522,1399,1428651869,3,1
330001,1920,4950015,633601920,23520,0.6145833134651184,128,330000,1.389699935913086,1920,17,1,500000,1000,,330001.0,0.6385416388511658,0.6400756239891052,0.612500011920929,0.6636015176773071,1402,1428651869,3,1
331001,1920,4965015,635521920,23520,0.612500011920929,128,331000,1.3933777809143066,1920,17,1,500000,1000,,331001.0,0.6401041746139526,0.6400683522224426,0.6166666746139526,0.663131833076477,1406,1428651869,3,1
332001,1920,4980015,637441920,23520,0.6166666746139526,128,332000,1.397042989730835,1920,17,1,500000,1000,,332001.0,0.6390625238418579,0.640074610710144,0.6187499761581421,0.6631112694740295,1410,1428651869,3,1
333001,1920,4995015,639361920,23520,0.6187499761581421,128,333000,1.4006950855255127,1920,17,1,500000,1000,,333001.0,0.6395833492279053,0.6400673985481262,0.6166666746139526,0.6630232930183411,1414,1428651869,3,1
334001,1920,5010015,641281920,23520,0.6166666746139526,128,334000,1.4043259620666504,1920,17,1,500000,1000,,334001.0,0.6385416388511658,0.6400660276412964,0.6145833134651184,0.6630745530128479,1417,1428651869,3,1
335001,1920,5025015,643201920,23520,0.6145833134651184,128,335000,1.408247947692871,1920,17,1,500000,1000,,335001.0,0.6390625238418579,0.6400705575942993,0.6166666746139526,0.6633273363113403,1421,1428651869,3,1
336001,1920,5040015,645121920,23520,0.6166666746139526,128,336000,1.4120097160339355,1920,17,1,500000,1000,,336001.0,0.6380208134651184,0.6400697827339172,0.6187499761581421,0.6633909344673157,1425,1428651869,3,1
337001,1920,5055015,647041920,23520,0.6187499761581421,128,337000,1.415862798690796,1920,17,1,500000,1000,,337001.0,0.6390625238418579,0.640071451663971,0.6166666746139526,0.6633797883987427,1429,1428651869,3,1
338001,1920,5070015,648961920,23520,0.6166666746139526,128,338000,1.4195008277893066,1920,17,1,500000,1000,,338001.0,0.6380208134651184,0.6400755047798157,0.6166666746139526,0.6635733246803284,1433,1428651869,3,1
339001,1920,5085015,650881920,23520,0.6166666746139526,128,339000,1.4231398105621338,1920,17,1,500000,1000,,339001.0,0.6395833492279053,0.6400708556175232,0.6166666746139526,0.6632223725318909,1437,1428651869,3,1
340001,1920,5100015,652801920,23520,0.6166666746139526,128,340000,1.426769733428955,1920,17,1,500000,1000,,340001.0,0.637499988079071,0.6400744318962097,0.6166666746139526,0.6630384922027588,1441,1428651869,3,1
341001,1920,5115015,654721920,23520,0.6166666746139526,128,341000,1.4304139614105225,1920,17,1,500000,1000,,341001.0,0.6401041746139526,0.6400665044784546,0.6187499761581421,0.6632755994796753,1444,1428651869,3,1
342001,1920,5130015,656641920,23520,0.6187499761581421,128,342000,1.4340620040893555,1920,17,1,500000,1000,,342001.0,0.6380208134651184,0.6400685906410217,0.6166666746139526,0.6630061268806458,1448,1428651869,3,1
343001,1920,5145015,658561920,23520,0.6166666746139526,128,343000,1.4377338886260986,1920,17,1,500000,1000,,343001.0,0.6395833492279053,0.6400682926177979,0.6187499761581421,0.6633682250976562,1452,1428651869,3,1
344001,1920,5160015,660481920,23520,0.6187499761581421,128,344000,1.4413959980010986,1920,17,1,500000,1000,,344001.0,0.6380208134651184,0.6400790810585022,0.6166666746139526,0.6633853316307068,1455,1428651869,3,1
345001,1920,5175015,662401920,23520,0.6166666746139526,128,345000,1.4451572895050049,1920,17,1,500000,1000,,345001.0,0.6390625238418579,0.6400691866874695,0.6145833134651184,0.6635653972625732,1459,1428651869,3,1
346001,1920,5190015,664321920,23520,0.6145833134651184,128,346000,1.4488224983215332,1920,17,1,500000,1000,,346001.0,0.6401041746139526,0.6400700211524963,0.6187499761581421,0.6635793447494507,1463,1428651869,3,1
347001,1920,5205015,666241920,23520,0.6187499761581421,128,347000,1.453007459640503,1920,17,1,500000,1000,,347001.0,0.6411458253860474,0.6400697231292725,0.6208333373069763,0.6631162762641907,1467,1428651869,3,1
348001,1920,5220015,668161920,23520,0.6208333373069763,128,348000,1.4567832946777344,1920,17,1,500000,1000,,348001.0,0.637499988079071,0.6400684118270874,0.612500011920929,0.6634784936904907,1471,1428651869,3,1
349001,1920,5235015,670081920,23520,0.612500011920929,128,349000,1.4604172706604004,1920,17,1,500000,1000,,349001.0,0.6401041746139526,0.6400689482688904,0.6187499761581421,0.6630575656890869,1475,1428651869,3,1
350001,1920,5250015,672001920,23520,0.6187499761581421,128,350000,1.4639811515808105,1920,17,1,500000,1000,,350001.0,0.6390625238418579,0.6400706171989441,0.6166666746139526,0.6633259057998657,1479,1428651869,3,1
351001,1920,5265015,673921920,23520,0.6166666746139526,128,351000,1.4677801132202148,1920,17,1,500000,1000,,351001.0,0.6380208134651184,0.640073835849762,0.6187499761581421,0.6630175113677979,1482,1428651869,3,1
352001,1920,5280015,675841920,23520,0.6187499761581421,128,352000,1.4718902111053467,1920,17,1,500000,1000,,352001.0,0.6390625238418579,0.6400688886642456,0.6145833134651184,0.6633758544921875,1486,1428651869,3,1
353001,1920,5295015,677761920,23520,0.6145833134651184,128,353000,1.4758429527282715,1920,17,1,500000,1000,,353001.0,0.6380208134651184,0.6400657892227173,0.6166666746139526,0.663409411907196,1490,1428651869,3,1
354001,1920,5310015,679681920,23520,0.6166666746139526,128,354000,1.4800570011138916,1920,17,1,500000,1000,,354001.0,0.6385416388511658,0.6400676369667053,0.6145833134651184,0.6631797552108765,1494,1428651869,3,1
355001,1920,5325015,681601920,23520,0.6145833134651184,128,355000,1.4839770793914795,1920,17,1,500000,1000,,355001.0,0.6390625238418579,0.6400713324546814,0.6208333373069763,0.6629655361175537,1499,1428651869,3,1
356001,1920,5340015,683521920,23520,0.6208333373069763,128,356000,1.4884209632873535,1920,17,1,500000,1000,,356001.0,0.6380208134651184,0.6400744318962097,0.6166666746139526,0.6629765629768372,1503,1428651869,3,1
357001,1920,5355015,685441920,23520,0.6166666746139526,128,357000,1.4922997951507568,1920,17,1,500000,1000,,357001.0,0.6395833492279053,0.6400710940361023,0.6166666746139526,0.6631671786308289,1507,1428651869,3,1
358001,1920,5370015,687361920,23520,0.6166666746139526,128,358000,1.4972507953643799,1920,17,1,500000,1000,,358001.0,0.6395833492279053,0.6400669813156128,0.6187499761581421,0.6633465886116028,1511,1428651869,3,1
359001,1920,5385015,689281920,23520,0.6187499761581421,128,359000,1.5022938251495361,1920,17,1,500000,1000,,359001.0,0.6390625238418579,0.6400672793388367,0.6166666746139526,0.6632766723632812,1516,1428651869,3,1
360001,1920,5400015,691201920,23520,0.6166666746139526,128,360000,1.507483959197998,1920,17,1,500000,1000,,360001.0,0.6385416388511658,0.6400694251060486,0.6166666746139526,0.6631761193275452,1520,1428651869,3,1
361001,1920,5415015,693121920,23520,0.6166666746139526,128,361000,1.5119140148162842,1920,17,1,500000,1000,,361001.0,0.6390625238418579,0.6400712728500366,0.6145833134651184,0.6630772948265076,1524,1428651869,3,1
362001,1920,5430015,695041920,23520,0.6145833134651184,128,362000,1.516568899154663,1920,17,1,500000,1000,,362001.0,0.6390625238418579,0.6400651335716248,0.6145833134651184,0.6632503867149353,1528,1428651869,3,1
363001,1920,5445015,696961920,23520,0.6145833134651184,128,363000,1.5223729610443115,1920,17,1,500000,1000,,363001.0,0.6390625238418579,0.6400648355484009,0.6166666746139526,0.6633673906326294,1533,1428651869,3,1
364001,1920,5460015,698881920,23520,0.6166666746139526,128,364000,1.5267417430877686,1920,17,1,500000,1000,,364001.0,0.6395833492279053,0.6400651335716248,0.6166666746139526,0.6632958650588989,1537,1428651869,3,1
365001,1920,5475015,700801920,23520,0.6166666746139526,128,365000,1.5306227207183838,1920,17,1,500000,1000,,365001.0,0.6401041746139526,0.6400746703147888,0.6187499761581421,0.6633516550064087,1542,1428651869,3,1
366001,1920,5490015,702721920,23520,0.6187499761581421,128,366000,1.5346198081970215,1920,17,1,500000,1000,,366001.0,0.6395833492279053,0.6400691270828247,0.6166666746139526,0.6631540060043335,1546,1428651869,3,1
367001,1920,5505015,704641920,23520,0.6166666746139526,128,367000,1.5383567810058594,1920,17,1,500000,1000,,367001.0,0.6385416388511658,0.6400719881057739,0.6145833134651184,0.6635864973068237,1550,1428651869,3,1
368001,1920,5520015,706561920,23520,0.6145833134651184,128,368000,1.542527675628662,1920,17,1,500000,1000,,368001.0,0.6390625238418579,0.6400750279426575,0.6166666746139526,0.663694441318512,1554,1428651869,3,1
369001,1920,5535015,708481920,23520,0.6166666746139526,128,369000,1.5518624782562256,1920,17,1,500000,1000,,369001.0,0.6395833492279053,0.6400660872459412,0.6166666746139526,0.6633926033973694,1558,1428651869,3,1
370001,1920,5550015,710401920,23520,0.6166666746139526,128,370000,1.5561435222625732,1920,17,1,500000,1000,,370001.0,0.6385416388511658,0.6400699019432068,0.6145833134651184,0.6634600162506104,1562,1428651869,3,1
371001,1920,5565015,712321920,23520,0.6145833134651184,128,371000,1.5607047080993652,1920,17,1,500000,1000,,371001.0,0.637499988079071,0.6400786638259888,0.6145833134651184,0.66321861743927,1566,1428651869,3,1
372001,1920,5580015,714241920,23520,0.6145833134651184,128,372000,1.5651028156280518,1920,17,1,500000,1000,,372001.0,0.6380208134651184,0.6400678753852844,0.6166666746139526,0.6635045409202576,1570,1428651869,3,1
373001,1920,5595015,716161920,23520,0.6166666746139526,128,373000,1.5688557624816895,1920,17,1,500000,1000,,373001.0,0.6385416388511658,0.640069842338562,0.6187499761581421,0.6631901860237122,1574,1428651869,3,1
374001,1920,5610015,718081920,23520,0.6187499761581421,128,374000,1.572991132736206,1920,17,1,500000,1000,,374001.0,0.6369791626930237,0.6400666832923889,0.6166666746139526,0.663223147392273,1578,1428651869,3,1
375001,1920,5625015,720001920,23520,0.6166666746139526,128,375000,1.5767631530761719,1920,17,1,500000,1000,,375001.0,0.6395833492279053,0.6400711536407471,0.6166666746139526,0.6631823182106018,1582,1428651869,3,1
376001,1920,5640015,721921920,23520,0.6166666746139526,128,376000,1.5808141231536865,1920,17,1,500000,1000,,376001.0,0.6385416388511658,0.6400689482688904,0.6145833134651184,0.6634406447410583,1587,1428651869,3,1
377001,1920,5655015,723841920,23520,0.6145833134651184,128,377000,1.5846781730651855,1920,17,1,500000,1000,,377001.0,0.6395833492279053,0.6400667428970337,0.6166666746139526,0.6631094813346863,1591,1428651869,3,1
378001,1920,5670015,725761920,23520,0.6166666746139526,128,378000,1.5885679721832275,1920,17,1,500000,1000,,378001.0,0.6385416388511658,0.6400684118270874,0.6166666746139526,0.6632407307624817,1595,1428651869,3,1
379001,1920,5685015,727681920,23520,0.6166666746139526,128,379000,1.5944740772247314,1920,17,1,500000,1000,,379001.0,0.640625,0.6400696039199829,0.6187499761581421,0.6631507873535156,1600,1428651869,3,1
380001,1920,5700015,729601920,23520,0.6187499761581421,128,380000,1.5983963012695312,1920,17,1,500000,1000,,380001.0,0.6401041746139526,0.6400724649429321,0.6208333373069763,0.6634953022003174,1605,1428651869,3,1
381001,1920,5715015,731521920,23520,0.6208333373069763,128,381000,1.6020889282226562,1920,17,1,500000,1000,,381001.0,0.6390625238418579,0.6400740742683411,0.6187499761581421,0.6634055972099304,1608,1428651869,3,1
382001,1920,5730015,733441920,23520,0.6187499761581421,128,382000,1.6057689189910889,1920,17,1,500000,1000,,382001.0,0.6401041746139526,0.6400666832923889,0.6187499761581421,0.6633042693138123,1612,1428651869,3,1
383001,1920,5745015,735361920,23520,0.6187499761581421,128,383000,1.609767198562622,1920,17,1,500000,1000,,383001.0,0.6380208134651184,0.6400693655014038,0.6166666746139526,0.6632700562477112,1616,1428651869,3,1
384001,1920,5760015,737281920,23520,0.6166666746139526,128,384000,1.6134464740753174,1920,17,1,500000,1000,,384001.0,0.6390625238418579,0.6400672793388367,0.6187499761581421,0.6632973551750183,1620,1428651869,3,1
385001,1920,5775015,739201920,23520,0.6187499761581421,128,385000,1.6171293258666992,1920,17,1,500000,1000,,385001.0,0.6395833492279053,0.640067994594574,0.6166666746139526,0.6633186340332031,1624,1428651869,3,1
386001,1920,5790015,741121920,23520,0.6166666746139526,128,386000,1.6208844184875488,1920,17,1,500000,1000,,386001.0,0.6390625238418579,0.6400713324546814,0.6187499761581421,0.6633481383323669,1629,1428651869,3,1
387001,1920,5805015,743041920,23520,0.6187499761581421,128,387000,1.6246073246002197,1920,17,1,500000,1000,,387001.0,0.6390625238418579,0.6400673389434814,0.6166666746139526,0.6634678244590759,1633,1428651869,3,1
388001,1920,5820015,744961920,23520,0.6166666746139526,128,388000,1.6284584999084473,1920,17,1,500000,1000,,388001.0,0.6401041746139526,0.64007568359375,0.6145833134651184,0.6634511947631836,1637,1428651869,3,1
389001,1920,5835015,746881920,23520,0.6145833134651184,128,389000,1.6321983337402344,1920,17,1,500000,1000,,389001.0,0.6395833492279053,0.6400737166404724,0.6166666746139526,0.663422703742981,1641,1428651869,3,1
390001,1920,5850015,748801920,23520,0.6166666746139526,128,390000,1.6362383365631104,1920,17,1,500000,1000,,390001.0,0.6395833492279053,0.6400712132453918,0.6166666746139526,0.6632682681083679,1645,1428651869,3,1
391001,1920,5865015,750721920,23520,0.6166666746139526,128,391000,1.6400222778320312,1920,17,1,500000,1000,,391001.0,0.6390625238418579,0.6400679349899292,0.6208333373069763,0.6633386611938477,1649,1428651869,3,1
392001,1920,5880015,752641920,23520,0.6208333373069763,128,392000,1.6438472270965576,1920,17,1,500000,1000,,392001.0,0.6390625238418579,0.6400660872459412,0.6166666746139526,0.6633672714233398,1653,1428651869,3,1
393001,1920,5895015,754561920,23520,0.6166666746139526,128,393000,1.6475510597229004,1920,17,1,500000,1000,,393001.0,0.6380208134651184,0.6400684118270874,0.6145833134651184,0.6632677316665649,1657,1428651869,3,1
394001,1920,5910015,756481920,23520,0.6145833134651184,128,394000,1.6517760753631592,1920,17,1,500000,1000,,394001.0,0.6385416388511658,0.6400736570358276,0.6145833134651184,0.663666844367981,1661,1428651869,3,1
395001,1920,5925015,758401920,23520,0.6145833134651184,128,395000,1.65578031539917,1920,17,1,500000,1000,,395001.0,0.6380208134651184,0.6400663256645203,0.6166666746139526,0.6633344888687134,1665,1428651869,3,1
396001,1920,5940015,760321920,23520,0.6166666746139526,128,396000,1.659513235092163,1920,17,1,500000,1000,,396001.0,0.6380208134651184,0.6400727033615112,0.6166666746139526,0.6633772253990173,1668,1428651869,3,1
397001,1920,5955015,762241920,23520,0.6166666746139526,128,397000,1.6634821891784668,1920,17,1,500000,1000,,397001.0,0.6390625238418579,0.6400654911994934,0.6166666746139526,0.6631839871406555,1672,1428651869,3,1
398001,1920,5970015,764161920,23520,0.6166666746139526,128,398000,1.6672914028167725,1920,17,1,500000,1000,,398001.0,0.6401041746139526,0.6400700807571411,0.6166666746139526,0.6634278893470764,1677,1428651869,3,1
399001,1920,5985015,766081920,23520,0.6166666746139526,128,399000,1.6716973781585693,1920,17,1,500000,1000,,399001.0,0.6385416388511658,0.6400676965713501,0.6166666746139526,0.6633732318878174,1681,1428651869,3,1
400001,1920,6000015,768001920,23520,0.6166666746139526,128,400000,1.6756622791290283,1920,17,1,500000,1000,,400001.0,0.6390625238418579,0.6400667428970337,0.6187499761581421,0.663275957107544,1684,1428651869,3,1
401001,1920,6015015,769921920,23520,0.6187499761581421,128,401000,1.6797473430633545,1920,17,1,500000,1000,,401001.0,0.6385416388511658,0.640070915222168,0.6187499761581421,0.6631041765213013,1688,1428651869,3,1
402001,1920,6030015,771841920,23520,0.6187499761581421,128,402000,1.6834123134613037,1920,17,1,500000,1000,,402001.0,0.6395833492279053,0.6400675177574158,0.6208333373069763,0.6629964709281921,1692,1428651869,3,1
403001,1920,6045015,773761920,23520,0.6208333373069763,128,403000,1.6872141361236572,1920,17,1,500000,1000,,403001.0,0.6385416388511658,0.6400699615478516,0.6145833134651184,0.6632091403007507,1696,1428651869,3,1
404001,1920,6060015,775681920,23520,0.6145833134651184,128,404000,1.6909599304199219,1920,17,1,500000,1000,,404001.0,0.6395833492279053,0.6400680541992188,0.6145833134651184,0.6633945107460022,1700,1428651869,3,1
405001,1920,6075015,777601920,23520,0.6145833134651184,128,405000,1.6947479248046875,1920,17,1,500000,1000,,405001.0,0.6395833492279053,0.6400701403617859,0.6187499761581421,0.6629839539527893,1704,1428651869,3,1
406001,1920,6090015,779521920,23520,0.6187499761581421,128,406000,1.6987669467926025,1920,17,1,500000,1000,,406001.0,0.6395833492279053,0.6400685906410217,0.6166666746139526,0.6634899377822876,1708,1428651869,3,1
407001,1920,6105015,781441920,23520,0.6166666746139526,128,407000,1.7024900913238525,1920,17,1,500000,1000,,407001.0,0.6385416388511658,0.6400721073150635,0.6166666746139526,0.6634079217910767,1712,1428651869,3,1
408001,1920,6120015,783361920,23520,0.6166666746139526,128,408000,1.7062480449676514,1920,17,1,500000,1000,,408001.0,0.6380208134651184,0.6400734186172485,0.6145833134651184,0.6631724834442139,1716,1428651869,3,1
409001,1920,6135015,785281920,23520,0.6145833134651184,128,409000,1.7103540897369385,1920,17,1,500000,1000,,409001.0,0.6390625238418579,0.6400715708732605,0.6166666746139526,0.6632649302482605,1720,1428651869,3,1
410001,1920,6150015,787201920,23520,0.6166666746139526,128,410000,1.7140212059020996,1920,17,1,500000,1000,,410001.0,0.6385416388511658,0.640072226524353,0.6145833134651184,0.6631596088409424,1724,1428651869,3,1
411001,1920,6165015,789121920,23520,0.6145833134651184,128,411000,1.7177331447601318,1920,17,1,500000,1000,,411001.0,0.6390625238418579,0.640066921710968,0.6166666746139526,0.6633006930351257,1728,1428651869,3,1
412001,1920,6180015,791041920,23520,0.6166666746139526,128,412000,1.7216403484344482,1920,17,1,500000,1000,,412001.0,0.6380208134651184,0.6400665640830994,0.6145833134651184,0.6634743213653564,1732,1428651869,3,1
413001,1920,6195015,792961920,23520,0.6145833134651184,128,413000,1.725656270980835,1920,17,1,500000,1000,,413001.0,0.6395833492279053,0.6400726437568665,0.6145833134651184,0.6633604168891907,1739,1428651869,3,1
414001,1920,6210015,794881920,23520,0.6145833134651184,128,414000,1.7297961711883545,1920,17,1,500000,1000,,414001.0,0.6390625238418579,0.6400678157806396,0.612500011920929,0.6635885834693909,1745,1428651869,3,1
415001,1920,6225015,796801920,23520,0.612500011920929,128,415000,1.7369251251220703,1920,17,1,500000,1000,,415001.0,0.637499988079071,0.6400728225708008,0.6166666746139526,0.6633265018463135,1751,1428651869,3,1
416001,1920,6240015,798721920,23520,0.6166666746139526,128,416000,1.7446231842041016,1920,17,1,500000,1000,,416001.0,0.6385416388511658,0.6400676369667053,0.612500011920929,0.6634160876274109,1760,1428651869,3,1
417001,1920,6255015,800641920,23520,0.612500011920929,128,417000,1.750629186630249,1920,17,1,500000,1000,,417001.0,0.6380208134651184,0.6400675177574158,0.6166666746139526,0.6632823348045349,1767,1428651869,3,1
418001,1920,6270015,802561920,23520,0.6166666746139526,128,418000,1.754324197769165,1920,17,1,500000,1000,,418001.0,0.6390625238418579,0.6400667428970337,0.6166666746139526,0.663101077079773,1774,1428651869,3,1
419001,1920,6285015,804481920,23520,0.6166666746139526,128,419000,1.7581422328948975,1920,17,1,500000,1000,,419001.0,0.6395833492279053,0.640072226524353,0.6208333373069763,0.6629626154899597,1780,1428651869,3,1
420001,1920,6300015,806401920,23520,0.6208333373069763,128,420000,1.7630252838134766,1920,17,1,500000,1000,,420001.0,0.6385416388511658,0.6400666832923889,0.6187499761581421,0.6632004976272583,1786,1428651869,3,1
421001,1920,6315015,808321920,23520,0.6187499761581421,128,421000,1.7918751239776611,1920,17,1,500000,1000,,421001.0,0.6401041746139526,0.6400655508041382,0.6187499761581421,0.6630131602287292,1795,1428651869,3,1
422001,1920,6330015,810241920,23520,0.6187499761581421,128,422000,1.795520305633545,1920,17,1,500000,1000,,422001.0,0.6395833492279053,0.6400691270828247,0.6166666746139526,0.6635273098945618,1800,1428651869,3,1
423001,1920,6345015,812161920,23520,0.6166666746139526,128,423000,1.7990965843200684,1920,17,1,500000,1000,,423001.0,0.6390625238418579,0.6400707364082336,0.6145833134651184,0.6634130477905273,1804,1428651869,3,1
424001,1920,6360015,814081920,23520,0.6145833134651184,128,424000,1.8026916980743408,1920,17,1,500000,1000,,424001.0,0.640625,0.6400746703147888,0.6145833134651184,0.6633848547935486,1808,1428651869,3,1
425001,1920,6375015,816001920,23520,0.6145833134651184,128,425000,1.8063099384307861,1920,17,1,500000,1000,,425001.0,0.6390625238418579,0.6400699615478516,0.6208333373069763,0.6630426049232483,1811,1428651869,3,1
426001,1920,6390015,817921920,23520,0.6208333373069763,128,426000,1.8099231719970703,1920,17,1,500000,1000,,426001.0,0.6380208134651184,0.6400704979896545,0.6166666746139526,0.6634595990180969,1815,1428651869,3,1
427001,1920,6405015,819841920,23520,0.6166666746139526,128,427000,1.813565969467163,1920,17,1,500000,1000,,427001.0,0.6380208134651184,0.6400688886642456,0.6166666746139526,0.663360595703125,1819,1428651869,3,1
428001,1920,6420015,821761920,23520,0.6166666746139526,128,428000,1.8171908855438232,1920,17,1,500000,1000,,428001.0,0.6395833492279053,0.6400679349899292,0.6166666746139526,0.663248598575592,1822,1428651869,3,1
429001,1920,6435015,823681920,23520,0.6166666746139526,128,429000,1.8208248615264893,1920,17,1,500000,1000,,429001.0,0.6385416388511658,0.6400669813156128,0.612500011920929,0.663458526134491,1826,1428651869,3,1
430001,1920,6450015,825601920,23520,0.612500011920929,128,430000,1.8243627548217773,1920,17,1,500000,1000,,430001.0,0.6390625238418579,0.640065610408783,0.6166666746139526,0.6633248925209045,1830,1428651869,3,1
431001,1920,6465015,827521920,23520,0.6166666746139526,128,431000,1.8279826641082764,1920,17,1,500000,1000,,431001.0,0.6385416388511658,0.6400704979896545,0.6187499761581421,0.6632040143013,1834,1428651869,3,1
432001,1920,6480015,829441920,23520,0.6187499761581421,128,432000,1.8321337699890137,1920,17,1,500000,1000,,432001.0,0.6390625238418579,0.6400646567344666,0.6145833134651184,0.6632496118545532,1837,1428651869,3,1
433001,1920,6495015,831361920,23520,0.6145833134651184,128,433000,1.835770845413208,1920,17,1,500000,1000,,433001.0,0.6385416388511658,0.6400636434555054,0.6166666746139526,0.6633591055870056,1841,1428651869,3,1
434001,1920,6510015,833281920,23520,0.6166666746139526,128,434000,1.8405048847198486,1920,17,1,500000,1000,,434001.0,0.6395833492279053,0.6400676965713501,0.6166666746139526,0.6632700562477112,1845,1428651869,3,1
435001,1920,6525015,835201920,23520,0.6166666746139526,128,435000,1.844054937362671,1920,17,1,500000,1000,,435001.0,0.6390625238418579,0.6400724053382874,0.6166666746139526,0.6636512875556946,1849,1428651869,3,1
436001,1920,6540015,837121920,23520,0.6166666746139526,128,436000,1.8476169109344482,1920,17,1,500000,1000,,436001.0,0.6395833492279053,0.640068769454956,0.6187499761581421,0.6629849076271057,1852,1428651869,3,1
437001,1920,6555015,839041920,23520,0.6187499761581421,128,437000,1.8512108325958252,1920,17,1,500000,1000,,437001.0,0.6380208134651184,0.6400688290596008,0.6145833134651184,0.6634851098060608,1856,1428651869,3,1
438001,1920,6570015,840961920,23520,0.6145833134651184,128,438000,1.8559761047363281,1920,17,1,500000,1000,,438001.0,0.6390625238418579,0.6400735378265381,0.6166666746139526,0.6633407473564148,1860,1428651869,3,1
439001,1920,6585015,842881920,23520,0.6166666746139526,128,439000,1.8597333431243896,1920,17,1,500000,1000,,439001.0,0.6395833492279053,0.640069842338562,0.6166666746139526,0.6633557081222534,1865,1428651869,3,1
440001,1920,6600015,844801920,23520,0.6166666746139526,128,440000,1.863358497619629,1920,17,1,500000,1000,,440001.0,0.6385416388511658,0.6400718092918396,0.6145833134651184,0.6631195545196533,1869,1428651869,3,1
441001,1920,6615015,846721920,23520,0.6145833134651184,128,441000,1.866969347000122,1920,17,1,500000,1000,,441001.0,0.6385416388511658,0.6400660276412964,0.6145833134651184,0.6633837223052979,1872,1428651869,3,1
442001,1920,6630015,848641920,23520,0.6145833134651184,128,442000,1.8707401752471924,1920,17,1,500000,1000,,442001.0,0.6369791626930237,0.6400676965713501,0.6166666746139526,0.6634637713432312,1876,1428651869,3,1
443001,1920,6645015,850561920,23520,0.6166666746139526,128,443000,1.8743751049041748,1920,17,1,500000,1000,,443001.0,0.6401041746139526,0.6400669813156128,0.6187499761581421,0.6631902456283569,1880,1428651869,3,1
444001,1920,6660015,852481920,23520,0.6187499761581421,128,444000,1.8780043125152588,1920,17,1,500000,1000,,444001.0,0.6380208134651184,0.6400715708732605,0.6145833134651184,0.6633332967758179,1883,1428651869,3,1
445001,1920,6675015,854401920,23520,0.6145833134651184,128,445000,1.8816585540771484,1920,17,1,500000,1000,,445001.0,0.6380208134651184,0.6400693655014038,0.6145833134651184,0.6633435487747192,1887,1428651869,3,1
446001,1920,6690015,856321920,23520,0.6145833134651184,128,446000,1.8852756023406982,1920,17,1,500000,1000,,446001.0,0.6380208134651184,0.6400738954544067,0.6187499761581421,0.6633005142211914,1891,1428651869,3,1
447001,1920,6705015,858241920,23520,0.6187499761581421,128,447000,1.8890635967254639,1920,17,1,500000,1000,,447001.0,0.6390625238418579,0.6400682926177979,0.6145833134651184,0.6632114052772522,1894,1428651869,3,1
448001,1920,6720015,860161920,23520,0.6145833134651184,128,448000,1.8926587104797363,1920,17,1,500000,1000,,448001.0,0.6385416388511658,0.6400676965713501,0.6166666746139526,0.6631670594215393,1898,1428651869,3,1
449001,1920,6735015,862081920,23520,0.6166666746139526,128,449000,1.8964848518371582,1920,17,1,500000,1000,,449001.0,0.6390625238418579,0.6400703191757202,0.6166666746139526,0.6635109186172485,1902,1428651869,3,1
450001,1920,6750015,864001920,23520,0.6166666746139526,128,450000,1.9000966548919678,1920,17,1,500000,1000,,450001.0,0.6385416388511658,0.6400733590126038,0.6166666746139526,0.6629448533058167,1906,1428651869,3,1
451001,1920,6765015,865921920,23520,0.6166666746139526,128,451000,1.9037036895751953,1920,17,1,500000,1000,,451001.0,0.637499988079071,0.6400687098503113,0.6187499761581421,0.6633946895599365,1909,1428651869,3,1
452001,1920,6780015,867841920,23520,0.6187499761581421,128,452000,1.907501459121704,1920,17,1,500000,1000,,452001.0,0.6395833492279053,0.6400708556175232,0.6145833134651184,0.663207471370697,1913,1428651869,3,1
453001,1920,6795015,869761920,23520,0.6145833134651184,128,453000,1.9111411571502686,1920,17,1,500000,1000,,453001.0,0.6385416388511658,0.6400692462921143,0.6145833134651184,0.6634786128997803,1917,1428651869,3,1
454001,1920,6810015,871681920,23520,0.6145833134651184,128,454000,1.914750337600708,1920,17,1,500000,1000,,454001.0,0.6395833492279053,0.6400708556175232,0.6145833134651184,0.6634601354598999,1920,1428651869,3,1
455001,1920,6825015,873601920,23520,0.6145833134651184,128,455000,1.9183223247528076,1920,17,1,500000,1000,,455001.0,0.6395833492279053,0.6400695443153381,0.6145833134651184,0.6631668210029602,1924,1428651869,3,1
456001,1920,6840015,875521920,23520,0.6145833134651184,128,456000,1.9219205379486084,1920,17,1,500000,1000,,456001.0,0.6395833492279053,0.6400669813156128,0.6187499761581421,0.6634380221366882,1928,1428651869,3,1
457001,1920,6855015,877441920,23520,0.6187499761581421,128,457000,1.9255335330963135,1920,17,1,500000,1000,,457001.0,0.6385416388511658,0.6400672197341919,0.6145833134651184,0.6632030010223389,1931,1428651869,3,1
458001,1920,6870015,879361920,23520,0.6145833134651184,128,458000,1.929358720779419,1920,17,1,500000,1000,,458001.0,0.6380208134651184,0.640066921710968,0.6145833134651184,0.6631156802177429,1935,1428651869,3,1
459001,1920,6885015,881281920,23520,0.6145833134651184,128,459000,1.9329726696014404,1920,17,1,500000,1000,,459001.0,0.6380208134651184,0.6400679349899292,0.6166666746139526,0.6632797122001648,1939,1428651869,3,1
460001,1920,6900015,883201920,23520,0.6166666746139526,128,460000,1.9365825653076172,1920,17,1,500000,1000,,460001.0,0.640625,0.640070378780365,0.6166666746139526,0.6633659601211548,1942,1428651869,3,1
461001,1920,6915015,885121920,23520,0.6166666746139526,128,461000,1.9402174949645996,1920,17,1,500000,1000,,461001.0,0.6395833492279053,0.6400753855705261,0.6145833134651184,0.6632931232452393,1946,1428651869,3,1
462001,1920,6930015,887041920,23520,0.6145833134651184,128,462000,1.943873643875122,1920,17,1,500000,1000,,462001.0,0.6395833492279053,0.6400724649429321,0.6166666746139526,0.6631566882133484,1950,1428651869,3,1
463001,1920,6945015,888961920,23520,0.6166666746139526,128,463000,1.947697401046753,1920,17,1,500000,1000,,463001.0,0.6401041746139526,0.6400697827339172,0.6145833134651184,0.6636798977851868,1953,1428651869,3,1
464001,1920,6960015,890881920,23520,0.6145833134651184,128,464000,1.9513351917266846,1920,17,1,500000,1000,,464001.0,0.6390625238418579,0.6400762796401978,0.6187499761581421,0.6633110046386719,1957,1428651869,3,1
465001,1920,6975015,892801920,23520,0.6187499761581421,128,465000,1.954965353012085,1920,17,1,500000,1000,,465001.0,0.6390625238418579,0.6400686502456665,0.6166666746139526,0.6632673144340515,1961,1428651869,3,1
466001,1920,6990015,894721920,23520,0.6166666746139526,128,466000,1.9585645198822021,1920,17,1,500000,1000,,466001.0,0.640625,0.6400719881057739,0.6166666746139526,0.6633884906768799,1964,1428651869,3,1
467001,1920,7005015,896641920,23520,0.6166666746139526,128,467000,1.9625754356384277,1920,17,1,500000,1000,,467001.0,0.6390625238418579,0.64007169008255,0.6145833134651184,0.6631611585617065,1968,1428651869,3,1
468001,1920,7020015,898561920,23520,0.6145833134651184,128,468000,1.9661993980407715,1920,17,1,500000,1000,,468001.0,0.6395833492279053,0.6400678157806396,0.6145833134651184,0.6630927920341492,1972,1428651869,3,1
469001,1920,7035015,900481920,23520,0.6145833134651184,128,469000,1.969818353652954,1920,17,1,500000,1000,,469001.0,0.6395833492279053,0.6400653123855591,0.6166666746139526,0.6633979082107544,1975,1428651869,3,1
470001,1920,7050015,902401920,23520,0.6166666746139526,128,470000,1.9734361171722412,1920,17,1,500000,1000,,470001.0,0.6395833492279053,0.640067994594574,0.6208333373069763,0.6630979180335999,1979,1428651869,3,1
471001,1920,7065015,904321920,23520,0.6208333373069763,128,471000,1.9770472049713135,1920,17,1,500000,1000,,471001.0,0.6401041746139526,0.6400694251060486,0.6166666746139526,0.6631739139556885,1983,1428651869,3,1
472001,1920,7080015,906241920,23520,0.6166666746139526,128,472000,1.9806761741638184,1920,17,1,500000,1000,,472001.0,0.6380208134651184,0.6400719285011292,0.6187499761581421,0.6632034778594971,1986,1428651869,3,1
473001,1920,7095015,908161920,23520,0.6187499761581421,128,473000,1.9842703342437744,1920,17,1,500000,1000,,473001.0,0.6401041746139526,0.6400673985481262,0.6166666746139526,0.6630617380142212,1990,1428651869,3,1
474001,1920,7110015,910081920,23520,0.6166666746139526,128,474000,1.9880666732788086,1920,17,1,500000,1000,,474001.0,0.637499988079071,0.6400678157806396,0.6187499761581421,0.6634494662284851,1994,1428651869,3,1
475001,1920,7125015,912001920,23520,0.6187499761581421,128,475000,1.9916996955871582,1920,17,1,500000,1000,,475001.0,0.6390625238418579,0.6400668621063232,0.6145833134651184,0.6632815599441528,1997,1428651869,3,1
476001,1920,7140015,913921920,23520,0.6145833134651184,128,476000,1.9953975677490234,1920,17,1,500000,1000,,476001.0,0.6380208134651184,0.6400672793388367,0.6166666746139526,0.6633895635604858,2001,1428651869,3,1
477001,1920,7155015,915841920,23520,0.6166666746139526,128,477000,1.9991576671600342,1920,17,1,500000,1000,,477001.0,0.6401041746139526,0.6400696039199829,0.6187499761581421,0.6632862091064453,2005,1428651869,3,1
478001,1920,7170015,917761920,23520,0.6187499761581421,128,478000,2.002749443054199,1920,17,1,500000,1000,,478001.0,0.6380208134651184,0.6400735378265381,0.6187499761581421,0.6631485223770142,2008,1428651869,3,1
479001,1920,7185015,919681920,23520,0.6187499761581421,128,479000,2.0064125061035156,1920,17,1,500000,1000,,479001.0,0.6380208134651184,0.6400691270828247,0.6166666746139526,0.6634374856948853,2012,1428651869,3,1
480001,1920,7200015,921601920,23520,0.6166666746139526,128,480000,2.010075330734253,1920,17,1,500000,1000,,480001.0,0.6390625238418579,0.640071451663971,0.6145833134651184,0.6631307005882263,2016,1428651869,3,1
481001,1920,7215015,923521920,23520,0.6145833134651184,128,481000,2.0136642456054688,1920,17,1,500000,1000,,481001.0,0.6395833492279053,0.6400662064552307,0.6208333373069763,0.6632001996040344,2019,1428651869,3,1
482001,1920,7230015,925441920,23520,0.6208333373069763,128,482000,2.0172693729400635,1920,17,1,500000,1000,,482001.0,0.6401041746139526,0.6400683522224426,0.6187499761581421,0.6631479859352112,2023,1428651869,3,1
483001,1920,7245015,927361920,23520,0.6187499761581421,128,483000,2.020860433578491,1920,17,1,500000,1000,,483001.0,0.6395833492279053,0.6400685906410217,0.6145833134651184,0.6633341908454895,2027,1428651869,3,1
484001,1920,7260015,929281920,23520,0.6145833134651184,128,484000,2.024651288986206,1920,17,1,500000,1000,,484001.0,0.6395833492279053,0.6400690674781799,0.6187499761581421,0.6631653904914856,2030,1428651869,3,1
485001,1920,7275015,931201920,23520,0.6187499761581421,128,485000,2.0282561779022217,1920,17,1,500000,1000,,485001.0,0.6385416388511658,0.6400661468505859,0.6166666746139526,0.6634787321090698,2034,1428651869,3,1
486001,1920,7290015,933121920,23520,0.6166666746139526,128,486000,2.0318870544433594,1920,17,1,500000,1000,,486001.0,0.6380208134651184,0.6400667428970337,0.6145833134651184,0.6631984710693359,2038,1428651869,3,1
487001,1920,7305015,935041920,23520,0.6145833134651184,128,487000,2.0355141162872314,1920,17,1,500000,1000,,487001.0,0.6401041746139526,0.6400738954544067,0.6166666746139526,0.6632440090179443,2041,1428651869,3,1
488001,1920,7320015,936961920,23520,0.6166666746139526,128,488000,2.0391411781311035,1920,17,1,500000,1000,,488001.0,0.6385416388511658,0.6400697231292725,0.6145833134651184,0.6633316874504089,2045,1428651869,3,1
489001,1920,7335015,938881920,23520,0.6145833134651184,128,489000,2.0427792072296143,1920,17,1,500000,1000,,489001.0,0.640625,0.6400724053382874,0.6145833134651184,0.663174033164978,2049,1428651869,3,1
490001,1920,7350015,940801920,23520,0.6145833134651184,128,490000,2.046469211578369,1920,17,1,500000,1000,,490001.0,0.637499988079071,0.6400681138038635,0.6166666746139526,0.663272500038147,2052,1428651869,3,1
491001,1920,7365015,942721920,23520,0.6166666746139526,128,491000,2.050093173980713,1920,17,1,500000,1000,,491001.0,0.6390625238418579,0.6400715708732605,0.6166666746139526,0.6629855632781982,2056,1428651869,3,1
492001,1920,7380015,944641920,23520,0.6166666746139526,128,492000,2.053683042526245,1920,17,1,500000,1000,,492001.0,0.640625,0.6400700807571411,0.6166666746139526,0.6632814407348633,2060,1428651869,3,1
493001,1920,7395015,946561920,23520,0.6166666746139526,128,493000,2.0572750568389893,1920,17,1,500000,1000,,493001.0,0.6395833492279053,0.6400747299194336,0.6187499761581421,0.6634346842765808,2063,1428651869,3,1
494001,1920,7410015,948481920,23520,0.6187499761581421,128,494000,2.0609090328216553,1920,17,1,500000,1000,,494001.0,0.6380208134651184,0.6400699019432068,0.6145833134651184,0.6634013652801514,2067,1428651869,3,1
495001,1920,7425015,950401920,23520,0.6145833134651184,128,495000,2.0645270347595215,1920,17,1,500000,1000,,495001.0,0.6390625238418579,0.6400690674781799,0.6145833134651184,0.6633152365684509,2071,1428651869,3,1
496001,1920,7440015,952321920,23520,0.6145833134651184,128,496000,2.068166971206665,1920,17,1,500000,1000,,496001.0,0.6385416388511658,0.6400684118270874,0.612500011920929,0.6632397770881653,2074,1428651869,3,1
497001,1920,7455015,954241920,23520,0.612500011920929,128,497000,2.0717670917510986,1920,17,1,500000,1000,,497001.0,0.6385416388511658,0.6400678753852844,0.6166666746139526,0.6631664037704468,2078,1428651869,3,1
498001,1920,7470015,956161920,23520,0.6166666746139526,128,498000,2.075390100479126,1920,17,1,500000,1000,,498001.0,0.6395833492279053,0.6400689482688904,0.6166666746139526,0.6632318496704102,2082,1428651869,3,1
499001,1920,7485015,958081920,23520,0.6166666746139526,128,499000,2.0790021419525146,1920,17,1,500000,1000,,499001.0,0.6395833492279053,0.6400665640830994,0.6187499761581421,0.6633161306381226,2085,1428651869,3,1
499998,1920,7499970,959996160,23520,0.6187499761581421,128,499997,2.0825912952423096,1920,17,1,500000,1000,,499998.0,0.6385416388511658,0.6400705575942993,0.6166666746139526,0.6634591221809387,2089,1428651869,3,1
499999,1920,7499985,959998080,23520,0.6166666746139526,128,499998,2.0863683223724365,1920,17,1,500000,1000,,499999.0,0.6385416388511658,0.6400700807571411,0.6166666746139526,0.6634798049926758,2089,1428651869,3,1
500000,1920,7500000,960000000,23520,0.6166666746139526,128,499999,2.089991331100464,1920,17,1,500000,1000,,500000.0,0.6385416388511658,0.6400696635246277,0.6166666746139526,0.6634587645530701,2089,1428651869,3,1
