pf_calls,num_answers,model_updates,num_grad_comps,answers_bytes,last_score,batch_size,k,elapsed_time,train_data,n,d,max_epochs,verbose,ident,_epochs,score_train,loss_train,score_test,loss_test,_elapsed_time,seed,run_id,dim
1,1920,15,1920,23520,0.5249999761581421,128,0,0.023247241973876953,1920,17,3,500000,1000,,1.0,0.5255208611488342,0.6931471228599548,0.5354166626930237,0.6931471228599548,0,1127449129,4,3
1001,1920,15015,1921920,23520,0.5354166626930237,128,1000,0.027053356170654297,1920,17,3,500000,1000,,1001.0,0.6604166626930237,0.6168655157089233,0.6520833373069763,0.6358576416969299,4,1127449129,4,3
2001,1920,30015,3841920,23520,0.6520833373069763,128,2000,0.030706405639648438,1920,17,3,500000,1000,,2001.0,0.6713541746139526,0.6058807969093323,0.6520833373069763,0.6227378845214844,9,1127449129,4,3
3001,1920,45015,5761920,23520,0.6520833373069763,128,3000,0.03439950942993164,1920,17,3,500000,1000,,3001.0,0.6729166507720947,0.6022542715072632,0.6520833373069763,0.618582546710968,13,1127449129,4,3
4001,1920,60015,7681920,23520,0.6520833373069763,128,4000,0.03806948661804199,1920,17,3,500000,1000,,4001.0,0.6755208373069763,0.6004296541213989,0.65625,0.6163836121559143,17,1127449129,4,3
5001,1920,75015,9601920,23520,0.65625,128,5000,0.042130470275878906,1920,17,3,500000,1000,,5001.0,0.6744791865348816,0.5993738770484924,0.6625000238418579,0.6155053377151489,21,1127449129,4,3
6001,1920,90015,11521920,23520,0.6625000238418579,128,6000,0.04593014717102051,1920,17,3,500000,1000,,6001.0,0.675000011920929,0.5986577272415161,0.6604166626930237,0.6145816445350647,25,1127449129,4,3
7001,1920,105015,13441920,23520,0.6604166626930237,128,7000,0.04961895942687988,1920,17,3,500000,1000,,7001.0,0.676562488079071,0.5981407761573792,0.6604166626930237,0.6140062808990479,29,1127449129,4,3
8001,1920,120015,15361920,23520,0.6604166626930237,128,8000,0.0534360408782959,1920,17,3,500000,1000,,8001.0,0.6744791865348816,0.5977471470832825,0.6645833253860474,0.6129581928253174,33,1127449129,4,3
9001,1920,135015,17281920,23520,0.6645833253860474,128,9000,0.0571131706237793,1920,17,3,500000,1000,,9001.0,0.6723958253860474,0.5974307656288147,0.6625000238418579,0.612808883190155,37,1127449129,4,3
10001,1920,150015,19201920,23520,0.6625000238418579,128,10000,0.06087613105773926,1920,17,3,500000,1000,,10001.0,0.6723958253860474,0.5971753597259521,0.6625000238418579,0.612051784992218,41,1127449129,4,3
11001,1920,165015,21121920,23520,0.6625000238418579,128,11000,0.06456518173217773,1920,17,3,500000,1000,,11001.0,0.6739583611488342,0.5969588160514832,0.6666666865348816,0.6115400791168213,45,1127449129,4,3
12001,1920,180015,23041920,23520,0.6666666865348816,128,12000,0.06838107109069824,1920,17,3,500000,1000,,12001.0,0.6739583611488342,0.5967847108840942,0.668749988079071,0.6113801598548889,49,1127449129,4,3
13001,1920,195015,24961920,23520,0.668749988079071,128,13000,0.07203912734985352,1920,17,3,500000,1000,,13001.0,0.671875,0.5966261625289917,0.6645833253860474,0.6108407378196716,53,1127449129,4,3
14001,1920,210015,26881920,23520,0.6645833253860474,128,14000,0.07573223114013672,1920,17,3,500000,1000,,14001.0,0.6723958253860474,0.5964981317520142,0.6645833253860474,0.6103656888008118,57,1127449129,4,3
15001,1920,225015,28801920,23520,0.6645833253860474,128,15000,0.07943058013916016,1920,17,3,500000,1000,,15001.0,0.6734374761581421,0.5963781476020813,0.6604166626930237,0.6103903651237488,61,1127449129,4,3
16001,1920,240015,30721920,23520,0.6604166626930237,128,16000,0.08316349983215332,1920,17,3,500000,1000,,16001.0,0.6708333492279053,0.5962782502174377,0.6625000238418579,0.6103499531745911,65,1127449129,4,3
17001,1920,255015,32641920,23520,0.6625000238418579,128,17000,0.08698153495788574,1920,17,3,500000,1000,,17001.0,0.6708333492279053,0.596194326877594,0.6604166626930237,0.6101382970809937,69,1127449129,4,3
18001,1920,270015,34561920,23520,0.6604166626930237,128,18000,0.09077858924865723,1920,17,3,500000,1000,,18001.0,0.6708333492279053,0.5961162447929382,0.6625000238418579,0.6099712252616882,73,1127449129,4,3
19001,1920,285015,36481920,23520,0.6625000238418579,128,19000,0.09442567825317383,1920,17,3,500000,1000,,19001.0,0.671875,0.5960530042648315,0.6583333611488342,0.6101003289222717,77,1127449129,4,3
20001,1920,300015,38401920,23520,0.6583333611488342,128,20000,0.09808468818664551,1920,17,3,500000,1000,,20001.0,0.6713541746139526,0.595986008644104,0.6604166626930237,0.6098549962043762,81,1127449129,4,3
21001,1920,315015,40321920,23520,0.6604166626930237,128,21000,0.10177183151245117,1920,17,3,500000,1000,,21001.0,0.671875,0.5959290862083435,0.6604166626930237,0.6092517375946045,85,1127449129,4,3
22001,1920,330015,42241920,23520,0.6604166626930237,128,22000,0.10543298721313477,1920,17,3,500000,1000,,22001.0,0.6729166507720947,0.5958771109580994,0.6625000238418579,0.6089867949485779,89,1127449129,4,3
23001,1920,345015,44161920,23520,0.6625000238418579,128,23000,0.10913586616516113,1920,17,3,500000,1000,,23001.0,0.6734374761581421,0.5958310961723328,0.6625000238418579,0.6090639233589172,92,1127449129,4,3
24001,1920,360015,46081920,23520,0.6625000238418579,128,24000,0.1128530502319336,1920,17,3,500000,1000,,24001.0,0.6729166507720947,0.5957835912704468,0.6625000238418579,0.6089652180671692,96,1127449129,4,3
25001,1920,375015,48001920,23520,0.6625000238418579,128,25000,0.11652302742004395,1920,17,3,500000,1000,,25001.0,0.6734374761581421,0.5957400798797607,0.6625000238418579,0.6088398694992065,100,1127449129,4,3
26001,1920,390015,49921920,23520,0.6625000238418579,128,26000,0.12042379379272461,1920,17,3,500000,1000,,26001.0,0.6734374761581421,0.5957015156745911,0.6625000238418579,0.6090003252029419,104,1127449129,4,3
27001,1920,405015,51841920,23520,0.6625000238418579,128,27000,0.12418770790100098,1920,17,3,500000,1000,,27001.0,0.6713541746139526,0.59566330909729,0.6625000238418579,0.608608603477478,108,1127449129,4,3
28001,1920,420015,53761920,23520,0.6625000238418579,128,28000,0.12787771224975586,1920,17,3,500000,1000,,28001.0,0.671875,0.5956246256828308,0.6666666865348816,0.6084319949150085,112,1127449129,4,3
29001,1920,435015,55681920,23520,0.6666666865348816,128,29000,0.1315629482269287,1920,17,3,500000,1000,,29001.0,0.671875,0.5955908894538879,0.6666666865348816,0.6088322997093201,116,1127449129,4,3
30001,1920,450015,57601920,23520,0.6666666865348816,128,30000,0.13521194458007812,1920,17,3,500000,1000,,30001.0,0.671875,0.5955630540847778,0.6666666865348816,0.6087151765823364,119,1127449129,4,3
31001,1920,465015,59521920,23520,0.6666666865348816,128,31000,0.13892507553100586,1920,17,3,500000,1000,,31001.0,0.6708333492279053,0.5955308675765991,0.668749988079071,0.6085240840911865,123,1127449129,4,3
32001,1920,480015,61441920,23520,0.668749988079071,128,32000,0.14258027076721191,1920,17,3,500000,1000,,32001.0,0.6713541746139526,0.5955026149749756,0.6645833253860474,0.6084678173065186,127,1127449129,4,3
33001,1920,495015,63361920,23520,0.6645833253860474,128,33000,0.14723944664001465,1920,17,3,500000,1000,,33001.0,0.671875,0.5954782962799072,0.6645833253860474,0.6079884767532349,131,1127449129,4,3
34001,1920,510015,65281920,23520,0.6645833253860474,128,34000,0.15096139907836914,1920,17,3,500000,1000,,34001.0,0.6697916388511658,0.5954509973526001,0.6666666865348816,0.6080047488212585,135,1127449129,4,3
35001,1920,525015,67201920,23520,0.6666666865348816,128,35000,0.1547555923461914,1920,17,3,500000,1000,,35001.0,0.6708333492279053,0.5954281091690063,0.6645833253860474,0.6080141067504883,139,1127449129,4,3
36001,1920,540015,69121920,23520,0.6645833253860474,128,36000,0.15848970413208008,1920,17,3,500000,1000,,36001.0,0.6692708134651184,0.5954017639160156,0.6666666865348816,0.6079550385475159,144,1127449129,4,3
37001,1920,555015,71041920,23520,0.6666666865348816,128,37000,0.16240572929382324,1920,17,3,500000,1000,,37001.0,0.6703125238418579,0.5953824520111084,0.668749988079071,0.6078908443450928,148,1127449129,4,3
38001,1920,570015,72961920,23520,0.668749988079071,128,38000,0.16609549522399902,1920,17,3,500000,1000,,38001.0,0.6697916388511658,0.5953636169433594,0.6645833253860474,0.6079960465431213,151,1127449129,4,3
39001,1920,585015,74881920,23520,0.6645833253860474,128,39000,0.16983747482299805,1920,17,3,500000,1000,,39001.0,0.6703125238418579,0.5953381061553955,0.6708333492279053,0.6078375577926636,155,1127449129,4,3
40001,1920,600015,76801920,23520,0.6708333492279053,128,40000,0.17351531982421875,1920,17,3,500000,1000,,40001.0,0.668749988079071,0.5953143239021301,0.6729166507720947,0.607628583908081,159,1127449129,4,3
41001,1920,615015,78721920,23520,0.6729166507720947,128,41000,0.1772172451019287,1920,17,3,500000,1000,,41001.0,0.6692708134651184,0.5952955484390259,0.6729166507720947,0.6074010133743286,163,1127449129,4,3
42001,1920,630015,80641920,23520,0.6729166507720947,128,42000,0.18104815483093262,1920,17,3,500000,1000,,42001.0,0.6692708134651184,0.5952771902084351,0.6729166507720947,0.6078116297721863,167,1127449129,4,3
43001,1920,645015,82561920,23520,0.6729166507720947,128,43000,0.18475914001464844,1920,17,3,500000,1000,,43001.0,0.668749988079071,0.5952542424201965,0.675000011920929,0.6079550981521606,171,1127449129,4,3
44001,1920,660015,84481920,23520,0.675000011920929,128,44000,0.18846702575683594,1920,17,3,500000,1000,,44001.0,0.6697916388511658,0.5952402353286743,0.675000011920929,0.6080056428909302,175,1127449129,4,3
45001,1920,675015,86401920,23520,0.675000011920929,128,45000,0.19214487075805664,1920,17,3,500000,1000,,45001.0,0.6677083373069763,0.5952256321907043,0.6791666746139526,0.607573390007019,179,1127449129,4,3
46001,1920,690015,88321920,23520,0.6791666746139526,128,46000,0.19586491584777832,1920,17,3,500000,1000,,46001.0,0.6677083373069763,0.5952094793319702,0.6791666746139526,0.607346773147583,182,1127449129,4,3
47001,1920,705015,90241920,23520,0.6791666746139526,128,47000,0.19957423210144043,1920,17,3,500000,1000,,47001.0,0.667187511920929,0.5951915383338928,0.6791666746139526,0.6075380444526672,186,1127449129,4,3
48001,1920,720015,92161920,23520,0.6791666746139526,128,48000,0.2032914161682129,1920,17,3,500000,1000,,48001.0,0.667187511920929,0.5951783657073975,0.6812499761581421,0.6076908111572266,190,1127449129,4,3
49001,1920,735015,94081920,23520,0.6812499761581421,128,49000,0.20698332786560059,1920,17,3,500000,1000,,49001.0,0.6661458611488342,0.5951632857322693,0.6812499761581421,0.6075233221054077,194,1127449129,4,3
50001,1920,750015,96001920,23520,0.6812499761581421,128,50000,0.21065497398376465,1920,17,3,500000,1000,,50001.0,0.6656249761581421,0.5951446890830994,0.6812499761581421,0.6075755953788757,198,1127449129,4,3
51001,1920,765015,97921920,23520,0.6812499761581421,128,51000,0.2142930030822754,1920,17,3,500000,1000,,51001.0,0.6656249761581421,0.5951389074325562,0.6812499761581421,0.6072942614555359,202,1127449129,4,3
52001,1920,780015,99841920,23520,0.6812499761581421,128,52000,0.2179868221282959,1920,17,3,500000,1000,,52001.0,0.6682291626930237,0.5951246023178101,0.6770833134651184,0.6075641512870789,205,1127449129,4,3
53001,1920,795015,101761920,23520,0.6770833134651184,128,53000,0.22170042991638184,1920,17,3,500000,1000,,53001.0,0.667187511920929,0.5951166749000549,0.6791666746139526,0.6074326634407043,209,1127449129,4,3
54001,1920,810015,103681920,23520,0.6791666746139526,128,54000,0.23240041732788086,1920,17,3,500000,1000,,54001.0,0.6682291626930237,0.595100998878479,0.6770833134651184,0.6077135801315308,213,1127449129,4,3
55001,1920,825015,105601920,23520,0.6770833134651184,128,55000,0.2360694408416748,1920,17,3,500000,1000,,55001.0,0.6656249761581421,0.5950871706008911,0.6791666746139526,0.6072012186050415,217,1127449129,4,3
56001,1920,840015,107521920,23520,0.6791666746139526,128,56000,0.23973941802978516,1920,17,3,500000,1000,,56001.0,0.6661458611488342,0.5950759649276733,0.6812499761581421,0.6074638962745667,221,1127449129,4,3
57001,1920,855015,109441920,23520,0.6812499761581421,128,57000,0.24338746070861816,1920,17,3,500000,1000,,57001.0,0.6656249761581421,0.5950607657432556,0.6812499761581421,0.6074085831642151,224,1127449129,4,3
58001,1920,870015,111361920,23520,0.6812499761581421,128,58000,0.24703383445739746,1920,17,3,500000,1000,,58001.0,0.667187511920929,0.59505295753479,0.6812499761581421,0.6073575615882874,228,1127449129,4,3
59001,1920,885015,113281920,23520,0.6812499761581421,128,59000,0.2507350444793701,1920,17,3,500000,1000,,59001.0,0.6656249761581421,0.5950416922569275,0.6833333373069763,0.6069647073745728,232,1127449129,4,3
60001,1920,900015,115201920,23520,0.6833333373069763,128,60000,0.25554990768432617,1920,17,3,500000,1000,,60001.0,0.6656249761581421,0.5950291752815247,0.6812499761581421,0.6072046756744385,236,1127449129,4,3
61001,1920,915015,117121920,23520,0.6812499761581421,128,61000,0.25929760932922363,1920,17,3,500000,1000,,61001.0,0.6656249761581421,0.5950237512588501,0.6833333373069763,0.6072235107421875,240,1127449129,4,3
62001,1920,930015,119041920,23520,0.6833333373069763,128,62000,0.26300740242004395,1920,17,3,500000,1000,,62001.0,0.6677083373069763,0.5950095653533936,0.6833333373069763,0.6073219180107117,244,1127449129,4,3
63001,1920,945015,120961920,23520,0.6833333373069763,128,63000,0.2667205333709717,1920,17,3,500000,1000,,63001.0,0.667187511920929,0.5950027704238892,0.6833333373069763,0.6071034669876099,247,1127449129,4,3
64001,1920,960015,122881920,23520,0.6833333373069763,128,64000,0.27046775817871094,1920,17,3,500000,1000,,64001.0,0.6677083373069763,0.5949916839599609,0.6812499761581421,0.6070078611373901,251,1127449129,4,3
65001,1920,975015,124801920,23520,0.6812499761581421,128,65000,0.27527761459350586,1920,17,3,500000,1000,,65001.0,0.668749988079071,0.5949888825416565,0.6770833134651184,0.6070271134376526,255,1127449129,4,3
66001,1920,990015,126721920,23520,0.6770833134651184,128,66000,0.27895593643188477,1920,17,3,500000,1000,,66001.0,0.6682291626930237,0.5949798822402954,0.6833333373069763,0.6070274114608765,259,1127449129,4,3
67001,1920,1005015,128641920,23520,0.6833333373069763,128,67000,0.28267502784729004,1920,17,3,500000,1000,,67001.0,0.668749988079071,0.5949744582176208,0.6791666746139526,0.6071999669075012,263,1127449129,4,3
68001,1920,1020015,130561920,23520,0.6791666746139526,128,68000,0.2863938808441162,1920,17,3,500000,1000,,68001.0,0.6697916388511658,0.5949640274047852,0.6812499761581421,0.6071075201034546,267,1127449129,4,3
69001,1920,1035015,132481920,23520,0.6812499761581421,128,69000,0.2900979518890381,1920,17,3,500000,1000,,69001.0,0.6692708134651184,0.594959557056427,0.6791666746139526,0.6068292260169983,271,1127449129,4,3
70001,1920,1050015,134401920,23520,0.6791666746139526,128,70000,0.29381799697875977,1920,17,3,500000,1000,,70001.0,0.6692708134651184,0.5949515104293823,0.6770833134651184,0.6070149540901184,275,1127449129,4,3
71001,1920,1065015,136321920,23520,0.6770833134651184,128,71000,0.2975168228149414,1920,17,3,500000,1000,,71001.0,0.6703125238418579,0.5949428677558899,0.6770833134651184,0.6072596907615662,279,1127449129,4,3
72001,1920,1080015,138241920,23520,0.6770833134651184,128,72000,0.30124402046203613,1920,17,3,500000,1000,,72001.0,0.668749988079071,0.5949366092681885,0.6812499761581421,0.6069830656051636,282,1127449129,4,3
73001,1920,1095015,140161920,23520,0.6812499761581421,128,73000,0.30487704277038574,1920,17,3,500000,1000,,73001.0,0.6682291626930237,0.5949355363845825,0.6791666746139526,0.607153594493866,286,1127449129,4,3
74001,1920,1110015,142081920,23520,0.6791666746139526,128,74000,0.30858922004699707,1920,17,3,500000,1000,,74001.0,0.6697916388511658,0.5949303507804871,0.6791666746139526,0.6069650650024414,290,1127449129,4,3
75001,1920,1125015,144001920,23520,0.6791666746139526,128,75000,0.3123002052307129,1920,17,3,500000,1000,,75001.0,0.6692708134651184,0.594921886920929,0.6770833134651184,0.6073575615882874,294,1127449129,4,3
76001,1920,1140015,145921920,23520,0.6770833134651184,128,76000,0.315981388092041,1920,17,3,500000,1000,,76001.0,0.6703125238418579,0.5949166417121887,0.675000011920929,0.6072540283203125,298,1127449129,4,3
77001,1920,1155015,147841920,23520,0.675000011920929,128,77000,0.3196697235107422,1920,17,3,500000,1000,,77001.0,0.6692708134651184,0.5949146747589111,0.6770833134651184,0.6073797345161438,302,1127449129,4,3
78001,1920,1170015,149761920,23520,0.6770833134651184,128,78000,0.32337379455566406,1920,17,3,500000,1000,,78001.0,0.668749988079071,0.5949105620384216,0.6791666746139526,0.6068336367607117,306,1127449129,4,3
79001,1920,1185015,151681920,23520,0.6791666746139526,128,79000,0.32718777656555176,1920,17,3,500000,1000,,79001.0,0.668749988079071,0.5949048399925232,0.6770833134651184,0.6070770621299744,310,1127449129,4,3
80001,1920,1200015,153601920,23520,0.6770833134651184,128,80000,0.3317427635192871,1920,17,3,500000,1000,,80001.0,0.6692708134651184,0.5948973298072815,0.6770833134651184,0.6069775223731995,314,1127449129,4,3
81001,1920,1215015,155521920,23520,0.6770833134651184,128,81000,0.3354179859161377,1920,17,3,500000,1000,,81001.0,0.6692708134651184,0.5948926210403442,0.6770833134651184,0.6070303320884705,317,1127449129,4,3
82001,1920,1230015,157441920,23520,0.6770833134651184,128,82000,0.3413369655609131,1920,17,3,500000,1000,,82001.0,0.6703125238418579,0.5948871970176697,0.675000011920929,0.6071392893791199,321,1127449129,4,3
83001,1920,1245015,159361920,23520,0.675000011920929,128,83000,0.34531092643737793,1920,17,3,500000,1000,,83001.0,0.6703125238418579,0.5948815941810608,0.6791666746139526,0.6070043444633484,325,1127449129,4,3
84001,1920,1260015,161281920,23520,0.6791666746139526,128,84000,0.34900355339050293,1920,17,3,500000,1000,,84001.0,0.6708333492279053,0.5948842167854309,0.675000011920929,0.6070976257324219,329,1127449129,4,3
85001,1920,1275015,163201920,23520,0.675000011920929,128,85000,0.35285353660583496,1920,17,3,500000,1000,,85001.0,0.6708333492279053,0.5948778986930847,0.675000011920929,0.6072275042533875,333,1127449129,4,3
86001,1920,1290015,165121920,23520,0.675000011920929,128,86000,0.3566884994506836,1920,17,3,500000,1000,,86001.0,0.6697916388511658,0.5948705673217773,0.6770833134651184,0.607218325138092,337,1127449129,4,3
87001,1920,1305015,167041920,23520,0.6770833134651184,128,87000,0.36038947105407715,1920,17,3,500000,1000,,87001.0,0.6708333492279053,0.5948716402053833,0.675000011920929,0.6072739958763123,341,1127449129,4,3
88001,1920,1320015,168961920,23520,0.675000011920929,128,88000,0.36408329010009766,1920,17,3,500000,1000,,88001.0,0.6708333492279053,0.5948643088340759,0.675000011920929,0.6069053411483765,345,1127449129,4,3
89001,1920,1335015,170881920,23520,0.675000011920929,128,89000,0.3677663803100586,1920,17,3,500000,1000,,89001.0,0.671875,0.5948657989501953,0.6729166507720947,0.606916069984436,349,1127449129,4,3
90001,1920,1350015,172801920,23520,0.6729166507720947,128,90000,0.3714754581451416,1920,17,3,500000,1000,,90001.0,0.668749988079071,0.5948588252067566,0.6812499761581421,0.6070428490638733,352,1127449129,4,3
91001,1920,1365015,174721920,23520,0.6812499761581421,128,91000,0.37515854835510254,1920,17,3,500000,1000,,91001.0,0.6703125238418579,0.5948587656021118,0.675000011920929,0.6069862246513367,356,1127449129,4,3
92001,1920,1380015,176641920,23520,0.675000011920929,128,92000,0.378875732421875,1920,17,3,500000,1000,,92001.0,0.6697916388511658,0.5948531627655029,0.6770833134651184,0.6069039702415466,360,1127449129,4,3
93001,1920,1395015,178561920,23520,0.6770833134651184,128,93000,0.38259196281433105,1920,17,3,500000,1000,,93001.0,0.6713541746139526,0.5948541164398193,0.675000011920929,0.6072226166725159,364,1127449129,4,3
94001,1920,1410015,180481920,23520,0.675000011920929,128,94000,0.3863370418548584,1920,17,3,500000,1000,,94001.0,0.6708333492279053,0.5948497653007507,0.6770833134651184,0.6069499850273132,368,1127449129,4,3
95001,1920,1425015,182401920,23520,0.6770833134651184,128,95000,0.3900289535522461,1920,17,3,500000,1000,,95001.0,0.6697916388511658,0.5948432087898254,0.6791666746139526,0.6071779131889343,372,1127449129,4,3
96001,1920,1440015,184321920,23520,0.6791666746139526,128,96000,0.39371490478515625,1920,17,3,500000,1000,,96001.0,0.6703125238418579,0.5948425531387329,0.675000011920929,0.6070482134819031,376,1127449129,4,3
97001,1920,1455015,186241920,23520,0.675000011920929,128,97000,0.3974308967590332,1920,17,3,500000,1000,,97001.0,0.6713541746139526,0.5948391556739807,0.6791666746139526,0.6071474552154541,380,1127449129,4,3
98001,1920,1470015,188161920,23520,0.6791666746139526,128,98000,0.40116190910339355,1920,17,3,500000,1000,,98001.0,0.6697916388511658,0.5948358178138733,0.6770833134651184,0.6069342494010925,384,1127449129,4,3
99001,1920,1485015,190081920,23520,0.6770833134651184,128,99000,0.4047977924346924,1920,17,3,500000,1000,,99001.0,0.6708333492279053,0.5948324799537659,0.6770833134651184,0.6070560812950134,388,1127449129,4,3
100001,1920,1500015,192001920,23520,0.6770833134651184,128,100000,0.40846681594848633,1920,17,3,500000,1000,,100001.0,0.6692708134651184,0.5948315858840942,0.6812499761581421,0.6071043610572815,391,1127449129,4,3
101001,1920,1515015,193921920,23520,0.6812499761581421,128,101000,0.4121887683868408,1920,17,3,500000,1000,,101001.0,0.6708333492279053,0.5948299765586853,0.6770833134651184,0.6073798537254333,395,1127449129,4,3
102001,1920,1530015,195841920,23520,0.6770833134651184,128,102000,0.4158756732940674,1920,17,3,500000,1000,,102001.0,0.6703125238418579,0.594828188419342,0.6770833134651184,0.6070398092269897,399,1127449129,4,3
103001,1920,1545015,197761920,23520,0.6770833134651184,128,103000,0.41968369483947754,1920,17,3,500000,1000,,103001.0,0.6708333492279053,0.5948267579078674,0.6770833134651184,0.6068874597549438,403,1127449129,4,3
104001,1920,1560015,199681920,23520,0.6770833134651184,128,104000,0.42339086532592773,1920,17,3,500000,1000,,104001.0,0.6713541746139526,0.5948241949081421,0.6770833134651184,0.6074472069740295,407,1127449129,4,3
105001,1920,1575015,201601920,23520,0.6770833134651184,128,105000,0.42705798149108887,1920,17,3,500000,1000,,105001.0,0.6713541746139526,0.594821035861969,0.6770833134651184,0.607464075088501,411,1127449129,4,3
106001,1920,1590015,203521920,23520,0.6770833134651184,128,106000,0.43077683448791504,1920,17,3,500000,1000,,106001.0,0.6697916388511658,0.5948209762573242,0.6812499761581421,0.6072547435760498,415,1127449129,4,3
107001,1920,1605015,205441920,23520,0.6812499761581421,128,107000,0.4355480670928955,1920,17,3,500000,1000,,107001.0,0.6708333492279053,0.5948237180709839,0.675000011920929,0.6073418259620667,419,1127449129,4,3
108001,1920,1620015,207361920,23520,0.675000011920929,128,108000,0.43947911262512207,1920,17,3,500000,1000,,108001.0,0.6713541746139526,0.594815194606781,0.6729166507720947,0.6077682375907898,423,1127449129,4,3
109001,1920,1635015,209281920,23520,0.6729166507720947,128,109000,0.4434702396392822,1920,17,3,500000,1000,,109001.0,0.6713541746139526,0.5948107838630676,0.6770833134651184,0.6072297692298889,427,1127449129,4,3
110001,1920,1650015,211201920,23520,0.6770833134651184,128,110000,0.4472200870513916,1920,17,3,500000,1000,,110001.0,0.6708333492279053,0.5948197841644287,0.6770833134651184,0.6070414781570435,433,1127449129,4,3
111001,1920,1665015,213121920,23520,0.6770833134651184,128,111000,0.45102906227111816,1920,17,3,500000,1000,,111001.0,0.6692708134651184,0.5948100686073303,0.6812499761581421,0.6074453592300415,437,1127449129,4,3
112001,1920,1680015,215041920,23520,0.6812499761581421,128,112000,0.4550049304962158,1920,17,3,500000,1000,,112001.0,0.6708333492279053,0.5948060154914856,0.6791666746139526,0.6075114011764526,441,1127449129,4,3
113001,1920,1695015,216961920,23520,0.6791666746139526,128,113000,0.45879101753234863,1920,17,3,500000,1000,,113001.0,0.6739583611488342,0.5948037505149841,0.6770833134651184,0.6074633002281189,445,1127449129,4,3
114001,1920,1710015,218881920,23520,0.6770833134651184,128,114000,0.4626021385192871,1920,17,3,500000,1000,,114001.0,0.6713541746139526,0.5948044657707214,0.6812499761581421,0.6073887348175049,449,1127449129,4,3
115001,1920,1725015,220801920,23520,0.6812499761581421,128,115000,0.4664280414581299,1920,17,3,500000,1000,,115001.0,0.6729166507720947,0.5948002934455872,0.6791666746139526,0.60725337266922,452,1127449129,4,3
116001,1920,1740015,222721920,23520,0.6791666746139526,128,116000,0.47036290168762207,1920,17,3,500000,1000,,116001.0,0.6729166507720947,0.5947991013526917,0.675000011920929,0.6072232127189636,456,1127449129,4,3
117001,1920,1755015,224641920,23520,0.675000011920929,128,117000,0.4746057987213135,1920,17,3,500000,1000,,117001.0,0.6739583611488342,0.5947971940040588,0.6729166507720947,0.6074458360671997,460,1127449129,4,3
118001,1920,1770015,226561920,23520,0.6729166507720947,128,118000,0.4784388542175293,1920,17,3,500000,1000,,118001.0,0.6734374761581421,0.5947948098182678,0.675000011920929,0.6072320938110352,464,1127449129,4,3
119001,1920,1785015,228481920,23520,0.675000011920929,128,119000,0.48256587982177734,1920,17,3,500000,1000,,119001.0,0.6723958253860474,0.5947988033294678,0.675000011920929,0.6074408888816833,468,1127449129,4,3
120001,1920,1800015,230401920,23520,0.675000011920929,128,120000,0.48634982109069824,1920,17,3,500000,1000,,120001.0,0.6734374761581421,0.5947943925857544,0.675000011920929,0.6076050400733948,472,1127449129,4,3
121001,1920,1815015,232321920,23520,0.675000011920929,128,121000,0.4900979995727539,1920,17,3,500000,1000,,121001.0,0.6734374761581421,0.5947926044464111,0.675000011920929,0.6068108677864075,476,1127449129,4,3
122001,1920,1830015,234241920,23520,0.675000011920929,128,122000,0.4938368797302246,1920,17,3,500000,1000,,122001.0,0.671875,0.5947895050048828,0.6770833134651184,0.6071769595146179,480,1127449129,4,3
123001,1920,1845015,236161920,23520,0.6770833134651184,128,123000,0.4976329803466797,1920,17,3,500000,1000,,123001.0,0.6723958253860474,0.5947846174240112,0.675000011920929,0.6068946719169617,484,1127449129,4,3
124001,1920,1860015,238081920,23520,0.675000011920929,128,124000,0.501396894454956,1920,17,3,500000,1000,,124001.0,0.6734374761581421,0.5947896838188171,0.6729166507720947,0.606950044631958,488,1127449129,4,3
125001,1920,1875015,240001920,23520,0.6729166507720947,128,125000,0.505218505859375,1920,17,3,500000,1000,,125001.0,0.6734374761581421,0.59478759765625,0.6729166507720947,0.6072216033935547,492,1127449129,4,3
126001,1920,1890015,241921920,23520,0.6729166507720947,128,126000,0.5090196132659912,1920,17,3,500000,1000,,126001.0,0.6744791865348816,0.5947872996330261,0.6729166507720947,0.6078399419784546,496,1127449129,4,3
127001,1920,1905015,243841920,23520,0.6729166507720947,128,127000,0.51302170753479,1920,17,3,500000,1000,,127001.0,0.6739583611488342,0.5947852730751038,0.675000011920929,0.60752272605896,499,1127449129,4,3
128001,1920,1920015,245761920,23520,0.675000011920929,128,128000,0.51682448387146,1920,17,3,500000,1000,,128001.0,0.6723958253860474,0.5947836637496948,0.675000011920929,0.607284665107727,503,1127449129,4,3
129001,1920,1935015,247681920,23520,0.675000011920929,128,129000,0.5207836627960205,1920,17,3,500000,1000,,129001.0,0.6739583611488342,0.5947806239128113,0.675000011920929,0.6071771383285522,507,1127449129,4,3
130001,1920,1950015,249601920,23520,0.675000011920929,128,130000,0.5250027179718018,1920,17,3,500000,1000,,130001.0,0.6734374761581421,0.5947837829589844,0.6791666746139526,0.6070278286933899,511,1127449129,4,3
131001,1920,1965015,251521920,23520,0.6791666746139526,128,131000,0.5291306972503662,1920,17,3,500000,1000,,131001.0,0.6729166507720947,0.5947776436805725,0.675000011920929,0.6071910262107849,515,1127449129,4,3
132001,1920,1980015,253441920,23520,0.675000011920929,128,132000,0.5329177379608154,1920,17,3,500000,1000,,132001.0,0.671875,0.5947781801223755,0.6770833134651184,0.6071423888206482,519,1127449129,4,3
133001,1920,1995015,255361920,23520,0.6770833134651184,128,133000,0.5367319583892822,1920,17,3,500000,1000,,133001.0,0.6729166507720947,0.5947723388671875,0.675000011920929,0.6072832942008972,523,1127449129,4,3
134001,1920,2010015,257281920,23520,0.675000011920929,128,134000,0.5405168533325195,1920,17,3,500000,1000,,134001.0,0.6729166507720947,0.5947751402854919,0.6729166507720947,0.6074182391166687,527,1127449129,4,3
135001,1920,2025015,259201920,23520,0.6729166507720947,128,135000,0.5443737506866455,1920,17,3,500000,1000,,135001.0,0.6729166507720947,0.5947709679603577,0.675000011920929,0.6071192622184753,531,1127449129,4,3
136001,1920,2040015,261121920,23520,0.675000011920929,128,136000,0.5481257438659668,1920,17,3,500000,1000,,136001.0,0.6734374761581421,0.5947703719139099,0.675000011920929,0.6075571775436401,534,1127449129,4,3
137001,1920,2055015,263041920,23520,0.675000011920929,128,137000,0.5519187450408936,1920,17,3,500000,1000,,137001.0,0.6729166507720947,0.5947689414024353,0.675000011920929,0.6072104573249817,538,1127449129,4,3
138001,1920,2070015,264961920,23520,0.675000011920929,128,138000,0.5556397438049316,1920,17,3,500000,1000,,138001.0,0.6734374761581421,0.5947732329368591,0.6729166507720947,0.6073940396308899,542,1127449129,4,3
139001,1920,2085015,266881920,23520,0.6729166507720947,128,139000,0.559417724609375,1920,17,3,500000,1000,,139001.0,0.6739583611488342,0.5947669148445129,0.6729166507720947,0.6072776913642883,546,1127449129,4,3
140001,1920,2100015,268801920,23520,0.6729166507720947,128,140000,0.5631699562072754,1920,17,3,500000,1000,,140001.0,0.6729166507720947,0.5947667360305786,0.675000011920929,0.6074114441871643,550,1127449129,4,3
141001,1920,2115015,270721920,23520,0.675000011920929,128,141000,0.5668959617614746,1920,17,3,500000,1000,,141001.0,0.6729166507720947,0.5947624444961548,0.675000011920929,0.6074250936508179,553,1127449129,4,3
142001,1920,2130015,272641920,23520,0.675000011920929,128,142000,0.5706527233123779,1920,17,3,500000,1000,,142001.0,0.6729166507720947,0.5947677493095398,0.6729166507720947,0.6072112321853638,557,1127449129,4,3
143001,1920,2145015,274561920,23520,0.6729166507720947,128,143000,0.5744447708129883,1920,17,3,500000,1000,,143001.0,0.6744791865348816,0.5947659611701965,0.6729166507720947,0.6071760058403015,561,1127449129,4,3
144001,1920,2160015,276481920,23520,0.6729166507720947,128,144000,0.5781538486480713,1920,17,3,500000,1000,,144001.0,0.6723958253860474,0.594763457775116,0.675000011920929,0.6072928309440613,565,1127449129,4,3
145001,1920,2175015,278401920,23520,0.675000011920929,128,145000,0.581885814666748,1920,17,3,500000,1000,,145001.0,0.6723958253860474,0.5947626233100891,0.6729166507720947,0.6071206331253052,569,1127449129,4,3
146001,1920,2190015,280321920,23520,0.6729166507720947,128,146000,0.5856995582580566,1920,17,3,500000,1000,,146001.0,0.6708333492279053,0.5947616696357727,0.675000011920929,0.6071951389312744,573,1127449129,4,3
147001,1920,2205015,282241920,23520,0.675000011920929,128,147000,0.5899498462677002,1920,17,3,500000,1000,,147001.0,0.6723958253860474,0.594760000705719,0.675000011920929,0.607187032699585,576,1127449129,4,3
148001,1920,2220015,284161920,23520,0.675000011920929,128,148000,0.593956708908081,1920,17,3,500000,1000,,148001.0,0.671875,0.5947607755661011,0.675000011920929,0.6070782542228699,580,1127449129,4,3
149001,1920,2235015,286081920,23520,0.675000011920929,128,149000,0.5977368354797363,1920,17,3,500000,1000,,149001.0,0.6708333492279053,0.5947562456130981,0.6770833134651184,0.6072552800178528,584,1127449129,4,3
150001,1920,2250015,288001920,23520,0.6770833134651184,128,150000,0.6015126705169678,1920,17,3,500000,1000,,150001.0,0.6713541746139526,0.5947554707527161,0.6770833134651184,0.6072237491607666,588,1127449129,4,3
151001,1920,2265015,289921920,23520,0.6770833134651184,128,151000,0.6057696342468262,1920,17,3,500000,1000,,151001.0,0.6739583611488342,0.5947567224502563,0.675000011920929,0.6070994138717651,592,1127449129,4,3
152001,1920,2280015,291841920,23520,0.675000011920929,128,152000,0.6101024150848389,1920,17,3,500000,1000,,152001.0,0.6729166507720947,0.5947531461715698,0.675000011920929,0.6072360873222351,596,1127449129,4,3
153001,1920,2295015,293761920,23520,0.675000011920929,128,153000,0.6140275001525879,1920,17,3,500000,1000,,153001.0,0.671875,0.5947555899620056,0.6770833134651184,0.6074255704879761,601,1127449129,4,3
154001,1920,2310015,295681920,23520,0.6770833134651184,128,154000,0.6180903911590576,1920,17,3,500000,1000,,154001.0,0.6734374761581421,0.5947551131248474,0.675000011920929,0.6076117753982544,605,1127449129,4,3
155001,1920,2325015,297601920,23520,0.675000011920929,128,155000,0.6218934059143066,1920,17,3,500000,1000,,155001.0,0.6739583611488342,0.594754159450531,0.6729166507720947,0.6077309250831604,609,1127449129,4,3
156001,1920,2340015,299521920,23520,0.6729166507720947,128,156000,0.6261594295501709,1920,17,3,500000,1000,,156001.0,0.671875,0.5947512984275818,0.6729166507720947,0.6074954867362976,613,1127449129,4,3
157001,1920,2355015,301441920,23520,0.6729166507720947,128,157000,0.6304905414581299,1920,17,3,500000,1000,,157001.0,0.671875,0.5947501063346863,0.675000011920929,0.6074454188346863,617,1127449129,4,3
158001,1920,2370015,303361920,23520,0.675000011920929,128,158000,0.6351487636566162,1920,17,3,500000,1000,,158001.0,0.6734374761581421,0.594750702381134,0.675000011920929,0.6070410013198853,621,1127449129,4,3
159001,1920,2385015,305281920,23520,0.675000011920929,128,159000,0.6389346122741699,1920,17,3,500000,1000,,159001.0,0.6729166507720947,0.5947477221488953,0.675000011920929,0.6073047518730164,625,1127449129,4,3
160001,1920,2400015,307201920,23520,0.675000011920929,128,160000,0.6429226398468018,1920,17,3,500000,1000,,160001.0,0.6729166507720947,0.5947469472885132,0.6729166507720947,0.6073488593101501,629,1127449129,4,3
161001,1920,2415015,309121920,23520,0.6729166507720947,128,161000,0.646709680557251,1920,17,3,500000,1000,,161001.0,0.6723958253860474,0.5947471261024475,0.675000011920929,0.6073638200759888,633,1127449129,4,3
162001,1920,2430015,311041920,23520,0.675000011920929,128,162000,0.6506667137145996,1920,17,3,500000,1000,,162001.0,0.6723958253860474,0.5947445631027222,0.6729166507720947,0.6074091196060181,637,1127449129,4,3
163001,1920,2445015,312961920,23520,0.6729166507720947,128,163000,0.6544594764709473,1920,17,3,500000,1000,,163001.0,0.6703125238418579,0.5947473049163818,0.6770833134651184,0.6070538759231567,641,1127449129,4,3
164001,1920,2460015,314881920,23520,0.6770833134651184,128,164000,0.6586086750030518,1920,17,3,500000,1000,,164001.0,0.6729166507720947,0.5947437882423401,0.675000011920929,0.6072276830673218,645,1127449129,4,3
165001,1920,2475015,316801920,23520,0.675000011920929,128,165000,0.6623718738555908,1920,17,3,500000,1000,,165001.0,0.6734374761581421,0.5947468876838684,0.675000011920929,0.6073537468910217,649,1127449129,4,3
166001,1920,2490015,318721920,23520,0.675000011920929,128,166000,0.6661348342895508,1920,17,3,500000,1000,,166001.0,0.6723958253860474,0.594742476940155,0.6770833134651184,0.6073936820030212,652,1127449129,4,3
167001,1920,2505015,320641920,23520,0.6770833134651184,128,167000,0.6699109077453613,1920,17,3,500000,1000,,167001.0,0.6723958253860474,0.5947420001029968,0.675000011920929,0.6074503660202026,656,1127449129,4,3
168001,1920,2520015,322561920,23520,0.675000011920929,128,168000,0.6740279197692871,1920,17,3,500000,1000,,168001.0,0.6723958253860474,0.5947388410568237,0.675000011920929,0.6072242259979248,660,1127449129,4,3
169001,1920,2535015,324481920,23520,0.675000011920929,128,169000,0.6780099868774414,1920,17,3,500000,1000,,169001.0,0.6729166507720947,0.5947364568710327,0.675000011920929,0.6072950959205627,664,1127449129,4,3
170001,1920,2550015,326401920,23520,0.675000011920929,128,170000,0.6818561553955078,1920,17,3,500000,1000,,170001.0,0.671875,0.5947371125221252,0.6770833134651184,0.6072824597358704,668,1127449129,4,3
171001,1920,2565015,328321920,23520,0.6770833134651184,128,171000,0.6856591701507568,1920,17,3,500000,1000,,171001.0,0.6723958253860474,0.5947373509407043,0.675000011920929,0.6070334315299988,672,1127449129,4,3
172001,1920,2580015,330241920,23520,0.675000011920929,128,172000,0.6894791126251221,1920,17,3,500000,1000,,172001.0,0.6723958253860474,0.5947352051734924,0.675000011920929,0.6072142124176025,676,1127449129,4,3
173001,1920,2595015,332161920,23520,0.675000011920929,128,173000,0.6933159828186035,1920,17,3,500000,1000,,173001.0,0.6723958253860474,0.594740092754364,0.675000011920929,0.6069821715354919,679,1127449129,4,3
174001,1920,2610015,334081920,23520,0.675000011920929,128,174000,0.6971011161804199,1920,17,3,500000,1000,,174001.0,0.675000011920929,0.5947368144989014,0.6729166507720947,0.6068229079246521,683,1127449129,4,3
175001,1920,2625015,336001920,23520,0.6729166507720947,128,175000,0.7011032104492188,1920,17,3,500000,1000,,175001.0,0.6739583611488342,0.594735860824585,0.6729166507720947,0.6075570583343506,687,1127449129,4,3
176001,1920,2640015,337921920,23520,0.6729166507720947,128,176000,0.7053403854370117,1920,17,3,500000,1000,,176001.0,0.6723958253860474,0.5947389602661133,0.6770833134651184,0.6070776581764221,691,1127449129,4,3
177001,1920,2655015,339841920,23520,0.6770833134651184,128,177000,0.7091631889343262,1920,17,3,500000,1000,,177001.0,0.6713541746139526,0.5947372317314148,0.6770833134651184,0.6072420477867126,695,1127449129,4,3
178001,1920,2670015,341761920,23520,0.6770833134651184,128,178000,0.7132701873779297,1920,17,3,500000,1000,,178001.0,0.6708333492279053,0.594731867313385,0.6770833134651184,0.6071850657463074,699,1127449129,4,3
179001,1920,2685015,343681920,23520,0.6770833134651184,128,179000,0.717522144317627,1920,17,3,500000,1000,,179001.0,0.6729166507720947,0.5947402715682983,0.6729166507720947,0.6075054407119751,703,1127449129,4,3
180001,1920,2700015,345601920,23520,0.6729166507720947,128,180000,0.721365213394165,1920,17,3,500000,1000,,180001.0,0.6729166507720947,0.5947361588478088,0.675000011920929,0.6072984337806702,707,1127449129,4,3
181001,1920,2715015,347521920,23520,0.675000011920929,128,181000,0.7251641750335693,1920,17,3,500000,1000,,181001.0,0.6729166507720947,0.5947359800338745,0.675000011920929,0.6068537831306458,711,1127449129,4,3
182001,1920,2730015,349441920,23520,0.675000011920929,128,182000,0.7289490699768066,1920,17,3,500000,1000,,182001.0,0.6734374761581421,0.5947333574295044,0.675000011920929,0.6070032715797424,715,1127449129,4,3
183001,1920,2745015,351361920,23520,0.675000011920929,128,183000,0.7328152656555176,1920,17,3,500000,1000,,183001.0,0.6734374761581421,0.5947320461273193,0.675000011920929,0.6073379516601562,718,1127449129,4,3
184001,1920,2760015,353281920,23520,0.675000011920929,128,184000,0.7365281581878662,1920,17,3,500000,1000,,184001.0,0.6723958253860474,0.5947321653366089,0.6770833134651184,0.6074190735816956,722,1127449129,4,3
185001,1920,2775015,355201920,23520,0.6770833134651184,128,185000,0.7402989864349365,1920,17,3,500000,1000,,185001.0,0.6734374761581421,0.5947290062904358,0.675000011920929,0.6070927977561951,726,1127449129,4,3
186001,1920,2790015,357121920,23520,0.675000011920929,128,186000,0.7442626953125,1920,17,3,500000,1000,,186001.0,0.671875,0.5947288870811462,0.6770833134651184,0.6072402596473694,730,1127449129,4,3
187001,1920,2805015,359041920,23520,0.6770833134651184,128,187000,0.7480068206787109,1920,17,3,500000,1000,,187001.0,0.6723958253860474,0.5947285890579224,0.6770833134651184,0.6071825623512268,734,1127449129,4,3
188001,1920,2820015,360961920,23520,0.6770833134651184,128,188000,0.751990556716919,1920,17,3,500000,1000,,188001.0,0.6723958253860474,0.5947278141975403,0.675000011920929,0.6069980263710022,738,1127449129,4,3
189001,1920,2835015,362881920,23520,0.675000011920929,128,189000,0.7557775974273682,1920,17,3,500000,1000,,189001.0,0.671875,0.5947275161743164,0.6770833134651184,0.6069390773773193,742,1127449129,4,3
190001,1920,2850015,364801920,23520,0.6770833134651184,128,190000,0.7595036029815674,1920,17,3,500000,1000,,190001.0,0.671875,0.5947278738021851,0.6791666746139526,0.6074629426002502,746,1127449129,4,3
191001,1920,2865015,366721920,23520,0.6791666746139526,128,191000,0.7636904716491699,1920,17,3,500000,1000,,191001.0,0.6723958253860474,0.5947332382202148,0.675000011920929,0.6078868508338928,750,1127449129,4,3
192001,1920,2880015,368641920,23520,0.675000011920929,128,192000,0.7680666446685791,1920,17,3,500000,1000,,192001.0,0.671875,0.5947257280349731,0.6770833134651184,0.6074601411819458,754,1127449129,4,3
193001,1920,2895015,370561920,23520,0.6770833134651184,128,193000,0.7723445892333984,1920,17,3,500000,1000,,193001.0,0.6734374761581421,0.5947262048721313,0.675000011920929,0.6073183417320251,758,1127449129,4,3
194001,1920,2910015,372481920,23520,0.675000011920929,128,194000,0.7762637138366699,1920,17,3,500000,1000,,194001.0,0.6734374761581421,0.5947256088256836,0.675000011920929,0.6076157689094543,762,1127449129,4,3
195001,1920,2925015,374401920,23520,0.675000011920929,128,195000,0.7799966335296631,1920,17,3,500000,1000,,195001.0,0.6739583611488342,0.5947268605232239,0.675000011920929,0.6075419783592224,766,1127449129,4,3
196001,1920,2940015,376321920,23520,0.675000011920929,128,196000,0.7838256359100342,1920,17,3,500000,1000,,196001.0,0.6729166507720947,0.5947234034538269,0.675000011920929,0.6075105667114258,770,1127449129,4,3
197001,1920,2955015,378241920,23520,0.675000011920929,128,197000,0.7876005172729492,1920,17,3,500000,1000,,197001.0,0.6723958253860474,0.5947241187095642,0.675000011920929,0.6072037220001221,774,1127449129,4,3
198001,1920,2970015,380161920,23520,0.675000011920929,128,198000,0.7913236618041992,1920,17,3,500000,1000,,198001.0,0.671875,0.5947244167327881,0.675000011920929,0.6072876453399658,778,1127449129,4,3
199001,1920,2985015,382081920,23520,0.675000011920929,128,199000,0.7950856685638428,1920,17,3,500000,1000,,199001.0,0.6734374761581421,0.5947279334068298,0.6770833134651184,0.606900155544281,782,1127449129,4,3
200001,1920,3000015,384001920,23520,0.6770833134651184,128,200000,0.7989368438720703,1920,17,3,500000,1000,,200001.0,0.6723958253860474,0.5947257280349731,0.6770833134651184,0.6072143912315369,786,1127449129,4,3
201001,1920,3015015,385921920,23520,0.6770833134651184,128,201000,0.802823543548584,1920,17,3,500000,1000,,201001.0,0.6729166507720947,0.5947227478027344,0.675000011920929,0.6074104309082031,789,1127449129,4,3
202001,1920,3030015,387841920,23520,0.675000011920929,128,202000,0.8068675994873047,1920,17,3,500000,1000,,202001.0,0.6703125238418579,0.5947220325469971,0.675000011920929,0.6070311665534973,793,1127449129,4,3
203001,1920,3045015,389761920,23520,0.675000011920929,128,203000,0.8106367588043213,1920,17,3,500000,1000,,203001.0,0.6723958253860474,0.5947180986404419,0.675000011920929,0.6072182059288025,797,1127449129,4,3
204001,1920,3060015,391681920,23520,0.675000011920929,128,204000,0.8144237995147705,1920,17,3,500000,1000,,204001.0,0.6729166507720947,0.5947187542915344,0.6729166507720947,0.6073391437530518,801,1127449129,4,3
205001,1920,3075015,393601920,23520,0.6729166507720947,128,205000,0.8182952404022217,1920,17,3,500000,1000,,205001.0,0.671875,0.594717264175415,0.675000011920929,0.6075431704521179,805,1127449129,4,3
206001,1920,3090015,395521920,23520,0.675000011920929,128,206000,0.8221080303192139,1920,17,3,500000,1000,,206001.0,0.671875,0.5947207808494568,0.675000011920929,0.6070684790611267,809,1127449129,4,3
207001,1920,3105015,397441920,23520,0.675000011920929,128,207000,0.8259439468383789,1920,17,3,500000,1000,,207001.0,0.6723958253860474,0.5947177410125732,0.675000011920929,0.6071609258651733,813,1127449129,4,3
208001,1920,3120015,399361920,23520,0.675000011920929,128,208000,0.8297698497772217,1920,17,3,500000,1000,,208001.0,0.6734374761581421,0.594718873500824,0.675000011920929,0.6072551012039185,817,1127449129,4,3
209001,1920,3135015,401281920,23520,0.675000011920929,128,209000,0.8338527679443359,1920,17,3,500000,1000,,209001.0,0.6734374761581421,0.5947128534317017,0.675000011920929,0.6073429584503174,821,1127449129,4,3
210001,1920,3150015,403201920,23520,0.675000011920929,128,210000,0.8377718925476074,1920,17,3,500000,1000,,210001.0,0.6734374761581421,0.5947168469429016,0.675000011920929,0.6075692772865295,825,1127449129,4,3
211001,1920,3165015,405121920,23520,0.675000011920929,128,211000,0.8415536880493164,1920,17,3,500000,1000,,211001.0,0.6713541746139526,0.5947223901748657,0.6791666746139526,0.6068896651268005,829,1127449129,4,3
212001,1920,3180015,407041920,23520,0.6791666746139526,128,212000,0.8454558849334717,1920,17,3,500000,1000,,212001.0,0.6739583611488342,0.5947247743606567,0.675000011920929,0.6072313189506531,833,1127449129,4,3
213001,1920,3195015,408961920,23520,0.675000011920929,128,213000,0.8498578071594238,1920,17,3,500000,1000,,213001.0,0.6723958253860474,0.5947133302688599,0.6770833134651184,0.6072989702224731,837,1127449129,4,3
214001,1920,3210015,410881920,23520,0.6770833134651184,128,214000,0.8538417816162109,1920,17,3,500000,1000,,214001.0,0.671875,0.5947138667106628,0.6770833134651184,0.6073453426361084,841,1127449129,4,3
215001,1920,3225015,412801920,23520,0.6770833134651184,128,215000,0.8579366207122803,1920,17,3,500000,1000,,215001.0,0.6729166507720947,0.5947138071060181,0.675000011920929,0.6072908043861389,845,1127449129,4,3
216001,1920,3240015,414721920,23520,0.675000011920929,128,216000,0.8620336055755615,1920,17,3,500000,1000,,216001.0,0.6729166507720947,0.5947171449661255,0.675000011920929,0.6075318455696106,849,1127449129,4,3
217001,1920,3255015,416641920,23520,0.675000011920929,128,217000,0.8657574653625488,1920,17,3,500000,1000,,217001.0,0.6703125238418579,0.5947166681289673,0.6791666746139526,0.6070467233657837,853,1127449129,4,3
218001,1920,3270015,418561920,23520,0.6791666746139526,128,218000,0.8694794178009033,1920,17,3,500000,1000,,218001.0,0.6739583611488342,0.5947154760360718,0.6729166507720947,0.6071168184280396,857,1127449129,4,3
219001,1920,3285015,420481920,23520,0.6729166507720947,128,219000,0.8733935356140137,1920,17,3,500000,1000,,219001.0,0.6703125238418579,0.59471195936203,0.6770833134651184,0.6070312261581421,862,1127449129,4,3
220001,1920,3300015,422401920,23520,0.6770833134651184,128,220000,0.8771116733551025,1920,17,3,500000,1000,,220001.0,0.6708333492279053,0.594714343547821,0.675000011920929,0.6070793271064758,866,1127449129,4,3
221001,1920,3315015,424321920,23520,0.675000011920929,128,221000,0.8809084892272949,1920,17,3,500000,1000,,221001.0,0.6723958253860474,0.5947118997573853,0.675000011920929,0.6071873903274536,869,1127449129,4,3
222001,1920,3330015,426241920,23520,0.675000011920929,128,222000,0.8848066329956055,1920,17,3,500000,1000,,222001.0,0.671875,0.5947121977806091,0.6770833134651184,0.6070654392242432,873,1127449129,4,3
223001,1920,3345015,428161920,23520,0.6770833134651184,128,223000,0.8888044357299805,1920,17,3,500000,1000,,223001.0,0.6734374761581421,0.5947141051292419,0.675000011920929,0.6073821187019348,877,1127449129,4,3
224001,1920,3360015,430081920,23520,0.675000011920929,128,224000,0.892601490020752,1920,17,3,500000,1000,,224001.0,0.6723958253860474,0.5947142839431763,0.675000011920929,0.6072850823402405,881,1127449129,4,3
225001,1920,3375015,432001920,23520,0.675000011920929,128,225000,0.8963985443115234,1920,17,3,500000,1000,,225001.0,0.6723958253860474,0.5947120785713196,0.675000011920929,0.6070191264152527,885,1127449129,4,3
226001,1920,3390015,433921920,23520,0.675000011920929,128,226000,0.9005906581878662,1920,17,3,500000,1000,,226001.0,0.6713541746139526,0.5947111248970032,0.6770833134651184,0.6069945693016052,889,1127449129,4,3
227001,1920,3405015,435841920,23520,0.6770833134651184,128,227000,0.9043748378753662,1920,17,3,500000,1000,,227001.0,0.6734374761581421,0.5947117209434509,0.6770833134651184,0.6071138381958008,893,1127449129,4,3
228001,1920,3420015,437761920,23520,0.6770833134651184,128,228000,0.9082965850830078,1920,17,3,500000,1000,,228001.0,0.671875,0.5947085618972778,0.6770833134651184,0.607366144657135,896,1127449129,4,3
229001,1920,3435015,439681920,23520,0.6770833134651184,128,229000,0.9120776653289795,1920,17,3,500000,1000,,229001.0,0.6729166507720947,0.5947100520133972,0.675000011920929,0.6071072816848755,900,1127449129,4,3
230001,1920,3450015,441601920,23520,0.675000011920929,128,230000,0.9158473014831543,1920,17,3,500000,1000,,230001.0,0.6734374761581421,0.5947128534317017,0.675000011920929,0.6072568893432617,904,1127449129,4,3
231001,1920,3465015,443521920,23520,0.675000011920929,128,231000,0.9196372032165527,1920,17,3,500000,1000,,231001.0,0.671875,0.5947092175483704,0.675000011920929,0.6071661114692688,908,1127449129,4,3
232001,1920,3480015,445441920,23520,0.675000011920929,128,232000,0.9236142635345459,1920,17,3,500000,1000,,232001.0,0.671875,0.594706118106842,0.675000011920929,0.6071743369102478,912,1127449129,4,3
233001,1920,3495015,447361920,23520,0.675000011920929,128,233000,0.9275953769683838,1920,17,3,500000,1000,,233001.0,0.6723958253860474,0.5947096347808838,0.675000011920929,0.6070759296417236,916,1127449129,4,3
234001,1920,3510015,449281920,23520,0.675000011920929,128,234000,0.9313833713531494,1920,17,3,500000,1000,,234001.0,0.6723958253860474,0.5947052836418152,0.675000011920929,0.6072544455528259,920,1127449129,4,3
235001,1920,3525015,451201920,23520,0.675000011920929,128,235000,0.9351363182067871,1920,17,3,500000,1000,,235001.0,0.6729166507720947,0.5947056412696838,0.675000011920929,0.607361376285553,923,1127449129,4,3
236001,1920,3540015,453121920,23520,0.675000011920929,128,236000,0.9388582706451416,1920,17,3,500000,1000,,236001.0,0.671875,0.5947095155715942,0.6770833134651184,0.607139527797699,927,1127449129,4,3
237001,1920,3555015,455041920,23520,0.6770833134651184,128,237000,0.9426820278167725,1920,17,3,500000,1000,,237001.0,0.6723958253860474,0.5947077870368958,0.675000011920929,0.607147216796875,931,1127449129,4,3
238001,1920,3570015,456961920,23520,0.675000011920929,128,238000,0.9464421272277832,1920,17,3,500000,1000,,238001.0,0.6723958253860474,0.594708263874054,0.675000011920929,0.6072021722793579,935,1127449129,4,3
239001,1920,3585015,458881920,23520,0.675000011920929,128,239000,0.9502522945404053,1920,17,3,500000,1000,,239001.0,0.6723958253860474,0.5947058200836182,0.675000011920929,0.6072885394096375,939,1127449129,4,3
240001,1920,3600015,460801920,23520,0.675000011920929,128,240000,0.9540224075317383,1920,17,3,500000,1000,,240001.0,0.6739583611488342,0.5947044491767883,0.675000011920929,0.6073545813560486,943,1127449129,4,3
241001,1920,3615015,462721920,23520,0.675000011920929,128,241000,0.9578104019165039,1920,17,3,500000,1000,,241001.0,0.6729166507720947,0.5947033166885376,0.675000011920929,0.6072434782981873,947,1127449129,4,3
242001,1920,3630015,464641920,23520,0.675000011920929,128,242000,0.9615445137023926,1920,17,3,500000,1000,,242001.0,0.6723958253860474,0.5947028398513794,0.675000011920929,0.6073552370071411,950,1127449129,4,3
243001,1920,3645015,466561920,23520,0.675000011920929,128,243000,0.9652812480926514,1920,17,3,500000,1000,,243001.0,0.6729166507720947,0.5947072505950928,0.675000011920929,0.6074037551879883,954,1127449129,4,3
244001,1920,3660015,468481920,23520,0.675000011920929,128,244000,0.9690451622009277,1920,17,3,500000,1000,,244001.0,0.671875,0.59470134973526,0.675000011920929,0.6074778437614441,958,1127449129,4,3
245001,1920,3675015,470401920,23520,0.675000011920929,128,245000,0.9728531837463379,1920,17,3,500000,1000,,245001.0,0.6729166507720947,0.5947006344795227,0.675000011920929,0.6074454188346863,962,1127449129,4,3
246001,1920,3690015,472321920,23520,0.675000011920929,128,246000,0.9765870571136475,1920,17,3,500000,1000,,246001.0,0.6729166507720947,0.594698965549469,0.675000011920929,0.6074678301811218,966,1127449129,4,3
247001,1920,3705015,474241920,23520,0.675000011920929,128,247000,0.9803299903869629,1920,17,3,500000,1000,,247001.0,0.6723958253860474,0.5947018265724182,0.675000011920929,0.6071476340293884,970,1127449129,4,3
248001,1920,3720015,476161920,23520,0.675000011920929,128,248000,0.9843387603759766,1920,17,3,500000,1000,,248001.0,0.6729166507720947,0.594700038433075,0.6770833134651184,0.6072779297828674,973,1127449129,4,3
249001,1920,3735015,478081920,23520,0.6770833134651184,128,249000,0.9883477687835693,1920,17,3,500000,1000,,249001.0,0.6734374761581421,0.5947020649909973,0.675000011920929,0.6072113513946533,977,1127449129,4,3
250001,1920,3750015,480001920,23520,0.675000011920929,128,250000,0.992180585861206,1920,17,3,500000,1000,,250001.0,0.6739583611488342,0.5947056412696838,0.6770833134651184,0.6069422364234924,981,1127449129,4,3
251001,1920,3765015,481921920,23520,0.6770833134651184,128,251000,0.9959657192230225,1920,17,3,500000,1000,,251001.0,0.6723958253860474,0.5946986079216003,0.6770833134651184,0.607032060623169,985,1127449129,4,3
252001,1920,3780015,483841920,23520,0.6770833134651184,128,252000,0.9997615814208984,1920,17,3,500000,1000,,252001.0,0.6723958253860474,0.5946996808052063,0.675000011920929,0.6070592999458313,989,1127449129,4,3
253001,1920,3795015,485761920,23520,0.675000011920929,128,253000,1.003537654876709,1920,17,3,500000,1000,,253001.0,0.6734374761581421,0.5946967005729675,0.675000011920929,0.6072582006454468,993,1127449129,4,3
254001,1920,3810015,487681920,23520,0.675000011920929,128,254000,1.0072648525238037,1920,17,3,500000,1000,,254001.0,0.6723958253860474,0.5947008728981018,0.675000011920929,0.6072374582290649,996,1127449129,4,3
255001,1920,3825015,489601920,23520,0.675000011920929,128,255000,1.0109927654266357,1920,17,3,500000,1000,,255001.0,0.6723958253860474,0.5946987867355347,0.6770833134651184,0.6071817278862,1000,1127449129,4,3
256001,1920,3840015,491521920,23520,0.6770833134651184,128,256000,1.0147387981414795,1920,17,3,500000,1000,,256001.0,0.6734374761581421,0.594700813293457,0.6770833134651184,0.6074523329734802,1004,1127449129,4,3
257001,1920,3855015,493441920,23520,0.6770833134651184,128,257000,1.0185656547546387,1920,17,3,500000,1000,,257001.0,0.6723958253860474,0.594698965549469,0.675000011920929,0.6075209379196167,1008,1127449129,4,3
258001,1920,3870015,495361920,23520,0.675000011920929,128,258000,1.0227324962615967,1920,17,3,500000,1000,,258001.0,0.6713541746139526,0.5946970582008362,0.6729166507720947,0.6074867248535156,1012,1127449129,4,3
259001,1920,3885015,497281920,23520,0.6729166507720947,128,259000,1.026498556137085,1920,17,3,500000,1000,,259001.0,0.6734374761581421,0.5946978330612183,0.675000011920929,0.6076431274414062,1016,1127449129,4,3
260001,1920,3900015,499201920,23520,0.675000011920929,128,260000,1.0307776927947998,1920,17,3,500000,1000,,260001.0,0.6723958253860474,0.5946979522705078,0.675000011920929,0.6073290109634399,1020,1127449129,4,3
261001,1920,3915015,501121920,23520,0.675000011920929,128,261000,1.0345447063446045,1920,17,3,500000,1000,,261001.0,0.6734374761581421,0.5947000980377197,0.675000011920929,0.6073011755943298,1024,1127449129,4,3
262001,1920,3930015,503041920,23520,0.675000011920929,128,262000,1.038294792175293,1920,17,3,500000,1000,,262001.0,0.6734374761581421,0.5947007536888123,0.675000011920929,0.6070891618728638,1028,1127449129,4,3
263001,1920,3945015,504961920,23520,0.675000011920929,128,263000,1.0421247482299805,1920,17,3,500000,1000,,263001.0,0.6723958253860474,0.5946968197822571,0.675000011920929,0.6071263551712036,1032,1127449129,4,3
264001,1920,3960015,506881920,23520,0.675000011920929,128,264000,1.045900821685791,1920,17,3,500000,1000,,264001.0,0.671875,0.5946973562240601,0.675000011920929,0.6070420742034912,1036,1127449129,4,3
265001,1920,3975015,508801920,23520,0.675000011920929,128,265000,1.049637794494629,1920,17,3,500000,1000,,265001.0,0.6723958253860474,0.5946971774101257,0.6770833134651184,0.6072224378585815,1040,1127449129,4,3
266001,1920,3990015,510721920,23520,0.6770833134651184,128,266000,1.053372859954834,1920,17,3,500000,1000,,266001.0,0.6703125238418579,0.5946968793869019,0.6791666746139526,0.606928288936615,1044,1127449129,4,3
267001,1920,4005015,512641920,23520,0.6791666746139526,128,267000,1.0571248531341553,1920,17,3,500000,1000,,267001.0,0.6729166507720947,0.5946964025497437,0.675000011920929,0.6068494319915771,1047,1127449129,4,3
268001,1920,4020015,514561920,23520,0.675000011920929,128,268000,1.0608696937561035,1920,17,3,500000,1000,,268001.0,0.6723958253860474,0.5946950912475586,0.675000011920929,0.6075286269187927,1051,1127449129,4,3
269001,1920,4035015,516481920,23520,0.675000011920929,128,269000,1.0646064281463623,1920,17,3,500000,1000,,269001.0,0.6734374761581421,0.5946969389915466,0.6729166507720947,0.607556939125061,1055,1127449129,4,3
270001,1920,4050015,518401920,23520,0.6729166507720947,128,270000,1.0683374404907227,1920,17,3,500000,1000,,270001.0,0.6713541746139526,0.594696044921875,0.6770833134651184,0.6074685454368591,1059,1127449129,4,3
271001,1920,4065015,520321920,23520,0.6770833134651184,128,271000,1.072279453277588,1920,17,3,500000,1000,,271001.0,0.6713541746139526,0.5946969389915466,0.675000011920929,0.6071548461914062,1063,1127449129,4,3
272001,1920,4080015,522241920,23520,0.675000011920929,128,272000,1.0762903690338135,1920,17,3,500000,1000,,272001.0,0.671875,0.5946944952011108,0.675000011920929,0.6072695851325989,1067,1127449129,4,3
273001,1920,4095015,524161920,23520,0.675000011920929,128,273000,1.0805070400238037,1920,17,3,500000,1000,,273001.0,0.6723958253860474,0.5946980714797974,0.6770833134651184,0.6071439385414124,1071,1127449129,4,3
274001,1920,4110015,526081920,23520,0.6770833134651184,128,274000,1.0842392444610596,1920,17,3,500000,1000,,274001.0,0.6723958253860474,0.5946946740150452,0.675000011920929,0.6073586940765381,1075,1127449129,4,3
275001,1920,4125015,528001920,23520,0.675000011920929,128,275000,1.0880262851715088,1920,17,3,500000,1000,,275001.0,0.6723958253860474,0.5946967005729675,0.6770833134651184,0.6074880361557007,1079,1127449129,4,3
276001,1920,4140015,529921920,23520,0.6770833134651184,128,276000,1.0917952060699463,1920,17,3,500000,1000,,276001.0,0.6723958253860474,0.5946969985961914,0.675000011920929,0.6069822907447815,1082,1127449129,4,3
277001,1920,4155015,531841920,23520,0.675000011920929,128,277000,1.0955231189727783,1920,17,3,500000,1000,,277001.0,0.671875,0.5946919322013855,0.6770833134651184,0.6070681214332581,1086,1127449129,4,3
278001,1920,4170015,533761920,23520,0.6770833134651184,128,278000,1.0992393493652344,1920,17,3,500000,1000,,278001.0,0.6734374761581421,0.5946913361549377,0.6729166507720947,0.6073203682899475,1090,1127449129,4,3
279001,1920,4185015,535681920,23520,0.6729166507720947,128,279000,1.1030151844024658,1920,17,3,500000,1000,,279001.0,0.6739583611488342,0.5946901440620422,0.675000011920929,0.6071150898933411,1094,1127449129,4,3
280001,1920,4200015,537601920,23520,0.675000011920929,128,280000,1.1069531440734863,1920,17,3,500000,1000,,280001.0,0.6729166507720947,0.5946903228759766,0.675000011920929,0.6069390773773193,1098,1127449129,4,3
281001,1920,4215015,539521920,23520,0.675000011920929,128,281000,1.1106781959533691,1920,17,3,500000,1000,,281001.0,0.6734374761581421,0.5946961641311646,0.675000011920929,0.607138454914093,1102,1127449129,4,3
282001,1920,4230015,541441920,23520,0.675000011920929,128,282000,1.1144404411315918,1920,17,3,500000,1000,,282001.0,0.6723958253860474,0.594691276550293,0.675000011920929,0.6073112487792969,1105,1127449129,4,3
283001,1920,4245015,543361920,23520,0.675000011920929,128,283000,1.1181774139404297,1920,17,3,500000,1000,,283001.0,0.6723958253860474,0.5946921110153198,0.675000011920929,0.6072108149528503,1109,1127449129,4,3
284001,1920,4260015,545281920,23520,0.675000011920929,128,284000,1.1219184398651123,1920,17,3,500000,1000,,284001.0,0.6729166507720947,0.594691812992096,0.675000011920929,0.6072874665260315,1113,1127449129,4,3
285001,1920,4275015,547201920,23520,0.675000011920929,128,285000,1.125645637512207,1920,17,3,500000,1000,,285001.0,0.6729166507720947,0.5946885943412781,0.675000011920929,0.6074589490890503,1117,1127449129,4,3
286001,1920,4290015,549121920,23520,0.675000011920929,128,286000,1.1293814182281494,1920,17,3,500000,1000,,286001.0,0.6723958253860474,0.5946938991546631,0.6770833134651184,0.6073710322380066,1121,1127449129,4,3
287001,1920,4305015,551041920,23520,0.6770833134651184,128,287000,1.1331334114074707,1920,17,3,500000,1000,,287001.0,0.671875,0.5946910977363586,0.675000011920929,0.6072213053703308,1125,1127449129,4,3
288001,1920,4320015,552961920,23520,0.675000011920929,128,288000,1.1368956565856934,1920,17,3,500000,1000,,288001.0,0.671875,0.5946906208992004,0.675000011920929,0.6072461605072021,1128,1127449129,4,3
289001,1920,4335015,554881920,23520,0.675000011920929,128,289000,1.1407015323638916,1920,17,3,500000,1000,,289001.0,0.6713541746139526,0.5946909785270691,0.675000011920929,0.6071465611457825,1132,1127449129,4,3
290001,1920,4350015,556801920,23520,0.675000011920929,128,290000,1.1444566249847412,1920,17,3,500000,1000,,290001.0,0.6729166507720947,0.5946910977363586,0.675000011920929,0.6070302724838257,1136,1127449129,4,3
291001,1920,4365015,558721920,23520,0.675000011920929,128,291000,1.1482946872711182,1920,17,3,500000,1000,,291001.0,0.6713541746139526,0.5946924686431885,0.6770833134651184,0.6074031591415405,1140,1127449129,4,3
292001,1920,4380015,560641920,23520,0.6770833134651184,128,292000,1.1523616313934326,1920,17,3,500000,1000,,292001.0,0.6723958253860474,0.594687819480896,0.675000011920929,0.6072614192962646,1144,1127449129,4,3
293001,1920,4395015,562561920,23520,0.675000011920929,128,293000,1.1562345027923584,1920,17,3,500000,1000,,293001.0,0.6713541746139526,0.5946906208992004,0.675000011920929,0.6070203185081482,1148,1127449129,4,3
294001,1920,4410015,564481920,23520,0.675000011920929,128,294000,1.1607565879821777,1920,17,3,500000,1000,,294001.0,0.6723958253860474,0.5946870446205139,0.675000011920929,0.6069144606590271,1152,1127449129,4,3
295001,1920,4425015,566401920,23520,0.675000011920929,128,295000,1.164961576461792,1920,17,3,500000,1000,,295001.0,0.6723958253860474,0.5946876406669617,0.675000011920929,0.6072196364402771,1156,1127449129,4,3
296001,1920,4440015,568321920,23520,0.675000011920929,128,296000,1.168811559677124,1920,17,3,500000,1000,,296001.0,0.6729166507720947,0.5946868658065796,0.675000011920929,0.6070750951766968,1159,1127449129,4,3
297001,1920,4455015,570241920,23520,0.675000011920929,128,297000,1.1725413799285889,1920,17,3,500000,1000,,297001.0,0.6723958253860474,0.5946879982948303,0.675000011920929,0.6073865294456482,1163,1127449129,4,3
298001,1920,4470015,572161920,23520,0.675000011920929,128,298000,1.1762712001800537,1920,17,3,500000,1000,,298001.0,0.6723958253860474,0.594689667224884,0.6770833134651184,0.6074360013008118,1167,1127449129,4,3
299001,1920,4485015,574081920,23520,0.6770833134651184,128,299000,1.1810030937194824,1920,17,3,500000,1000,,299001.0,0.6734374761581421,0.5946919322013855,0.675000011920929,0.6069589257240295,1171,1127449129,4,3
300001,1920,4500015,576001920,23520,0.675000011920929,128,300000,1.1847589015960693,1920,17,3,500000,1000,,300001.0,0.6713541746139526,0.5946875810623169,0.675000011920929,0.6073196530342102,1175,1127449129,4,3
301001,1920,4515015,577921920,23520,0.675000011920929,128,301000,1.1885716915130615,1920,17,3,500000,1000,,301001.0,0.671875,0.5946904420852661,0.6770833134651184,0.607020378112793,1179,1127449129,4,3
302001,1920,4530015,579841920,23520,0.6770833134651184,128,302000,1.1922926902770996,1920,17,3,500000,1000,,302001.0,0.6723958253860474,0.5946911573410034,0.675000011920929,0.606959342956543,1182,1127449129,4,3
303001,1920,4545015,581761920,23520,0.675000011920929,128,303000,1.1960203647613525,1920,17,3,500000,1000,,303001.0,0.6723958253860474,0.5946887731552124,0.675000011920929,0.6073158979415894,1186,1127449129,4,3
304001,1920,4560015,583681920,23520,0.675000011920929,128,304000,1.199784278869629,1920,17,3,500000,1000,,304001.0,0.6723958253860474,0.5946900248527527,0.675000011920929,0.6071012616157532,1190,1127449129,4,3
305001,1920,4575015,585601920,23520,0.675000011920929,128,305000,1.203512191772461,1920,17,3,500000,1000,,305001.0,0.6723958253860474,0.5946913361549377,0.6770833134651184,0.607136607170105,1194,1127449129,4,3
306001,1920,4590015,587521920,23520,0.6770833134651184,128,306000,1.2076969146728516,1920,17,3,500000,1000,,306001.0,0.6708333492279053,0.5946894288063049,0.6791666746139526,0.6072340607643127,1198,1127449129,4,3
307001,1920,4605015,589441920,23520,0.6791666746139526,128,307000,1.211413860321045,1920,17,3,500000,1000,,307001.0,0.6713541746139526,0.5946874022483826,0.6770833134651184,0.6070936918258667,1202,1127449129,4,3
308001,1920,4620015,591361920,23520,0.6770833134651184,128,308000,1.2151517868041992,1920,17,3,500000,1000,,308001.0,0.6713541746139526,0.5946887731552124,0.6770833134651184,0.6072551608085632,1206,1127449129,4,3
309001,1920,4635015,593281920,23520,0.6770833134651184,128,309000,1.2189598083496094,1920,17,3,500000,1000,,309001.0,0.6729166507720947,0.5946845412254333,0.675000011920929,0.6072733402252197,1210,1127449129,4,3
310001,1920,4650015,595201920,23520,0.675000011920929,128,310000,1.2227180004119873,1920,17,3,500000,1000,,310001.0,0.6734374761581421,0.5946859121322632,0.675000011920929,0.6076789498329163,1214,1127449129,4,3
311001,1920,4665015,597121920,23520,0.675000011920929,128,311000,1.2264611721038818,1920,17,3,500000,1000,,311001.0,0.6729166507720947,0.5946839451789856,0.6770833134651184,0.6071202754974365,1218,1127449129,4,3
312001,1920,4680015,599041920,23520,0.6770833134651184,128,312000,1.2305452823638916,1920,17,3,500000,1000,,312001.0,0.6734374761581421,0.5946896076202393,0.675000011920929,0.6070443987846375,1221,1127449129,4,3
313001,1920,4695015,600961920,23520,0.675000011920929,128,313000,1.2343580722808838,1920,17,3,500000,1000,,313001.0,0.6739583611488342,0.5946854948997498,0.675000011920929,0.607414960861206,1225,1127449129,4,3
314001,1920,4710015,602881920,23520,0.675000011920929,128,314000,1.2386879920959473,1920,17,3,500000,1000,,314001.0,0.6734374761581421,0.5946838855743408,0.675000011920929,0.6073221564292908,1230,1127449129,4,3
315001,1920,4725015,604801920,23520,0.675000011920929,128,315000,1.2427170276641846,1920,17,3,500000,1000,,315001.0,0.6723958253860474,0.5946834087371826,0.675000011920929,0.6075154542922974,1233,1127449129,4,3
316001,1920,4740015,606721920,23520,0.675000011920929,128,316000,1.2464520931243896,1920,17,3,500000,1000,,316001.0,0.675000011920929,0.594684898853302,0.675000011920929,0.6070769429206848,1237,1127449129,4,3
317001,1920,4755015,608641920,23520,0.675000011920929,128,317000,1.2502110004425049,1920,17,3,500000,1000,,317001.0,0.6729166507720947,0.5946824550628662,0.6770833134651184,0.6073547601699829,1241,1127449129,4,3
318001,1920,4770015,610561920,23520,0.6770833134651184,128,318000,1.2539129257202148,1920,17,3,500000,1000,,318001.0,0.6729166507720947,0.5946840643882751,0.6729166507720947,0.6072055101394653,1245,1127449129,4,3
319001,1920,4785015,612481920,23520,0.6729166507720947,128,319000,1.2576160430908203,1920,17,3,500000,1000,,319001.0,0.6729166507720947,0.5946846008300781,0.675000011920929,0.6071317195892334,1249,1127449129,4,3
320001,1920,4800015,614401920,23520,0.675000011920929,128,320000,1.2613439559936523,1920,17,3,500000,1000,,320001.0,0.6734374761581421,0.5946841835975647,0.675000011920929,0.6071603298187256,1252,1127449129,4,3
321001,1920,4815015,616321920,23520,0.675000011920929,128,321000,1.265075922012329,1920,17,3,500000,1000,,321001.0,0.6723958253860474,0.5946817994117737,0.6770833134651184,0.6076208353042603,1256,1127449129,4,3
322001,1920,4830015,618241920,23520,0.6770833134651184,128,322000,1.2688326835632324,1920,17,3,500000,1000,,322001.0,0.6739583611488342,0.5946878790855408,0.6729166507720947,0.6079217195510864,1260,1127449129,4,3
323001,1920,4845015,620161920,23520,0.6729166507720947,128,323000,1.2726075649261475,1920,17,3,500000,1000,,323001.0,0.6744791865348816,0.5946813821792603,0.6729166507720947,0.6075566411018372,1264,1127449129,4,3
324001,1920,4860015,622081920,23520,0.6729166507720947,128,324000,1.2763645648956299,1920,17,3,500000,1000,,324001.0,0.6729166507720947,0.594683051109314,0.6770833134651184,0.6073421239852905,1268,1127449129,4,3
325001,1920,4875015,624001920,23520,0.6770833134651184,128,325000,1.2801756858825684,1920,17,3,500000,1000,,325001.0,0.6729166507720947,0.5946835279464722,0.675000011920929,0.6073095798492432,1271,1127449129,4,3
326001,1920,4890015,625921920,23520,0.675000011920929,128,326000,1.2842957973480225,1920,17,3,500000,1000,,326001.0,0.6729166507720947,0.5946853756904602,0.675000011920929,0.6071577668190002,1275,1127449129,4,3
327001,1920,4905015,627841920,23520,0.675000011920929,128,327000,1.2880868911743164,1920,17,3,500000,1000,,327001.0,0.6734374761581421,0.5946847200393677,0.675000011920929,0.6072500944137573,1279,1127449129,4,3
328001,1920,4920015,629761920,23520,0.675000011920929,128,328000,1.2918119430541992,1920,17,3,500000,1000,,328001.0,0.6723958253860474,0.5946797728538513,0.675000011920929,0.6078066229820251,1283,1127449129,4,3
329001,1920,4935015,631681920,23520,0.675000011920929,128,329000,1.2955317497253418,1920,17,3,500000,1000,,329001.0,0.6708333492279053,0.5946820378303528,0.6770833134651184,0.6072139143943787,1287,1127449129,4,3
330001,1920,4950015,633601920,23520,0.6770833134651184,128,330000,1.3000123500823975,1920,17,3,500000,1000,,330001.0,0.6713541746139526,0.5946805477142334,0.6770833134651184,0.6071069240570068,1290,1127449129,4,3
331001,1920,4965015,635521920,23520,0.6770833134651184,128,331000,1.303938388824463,1920,17,3,500000,1000,,331001.0,0.671875,0.5946834087371826,0.675000011920929,0.6073405146598816,1294,1127449129,4,3
332001,1920,4980015,637441920,23520,0.675000011920929,128,332000,1.3076865673065186,1920,17,3,500000,1000,,332001.0,0.6734374761581421,0.5946834087371826,0.6770833134651184,0.607260525226593,1298,1127449129,4,3
333001,1920,4995015,639361920,23520,0.6770833134651184,128,333000,1.3114454746246338,1920,17,3,500000,1000,,333001.0,0.6729166507720947,0.594680905342102,0.675000011920929,0.6073741316795349,1302,1127449129,4,3
334001,1920,5010015,641281920,23520,0.675000011920929,128,334000,1.3152084350585938,1920,17,3,500000,1000,,334001.0,0.671875,0.5946797728538513,0.6770833134651184,0.6071773767471313,1306,1127449129,4,3
335001,1920,5025015,643201920,23520,0.6770833134651184,128,335000,1.3192484378814697,1920,17,3,500000,1000,,335001.0,0.6729166507720947,0.5946813225746155,0.675000011920929,0.607526421546936,1310,1127449129,4,3
336001,1920,5040015,645121920,23520,0.675000011920929,128,336000,1.3229684829711914,1920,17,3,500000,1000,,336001.0,0.671875,0.5946823954582214,0.675000011920929,0.6075368523597717,1314,1127449129,4,3
337001,1920,5055015,647041920,23520,0.675000011920929,128,337000,1.326709508895874,1920,17,3,500000,1000,,337001.0,0.6734374761581421,0.5946835875511169,0.675000011920929,0.6074256300926208,1318,1127449129,4,3
338001,1920,5070015,648961920,23520,0.675000011920929,128,338000,1.3304345607757568,1920,17,3,500000,1000,,338001.0,0.6739583611488342,0.594683825969696,0.675000011920929,0.6075562834739685,1321,1127449129,4,3
339001,1920,5085015,650881920,23520,0.675000011920929,128,339000,1.334155559539795,1920,17,3,500000,1000,,339001.0,0.6723958253860474,0.594679057598114,0.6770833134651184,0.6075267195701599,1325,1127449129,4,3
340001,1920,5100015,652801920,23520,0.6770833134651184,128,340000,1.3381366729736328,1920,17,3,500000,1000,,340001.0,0.6723958253860474,0.5946785807609558,0.675000011920929,0.6072067022323608,1329,1127449129,4,3
341001,1920,5115015,654721920,23520,0.675000011920929,128,341000,1.3422706127166748,1920,17,3,500000,1000,,341001.0,0.6729166507720947,0.5946805477142334,0.675000011920929,0.6072019338607788,1333,1127449129,4,3
342001,1920,5130015,656641920,23520,0.675000011920929,128,342000,1.3462345600128174,1920,17,3,500000,1000,,342001.0,0.6713541746139526,0.5946816205978394,0.6791666746139526,0.6072467565536499,1337,1127449129,4,3
343001,1920,5145015,658561920,23520,0.6791666746139526,128,343000,1.3500316143035889,1920,17,3,500000,1000,,343001.0,0.671875,0.5946797132492065,0.6729166507720947,0.6072572469711304,1341,1127449129,4,3
344001,1920,5160015,660481920,23520,0.6729166507720947,128,344000,1.3539655208587646,1920,17,3,500000,1000,,344001.0,0.671875,0.5946837067604065,0.675000011920929,0.6071945428848267,1345,1127449129,4,3
345001,1920,5175015,662401920,23520,0.675000011920929,128,345000,1.3578462600708008,1920,17,3,500000,1000,,345001.0,0.6713541746139526,0.5946827530860901,0.6729166507720947,0.6072961091995239,1349,1127449129,4,3
346001,1920,5190015,664321920,23520,0.6729166507720947,128,346000,1.3616492748260498,1920,17,3,500000,1000,,346001.0,0.6723958253860474,0.5946778059005737,0.6729166507720947,0.6073684096336365,1353,1127449129,4,3
347001,1920,5205015,666241920,23520,0.6729166507720947,128,347000,1.365403175354004,1920,17,3,500000,1000,,347001.0,0.671875,0.5946805477142334,0.675000011920929,0.607135534286499,1356,1127449129,4,3
348001,1920,5220015,668161920,23520,0.675000011920929,128,348000,1.3695144653320312,1920,17,3,500000,1000,,348001.0,0.671875,0.5946837663650513,0.675000011920929,0.6072841882705688,1361,1127449129,4,3
349001,1920,5235015,670081920,23520,0.675000011920929,128,349000,1.373262643814087,1920,17,3,500000,1000,,349001.0,0.6703125238418579,0.5946784615516663,0.675000011920929,0.6074897050857544,1365,1127449129,4,3
350001,1920,5250015,672001920,23520,0.675000011920929,128,350000,1.3775548934936523,1920,17,3,500000,1000,,350001.0,0.6729166507720947,0.5946771502494812,0.675000011920929,0.6071072816848755,1369,1127449129,4,3
351001,1920,5265015,673921920,23520,0.675000011920929,128,351000,1.381361722946167,1920,17,3,500000,1000,,351001.0,0.6723958253860474,0.5946823358535767,0.675000011920929,0.6068249940872192,1373,1127449129,4,3
352001,1920,5280015,675841920,23520,0.675000011920929,128,352000,1.3851559162139893,1920,17,3,500000,1000,,352001.0,0.6723958253860474,0.5946792364120483,0.6770833134651184,0.6073723435401917,1377,1127449129,4,3
353001,1920,5295015,677761920,23520,0.6770833134651184,128,353000,1.3889589309692383,1920,17,3,500000,1000,,353001.0,0.6729166507720947,0.5946753025054932,0.675000011920929,0.6072498559951782,1381,1127449129,4,3
354001,1920,5310015,679681920,23520,0.675000011920929,128,354000,1.3927240371704102,1920,17,3,500000,1000,,354001.0,0.6723958253860474,0.5946786999702454,0.675000011920929,0.6071191430091858,1385,1127449129,4,3
355001,1920,5325015,681601920,23520,0.675000011920929,128,355000,1.397033929824829,1920,17,3,500000,1000,,355001.0,0.6723958253860474,0.5946751236915588,0.675000011920929,0.6071075797080994,1389,1127449129,4,3
356001,1920,5340015,683521920,23520,0.675000011920929,128,356000,1.4008159637451172,1920,17,3,500000,1000,,356001.0,0.6729166507720947,0.5946795344352722,0.675000011920929,0.6071174740791321,1393,1127449129,4,3
357001,1920,5355015,685441920,23520,0.675000011920929,128,357000,1.4047560691833496,1920,17,3,500000,1000,,357001.0,0.6723958253860474,0.594677209854126,0.675000011920929,0.6073599457740784,1397,1127449129,4,3
358001,1920,5370015,687361920,23520,0.675000011920929,128,358000,1.4085383415222168,1920,17,3,500000,1000,,358001.0,0.6723958253860474,0.5946762561798096,0.675000011920929,0.6072824001312256,1401,1127449129,4,3
359001,1920,5385015,689281920,23520,0.675000011920929,128,359000,1.4123222827911377,1920,17,3,500000,1000,,359001.0,0.6734374761581421,0.5946753025054932,0.675000011920929,0.6075085401535034,1405,1127449129,4,3
360001,1920,5400015,691201920,23520,0.675000011920929,128,360000,1.4168784618377686,1920,17,3,500000,1000,,360001.0,0.6739583611488342,0.5946756601333618,0.6729166507720947,0.6076122522354126,1409,1127449129,4,3
361001,1920,5415015,693121920,23520,0.6729166507720947,128,361000,1.4214932918548584,1920,17,3,500000,1000,,361001.0,0.6713541746139526,0.594675600528717,0.675000011920929,0.6071375608444214,1413,1127449129,4,3
362001,1920,5430015,695041920,23520,0.675000011920929,128,362000,1.4252755641937256,1920,17,3,500000,1000,,362001.0,0.671875,0.5946815609931946,0.6770833134651184,0.6071287989616394,1417,1127449129,4,3
363001,1920,5445015,696961920,23520,0.6770833134651184,128,363000,1.4290404319763184,1920,17,3,500000,1000,,363001.0,0.671875,0.5946740508079529,0.6770833134651184,0.6074656248092651,1421,1127449129,4,3
364001,1920,5460015,698881920,23520,0.6770833134651184,128,364000,1.4329533576965332,1920,17,3,500000,1000,,364001.0,0.6697916388511658,0.5946744680404663,0.6770833134651184,0.6073604822158813,1425,1127449129,4,3
365001,1920,5475015,700801920,23520,0.6770833134651184,128,365000,1.436866283416748,1920,17,3,500000,1000,,365001.0,0.6723958253860474,0.5946730375289917,0.6791666746139526,0.6070813536643982,1429,1127449129,4,3
366001,1920,5490015,702721920,23520,0.6791666746139526,128,366000,1.4407141208648682,1920,17,3,500000,1000,,366001.0,0.6723958253860474,0.5946726202964783,0.675000011920929,0.6070266366004944,1434,1127449129,4,3
367001,1920,5505015,704641920,23520,0.675000011920929,128,367000,1.444633960723877,1920,17,3,500000,1000,,367001.0,0.6729166507720947,0.5946780443191528,0.6791666746139526,0.6071663498878479,1438,1127449129,4,3
368001,1920,5520015,706561920,23520,0.6791666746139526,128,368000,1.4483458995819092,1920,17,3,500000,1000,,368001.0,0.6708333492279053,0.5946757793426514,0.675000011920929,0.6067578196525574,1442,1127449129,4,3
369001,1920,5535015,708481920,23520,0.675000011920929,128,369000,1.4532639980316162,1920,17,3,500000,1000,,369001.0,0.6713541746139526,0.594673216342926,0.675000011920929,0.6069839000701904,1446,1127449129,4,3
370001,1920,5550015,710401920,23520,0.675000011920929,128,370000,1.4569916725158691,1920,17,3,500000,1000,,370001.0,0.6734374761581421,0.5946767330169678,0.6770833134651184,0.6070226430892944,1449,1127449129,4,3
371001,1920,5565015,712321920,23520,0.6770833134651184,128,371000,1.4608848094940186,1920,17,3,500000,1000,,371001.0,0.6708333492279053,0.5946786403656006,0.675000011920929,0.6068276166915894,1453,1127449129,4,3
372001,1920,5580015,714241920,23520,0.675000011920929,128,372000,1.4648747444152832,1920,17,3,500000,1000,,372001.0,0.6723958253860474,0.5946757793426514,0.6770833134651184,0.6069576144218445,1457,1127449129,4,3
373001,1920,5595015,716161920,23520,0.6770833134651184,128,373000,1.4690608978271484,1920,17,3,500000,1000,,373001.0,0.6723958253860474,0.5946752429008484,0.675000011920929,0.6070041060447693,1461,1127449129,4,3
374001,1920,5610015,718081920,23520,0.675000011920929,128,374000,1.4732489585876465,1920,17,3,500000,1000,,374001.0,0.6713541746139526,0.5946741104125977,0.6770833134651184,0.6071510910987854,1465,1127449129,4,3
375001,1920,5625015,720001920,23520,0.6770833134651184,128,375000,1.4769699573516846,1920,17,3,500000,1000,,375001.0,0.6713541746139526,0.5946727395057678,0.6770833134651184,0.607008695602417,1469,1127449129,4,3
376001,1920,5640015,721921920,23520,0.6770833134651184,128,376000,1.4807178974151611,1920,17,3,500000,1000,,376001.0,0.6729166507720947,0.5946723222732544,0.675000011920929,0.6074404120445251,1473,1127449129,4,3
377001,1920,5655015,723841920,23520,0.675000011920929,128,377000,1.4844717979431152,1920,17,3,500000,1000,,377001.0,0.671875,0.5946744680404663,0.6770833134651184,0.6069738864898682,1476,1127449129,4,3
378001,1920,5670015,725761920,23520,0.6770833134651184,128,378000,1.4882256984710693,1920,17,3,500000,1000,,378001.0,0.6723958253860474,0.5946746468544006,0.675000011920929,0.6070401072502136,1480,1127449129,4,3
379001,1920,5685015,727681920,23520,0.675000011920929,128,379000,1.4918925762176514,1920,17,3,500000,1000,,379001.0,0.6713541746139526,0.5946725010871887,0.6770833134651184,0.6069465279579163,1484,1127449129,4,3
380001,1920,5700015,729601920,23520,0.6770833134651184,128,380000,1.4956207275390625,1920,17,3,500000,1000,,380001.0,0.6723958253860474,0.5946725010871887,0.675000011920929,0.6071110367774963,1488,1127449129,4,3
381001,1920,5715015,731521920,23520,0.675000011920929,128,381000,1.4993798732757568,1920,17,3,500000,1000,,381001.0,0.671875,0.5946798324584961,0.6791666746139526,0.6075575947761536,1492,1127449129,4,3
382001,1920,5730015,733441920,23520,0.6791666746139526,128,382000,1.5031139850616455,1920,17,3,500000,1000,,382001.0,0.671875,0.5946740508079529,0.6770833134651184,0.6075161695480347,1495,1127449129,4,3
383001,1920,5745015,735361920,23520,0.6770833134651184,128,383000,1.5068349838256836,1920,17,3,500000,1000,,383001.0,0.6734374761581421,0.5946770310401917,0.675000011920929,0.6074447631835938,1499,1127449129,4,3
384001,1920,5760015,737281920,23520,0.675000011920929,128,384000,1.5106041431427002,1920,17,3,500000,1000,,384001.0,0.671875,0.5946765542030334,0.675000011920929,0.60725998878479,1503,1127449129,4,3
385001,1920,5775015,739201920,23520,0.675000011920929,128,385000,1.5144102573394775,1920,17,3,500000,1000,,385001.0,0.6713541746139526,0.5946751832962036,0.675000011920929,0.6071344614028931,1507,1127449129,4,3
386001,1920,5790015,741121920,23520,0.675000011920929,128,386000,1.518153429031372,1920,17,3,500000,1000,,386001.0,0.671875,0.5946723818778992,0.6770833134651184,0.6074649691581726,1511,1127449129,4,3
387001,1920,5805015,743041920,23520,0.6770833134651184,128,387000,1.521902322769165,1920,17,3,500000,1000,,387001.0,0.6713541746139526,0.5946717858314514,0.6770833134651184,0.6073811054229736,1514,1127449129,4,3
388001,1920,5820015,744961920,23520,0.6770833134651184,128,388000,1.5257103443145752,1920,17,3,500000,1000,,388001.0,0.6713541746139526,0.5946727991104126,0.6770833134651184,0.6074811816215515,1518,1127449129,4,3
389001,1920,5835015,746881920,23520,0.6770833134651184,128,389000,1.529435157775879,1920,17,3,500000,1000,,389001.0,0.6723958253860474,0.594674289226532,0.6770833134651184,0.6072316765785217,1522,1127449129,4,3
390001,1920,5850015,748801920,23520,0.6770833134651184,128,390000,1.5334069728851318,1920,17,3,500000,1000,,390001.0,0.6729166507720947,0.594671368598938,0.675000011920929,0.6074418425559998,1526,1127449129,4,3
391001,1920,5865015,750721920,23520,0.675000011920929,128,391000,1.537154197692871,1920,17,3,500000,1000,,391001.0,0.6708333492279053,0.5946734547615051,0.6770833134651184,0.6072381138801575,1530,1127449129,4,3
392001,1920,5880015,752641920,23520,0.6770833134651184,128,392000,1.5409131050109863,1920,17,3,500000,1000,,392001.0,0.6755208373069763,0.5946730375289917,0.675000011920929,0.6075481176376343,1533,1127449129,4,3
393001,1920,5895015,754561920,23520,0.675000011920929,128,393000,1.544679880142212,1920,17,3,500000,1000,,393001.0,0.6734374761581421,0.594673216342926,0.6791666746139526,0.6070484519004822,1537,1127449129,4,3
394001,1920,5910015,756481920,23520,0.6791666746139526,128,394000,1.5484249591827393,1920,17,3,500000,1000,,394001.0,0.6723958253860474,0.5946703553199768,0.675000011920929,0.607346773147583,1541,1127449129,4,3
395001,1920,5925015,758401920,23520,0.675000011920929,128,395000,1.5521490573883057,1920,17,3,500000,1000,,395001.0,0.671875,0.5946695804595947,0.6770833134651184,0.6071335673332214,1545,1127449129,4,3
396001,1920,5940015,760321920,23520,0.6770833134651184,128,396000,1.55619215965271,1920,17,3,500000,1000,,396001.0,0.6723958253860474,0.5946681499481201,0.675000011920929,0.6074498295783997,1548,1127449129,4,3
397001,1920,5955015,762241920,23520,0.675000011920929,128,397000,1.559988260269165,1920,17,3,500000,1000,,397001.0,0.6723958253860474,0.5946715474128723,0.675000011920929,0.6070688366889954,1552,1127449129,4,3
398001,1920,5970015,764161920,23520,0.675000011920929,128,398000,1.5636932849884033,1920,17,3,500000,1000,,398001.0,0.6723958253860474,0.5946706533432007,0.675000011920929,0.6069920659065247,1556,1127449129,4,3
399001,1920,5985015,766081920,23520,0.675000011920929,128,399000,1.5674042701721191,1920,17,3,500000,1000,,399001.0,0.671875,0.5946750640869141,0.675000011920929,0.6073095202445984,1560,1127449129,4,3
400001,1920,6000015,768001920,23520,0.675000011920929,128,400000,1.5713186264038086,1920,17,3,500000,1000,,400001.0,0.6729166507720947,0.5946676731109619,0.675000011920929,0.60713791847229,1564,1127449129,4,3
401001,1920,6015015,769921920,23520,0.675000011920929,128,401000,1.5750806331634521,1920,17,3,500000,1000,,401001.0,0.6723958253860474,0.5946716070175171,0.675000011920929,0.6074861884117126,1567,1127449129,4,3
402001,1920,6030015,771841920,23520,0.675000011920929,128,402000,1.5792295932769775,1920,17,3,500000,1000,,402001.0,0.6739583611488342,0.5946742296218872,0.675000011920929,0.6072850823402405,1571,1127449129,4,3
403001,1920,6045015,773761920,23520,0.675000011920929,128,403000,1.5829546451568604,1920,17,3,500000,1000,,403001.0,0.671875,0.5946701765060425,0.6770833134651184,0.6069878339767456,1575,1127449129,4,3
404001,1920,6060015,775681920,23520,0.6770833134651184,128,404000,1.5867486000061035,1920,17,3,500000,1000,,404001.0,0.6713541746139526,0.5946721434593201,0.675000011920929,0.6071912050247192,1579,1127449129,4,3
405001,1920,6075015,777601920,23520,0.675000011920929,128,405000,1.5905208587646484,1920,17,3,500000,1000,,405001.0,0.671875,0.5946687459945679,0.675000011920929,0.60749351978302,1583,1127449129,4,3
406001,1920,6090015,779521920,23520,0.675000011920929,128,406000,1.594287633895874,1920,17,3,500000,1000,,406001.0,0.6708333492279053,0.5946725010871887,0.675000011920929,0.6071251630783081,1586,1127449129,4,3
407001,1920,6105015,781441920,23520,0.675000011920929,128,407000,1.598052740097046,1920,17,3,500000,1000,,407001.0,0.6703125238418579,0.5946726202964783,0.675000011920929,0.607141375541687,1590,1127449129,4,3
408001,1920,6120015,783361920,23520,0.675000011920929,128,408000,1.6019997596740723,1920,17,3,500000,1000,,408001.0,0.6703125238418579,0.59466952085495,0.6770833134651184,0.6072528958320618,1594,1127449129,4,3
409001,1920,6135015,785281920,23520,0.6770833134651184,128,409000,1.60575270652771,1920,17,3,500000,1000,,409001.0,0.671875,0.5946711301803589,0.6770833134651184,0.607593834400177,1598,1127449129,4,3
410001,1920,6150015,787201920,23520,0.6770833134651184,128,410000,1.6097478866577148,1920,17,3,500000,1000,,410001.0,0.6713541746139526,0.5946686267852783,0.675000011920929,0.6072549223899841,1601,1127449129,4,3
411001,1920,6165015,789121920,23520,0.675000011920929,128,411000,1.6134898662567139,1920,17,3,500000,1000,,411001.0,0.671875,0.5946685671806335,0.675000011920929,0.6071584820747375,1605,1127449129,4,3
412001,1920,6180015,791041920,23520,0.675000011920929,128,412000,1.6175549030303955,1920,17,3,500000,1000,,412001.0,0.6723958253860474,0.5946676731109619,0.675000011920929,0.6072867512702942,1609,1127449129,4,3
413001,1920,6195015,792961920,23520,0.675000011920929,128,413000,1.621856927871704,1920,17,3,500000,1000,,413001.0,0.6729166507720947,0.594671368598938,0.675000011920929,0.6072391867637634,1613,1127449129,4,3
414001,1920,6210015,794881920,23520,0.675000011920929,128,414000,1.6255877017974854,1920,17,3,500000,1000,,414001.0,0.6729166507720947,0.5946680903434753,0.675000011920929,0.6070533990859985,1617,1127449129,4,3
415001,1920,6225015,796801920,23520,0.675000011920929,128,415000,1.6293096542358398,1920,17,3,500000,1000,,415001.0,0.6703125238418579,0.5946725010871887,0.6770833134651184,0.6073314547538757,1621,1127449129,4,3
416001,1920,6240015,798721920,23520,0.6770833134651184,128,416000,1.6330115795135498,1920,17,3,500000,1000,,416001.0,0.6708333492279053,0.5946739912033081,0.6812499761581421,0.6072788238525391,1625,1127449129,4,3
417001,1920,6255015,800641920,23520,0.6812499761581421,128,417000,1.6367785930633545,1920,17,3,500000,1000,,417001.0,0.6708333492279053,0.5946718454360962,0.675000011920929,0.6071059107780457,1628,1127449129,4,3
418001,1920,6270015,802561920,23520,0.675000011920929,128,418000,1.6404926776885986,1920,17,3,500000,1000,,418001.0,0.6729166507720947,0.5946714878082275,0.675000011920929,0.6071636080741882,1632,1127449129,4,3
419001,1920,6285015,804481920,23520,0.675000011920929,128,419000,1.644223690032959,1920,17,3,500000,1000,,419001.0,0.6713541746139526,0.5946722626686096,0.6770833134651184,0.6070846915245056,1636,1127449129,4,3
420001,1920,6300015,806401920,23520,0.6770833134651184,128,420000,1.64796781539917,1920,17,3,500000,1000,,420001.0,0.6729166507720947,0.5946681499481201,0.675000011920929,0.607407808303833,1640,1127449129,4,3
421001,1920,6315015,808321920,23520,0.675000011920929,128,421000,1.6519227027893066,1920,17,3,500000,1000,,421001.0,0.6739583611488342,0.5946682691574097,0.675000011920929,0.607330322265625,1644,1127449129,4,3
422001,1920,6330015,810241920,23520,0.675000011920929,128,422000,1.655705451965332,1920,17,3,500000,1000,,422001.0,0.6729166507720947,0.5946658849716187,0.675000011920929,0.6071971654891968,1647,1127449129,4,3
423001,1920,6345015,812161920,23520,0.675000011920929,128,423000,1.6594443321228027,1920,17,3,500000,1000,,423001.0,0.6729166507720947,0.5946686267852783,0.675000011920929,0.6071730256080627,1651,1127449129,4,3
424001,1920,6360015,814081920,23520,0.675000011920929,128,424000,1.663163423538208,1920,17,3,500000,1000,,424001.0,0.6723958253860474,0.5946706533432007,0.675000011920929,0.6071067452430725,1655,1127449129,4,3
425001,1920,6375015,816001920,23520,0.675000011920929,128,425000,1.6668615341186523,1920,17,3,500000,1000,,425001.0,0.6739583611488342,0.5946720242500305,0.675000011920929,0.6073388457298279,1659,1127449129,4,3
426001,1920,6390015,817921920,23520,0.675000011920929,128,426000,1.670917272567749,1920,17,3,500000,1000,,426001.0,0.6713541746139526,0.5946681499481201,0.6791666746139526,0.6072313189506531,1663,1127449129,4,3
427001,1920,6405015,819841920,23520,0.6791666746139526,128,427000,1.6748943328857422,1920,17,3,500000,1000,,427001.0,0.6729166507720947,0.5946743488311768,0.675000011920929,0.6071504950523376,1667,1127449129,4,3
428001,1920,6420015,821761920,23520,0.675000011920929,128,428000,1.6786353588104248,1920,17,3,500000,1000,,428001.0,0.6723958253860474,0.5946687459945679,0.675000011920929,0.6073144674301147,1671,1127449129,4,3
429001,1920,6435015,823681920,23520,0.675000011920929,128,429000,1.6823632717132568,1920,17,3,500000,1000,,429001.0,0.6697916388511658,0.5946703553199768,0.6833333373069763,0.6070308685302734,1674,1127449129,4,3
430001,1920,6450015,825601920,23520,0.6833333373069763,128,430000,1.6861152648925781,1920,17,3,500000,1000,,430001.0,0.6723958253860474,0.5946699976921082,0.6770833134651184,0.6067427396774292,1678,1127449129,4,3
431001,1920,6465015,827521920,23520,0.6770833134651184,128,431000,1.6900460720062256,1920,17,3,500000,1000,,431001.0,0.6739583611488342,0.5946668386459351,0.675000011920929,0.6071738004684448,1682,1127449129,4,3
432001,1920,6480015,829441920,23520,0.675000011920929,128,432000,1.6940398216247559,1920,17,3,500000,1000,,432001.0,0.6734374761581421,0.5946677327156067,0.675000011920929,0.6072908043861389,1686,1127449129,4,3
433001,1920,6495015,831361920,23520,0.675000011920929,128,433000,1.6977674961090088,1920,17,3,500000,1000,,433001.0,0.6713541746139526,0.5946673154830933,0.6770833134651184,0.6072098016738892,1690,1127449129,4,3
434001,1920,6510015,833281920,23520,0.6770833134651184,128,434000,1.701505422592163,1920,17,3,500000,1000,,434001.0,0.6713541746139526,0.5946668982505798,0.6812499761581421,0.6071274876594543,1693,1127449129,4,3
435001,1920,6525015,835201920,23520,0.6812499761581421,128,435000,1.7052292823791504,1920,17,3,500000,1000,,435001.0,0.6734374761581421,0.5946683287620544,0.675000011920929,0.607240617275238,1697,1127449129,4,3
436001,1920,6540015,837121920,23520,0.675000011920929,128,436000,1.7089533805847168,1920,17,3,500000,1000,,436001.0,0.6739583611488342,0.594667375087738,0.675000011920929,0.6070336103439331,1701,1127449129,4,3
437001,1920,6555015,839041920,23520,0.675000011920929,128,437000,1.7129733562469482,1920,17,3,500000,1000,,437001.0,0.6729166507720947,0.5946654677391052,0.6770833134651184,0.6073817610740662,1705,1127449129,4,3
438001,1920,6570015,840961920,23520,0.6770833134651184,128,438000,1.7166733741760254,1920,17,3,500000,1000,,438001.0,0.671875,0.5946671962738037,0.675000011920929,0.6074418425559998,1708,1127449129,4,3
439001,1920,6585015,842881920,23520,0.675000011920929,128,439000,1.7206544876098633,1920,17,3,500000,1000,,439001.0,0.6729166507720947,0.594667375087738,0.675000011920929,0.6073262691497803,1712,1127449129,4,3
440001,1920,6600015,844801920,23520,0.675000011920929,128,440000,1.7243285179138184,1920,17,3,500000,1000,,440001.0,0.6713541746139526,0.5946701169013977,0.675000011920929,0.6071406602859497,1716,1127449129,4,3
441001,1920,6615015,846721920,23520,0.675000011920929,128,441000,1.7280406951904297,1920,17,3,500000,1000,,441001.0,0.671875,0.5946676135063171,0.6770833134651184,0.6072158813476562,1720,1127449129,4,3
442001,1920,6630015,848641920,23520,0.6770833134651184,128,442000,1.731738567352295,1920,17,3,500000,1000,,442001.0,0.6692708134651184,0.5946683287620544,0.6770833134651184,0.6071293354034424,1724,1127449129,4,3
443001,1920,6645015,850561920,23520,0.6770833134651184,128,443000,1.7355422973632812,1920,17,3,500000,1000,,443001.0,0.6729166507720947,0.5946703553199768,0.6770833134651184,0.607232928276062,1727,1127449129,4,3
444001,1920,6660015,852481920,23520,0.6770833134651184,128,444000,1.7397942543029785,1920,17,3,500000,1000,,444001.0,0.6729166507720947,0.5946671962738037,0.675000011920929,0.6073526740074158,1731,1127449129,4,3
445001,1920,6675015,854401920,23520,0.675000011920929,128,445000,1.7435939311981201,1920,17,3,500000,1000,,445001.0,0.6708333492279053,0.5946701169013977,0.675000011920929,0.6071290373802185,1735,1127449129,4,3
446001,1920,6690015,856321920,23520,0.675000011920929,128,446000,1.7473089694976807,1920,17,3,500000,1000,,446001.0,0.6734374761581421,0.5946672558784485,0.675000011920929,0.6072975397109985,1739,1127449129,4,3
447001,1920,6705015,858241920,23520,0.675000011920929,128,447000,1.7510828971862793,1920,17,3,500000,1000,,447001.0,0.6734374761581421,0.5946688055992126,0.675000011920929,0.6072323322296143,1743,1127449129,4,3
448001,1920,6720015,860161920,23520,0.675000011920929,128,448000,1.7547967433929443,1920,17,3,500000,1000,,448001.0,0.6713541746139526,0.5946651101112366,0.6770833134651184,0.6071940660476685,1747,1127449129,4,3
449001,1920,6735015,862081920,23520,0.6770833134651184,128,449000,1.7585375308990479,1920,17,3,500000,1000,,449001.0,0.6729166507720947,0.5946652889251709,0.6770833134651184,0.606967031955719,1750,1127449129,4,3
450001,1920,6750015,864001920,23520,0.6770833134651184,128,450000,1.7622337341308594,1920,17,3,500000,1000,,450001.0,0.671875,0.5946672558784485,0.675000011920929,0.607202410697937,1754,1127449129,4,3
451001,1920,6765015,865921920,23520,0.675000011920929,128,451000,1.7659704685211182,1920,17,3,500000,1000,,451001.0,0.6744791865348816,0.5946676135063171,0.6770833134651184,0.6072044372558594,1758,1127449129,4,3
452001,1920,6780015,867841920,23520,0.6770833134651184,128,452000,1.7700724601745605,1920,17,3,500000,1000,,452001.0,0.6729166507720947,0.5946676135063171,0.675000011920929,0.6068996787071228,1762,1127449129,4,3
453001,1920,6795015,869761920,23520,0.675000011920929,128,453000,1.7738392353057861,1920,17,3,500000,1000,,453001.0,0.6723958253860474,0.5946668386459351,0.675000011920929,0.6069349050521851,1765,1127449129,4,3
454001,1920,6810015,871681920,23520,0.675000011920929,128,454000,1.7776541709899902,1920,17,3,500000,1000,,454001.0,0.6729166507720947,0.5946666598320007,0.6770833134651184,0.6071500778198242,1769,1127449129,4,3
455001,1920,6825015,873601920,23520,0.6770833134651184,128,455000,1.7814390659332275,1920,17,3,500000,1000,,455001.0,0.6729166507720947,0.5946643948554993,0.675000011920929,0.6073437929153442,1773,1127449129,4,3
456001,1920,6840015,875521920,23520,0.675000011920929,128,456000,1.7859840393066406,1920,17,3,500000,1000,,456001.0,0.6723958253860474,0.5946645140647888,0.6791666746139526,0.6070100665092468,1777,1127449129,4,3
457001,1920,6855015,877441920,23520,0.6791666746139526,128,457000,1.7897870540618896,1920,17,3,500000,1000,,457001.0,0.671875,0.5946632623672485,0.6812499761581421,0.6071608066558838,1781,1127449129,4,3
458001,1920,6870015,879361920,23520,0.6812499761581421,128,458000,1.7935352325439453,1920,17,3,500000,1000,,458001.0,0.6723958253860474,0.594666063785553,0.6770833134651184,0.607174813747406,1785,1127449129,4,3
459001,1920,6885015,881281920,23520,0.6770833134651184,128,459000,1.7972791194915771,1920,17,3,500000,1000,,459001.0,0.6723958253860474,0.5946654081344604,0.6791666746139526,0.6070967316627502,1789,1127449129,4,3
460001,1920,6900015,883201920,23520,0.6791666746139526,128,460000,1.8012120723724365,1920,17,3,500000,1000,,460001.0,0.6723958253860474,0.5946699380874634,0.6791666746139526,0.6072772741317749,1792,1127449129,4,3
461001,1920,6915015,885121920,23520,0.6791666746139526,128,461000,1.8050031661987305,1920,17,3,500000,1000,,461001.0,0.6723958253860474,0.5946668386459351,0.6791666746139526,0.607026994228363,1796,1127449129,4,3
462001,1920,6930015,887041920,23520,0.6791666746139526,128,462000,1.808791160583496,1920,17,3,500000,1000,,462001.0,0.6734374761581421,0.5946698784828186,0.6812499761581421,0.6073207259178162,1800,1127449129,4,3
463001,1920,6945015,888961920,23520,0.6812499761581421,128,463000,1.8125412464141846,1920,17,3,500000,1000,,463001.0,0.6708333492279053,0.5946670174598694,0.6770833134651184,0.6071158051490784,1804,1127449129,4,3
464001,1920,6960015,890881920,23520,0.6770833134651184,128,464000,1.8163514137268066,1920,17,3,500000,1000,,464001.0,0.6723958253860474,0.5946622490882874,0.675000011920929,0.607200562953949,1807,1127449129,4,3
465001,1920,6975015,892801920,23520,0.675000011920929,128,465000,1.8202884197235107,1920,17,3,500000,1000,,465001.0,0.6723958253860474,0.5946617126464844,0.675000011920929,0.607151448726654,1811,1127449129,4,3
466001,1920,6990015,894721920,23520,0.675000011920929,128,466000,1.823998212814331,1920,17,3,500000,1000,,466001.0,0.6723958253860474,0.5946619510650635,0.6770833134651184,0.60740727186203,1815,1127449129,4,3
467001,1920,7005015,896641920,23520,0.6770833134651184,128,467000,1.827759027481079,1920,17,3,500000,1000,,467001.0,0.671875,0.5946630239486694,0.675000011920929,0.6071529984474182,1819,1127449129,4,3
468001,1920,7020015,898561920,23520,0.675000011920929,128,468000,1.831489086151123,1920,17,3,500000,1000,,468001.0,0.6708333492279053,0.5946651697158813,0.6770833134651184,0.6071294546127319,1823,1127449129,4,3
469001,1920,7035015,900481920,23520,0.6770833134651184,128,469000,1.8352532386779785,1920,17,3,500000,1000,,469001.0,0.6703125238418579,0.5946630835533142,0.6791666746139526,0.6070728898048401,1826,1127449129,4,3
470001,1920,7050015,902401920,23520,0.6791666746139526,128,470000,1.8389892578125,1920,17,3,500000,1000,,470001.0,0.6734374761581421,0.5946605801582336,0.6770833134651184,0.6073950529098511,1830,1127449129,4,3
471001,1920,7065015,904321920,23520,0.6770833134651184,128,471000,1.842698097229004,1920,17,3,500000,1000,,471001.0,0.671875,0.5946665406227112,0.6812499761581421,0.607373058795929,1834,1127449129,4,3
472001,1920,7080015,906241920,23520,0.6812499761581421,128,472000,1.8464241027832031,1920,17,3,500000,1000,,472001.0,0.6729166507720947,0.5946661233901978,0.6770833134651184,0.6073856949806213,1838,1127449129,4,3
473001,1920,7095015,908161920,23520,0.6770833134651184,128,473000,1.8504624366760254,1920,17,3,500000,1000,,473001.0,0.6708333492279053,0.5946636199951172,0.6770833134651184,0.6075543761253357,1842,1127449129,4,3
474001,1920,7110015,910081920,23520,0.6770833134651184,128,474000,1.8542463779449463,1920,17,3,500000,1000,,474001.0,0.6708333492279053,0.5946667790412903,0.6770833134651184,0.6072695851325989,1845,1127449129,4,3
475001,1920,7125015,912001920,23520,0.6770833134651184,128,475000,1.8580403327941895,1920,17,3,500000,1000,,475001.0,0.6713541746139526,0.5946632027626038,0.675000011920929,0.6074734926223755,1849,1127449129,4,3
476001,1920,7140015,913921920,23520,0.675000011920929,128,476000,1.8617753982543945,1920,17,3,500000,1000,,476001.0,0.668749988079071,0.594669759273529,0.6770833134651184,0.607300341129303,1853,1127449129,4,3
477001,1920,7155015,915841920,23520,0.6770833134651184,128,477000,1.8655436038970947,1920,17,3,500000,1000,,477001.0,0.6723958253860474,0.5946647524833679,0.6770833134651184,0.6071463227272034,1857,1127449129,4,3
478001,1920,7170015,917761920,23520,0.6770833134651184,128,478000,1.8693795204162598,1920,17,3,500000,1000,,478001.0,0.6744791865348816,0.5946623086929321,0.6770833134651184,0.607434093952179,1861,1127449129,4,3
479001,1920,7185015,919681920,23520,0.6770833134651184,128,479000,1.873105525970459,1920,17,3,500000,1000,,479001.0,0.6744791865348816,0.5946630239486694,0.6770833134651184,0.6071400046348572,1864,1127449129,4,3
480001,1920,7200015,921601920,23520,0.6770833134651184,128,480000,1.8768043518066406,1920,17,3,500000,1000,,480001.0,0.6734374761581421,0.5946641564369202,0.6770833134651184,0.6072560548782349,1868,1127449129,4,3
481001,1920,7215015,923521920,23520,0.6770833134651184,128,481000,1.8805654048919678,1920,17,3,500000,1000,,481001.0,0.6729166507720947,0.5946636199951172,0.675000011920929,0.6069828271865845,1872,1127449129,4,3
482001,1920,7230015,925441920,23520,0.675000011920929,128,482000,1.8843121528625488,1920,17,3,500000,1000,,482001.0,0.6744791865348816,0.5946654081344604,0.675000011920929,0.607111394405365,1876,1127449129,4,3
483001,1920,7245015,927361920,23520,0.675000011920929,128,483000,1.8886709213256836,1920,17,3,500000,1000,,483001.0,0.6708333492279053,0.5946629047393799,0.6770833134651184,0.607137143611908,1880,1127449129,4,3
484001,1920,7260015,929281920,23520,0.6770833134651184,128,484000,1.8924157619476318,1920,17,3,500000,1000,,484001.0,0.6708333492279053,0.5946620106697083,0.675000011920929,0.6072352528572083,1884,1127449129,4,3
485001,1920,7275015,931201920,23520,0.675000011920929,128,485000,1.896169662475586,1920,17,3,500000,1000,,485001.0,0.6703125238418579,0.594660758972168,0.6770833134651184,0.6070654988288879,1888,1127449129,4,3
486001,1920,7290015,933121920,23520,0.6770833134651184,128,486000,1.899991512298584,1920,17,3,500000,1000,,486001.0,0.6729166507720947,0.5946637988090515,0.675000011920929,0.6070590615272522,1891,1127449129,4,3
487001,1920,7305015,935041920,23520,0.675000011920929,128,487000,1.9037785530090332,1920,17,3,500000,1000,,487001.0,0.6723958253860474,0.5946636199951172,0.6770833134651184,0.6072196364402771,1895,1127449129,4,3
488001,1920,7320015,936961920,23520,0.6770833134651184,128,488000,1.9075114727020264,1920,17,3,500000,1000,,488001.0,0.6739583611488342,0.5946675539016724,0.675000011920929,0.607083261013031,1899,1127449129,4,3
489001,1920,7335015,938881920,23520,0.675000011920929,128,489000,1.9112391471862793,1920,17,3,500000,1000,,489001.0,0.675000011920929,0.5946624875068665,0.675000011920929,0.6073634624481201,1903,1127449129,4,3
490001,1920,7350015,940801920,23520,0.675000011920929,128,490000,1.9149549007415771,1920,17,3,500000,1000,,490001.0,0.6729166507720947,0.5946623682975769,0.675000011920929,0.6072343587875366,1907,1127449129,4,3
491001,1920,7365015,942721920,23520,0.675000011920929,128,491000,1.919163703918457,1920,17,3,500000,1000,,491001.0,0.6713541746139526,0.5946643948554993,0.675000011920929,0.6070830225944519,1911,1127449129,4,3
492001,1920,7380015,944641920,23520,0.675000011920929,128,492000,1.922881841659546,1920,17,3,500000,1000,,492001.0,0.6692708134651184,0.5946641564369202,0.6770833134651184,0.6072186231613159,1915,1127449129,4,3
493001,1920,7395015,946561920,23520,0.6770833134651184,128,493000,1.9267518520355225,1920,17,3,500000,1000,,493001.0,0.6708333492279053,0.5946657657623291,0.675000011920929,0.6070477366447449,1918,1127449129,4,3
494001,1920,7410015,948481920,23520,0.675000011920929,128,494000,1.9311039447784424,1920,17,3,500000,1000,,494001.0,0.6703125238418579,0.5946642756462097,0.6791666746139526,0.6070348620414734,1922,1127449129,4,3
495001,1920,7425015,950401920,23520,0.6791666746139526,128,495000,1.9348869323730469,1920,17,3,500000,1000,,495001.0,0.6713541746139526,0.5946613550186157,0.6770833134651184,0.6074205040931702,1926,1127449129,4,3
496001,1920,7440015,952321920,23520,0.6770833134651184,128,496000,1.938645839691162,1920,17,3,500000,1000,,496001.0,0.6729166507720947,0.5946647524833679,0.675000011920929,0.6071826815605164,1930,1127449129,4,3
497001,1920,7455015,954241920,23520,0.675000011920929,128,497000,1.9424445629119873,1920,17,3,500000,1000,,497001.0,0.6723958253860474,0.5946618318557739,0.675000011920929,0.6074144840240479,1934,1127449129,4,3
498001,1920,7470015,956161920,23520,0.675000011920929,128,498000,1.9462316036224365,1920,17,3,500000,1000,,498001.0,0.671875,0.5946629047393799,0.6770833134651184,0.6072819232940674,1938,1127449129,4,3
499001,1920,7485015,958081920,23520,0.6770833134651184,128,499000,1.9506266117095947,1920,17,3,500000,1000,,499001.0,0.6729166507720947,0.594660758972168,0.675000011920929,0.6074488759040833,1942,1127449129,4,3
499998,1920,7499970,959996160,23520,0.675000011920929,128,499997,1.9544315338134766,1920,17,3,500000,1000,,499998.0,0.671875,0.5946611166000366,0.675000011920929,0.6071752309799194,1945,1127449129,4,3
499999,1920,7499985,959998080,23520,0.675000011920929,128,499998,1.9587185382843018,1920,17,3,500000,1000,,499999.0,0.671875,0.5946611762046814,0.675000011920929,0.6071861386299133,1945,1127449129,4,3
500000,1920,7500000,960000000,23520,0.675000011920929,128,499999,1.9629645347595215,1920,17,3,500000,1000,,500000.0,0.671875,0.5946609377861023,0.675000011920929,0.6071966886520386,1945,1127449129,4,3
