pf_calls,num_answers,model_updates,num_grad_comps,answers_bytes,last_score,batch_size,k,elapsed_time,train_data,n,d,max_epochs,verbose,ident,_epochs,score_train,loss_train,score_test,loss_test,_elapsed_time,seed,run_id,dim
1,1920,15,1920,23520,0.5520833134651184,128,0,0.022021055221557617,1920,17,4,500000,1000,,1.0,0.5182291865348816,0.6931472420692444,0.574999988079071,0.6931470632553101,0,845758198,5,4
1001,1920,15015,1921920,23520,0.574999988079071,128,1000,0.025801897048950195,1920,17,4,500000,1000,,1001.0,0.6598958373069763,0.6175314784049988,0.6479166746139526,0.6224440336227417,4,845758198,5,4
2001,1920,30015,3841920,23520,0.6479166746139526,128,2000,0.029597043991088867,1920,17,4,500000,1000,,2001.0,0.6651041507720947,0.6059378385543823,0.6416666507720947,0.6144447326660156,8,845758198,5,4
3001,1920,45015,5761920,23520,0.6416666507720947,128,3000,0.03332018852233887,1920,17,4,500000,1000,,3001.0,0.6682291626930237,0.6010621190071106,0.6499999761581421,0.6133530735969543,11,845758198,5,4
4001,1920,60015,7681920,23520,0.6499999761581421,128,4000,0.03807497024536133,1920,17,4,500000,1000,,4001.0,0.6723958253860474,0.5985466241836548,0.6458333134651184,0.6127977967262268,17,845758198,5,4
5001,1920,75015,9601920,23520,0.6458333134651184,128,5000,0.04248404502868652,1920,17,4,500000,1000,,5001.0,0.675000011920929,0.5971583127975464,0.6458333134651184,0.6125579476356506,21,845758198,5,4
6001,1920,90015,11521920,23520,0.6458333134651184,128,6000,0.05228900909423828,1920,17,4,500000,1000,,6001.0,0.6770833134651184,0.596265971660614,0.6416666507720947,0.6122677326202393,27,845758198,5,4
7001,1920,105015,13441920,23520,0.6416666507720947,128,7000,0.055979013442993164,1920,17,4,500000,1000,,7001.0,0.676562488079071,0.5956348180770874,0.643750011920929,0.6126037240028381,32,845758198,5,4
8001,1920,120015,15361920,23520,0.643750011920929,128,8000,0.05969500541687012,1920,17,4,500000,1000,,8001.0,0.6770833134651184,0.595168948173523,0.6479166746139526,0.6121333837509155,37,845758198,5,4
9001,1920,135015,17281920,23520,0.6479166746139526,128,9000,0.06844830513000488,1920,17,4,500000,1000,,9001.0,0.6786458492279053,0.5947945713996887,0.6416666507720947,0.6124874353408813,42,845758198,5,4
10001,1920,150015,19201920,23520,0.6416666507720947,128,10000,0.07234334945678711,1920,17,4,500000,1000,,10001.0,0.6791666746139526,0.594501793384552,0.6458333134651184,0.6121523380279541,48,845758198,5,4
11001,1920,165015,21121920,23520,0.6458333134651184,128,11000,0.07735514640808105,1920,17,4,500000,1000,,11001.0,0.6796875,0.5942627787590027,0.6479166746139526,0.6120350956916809,52,845758198,5,4
12001,1920,180015,23041920,23520,0.6479166746139526,128,12000,0.08259820938110352,1920,17,4,500000,1000,,12001.0,0.6802083253860474,0.5940582156181335,0.6479166746139526,0.6119681000709534,56,845758198,5,4
13001,1920,195015,24961920,23520,0.6479166746139526,128,13000,0.08641529083251953,1920,17,4,500000,1000,,13001.0,0.6802083253860474,0.5938774943351746,0.643750011920929,0.6122066378593445,61,845758198,5,4
14001,1920,210015,26881920,23520,0.643750011920929,128,14000,0.0913093090057373,1920,17,4,500000,1000,,14001.0,0.6786458492279053,0.5937296748161316,0.6479166746139526,0.6122089624404907,65,845758198,5,4
15001,1920,225015,28801920,23520,0.6479166746139526,128,15000,0.09502911567687988,1920,17,4,500000,1000,,15001.0,0.6760416626930237,0.5936000943183899,0.6479166746139526,0.6122204661369324,70,845758198,5,4
16001,1920,240015,30721920,23520,0.6479166746139526,128,16000,0.09877800941467285,1920,17,4,500000,1000,,16001.0,0.6791666746139526,0.593475878238678,0.6458333134651184,0.612525224685669,74,845758198,5,4
17001,1920,255015,32641920,23520,0.6458333134651184,128,17000,0.10273981094360352,1920,17,4,500000,1000,,17001.0,0.6781250238418579,0.5933793783187866,0.6458333134651184,0.6125308871269226,78,845758198,5,4
18001,1920,270015,34561920,23520,0.6458333134651184,128,18000,0.10650491714477539,1920,17,4,500000,1000,,18001.0,0.6776041388511658,0.5932808518409729,0.6479166746139526,0.6126851439476013,81,845758198,5,4
19001,1920,285015,36481920,23520,0.6479166746139526,128,19000,0.1102898120880127,1920,17,4,500000,1000,,19001.0,0.6770833134651184,0.5932000875473022,0.6479166746139526,0.6123994588851929,85,845758198,5,4
20001,1920,300015,38401920,23520,0.6479166746139526,128,20000,0.11401081085205078,1920,17,4,500000,1000,,20001.0,0.6802083253860474,0.5931215882301331,0.6479166746139526,0.6123284101486206,89,845758198,5,4
21001,1920,315015,40321920,23520,0.6479166746139526,128,21000,0.11776566505432129,1920,17,4,500000,1000,,21001.0,0.6791666746139526,0.5930507183074951,0.6541666388511658,0.6124352812767029,93,845758198,5,4
22001,1920,330015,42241920,23520,0.6541666388511658,128,22000,0.12153172492980957,1920,17,4,500000,1000,,22001.0,0.676562488079071,0.5929843783378601,0.6520833373069763,0.6121764779090881,97,845758198,5,4
23001,1920,345015,44161920,23520,0.6520833373069763,128,23000,0.12522602081298828,1920,17,4,500000,1000,,23001.0,0.6786458492279053,0.592922568321228,0.6520833373069763,0.612301766872406,101,845758198,5,4
24001,1920,360015,46081920,23520,0.6520833373069763,128,24000,0.12896108627319336,1920,17,4,500000,1000,,24001.0,0.676562488079071,0.5928680896759033,0.6520833373069763,0.6123696565628052,105,845758198,5,4
25001,1920,375015,48001920,23520,0.6520833373069763,128,25000,0.13263821601867676,1920,17,4,500000,1000,,25001.0,0.6734374761581421,0.5928146243095398,0.6520833373069763,0.6125544905662537,109,845758198,5,4
26001,1920,390015,49921920,23520,0.6520833373069763,128,26000,0.13640213012695312,1920,17,4,500000,1000,,26001.0,0.676562488079071,0.5927664041519165,0.6520833373069763,0.612416684627533,113,845758198,5,4
27001,1920,405015,51841920,23520,0.6520833373069763,128,27000,0.14009928703308105,1920,17,4,500000,1000,,27001.0,0.6760416626930237,0.5927216410636902,0.6520833373069763,0.6122178435325623,117,845758198,5,4
28001,1920,420015,53761920,23520,0.6520833373069763,128,28000,0.14380240440368652,1920,17,4,500000,1000,,28001.0,0.675000011920929,0.5926787257194519,0.6479166746139526,0.6128305196762085,121,845758198,5,4
29001,1920,435015,55681920,23520,0.6479166746139526,128,29000,0.14995217323303223,1920,17,4,500000,1000,,29001.0,0.675000011920929,0.5926454067230225,0.6499999761581421,0.6126384139060974,125,845758198,5,4
30001,1920,450015,57601920,23520,0.6499999761581421,128,30000,0.1537792682647705,1920,17,4,500000,1000,,30001.0,0.6781250238418579,0.5926005244255066,0.6520833373069763,0.6122793555259705,129,845758198,5,4
31001,1920,465015,59521920,23520,0.6520833373069763,128,31000,0.15754437446594238,1920,17,4,500000,1000,,31001.0,0.675000011920929,0.5925676226615906,0.6499999761581421,0.6123585104942322,133,845758198,5,4
32001,1920,480015,61441920,23520,0.6499999761581421,128,32000,0.16143131256103516,1920,17,4,500000,1000,,32001.0,0.6791666746139526,0.5925320386886597,0.6479166746139526,0.6125269532203674,137,845758198,5,4
33001,1920,495015,63361920,23520,0.6479166746139526,128,33000,0.16593432426452637,1920,17,4,500000,1000,,33001.0,0.6760416626930237,0.5925019383430481,0.6479166746139526,0.612779438495636,142,845758198,5,4
34001,1920,510015,65281920,23520,0.6479166746139526,128,34000,0.17043423652648926,1920,17,4,500000,1000,,34001.0,0.6770833134651184,0.5924699306488037,0.6458333134651184,0.6128948926925659,148,845758198,5,4
35001,1920,525015,67201920,23520,0.6458333134651184,128,35000,0.17435336112976074,1920,17,4,500000,1000,,35001.0,0.6781250238418579,0.5924367904663086,0.6479166746139526,0.6127561926841736,154,845758198,5,4
36001,1920,540015,69121920,23520,0.6479166746139526,128,36000,0.17816567420959473,1920,17,4,500000,1000,,36001.0,0.676562488079071,0.5924092531204224,0.6479166746139526,0.6122750639915466,159,845758198,5,4
37001,1920,555015,71041920,23520,0.6479166746139526,128,37000,0.18197965621948242,1920,17,4,500000,1000,,37001.0,0.6776041388511658,0.5923843383789062,0.6458333134651184,0.612334132194519,165,845758198,5,4
38001,1920,570015,72961920,23520,0.6458333134651184,128,38000,0.18579387664794922,1920,17,4,500000,1000,,38001.0,0.6781250238418579,0.592354953289032,0.6520833373069763,0.6123056411743164,170,845758198,5,4
39001,1920,585015,74881920,23520,0.6520833373069763,128,39000,0.18945813179016113,1920,17,4,500000,1000,,39001.0,0.6802083253860474,0.5923312902450562,0.6499999761581421,0.6120423674583435,176,845758198,5,4
40001,1920,600015,76801920,23520,0.6499999761581421,128,40000,0.1949443817138672,1920,17,4,500000,1000,,40001.0,0.6776041388511658,0.5923035740852356,0.6499999761581421,0.6118953824043274,182,845758198,5,4
41001,1920,615015,78721920,23520,0.6499999761581421,128,41000,0.19905734062194824,1920,17,4,500000,1000,,41001.0,0.6744791865348816,0.5922825336456299,0.6458333134651184,0.6119970679283142,187,845758198,5,4
42001,1920,630015,80641920,23520,0.6458333134651184,128,42000,0.2032475471496582,1920,17,4,500000,1000,,42001.0,0.6786458492279053,0.5922591090202332,0.6499999761581421,0.6118666529655457,193,845758198,5,4
43001,1920,645015,82561920,23520,0.6499999761581421,128,43000,0.20710349082946777,1920,17,4,500000,1000,,43001.0,0.6770833134651184,0.5922401547431946,0.6499999761581421,0.6114904880523682,198,845758198,5,4
44001,1920,660015,84481920,23520,0.6499999761581421,128,44000,0.2108166217803955,1920,17,4,500000,1000,,44001.0,0.6791666746139526,0.592211902141571,0.6499999761581421,0.6116350889205933,204,845758198,5,4
45001,1920,675015,86401920,23520,0.6499999761581421,128,45000,0.2145977020263672,1920,17,4,500000,1000,,45001.0,0.6770833134651184,0.5921922326087952,0.6520833373069763,0.6117888689041138,210,845758198,5,4
46001,1920,690015,88321920,23520,0.6520833373069763,128,46000,0.22272682189941406,1920,17,4,500000,1000,,46001.0,0.676562488079071,0.5921730399131775,0.6520833373069763,0.6116806864738464,216,845758198,5,4
47001,1920,705015,90241920,23520,0.6520833373069763,128,47000,0.22641849517822266,1920,17,4,500000,1000,,47001.0,0.6760416626930237,0.5921555161476135,0.6499999761581421,0.6114864945411682,221,845758198,5,4
48001,1920,720015,92161920,23520,0.6499999761581421,128,48000,0.23331117630004883,1920,17,4,500000,1000,,48001.0,0.676562488079071,0.5921357870101929,0.6499999761581421,0.6112913489341736,227,845758198,5,4
49001,1920,735015,94081920,23520,0.6499999761581421,128,49000,0.23709940910339355,1920,17,4,500000,1000,,49001.0,0.6786458492279053,0.5921157598495483,0.6499999761581421,0.6114310026168823,232,845758198,5,4
50001,1920,750015,96001920,23520,0.6499999761581421,128,50000,0.2409214973449707,1920,17,4,500000,1000,,50001.0,0.6786458492279053,0.5920955538749695,0.6520833373069763,0.6109580397605896,238,845758198,5,4
51001,1920,765015,97921920,23520,0.6520833373069763,128,51000,0.24717926979064941,1920,17,4,500000,1000,,51001.0,0.676562488079071,0.5920780897140503,0.6499999761581421,0.6113768219947815,246,845758198,5,4
52001,1920,780015,99841920,23520,0.6499999761581421,128,52000,0.25093531608581543,1920,17,4,500000,1000,,52001.0,0.676562488079071,0.5920623540878296,0.6479166746139526,0.6114200353622437,253,845758198,5,4
53001,1920,795015,101761920,23520,0.6479166746139526,128,53000,0.25466465950012207,1920,17,4,500000,1000,,53001.0,0.6755208373069763,0.5920465588569641,0.65625,0.6114478707313538,258,845758198,5,4
54001,1920,810015,103681920,23520,0.65625,128,54000,0.27297067642211914,1920,17,4,500000,1000,,54001.0,0.675000011920929,0.5920299887657166,0.6583333611488342,0.6112774014472961,264,845758198,5,4
55001,1920,825015,105601920,23520,0.6583333611488342,128,55000,0.27988147735595703,1920,17,4,500000,1000,,55001.0,0.6776041388511658,0.5920127630233765,0.6520833373069763,0.6109298467636108,270,845758198,5,4
56001,1920,840015,107521920,23520,0.6520833373069763,128,56000,0.2839624881744385,1920,17,4,500000,1000,,56001.0,0.676562488079071,0.5919945240020752,0.6541666388511658,0.6109544038772583,276,845758198,5,4
57001,1920,855015,109441920,23520,0.6541666388511658,128,57000,0.28924059867858887,1920,17,4,500000,1000,,57001.0,0.6776041388511658,0.5919782519340515,0.6520833373069763,0.6110373139381409,281,845758198,5,4
58001,1920,870015,111361920,23520,0.6520833373069763,128,58000,0.29312968254089355,1920,17,4,500000,1000,,58001.0,0.6781250238418579,0.5919681787490845,0.6541666388511658,0.6107820272445679,287,845758198,5,4
59001,1920,885015,113281920,23520,0.6541666388511658,128,59000,0.2968015670776367,1920,17,4,500000,1000,,59001.0,0.6770833134651184,0.5919505953788757,0.6499999761581421,0.6107742786407471,292,845758198,5,4
60001,1920,900015,115201920,23520,0.6499999761581421,128,60000,0.3005356788635254,1920,17,4,500000,1000,,60001.0,0.6781250238418579,0.5919362306594849,0.6583333611488342,0.6107703447341919,298,845758198,5,4
61001,1920,915015,117121920,23520,0.6583333611488342,128,61000,0.3049788475036621,1920,17,4,500000,1000,,61001.0,0.6770833134651184,0.591925859451294,0.6541666388511658,0.610577404499054,303,845758198,5,4
62001,1920,930015,119041920,23520,0.6541666388511658,128,62000,0.3087961673736572,1920,17,4,500000,1000,,62001.0,0.6755208373069763,0.5919077396392822,0.6520833373069763,0.6105943918228149,309,845758198,5,4
63001,1920,945015,120961920,23520,0.6520833373069763,128,63000,0.31266117095947266,1920,17,4,500000,1000,,63001.0,0.6744791865348816,0.5918921828269958,0.6583333611488342,0.6105259656906128,315,845758198,5,4
64001,1920,960015,122881920,23520,0.6583333611488342,128,64000,0.31647419929504395,1920,17,4,500000,1000,,64001.0,0.676562488079071,0.59188312292099,0.6499999761581421,0.6106315851211548,321,845758198,5,4
65001,1920,975015,124801920,23520,0.6499999761581421,128,65000,0.3205292224884033,1920,17,4,500000,1000,,65001.0,0.6781250238418579,0.5918694734573364,0.65625,0.6105401515960693,327,845758198,5,4
66001,1920,990015,126721920,23520,0.65625,128,66000,0.3260681629180908,1920,17,4,500000,1000,,66001.0,0.6781250238418579,0.5918591618537903,0.65625,0.6107854247093201,333,845758198,5,4
67001,1920,1005015,128641920,23520,0.65625,128,67000,0.32972216606140137,1920,17,4,500000,1000,,67001.0,0.6781250238418579,0.5918411612510681,0.6520833373069763,0.6106991171836853,339,845758198,5,4
68001,1920,1020015,130561920,23520,0.6520833373069763,128,68000,0.3361821174621582,1920,17,4,500000,1000,,68001.0,0.676562488079071,0.591831624507904,0.6583333611488342,0.6107147336006165,348,845758198,5,4
69001,1920,1035015,132481920,23520,0.6583333611488342,128,69000,0.3405921459197998,1920,17,4,500000,1000,,69001.0,0.676562488079071,0.591817319393158,0.6604166626930237,0.6105100512504578,354,845758198,5,4
70001,1920,1050015,134401920,23520,0.6604166626930237,128,70000,0.3443939685821533,1920,17,4,500000,1000,,70001.0,0.676562488079071,0.5918070077896118,0.6583333611488342,0.6102035641670227,360,845758198,5,4
71001,1920,1065015,136321920,23520,0.6583333611488342,128,71000,0.34804725646972656,1920,17,4,500000,1000,,71001.0,0.6791666746139526,0.5917943716049194,0.6541666388511658,0.6104867458343506,365,845758198,5,4
72001,1920,1080015,138241920,23520,0.6541666388511658,128,72000,0.3517022132873535,1920,17,4,500000,1000,,72001.0,0.6781250238418579,0.5917873978614807,0.6541666388511658,0.6102208495140076,371,845758198,5,4
73001,1920,1095015,140161920,23520,0.6541666388511658,128,73000,0.35546135902404785,1920,17,4,500000,1000,,73001.0,0.6786458492279053,0.5917744040489197,0.6583333611488342,0.6105718016624451,377,845758198,5,4
74001,1920,1110015,142081920,23520,0.6583333611488342,128,74000,0.35930538177490234,1920,17,4,500000,1000,,74001.0,0.6781250238418579,0.5917635560035706,0.6604166626930237,0.6103174686431885,383,845758198,5,4
75001,1920,1125015,144001920,23520,0.6604166626930237,128,75000,0.3631143569946289,1920,17,4,500000,1000,,75001.0,0.6791666746139526,0.5917536020278931,0.6625000238418579,0.6100536584854126,388,845758198,5,4
76001,1920,1140015,145921920,23520,0.6625000238418579,128,76000,0.3677816390991211,1920,17,4,500000,1000,,76001.0,0.6781250238418579,0.5917434692382812,0.6604166626930237,0.6104532480239868,394,845758198,5,4
77001,1920,1155015,147841920,23520,0.6604166626930237,128,77000,0.3714175224304199,1920,17,4,500000,1000,,77001.0,0.6776041388511658,0.5917317867279053,0.6625000238418579,0.6102344989776611,400,845758198,5,4
78001,1920,1170015,149761920,23520,0.6625000238418579,128,78000,0.3761415481567383,1920,17,4,500000,1000,,78001.0,0.6781250238418579,0.591719925403595,0.6625000238418579,0.610256552696228,406,845758198,5,4
79001,1920,1185015,151681920,23520,0.6625000238418579,128,79000,0.37996649742126465,1920,17,4,500000,1000,,79001.0,0.6776041388511658,0.5917136073112488,0.6604166626930237,0.6102527379989624,411,845758198,5,4
80001,1920,1200015,153601920,23520,0.6604166626930237,128,80000,0.38622045516967773,1920,17,4,500000,1000,,80001.0,0.6786458492279053,0.5916990637779236,0.6645833253860474,0.6101279854774475,417,845758198,5,4
81001,1920,1215015,155521920,23520,0.6645833253860474,128,81000,0.39039134979248047,1920,17,4,500000,1000,,81001.0,0.6776041388511658,0.5916934609413147,0.6625000238418579,0.6096633076667786,423,845758198,5,4
82001,1920,1230015,157441920,23520,0.6625000238418579,128,82000,0.3945174217224121,1920,17,4,500000,1000,,82001.0,0.6776041388511658,0.5916852355003357,0.6645833253860474,0.6099647283554077,429,845758198,5,4
83001,1920,1245015,159361920,23520,0.6645833253860474,128,83000,0.3982415199279785,1920,17,4,500000,1000,,83001.0,0.676562488079071,0.5916748642921448,0.6625000238418579,0.6097356081008911,434,845758198,5,4
84001,1920,1260015,161281920,23520,0.6625000238418579,128,84000,0.40311551094055176,1920,17,4,500000,1000,,84001.0,0.6760416626930237,0.5916672945022583,0.6604166626930237,0.6099794507026672,441,845758198,5,4
85001,1920,1275015,163201920,23520,0.6604166626930237,128,85000,0.40741753578186035,1920,17,4,500000,1000,,85001.0,0.676562488079071,0.5916584134101868,0.6645833253860474,0.6098445653915405,449,845758198,5,4
86001,1920,1290015,165121920,23520,0.6645833253860474,128,86000,0.4124314785003662,1920,17,4,500000,1000,,86001.0,0.6770833134651184,0.5916489362716675,0.6625000238418579,0.6098079681396484,458,845758198,5,4
87001,1920,1305015,167041920,23520,0.6625000238418579,128,87000,0.41690564155578613,1920,17,4,500000,1000,,87001.0,0.676562488079071,0.5916394591331482,0.6666666865348816,0.6098200082778931,470,845758198,5,4
88001,1920,1320015,168961920,23520,0.6666666865348816,128,88000,0.4228246212005615,1920,17,4,500000,1000,,88001.0,0.676562488079071,0.5916343331336975,0.6645833253860474,0.6097820401191711,483,845758198,5,4
89001,1920,1335015,170881920,23520,0.6645833253860474,128,89000,0.42699456214904785,1920,17,4,500000,1000,,89001.0,0.6760416626930237,0.5916271209716797,0.6645833253860474,0.6097323894500732,564,845758198,5,4
90001,1920,1350015,172801920,23520,0.6645833253860474,128,90000,0.44302845001220703,1920,17,4,500000,1000,,90001.0,0.6755208373069763,0.591614305973053,0.6625000238418579,0.6097305417060852,575,845758198,5,4
91001,1920,1365015,174721920,23520,0.6625000238418579,128,91000,0.4504554271697998,1920,17,4,500000,1000,,91001.0,0.6755208373069763,0.5916106104850769,0.6604166626930237,0.6095991730690002,584,845758198,5,4
92001,1920,1380015,176641920,23520,0.6604166626930237,128,92000,0.4543023109436035,1920,17,4,500000,1000,,92001.0,0.6760416626930237,0.5916025638580322,0.6604166626930237,0.6096267104148865,592,845758198,5,4
93001,1920,1395015,178561920,23520,0.6604166626930237,128,93000,0.4592733383178711,1920,17,4,500000,1000,,93001.0,0.6760416626930237,0.5915918350219727,0.6625000238418579,0.6098688244819641,600,845758198,5,4
94001,1920,1410015,180481920,23520,0.6625000238418579,128,94000,0.46382737159729004,1920,17,4,500000,1000,,94001.0,0.6760416626930237,0.5915854573249817,0.6645833253860474,0.6099981665611267,611,845758198,5,4
95001,1920,1425015,182401920,23520,0.6645833253860474,128,95000,0.4812815189361572,1920,17,4,500000,1000,,95001.0,0.675000011920929,0.591575562953949,0.6645833253860474,0.6099574565887451,620,845758198,5,4
96001,1920,1440015,184321920,23520,0.6645833253860474,128,96000,0.495990514755249,1920,17,4,500000,1000,,96001.0,0.6776041388511658,0.5915714502334595,0.6625000238418579,0.6097554564476013,627,845758198,5,4
97001,1920,1455015,186241920,23520,0.6625000238418579,128,97000,0.5093014240264893,1920,17,4,500000,1000,,97001.0,0.676562488079071,0.5915632247924805,0.6645833253860474,0.6097380518913269,636,845758198,5,4
98001,1920,1470015,188161920,23520,0.6645833253860474,128,98000,0.5137465000152588,1920,17,4,500000,1000,,98001.0,0.6760416626930237,0.5915552973747253,0.6645833253860474,0.6099582314491272,644,845758198,5,4
99001,1920,1485015,190081920,23520,0.6645833253860474,128,99000,0.5191454887390137,1920,17,4,500000,1000,,99001.0,0.6760416626930237,0.5915476679801941,0.6583333611488342,0.6096076965332031,653,845758198,5,4
100001,1920,1500015,192001920,23520,0.6583333611488342,128,100000,0.5230085849761963,1920,17,4,500000,1000,,100001.0,0.6760416626930237,0.5915393233299255,0.6604166626930237,0.6098275780677795,661,845758198,5,4
101001,1920,1515015,193921920,23520,0.6604166626930237,128,101000,0.5305824279785156,1920,17,4,500000,1000,,101001.0,0.6770833134651184,0.5915315747261047,0.6625000238418579,0.6097776889801025,669,845758198,5,4
102001,1920,1530015,195841920,23520,0.6625000238418579,128,102000,0.5380251407623291,1920,17,4,500000,1000,,102001.0,0.6770833134651184,0.5915257930755615,0.6645833253860474,0.6098358035087585,678,845758198,5,4
103001,1920,1545015,197761920,23520,0.6645833253860474,128,103000,0.5417089462280273,1920,17,4,500000,1000,,103001.0,0.6776041388511658,0.5915189981460571,0.6604166626930237,0.6098279356956482,684,845758198,5,4
104001,1920,1560015,199681920,23520,0.6604166626930237,128,104000,0.549842119216919,1920,17,4,500000,1000,,104001.0,0.6786458492279053,0.5915164351463318,0.6604166626930237,0.609643816947937,689,845758198,5,4
105001,1920,1575015,201601920,23520,0.6604166626930237,128,105000,0.5542292594909668,1920,17,4,500000,1000,,105001.0,0.6770833134651184,0.5915048718452454,0.6604166626930237,0.6095905900001526,695,845758198,5,4
106001,1920,1590015,203521920,23520,0.6604166626930237,128,106000,0.5580651760101318,1920,17,4,500000,1000,,106001.0,0.6760416626930237,0.5915029048919678,0.6604166626930237,0.6092423796653748,701,845758198,5,4
107001,1920,1605015,205441920,23520,0.6604166626930237,128,107000,0.5621302127838135,1920,17,4,500000,1000,,107001.0,0.6760416626930237,0.5914976596832275,0.6604166626930237,0.6094255447387695,706,845758198,5,4
108001,1920,1620015,207361920,23520,0.6604166626930237,128,108000,0.5683321952819824,1920,17,4,500000,1000,,108001.0,0.6781250238418579,0.5914928317070007,0.6604166626930237,0.6092640161514282,712,845758198,5,4
109001,1920,1635015,209281920,23520,0.6604166626930237,128,109000,0.5732910633087158,1920,17,4,500000,1000,,109001.0,0.676562488079071,0.5914811491966248,0.6583333611488342,0.6094369292259216,718,845758198,5,4
110001,1920,1650015,211201920,23520,0.6583333611488342,128,110000,0.577556848526001,1920,17,4,500000,1000,,110001.0,0.6776041388511658,0.5914773344993591,0.6604166626930237,0.6094523072242737,723,845758198,5,4
111001,1920,1665015,213121920,23520,0.6604166626930237,128,111000,0.581230878829956,1920,17,4,500000,1000,,111001.0,0.676562488079071,0.5914682745933533,0.6583333611488342,0.6096032857894897,729,845758198,5,4
112001,1920,1680015,215041920,23520,0.6583333611488342,128,112000,0.5850749015808105,1920,17,4,500000,1000,,112001.0,0.6781250238418579,0.5914642810821533,0.6604166626930237,0.6093450784683228,734,845758198,5,4
113001,1920,1695015,216961920,23520,0.6604166626930237,128,113000,0.5889317989349365,1920,17,4,500000,1000,,113001.0,0.6781250238418579,0.591457724571228,0.6583333611488342,0.6095114350318909,740,845758198,5,4
114001,1920,1710015,218881920,23520,0.6583333611488342,128,114000,0.593146562576294,1920,17,4,500000,1000,,114001.0,0.6776041388511658,0.5914515256881714,0.6604166626930237,0.6092671155929565,745,845758198,5,4
115001,1920,1725015,220801920,23520,0.6604166626930237,128,115000,0.5967977046966553,1920,17,4,500000,1000,,115001.0,0.6786458492279053,0.5914451479911804,0.65625,0.6091978549957275,751,845758198,5,4
116001,1920,1740015,222721920,23520,0.65625,128,116000,0.6004817485809326,1920,17,4,500000,1000,,116001.0,0.6770833134651184,0.5914392471313477,0.65625,0.6093019247055054,757,845758198,5,4
117001,1920,1755015,224641920,23520,0.65625,128,117000,0.6052954196929932,1920,17,4,500000,1000,,117001.0,0.6786458492279053,0.5914337635040283,0.6583333611488342,0.6090425848960876,762,845758198,5,4
118001,1920,1770015,226561920,23520,0.6583333611488342,128,118000,0.6089732646942139,1920,17,4,500000,1000,,118001.0,0.6776041388511658,0.5914254784584045,0.6583333611488342,0.6093769073486328,768,845758198,5,4
119001,1920,1785015,228481920,23520,0.6583333611488342,128,119000,0.6132183074951172,1920,17,4,500000,1000,,119001.0,0.6786458492279053,0.5914180874824524,0.6583333611488342,0.6091134548187256,774,845758198,5,4
120001,1920,1800015,230401920,23520,0.6583333611488342,128,120000,0.6193914413452148,1920,17,4,500000,1000,,120001.0,0.6791666746139526,0.5914119482040405,0.6583333611488342,0.6094744205474854,779,845758198,5,4
121001,1920,1815015,232321920,23520,0.6583333611488342,128,121000,0.6231374740600586,1920,17,4,500000,1000,,121001.0,0.6770833134651184,0.5914046168327332,0.6583333611488342,0.6090929508209229,785,845758198,5,4
122001,1920,1830015,234241920,23520,0.6583333611488342,128,122000,0.6273484230041504,1920,17,4,500000,1000,,122001.0,0.6781250238418579,0.5913960337638855,0.6604166626930237,0.609172523021698,791,845758198,5,4
123001,1920,1845015,236161920,23520,0.6604166626930237,128,123000,0.6311852931976318,1920,17,4,500000,1000,,123001.0,0.6796875,0.5913870334625244,0.6583333611488342,0.6092967987060547,796,845758198,5,4
124001,1920,1860015,238081920,23520,0.6583333611488342,128,124000,0.6352672576904297,1920,17,4,500000,1000,,124001.0,0.6791666746139526,0.5913843512535095,0.6604166626930237,0.6090042591094971,802,845758198,5,4
125001,1920,1875015,240001920,23520,0.6604166626930237,128,125000,0.6389234066009521,1920,17,4,500000,1000,,125001.0,0.6786458492279053,0.5913779139518738,0.6583333611488342,0.6090450286865234,808,845758198,5,4
126001,1920,1890015,241921920,23520,0.6583333611488342,128,126000,0.6430895328521729,1920,17,4,500000,1000,,126001.0,0.6796875,0.591368556022644,0.6583333611488342,0.6089162826538086,814,845758198,5,4
127001,1920,1905015,243841920,23520,0.6583333611488342,128,127000,0.6469368934631348,1920,17,4,500000,1000,,127001.0,0.6786458492279053,0.591360330581665,0.6604166626930237,0.6089350581169128,819,845758198,5,4
128001,1920,1920015,245761920,23520,0.6604166626930237,128,128000,0.6512298583984375,1920,17,4,500000,1000,,128001.0,0.6791666746139526,0.5913509130477905,0.6604166626930237,0.6090250611305237,825,845758198,5,4
129001,1920,1935015,247681920,23520,0.6604166626930237,128,129000,0.6566786766052246,1920,17,4,500000,1000,,129001.0,0.6776041388511658,0.5913446545600891,0.6604166626930237,0.6092060208320618,831,845758198,5,4
130001,1920,1950015,249601920,23520,0.6604166626930237,128,130000,0.6605474948883057,1920,17,4,500000,1000,,130001.0,0.6796875,0.591338038444519,0.6604166626930237,0.6089575886726379,837,845758198,5,4
131001,1920,1965015,251521920,23520,0.6604166626930237,128,131000,0.6643786430358887,1920,17,4,500000,1000,,131001.0,0.6802083253860474,0.591330349445343,0.6604166626930237,0.6088867783546448,842,845758198,5,4
132001,1920,1980015,253441920,23520,0.6604166626930237,128,132000,0.6680595874786377,1920,17,4,500000,1000,,132001.0,0.6802083253860474,0.5913252234458923,0.6604166626930237,0.6088513731956482,848,845758198,5,4
133001,1920,1995015,255361920,23520,0.6604166626930237,128,133000,0.7537755966186523,1920,17,4,500000,1000,,133001.0,0.6796875,0.5913175940513611,0.6604166626930237,0.6087468862533569,853,845758198,5,4
134001,1920,2010015,257281920,23520,0.6604166626930237,128,134000,0.7574367523193359,1920,17,4,500000,1000,,134001.0,0.6807291507720947,0.5913050770759583,0.6604166626930237,0.6089173555374146,859,845758198,5,4
135001,1920,2025015,259201920,23520,0.6604166626930237,128,135000,0.7619616985321045,1920,17,4,500000,1000,,135001.0,0.6817708611488342,0.5913003087043762,0.6604166626930237,0.6087933778762817,865,845758198,5,4
136001,1920,2040015,261121920,23520,0.6604166626930237,128,136000,0.7657368183135986,1920,17,4,500000,1000,,136001.0,0.6802083253860474,0.5912855863571167,0.6604166626930237,0.6085132956504822,870,845758198,5,4
137001,1920,2055015,263041920,23520,0.6604166626930237,128,137000,0.7693986892700195,1920,17,4,500000,1000,,137001.0,0.6807291507720947,0.5912812948226929,0.6604166626930237,0.6084601283073425,876,845758198,5,4
138001,1920,2070015,264961920,23520,0.6604166626930237,128,138000,0.7787985801696777,1920,17,4,500000,1000,,138001.0,0.6822916865348816,0.5912684202194214,0.6583333611488342,0.6088577508926392,882,845758198,5,4
139001,1920,2085015,266881920,23520,0.6583333611488342,128,139000,0.7826137542724609,1920,17,4,500000,1000,,139001.0,0.6802083253860474,0.5912590026855469,0.6583333611488342,0.6088201999664307,887,845758198,5,4
140001,1920,2100015,268801920,23520,0.6583333611488342,128,140000,0.7864265441894531,1920,17,4,500000,1000,,140001.0,0.6812499761581421,0.5912506580352783,0.6583333611488342,0.6088477969169617,893,845758198,5,4
141001,1920,2115015,270721920,23520,0.6583333611488342,128,141000,0.7912096977233887,1920,17,4,500000,1000,,141001.0,0.6822916865348816,0.5912423729896545,0.6583333611488342,0.6087905168533325,899,845758198,5,4
142001,1920,2130015,272641920,23520,0.6583333611488342,128,142000,0.7951695919036865,1920,17,4,500000,1000,,142001.0,0.6822916865348816,0.5912315845489502,0.65625,0.6088158488273621,906,845758198,5,4
143001,1920,2145015,274561920,23520,0.65625,128,143000,0.815335750579834,1920,17,4,500000,1000,,143001.0,0.6817708611488342,0.591220498085022,0.65625,0.6087890863418579,914,845758198,5,4
144001,1920,2160015,276481920,23520,0.65625,128,144000,0.8192837238311768,1920,17,4,500000,1000,,144001.0,0.6822916865348816,0.5912045836448669,0.6583333611488342,0.6086259484291077,919,845758198,5,4
145001,1920,2175015,278401920,23520,0.6583333611488342,128,145000,0.8230228424072266,1920,17,4,500000,1000,,145001.0,0.6838541626930237,0.5911949872970581,0.65625,0.6085522174835205,925,845758198,5,4
146001,1920,2190015,280321920,23520,0.65625,128,146000,0.8267748355865479,1920,17,4,500000,1000,,146001.0,0.6822916865348816,0.5911850333213806,0.65625,0.6088951826095581,931,845758198,5,4
147001,1920,2205015,282241920,23520,0.65625,128,147000,0.8308498859405518,1920,17,4,500000,1000,,147001.0,0.6822916865348816,0.5911712050437927,0.65625,0.6088390350341797,936,845758198,5,4
148001,1920,2220015,284161920,23520,0.65625,128,148000,0.8346011638641357,1920,17,4,500000,1000,,148001.0,0.6817708611488342,0.5911556482315063,0.6583333611488342,0.6087146401405334,942,845758198,5,4
149001,1920,2235015,286081920,23520,0.6583333611488342,128,149000,0.8389122486114502,1920,17,4,500000,1000,,149001.0,0.6817708611488342,0.591142475605011,0.6604166626930237,0.6086921691894531,948,845758198,5,4
150001,1920,2250015,288001920,23520,0.6604166626930237,128,150000,0.842827320098877,1920,17,4,500000,1000,,150001.0,0.6833333373069763,0.5911278128623962,0.6583333611488342,0.6084808111190796,953,845758198,5,4
151001,1920,2265015,289921920,23520,0.6583333611488342,128,151000,0.8466334342956543,1920,17,4,500000,1000,,151001.0,0.682812511920929,0.5911161303520203,0.6583333611488342,0.6082428097724915,959,845758198,5,4
152001,1920,2280015,291841920,23520,0.6583333611488342,128,152000,0.8503954410552979,1920,17,4,500000,1000,,152001.0,0.6833333373069763,0.591094970703125,0.6604166626930237,0.6085783839225769,965,845758198,5,4
153001,1920,2295015,293761920,23520,0.6604166626930237,128,153000,0.855473518371582,1920,17,4,500000,1000,,153001.0,0.682812511920929,0.591077446937561,0.6604166626930237,0.6083418726921082,971,845758198,5,4
154001,1920,2310015,295681920,23520,0.6604166626930237,128,154000,0.8599765300750732,1920,17,4,500000,1000,,154001.0,0.6817708611488342,0.5910594463348389,0.6604166626930237,0.6086471676826477,976,845758198,5,4
155001,1920,2325015,297601920,23520,0.6604166626930237,128,155000,0.865398645401001,1920,17,4,500000,1000,,155001.0,0.682812511920929,0.5910394787788391,0.6604166626930237,0.6083722710609436,982,845758198,5,4
156001,1920,2340015,299521920,23520,0.6604166626930237,128,156000,0.8702085018157959,1920,17,4,500000,1000,,156001.0,0.6822916865348816,0.5910152792930603,0.6604166626930237,0.6083371639251709,987,845758198,5,4
157001,1920,2355015,301441920,23520,0.6604166626930237,128,157000,0.8740537166595459,1920,17,4,500000,1000,,157001.0,0.682812511920929,0.5909968018531799,0.6625000238418579,0.6087126135826111,993,845758198,5,4
158001,1920,2370015,303361920,23520,0.6625000238418579,128,158000,0.8796758651733398,1920,17,4,500000,1000,,158001.0,0.682812511920929,0.5909680724143982,0.6666666865348816,0.6085614562034607,999,845758198,5,4
159001,1920,2385015,305281920,23520,0.6666666865348816,128,159000,0.8834445476531982,1920,17,4,500000,1000,,159001.0,0.682812511920929,0.5909439921379089,0.6666666865348816,0.6086738109588623,1005,845758198,5,4
160001,1920,2400015,307201920,23520,0.6666666865348816,128,160000,0.8870944976806641,1920,17,4,500000,1000,,160001.0,0.6833333373069763,0.5909146666526794,0.6666666865348816,0.6084458231925964,1010,845758198,5,4
161001,1920,2415015,309121920,23520,0.6666666865348816,128,161000,0.890777587890625,1920,17,4,500000,1000,,161001.0,0.6838541626930237,0.5908864140510559,0.6666666865348816,0.6081755757331848,1016,845758198,5,4
162001,1920,2430015,311041920,23520,0.6666666865348816,128,162000,0.8946833610534668,1920,17,4,500000,1000,,162001.0,0.684374988079071,0.590855062007904,0.6625000238418579,0.6083022952079773,1021,845758198,5,4
163001,1920,2445015,312961920,23520,0.6625000238418579,128,163000,0.8999361991882324,1920,17,4,500000,1000,,163001.0,0.6838541626930237,0.5908167362213135,0.6625000238418579,0.608600378036499,1027,845758198,5,4
164001,1920,2460015,314881920,23520,0.6625000238418579,128,164000,0.9048161506652832,1920,17,4,500000,1000,,164001.0,0.6838541626930237,0.5907805562019348,0.6645833253860474,0.6085032820701599,1033,845758198,5,4
165001,1920,2475015,316801920,23520,0.6645833253860474,128,165000,0.9096884727478027,1920,17,4,500000,1000,,165001.0,0.6864583492279053,0.590747058391571,0.6666666865348816,0.6086426973342896,1039,845758198,5,4
166001,1920,2490015,318721920,23520,0.6666666865348816,128,166000,0.9134416580200195,1920,17,4,500000,1000,,166001.0,0.6854166388511658,0.5907028317451477,0.6708333492279053,0.608019232749939,1045,845758198,5,4
167001,1920,2505015,320641920,23520,0.6708333492279053,128,167000,0.9292426109313965,1920,17,4,500000,1000,,167001.0,0.6864583492279053,0.5906587839126587,0.6708333492279053,0.6080291271209717,1050,845758198,5,4
168001,1920,2520015,322561920,23520,0.6708333492279053,128,168000,0.9330737590789795,1920,17,4,500000,1000,,168001.0,0.6864583492279053,0.5906095504760742,0.6666666865348816,0.6080998182296753,1056,845758198,5,4
169001,1920,2535015,324481920,23520,0.6666666865348816,128,169000,0.9369347095489502,1920,17,4,500000,1000,,169001.0,0.6864583492279053,0.5905550718307495,0.6708333492279053,0.6082596182823181,1061,845758198,5,4
170001,1920,2550015,326401920,23520,0.6708333492279053,128,170000,0.9407777786254883,1920,17,4,500000,1000,,170001.0,0.6859375238418579,0.5905019640922546,0.6666666865348816,0.6085752248764038,1067,845758198,5,4
171001,1920,2565015,328321920,23520,0.6666666865348816,128,171000,0.9444937705993652,1920,17,4,500000,1000,,171001.0,0.6854166388511658,0.5904392600059509,0.6666666865348816,0.6082016825675964,1072,845758198,5,4
172001,1920,2580015,330241920,23520,0.6666666865348816,128,172000,0.9495408535003662,1920,17,4,500000,1000,,172001.0,0.684374988079071,0.5903743505477905,0.6666666865348816,0.6081218123435974,1078,845758198,5,4
173001,1920,2595015,332161920,23520,0.6666666865348816,128,173000,0.9534146785736084,1920,17,4,500000,1000,,173001.0,0.6848958134651184,0.5903154611587524,0.6666666865348816,0.6082306504249573,1084,845758198,5,4
174001,1920,2610015,334081920,23520,0.6666666865348816,128,174000,0.9580366611480713,1920,17,4,500000,1000,,174001.0,0.6848958134651184,0.5902450084686279,0.6666666865348816,0.607970654964447,1090,845758198,5,4
175001,1920,2625015,336001920,23520,0.6666666865348816,128,175000,0.9621806144714355,1920,17,4,500000,1000,,175001.0,0.6854166388511658,0.5901743173599243,0.6666666865348816,0.6080096960067749,1095,845758198,5,4
176001,1920,2640015,337921920,23520,0.6666666865348816,128,176000,0.9662036895751953,1920,17,4,500000,1000,,176001.0,0.6864583492279053,0.5901077389717102,0.6645833253860474,0.6081427931785583,1101,845758198,5,4
177001,1920,2655015,339841920,23520,0.6645833253860474,128,177000,0.9711170196533203,1920,17,4,500000,1000,,177001.0,0.6864583492279053,0.5900259017944336,0.6666666865348816,0.6081712245941162,1107,845758198,5,4
178001,1920,2670015,341761920,23520,0.6666666865348816,128,178000,0.9752638339996338,1920,17,4,500000,1000,,178001.0,0.6869791746139526,0.5899550914764404,0.6645833253860474,0.6080849766731262,1113,845758198,5,4
179001,1920,2685015,343681920,23520,0.6645833253860474,128,179000,0.979377031326294,1920,17,4,500000,1000,,179001.0,0.6875,0.5898854732513428,0.6604166626930237,0.6082375645637512,1119,845758198,5,4
180001,1920,2700015,345601920,23520,0.6604166626930237,128,180000,0.9866280555725098,1920,17,4,500000,1000,,180001.0,0.6854166388511658,0.5898208618164062,0.6625000238418579,0.6078574657440186,1125,845758198,5,4
181001,1920,2715015,347521920,23520,0.6625000238418579,128,181000,0.9904868602752686,1920,17,4,500000,1000,,181001.0,0.684374988079071,0.589751660823822,0.6625000238418579,0.6078939437866211,1131,845758198,5,4
182001,1920,2730015,349441920,23520,0.6625000238418579,128,182000,0.995474100112915,1920,17,4,500000,1000,,182001.0,0.6854166388511658,0.5896878838539124,0.6625000238418579,0.6077649593353271,1136,845758198,5,4
183001,1920,2745015,351361920,23520,0.6625000238418579,128,183000,0.9993991851806641,1920,17,4,500000,1000,,183001.0,0.6848958134651184,0.5896288752555847,0.6604166626930237,0.6079751253128052,1142,845758198,5,4
184001,1920,2760015,353281920,23520,0.6604166626930237,128,184000,1.0035362243652344,1920,17,4,500000,1000,,184001.0,0.6869791746139526,0.5895691514015198,0.6604166626930237,0.6076582074165344,1148,845758198,5,4
185001,1920,2775015,355201920,23520,0.6604166626930237,128,185000,1.0106391906738281,1920,17,4,500000,1000,,185001.0,0.6864583492279053,0.5895093083381653,0.6604166626930237,0.6074912548065186,1153,845758198,5,4
186001,1920,2790015,357121920,23520,0.6604166626930237,128,186000,1.0145151615142822,1920,17,4,500000,1000,,186001.0,0.6869791746139526,0.5894536972045898,0.6625000238418579,0.6075798273086548,1159,845758198,5,4
187001,1920,2805015,359041920,23520,0.6625000238418579,128,187000,1.0182249546051025,1920,17,4,500000,1000,,187001.0,0.6890624761581421,0.5894031524658203,0.6645833253860474,0.6072600483894348,1164,845758198,5,4
188001,1920,2820015,360961920,23520,0.6645833253860474,128,188000,1.0230190753936768,1920,17,4,500000,1000,,188001.0,0.6916666626930237,0.5893557667732239,0.6645833253860474,0.6075468063354492,1170,845758198,5,4
189001,1920,2835015,362881920,23520,0.6645833253860474,128,189000,1.0276000499725342,1920,17,4,500000,1000,,189001.0,0.690625011920929,0.5893002152442932,0.6625000238418579,0.6073958873748779,1176,845758198,5,4
190001,1920,2850015,364801920,23520,0.6625000238418579,128,190000,1.0327231884002686,1920,17,4,500000,1000,,190001.0,0.6901041865348816,0.5892482995986938,0.65625,0.607400119304657,1181,845758198,5,4
191001,1920,2865015,366721920,23520,0.65625,128,191000,1.0374603271484375,1920,17,4,500000,1000,,191001.0,0.690625011920929,0.5892022252082825,0.6520833373069763,0.6069778203964233,1187,845758198,5,4
192001,1920,2880015,368641920,23520,0.6520833373069763,128,192000,1.0419952869415283,1920,17,4,500000,1000,,192001.0,0.690625011920929,0.5891477465629578,0.6583333611488342,0.6068604588508606,1193,845758198,5,4
193001,1920,2895015,370561920,23520,0.6583333611488342,128,193000,1.0467102527618408,1920,17,4,500000,1000,,193001.0,0.6890624761581421,0.5891011357307434,0.65625,0.606273353099823,1199,845758198,5,4
194001,1920,2910015,372481920,23520,0.65625,128,194000,1.051631212234497,1920,17,4,500000,1000,,194001.0,0.6885416507720947,0.5890554189682007,0.6625000238418579,0.6060808897018433,1205,845758198,5,4
195001,1920,2925015,374401920,23520,0.6625000238418579,128,195000,1.0554592609405518,1920,17,4,500000,1000,,195001.0,0.6880208253860474,0.5890076756477356,0.6645833253860474,0.6063373684883118,1211,845758198,5,4
196001,1920,2940015,376321920,23520,0.6645833253860474,128,196000,1.0591912269592285,1920,17,4,500000,1000,,196001.0,0.6880208253860474,0.5889561772346497,0.6625000238418579,0.6060139536857605,1216,845758198,5,4
197001,1920,2955015,378241920,23520,0.6625000238418579,128,197000,1.0629503726959229,1920,17,4,500000,1000,,197001.0,0.6880208253860474,0.5889136791229248,0.6625000238418579,0.6058750152587891,1222,845758198,5,4
198001,1920,2970015,380161920,23520,0.6625000238418579,128,198000,1.0855133533477783,1920,17,4,500000,1000,,198001.0,0.6890624761581421,0.5888713002204895,0.6625000238418579,0.6054922938346863,1228,845758198,5,4
199001,1920,2985015,382081920,23520,0.6625000238418579,128,199000,1.0915052890777588,1920,17,4,500000,1000,,199001.0,0.6901041865348816,0.5888223648071289,0.6625000238418579,0.6054198741912842,1234,845758198,5,4
200001,1920,3000015,384001920,23520,0.6625000238418579,128,200000,1.0953335762023926,1920,17,4,500000,1000,,200001.0,0.6895833611488342,0.588782012462616,0.6625000238418579,0.6051198244094849,1242,845758198,5,4
201001,1920,3015015,385921920,23520,0.6625000238418579,128,201000,1.0989854335784912,1920,17,4,500000,1000,,201001.0,0.6880208253860474,0.5887397527694702,0.6625000238418579,0.6044814586639404,1248,845758198,5,4
202001,1920,3030015,387841920,23520,0.6625000238418579,128,202000,1.1026766300201416,1920,17,4,500000,1000,,202001.0,0.6895833611488342,0.5887063145637512,0.6645833253860474,0.6043975949287415,1253,845758198,5,4
203001,1920,3045015,389761920,23520,0.6645833253860474,128,203000,1.106492519378662,1920,17,4,500000,1000,,203001.0,0.692187488079071,0.5886656045913696,0.6645833253860474,0.6042108535766602,1259,845758198,5,4
204001,1920,3060015,391681920,23520,0.6645833253860474,128,204000,1.1114797592163086,1920,17,4,500000,1000,,204001.0,0.6911458373069763,0.5886344313621521,0.6645833253860474,0.6038416028022766,1265,845758198,5,4
205001,1920,3075015,393601920,23520,0.6645833253860474,128,205000,1.1151618957519531,1920,17,4,500000,1000,,205001.0,0.6916666626930237,0.5886125564575195,0.6645833253860474,0.6036202311515808,1270,845758198,5,4
206001,1920,3090015,395521920,23520,0.6645833253860474,128,206000,1.1193327903747559,1920,17,4,500000,1000,,206001.0,0.6916666626930237,0.588588297367096,0.668749988079071,0.6032202839851379,1276,845758198,5,4
207001,1920,3105015,397441920,23520,0.668749988079071,128,207000,1.1235218048095703,1920,17,4,500000,1000,,207001.0,0.6927083134651184,0.5885696411132812,0.668749988079071,0.6028526425361633,1282,845758198,5,4
208001,1920,3120015,399361920,23520,0.668749988079071,128,208000,1.1283009052276611,1920,17,4,500000,1000,,208001.0,0.6937500238418579,0.588551938533783,0.668749988079071,0.6028222441673279,1287,845758198,5,4
209001,1920,3135015,401281920,23520,0.668749988079071,128,209000,1.133434772491455,1920,17,4,500000,1000,,209001.0,0.692187488079071,0.588536262512207,0.6645833253860474,0.6024912595748901,1293,845758198,5,4
210001,1920,3150015,403201920,23520,0.6645833253860474,128,210000,1.138028621673584,1920,17,4,500000,1000,,210001.0,0.6937500238418579,0.5885265469551086,0.6645833253860474,0.6021591424942017,1299,845758198,5,4
211001,1920,3165015,405121920,23520,0.6645833253860474,128,211000,1.1416857242584229,1920,17,4,500000,1000,,211001.0,0.692187488079071,0.5885098576545715,0.6666666865348816,0.6025006175041199,1304,845758198,5,4
212001,1920,3180015,407041920,23520,0.6666666865348816,128,212000,1.1456356048583984,1920,17,4,500000,1000,,212001.0,0.692187488079071,0.5885023474693298,0.6645833253860474,0.6023514866828918,1310,845758198,5,4
213001,1920,3195015,408961920,23520,0.6645833253860474,128,213000,1.1494593620300293,1920,17,4,500000,1000,,213001.0,0.6927083134651184,0.5884958505630493,0.6666666865348816,0.602216899394989,1316,845758198,5,4
214001,1920,3210015,410881920,23520,0.6666666865348816,128,214000,1.1532025337219238,1920,17,4,500000,1000,,214001.0,0.692187488079071,0.5884883403778076,0.6645833253860474,0.6023409366607666,1321,845758198,5,4
215001,1920,3225015,412801920,23520,0.6645833253860474,128,215000,1.1580054759979248,1920,17,4,500000,1000,,215001.0,0.692187488079071,0.5884777903556824,0.668749988079071,0.6019909977912903,1327,845758198,5,4
216001,1920,3240015,414721920,23520,0.668749988079071,128,216000,1.1624374389648438,1920,17,4,500000,1000,,216001.0,0.6916666626930237,0.5884743332862854,0.668749988079071,0.6019262671470642,1333,845758198,5,4
217001,1920,3255015,416641920,23520,0.668749988079071,128,217000,1.166433334350586,1920,17,4,500000,1000,,217001.0,0.692187488079071,0.5884687900543213,0.6708333492279053,0.6015717387199402,1339,845758198,5,4
218001,1920,3270015,418561920,23520,0.6708333492279053,128,218000,1.1701831817626953,1920,17,4,500000,1000,,218001.0,0.6927083134651184,0.5884637236595154,0.6708333492279053,0.6014082431793213,1345,845758198,5,4
219001,1920,3285015,420481920,23520,0.6708333492279053,128,219000,1.1743271350860596,1920,17,4,500000,1000,,219001.0,0.6911458373069763,0.5884607434272766,0.668749988079071,0.6014259457588196,1350,845758198,5,4
220001,1920,3300015,422401920,23520,0.668749988079071,128,220000,1.1779961585998535,1920,17,4,500000,1000,,220001.0,0.6916666626930237,0.588457465171814,0.6666666865348816,0.6013258695602417,1356,845758198,5,4
221001,1920,3315015,424321920,23520,0.6666666865348816,128,221000,1.1820521354675293,1920,17,4,500000,1000,,221001.0,0.690625011920929,0.5884531140327454,0.6666666865348816,0.6015462279319763,1362,845758198,5,4
222001,1920,3330015,426241920,23520,0.6666666865348816,128,222000,1.1871991157531738,1920,17,4,500000,1000,,222001.0,0.6911458373069763,0.5884478092193604,0.668749988079071,0.6016036868095398,1367,845758198,5,4
223001,1920,3345015,428161920,23520,0.668749988079071,128,223000,1.1919069290161133,1920,17,4,500000,1000,,223001.0,0.6911458373069763,0.588442862033844,0.6708333492279053,0.6016265153884888,1373,845758198,5,4
224001,1920,3360015,430081920,23520,0.6708333492279053,128,224000,1.270798921585083,1920,17,4,500000,1000,,224001.0,0.690625011920929,0.5884430408477783,0.6645833253860474,0.6014722585678101,1379,845758198,5,4
225001,1920,3375015,432001920,23520,0.6645833253860474,128,225000,1.2755126953125,1920,17,4,500000,1000,,225001.0,0.6901041865348816,0.5884403586387634,0.668749988079071,0.6011399030685425,1384,845758198,5,4
226001,1920,3390015,433921920,23520,0.668749988079071,128,226000,1.2804465293884277,1920,17,4,500000,1000,,226001.0,0.6916666626930237,0.5884405970573425,0.668749988079071,0.6012975573539734,1390,845758198,5,4
227001,1920,3405015,435841920,23520,0.668749988079071,128,227000,1.2842605113983154,1920,17,4,500000,1000,,227001.0,0.6911458373069763,0.5884392857551575,0.668749988079071,0.6013482213020325,1396,845758198,5,4
228001,1920,3420015,437761920,23520,0.668749988079071,128,228000,1.288081169128418,1920,17,4,500000,1000,,228001.0,0.6911458373069763,0.5884338617324829,0.6625000238418579,0.6012617945671082,1402,845758198,5,4
229001,1920,3435015,439681920,23520,0.6625000238418579,128,229000,1.2919111251831055,1920,17,4,500000,1000,,229001.0,0.690625011920929,0.5884352326393127,0.6666666865348816,0.6009564995765686,1407,845758198,5,4
230001,1920,3450015,441601920,23520,0.6666666865348816,128,230000,1.2956008911132812,1920,17,4,500000,1000,,230001.0,0.690625011920929,0.5884383916854858,0.6666666865348816,0.6008368134498596,1413,845758198,5,4
231001,1920,3465015,443521920,23520,0.6666666865348816,128,231000,1.2995429039001465,1920,17,4,500000,1000,,231001.0,0.6911458373069763,0.5884304046630859,0.6666666865348816,0.6010391116142273,1419,845758198,5,4
232001,1920,3480015,445441920,23520,0.6666666865348816,128,232000,1.303708791732788,1920,17,4,500000,1000,,232001.0,0.6916666626930237,0.5884278416633606,0.6666666865348816,0.6010757684707642,1424,845758198,5,4
233001,1920,3495015,447361920,23520,0.6666666865348816,128,233000,1.3081848621368408,1920,17,4,500000,1000,,233001.0,0.6911458373069763,0.58842533826828,0.6666666865348816,0.6010042428970337,1430,845758198,5,4
234001,1920,3510015,449281920,23520,0.6666666865348816,128,234000,1.3119239807128906,1920,17,4,500000,1000,,234001.0,0.690625011920929,0.5884309411048889,0.6666666865348816,0.6012318134307861,1436,845758198,5,4
235001,1920,3525015,451201920,23520,0.6666666865348816,128,235000,1.3156871795654297,1920,17,4,500000,1000,,235001.0,0.692187488079071,0.588424801826477,0.6645833253860474,0.6012363433837891,1441,845758198,5,4
236001,1920,3540015,453121920,23520,0.6645833253860474,128,236000,1.321155071258545,1920,17,4,500000,1000,,236001.0,0.6911458373069763,0.5884205102920532,0.6666666865348816,0.6013785004615784,1448,845758198,5,4
237001,1920,3555015,455041920,23520,0.6666666865348816,128,237000,1.3250150680541992,1920,17,4,500000,1000,,237001.0,0.692187488079071,0.5884190797805786,0.668749988079071,0.6009434461593628,1453,845758198,5,4
238001,1920,3570015,456961920,23520,0.668749988079071,128,238000,1.3288471698760986,1920,17,4,500000,1000,,238001.0,0.6911458373069763,0.5884189605712891,0.668749988079071,0.6009104251861572,1458,845758198,5,4
239001,1920,3585015,458881920,23520,0.668749988079071,128,239000,1.3326504230499268,1920,17,4,500000,1000,,239001.0,0.690625011920929,0.5884158611297607,0.6645833253860474,0.6010947823524475,1464,845758198,5,4
240001,1920,3600015,460801920,23520,0.6645833253860474,128,240000,1.3363313674926758,1920,17,4,500000,1000,,240001.0,0.6916666626930237,0.588413655757904,0.6645833253860474,0.6010802984237671,1469,845758198,5,4
241001,1920,3615015,462721920,23520,0.6645833253860474,128,241000,1.339994192123413,1920,17,4,500000,1000,,241001.0,0.690625011920929,0.5884114503860474,0.6645833253860474,0.6011915802955627,1475,845758198,5,4
242001,1920,3630015,464641920,23520,0.6645833253860474,128,242000,1.34373140335083,1920,17,4,500000,1000,,242001.0,0.6911458373069763,0.5884115099906921,0.6645833253860474,0.6013005375862122,1481,845758198,5,4
243001,1920,3645015,466561920,23520,0.6645833253860474,128,243000,1.3475630283355713,1920,17,4,500000,1000,,243001.0,0.692187488079071,0.5884090065956116,0.668749988079071,0.6012943387031555,1487,845758198,5,4
244001,1920,3660015,468481920,23520,0.668749988079071,128,244000,1.3517751693725586,1920,17,4,500000,1000,,244001.0,0.6916666626930237,0.5884063243865967,0.6645833253860474,0.6011936068534851,1493,845758198,5,4
245001,1920,3675015,470401920,23520,0.6645833253860474,128,245000,1.4030132293701172,1920,17,4,500000,1000,,245001.0,0.6916666626930237,0.588403046131134,0.6645833253860474,0.6010776162147522,1499,845758198,5,4
246001,1920,3690015,472321920,23520,0.6645833253860474,128,246000,1.4077064990997314,1920,17,4,500000,1000,,246001.0,0.6911458373069763,0.5884034037590027,0.6666666865348816,0.6009929180145264,1505,845758198,5,4
247001,1920,3705015,474241920,23520,0.6666666865348816,128,247000,1.4141254425048828,1920,17,4,500000,1000,,247001.0,0.692187488079071,0.5884016752243042,0.6666666865348816,0.6010295748710632,1510,845758198,5,4
248001,1920,3720015,476161920,23520,0.6666666865348816,128,248000,1.4196314811706543,1920,17,4,500000,1000,,248001.0,0.690625011920929,0.5883989334106445,0.6645833253860474,0.601102888584137,1516,845758198,5,4
249001,1920,3735015,478081920,23520,0.6645833253860474,128,249000,1.423370599746704,1920,17,4,500000,1000,,249001.0,0.690625011920929,0.588398277759552,0.6666666865348816,0.600982129573822,1522,845758198,5,4
250001,1920,3750015,480001920,23520,0.6666666865348816,128,250000,1.4318065643310547,1920,17,4,500000,1000,,250001.0,0.6916666626930237,0.588397204875946,0.6666666865348816,0.6009330153465271,1527,845758198,5,4
251001,1920,3765015,481921920,23520,0.6666666865348816,128,251000,1.436051845550537,1920,17,4,500000,1000,,251001.0,0.692187488079071,0.5883985757827759,0.668749988079071,0.6008180379867554,1533,845758198,5,4
252001,1920,3780015,483841920,23520,0.668749988079071,128,252000,1.4399006366729736,1920,17,4,500000,1000,,252001.0,0.6916666626930237,0.5883947014808655,0.6666666865348816,0.6011378765106201,1539,845758198,5,4
253001,1920,3795015,485761920,23520,0.6666666865348816,128,253000,1.4441075325012207,1920,17,4,500000,1000,,253001.0,0.6927083134651184,0.58839350938797,0.6666666865348816,0.6010063290596008,1545,845758198,5,4
254001,1920,3810015,487681920,23520,0.6666666865348816,128,254000,1.4481284618377686,1920,17,4,500000,1000,,254001.0,0.6916666626930237,0.5883939862251282,0.668749988079071,0.6012022495269775,1550,845758198,5,4
255001,1920,3825015,489601920,23520,0.668749988079071,128,255000,1.4518587589263916,1920,17,4,500000,1000,,255001.0,0.6916666626930237,0.5883904099464417,0.6666666865348816,0.6009626388549805,1556,845758198,5,4
256001,1920,3840015,491521920,23520,0.6666666865348816,128,256000,1.4555847644805908,1920,17,4,500000,1000,,256001.0,0.692187488079071,0.5883896350860596,0.6666666865348816,0.6006526947021484,1562,845758198,5,4
257001,1920,3855015,493441920,23520,0.6666666865348816,128,257000,1.4596025943756104,1920,17,4,500000,1000,,257001.0,0.6911458373069763,0.5883862376213074,0.6666666865348816,0.6009013056755066,1571,845758198,5,4
258001,1920,3870015,495361920,23520,0.6666666865348816,128,258000,1.4644255638122559,1920,17,4,500000,1000,,258001.0,0.6916666626930237,0.5883854031562805,0.6666666865348816,0.6005384922027588,1577,845758198,5,4
259001,1920,3885015,497281920,23520,0.6666666865348816,128,259000,1.468172311782837,1920,17,4,500000,1000,,259001.0,0.692187488079071,0.5883848667144775,0.6666666865348816,0.6005531549453735,1582,845758198,5,4
260001,1920,3900015,499201920,23520,0.6666666865348816,128,260000,1.4719641208648682,1920,17,4,500000,1000,,260001.0,0.692187488079071,0.5883845090866089,0.6645833253860474,0.6008597016334534,1588,845758198,5,4
261001,1920,3915015,501121920,23520,0.6645833253860474,128,261000,1.4758741855621338,1920,17,4,500000,1000,,261001.0,0.692187488079071,0.5883817076683044,0.6645833253860474,0.6007746458053589,1593,845758198,5,4
262001,1920,3930015,503041920,23520,0.6645833253860474,128,262000,1.4796693325042725,1920,17,4,500000,1000,,262001.0,0.6916666626930237,0.5883801579475403,0.6625000238418579,0.6008328199386597,1600,845758198,5,4
263001,1920,3945015,504961920,23520,0.6625000238418579,128,263000,1.4851055145263672,1920,17,4,500000,1000,,263001.0,0.6916666626930237,0.5883801579475403,0.668749988079071,0.6008931398391724,1605,845758198,5,4
264001,1920,3960015,506881920,23520,0.668749988079071,128,264000,1.48905348777771,1920,17,4,500000,1000,,264001.0,0.692187488079071,0.5883781313896179,0.668749988079071,0.6011254787445068,1611,845758198,5,4
265001,1920,3975015,508801920,23520,0.668749988079071,128,265000,1.4927654266357422,1920,17,4,500000,1000,,265001.0,0.690625011920929,0.5883779525756836,0.6645833253860474,0.6008326411247253,1616,845758198,5,4
266001,1920,3990015,510721920,23520,0.6645833253860474,128,266000,1.4965364933013916,1920,17,4,500000,1000,,266001.0,0.692187488079071,0.5883761048316956,0.6666666865348816,0.6008169651031494,1622,845758198,5,4
267001,1920,4005015,512641920,23520,0.6666666865348816,128,267000,1.500375509262085,1920,17,4,500000,1000,,267001.0,0.6927083134651184,0.588373601436615,0.6645833253860474,0.6007882356643677,1628,845758198,5,4
268001,1920,4020015,514561920,23520,0.6645833253860474,128,268000,1.504096508026123,1920,17,4,500000,1000,,268001.0,0.6927083134651184,0.588372528553009,0.668749988079071,0.6007305383682251,1633,845758198,5,4
269001,1920,4035015,516481920,23520,0.668749988079071,128,269000,1.507840633392334,1920,17,4,500000,1000,,269001.0,0.692187488079071,0.5883684754371643,0.6645833253860474,0.6008179783821106,1638,845758198,5,4
270001,1920,4050015,518401920,23520,0.6645833253860474,128,270000,1.5116674900054932,1920,17,4,500000,1000,,270001.0,0.6916666626930237,0.5883703231811523,0.6645833253860474,0.6009649634361267,1644,845758198,5,4
271001,1920,4065015,520321920,23520,0.6645833253860474,128,271000,1.5163097381591797,1920,17,4,500000,1000,,271001.0,0.690625011920929,0.5883650183677673,0.6625000238418579,0.6008158922195435,1650,845758198,5,4
272001,1920,4080015,522241920,23520,0.6625000238418579,128,272000,1.521594524383545,1920,17,4,500000,1000,,272001.0,0.6932291388511658,0.5883665084838867,0.6666666865348816,0.600936233997345,1656,845758198,5,4
273001,1920,4095015,524161920,23520,0.6666666865348816,128,273000,1.5253336429595947,1920,17,4,500000,1000,,273001.0,0.6916666626930237,0.5883630514144897,0.6645833253860474,0.6009231209754944,1662,845758198,5,4
274001,1920,4110015,526081920,23520,0.6645833253860474,128,274000,1.5291895866394043,1920,17,4,500000,1000,,274001.0,0.6916666626930237,0.588363766670227,0.6666666865348816,0.6011830568313599,1667,845758198,5,4
275001,1920,4125015,528001920,23520,0.6666666865348816,128,275000,1.533029556274414,1920,17,4,500000,1000,,275001.0,0.6927083134651184,0.5883632898330688,0.6666666865348816,0.600892961025238,1673,845758198,5,4
276001,1920,4140015,529921920,23520,0.6666666865348816,128,276000,1.5366895198822021,1920,17,4,500000,1000,,276001.0,0.6927083134651184,0.588362991809845,0.6666666865348816,0.6007753610610962,1678,845758198,5,4
277001,1920,4155015,531841920,23520,0.6666666865348816,128,277000,1.5404386520385742,1920,17,4,500000,1000,,277001.0,0.6927083134651184,0.5883619785308838,0.6645833253860474,0.6011560559272766,1683,845758198,5,4
278001,1920,4170015,533761920,23520,0.6645833253860474,128,278000,1.5448417663574219,1920,17,4,500000,1000,,278001.0,0.6911458373069763,0.5883573293685913,0.6645833253860474,0.6012023687362671,1689,845758198,5,4
279001,1920,4185015,535681920,23520,0.6645833253860474,128,279000,1.5501747131347656,1920,17,4,500000,1000,,279001.0,0.690625011920929,0.5883560180664062,0.6645833253860474,0.6010658740997314,1695,845758198,5,4
280001,1920,4200015,537601920,23520,0.6645833253860474,128,280000,1.5539395809173584,1920,17,4,500000,1000,,280001.0,0.6901041865348816,0.5883579850196838,0.6645833253860474,0.6011803150177002,1701,845758198,5,4
281001,1920,4215015,539521920,23520,0.6645833253860474,128,281000,1.5576765537261963,1920,17,4,500000,1000,,281001.0,0.6916666626930237,0.5883550643920898,0.6645833253860474,0.6008996963500977,1706,845758198,5,4
282001,1920,4230015,541441920,23520,0.6645833253860474,128,282000,1.6096627712249756,1920,17,4,500000,1000,,282001.0,0.690625011920929,0.5883566737174988,0.6645833253860474,0.6007241010665894,1712,845758198,5,4
283001,1920,4245015,543361920,23520,0.6645833253860474,128,283000,1.6134438514709473,1920,17,4,500000,1000,,283001.0,0.6916666626930237,0.588353157043457,0.6645833253860474,0.6008147597312927,1718,845758198,5,4
284001,1920,4260015,545281920,23520,0.6645833253860474,128,284000,1.6185839176177979,1920,17,4,500000,1000,,284001.0,0.692187488079071,0.5883532762527466,0.6645833253860474,0.6009279489517212,1724,845758198,5,4
285001,1920,4275015,547201920,23520,0.6645833253860474,128,285000,1.6223371028900146,1920,17,4,500000,1000,,285001.0,0.6911458373069763,0.5883506536483765,0.6645833253860474,0.6008790135383606,1730,845758198,5,4
286001,1920,4290015,549121920,23520,0.6645833253860474,128,286000,1.62617826461792,1920,17,4,500000,1000,,286001.0,0.6911458373069763,0.5883476138114929,0.6625000238418579,0.6010547280311584,1735,845758198,5,4
287001,1920,4305015,551041920,23520,0.6625000238418579,128,287000,1.6306042671203613,1920,17,4,500000,1000,,287001.0,0.6916666626930237,0.5883503556251526,0.6625000238418579,0.6006906628608704,1741,845758198,5,4
288001,1920,4320015,552961920,23520,0.6625000238418579,128,288000,1.6361393928527832,1920,17,4,500000,1000,,288001.0,0.6901041865348816,0.5883458852767944,0.6625000238418579,0.6007925868034363,1747,845758198,5,4
289001,1920,4335015,554881920,23520,0.6625000238418579,128,289000,1.6398694515228271,1920,17,4,500000,1000,,289001.0,0.6911458373069763,0.5883454084396362,0.6645833253860474,0.6007173657417297,1752,845758198,5,4
290001,1920,4350015,556801920,23520,0.6645833253860474,128,290000,1.6481695175170898,1920,17,4,500000,1000,,290001.0,0.6911458373069763,0.5883462429046631,0.6625000238418579,0.6010509729385376,1758,845758198,5,4
291001,1920,4365015,558721920,23520,0.6625000238418579,128,291000,1.6541082859039307,1920,17,4,500000,1000,,291001.0,0.6916666626930237,0.5883435606956482,0.6645833253860474,0.6007779836654663,1764,845758198,5,4
292001,1920,4380015,560641920,23520,0.6645833253860474,128,292000,1.6578140258789062,1920,17,4,500000,1000,,292001.0,0.6911458373069763,0.5883426666259766,0.6645833253860474,0.6009769439697266,1770,845758198,5,4
293001,1920,4395015,562561920,23520,0.6645833253860474,128,293000,1.661478042602539,1920,17,4,500000,1000,,293001.0,0.6916666626930237,0.5883410573005676,0.6645833253860474,0.6010205745697021,1775,845758198,5,4
294001,1920,4410015,564481920,23520,0.6645833253860474,128,294000,1.6775100231170654,1920,17,4,500000,1000,,294001.0,0.6916666626930237,0.5883387327194214,0.6645833253860474,0.6010572910308838,1781,845758198,5,4
295001,1920,4425015,566401920,23520,0.6645833253860474,128,295000,1.681427001953125,1920,17,4,500000,1000,,295001.0,0.6916666626930237,0.5883370637893677,0.6666666865348816,0.6008513569831848,1786,845758198,5,4
296001,1920,4440015,568321920,23520,0.6666666865348816,128,296000,1.6852869987487793,1920,17,4,500000,1000,,296001.0,0.692187488079071,0.5883386731147766,0.668749988079071,0.6010728478431702,1792,845758198,5,4
297001,1920,4455015,570241920,23520,0.668749988079071,128,297000,1.6891601085662842,1920,17,4,500000,1000,,297001.0,0.6911458373069763,0.5883345007896423,0.6645833253860474,0.6007581949234009,1798,845758198,5,4
298001,1920,4470015,572161920,23520,0.6645833253860474,128,298000,1.6935381889343262,1920,17,4,500000,1000,,298001.0,0.6927083134651184,0.5883335471153259,0.6625000238418579,0.6010765433311462,1803,845758198,5,4
299001,1920,4485015,574081920,23520,0.6625000238418579,128,299000,1.6971991062164307,1920,17,4,500000,1000,,299001.0,0.6916666626930237,0.5883339047431946,0.6645833253860474,0.6005712151527405,1809,845758198,5,4
300001,1920,4500015,576001920,23520,0.6645833253860474,128,300000,1.7008743286132812,1920,17,4,500000,1000,,300001.0,0.692187488079071,0.5883312225341797,0.6666666865348816,0.600714385509491,1815,845758198,5,4
301001,1920,4515015,577921920,23520,0.6666666865348816,128,301000,1.7047743797302246,1920,17,4,500000,1000,,301001.0,0.6916666626930237,0.5883314609527588,0.668749988079071,0.6011809706687927,1821,845758198,5,4
302001,1920,4530015,579841920,23520,0.668749988079071,128,302000,1.7086169719696045,1920,17,4,500000,1000,,302001.0,0.692187488079071,0.5883321166038513,0.6666666865348816,0.6012904047966003,1827,845758198,5,4
303001,1920,4545015,581761920,23520,0.6666666865348816,128,303000,1.7124857902526855,1920,17,4,500000,1000,,303001.0,0.692187488079071,0.5883267521858215,0.6666666865348816,0.6009780764579773,1832,845758198,5,4
304001,1920,4560015,583681920,23520,0.6666666865348816,128,304000,1.7162528038024902,1920,17,4,500000,1000,,304001.0,0.6911458373069763,0.5883287787437439,0.6645833253860474,0.6012192964553833,1838,845758198,5,4
305001,1920,4575015,585601920,23520,0.6645833253860474,128,305000,1.7199509143829346,1920,17,4,500000,1000,,305001.0,0.6932291388511658,0.5883296132087708,0.6666666865348816,0.6011186242103577,1844,845758198,5,4
306001,1920,4590015,587521920,23520,0.6666666865348816,128,306000,1.7237086296081543,1920,17,4,500000,1000,,306001.0,0.690625011920929,0.5883280634880066,0.6625000238418579,0.6010704636573792,1849,845758198,5,4
307001,1920,4605015,589441920,23520,0.6625000238418579,128,307000,1.7279655933380127,1920,17,4,500000,1000,,307001.0,0.690625011920929,0.5883268117904663,0.6645833253860474,0.6011902093887329,1855,845758198,5,4
308001,1920,4620015,591361920,23520,0.6645833253860474,128,308000,1.7346677780151367,1920,17,4,500000,1000,,308001.0,0.6911458373069763,0.5883253216743469,0.668749988079071,0.6012186408042908,1861,845758198,5,4
309001,1920,4635015,593281920,23520,0.668749988079071,128,309000,1.7388927936553955,1920,17,4,500000,1000,,309001.0,0.6927083134651184,0.5883243083953857,0.668749988079071,0.601297914981842,1866,845758198,5,4
310001,1920,4650015,595201920,23520,0.668749988079071,128,310000,1.7425565719604492,1920,17,4,500000,1000,,310001.0,0.6916666626930237,0.5883229374885559,0.6666666865348816,0.6012437343597412,1872,845758198,5,4
311001,1920,4665015,597121920,23520,0.6666666865348816,128,311000,1.746222734451294,1920,17,4,500000,1000,,311001.0,0.6911458373069763,0.5883213877677917,0.6666666865348816,0.6009820699691772,1878,845758198,5,4
312001,1920,4680015,599041920,23520,0.6666666865348816,128,312000,1.7516369819641113,1920,17,4,500000,1000,,312001.0,0.6916666626930237,0.5883203744888306,0.6666666865348816,0.600956916809082,1883,845758198,5,4
313001,1920,4695015,600961920,23520,0.6666666865348816,128,313000,1.7966101169586182,1920,17,4,500000,1000,,313001.0,0.690625011920929,0.5883220434188843,0.6666666865348816,0.6009522676467896,1888,845758198,5,4
314001,1920,4710015,602881920,23520,0.6666666865348816,128,314000,1.8014459609985352,1920,17,4,500000,1000,,314001.0,0.692187488079071,0.5883194208145142,0.6666666865348816,0.6013141870498657,1896,845758198,5,4
315001,1920,4725015,604801920,23520,0.6666666865348816,128,315000,1.8052918910980225,1920,17,4,500000,1000,,315001.0,0.6911458373069763,0.5883175134658813,0.6645833253860474,0.6011149287223816,1903,845758198,5,4
316001,1920,4740015,606721920,23520,0.6645833253860474,128,316000,1.8093667030334473,1920,17,4,500000,1000,,316001.0,0.6916666626930237,0.5883198380470276,0.6666666865348816,0.6012831330299377,1909,845758198,5,4
317001,1920,4755015,608641920,23520,0.6666666865348816,128,317000,1.8130755424499512,1920,17,4,500000,1000,,317001.0,0.692187488079071,0.5883158445358276,0.668749988079071,0.6014202237129211,1915,845758198,5,4
318001,1920,4770015,610561920,23520,0.668749988079071,128,318000,1.8167555332183838,1920,17,4,500000,1000,,318001.0,0.692187488079071,0.5883139371871948,0.668749988079071,0.6013311743736267,1920,845758198,5,4
319001,1920,4785015,612481920,23520,0.668749988079071,128,319000,1.8219194412231445,1920,17,4,500000,1000,,319001.0,0.692187488079071,0.5883148312568665,0.6666666865348816,0.6015317440032959,1926,845758198,5,4
320001,1920,4800015,614401920,23520,0.6666666865348816,128,320000,1.8268802165985107,1920,17,4,500000,1000,,320001.0,0.6911458373069763,0.5883141160011292,0.6666666865348816,0.6009892821311951,1932,845758198,5,4
321001,1920,4815015,616321920,23520,0.6666666865348816,128,321000,1.8305461406707764,1920,17,4,500000,1000,,321001.0,0.6916666626930237,0.5883113145828247,0.6645833253860474,0.6012211441993713,1938,845758198,5,4
322001,1920,4830015,618241920,23520,0.6645833253860474,128,322000,1.8343942165374756,1920,17,4,500000,1000,,322001.0,0.6911458373069763,0.588310956954956,0.6625000238418579,0.6007630825042725,1943,845758198,5,4
323001,1920,4845015,620161920,23520,0.6625000238418579,128,323000,1.8380820751190186,1920,17,4,500000,1000,,323001.0,0.690625011920929,0.5883110165596008,0.6625000238418579,0.6011266112327576,1949,845758198,5,4
324001,1920,4860015,622081920,23520,0.6625000238418579,128,324000,1.8440990447998047,1920,17,4,500000,1000,,324001.0,0.6916666626930237,0.588311493396759,0.6666666865348816,0.6012033820152283,1954,845758198,5,4
325001,1920,4875015,624001920,23520,0.6666666865348816,128,325000,1.8485431671142578,1920,17,4,500000,1000,,325001.0,0.692187488079071,0.5883080959320068,0.6645833253860474,0.6010263562202454,1960,845758198,5,4
326001,1920,4890015,625921920,23520,0.6645833253860474,128,326000,1.8538131713867188,1920,17,4,500000,1000,,326001.0,0.6916666626930237,0.5883055329322815,0.6645833253860474,0.6007635593414307,1966,845758198,5,4
327001,1920,4905015,627841920,23520,0.6645833253860474,128,327000,1.8587090969085693,1920,17,4,500000,1000,,327001.0,0.690625011920929,0.588304340839386,0.6645833253860474,0.6006505489349365,1971,845758198,5,4
328001,1920,4920015,629761920,23520,0.6645833253860474,128,328000,1.862522840499878,1920,17,4,500000,1000,,328001.0,0.6901041865348816,0.588305652141571,0.6666666865348816,0.6008174419403076,1977,845758198,5,4
329001,1920,4935015,631681920,23520,0.6666666865348816,128,329000,1.8663408756256104,1920,17,4,500000,1000,,329001.0,0.690625011920929,0.588304877281189,0.6666666865348816,0.6005823016166687,1983,845758198,5,4
330001,1920,4950015,633601920,23520,0.6666666865348816,128,330000,1.8700799942016602,1920,17,4,500000,1000,,330001.0,0.692187488079071,0.5883029103279114,0.6666666865348816,0.6008753180503845,1989,845758198,5,4
331001,1920,4965015,635521920,23520,0.6666666865348816,128,331000,1.87391996383667,1920,17,4,500000,1000,,331001.0,0.6916666626930237,0.5883033871650696,0.668749988079071,0.6009494662284851,1994,845758198,5,4
332001,1920,4980015,637441920,23520,0.668749988079071,128,332000,1.878016710281372,1920,17,4,500000,1000,,332001.0,0.6916666626930237,0.5883013606071472,0.6645833253860474,0.6009992361068726,2000,845758198,5,4
333001,1920,4995015,639361920,23520,0.6645833253860474,128,333000,1.8826029300689697,1920,17,4,500000,1000,,333001.0,0.6927083134651184,0.5882993340492249,0.668749988079071,0.6011374592781067,2006,845758198,5,4
334001,1920,5010015,641281920,23520,0.668749988079071,128,334000,1.8874759674072266,1920,17,4,500000,1000,,334001.0,0.692187488079071,0.5883007645606995,0.6666666865348816,0.6009339690208435,2011,845758198,5,4
335001,1920,5025015,643201920,23520,0.6666666865348816,128,335000,1.8920888900756836,1920,17,4,500000,1000,,335001.0,0.692187488079071,0.588299572467804,0.6666666865348816,0.6008568406105042,2017,845758198,5,4
336001,1920,5040015,645121920,23520,0.6666666865348816,128,336000,1.8960967063903809,1920,17,4,500000,1000,,336001.0,0.6916666626930237,0.5882968902587891,0.6666666865348816,0.6009957194328308,2023,845758198,5,4
337001,1920,5055015,647041920,23520,0.6666666865348816,128,337000,1.9034667015075684,1920,17,4,500000,1000,,337001.0,0.6927083134651184,0.588295578956604,0.6645833253860474,0.6007317900657654,2036,845758198,5,4
338001,1920,5070015,648961920,23520,0.6645833253860474,128,338000,1.90712571144104,1920,17,4,500000,1000,,338001.0,0.692187488079071,0.5882956981658936,0.668749988079071,0.6009166836738586,2042,845758198,5,4
339001,1920,5085015,650881920,23520,0.668749988079071,128,339000,1.9108397960662842,1920,17,4,500000,1000,,339001.0,0.692187488079071,0.5882951021194458,0.6666666865348816,0.6011685729026794,2048,845758198,5,4
340001,1920,5100015,652801920,23520,0.6666666865348816,128,340000,1.9158227443695068,1920,17,4,500000,1000,,340001.0,0.6927083134651184,0.5882955193519592,0.668749988079071,0.6010972261428833,2053,845758198,5,4
341001,1920,5115015,654721920,23520,0.668749988079071,128,341000,1.9195687770843506,1920,17,4,500000,1000,,341001.0,0.692187488079071,0.5882939100265503,0.6666666865348816,0.6010156273841858,2059,845758198,5,4
342001,1920,5130015,656641920,23520,0.6666666865348816,128,342000,1.9238457679748535,1920,17,4,500000,1000,,342001.0,0.6916666626930237,0.5882937908172607,0.6666666865348816,0.6009904742240906,2065,845758198,5,4
343001,1920,5145015,658561920,23520,0.6666666865348816,128,343000,1.9277498722076416,1920,17,4,500000,1000,,343001.0,0.692187488079071,0.5882903337478638,0.6645833253860474,0.6009185910224915,2070,845758198,5,4
344001,1920,5160015,660481920,23520,0.6645833253860474,128,344000,1.9330029487609863,1920,17,4,500000,1000,,344001.0,0.692187488079071,0.5882886648178101,0.668749988079071,0.6008697152137756,2076,845758198,5,4
345001,1920,5175015,662401920,23520,0.668749988079071,128,345000,1.9368269443511963,1920,17,4,500000,1000,,345001.0,0.6916666626930237,0.5882921814918518,0.6666666865348816,0.6006765961647034,2082,845758198,5,4
346001,1920,5190015,664321920,23520,0.6666666865348816,128,346000,1.9415180683135986,1920,17,4,500000,1000,,346001.0,0.6927083134651184,0.5882925391197205,0.668749988079071,0.6008137464523315,2088,845758198,5,4
347001,1920,5205015,666241920,23520,0.668749988079071,128,347000,1.945359230041504,1920,17,4,500000,1000,,347001.0,0.6916666626930237,0.5882889628410339,0.668749988079071,0.601453423500061,2093,845758198,5,4
348001,1920,5220015,668161920,23520,0.668749988079071,128,348000,1.9492712020874023,1920,17,4,500000,1000,,348001.0,0.6916666626930237,0.5882879495620728,0.668749988079071,0.6011601686477661,2099,845758198,5,4
349001,1920,5235015,670081920,23520,0.668749988079071,128,349000,1.953064203262329,1920,17,4,500000,1000,,349001.0,0.6916666626930237,0.5882905721664429,0.6666666865348816,0.6008797287940979,2104,845758198,5,4
350001,1920,5250015,672001920,23520,0.6666666865348816,128,350000,1.9568712711334229,1920,17,4,500000,1000,,350001.0,0.692187488079071,0.5882877707481384,0.6666666865348816,0.6008834838867188,2116,845758198,5,4
351001,1920,5265015,673921920,23520,0.6666666865348816,128,351000,2.0040030479431152,1920,17,4,500000,1000,,351001.0,0.6916666626930237,0.5882837772369385,0.6666666865348816,0.6011293530464172,2127,845758198,5,4
352001,1920,5280015,675841920,23520,0.6666666865348816,128,352000,2.008436918258667,1920,17,4,500000,1000,,352001.0,0.690625011920929,0.5882835984230042,0.6666666865348816,0.6011569499969482,2155,845758198,5,4
353001,1920,5295015,677761920,23520,0.6666666865348816,128,353000,2.0126020908355713,1920,17,4,500000,1000,,353001.0,0.6911458373069763,0.5882818102836609,0.6645833253860474,0.6009302735328674,2172,845758198,5,4
354001,1920,5310015,679681920,23520,0.6645833253860474,128,354000,2.0164620876312256,1920,17,4,500000,1000,,354001.0,0.690625011920929,0.5882795453071594,0.6666666865348816,0.6009554266929626,2178,845758198,5,4
355001,1920,5325015,681601920,23520,0.6666666865348816,128,355000,2.020327091217041,1920,17,4,500000,1000,,355001.0,0.690625011920929,0.5882793664932251,0.6666666865348816,0.6007557511329651,2184,845758198,5,4
356001,1920,5340015,683521920,23520,0.6666666865348816,128,356000,2.024163007736206,1920,17,4,500000,1000,,356001.0,0.6911458373069763,0.5882808566093445,0.6666666865348816,0.6009274125099182,2189,845758198,5,4
357001,1920,5355015,685441920,23520,0.6666666865348816,128,357000,2.0288779735565186,1920,17,4,500000,1000,,357001.0,0.6916666626930237,0.5882810950279236,0.6666666865348816,0.6010172367095947,2198,845758198,5,4
358001,1920,5370015,687361920,23520,0.6666666865348816,128,358000,2.0336387157440186,1920,17,4,500000,1000,,358001.0,0.6916666626930237,0.588284432888031,0.6666666865348816,0.6011450290679932,2207,845758198,5,4
359001,1920,5385015,689281920,23520,0.6666666865348816,128,359000,2.03765869140625,1920,17,4,500000,1000,,359001.0,0.6916666626930237,0.588277280330658,0.6645833253860474,0.6011531352996826,2213,845758198,5,4
360001,1920,5400015,691201920,23520,0.6645833253860474,128,360000,2.0413336753845215,1920,17,4,500000,1000,,360001.0,0.6916666626930237,0.5882755517959595,0.6666666865348816,0.601119339466095,2219,845758198,5,4
361001,1920,5415015,693121920,23520,0.6666666865348816,128,361000,2.0458524227142334,1920,17,4,500000,1000,,361001.0,0.6901041865348816,0.5882753729820251,0.6666666865348816,0.6010177135467529,2228,845758198,5,4
362001,1920,5430015,695041920,23520,0.6666666865348816,128,362000,2.0502705574035645,1920,17,4,500000,1000,,362001.0,0.6916666626930237,0.5882755517959595,0.6666666865348816,0.6010162234306335,2234,845758198,5,4
363001,1920,5445015,696961920,23520,0.6666666865348816,128,363000,2.0544376373291016,1920,17,4,500000,1000,,363001.0,0.6916666626930237,0.5882753133773804,0.6666666865348816,0.6009126901626587,2240,845758198,5,4
364001,1920,5460015,698881920,23520,0.6666666865348816,128,364000,2.058248519897461,1920,17,4,500000,1000,,364001.0,0.692187488079071,0.5882753729820251,0.668749988079071,0.6010494232177734,2246,845758198,5,4
365001,1920,5475015,700801920,23520,0.668749988079071,128,365000,2.0621347427368164,1920,17,4,500000,1000,,365001.0,0.6916666626930237,0.5882737636566162,0.6666666865348816,0.6010239720344543,2252,845758198,5,4
366001,1920,5490015,702721920,23520,0.6666666865348816,128,366000,2.065952777862549,1920,17,4,500000,1000,,366001.0,0.6916666626930237,0.5882770419120789,0.668749988079071,0.6010934710502625,2257,845758198,5,4
367001,1920,5505015,704641920,23520,0.668749988079071,128,367000,2.069718837738037,1920,17,4,500000,1000,,367001.0,0.692187488079071,0.588276207447052,0.6645833253860474,0.6007426381111145,2263,845758198,5,4
368001,1920,5520015,706561920,23520,0.6645833253860474,128,368000,2.073643922805786,1920,17,4,500000,1000,,368001.0,0.6916666626930237,0.5882713198661804,0.6666666865348816,0.6009699106216431,2272,845758198,5,4
369001,1920,5535015,708481920,23520,0.6666666865348816,128,369000,2.077481985092163,1920,17,4,500000,1000,,369001.0,0.6911458373069763,0.5882700681686401,0.6666666865348816,0.6010130643844604,2278,845758198,5,4
370001,1920,5550015,710401920,23520,0.6666666865348816,128,370000,2.0820608139038086,1920,17,4,500000,1000,,370001.0,0.6932291388511658,0.5882706046104431,0.6666666865348816,0.6010799407958984,2284,845758198,5,4
371001,1920,5565015,712321920,23520,0.6666666865348816,128,371000,2.085866689682007,1920,17,4,500000,1000,,371001.0,0.6916666626930237,0.5882673859596252,0.6666666865348816,0.6009543538093567,2290,845758198,5,4
372001,1920,5580015,714241920,23520,0.6666666865348816,128,372000,2.089895725250244,1920,17,4,500000,1000,,372001.0,0.6911458373069763,0.5882686972618103,0.6666666865348816,0.6009365320205688,2295,845758198,5,4
373001,1920,5595015,716161920,23520,0.6666666865348816,128,373000,2.0935447216033936,1920,17,4,500000,1000,,373001.0,0.6916666626930237,0.5882704257965088,0.6645833253860474,0.6007056832313538,2301,845758198,5,4
374001,1920,5610015,718081920,23520,0.6645833253860474,128,374000,2.097886800765991,1920,17,4,500000,1000,,374001.0,0.6916666626930237,0.5882692933082581,0.668749988079071,0.601092517375946,2306,845758198,5,4
375001,1920,5625015,720001920,23520,0.668749988079071,128,375000,2.1024796962738037,1920,17,4,500000,1000,,375001.0,0.6916666626930237,0.5882673859596252,0.6645833253860474,0.600729763507843,2315,845758198,5,4
376001,1920,5640015,721921920,23520,0.6645833253860474,128,376000,2.116506814956665,1920,17,4,500000,1000,,376001.0,0.692187488079071,0.5882638692855835,0.668749988079071,0.6009796261787415,2320,845758198,5,4
377001,1920,5655015,723841920,23520,0.668749988079071,128,377000,2.1202757358551025,1920,17,4,500000,1000,,377001.0,0.692187488079071,0.588267982006073,0.668749988079071,0.601004958152771,2326,845758198,5,4
378001,1920,5670015,725761920,23520,0.668749988079071,128,378000,2.1240978240966797,1920,17,4,500000,1000,,378001.0,0.692187488079071,0.5882688760757446,0.6666666865348816,0.6011028289794922,2334,845758198,5,4
379001,1920,5685015,727681920,23520,0.6666666865348816,128,379000,2.1279897689819336,1920,17,4,500000,1000,,379001.0,0.6927083134651184,0.5882651209831238,0.6666666865348816,0.6007382869720459,2341,845758198,5,4
380001,1920,5700015,729601920,23520,0.6666666865348816,128,380000,2.132964849472046,1920,17,4,500000,1000,,380001.0,0.6927083134651184,0.588262677192688,0.668749988079071,0.6005299687385559,2347,845758198,5,4
381001,1920,5715015,731521920,23520,0.668749988079071,128,381000,2.1366231441497803,1920,17,4,500000,1000,,381001.0,0.6916666626930237,0.5882638096809387,0.6666666865348816,0.6009287238121033,2353,845758198,5,4
382001,1920,5730015,733441920,23520,0.6666666865348816,128,382000,2.1403279304504395,1920,17,4,500000,1000,,382001.0,0.692187488079071,0.5882617831230164,0.668749988079071,0.6010392904281616,2359,845758198,5,4
383001,1920,5745015,735361920,23520,0.668749988079071,128,383000,2.1454532146453857,1920,17,4,500000,1000,,383001.0,0.692187488079071,0.5882611870765686,0.6666666865348816,0.6007345914840698,2364,845758198,5,4
384001,1920,5760015,737281920,23520,0.6666666865348816,128,384000,2.149200201034546,1920,17,4,500000,1000,,384001.0,0.6911458373069763,0.5882593989372253,0.668749988079071,0.6010316014289856,2370,845758198,5,4
385001,1920,5775015,739201920,23520,0.668749988079071,128,385000,2.1529881954193115,1920,17,4,500000,1000,,385001.0,0.692187488079071,0.5882580876350403,0.6666666865348816,0.6008492708206177,2376,845758198,5,4
386001,1920,5790015,741121920,23520,0.6666666865348816,128,386000,2.1566531658172607,1920,17,4,500000,1000,,386001.0,0.6927083134651184,0.5882623195648193,0.6666666865348816,0.6009730100631714,2381,845758198,5,4
387001,1920,5805015,743041920,23520,0.6666666865348816,128,387000,2.1603121757507324,1920,17,4,500000,1000,,387001.0,0.692187488079071,0.5882610082626343,0.6645833253860474,0.6008065938949585,2387,845758198,5,4
388001,1920,5820015,744961920,23520,0.6645833253860474,128,388000,2.164987087249756,1920,17,4,500000,1000,,388001.0,0.692187488079071,0.5882633328437805,0.668749988079071,0.6007058024406433,2392,845758198,5,4
389001,1920,5835015,746881920,23520,0.668749988079071,128,389000,2.1686363220214844,1920,17,4,500000,1000,,389001.0,0.6932291388511658,0.5882604122161865,0.668749988079071,0.6008023619651794,2398,845758198,5,4
390001,1920,5850015,748801920,23520,0.668749988079071,128,390000,2.172546148300171,1920,17,4,500000,1000,,390001.0,0.6927083134651184,0.5882540345191956,0.6666666865348816,0.6009781956672668,2404,845758198,5,4
391001,1920,5865015,750721920,23520,0.6666666865348816,128,391000,2.176645278930664,1920,17,4,500000,1000,,391001.0,0.6927083134651184,0.588253378868103,0.668749988079071,0.6008903980255127,2410,845758198,5,4
392001,1920,5880015,752641920,23520,0.668749988079071,128,392000,2.1802761554718018,1920,17,4,500000,1000,,392001.0,0.692187488079071,0.5882546901702881,0.668749988079071,0.6007760763168335,2415,845758198,5,4
393001,1920,5895015,754561920,23520,0.668749988079071,128,393000,2.184094190597534,1920,17,4,500000,1000,,393001.0,0.6927083134651184,0.5882530212402344,0.6666666865348816,0.6006141304969788,2421,845758198,5,4
394001,1920,5910015,756481920,23520,0.6666666865348816,128,394000,2.1891591548919678,1920,17,4,500000,1000,,394001.0,0.6916666626930237,0.588252067565918,0.6666666865348816,0.6010463833808899,2429,845758198,5,4
395001,1920,5925015,758401920,23520,0.6666666865348816,128,395000,2.1945223808288574,1920,17,4,500000,1000,,395001.0,0.6911458373069763,0.5882548689842224,0.6666666865348816,0.600884735584259,2436,845758198,5,4
396001,1920,5940015,760321920,23520,0.6666666865348816,128,396000,2.19964337348938,1920,17,4,500000,1000,,396001.0,0.6916666626930237,0.5882548093795776,0.6666666865348816,0.600991427898407,2441,845758198,5,4
397001,1920,5955015,762241920,23520,0.6666666865348816,128,397000,2.2033023834228516,1920,17,4,500000,1000,,397001.0,0.6916666626930237,0.5882503390312195,0.6666666865348816,0.6009950637817383,2447,845758198,5,4
398001,1920,5970015,764161920,23520,0.6666666865348816,128,398000,2.206970453262329,1920,17,4,500000,1000,,398001.0,0.6916666626930237,0.5882502794265747,0.6666666865348816,0.600841224193573,2453,845758198,5,4
399001,1920,5985015,766081920,23520,0.6666666865348816,128,399000,2.21065354347229,1920,17,4,500000,1000,,399001.0,0.6911458373069763,0.5882478356361389,0.6645833253860474,0.6009702086448669,2458,845758198,5,4
400001,1920,6000015,768001920,23520,0.6645833253860474,128,400000,2.2174465656280518,1920,17,4,500000,1000,,400001.0,0.6927083134651184,0.5882501006126404,0.668749988079071,0.6012205481529236,2464,845758198,5,4
401001,1920,6015015,769921920,23520,0.668749988079071,128,401000,2.2211055755615234,1920,17,4,500000,1000,,401001.0,0.6927083134651184,0.5882472395896912,0.6666666865348816,0.6009197235107422,2470,845758198,5,4
402001,1920,6030015,771841920,23520,0.6666666865348816,128,402000,2.225942850112915,1920,17,4,500000,1000,,402001.0,0.6916666626930237,0.5882481336593628,0.6666666865348816,0.6008530855178833,2476,845758198,5,4
403001,1920,6045015,773761920,23520,0.6666666865348816,128,403000,2.2307779788970947,1920,17,4,500000,1000,,403001.0,0.6927083134651184,0.5882494449615479,0.668749988079071,0.6007490754127502,2481,845758198,5,4
404001,1920,6060015,775681920,23520,0.668749988079071,128,404000,2.235703229904175,1920,17,4,500000,1000,,404001.0,0.6927083134651184,0.5882484912872314,0.668749988079071,0.6010839343070984,2487,845758198,5,4
405001,1920,6075015,777601920,23520,0.668749988079071,128,405000,2.2407402992248535,1920,17,4,500000,1000,,405001.0,0.6901041865348816,0.5882452130317688,0.6645833253860474,0.6011776328086853,2493,845758198,5,4
406001,1920,6090015,779521920,23520,0.6645833253860474,128,406000,2.2457661628723145,1920,17,4,500000,1000,,406001.0,0.6916666626930237,0.5882470011711121,0.6625000238418579,0.6006075143814087,2499,845758198,5,4
407001,1920,6105015,781441920,23520,0.6625000238418579,128,407000,2.2649762630462646,1920,17,4,500000,1000,,407001.0,0.6916666626930237,0.5882464051246643,0.6625000238418579,0.6008222699165344,2504,845758198,5,4
408001,1920,6120015,783361920,23520,0.6625000238418579,128,408000,2.2686541080474854,1920,17,4,500000,1000,,408001.0,0.6911458373069763,0.5882445573806763,0.6645833253860474,0.6007667779922485,2510,845758198,5,4
409001,1920,6135015,785281920,23520,0.6645833253860474,128,409000,2.2723541259765625,1920,17,4,500000,1000,,409001.0,0.6911458373069763,0.5882449746131897,0.6666666865348816,0.6007590889930725,2517,845758198,5,4
410001,1920,6150015,787201920,23520,0.6666666865348816,128,410000,2.2761690616607666,1920,17,4,500000,1000,,410001.0,0.692187488079071,0.5882425308227539,0.668749988079071,0.6007488369941711,2523,845758198,5,4
411001,1920,6165015,789121920,23520,0.668749988079071,128,411000,2.28171706199646,1920,17,4,500000,1000,,411001.0,0.6911458373069763,0.5882424712181091,0.6666666865348816,0.6008939146995544,2529,845758198,5,4
412001,1920,6180015,791041920,23520,0.6666666865348816,128,412000,2.2854011058807373,1920,17,4,500000,1000,,412001.0,0.6916666626930237,0.58824223279953,0.6666666865348816,0.6007040739059448,2535,845758198,5,4
413001,1920,6195015,792961920,23520,0.6666666865348816,128,413000,2.289095163345337,1920,17,4,500000,1000,,413001.0,0.6916666626930237,0.5882421135902405,0.6666666865348816,0.6006402969360352,2541,845758198,5,4
414001,1920,6210015,794881920,23520,0.6666666865348816,128,414000,2.2927379608154297,1920,17,4,500000,1000,,414001.0,0.6911458373069763,0.5882428884506226,0.6666666865348816,0.6007067561149597,2546,845758198,5,4
415001,1920,6225015,796801920,23520,0.6666666865348816,128,415000,2.2965409755706787,1920,17,4,500000,1000,,415001.0,0.6916666626930237,0.5882412791252136,0.6625000238418579,0.6007868051528931,2551,845758198,5,4
416001,1920,6240015,798721920,23520,0.6625000238418579,128,416000,2.3021459579467773,1920,17,4,500000,1000,,416001.0,0.6916666626930237,0.5882405638694763,0.6645833253860474,0.6009125113487244,2560,845758198,5,4
417001,1920,6255015,800641920,23520,0.6645833253860474,128,417000,2.3057940006256104,1920,17,4,500000,1000,,417001.0,0.6911458373069763,0.588238537311554,0.6666666865348816,0.6008147597312927,2566,845758198,5,4
418001,1920,6270015,802561920,23520,0.6666666865348816,128,418000,2.3094699382781982,1920,17,4,500000,1000,,418001.0,0.6916666626930237,0.5882358551025391,0.668749988079071,0.6011244058609009,2572,845758198,5,4
419001,1920,6285015,804481920,23520,0.668749988079071,128,419000,2.3132500648498535,1920,17,4,500000,1000,,419001.0,0.6916666626930237,0.5882367491722107,0.6645833253860474,0.6010749340057373,2577,845758198,5,4
420001,1920,6300015,806401920,23520,0.6645833253860474,128,420000,2.316899061203003,1920,17,4,500000,1000,,420001.0,0.6916666626930237,0.588236391544342,0.6666666865348816,0.6008941531181335,2583,845758198,5,4
421001,1920,6315015,808321920,23520,0.6666666865348816,128,421000,2.3472230434417725,1920,17,4,500000,1000,,421001.0,0.692187488079071,0.5882371068000793,0.668749988079071,0.6006913781166077,2591,845758198,5,4
422001,1920,6330015,810241920,23520,0.668749988079071,128,422000,2.351047992706299,1920,17,4,500000,1000,,422001.0,0.690625011920929,0.588236927986145,0.6645833253860474,0.600746750831604,2598,845758198,5,4
423001,1920,6345015,812161920,23520,0.6645833253860474,128,423000,2.35501766204834,1920,17,4,500000,1000,,423001.0,0.690625011920929,0.5882362723350525,0.6625000238418579,0.6008093953132629,2603,845758198,5,4
424001,1920,6360015,814081920,23520,0.6625000238418579,128,424000,2.3588969707489014,1920,17,4,500000,1000,,424001.0,0.6916666626930237,0.5882354974746704,0.6666666865348816,0.6009260416030884,2608,845758198,5,4
425001,1920,6375015,816001920,23520,0.6666666865348816,128,425000,2.3640239238739014,1920,17,4,500000,1000,,425001.0,0.6911458373069763,0.5882356762886047,0.6666666865348816,0.6008040308952332,2614,845758198,5,4
426001,1920,6390015,817921920,23520,0.6666666865348816,128,426000,2.3992679119110107,1920,17,4,500000,1000,,426001.0,0.6911458373069763,0.5882396697998047,0.6666666865348816,0.6009820103645325,2619,845758198,5,4
427001,1920,6405015,819841920,23520,0.6666666865348816,128,427000,2.404482841491699,1920,17,4,500000,1000,,427001.0,0.6911458373069763,0.5882350206375122,0.6666666865348816,0.6006175875663757,2624,845758198,5,4
428001,1920,6420015,821761920,23520,0.6666666865348816,128,428000,2.4081506729125977,1920,17,4,500000,1000,,428001.0,0.690625011920929,0.5882342457771301,0.6666666865348816,0.6010572910308838,2630,845758198,5,4
429001,1920,6435015,823681920,23520,0.6666666865348816,128,429000,2.4121756553649902,1920,17,4,500000,1000,,429001.0,0.6916666626930237,0.5882300138473511,0.6666666865348816,0.601029098033905,2636,845758198,5,4
430001,1920,6450015,825601920,23520,0.6666666865348816,128,430000,2.4158294200897217,1920,17,4,500000,1000,,430001.0,0.692187488079071,0.5882312655448914,0.668749988079071,0.6008561253547668,2642,845758198,5,4
431001,1920,6465015,827521920,23520,0.668749988079071,128,431000,2.424344539642334,1920,17,4,500000,1000,,431001.0,0.6916666626930237,0.5882323384284973,0.6666666865348816,0.6009023189544678,2648,845758198,5,4
432001,1920,6480015,829441920,23520,0.6666666865348816,128,432000,2.429807662963867,1920,17,4,500000,1000,,432001.0,0.692187488079071,0.5882316827774048,0.6666666865348816,0.6007165312767029,2660,845758198,5,4
433001,1920,6495015,831361920,23520,0.6666666865348816,128,433000,2.4338736534118652,1920,17,4,500000,1000,,433001.0,0.6911458373069763,0.5882323980331421,0.6666666865348816,0.6009878516197205,2665,845758198,5,4
434001,1920,6510015,833281920,23520,0.6666666865348816,128,434000,2.4377195835113525,1920,17,4,500000,1000,,434001.0,0.6916666626930237,0.5882293581962585,0.6666666865348816,0.6006795167922974,2671,845758198,5,4
435001,1920,6525015,835201920,23520,0.6666666865348816,128,435000,2.441436529159546,1920,17,4,500000,1000,,435001.0,0.692187488079071,0.5882290601730347,0.668749988079071,0.6006821990013123,2677,845758198,5,4
436001,1920,6540015,837121920,23520,0.668749988079071,128,436000,2.446004629135132,1920,17,4,500000,1000,,436001.0,0.6916666626930237,0.5882281064987183,0.6666666865348816,0.6009761095046997,2682,845758198,5,4
437001,1920,6555015,839041920,23520,0.6666666865348816,128,437000,2.449655771255493,1920,17,4,500000,1000,,437001.0,0.692187488079071,0.5882287621498108,0.6625000238418579,0.6010625958442688,2688,845758198,5,4
438001,1920,6570015,840961920,23520,0.6625000238418579,128,438000,2.454070568084717,1920,17,4,500000,1000,,438001.0,0.6916666626930237,0.5882270932197571,0.6625000238418579,0.6010634303092957,2694,845758198,5,4
439001,1920,6585015,842881920,23520,0.6625000238418579,128,439000,2.4588205814361572,1920,17,4,500000,1000,,439001.0,0.692187488079071,0.5882264971733093,0.6666666865348816,0.6009122729301453,2700,845758198,5,4
440001,1920,6600015,844801920,23520,0.6666666865348816,128,440000,2.46266770362854,1920,17,4,500000,1000,,440001.0,0.692187488079071,0.588222861289978,0.6666666865348816,0.6007072329521179,2706,845758198,5,4
441001,1920,6615015,846721920,23520,0.6666666865348816,128,441000,2.466329574584961,1920,17,4,500000,1000,,441001.0,0.6911458373069763,0.5882225036621094,0.6666666865348816,0.6007876992225647,2712,845758198,5,4
442001,1920,6630015,848641920,23520,0.6666666865348816,128,442000,2.470003366470337,1920,17,4,500000,1000,,442001.0,0.690625011920929,0.5882229208946228,0.6645833253860474,0.600704550743103,2718,845758198,5,4
443001,1920,6645015,850561920,23520,0.6645833253860474,128,443000,2.5282604694366455,1920,17,4,500000,1000,,443001.0,0.6927083134651184,0.5882253050804138,0.668749988079071,0.6009178161621094,2724,845758198,5,4
444001,1920,6660015,852481920,23520,0.668749988079071,128,444000,2.5333876609802246,1920,17,4,500000,1000,,444001.0,0.692187488079071,0.5882234573364258,0.668749988079071,0.6009044051170349,2731,845758198,5,4
445001,1920,6675015,854401920,23520,0.668749988079071,128,445000,2.537437915802002,1920,17,4,500000,1000,,445001.0,0.692187488079071,0.5882240533828735,0.668749988079071,0.6009908318519592,2737,845758198,5,4
446001,1920,6690015,856321920,23520,0.668749988079071,128,446000,2.541250705718994,1920,17,4,500000,1000,,446001.0,0.692187488079071,0.5882250666618347,0.668749988079071,0.6009597182273865,2743,845758198,5,4
447001,1920,6705015,858241920,23520,0.668749988079071,128,447000,2.5479536056518555,1920,17,4,500000,1000,,447001.0,0.6927083134651184,0.5882207155227661,0.6666666865348816,0.6009047031402588,2748,845758198,5,4
448001,1920,6720015,860161920,23520,0.6666666865348816,128,448000,2.551767587661743,1920,17,4,500000,1000,,448001.0,0.692187488079071,0.5882216691970825,0.6666666865348816,0.6007745265960693,2754,845758198,5,4
449001,1920,6735015,862081920,23520,0.6666666865348816,128,449000,2.5556154251098633,1920,17,4,500000,1000,,449001.0,0.6916666626930237,0.5882197022438049,0.6666666865348816,0.6007118821144104,2761,845758198,5,4
450001,1920,6750015,864001920,23520,0.6666666865348816,128,450000,2.5594403743743896,1920,17,4,500000,1000,,450001.0,0.6916666626930237,0.5882227420806885,0.6666666865348816,0.6010084748268127,2767,845758198,5,4
451001,1920,6765015,865921920,23520,0.6666666865348816,128,451000,2.5632474422454834,1920,17,4,500000,1000,,451001.0,0.6916666626930237,0.5882188081741333,0.6666666865348816,0.6006262302398682,2774,845758198,5,4
452001,1920,6780015,867841920,23520,0.6666666865348816,128,452000,2.567349433898926,1920,17,4,500000,1000,,452001.0,0.6932291388511658,0.5882170796394348,0.6666666865348816,0.600805938243866,2780,845758198,5,4
453001,1920,6795015,869761920,23520,0.6666666865348816,128,453000,2.570979356765747,1920,17,4,500000,1000,,453001.0,0.692187488079071,0.5882211923599243,0.6666666865348816,0.6008703708648682,2786,845758198,5,4
454001,1920,6810015,871681920,23520,0.6666666865348816,128,454000,2.577850103378296,1920,17,4,500000,1000,,454001.0,0.6916666626930237,0.588220477104187,0.6666666865348816,0.6006485223770142,2792,845758198,5,4
455001,1920,6825015,873601920,23520,0.6666666865348816,128,455000,2.581618070602417,1920,17,4,500000,1000,,455001.0,0.692187488079071,0.5882176160812378,0.6666666865348816,0.6009208559989929,2798,845758198,5,4
456001,1920,6840015,875521920,23520,0.6666666865348816,128,456000,2.585437059402466,1920,17,4,500000,1000,,456001.0,0.6911458373069763,0.5882183313369751,0.6666666865348816,0.6006435751914978,2804,845758198,5,4
457001,1920,6855015,877441920,23520,0.6666666865348816,128,457000,2.5896542072296143,1920,17,4,500000,1000,,457001.0,0.6911458373069763,0.5882167816162109,0.6645833253860474,0.6005477905273438,2810,845758198,5,4
458001,1920,6870015,879361920,23520,0.6645833253860474,128,458000,2.5933942794799805,1920,17,4,500000,1000,,458001.0,0.692187488079071,0.5882192850112915,0.6645833253860474,0.6006162166595459,2816,845758198,5,4
459001,1920,6885015,881281920,23520,0.6645833253860474,128,459000,2.5970263481140137,1920,17,4,500000,1000,,459001.0,0.6911458373069763,0.5882165431976318,0.6666666865348816,0.6005839705467224,2822,845758198,5,4
460001,1920,6900015,883201920,23520,0.6666666865348816,128,460000,2.601410388946533,1920,17,4,500000,1000,,460001.0,0.6911458373069763,0.5882137417793274,0.6645833253860474,0.6009016633033752,2828,845758198,5,4
461001,1920,6915015,885121920,23520,0.6645833253860474,128,461000,2.60510516166687,1920,17,4,500000,1000,,461001.0,0.6916666626930237,0.5882152915000916,0.668749988079071,0.6007865071296692,2835,845758198,5,4
462001,1920,6930015,887041920,23520,0.668749988079071,128,462000,2.61031436920166,1920,17,4,500000,1000,,462001.0,0.6916666626930237,0.5882130265235901,0.668749988079071,0.6009715795516968,2841,845758198,5,4
463001,1920,6945015,888961920,23520,0.668749988079071,128,463000,2.6152613162994385,1920,17,4,500000,1000,,463001.0,0.692187488079071,0.5882174968719482,0.6645833253860474,0.6007162928581238,2847,845758198,5,4
464001,1920,6960015,890881920,23520,0.6645833253860474,128,464000,2.6189382076263428,1920,17,4,500000,1000,,464001.0,0.6916666626930237,0.5882155299186707,0.6666666865348816,0.6007366180419922,2853,845758198,5,4
465001,1920,6975015,892801920,23520,0.6666666865348816,128,465000,2.6239373683929443,1920,17,4,500000,1000,,465001.0,0.6927083134651184,0.5882136821746826,0.6666666865348816,0.6009862422943115,2859,845758198,5,4
466001,1920,6990015,894721920,23520,0.6666666865348816,128,466000,2.628373384475708,1920,17,4,500000,1000,,466001.0,0.6911458373069763,0.5882138609886169,0.6645833253860474,0.6009730696678162,2865,845758198,5,4
467001,1920,7005015,896641920,23520,0.6645833253860474,128,467000,2.633737802505493,1920,17,4,500000,1000,,467001.0,0.690625011920929,0.5882149934768677,0.6666666865348816,0.6011263132095337,2871,845758198,5,4
468001,1920,7020015,898561920,23520,0.6666666865348816,128,468000,2.639349937438965,1920,17,4,500000,1000,,468001.0,0.6916666626930237,0.5882164239883423,0.6666666865348816,0.601180911064148,2878,845758198,5,4
469001,1920,7035015,900481920,23520,0.6666666865348816,128,469000,2.6464309692382812,1920,17,4,500000,1000,,469001.0,0.6911458373069763,0.58821702003479,0.6645833253860474,0.601297914981842,2885,845758198,5,4
470001,1920,7050015,902401920,23520,0.6645833253860474,128,470000,2.650733709335327,1920,17,4,500000,1000,,470001.0,0.692187488079071,0.5882116556167603,0.6645833253860474,0.6012274026870728,2894,845758198,5,4
471001,1920,7065015,904321920,23520,0.6645833253860474,128,471000,2.654385566711426,1920,17,4,500000,1000,,471001.0,0.692187488079071,0.5882108211517334,0.6666666865348816,0.6011316776275635,2901,845758198,5,4
472001,1920,7080015,906241920,23520,0.6666666865348816,128,472000,2.6591484546661377,1920,17,4,500000,1000,,472001.0,0.692187488079071,0.5882085561752319,0.6645833253860474,0.6008850932121277,2907,845758198,5,4
473001,1920,7095015,908161920,23520,0.6645833253860474,128,473000,2.6636202335357666,1920,17,4,500000,1000,,473001.0,0.692187488079071,0.5882083773612976,0.6666666865348816,0.6010164022445679,2913,845758198,5,4
474001,1920,7110015,910081920,23520,0.6666666865348816,128,474000,2.6674492359161377,1920,17,4,500000,1000,,474001.0,0.692187488079071,0.5882095694541931,0.6666666865348816,0.6009456515312195,2919,845758198,5,4
475001,1920,7125015,912001920,23520,0.6666666865348816,128,475000,2.671264171600342,1920,17,4,500000,1000,,475001.0,0.692187488079071,0.5882060527801514,0.668749988079071,0.6011666655540466,2926,845758198,5,4
476001,1920,7140015,913921920,23520,0.668749988079071,128,476000,2.6750519275665283,1920,17,4,500000,1000,,476001.0,0.692187488079071,0.5882088541984558,0.6666666865348816,0.6012335419654846,2932,845758198,5,4
477001,1920,7155015,915841920,23520,0.6666666865348816,128,477000,2.6786949634552,1920,17,4,500000,1000,,477001.0,0.6937500238418579,0.5882065296173096,0.6666666865348816,0.6012952923774719,2938,845758198,5,4
478001,1920,7170015,917761920,23520,0.6666666865348816,128,478000,2.7019670009613037,1920,17,4,500000,1000,,478001.0,0.6927083134651184,0.588208794593811,0.6666666865348816,0.6011039018630981,2944,845758198,5,4
479001,1920,7185015,919681920,23520,0.6666666865348816,128,479000,2.779768943786621,1920,17,4,500000,1000,,479001.0,0.692187488079071,0.588205099105835,0.668749988079071,0.6010557413101196,2950,845758198,5,4
480001,1920,7200015,921601920,23520,0.668749988079071,128,480000,2.7834548950195312,1920,17,4,500000,1000,,480001.0,0.6916666626930237,0.5882050395011902,0.6666666865348816,0.6008666753768921,2955,845758198,5,4
481001,1920,7215015,923521920,23520,0.6666666865348816,128,481000,2.788576602935791,1920,17,4,500000,1000,,481001.0,0.6927083134651184,0.5882040858268738,0.668749988079071,0.6006377339363098,2961,845758198,5,4
482001,1920,7230015,925441920,23520,0.668749988079071,128,482000,2.7926876544952393,1920,17,4,500000,1000,,482001.0,0.6916666626930237,0.5882056355476379,0.6645833253860474,0.6008622646331787,2967,845758198,5,4
483001,1920,7245015,927361920,23520,0.6645833253860474,128,483000,2.79638671875,1920,17,4,500000,1000,,483001.0,0.6916666626930237,0.5882044434547424,0.6666666865348816,0.6008285284042358,2972,845758198,5,4
484001,1920,7260015,929281920,23520,0.6666666865348816,128,484000,2.800111770629883,1920,17,4,500000,1000,,484001.0,0.690625011920929,0.5882049798965454,0.6666666865348816,0.6008665561676025,2978,845758198,5,4
485001,1920,7275015,931201920,23520,0.6666666865348816,128,485000,2.803881883621216,1920,17,4,500000,1000,,485001.0,0.6916666626930237,0.5882056951522827,0.668749988079071,0.6010206341743469,2984,845758198,5,4
486001,1920,7290015,933121920,23520,0.668749988079071,128,486000,2.8075168132781982,1920,17,4,500000,1000,,486001.0,0.6916666626930237,0.5882037878036499,0.668749988079071,0.6012198328971863,2989,845758198,5,4
487001,1920,7305015,935041920,23520,0.668749988079071,128,487000,2.8117008209228516,1920,17,4,500000,1000,,487001.0,0.6927083134651184,0.5882026553153992,0.668749988079071,0.6009383797645569,2995,845758198,5,4
488001,1920,7320015,936961920,23520,0.668749988079071,128,488000,2.8155336380004883,1920,17,4,500000,1000,,488001.0,0.6916666626930237,0.5882050395011902,0.6666666865348816,0.6011736392974854,3001,845758198,5,4
489001,1920,7335015,938881920,23520,0.6666666865348816,128,489000,2.819478750228882,1920,17,4,500000,1000,,489001.0,0.692187488079071,0.5882022976875305,0.668749988079071,0.6009578108787537,3006,845758198,5,4
490001,1920,7350015,940801920,23520,0.668749988079071,128,490000,2.8231945037841797,1920,17,4,500000,1000,,490001.0,0.6927083134651184,0.5882007479667664,0.6666666865348816,0.601037859916687,3012,845758198,5,4
491001,1920,7365015,942721920,23520,0.6666666865348816,128,491000,2.8268957138061523,1920,17,4,500000,1000,,491001.0,0.692187488079071,0.5881995558738708,0.6666666865348816,0.6009953022003174,3017,845758198,5,4
492001,1920,7380015,944641920,23520,0.6666666865348816,128,492000,2.830972909927368,1920,17,4,500000,1000,,492001.0,0.692187488079071,0.5881977081298828,0.668749988079071,0.6011433005332947,3024,845758198,5,4
493001,1920,7395015,946561920,23520,0.668749988079071,128,493000,2.834775924682617,1920,17,4,500000,1000,,493001.0,0.692187488079071,0.5881983637809753,0.668749988079071,0.6010591387748718,3030,845758198,5,4
494001,1920,7410015,948481920,23520,0.668749988079071,128,494000,2.83841872215271,1920,17,4,500000,1000,,494001.0,0.6916666626930237,0.588198721408844,0.668749988079071,0.600989043712616,3035,845758198,5,4
495001,1920,7425015,950401920,23520,0.668749988079071,128,495000,2.843017339706421,1920,17,4,500000,1000,,495001.0,0.6916666626930237,0.588200569152832,0.6666666865348816,0.6007631421089172,3042,845758198,5,4
496001,1920,7440015,952321920,23520,0.6666666865348816,128,496000,2.8468122482299805,1920,17,4,500000,1000,,496001.0,0.6927083134651184,0.5881970524787903,0.668749988079071,0.6009789109230042,3047,845758198,5,4
497001,1920,7455015,954241920,23520,0.668749988079071,128,497000,2.8520703315734863,1920,17,4,500000,1000,,497001.0,0.6916666626930237,0.5881980657577515,0.6666666865348816,0.6011752486228943,3053,845758198,5,4
498001,1920,7470015,956161920,23520,0.6666666865348816,128,498000,2.8575663566589355,1920,17,4,500000,1000,,498001.0,0.6916666626930237,0.5881977081298828,0.6666666865348816,0.6008018255233765,3058,845758198,5,4
499001,1920,7485015,958081920,23520,0.6666666865348816,128,499000,2.862316370010376,1920,17,4,500000,1000,,499001.0,0.6901041865348816,0.5881970524787903,0.6666666865348816,0.6010874509811401,3064,845758198,5,4
499998,1920,7499970,959996160,23520,0.6666666865348816,128,499997,2.86757755279541,1920,17,4,500000,1000,,499998.0,0.6927083134651184,0.5881965756416321,0.668749988079071,0.6010941863059998,3070,845758198,5,4
499999,1920,7499985,959998080,23520,0.668749988079071,128,499998,2.8724966049194336,1920,17,4,500000,1000,,499999.0,0.6927083134651184,0.5881965756416321,0.668749988079071,0.6010939478874207,3070,845758198,5,4
500000,1920,7500000,960000000,23520,0.668749988079071,128,499999,2.8764655590057373,1920,17,4,500000,1000,,500000.0,0.6927083134651184,0.5881964564323425,0.668749988079071,0.6010854244232178,3070,845758198,5,4
