pf_calls,num_answers,model_updates,num_grad_comps,answers_bytes,last_score,batch_size,k,elapsed_time,train_data,n,d,max_epochs,verbose,ident,_epochs,score_train,loss_train,score_test,loss_test,_elapsed_time,seed,run_id,dim
1,1920,15,1920,23520,0.53125,128,0,0.0432281494140625,1920,17,4,500000,1000,,1.0,0.5151041746139526,0.6931472420692444,0.5541666746139526,0.6931471228599548,0,1058649827,1,4
1001,1920,15015,1921920,23520,0.5541666746139526,128,1000,0.0479280948638916,1920,17,4,500000,1000,,1001.0,0.6546875238418579,0.6211870908737183,0.6395833492279053,0.6347267031669617,5,1058649827,1,4
2001,1920,30015,3841920,23520,0.6395833492279053,128,2000,0.053138017654418945,1920,17,4,500000,1000,,2001.0,0.6625000238418579,0.6066263914108276,0.6708333492279053,0.6169620752334595,10,1058649827,1,4
3001,1920,45015,5761920,23520,0.6708333492279053,128,3000,0.05787205696105957,1920,17,4,500000,1000,,3001.0,0.6729166507720947,0.6005664467811584,0.668749988079071,0.609713613986969,15,1058649827,1,4
4001,1920,60015,7681920,23520,0.668749988079071,128,4000,0.06317591667175293,1920,17,4,500000,1000,,4001.0,0.6770833134651184,0.597708523273468,0.675000011920929,0.6087939739227295,20,1058649827,1,4
5001,1920,75015,9601920,23520,0.675000011920929,128,5000,0.0679481029510498,1920,17,4,500000,1000,,5001.0,0.6807291507720947,0.5960808992385864,0.6666666865348816,0.6088324785232544,25,1058649827,1,4
6001,1920,90015,11521920,23520,0.6666666865348816,128,6000,0.07268023490905762,1920,17,4,500000,1000,,6001.0,0.6812499761581421,0.595001220703125,0.668749988079071,0.608911395072937,30,1058649827,1,4
7001,1920,105015,13441920,23520,0.668749988079071,128,7000,0.07770729064941406,1920,17,4,500000,1000,,7001.0,0.6807291507720947,0.5942287445068359,0.6708333492279053,0.6092182397842407,35,1058649827,1,4
8001,1920,120015,15361920,23520,0.6708333492279053,128,8000,0.0825352668762207,1920,17,4,500000,1000,,8001.0,0.6822916865348816,0.5936483144760132,0.6645833253860474,0.609649658203125,40,1058649827,1,4
9001,1920,135015,17281920,23520,0.6645833253860474,128,9000,0.08751416206359863,1920,17,4,500000,1000,,9001.0,0.6833333373069763,0.5931933522224426,0.6645833253860474,0.610759973526001,45,1058649827,1,4
10001,1920,150015,19201920,23520,0.6645833253860474,128,10000,0.0925130844116211,1920,17,4,500000,1000,,10001.0,0.6796875,0.5928294062614441,0.65625,0.6112312078475952,50,1058649827,1,4
11001,1920,165015,21121920,23520,0.65625,128,11000,0.09716010093688965,1920,17,4,500000,1000,,11001.0,0.6807291507720947,0.592535138130188,0.6604166626930237,0.6113243699073792,55,1058649827,1,4
12001,1920,180015,23041920,23520,0.6604166626930237,128,12000,0.10181903839111328,1920,17,4,500000,1000,,12001.0,0.6807291507720947,0.5922883152961731,0.6583333611488342,0.6118031740188599,59,1058649827,1,4
13001,1920,195015,24961920,23520,0.6583333611488342,128,13000,0.10647201538085938,1920,17,4,500000,1000,,13001.0,0.6791666746139526,0.5920868515968323,0.65625,0.6123737096786499,64,1058649827,1,4
14001,1920,210015,26881920,23520,0.65625,128,14000,0.11114788055419922,1920,17,4,500000,1000,,14001.0,0.6807291507720947,0.5919157266616821,0.65625,0.6119309067726135,69,1058649827,1,4
15001,1920,225015,28801920,23520,0.65625,128,15000,0.11628270149230957,1920,17,4,500000,1000,,15001.0,0.6812499761581421,0.5917556881904602,0.6541666388511658,0.6122864484786987,74,1058649827,1,4
16001,1920,240015,30721920,23520,0.6541666388511658,128,16000,0.12128090858459473,1920,17,4,500000,1000,,16001.0,0.6817708611488342,0.5916213393211365,0.6583333611488342,0.6125389337539673,79,1058649827,1,4
17001,1920,255015,32641920,23520,0.6583333611488342,128,17000,0.12596988677978516,1920,17,4,500000,1000,,17001.0,0.6796875,0.5915018916130066,0.65625,0.6129787564277649,84,1058649827,1,4
18001,1920,270015,34561920,23520,0.65625,128,18000,0.13105988502502441,1920,17,4,500000,1000,,18001.0,0.6796875,0.5913981795310974,0.6541666388511658,0.6133267283439636,89,1058649827,1,4
19001,1920,285015,36481920,23520,0.6541666388511658,128,19000,0.1361229419708252,1920,17,4,500000,1000,,19001.0,0.6791666746139526,0.5913066864013672,0.6499999761581421,0.613470196723938,94,1058649827,1,4
20001,1920,300015,38401920,23520,0.6499999761581421,128,20000,0.14084267616271973,1920,17,4,500000,1000,,20001.0,0.6802083253860474,0.591221809387207,0.6520833373069763,0.6131774187088013,99,1058649827,1,4
21001,1920,315015,40321920,23520,0.6520833373069763,128,21000,0.14547276496887207,1920,17,4,500000,1000,,21001.0,0.6802083253860474,0.5911422967910767,0.6541666388511658,0.6132134199142456,104,1058649827,1,4
22001,1920,330015,42241920,23520,0.6541666388511658,128,22000,0.15057086944580078,1920,17,4,500000,1000,,22001.0,0.6776041388511658,0.5910652279853821,0.65625,0.6133587956428528,108,1058649827,1,4
23001,1920,345015,44161920,23520,0.65625,128,23000,0.15534472465515137,1920,17,4,500000,1000,,23001.0,0.6776041388511658,0.5910009145736694,0.65625,0.6134417653083801,113,1058649827,1,4
24001,1920,360015,46081920,23520,0.65625,128,24000,0.1599864959716797,1920,17,4,500000,1000,,24001.0,0.6781250238418579,0.5909386277198792,0.65625,0.6137006282806396,118,1058649827,1,4
25001,1920,375015,48001920,23520,0.65625,128,25000,0.16502857208251953,1920,17,4,500000,1000,,25001.0,0.6770833134651184,0.5908803343772888,0.65625,0.6132014393806458,123,1058649827,1,4
26001,1920,390015,49921920,23520,0.65625,128,26000,0.17114472389221191,1920,17,4,500000,1000,,26001.0,0.6781250238418579,0.5908291935920715,0.65625,0.6139238476753235,128,1058649827,1,4
27001,1920,405015,51841920,23520,0.65625,128,27000,0.17597484588623047,1920,17,4,500000,1000,,27001.0,0.6796875,0.5907849669456482,0.6520833373069763,0.6136099696159363,133,1058649827,1,4
28001,1920,420015,53761920,23520,0.6520833373069763,128,28000,0.18079090118408203,1920,17,4,500000,1000,,28001.0,0.6781250238418579,0.59073406457901,0.6520833373069763,0.6138533353805542,137,1058649827,1,4
29001,1920,435015,55681920,23520,0.6520833373069763,128,29000,0.1854691505432129,1920,17,4,500000,1000,,29001.0,0.6770833134651184,0.5906903743743896,0.6479166746139526,0.614101231098175,142,1058649827,1,4
30001,1920,450015,57601920,23520,0.6479166746139526,128,30000,0.19008398056030273,1920,17,4,500000,1000,,30001.0,0.676562488079071,0.590652585029602,0.6541666388511658,0.6138801574707031,147,1058649827,1,4
31001,1920,465015,59521920,23520,0.6541666388511658,128,31000,0.1951587200164795,1920,17,4,500000,1000,,31001.0,0.6786458492279053,0.5906115770339966,0.6541666388511658,0.613754153251648,152,1058649827,1,4
32001,1920,480015,61441920,23520,0.6541666388511658,128,32000,0.20059871673583984,1920,17,4,500000,1000,,32001.0,0.6786458492279053,0.5905781984329224,0.6541666388511658,0.6138750314712524,157,1058649827,1,4
33001,1920,495015,63361920,23520,0.6541666388511658,128,33000,0.20571565628051758,1920,17,4,500000,1000,,33001.0,0.676562488079071,0.5905411243438721,0.6520833373069763,0.6137480139732361,162,1058649827,1,4
34001,1920,510015,65281920,23520,0.6520833373069763,128,34000,0.21041059494018555,1920,17,4,500000,1000,,34001.0,0.676562488079071,0.590507447719574,0.6541666388511658,0.614148736000061,168,1058649827,1,4
35001,1920,525015,67201920,23520,0.6541666388511658,128,35000,0.21523165702819824,1920,17,4,500000,1000,,35001.0,0.676562488079071,0.5904766917228699,0.6499999761581421,0.6140323877334595,173,1058649827,1,4
36001,1920,540015,69121920,23520,0.6499999761581421,128,36000,0.2201099395751953,1920,17,4,500000,1000,,36001.0,0.6770833134651184,0.5904481410980225,0.6499999761581421,0.6139495372772217,178,1058649827,1,4
37001,1920,555015,71041920,23520,0.6499999761581421,128,37000,0.22532081604003906,1920,17,4,500000,1000,,37001.0,0.6770833134651184,0.5904244780540466,0.6499999761581421,0.6144898533821106,183,1058649827,1,4
38001,1920,570015,72961920,23520,0.6499999761581421,128,38000,0.23014092445373535,1920,17,4,500000,1000,,38001.0,0.6770833134651184,0.5903913974761963,0.6541666388511658,0.6141482591629028,189,1058649827,1,4
39001,1920,585015,74881920,23520,0.6541666388511658,128,39000,0.2351360321044922,1920,17,4,500000,1000,,39001.0,0.6770833134651184,0.5903670191764832,0.6541666388511658,0.6140991449356079,194,1058649827,1,4
40001,1920,600015,76801920,23520,0.6541666388511658,128,40000,0.24035215377807617,1920,17,4,500000,1000,,40001.0,0.676562488079071,0.5903440713882446,0.6541666388511658,0.6145247220993042,199,1058649827,1,4
41001,1920,615015,78721920,23520,0.6541666388511658,128,41000,0.24537897109985352,1920,17,4,500000,1000,,41001.0,0.6755208373069763,0.5903259515762329,0.6541666388511658,0.6144262552261353,204,1058649827,1,4
42001,1920,630015,80641920,23520,0.6541666388511658,128,42000,0.2500481605529785,1920,17,4,500000,1000,,42001.0,0.676562488079071,0.5903042554855347,0.6541666388511658,0.6140202283859253,209,1058649827,1,4
43001,1920,645015,82561920,23520,0.6541666388511658,128,43000,0.2550973892211914,1920,17,4,500000,1000,,43001.0,0.6776041388511658,0.5902766585350037,0.6499999761581421,0.6140467524528503,214,1058649827,1,4
44001,1920,660015,84481920,23520,0.6499999761581421,128,44000,0.2602252960205078,1920,17,4,500000,1000,,44001.0,0.6786458492279053,0.590259313583374,0.6479166746139526,0.6142768859863281,219,1058649827,1,4
45001,1920,675015,86401920,23520,0.6479166746139526,128,45000,0.2649092674255371,1920,17,4,500000,1000,,45001.0,0.676562488079071,0.5902388095855713,0.6520833373069763,0.6144497394561768,224,1058649827,1,4
46001,1920,690015,88321920,23520,0.6520833373069763,128,46000,0.2699921131134033,1920,17,4,500000,1000,,46001.0,0.6760416626930237,0.5902137160301208,0.6499999761581421,0.614249050617218,229,1058649827,1,4
47001,1920,705015,90241920,23520,0.6499999761581421,128,47000,0.27735304832458496,1920,17,4,500000,1000,,47001.0,0.6776041388511658,0.590196967124939,0.6499999761581421,0.6145281195640564,234,1058649827,1,4
48001,1920,720015,92161920,23520,0.6499999761581421,128,48000,0.2823669910430908,1920,17,4,500000,1000,,48001.0,0.6770833134651184,0.5901831984519958,0.6499999761581421,0.6142506003379822,239,1058649827,1,4
49001,1920,735015,94081920,23520,0.6499999761581421,128,49000,0.2869579792022705,1920,17,4,500000,1000,,49001.0,0.6770833134651184,0.5901644229888916,0.6499999761581421,0.6142591238021851,244,1058649827,1,4
50001,1920,750015,96001920,23520,0.6499999761581421,128,50000,0.29203295707702637,1920,17,4,500000,1000,,50001.0,0.6770833134651184,0.5901458859443665,0.6499999761581421,0.6148044466972351,249,1058649827,1,4
51001,1920,765015,97921920,23520,0.6499999761581421,128,51000,0.2966749668121338,1920,17,4,500000,1000,,51001.0,0.6781250238418579,0.5901277661323547,0.6541666388511658,0.6144209504127502,254,1058649827,1,4
52001,1920,780015,99841920,23520,0.6541666388511658,128,52000,0.3015918731689453,1920,17,4,500000,1000,,52001.0,0.6755208373069763,0.5901116728782654,0.6479166746139526,0.6147357821464539,259,1058649827,1,4
53001,1920,795015,101761920,23520,0.6479166746139526,128,53000,0.3061861991882324,1920,17,4,500000,1000,,53001.0,0.676562488079071,0.5901002287864685,0.6479166746139526,0.6144676208496094,264,1058649827,1,4
54001,1920,810015,103681920,23520,0.6479166746139526,128,54000,0.31092214584350586,1920,17,4,500000,1000,,54001.0,0.675000011920929,0.590083658695221,0.6541666388511658,0.6145718693733215,268,1058649827,1,4
55001,1920,825015,105601920,23520,0.6541666388511658,128,55000,0.3157632350921631,1920,17,4,500000,1000,,55001.0,0.676562488079071,0.5900706648826599,0.6499999761581421,0.6142494678497314,273,1058649827,1,4
56001,1920,840015,107521920,23520,0.6499999761581421,128,56000,0.32050013542175293,1920,17,4,500000,1000,,56001.0,0.675000011920929,0.5900585055351257,0.6541666388511658,0.6140684485435486,278,1058649827,1,4
57001,1920,855015,109441920,23520,0.6541666388511658,128,57000,0.32509613037109375,1920,17,4,500000,1000,,57001.0,0.676562488079071,0.590041995048523,0.6541666388511658,0.6141967177391052,283,1058649827,1,4
58001,1920,870015,111361920,23520,0.6541666388511658,128,58000,0.3296992778778076,1920,17,4,500000,1000,,58001.0,0.6760416626930237,0.5900326371192932,0.6541666388511658,0.6144791841506958,287,1058649827,1,4
59001,1920,885015,113281920,23520,0.6541666388511658,128,59000,0.33428525924682617,1920,17,4,500000,1000,,59001.0,0.6760416626930237,0.5900174379348755,0.6520833373069763,0.6146293878555298,292,1058649827,1,4
60001,1920,900015,115201920,23520,0.6520833373069763,128,60000,0.33898043632507324,1920,17,4,500000,1000,,60001.0,0.6776041388511658,0.5900077819824219,0.6520833373069763,0.6143862009048462,297,1058649827,1,4
61001,1920,915015,117121920,23520,0.6520833373069763,128,61000,0.3444993495941162,1920,17,4,500000,1000,,61001.0,0.675000011920929,0.5899943709373474,0.6499999761581421,0.6139427423477173,302,1058649827,1,4
62001,1920,930015,119041920,23520,0.6499999761581421,128,62000,0.34906721115112305,1920,17,4,500000,1000,,62001.0,0.676562488079071,0.5899827480316162,0.6541666388511658,0.6145607233047485,306,1058649827,1,4
63001,1920,945015,120961920,23520,0.6541666388511658,128,63000,0.35413336753845215,1920,17,4,500000,1000,,63001.0,0.676562488079071,0.5899722576141357,0.6541666388511658,0.614617109298706,311,1058649827,1,4
64001,1920,960015,122881920,23520,0.6541666388511658,128,64000,0.3587634563446045,1920,17,4,500000,1000,,64001.0,0.6781250238418579,0.5899584889411926,0.6541666388511658,0.6144508123397827,316,1058649827,1,4
65001,1920,975015,124801920,23520,0.6541666388511658,128,65000,0.36334729194641113,1920,17,4,500000,1000,,65001.0,0.6791666746139526,0.5899484753608704,0.6479166746139526,0.6147974729537964,321,1058649827,1,4
66001,1920,990015,126721920,23520,0.6479166746139526,128,66000,0.36791110038757324,1920,17,4,500000,1000,,66001.0,0.6781250238418579,0.5899369120597839,0.6479166746139526,0.6141538619995117,325,1058649827,1,4
67001,1920,1005015,128641920,23520,0.6479166746139526,128,67000,0.3725149631500244,1920,17,4,500000,1000,,67001.0,0.6770833134651184,0.5899309515953064,0.6479166746139526,0.6146642565727234,330,1058649827,1,4
68001,1920,1020015,130561920,23520,0.6479166746139526,128,68000,0.37731313705444336,1920,17,4,500000,1000,,68001.0,0.6770833134651184,0.5899211168289185,0.6520833373069763,0.6145398616790771,335,1058649827,1,4
69001,1920,1035015,132481920,23520,0.6520833373069763,128,69000,0.38193511962890625,1920,17,4,500000,1000,,69001.0,0.6760416626930237,0.5899108052253723,0.6479166746139526,0.614658534526825,339,1058649827,1,4
70001,1920,1050015,134401920,23520,0.6479166746139526,128,70000,0.38654208183288574,1920,17,4,500000,1000,,70001.0,0.6770833134651184,0.5899025201797485,0.6541666388511658,0.614571213722229,344,1058649827,1,4
71001,1920,1065015,136321920,23520,0.6541666388511658,128,71000,0.39148497581481934,1920,17,4,500000,1000,,71001.0,0.6760416626930237,0.5898898243904114,0.6541666388511658,0.6141481995582581,349,1058649827,1,4
72001,1920,1080015,138241920,23520,0.6541666388511658,128,72000,0.39653801918029785,1920,17,4,500000,1000,,72001.0,0.676562488079071,0.5898829102516174,0.65625,0.6142727136611938,354,1058649827,1,4
73001,1920,1095015,140161920,23520,0.65625,128,73000,0.4021329879760742,1920,17,4,500000,1000,,73001.0,0.675000011920929,0.5898731350898743,0.6541666388511658,0.6144065260887146,359,1058649827,1,4
74001,1920,1110015,142081920,23520,0.6541666388511658,128,74000,0.40688610076904297,1920,17,4,500000,1000,,74001.0,0.6755208373069763,0.5898663997650146,0.6499999761581421,0.6149985194206238,364,1058649827,1,4
75001,1920,1125015,144001920,23520,0.6499999761581421,128,75000,0.4115157127380371,1920,17,4,500000,1000,,75001.0,0.6744791865348816,0.5898547768592834,0.6499999761581421,0.614849328994751,368,1058649827,1,4
76001,1920,1140015,145921920,23520,0.6499999761581421,128,76000,0.41608381271362305,1920,17,4,500000,1000,,76001.0,0.676562488079071,0.589849591255188,0.6541666388511658,0.6147691011428833,373,1058649827,1,4
77001,1920,1155015,147841920,23520,0.6541666388511658,128,77000,0.42064571380615234,1920,17,4,500000,1000,,77001.0,0.6770833134651184,0.5898405909538269,0.6499999761581421,0.6150841116905212,378,1058649827,1,4
78001,1920,1170015,149761920,23520,0.6499999761581421,128,78000,0.4252285957336426,1920,17,4,500000,1000,,78001.0,0.6770833134651184,0.5898336172103882,0.6479166746139526,0.6147783994674683,382,1058649827,1,4
79001,1920,1185015,151681920,23520,0.6479166746139526,128,79000,0.4298546314239502,1920,17,4,500000,1000,,79001.0,0.6755208373069763,0.589827299118042,0.6499999761581421,0.6146248579025269,387,1058649827,1,4
80001,1920,1200015,153601920,23520,0.6499999761581421,128,80000,0.4344367980957031,1920,17,4,500000,1000,,80001.0,0.675000011920929,0.58981853723526,0.6479166746139526,0.6147221326828003,392,1058649827,1,4
81001,1920,1215015,155521920,23520,0.6479166746139526,128,81000,0.43901896476745605,1920,17,4,500000,1000,,81001.0,0.6755208373069763,0.5898128747940063,0.6499999761581421,0.615007758140564,397,1058649827,1,4
82001,1920,1230015,157441920,23520,0.6499999761581421,128,82000,0.4440281391143799,1920,17,4,500000,1000,,82001.0,0.6755208373069763,0.5898021459579468,0.6499999761581421,0.6151040196418762,402,1058649827,1,4
83001,1920,1245015,159361920,23520,0.6499999761581421,128,83000,0.4486732482910156,1920,17,4,500000,1000,,83001.0,0.6760416626930237,0.5897956490516663,0.6499999761581421,0.6152467131614685,406,1058649827,1,4
84001,1920,1260015,161281920,23520,0.6499999761581421,128,84000,0.4535670280456543,1920,17,4,500000,1000,,84001.0,0.6770833134651184,0.589792013168335,0.6499999761581421,0.6151150465011597,411,1058649827,1,4
85001,1920,1275015,163201920,23520,0.6499999761581421,128,85000,0.45852184295654297,1920,17,4,500000,1000,,85001.0,0.6755208373069763,0.5897837281227112,0.6499999761581421,0.6145353317260742,416,1058649827,1,4
86001,1920,1290015,165121920,23520,0.6499999761581421,128,86000,0.4632740020751953,1920,17,4,500000,1000,,86001.0,0.6744791865348816,0.589777946472168,0.6499999761581421,0.6150170564651489,421,1058649827,1,4
87001,1920,1305015,167041920,23520,0.6499999761581421,128,87000,0.4678618907928467,1920,17,4,500000,1000,,87001.0,0.676562488079071,0.5897719860076904,0.6479166746139526,0.6146625876426697,425,1058649827,1,4
88001,1920,1320015,168961920,23520,0.6479166746139526,128,88000,0.4726369380950928,1920,17,4,500000,1000,,88001.0,0.6755208373069763,0.5897665023803711,0.6479166746139526,0.6145280003547668,430,1058649827,1,4
89001,1920,1335015,170881920,23520,0.6479166746139526,128,89000,0.4773750305175781,1920,17,4,500000,1000,,89001.0,0.6760416626930237,0.5897581577301025,0.6458333134651184,0.6144358515739441,435,1058649827,1,4
90001,1920,1350015,172801920,23520,0.6458333134651184,128,90000,0.48195981979370117,1920,17,4,500000,1000,,90001.0,0.676562488079071,0.5897477269172668,0.6499999761581421,0.6148340702056885,440,1058649827,1,4
91001,1920,1365015,174721920,23520,0.6499999761581421,128,91000,0.486832857131958,1920,17,4,500000,1000,,91001.0,0.675000011920929,0.5897447466850281,0.6541666388511658,0.6146809458732605,444,1058649827,1,4
92001,1920,1380015,176641920,23520,0.6541666388511658,128,92000,0.4914236068725586,1920,17,4,500000,1000,,92001.0,0.676562488079071,0.5897397398948669,0.6499999761581421,0.614675760269165,449,1058649827,1,4
93001,1920,1395015,178561920,23520,0.6499999761581421,128,93000,0.4960625171661377,1920,17,4,500000,1000,,93001.0,0.6755208373069763,0.5897350311279297,0.6479166746139526,0.6149436235427856,454,1058649827,1,4
94001,1920,1410015,180481920,23520,0.6479166746139526,128,94000,0.5008845329284668,1920,17,4,500000,1000,,94001.0,0.6755208373069763,0.5897342562675476,0.6541666388511658,0.6153786778450012,459,1058649827,1,4
95001,1920,1425015,182401920,23520,0.6541666388511658,128,95000,0.5055077075958252,1920,17,4,500000,1000,,95001.0,0.6760416626930237,0.5897240042686462,0.6499999761581421,0.6149768233299255,463,1058649827,1,4
96001,1920,1440015,184321920,23520,0.6499999761581421,128,96000,0.5101068019866943,1920,17,4,500000,1000,,96001.0,0.6760416626930237,0.589714765548706,0.6499999761581421,0.61493980884552,468,1058649827,1,4
97001,1920,1455015,186241920,23520,0.6499999761581421,128,97000,0.5152111053466797,1920,17,4,500000,1000,,97001.0,0.676562488079071,0.5897146463394165,0.6499999761581421,0.6146876215934753,473,1058649827,1,4
98001,1920,1470015,188161920,23520,0.6499999761581421,128,98000,0.5199642181396484,1920,17,4,500000,1000,,98001.0,0.6776041388511658,0.5897086262702942,0.6479166746139526,0.6146730780601501,477,1058649827,1,4
99001,1920,1485015,190081920,23520,0.6479166746139526,128,99000,0.5252001285552979,1920,17,4,500000,1000,,99001.0,0.6744791865348816,0.5897006988525391,0.6499999761581421,0.6149463057518005,482,1058649827,1,4
100001,1920,1500015,192001920,23520,0.6499999761581421,128,100000,0.5300843715667725,1920,17,4,500000,1000,,100001.0,0.6744791865348816,0.5896956324577332,0.6499999761581421,0.6151779890060425,487,1058649827,1,4
101001,1920,1515015,193921920,23520,0.6499999761581421,128,101000,0.5350637435913086,1920,17,4,500000,1000,,101001.0,0.6760416626930237,0.5896901488304138,0.6499999761581421,0.6153953671455383,492,1058649827,1,4
102001,1920,1530015,195841920,23520,0.6499999761581421,128,102000,0.5406439304351807,1920,17,4,500000,1000,,102001.0,0.6755208373069763,0.5896841883659363,0.6520833373069763,0.6147633790969849,498,1058649827,1,4
103001,1920,1545015,197761920,23520,0.6520833373069763,128,103000,0.5455989837646484,1920,17,4,500000,1000,,103001.0,0.6755208373069763,0.5896793603897095,0.6499999761581421,0.6148359775543213,503,1058649827,1,4
104001,1920,1560015,199681920,23520,0.6499999761581421,128,104000,0.5506527423858643,1920,17,4,500000,1000,,104001.0,0.675000011920929,0.589674174785614,0.6479166746139526,0.614976704120636,508,1058649827,1,4
105001,1920,1575015,201601920,23520,0.6479166746139526,128,105000,0.5555405616760254,1920,17,4,500000,1000,,105001.0,0.6755208373069763,0.5896729826927185,0.6479166746139526,0.615034818649292,512,1058649827,1,4
106001,1920,1590015,203521920,23520,0.6479166746139526,128,106000,0.5601625442504883,1920,17,4,500000,1000,,106001.0,0.6755208373069763,0.5896655917167664,0.6520833373069763,0.6148660182952881,517,1058649827,1,4
107001,1920,1605015,205441920,23520,0.6520833373069763,128,107000,0.5647356510162354,1920,17,4,500000,1000,,107001.0,0.6760416626930237,0.5896638035774231,0.6479166746139526,0.615296483039856,522,1058649827,1,4
108001,1920,1620015,207361920,23520,0.6479166746139526,128,108000,0.5693445205688477,1920,17,4,500000,1000,,108001.0,0.6755208373069763,0.5896596908569336,0.6458333134651184,0.6150826215744019,526,1058649827,1,4
109001,1920,1635015,209281920,23520,0.6458333134651184,128,109000,0.5739493370056152,1920,17,4,500000,1000,,109001.0,0.6760416626930237,0.589652419090271,0.6541666388511658,0.6147814393043518,531,1058649827,1,4
110001,1920,1650015,211201920,23520,0.6541666388511658,128,110000,0.5785415172576904,1920,17,4,500000,1000,,110001.0,0.6760416626930237,0.589652419090271,0.6499999761581421,0.6149799227714539,536,1058649827,1,4
111001,1920,1665015,213121920,23520,0.6499999761581421,128,111000,0.5830907821655273,1920,17,4,500000,1000,,111001.0,0.676562488079071,0.589648425579071,0.6479166746139526,0.6152940988540649,541,1058649827,1,4
112001,1920,1680015,215041920,23520,0.6479166746139526,128,112000,0.5876467227935791,1920,17,4,500000,1000,,112001.0,0.6744791865348816,0.5896421074867249,0.6499999761581421,0.615160346031189,545,1058649827,1,4
113001,1920,1695015,216961920,23520,0.6499999761581421,128,113000,0.5922567844390869,1920,17,4,500000,1000,,113001.0,0.676562488079071,0.5896379947662354,0.6499999761581421,0.6153177618980408,550,1058649827,1,4
114001,1920,1710015,218881920,23520,0.6499999761581421,128,114000,0.5971207618713379,1920,17,4,500000,1000,,114001.0,0.6744791865348816,0.5896309614181519,0.6499999761581421,0.615060031414032,555,1058649827,1,4
115001,1920,1725015,220801920,23520,0.6499999761581421,128,115000,0.601677656173706,1920,17,4,500000,1000,,115001.0,0.676562488079071,0.5896262526512146,0.6499999761581421,0.6152626872062683,559,1058649827,1,4
116001,1920,1740015,222721920,23520,0.6499999761581421,128,116000,0.6062488555908203,1920,17,4,500000,1000,,116001.0,0.6770833134651184,0.5896251201629639,0.6520833373069763,0.6150460839271545,564,1058649827,1,4
117001,1920,1755015,224641920,23520,0.6520833373069763,128,117000,0.6108222007751465,1920,17,4,500000,1000,,117001.0,0.676562488079071,0.5896238684654236,0.6479166746139526,0.615426242351532,569,1058649827,1,4
118001,1920,1770015,226561920,23520,0.6479166746139526,128,118000,0.6153702735900879,1920,17,4,500000,1000,,118001.0,0.676562488079071,0.5896181464195251,0.6479166746139526,0.6151226758956909,573,1058649827,1,4
119001,1920,1785015,228481920,23520,0.6479166746139526,128,119000,0.6199653148651123,1920,17,4,500000,1000,,119001.0,0.6760416626930237,0.5896152257919312,0.6479166746139526,0.6150444149971008,578,1058649827,1,4
120001,1920,1800015,230401920,23520,0.6479166746139526,128,120000,0.6245183944702148,1920,17,4,500000,1000,,120001.0,0.6760416626930237,0.5896130800247192,0.6479166746139526,0.6151992678642273,583,1058649827,1,4
121001,1920,1815015,232321920,23520,0.6479166746139526,128,121000,0.6291232109069824,1920,17,4,500000,1000,,121001.0,0.6760416626930237,0.5896087884902954,0.6499999761581421,0.6150528192520142,587,1058649827,1,4
122001,1920,1830015,234241920,23520,0.6499999761581421,128,122000,0.6337511539459229,1920,17,4,500000,1000,,122001.0,0.6760416626930237,0.5896016955375671,0.6499999761581421,0.6151924729347229,592,1058649827,1,4
123001,1920,1845015,236161920,23520,0.6499999761581421,128,123000,0.6390008926391602,1920,17,4,500000,1000,,123001.0,0.6739583611488342,0.5896022319793701,0.6541666388511658,0.6153333783149719,597,1058649827,1,4
124001,1920,1860015,238081920,23520,0.6541666388511658,128,124000,0.6447138786315918,1920,17,4,500000,1000,,124001.0,0.6760416626930237,0.5895966291427612,0.6499999761581421,0.6150266528129578,602,1058649827,1,4
125001,1920,1875015,240001920,23520,0.6499999761581421,128,125000,0.6492841243743896,1920,17,4,500000,1000,,125001.0,0.6770833134651184,0.5895904898643494,0.6499999761581421,0.6150953769683838,606,1058649827,1,4
126001,1920,1890015,241921920,23520,0.6499999761581421,128,126000,0.6538271903991699,1920,17,4,500000,1000,,126001.0,0.6776041388511658,0.5895907282829285,0.6479166746139526,0.614971935749054,611,1058649827,1,4
127001,1920,1905015,243841920,23520,0.6479166746139526,128,127000,0.6583631038665771,1920,17,4,500000,1000,,127001.0,0.6760416626930237,0.5895872116088867,0.6499999761581421,0.6149065494537354,616,1058649827,1,4
128001,1920,1920015,245761920,23520,0.6499999761581421,128,128000,0.6629190444946289,1920,17,4,500000,1000,,128001.0,0.6760416626930237,0.5895823836326599,0.6479166746139526,0.614962637424469,620,1058649827,1,4
129001,1920,1935015,247681920,23520,0.6479166746139526,128,129000,0.6674840450286865,1920,17,4,500000,1000,,129001.0,0.6755208373069763,0.5895784497261047,0.6479166746139526,0.615003228187561,625,1058649827,1,4
130001,1920,1950015,249601920,23520,0.6479166746139526,128,130000,0.6720471382141113,1920,17,4,500000,1000,,130001.0,0.6760416626930237,0.5895735621452332,0.6479166746139526,0.6147903800010681,630,1058649827,1,4
131001,1920,1965015,251521920,23520,0.6479166746139526,128,131000,0.6765782833099365,1920,17,4,500000,1000,,131001.0,0.6760416626930237,0.5895752310752869,0.6499999761581421,0.6150413155555725,634,1058649827,1,4
132001,1920,1980015,253441920,23520,0.6499999761581421,128,132000,0.6811501979827881,1920,17,4,500000,1000,,132001.0,0.6755208373069763,0.5895673036575317,0.6499999761581421,0.6150623559951782,639,1058649827,1,4
133001,1920,1995015,255361920,23520,0.6499999761581421,128,133000,0.6857960224151611,1920,17,4,500000,1000,,133001.0,0.6760416626930237,0.5895675420761108,0.6499999761581421,0.6153030395507812,644,1058649827,1,4
134001,1920,2010015,257281920,23520,0.6499999761581421,128,134000,0.6908578872680664,1920,17,4,500000,1000,,134001.0,0.6770833134651184,0.5895616412162781,0.6479166746139526,0.6155080199241638,648,1058649827,1,4
135001,1920,2025015,259201920,23520,0.6479166746139526,128,135000,0.6956815719604492,1920,17,4,500000,1000,,135001.0,0.676562488079071,0.5895568132400513,0.6541666388511658,0.6150230169296265,653,1058649827,1,4
136001,1920,2040015,261121920,23520,0.6541666388511658,128,136000,0.7002224922180176,1920,17,4,500000,1000,,136001.0,0.6770833134651184,0.589556097984314,0.6479166746139526,0.6148995757102966,658,1058649827,1,4
137001,1920,2055015,263041920,23520,0.6479166746139526,128,137000,0.7048146724700928,1920,17,4,500000,1000,,137001.0,0.6781250238418579,0.5895535349845886,0.6479166746139526,0.615606427192688,662,1058649827,1,4
138001,1920,2070015,264961920,23520,0.6479166746139526,128,138000,0.70941162109375,1920,17,4,500000,1000,,138001.0,0.6776041388511658,0.5895515084266663,0.6499999761581421,0.6155819296836853,667,1058649827,1,4
139001,1920,2085015,266881920,23520,0.6499999761581421,128,139000,0.7139585018157959,1920,17,4,500000,1000,,139001.0,0.6776041388511658,0.5895461440086365,0.6499999761581421,0.6148677468299866,672,1058649827,1,4
140001,1920,2100015,268801920,23520,0.6499999761581421,128,140000,0.7184853553771973,1920,17,4,500000,1000,,140001.0,0.6776041388511658,0.5895453691482544,0.6499999761581421,0.6150194406509399,676,1058649827,1,4
141001,1920,2115015,270721920,23520,0.6499999761581421,128,141000,0.7230014801025391,1920,17,4,500000,1000,,141001.0,0.6770833134651184,0.5895429253578186,0.6499999761581421,0.6150480508804321,681,1058649827,1,4
142001,1920,2130015,272641920,23520,0.6499999761581421,128,142000,0.7274863719940186,1920,17,4,500000,1000,,142001.0,0.675000011920929,0.5895366668701172,0.6499999761581421,0.6145973205566406,686,1058649827,1,4
143001,1920,2145015,274561920,23520,0.6499999761581421,128,143000,0.732006311416626,1920,17,4,500000,1000,,143001.0,0.6755208373069763,0.5895326137542725,0.6499999761581421,0.6150802969932556,690,1058649827,1,4
144001,1920,2160015,276481920,23520,0.6499999761581421,128,144000,0.7365462779998779,1920,17,4,500000,1000,,144001.0,0.6760416626930237,0.5895324945449829,0.6499999761581421,0.615263819694519,695,1058649827,1,4
145001,1920,2175015,278401920,23520,0.6499999761581421,128,145000,0.7424352169036865,1920,17,4,500000,1000,,145001.0,0.6770833134651184,0.5895311832427979,0.6499999761581421,0.6148959994316101,700,1058649827,1,4
146001,1920,2190015,280321920,23520,0.6499999761581421,128,146000,0.7469203472137451,1920,17,4,500000,1000,,146001.0,0.6760416626930237,0.5895296931266785,0.6499999761581421,0.6147171854972839,705,1058649827,1,4
147001,1920,2205015,282241920,23520,0.6499999761581421,128,147000,0.7514383792877197,1920,17,4,500000,1000,,147001.0,0.6770833134651184,0.5895246863365173,0.6499999761581421,0.6151512265205383,710,1058649827,1,4
148001,1920,2220015,284161920,23520,0.6499999761581421,128,148000,0.7563295364379883,1920,17,4,500000,1000,,148001.0,0.6755208373069763,0.5895253419876099,0.6479166746139526,0.6149343848228455,714,1058649827,1,4
149001,1920,2235015,286081920,23520,0.6479166746139526,128,149000,0.7608444690704346,1920,17,4,500000,1000,,149001.0,0.6760416626930237,0.5895155668258667,0.6520833373069763,0.6151443719863892,719,1058649827,1,4
150001,1920,2250015,288001920,23520,0.6520833373069763,128,150000,0.76535964012146,1920,17,4,500000,1000,,150001.0,0.675000011920929,0.58951735496521,0.6520833373069763,0.6152163147926331,725,1058649827,1,4
151001,1920,2265015,289921920,23520,0.6520833373069763,128,151000,0.7699148654937744,1920,17,4,500000,1000,,151001.0,0.6760416626930237,0.5895147919654846,0.6479166746139526,0.6152893304824829,731,1058649827,1,4
152001,1920,2280015,291841920,23520,0.6479166746139526,128,152000,0.7744767665863037,1920,17,4,500000,1000,,152001.0,0.6755208373069763,0.589509904384613,0.6479166746139526,0.6153594851493835,736,1058649827,1,4
153001,1920,2295015,293761920,23520,0.6479166746139526,128,153000,0.7789976596832275,1920,17,4,500000,1000,,153001.0,0.6760416626930237,0.5895055532455444,0.6499999761581421,0.6155606508255005,741,1058649827,1,4
154001,1920,2310015,295681920,23520,0.6499999761581421,128,154000,0.7842528820037842,1920,17,4,500000,1000,,154001.0,0.6770833134651184,0.5895103216171265,0.6479166746139526,0.615202009677887,750,1058649827,1,4
155001,1920,2325015,297601920,23520,0.6479166746139526,128,155000,0.7888259887695312,1920,17,4,500000,1000,,155001.0,0.6781250238418579,0.5895037055015564,0.6541666388511658,0.6150328516960144,758,1058649827,1,4
156001,1920,2340015,299521920,23520,0.6541666388511658,128,156000,0.7933311462402344,1920,17,4,500000,1000,,156001.0,0.6760416626930237,0.5895028710365295,0.6479166746139526,0.6147881150245667,764,1058649827,1,4
157001,1920,2355015,301441920,23520,0.6479166746139526,128,157000,0.7978670597076416,1920,17,4,500000,1000,,157001.0,0.6760416626930237,0.58949875831604,0.6499999761581421,0.6150606274604797,770,1058649827,1,4
158001,1920,2370015,303361920,23520,0.6499999761581421,128,158000,0.80240797996521,1920,17,4,500000,1000,,158001.0,0.6755208373069763,0.5894955992698669,0.6520833373069763,0.614584743976593,775,1058649827,1,4
159001,1920,2385015,305281920,23520,0.6520833373069763,128,159000,0.8074131011962891,1920,17,4,500000,1000,,159001.0,0.6760416626930237,0.5894947052001953,0.6479166746139526,0.6152602434158325,781,1058649827,1,4
160001,1920,2400015,307201920,23520,0.6479166746139526,128,160000,0.8145761489868164,1920,17,4,500000,1000,,160001.0,0.6760416626930237,0.5894919037818909,0.6479166746139526,0.6150827407836914,786,1058649827,1,4
161001,1920,2415015,309121920,23520,0.6479166746139526,128,161000,0.819648265838623,1920,17,4,500000,1000,,161001.0,0.6760416626930237,0.5894922614097595,0.6499999761581421,0.614892303943634,792,1058649827,1,4
162001,1920,2430015,311041920,23520,0.6499999761581421,128,162000,0.8242502212524414,1920,17,4,500000,1000,,162001.0,0.6755208373069763,0.5894914269447327,0.6499999761581421,0.6151929497718811,797,1058649827,1,4
163001,1920,2445015,312961920,23520,0.6499999761581421,128,163000,0.828815221786499,1920,17,4,500000,1000,,163001.0,0.6760416626930237,0.5894864201545715,0.6499999761581421,0.6150441765785217,803,1058649827,1,4
164001,1920,2460015,314881920,23520,0.6499999761581421,128,164000,0.8336491584777832,1920,17,4,500000,1000,,164001.0,0.676562488079071,0.5894840955734253,0.6499999761581421,0.615544855594635,808,1058649827,1,4
165001,1920,2475015,316801920,23520,0.6499999761581421,128,165000,0.8385112285614014,1920,17,4,500000,1000,,165001.0,0.6744791865348816,0.5894775390625,0.6520833373069763,0.6151533126831055,813,1058649827,1,4
166001,1920,2490015,318721920,23520,0.6520833373069763,128,166000,0.8433642387390137,1920,17,4,500000,1000,,166001.0,0.6755208373069763,0.5894750952720642,0.6520833373069763,0.6151530742645264,821,1058649827,1,4
167001,1920,2505015,320641920,23520,0.6520833373069763,128,167000,0.8481905460357666,1920,17,4,500000,1000,,167001.0,0.6744791865348816,0.5894777774810791,0.6520833373069763,0.6154140830039978,827,1058649827,1,4
168001,1920,2520015,322561920,23520,0.6520833373069763,128,168000,0.8841476440429688,1920,17,4,500000,1000,,168001.0,0.6755208373069763,0.5894733667373657,0.6520833373069763,0.6153725981712341,839,1058649827,1,4
169001,1920,2535015,324481920,23520,0.6520833373069763,128,169000,0.8888378143310547,1920,17,4,500000,1000,,169001.0,0.6755208373069763,0.589469313621521,0.6520833373069763,0.6152364015579224,845,1058649827,1,4
170001,1920,2550015,326401920,23520,0.6520833373069763,128,170000,0.8933818340301514,1920,17,4,500000,1000,,170001.0,0.675000011920929,0.5894664525985718,0.6520833373069763,0.6153981685638428,851,1058649827,1,4
171001,1920,2565015,328321920,23520,0.6520833373069763,128,171000,0.8987429141998291,1920,17,4,500000,1000,,171001.0,0.6760416626930237,0.5894668102264404,0.6541666388511658,0.6155994534492493,856,1058649827,1,4
172001,1920,2580015,330241920,23520,0.6541666388511658,128,172000,0.9032399654388428,1920,17,4,500000,1000,,172001.0,0.6760416626930237,0.5894621014595032,0.6499999761581421,0.6154223680496216,861,1058649827,1,4
173001,1920,2595015,332161920,23520,0.6499999761581421,128,173000,0.9077398777008057,1920,17,4,500000,1000,,173001.0,0.6755208373069763,0.5894594192504883,0.6520833373069763,0.6152998805046082,867,1058649827,1,4
174001,1920,2610015,334081920,23520,0.6520833373069763,128,174000,0.9122738838195801,1920,17,4,500000,1000,,174001.0,0.6760416626930237,0.5894596576690674,0.6499999761581421,0.6155858635902405,874,1058649827,1,4
175001,1920,2625015,336001920,23520,0.6499999761581421,128,175000,0.9180872440338135,1920,17,4,500000,1000,,175001.0,0.6755208373069763,0.5894578099250793,0.65625,0.6155986785888672,879,1058649827,1,4
176001,1920,2640015,337921920,23520,0.65625,128,176000,0.9226682186126709,1920,17,4,500000,1000,,176001.0,0.6770833134651184,0.5894559621810913,0.6499999761581421,0.6154482364654541,885,1058649827,1,4
177001,1920,2655015,339841920,23520,0.6499999761581421,128,177000,0.9271492958068848,1920,17,4,500000,1000,,177001.0,0.6776041388511658,0.5894572138786316,0.6479166746139526,0.6154487729072571,890,1058649827,1,4
178001,1920,2670015,341761920,23520,0.6479166746139526,128,178000,0.9316763877868652,1920,17,4,500000,1000,,178001.0,0.6776041388511658,0.5894556641578674,0.6479166746139526,0.6150816679000854,895,1058649827,1,4
179001,1920,2685015,343681920,23520,0.6479166746139526,128,179000,0.9361834526062012,1920,17,4,500000,1000,,179001.0,0.676562488079071,0.589454710483551,0.6520833373069763,0.6152989864349365,900,1058649827,1,4
180001,1920,2700015,345601920,23520,0.6520833373069763,128,180000,0.940692663192749,1920,17,4,500000,1000,,180001.0,0.676562488079071,0.5894520282745361,0.6541666388511658,0.6149837970733643,906,1058649827,1,4
181001,1920,2715015,347521920,23520,0.6541666388511658,128,181000,0.945725679397583,1920,17,4,500000,1000,,181001.0,0.6755208373069763,0.5894498229026794,0.6499999761581421,0.6148704290390015,912,1058649827,1,4
182001,1920,2730015,349441920,23520,0.6499999761581421,128,182000,0.9502685070037842,1920,17,4,500000,1000,,182001.0,0.676562488079071,0.5894472599029541,0.6499999761581421,0.6153861880302429,917,1058649827,1,4
183001,1920,2745015,351361920,23520,0.6499999761581421,128,183000,0.9548203945159912,1920,17,4,500000,1000,,183001.0,0.6760416626930237,0.5894452929496765,0.6499999761581421,0.6154259443283081,922,1058649827,1,4
184001,1920,2760015,353281920,23520,0.6499999761581421,128,184000,0.9593374729156494,1920,17,4,500000,1000,,184001.0,0.6776041388511658,0.589442253112793,0.6479166746139526,0.6153584122657776,927,1058649827,1,4
185001,1920,2775015,355201920,23520,0.6479166746139526,128,185000,0.9639103412628174,1920,17,4,500000,1000,,185001.0,0.6760416626930237,0.5894381403923035,0.6499999761581421,0.6151602864265442,932,1058649827,1,4
186001,1920,2790015,357121920,23520,0.6499999761581421,128,186000,0.968407392501831,1920,17,4,500000,1000,,186001.0,0.6776041388511658,0.5894376635551453,0.6541666388511658,0.6149608492851257,937,1058649827,1,4
187001,1920,2805015,359041920,23520,0.6541666388511658,128,187000,0.9729316234588623,1920,17,4,500000,1000,,187001.0,0.6755208373069763,0.5894330739974976,0.6499999761581421,0.6152579188346863,942,1058649827,1,4
188001,1920,2820015,360961920,23520,0.6499999761581421,128,188000,0.9774777889251709,1920,17,4,500000,1000,,188001.0,0.676562488079071,0.5894314050674438,0.6541666388511658,0.6152583360671997,946,1058649827,1,4
189001,1920,2835015,362881920,23520,0.6541666388511658,128,189000,0.9821836948394775,1920,17,4,500000,1000,,189001.0,0.6776041388511658,0.5894309282302856,0.6499999761581421,0.6150711178779602,951,1058649827,1,4
190001,1920,2850015,364801920,23520,0.6499999761581421,128,190000,0.9866838455200195,1920,17,4,500000,1000,,190001.0,0.6781250238418579,0.589429497718811,0.6499999761581421,0.6151129603385925,956,1058649827,1,4
191001,1920,2865015,366721920,23520,0.6499999761581421,128,191000,0.9938759803771973,1920,17,4,500000,1000,,191001.0,0.6760416626930237,0.5894269347190857,0.6499999761581421,0.6148174405097961,961,1058649827,1,4
192001,1920,2880015,368641920,23520,0.6499999761581421,128,192000,0.99839186668396,1920,17,4,500000,1000,,192001.0,0.676562488079071,0.5894231200218201,0.6499999761581421,0.6152171492576599,966,1058649827,1,4
193001,1920,2895015,370561920,23520,0.6499999761581421,128,193000,1.0029289722442627,1920,17,4,500000,1000,,193001.0,0.6770833134651184,0.5894219875335693,0.6499999761581421,0.6153045892715454,971,1058649827,1,4
194001,1920,2910015,372481920,23520,0.6499999761581421,128,194000,1.0076780319213867,1920,17,4,500000,1000,,194001.0,0.6755208373069763,0.5894266366958618,0.6520833373069763,0.6152449250221252,976,1058649827,1,4
195001,1920,2925015,374401920,23520,0.6520833373069763,128,195000,1.0121431350708008,1920,17,4,500000,1000,,195001.0,0.676562488079071,0.5894199013710022,0.6520833373069763,0.6152248978614807,981,1058649827,1,4
196001,1920,2940015,376321920,23520,0.6520833373069763,128,196000,1.0166151523590088,1920,17,4,500000,1000,,196001.0,0.6755208373069763,0.5894218683242798,0.6520833373069763,0.6150187253952026,985,1058649827,1,4
197001,1920,2955015,378241920,23520,0.6520833373069763,128,197000,1.0210769176483154,1920,17,4,500000,1000,,197001.0,0.675000011920929,0.5894219279289246,0.6499999761581421,0.6152549982070923,990,1058649827,1,4
198001,1920,2970015,380161920,23520,0.6499999761581421,128,198000,1.025580883026123,1920,17,4,500000,1000,,198001.0,0.6744791865348816,0.589418351650238,0.6520833373069763,0.6156458258628845,995,1058649827,1,4
199001,1920,2985015,382081920,23520,0.6520833373069763,128,199000,1.0301017761230469,1920,17,4,500000,1000,,199001.0,0.6755208373069763,0.5894157290458679,0.6520833373069763,0.6156018376350403,1000,1058649827,1,4
200001,1920,3000015,384001920,23520,0.6520833373069763,128,200000,1.0345587730407715,1920,17,4,500000,1000,,200001.0,0.6770833134651184,0.5894125699996948,0.6520833373069763,0.6153061389923096,1004,1058649827,1,4
201001,1920,3015015,385921920,23520,0.6520833373069763,128,201000,1.0390708446502686,1920,17,4,500000,1000,,201001.0,0.6755208373069763,0.5894102454185486,0.6520833373069763,0.6151136159896851,1009,1058649827,1,4
202001,1920,3030015,387841920,23520,0.6520833373069763,128,202000,1.043586015701294,1920,17,4,500000,1000,,202001.0,0.6760416626930237,0.589411199092865,0.6520833373069763,0.6152425408363342,1014,1058649827,1,4
203001,1920,3045015,389761920,23520,0.6520833373069763,128,203000,1.0480728149414062,1920,17,4,500000,1000,,203001.0,0.6744791865348816,0.5894069671630859,0.6541666388511658,0.6156393885612488,1018,1058649827,1,4
204001,1920,3060015,391681920,23520,0.6541666388511658,128,204000,1.0525596141815186,1920,17,4,500000,1000,,204001.0,0.676562488079071,0.5894051790237427,0.6520833373069763,0.6153129935264587,1023,1058649827,1,4
205001,1920,3075015,393601920,23520,0.6520833373069763,128,205000,1.0574235916137695,1920,17,4,500000,1000,,205001.0,0.6781250238418579,0.5894069671630859,0.6479166746139526,0.6153239607810974,1028,1058649827,1,4
206001,1920,3090015,395521920,23520,0.6479166746139526,128,206000,1.061877727508545,1920,17,4,500000,1000,,206001.0,0.6781250238418579,0.5894052982330322,0.6479166746139526,0.6150604486465454,1034,1058649827,1,4
207001,1920,3105015,397441920,23520,0.6479166746139526,128,207000,1.066375494003296,1920,17,4,500000,1000,,207001.0,0.6770833134651184,0.5894029140472412,0.6499999761581421,0.6152550578117371,1038,1058649827,1,4
208001,1920,3120015,399361920,23520,0.6499999761581421,128,208000,1.070899486541748,1920,17,4,500000,1000,,208001.0,0.676562488079071,0.5894014239311218,0.6499999761581421,0.6151427030563354,1043,1058649827,1,4
209001,1920,3135015,401281920,23520,0.6499999761581421,128,209000,1.0754125118255615,1920,17,4,500000,1000,,209001.0,0.676562488079071,0.5893991589546204,0.6499999761581421,0.615181565284729,1048,1058649827,1,4
210001,1920,3150015,403201920,23520,0.6499999761581421,128,210000,1.0798685550689697,1920,17,4,500000,1000,,210001.0,0.6755208373069763,0.5893999934196472,0.6520833373069763,0.6147948503494263,1053,1058649827,1,4
211001,1920,3165015,405121920,23520,0.6520833373069763,128,211000,1.0852274894714355,1920,17,4,500000,1000,,211001.0,0.6755208373069763,0.5893943309783936,0.6499999761581421,0.6154657006263733,1057,1058649827,1,4
212001,1920,3180015,407041920,23520,0.6499999761581421,128,212000,1.0897107124328613,1920,17,4,500000,1000,,212001.0,0.6744791865348816,0.5893898010253906,0.6541666388511658,0.6157103180885315,1062,1058649827,1,4
213001,1920,3195015,408961920,23520,0.6541666388511658,128,213000,1.0947437286376953,1920,17,4,500000,1000,,213001.0,0.6781250238418579,0.5893937349319458,0.6499999761581421,0.6156980991363525,1067,1058649827,1,4
214001,1920,3210015,410881920,23520,0.6499999761581421,128,214000,1.0992836952209473,1920,17,4,500000,1000,,214001.0,0.6755208373069763,0.5893917083740234,0.6499999761581421,0.615512490272522,1072,1058649827,1,4
215001,1920,3225015,412801920,23520,0.6499999761581421,128,215000,1.1040525436401367,1920,17,4,500000,1000,,215001.0,0.6776041388511658,0.5893877744674683,0.6499999761581421,0.6153571009635925,1077,1058649827,1,4
216001,1920,3240015,414721920,23520,0.6499999761581421,128,216000,1.1085846424102783,1920,17,4,500000,1000,,216001.0,0.6776041388511658,0.5893853306770325,0.6499999761581421,0.6153136491775513,1082,1058649827,1,4
217001,1920,3255015,416641920,23520,0.6499999761581421,128,217000,1.1131155490875244,1920,17,4,500000,1000,,217001.0,0.6755208373069763,0.5893880128860474,0.6499999761581421,0.6156547665596008,1086,1058649827,1,4
218001,1920,3270015,418561920,23520,0.6499999761581421,128,218000,1.1177656650543213,1920,17,4,500000,1000,,218001.0,0.6734374761581421,0.5893848538398743,0.6499999761581421,0.6153987646102905,1091,1058649827,1,4
219001,1920,3285015,420481920,23520,0.6499999761581421,128,219000,1.122300624847412,1920,17,4,500000,1000,,219001.0,0.676562488079071,0.5893860459327698,0.6499999761581421,0.6154689788818359,1096,1058649827,1,4
220001,1920,3300015,422401920,23520,0.6499999761581421,128,220000,1.126875638961792,1920,17,4,500000,1000,,220001.0,0.675000011920929,0.5893822312355042,0.6541666388511658,0.6154292821884155,1101,1058649827,1,4
221001,1920,3315015,424321920,23520,0.6541666388511658,128,221000,1.1325416564941406,1920,17,4,500000,1000,,221001.0,0.6755208373069763,0.5893863439559937,0.6520833373069763,0.6157582402229309,1106,1058649827,1,4
222001,1920,3330015,426241920,23520,0.6520833373069763,128,222000,1.1370477676391602,1920,17,4,500000,1000,,222001.0,0.676562488079071,0.5893846154212952,0.6499999761581421,0.6157486438751221,1111,1058649827,1,4
223001,1920,3345015,428161920,23520,0.6499999761581421,128,223000,1.1424667835235596,1920,17,4,500000,1000,,223001.0,0.6760416626930237,0.5893831849098206,0.6499999761581421,0.6155418157577515,1115,1058649827,1,4
224001,1920,3360015,430081920,23520,0.6499999761581421,128,224000,1.1472446918487549,1920,17,4,500000,1000,,224001.0,0.6776041388511658,0.589378297328949,0.6520833373069763,0.6154963374137878,1120,1058649827,1,4
225001,1920,3375015,432001920,23520,0.6520833373069763,128,225000,1.151733636856079,1920,17,4,500000,1000,,225001.0,0.6781250238418579,0.5893756151199341,0.6479166746139526,0.6153550744056702,1125,1058649827,1,4
226001,1920,3390015,433921920,23520,0.6479166746139526,128,226000,1.1562745571136475,1920,17,4,500000,1000,,226001.0,0.6776041388511658,0.5893722176551819,0.6479166746139526,0.615493893623352,1130,1058649827,1,4
227001,1920,3405015,435841920,23520,0.6479166746139526,128,227000,1.160773515701294,1920,17,4,500000,1000,,227001.0,0.6760416626930237,0.5893731713294983,0.6479166746139526,0.6158103346824646,1135,1058649827,1,4
228001,1920,3420015,437761920,23520,0.6479166746139526,128,228000,1.165306568145752,1920,17,4,500000,1000,,228001.0,0.675000011920929,0.5893747210502625,0.6499999761581421,0.6156648993492126,1140,1058649827,1,4
229001,1920,3435015,439681920,23520,0.6499999761581421,128,229000,1.1698367595672607,1920,17,4,500000,1000,,229001.0,0.675000011920929,0.5893725156784058,0.6520833373069763,0.6157377362251282,1145,1058649827,1,4
230001,1920,3450015,441601920,23520,0.6520833373069763,128,230000,1.1743035316467285,1920,17,4,500000,1000,,230001.0,0.6776041388511658,0.5893714427947998,0.6520833373069763,0.6154590845108032,1149,1058649827,1,4
231001,1920,3465015,443521920,23520,0.6520833373069763,128,231000,1.1788225173950195,1920,17,4,500000,1000,,231001.0,0.6744791865348816,0.5893667340278625,0.6541666388511658,0.6150831580162048,1154,1058649827,1,4
232001,1920,3480015,445441920,23520,0.6541666388511658,128,232000,1.1832804679870605,1920,17,4,500000,1000,,232001.0,0.6781250238418579,0.5893645882606506,0.6520833373069763,0.6153581738471985,1159,1058649827,1,4
233001,1920,3495015,447361920,23520,0.6520833373069763,128,233000,1.1878254413604736,1920,17,4,500000,1000,,233001.0,0.6760416626930237,0.5893654227256775,0.6499999761581421,0.6153523921966553,1164,1058649827,1,4
234001,1920,3510015,449281920,23520,0.6499999761581421,128,234000,1.1922881603240967,1920,17,4,500000,1000,,234001.0,0.6760416626930237,0.5893650650978088,0.6520833373069763,0.6152112483978271,1168,1058649827,1,4
235001,1920,3525015,451201920,23520,0.6520833373069763,128,235000,1.1967849731445312,1920,17,4,500000,1000,,235001.0,0.6776041388511658,0.5893644094467163,0.6499999761581421,0.6150261163711548,1173,1058649827,1,4
236001,1920,3540015,453121920,23520,0.6499999761581421,128,236000,1.2014660835266113,1920,17,4,500000,1000,,236001.0,0.6776041388511658,0.5893608331680298,0.6499999761581421,0.6153762340545654,1178,1058649827,1,4
237001,1920,3555015,455041920,23520,0.6499999761581421,128,237000,1.2061140537261963,1920,17,4,500000,1000,,237001.0,0.6776041388511658,0.5893592238426208,0.6499999761581421,0.6155282258987427,1183,1058649827,1,4
238001,1920,3570015,456961920,23520,0.6499999761581421,128,238000,1.2107839584350586,1920,17,4,500000,1000,,238001.0,0.6770833134651184,0.5893576145172119,0.6499999761581421,0.6155425906181335,1188,1058649827,1,4
239001,1920,3585015,458881920,23520,0.6499999761581421,128,239000,1.2152748107910156,1920,17,4,500000,1000,,239001.0,0.6776041388511658,0.5893556475639343,0.6499999761581421,0.6154584288597107,1193,1058649827,1,4
240001,1920,3600015,460801920,23520,0.6499999761581421,128,240000,1.2197835445404053,1920,17,4,500000,1000,,240001.0,0.6786458492279053,0.5893545746803284,0.6499999761581421,0.6154383420944214,1197,1058649827,1,4
241001,1920,3615015,462721920,23520,0.6499999761581421,128,241000,1.2242655754089355,1920,17,4,500000,1000,,241001.0,0.6770833134651184,0.5893545150756836,0.6499999761581421,0.6154539585113525,1202,1058649827,1,4
242001,1920,3630015,464641920,23520,0.6499999761581421,128,242000,1.2287938594818115,1920,17,4,500000,1000,,242001.0,0.6776041388511658,0.58935546875,0.6499999761581421,0.6155166625976562,1207,1058649827,1,4
243001,1920,3645015,466561920,23520,0.6499999761581421,128,243000,1.2333316802978516,1920,17,4,500000,1000,,243001.0,0.6770833134651184,0.589352548122406,0.6479166746139526,0.6153624653816223,1211,1058649827,1,4
244001,1920,3660015,468481920,23520,0.6479166746139526,128,244000,1.2378807067871094,1920,17,4,500000,1000,,244001.0,0.6770833134651184,0.5893533825874329,0.6499999761581421,0.615365743637085,1216,1058649827,1,4
245001,1920,3675015,470401920,23520,0.6499999761581421,128,245000,1.2424006462097168,1920,17,4,500000,1000,,245001.0,0.6781250238418579,0.5893489122390747,0.6499999761581421,0.6155910491943359,1221,1058649827,1,4
246001,1920,3690015,472321920,23520,0.6499999761581421,128,246000,1.2469005584716797,1920,17,4,500000,1000,,246001.0,0.6781250238418579,0.5893493294715881,0.6499999761581421,0.6153775453567505,1226,1058649827,1,4
247001,1920,3705015,474241920,23520,0.6499999761581421,128,247000,1.2514386177062988,1920,17,4,500000,1000,,247001.0,0.676562488079071,0.589348554611206,0.65625,0.6157626509666443,1230,1058649827,1,4
248001,1920,3720015,476161920,23520,0.65625,128,248000,1.2559664249420166,1920,17,4,500000,1000,,248001.0,0.6770833134651184,0.5893464684486389,0.6499999761581421,0.615388035774231,1235,1058649827,1,4
249001,1920,3735015,478081920,23520,0.6499999761581421,128,249000,1.2604615688323975,1920,17,4,500000,1000,,249001.0,0.6770833134651184,0.5893465280532837,0.6499999761581421,0.6151241064071655,1240,1058649827,1,4
250001,1920,3750015,480001920,23520,0.6499999761581421,128,250000,1.2649717330932617,1920,17,4,500000,1000,,250001.0,0.6791666746139526,0.5893459320068359,0.6520833373069763,0.6151158213615417,1245,1058649827,1,4
251001,1920,3765015,481921920,23520,0.6520833373069763,128,251000,1.2695038318634033,1920,17,4,500000,1000,,251001.0,0.6781250238418579,0.5893475413322449,0.6499999761581421,0.6151250600814819,1249,1058649827,1,4
252001,1920,3780015,483841920,23520,0.6499999761581421,128,252000,1.2744617462158203,1920,17,4,500000,1000,,252001.0,0.6786458492279053,0.589342474937439,0.6499999761581421,0.6154046654701233,1254,1058649827,1,4
253001,1920,3795015,485761920,23520,0.6499999761581421,128,253000,1.2790179252624512,1920,17,4,500000,1000,,253001.0,0.6770833134651184,0.5893408060073853,0.6499999761581421,0.6155480742454529,1259,1058649827,1,4
254001,1920,3810015,487681920,23520,0.6499999761581421,128,254000,1.283506155014038,1920,17,4,500000,1000,,254001.0,0.6770833134651184,0.5893419981002808,0.6479166746139526,0.6159718632698059,1263,1058649827,1,4
255001,1920,3825015,489601920,23520,0.6479166746139526,128,255000,1.288041114807129,1920,17,4,500000,1000,,255001.0,0.6776041388511658,0.5893415808677673,0.6479166746139526,0.6161701679229736,1268,1058649827,1,4
256001,1920,3840015,491521920,23520,0.6479166746139526,128,256000,1.2925641536712646,1920,17,4,500000,1000,,256001.0,0.6776041388511658,0.5893394947052002,0.6499999761581421,0.6156132817268372,1273,1058649827,1,4
257001,1920,3855015,493441920,23520,0.6499999761581421,128,257000,1.2970752716064453,1920,17,4,500000,1000,,257001.0,0.6770833134651184,0.5893378853797913,0.6499999761581421,0.6153923273086548,1277,1058649827,1,4
258001,1920,3870015,495361920,23520,0.6499999761581421,128,258000,1.3016071319580078,1920,17,4,500000,1000,,258001.0,0.6781250238418579,0.5893386006355286,0.6499999761581421,0.6156378984451294,1282,1058649827,1,4
259001,1920,3885015,497281920,23520,0.6499999761581421,128,259000,1.3060741424560547,1920,17,4,500000,1000,,259001.0,0.6755208373069763,0.5893356204032898,0.6499999761581421,0.6154964566230774,1287,1058649827,1,4
260001,1920,3900015,499201920,23520,0.6499999761581421,128,260000,1.3105971813201904,1920,17,4,500000,1000,,260001.0,0.675000011920929,0.5893332958221436,0.6520833373069763,0.6152672171592712,1291,1058649827,1,4
261001,1920,3915015,501121920,23520,0.6520833373069763,128,261000,1.315089225769043,1920,17,4,500000,1000,,261001.0,0.675000011920929,0.589337170124054,0.6499999761581421,0.6156211495399475,1296,1058649827,1,4
262001,1920,3930015,503041920,23520,0.6499999761581421,128,262000,1.319563388824463,1920,17,4,500000,1000,,262001.0,0.676562488079071,0.5893321633338928,0.6499999761581421,0.6153404712677002,1301,1058649827,1,4
263001,1920,3945015,504961920,23520,0.6499999761581421,128,263000,1.3240842819213867,1920,17,4,500000,1000,,263001.0,0.675000011920929,0.5893314480781555,0.6541666388511658,0.6152664422988892,1306,1058649827,1,4
264001,1920,3960015,506881920,23520,0.6541666388511658,128,264000,1.328620433807373,1920,17,4,500000,1000,,264001.0,0.676562488079071,0.5893281102180481,0.6499999761581421,0.6152105927467346,1310,1058649827,1,4
265001,1920,3975015,508801920,23520,0.6499999761581421,128,265000,1.3331067562103271,1920,17,4,500000,1000,,265001.0,0.6755208373069763,0.5893273949623108,0.6520833373069763,0.6149997115135193,1315,1058649827,1,4
266001,1920,3990015,510721920,23520,0.6520833373069763,128,266000,1.3376457691192627,1920,17,4,500000,1000,,266001.0,0.6760416626930237,0.5893297791481018,0.6520833373069763,0.6151490807533264,1320,1058649827,1,4
267001,1920,4005015,512641920,23520,0.6520833373069763,128,267000,1.342170000076294,1920,17,4,500000,1000,,267001.0,0.6755208373069763,0.5893319249153137,0.6520833373069763,0.6150621175765991,1324,1058649827,1,4
268001,1920,4020015,514561920,23520,0.6520833373069763,128,268000,1.3467018604278564,1920,17,4,500000,1000,,268001.0,0.6760416626930237,0.5893301367759705,0.6520833373069763,0.6149734258651733,1329,1058649827,1,4
269001,1920,4035015,516481920,23520,0.6520833373069763,128,269000,1.3511826992034912,1920,17,4,500000,1000,,269001.0,0.6776041388511658,0.5893253684043884,0.6499999761581421,0.6150375604629517,1334,1058649827,1,4
270001,1920,4050015,518401920,23520,0.6499999761581421,128,270000,1.3556838035583496,1920,17,4,500000,1000,,270001.0,0.6760416626930237,0.589324951171875,0.6520833373069763,0.6150429844856262,1338,1058649827,1,4
271001,1920,4065015,520321920,23520,0.6520833373069763,128,271000,1.360212802886963,1920,17,4,500000,1000,,271001.0,0.676562488079071,0.5893227458000183,0.6499999761581421,0.6154083013534546,1343,1058649827,1,4
272001,1920,4080015,522241920,23520,0.6499999761581421,128,272000,1.3647468090057373,1920,17,4,500000,1000,,272001.0,0.6770833134651184,0.5893221497535706,0.6499999761581421,0.6157903671264648,1348,1058649827,1,4
273001,1920,4095015,524161920,23520,0.6499999761581421,128,273000,1.3692808151245117,1920,17,4,500000,1000,,273001.0,0.6770833134651184,0.5893203020095825,0.6479166746139526,0.6158082485198975,1352,1058649827,1,4
274001,1920,4110015,526081920,23520,0.6479166746139526,128,274000,1.3738059997558594,1920,17,4,500000,1000,,274001.0,0.6786458492279053,0.5893192291259766,0.6479166746139526,0.6156924962997437,1357,1058649827,1,4
275001,1920,4125015,528001920,23520,0.6479166746139526,128,275000,1.3783130645751953,1920,17,4,500000,1000,,275001.0,0.6770833134651184,0.5893169045448303,0.6499999761581421,0.6154525279998779,1362,1058649827,1,4
276001,1920,4140015,529921920,23520,0.6499999761581421,128,276000,1.3827588558197021,1920,17,4,500000,1000,,276001.0,0.6770833134651184,0.5893142223358154,0.6499999761581421,0.6156888604164124,1366,1058649827,1,4
277001,1920,4155015,531841920,23520,0.6499999761581421,128,277000,1.387289047241211,1920,17,4,500000,1000,,277001.0,0.6786458492279053,0.5893167853355408,0.6479166746139526,0.6159486174583435,1371,1058649827,1,4
278001,1920,4170015,533761920,23520,0.6479166746139526,128,278000,1.3918092250823975,1920,17,4,500000,1000,,278001.0,0.6776041388511658,0.58931964635849,0.6499999761581421,0.6156902313232422,1376,1058649827,1,4
279001,1920,4185015,535681920,23520,0.6499999761581421,128,279000,1.3963322639465332,1920,17,4,500000,1000,,279001.0,0.6770833134651184,0.5893150568008423,0.6479166746139526,0.6155611872673035,1381,1058649827,1,4
280001,1920,4200015,537601920,23520,0.6479166746139526,128,280000,1.4008121490478516,1920,17,4,500000,1000,,280001.0,0.6781250238418579,0.5893163681030273,0.6479166746139526,0.6153068542480469,1385,1058649827,1,4
281001,1920,4215015,539521920,23520,0.6479166746139526,128,281000,1.4053382873535156,1920,17,4,500000,1000,,281001.0,0.6776041388511658,0.5893170237541199,0.6499999761581421,0.6157671213150024,1390,1058649827,1,4
282001,1920,4230015,541441920,23520,0.6499999761581421,128,282000,1.4099023342132568,1920,17,4,500000,1000,,282001.0,0.676562488079071,0.5893183350563049,0.6499999761581421,0.6152923703193665,1395,1058649827,1,4
283001,1920,4245015,543361920,23520,0.6499999761581421,128,283000,1.4144201278686523,1920,17,4,500000,1000,,283001.0,0.6770833134651184,0.5893155336380005,0.6499999761581421,0.6151100397109985,1399,1058649827,1,4
284001,1920,4260015,545281920,23520,0.6499999761581421,128,284000,1.4189281463623047,1920,17,4,500000,1000,,284001.0,0.6760416626930237,0.5893134474754333,0.6499999761581421,0.6152135133743286,1404,1058649827,1,4
285001,1920,4275015,547201920,23520,0.6499999761581421,128,285000,1.4234263896942139,1920,17,4,500000,1000,,285001.0,0.6760416626930237,0.5893061757087708,0.6499999761581421,0.6152851581573486,1408,1058649827,1,4
286001,1920,4290015,549121920,23520,0.6499999761581421,128,286000,1.4279472827911377,1920,17,4,500000,1000,,286001.0,0.6776041388511658,0.58930903673172,0.6479166746139526,0.6155526638031006,1413,1058649827,1,4
287001,1920,4305015,551041920,23520,0.6479166746139526,128,287000,1.432469367980957,1920,17,4,500000,1000,,287001.0,0.6760416626930237,0.5893059372901917,0.6479166746139526,0.6155450344085693,1418,1058649827,1,4
288001,1920,4320015,552961920,23520,0.6479166746139526,128,288000,1.4369432926177979,1920,17,4,500000,1000,,288001.0,0.676562488079071,0.5893043279647827,0.6520833373069763,0.6155248284339905,1423,1058649827,1,4
289001,1920,4335015,554881920,23520,0.6520833373069763,128,289000,1.4414663314819336,1920,17,4,500000,1000,,289001.0,0.676562488079071,0.5893046855926514,0.6520833373069763,0.6154385209083557,1427,1058649827,1,4
290001,1920,4350015,556801920,23520,0.6520833373069763,128,290000,1.4459502696990967,1920,17,4,500000,1000,,290001.0,0.676562488079071,0.5893034338951111,0.6479166746139526,0.6156097054481506,1432,1058649827,1,4
291001,1920,4365015,558721920,23520,0.6479166746139526,128,291000,1.4504661560058594,1920,17,4,500000,1000,,291001.0,0.6739583611488342,0.5893049240112305,0.6520833373069763,0.6153662204742432,1437,1058649827,1,4
292001,1920,4380015,560641920,23520,0.6520833373069763,128,292000,1.4549798965454102,1920,17,4,500000,1000,,292001.0,0.6760416626930237,0.589303195476532,0.6499999761581421,0.6156958937644958,1441,1058649827,1,4
293001,1920,4395015,562561920,23520,0.6499999761581421,128,293000,1.4602069854736328,1920,17,4,500000,1000,,293001.0,0.6755208373069763,0.5893003940582275,0.6479166746139526,0.6158303618431091,1446,1058649827,1,4
294001,1920,4410015,564481920,23520,0.6479166746139526,128,294000,1.464745044708252,1920,17,4,500000,1000,,294001.0,0.676562488079071,0.5893032550811768,0.6479166746139526,0.6159570217132568,1451,1058649827,1,4
295001,1920,4425015,566401920,23520,0.6479166746139526,128,295000,1.4692482948303223,1920,17,4,500000,1000,,295001.0,0.6781250238418579,0.5892987847328186,0.6479166746139526,0.6159133911132812,1455,1058649827,1,4
296001,1920,4440015,568321920,23520,0.6479166746139526,128,296000,1.4737753868103027,1920,17,4,500000,1000,,296001.0,0.6776041388511658,0.5892989635467529,0.6541666388511658,0.615911066532135,1460,1058649827,1,4
297001,1920,4455015,570241920,23520,0.6541666388511658,128,297000,1.4783084392547607,1920,17,4,500000,1000,,297001.0,0.676562488079071,0.5892990231513977,0.6499999761581421,0.6159886121749878,1465,1058649827,1,4
298001,1920,4470015,572161920,23520,0.6499999761581421,128,298000,1.4828402996063232,1920,17,4,500000,1000,,298001.0,0.6786458492279053,0.5892994403839111,0.6499999761581421,0.6157974600791931,1469,1058649827,1,4
299001,1920,4485015,574081920,23520,0.6499999761581421,128,299000,1.4874622821807861,1920,17,4,500000,1000,,299001.0,0.6760416626930237,0.5892966389656067,0.6479166746139526,0.6157369017601013,1474,1058649827,1,4
300001,1920,4500015,576001920,23520,0.6479166746139526,128,300000,1.4919922351837158,1920,17,4,500000,1000,,300001.0,0.676562488079071,0.5892937183380127,0.6520833373069763,0.6155589818954468,1479,1058649827,1,4
301001,1920,4515015,577921920,23520,0.6520833373069763,128,301000,1.4964580535888672,1920,17,4,500000,1000,,301001.0,0.676562488079071,0.5892955660820007,0.6499999761581421,0.6153807044029236,1484,1058649827,1,4
302001,1920,4530015,579841920,23520,0.6499999761581421,128,302000,1.5009880065917969,1920,17,4,500000,1000,,302001.0,0.676562488079071,0.5892921090126038,0.6520833373069763,0.615569531917572,1488,1058649827,1,4
303001,1920,4545015,581761920,23520,0.6520833373069763,128,303000,1.5055038928985596,1920,17,4,500000,1000,,303001.0,0.6776041388511658,0.5892936587333679,0.6499999761581421,0.615420937538147,1493,1058649827,1,4
304001,1920,4560015,583681920,23520,0.6499999761581421,128,304000,1.5100507736206055,1920,17,4,500000,1000,,304001.0,0.675000011920929,0.5892911553382874,0.6520833373069763,0.6156021952629089,1498,1058649827,1,4
305001,1920,4575015,585601920,23520,0.6520833373069763,128,305000,1.5147159099578857,1920,17,4,500000,1000,,305001.0,0.6744791865348816,0.5892941355705261,0.6479166746139526,0.615592896938324,1502,1058649827,1,4
306001,1920,4590015,587521920,23520,0.6479166746139526,128,306000,1.5193636417388916,1920,17,4,500000,1000,,306001.0,0.676562488079071,0.5892931222915649,0.6499999761581421,0.6157824397087097,1507,1058649827,1,4
307001,1920,4605015,589441920,23520,0.6499999761581421,128,307000,1.5239994525909424,1920,17,4,500000,1000,,307001.0,0.6760416626930237,0.5892911553382874,0.6479166746139526,0.6156794428825378,1512,1058649827,1,4
308001,1920,4620015,591361920,23520,0.6479166746139526,128,308000,1.528517723083496,1920,17,4,500000,1000,,308001.0,0.6744791865348816,0.5892884731292725,0.6520833373069763,0.6156346201896667,1517,1058649827,1,4
309001,1920,4635015,593281920,23520,0.6520833373069763,128,309000,1.5330407619476318,1920,17,4,500000,1000,,309001.0,0.6760416626930237,0.5892869830131531,0.6499999761581421,0.6159550547599792,1521,1058649827,1,4
310001,1920,4650015,595201920,23520,0.6499999761581421,128,310000,1.5375065803527832,1920,17,4,500000,1000,,310001.0,0.6760416626930237,0.5892878770828247,0.6520833373069763,0.6156195402145386,1526,1058649827,1,4
311001,1920,4665015,597121920,23520,0.6520833373069763,128,311000,1.5420246124267578,1920,17,4,500000,1000,,311001.0,0.6770833134651184,0.5892882943153381,0.6499999761581421,0.6153758764266968,1531,1058649827,1,4
312001,1920,4680015,599041920,23520,0.6499999761581421,128,312000,1.546541452407837,1920,17,4,500000,1000,,312001.0,0.6770833134651184,0.5892868638038635,0.6499999761581421,0.6154521703720093,1535,1058649827,1,4
313001,1920,4695015,600961920,23520,0.6499999761581421,128,313000,1.551065444946289,1920,17,4,500000,1000,,313001.0,0.6770833134651184,0.5892859697341919,0.6499999761581421,0.615237295627594,1540,1058649827,1,4
314001,1920,4710015,602881920,23520,0.6499999761581421,128,314000,1.5559594631195068,1920,17,4,500000,1000,,314001.0,0.6770833134651184,0.5892817378044128,0.6520833373069763,0.6154611110687256,1545,1058649827,1,4
315001,1920,4725015,604801920,23520,0.6520833373069763,128,315000,1.560490369796753,1920,17,4,500000,1000,,315001.0,0.6760416626930237,0.5892832279205322,0.6520833373069763,0.6152914762496948,1549,1058649827,1,4
316001,1920,4740015,606721920,23520,0.6520833373069763,128,316000,1.5650122165679932,1920,17,4,500000,1000,,316001.0,0.6770833134651184,0.5892832279205322,0.6541666388511658,0.615402102470398,1554,1058649827,1,4
317001,1920,4755015,608641920,23520,0.6541666388511658,128,317000,1.5695641040802002,1920,17,4,500000,1000,,317001.0,0.6791666746139526,0.5892804861068726,0.6499999761581421,0.6152791380882263,1559,1058649827,1,4
318001,1920,4770015,610561920,23520,0.6499999761581421,128,318000,1.5740909576416016,1920,17,4,500000,1000,,318001.0,0.6776041388511658,0.5892808437347412,0.6499999761581421,0.6152418851852417,1564,1058649827,1,4
319001,1920,4785015,612481920,23520,0.6499999761581421,128,319000,1.5786240100860596,1920,17,4,500000,1000,,319001.0,0.6755208373069763,0.5892782211303711,0.6520833373069763,0.6152507662773132,1568,1058649827,1,4
320001,1920,4800015,614401920,23520,0.6520833373069763,128,320000,1.5835540294647217,1920,17,4,500000,1000,,320001.0,0.6755208373069763,0.5892788171768188,0.6520833373069763,0.6152144074440002,1573,1058649827,1,4
321001,1920,4815015,616321920,23520,0.6520833373069763,128,321000,1.58805513381958,1920,17,4,500000,1000,,321001.0,0.6739583611488342,0.5892780423164368,0.6520833373069763,0.6152651906013489,1578,1058649827,1,4
322001,1920,4830015,618241920,23520,0.6520833373069763,128,322000,1.5925829410552979,1920,17,4,500000,1000,,322001.0,0.6755208373069763,0.5892788171768188,0.6541666388511658,0.6154019236564636,1582,1058649827,1,4
323001,1920,4845015,620161920,23520,0.6541666388511658,128,323000,1.5971550941467285,1920,17,4,500000,1000,,323001.0,0.6760416626930237,0.5892779231071472,0.6541666388511658,0.6154937744140625,1587,1058649827,1,4
324001,1920,4860015,622081920,23520,0.6541666388511658,128,324000,1.6016950607299805,1920,17,4,500000,1000,,324001.0,0.675000011920929,0.5892763733863831,0.6520833373069763,0.6154776215553284,1592,1058649827,1,4
325001,1920,4875015,624001920,23520,0.6520833373069763,128,325000,1.6061599254608154,1920,17,4,500000,1000,,325001.0,0.6744791865348816,0.5892783403396606,0.6541666388511658,0.61568284034729,1596,1058649827,1,4
326001,1920,4890015,625921920,23520,0.6541666388511658,128,326000,1.6106507778167725,1920,17,4,500000,1000,,326001.0,0.6734374761581421,0.5892778635025024,0.6541666388511658,0.6155691146850586,1601,1058649827,1,4
327001,1920,4905015,627841920,23520,0.6541666388511658,128,327000,1.6151716709136963,1920,17,4,500000,1000,,327001.0,0.675000011920929,0.5892772674560547,0.6541666388511658,0.6153112649917603,1606,1058649827,1,4
328001,1920,4920015,629761920,23520,0.6541666388511658,128,328000,1.6196608543395996,1920,17,4,500000,1000,,328001.0,0.6760416626930237,0.5892770290374756,0.6520833373069763,0.6152313351631165,1611,1058649827,1,4
329001,1920,4935015,631681920,23520,0.6520833373069763,128,329000,1.6253619194030762,1920,17,4,500000,1000,,329001.0,0.6755208373069763,0.58927321434021,0.6499999761581421,0.6150937676429749,1615,1058649827,1,4
330001,1920,4950015,633601920,23520,0.6499999761581421,128,330000,1.62984299659729,1920,17,4,500000,1000,,330001.0,0.675000011920929,0.5892724990844727,0.6520833373069763,0.6152080297470093,1620,1058649827,1,4
331001,1920,4965015,635521920,23520,0.6520833373069763,128,331000,1.6347730159759521,1920,17,4,500000,1000,,331001.0,0.675000011920929,0.5892727375030518,0.6520833373069763,0.6153543591499329,1625,1058649827,1,4
332001,1920,4980015,637441920,23520,0.6520833373069763,128,332000,1.639258861541748,1920,17,4,500000,1000,,332001.0,0.6739583611488342,0.5892701745033264,0.6499999761581421,0.6153265237808228,1629,1058649827,1,4
333001,1920,4995015,639361920,23520,0.6499999761581421,128,333000,1.643772840499878,1920,17,4,500000,1000,,333001.0,0.675000011920929,0.5892704129219055,0.6499999761581421,0.6153174042701721,1634,1058649827,1,4
334001,1920,5010015,641281920,23520,0.6499999761581421,128,334000,1.6482455730438232,1920,17,4,500000,1000,,334001.0,0.6755208373069763,0.5892693400382996,0.6499999761581421,0.6155884861946106,1639,1058649827,1,4
335001,1920,5025015,643201920,23520,0.6499999761581421,128,335000,1.6528193950653076,1920,17,4,500000,1000,,335001.0,0.6755208373069763,0.5892678499221802,0.6499999761581421,0.6158236861228943,1643,1058649827,1,4
336001,1920,5040015,645121920,23520,0.6499999761581421,128,336000,1.6573584079742432,1920,17,4,500000,1000,,336001.0,0.6755208373069763,0.5892667174339294,0.6520833373069763,0.6154622435569763,1648,1058649827,1,4
337001,1920,5055015,647041920,23520,0.6520833373069763,128,337000,1.6618735790252686,1920,17,4,500000,1000,,337001.0,0.6781250238418579,0.5892686247825623,0.6479166746139526,0.6154810786247253,1653,1058649827,1,4
338001,1920,5070015,648961920,23520,0.6479166746139526,128,338000,1.6664133071899414,1920,17,4,500000,1000,,338001.0,0.675000011920929,0.5892636775970459,0.6520833373069763,0.6152061223983765,1657,1058649827,1,4
339001,1920,5085015,650881920,23520,0.6520833373069763,128,339000,1.670959234237671,1920,17,4,500000,1000,,339001.0,0.676562488079071,0.5892650485038757,0.6583333611488342,0.6151658296585083,1662,1058649827,1,4
340001,1920,5100015,652801920,23520,0.6583333611488342,128,340000,1.6776123046875,1920,17,4,500000,1000,,340001.0,0.675000011920929,0.5892630219459534,0.6520833373069763,0.6152304410934448,1667,1058649827,1,4
341001,1920,5115015,654721920,23520,0.6520833373069763,128,341000,1.6821024417877197,1920,17,4,500000,1000,,341001.0,0.6776041388511658,0.5892626047134399,0.6520833373069763,0.6152297258377075,1672,1058649827,1,4
342001,1920,5130015,656641920,23520,0.6520833373069763,128,342000,1.6865763664245605,1920,17,4,500000,1000,,342001.0,0.6760416626930237,0.5892606973648071,0.6520833373069763,0.6151840090751648,1676,1058649827,1,4
343001,1920,5145015,658561920,23520,0.6520833373069763,128,343000,1.691117286682129,1920,17,4,500000,1000,,343001.0,0.6755208373069763,0.5892598032951355,0.6520833373069763,0.6152127385139465,1681,1058649827,1,4
344001,1920,5160015,660481920,23520,0.6520833373069763,128,344000,1.695641279220581,1920,17,4,500000,1000,,344001.0,0.676562488079071,0.5892612934112549,0.6499999761581421,0.615395188331604,1686,1058649827,1,4
345001,1920,5175015,662401920,23520,0.6499999761581421,128,345000,1.7001564502716064,1920,17,4,500000,1000,,345001.0,0.6776041388511658,0.5892623066902161,0.6541666388511658,0.6155347228050232,1691,1058649827,1,4
346001,1920,5190015,664321920,23520,0.6541666388511658,128,346000,1.704695224761963,1920,17,4,500000,1000,,346001.0,0.6734374761581421,0.5892619490623474,0.6541666388511658,0.6156859993934631,1695,1058649827,1,4
347001,1920,5205015,666241920,23520,0.6541666388511658,128,347000,1.7123150825500488,1920,17,4,500000,1000,,347001.0,0.6760416626930237,0.5892603993415833,0.6499999761581421,0.6156564950942993,1700,1058649827,1,4
348001,1920,5220015,668161920,23520,0.6499999761581421,128,348000,1.716864824295044,1920,17,4,500000,1000,,348001.0,0.6739583611488342,0.5892584323883057,0.6499999761581421,0.6156266927719116,1705,1058649827,1,4
349001,1920,5235015,670081920,23520,0.6499999761581421,128,349000,1.7213788032531738,1920,17,4,500000,1000,,349001.0,0.676562488079071,0.5892560482025146,0.6499999761581421,0.6154410243034363,1709,1058649827,1,4
350001,1920,5250015,672001920,23520,0.6499999761581421,128,350000,1.7258808612823486,1920,17,4,500000,1000,,350001.0,0.6770833134651184,0.5892583727836609,0.6520833373069763,0.615739643573761,1714,1058649827,1,4
351001,1920,5265015,673921920,23520,0.6520833373069763,128,351000,1.730419635772705,1920,17,4,500000,1000,,351001.0,0.6770833134651184,0.5892583131790161,0.6499999761581421,0.6156255602836609,1719,1058649827,1,4
352001,1920,5280015,675841920,23520,0.6499999761581421,128,352000,1.7349135875701904,1920,17,4,500000,1000,,352001.0,0.6776041388511658,0.5892579555511475,0.6520833373069763,0.6156647205352783,1723,1058649827,1,4
353001,1920,5295015,677761920,23520,0.6520833373069763,128,353000,1.7395765781402588,1920,17,4,500000,1000,,353001.0,0.6781250238418579,0.589259147644043,0.6499999761581421,0.6158019304275513,1728,1058649827,1,4
354001,1920,5310015,679681920,23520,0.6499999761581421,128,354000,1.7440776824951172,1920,17,4,500000,1000,,354001.0,0.6744791865348816,0.5892572999000549,0.6520833373069763,0.6153849959373474,1733,1058649827,1,4
355001,1920,5325015,681601920,23520,0.6520833373069763,128,355000,1.748600721359253,1920,17,4,500000,1000,,355001.0,0.6770833134651184,0.5892523527145386,0.6499999761581421,0.6157450079917908,1738,1058649827,1,4
356001,1920,5340015,683521920,23520,0.6499999761581421,128,356000,1.753279685974121,1920,17,4,500000,1000,,356001.0,0.6760416626930237,0.5892555713653564,0.6499999761581421,0.6154213547706604,1743,1058649827,1,4
357001,1920,5355015,685441920,23520,0.6499999761581421,128,357000,1.757828950881958,1920,17,4,500000,1000,,357001.0,0.6781250238418579,0.5892504453659058,0.6499999761581421,0.6156497597694397,1748,1058649827,1,4
358001,1920,5370015,687361920,23520,0.6499999761581421,128,358000,1.7624239921569824,1920,17,4,500000,1000,,358001.0,0.6770833134651184,0.5892497897148132,0.6499999761581421,0.6156964898109436,1753,1058649827,1,4
359001,1920,5385015,689281920,23520,0.6499999761581421,128,359000,1.7669050693511963,1920,17,4,500000,1000,,359001.0,0.6755208373069763,0.5892518758773804,0.6499999761581421,0.6157516241073608,1758,1058649827,1,4
360001,1920,5400015,691201920,23520,0.6499999761581421,128,360000,1.7713901996612549,1920,17,4,500000,1000,,360001.0,0.676562488079071,0.5892517566680908,0.6499999761581421,0.6157198548316956,1763,1058649827,1,4
361001,1920,5415015,693121920,23520,0.6499999761581421,128,361000,1.775930404663086,1920,17,4,500000,1000,,361001.0,0.6755208373069763,0.5892508029937744,0.6499999761581421,0.6156920790672302,1767,1058649827,1,4
362001,1920,5430015,695041920,23520,0.6499999761581421,128,362000,1.780428171157837,1920,17,4,500000,1000,,362001.0,0.6770833134651184,0.5892488360404968,0.6479166746139526,0.6157017946243286,1772,1058649827,1,4
363001,1920,5445015,696961920,23520,0.6479166746139526,128,363000,1.784928321838379,1920,17,4,500000,1000,,363001.0,0.6770833134651184,0.5892481207847595,0.6499999761581421,0.6159678101539612,1777,1058649827,1,4
364001,1920,5460015,698881920,23520,0.6499999761581421,128,364000,1.7894322872161865,1920,17,4,500000,1000,,364001.0,0.6760416626930237,0.589248538017273,0.6499999761581421,0.6155733466148376,1781,1058649827,1,4
365001,1920,5475015,700801920,23520,0.6499999761581421,128,365000,1.793917179107666,1920,17,4,500000,1000,,365001.0,0.6760416626930237,0.5892500281333923,0.6520833373069763,0.6152515411376953,1786,1058649827,1,4
366001,1920,5490015,702721920,23520,0.6520833373069763,128,366000,1.7984721660614014,1920,17,4,500000,1000,,366001.0,0.6760416626930237,0.5892502069473267,0.6479166746139526,0.6155427098274231,1791,1058649827,1,4
367001,1920,5505015,704641920,23520,0.6479166746139526,128,367000,1.8034782409667969,1920,17,4,500000,1000,,367001.0,0.676562488079071,0.5892497897148132,0.6499999761581421,0.6154492497444153,1795,1058649827,1,4
368001,1920,5520015,706561920,23520,0.6499999761581421,128,368000,1.8079733848571777,1920,17,4,500000,1000,,368001.0,0.6760416626930237,0.589244544506073,0.6499999761581421,0.6154520511627197,1800,1058649827,1,4
369001,1920,5535015,708481920,23520,0.6499999761581421,128,369000,1.8124675750732422,1920,17,4,500000,1000,,369001.0,0.676562488079071,0.5892438292503357,0.6520833373069763,0.6155045032501221,1805,1058649827,1,4
370001,1920,5550015,710401920,23520,0.6520833373069763,128,370000,1.817028522491455,1920,17,4,500000,1000,,370001.0,0.6776041388511658,0.5892447829246521,0.6499999761581421,0.6156574487686157,1810,1058649827,1,4
371001,1920,5565015,712321920,23520,0.6499999761581421,128,371000,1.8215725421905518,1920,17,4,500000,1000,,371001.0,0.6776041388511658,0.5892465114593506,0.6499999761581421,0.6157792210578918,1814,1058649827,1,4
372001,1920,5580015,714241920,23520,0.6499999761581421,128,372000,1.8262145519256592,1920,17,4,500000,1000,,372001.0,0.6776041388511658,0.5892468094825745,0.6499999761581421,0.6157283782958984,1819,1058649827,1,4
373001,1920,5595015,716161920,23520,0.6499999761581421,128,373000,1.8309485912322998,1920,17,4,500000,1000,,373001.0,0.6781250238418579,0.5892468690872192,0.6499999761581421,0.6156010031700134,1824,1058649827,1,4
374001,1920,5610015,718081920,23520,0.6499999761581421,128,374000,1.8354105949401855,1920,17,4,500000,1000,,374001.0,0.6776041388511658,0.5892478227615356,0.6499999761581421,0.6155511736869812,1829,1058649827,1,4
375001,1920,5625015,720001920,23520,0.6499999761581421,128,375000,1.8399405479431152,1920,17,4,500000,1000,,375001.0,0.6776041388511658,0.5892467498779297,0.6499999761581421,0.6153849363327026,1833,1058649827,1,4
376001,1920,5640015,721921920,23520,0.6499999761581421,128,376000,1.8446133136749268,1920,17,4,500000,1000,,376001.0,0.6776041388511658,0.5892415642738342,0.6499999761581421,0.6156033873558044,1838,1058649827,1,4
377001,1920,5655015,723841920,23520,0.6499999761581421,128,377000,1.8490853309631348,1920,17,4,500000,1000,,377001.0,0.6770833134651184,0.5892413854598999,0.6499999761581421,0.6152485013008118,1843,1058649827,1,4
378001,1920,5670015,725761920,23520,0.6499999761581421,128,378000,1.8535614013671875,1920,17,4,500000,1000,,378001.0,0.6760416626930237,0.589241623878479,0.6520833373069763,0.6155217885971069,1848,1058649827,1,4
379001,1920,5685015,727681920,23520,0.6520833373069763,128,379000,1.8580591678619385,1920,17,4,500000,1000,,379001.0,0.6781250238418579,0.5892380475997925,0.6499999761581421,0.6153743863105774,1852,1058649827,1,4
380001,1920,5700015,729601920,23520,0.6499999761581421,128,380000,1.8625390529632568,1920,17,4,500000,1000,,380001.0,0.6770833134651184,0.5892400145530701,0.6499999761581421,0.6156054139137268,1857,1058649827,1,4
381001,1920,5715015,731521920,23520,0.6499999761581421,128,381000,1.8670670986175537,1920,17,4,500000,1000,,381001.0,0.6776041388511658,0.5892385244369507,0.6499999761581421,0.6154900193214417,1862,1058649827,1,4
382001,1920,5730015,733441920,23520,0.6499999761581421,128,382000,1.8715829849243164,1920,17,4,500000,1000,,382001.0,0.6776041388511658,0.5892382264137268,0.6499999761581421,0.6151198744773865,1866,1058649827,1,4
383001,1920,5745015,735361920,23520,0.6499999761581421,128,383000,1.8760888576507568,1920,17,4,500000,1000,,383001.0,0.6776041388511658,0.5892378687858582,0.6499999761581421,0.6152941584587097,1871,1058649827,1,4
384001,1920,5760015,737281920,23520,0.6499999761581421,128,384000,1.8805897235870361,1920,17,4,500000,1000,,384001.0,0.6770833134651184,0.5892397165298462,0.6541666388511658,0.6155336499214172,1876,1058649827,1,4
385001,1920,5775015,739201920,23520,0.6541666388511658,128,385000,1.8851287364959717,1920,17,4,500000,1000,,385001.0,0.6776041388511658,0.5892375707626343,0.6499999761581421,0.6154641509056091,1880,1058649827,1,4
386001,1920,5790015,741121920,23520,0.6499999761581421,128,386000,1.8896589279174805,1920,17,4,500000,1000,,386001.0,0.6760416626930237,0.5892354249954224,0.6520833373069763,0.615635335445404,1885,1058649827,1,4
387001,1920,5805015,743041920,23520,0.6520833373069763,128,387000,1.8942210674285889,1920,17,4,500000,1000,,387001.0,0.6770833134651184,0.5892340540885925,0.6520833373069763,0.615714430809021,1890,1058649827,1,4
388001,1920,5820015,744961920,23520,0.6520833373069763,128,388000,1.898730993270874,1920,17,4,500000,1000,,388001.0,0.6760416626930237,0.5892328023910522,0.6499999761581421,0.615620493888855,1895,1058649827,1,4
389001,1920,5835015,746881920,23520,0.6499999761581421,128,389000,1.9032258987426758,1920,17,4,500000,1000,,389001.0,0.6770833134651184,0.5892338156700134,0.6479166746139526,0.6152941584587097,1900,1058649827,1,4
390001,1920,5850015,748801920,23520,0.6479166746139526,128,390000,1.9079267978668213,1920,17,4,500000,1000,,390001.0,0.6781250238418579,0.5892327427864075,0.6479166746139526,0.6154108047485352,1905,1058649827,1,4
391001,1920,5865015,750721920,23520,0.6479166746139526,128,391000,1.9124577045440674,1920,17,4,500000,1000,,391001.0,0.6776041388511658,0.5892328023910522,0.6479166746139526,0.6151952147483826,1909,1058649827,1,4
392001,1920,5880015,752641920,23520,0.6479166746139526,128,392000,1.9169957637786865,1920,17,4,500000,1000,,392001.0,0.6760416626930237,0.5892331600189209,0.6479166746139526,0.61543869972229,1915,1058649827,1,4
393001,1920,5895015,754561920,23520,0.6479166746139526,128,393000,1.9215269088745117,1920,17,4,500000,1000,,393001.0,0.6770833134651184,0.5892318487167358,0.6479166746139526,0.6154103875160217,1919,1058649827,1,4
394001,1920,5910015,756481920,23520,0.6479166746139526,128,394000,1.9260427951812744,1920,17,4,500000,1000,,394001.0,0.676562488079071,0.589232861995697,0.6479166746139526,0.6156574487686157,1924,1058649827,1,4
395001,1920,5925015,758401920,23520,0.6479166746139526,128,395000,1.930708885192871,1920,17,4,500000,1000,,395001.0,0.6776041388511658,0.5892335772514343,0.6479166746139526,0.6156116724014282,1929,1058649827,1,4
396001,1920,5940015,760321920,23520,0.6479166746139526,128,396000,1.9352056980133057,1920,17,4,500000,1000,,396001.0,0.676562488079071,0.5892333984375,0.6499999761581421,0.6156152486801147,1934,1058649827,1,4
397001,1920,5955015,762241920,23520,0.6499999761581421,128,397000,1.9399356842041016,1920,17,4,500000,1000,,397001.0,0.6760416626930237,0.5892317891120911,0.6479166746139526,0.6155504584312439,1938,1058649827,1,4
398001,1920,5970015,764161920,23520,0.6479166746139526,128,398000,1.944584608078003,1920,17,4,500000,1000,,398001.0,0.6770833134651184,0.5892308950424194,0.6499999761581421,0.615249514579773,1943,1058649827,1,4
399001,1920,5985015,766081920,23520,0.6499999761581421,128,399000,1.949082374572754,1920,17,4,500000,1000,,399001.0,0.6776041388511658,0.5892307162284851,0.6499999761581421,0.6157503724098206,1948,1058649827,1,4
400001,1920,6000015,768001920,23520,0.6499999761581421,128,400000,1.9535322189331055,1920,17,4,500000,1000,,400001.0,0.6791666746139526,0.5892283320426941,0.6479166746139526,0.6153266429901123,1953,1058649827,1,4
401001,1920,6015015,769921920,23520,0.6479166746139526,128,401000,1.959130048751831,1920,17,4,500000,1000,,401001.0,0.6760416626930237,0.5892264246940613,0.6520833373069763,0.6156129837036133,1958,1058649827,1,4
402001,1920,6030015,771841920,23520,0.6520833373069763,128,402000,1.9640440940856934,1920,17,4,500000,1000,,402001.0,0.6776041388511658,0.5892268419265747,0.6479166746139526,0.6156850457191467,1963,1058649827,1,4
403001,1920,6045015,773761920,23520,0.6479166746139526,128,403000,1.9685451984405518,1920,17,4,500000,1000,,403001.0,0.6770833134651184,0.5892279148101807,0.6499999761581421,0.6158314347267151,1967,1058649827,1,4
404001,1920,6060015,775681920,23520,0.6499999761581421,128,404000,1.9730379581451416,1920,17,4,500000,1000,,404001.0,0.6770833134651184,0.5892289280891418,0.6520833373069763,0.6155396103858948,1972,1058649827,1,4
405001,1920,6075015,777601920,23520,0.6520833373069763,128,405000,1.9775700569152832,1920,17,4,500000,1000,,405001.0,0.6776041388511658,0.5892266035079956,0.6520833373069763,0.6156401038169861,1977,1058649827,1,4
406001,1920,6090015,779521920,23520,0.6520833373069763,128,406000,1.9898409843444824,1920,17,4,500000,1000,,406001.0,0.6781250238418579,0.5892239212989807,0.6499999761581421,0.6156638860702515,1990,1058649827,1,4
407001,1920,6105015,781441920,23520,0.6499999761581421,128,407000,1.9977779388427734,1920,17,4,500000,1000,,407001.0,0.6760416626930237,0.589224636554718,0.6499999761581421,0.6156983971595764,2025,1058649827,1,4
408001,1920,6120015,783361920,23520,0.6499999761581421,128,408000,2.0033600330352783,1920,17,4,500000,1000,,408001.0,0.676562488079071,0.5892239212989807,0.6520833373069763,0.6159661412239075,2042,1058649827,1,4
409001,1920,6135015,785281920,23520,0.6520833373069763,128,409000,2.0107741355895996,1920,17,4,500000,1000,,409001.0,0.6755208373069763,0.5892263054847717,0.6541666388511658,0.6156052350997925,2047,1058649827,1,4
410001,1920,6150015,787201920,23520,0.6541666388511658,128,410000,2.0153160095214844,1920,17,4,500000,1000,,410001.0,0.6744791865348816,0.5892202258110046,0.6499999761581421,0.6157740354537964,2052,1058649827,1,4
411001,1920,6165015,789121920,23520,0.6499999761581421,128,411000,2.021073341369629,1920,17,4,500000,1000,,411001.0,0.6770833134651184,0.5892216563224792,0.6520833373069763,0.6159098148345947,2057,1058649827,1,4
412001,1920,6180015,791041920,23520,0.6520833373069763,128,412000,2.0256080627441406,1920,17,4,500000,1000,,412001.0,0.6755208373069763,0.5892223715782166,0.6520833373069763,0.6155855655670166,2061,1058649827,1,4
413001,1920,6195015,792961920,23520,0.6520833373069763,128,413000,2.030144214630127,1920,17,4,500000,1000,,413001.0,0.6760416626930237,0.5892230868339539,0.6499999761581421,0.6153620481491089,2066,1058649827,1,4
414001,1920,6210015,794881920,23520,0.6499999761581421,128,414000,2.0346715450286865,1920,17,4,500000,1000,,414001.0,0.6776041388511658,0.5892211198806763,0.6499999761581421,0.6154773235321045,2071,1058649827,1,4
415001,1920,6225015,796801920,23520,0.6499999761581421,128,415000,2.0392045974731445,1920,17,4,500000,1000,,415001.0,0.6755208373069763,0.5892226696014404,0.6520833373069763,0.6152522563934326,2076,1058649827,1,4
416001,1920,6240015,798721920,23520,0.6520833373069763,128,416000,2.043740749359131,1920,17,4,500000,1000,,416001.0,0.676562488079071,0.5892220735549927,0.6499999761581421,0.6153476238250732,2081,1058649827,1,4
417001,1920,6255015,800641920,23520,0.6499999761581421,128,417000,2.048271656036377,1920,17,4,500000,1000,,417001.0,0.676562488079071,0.589216947555542,0.6499999761581421,0.6157047152519226,2085,1058649827,1,4
418001,1920,6270015,802561920,23520,0.6499999761581421,128,418000,2.052807569503784,1920,17,4,500000,1000,,418001.0,0.676562488079071,0.5892170071601868,0.6520833373069763,0.6156718134880066,2090,1058649827,1,4
419001,1920,6285015,804481920,23520,0.6520833373069763,128,419000,2.057312488555908,1920,17,4,500000,1000,,419001.0,0.6760416626930237,0.5892170667648315,0.6499999761581421,0.615532636642456,2095,1058649827,1,4
420001,1920,6300015,806401920,23520,0.6499999761581421,128,420000,2.06180739402771,1920,17,4,500000,1000,,420001.0,0.6760416626930237,0.5892160534858704,0.6479166746139526,0.6154739260673523,2099,1058649827,1,4
421001,1920,6315015,808321920,23520,0.6479166746139526,128,421000,2.0663251876831055,1920,17,4,500000,1000,,421001.0,0.6755208373069763,0.5892156362533569,0.6499999761581421,0.6158959865570068,2104,1058649827,1,4
422001,1920,6330015,810241920,23520,0.6499999761581421,128,422000,2.0708422660827637,1920,17,4,500000,1000,,422001.0,0.6760416626930237,0.5892173647880554,0.6520833373069763,0.6157792210578918,2109,1058649827,1,4
423001,1920,6345015,812161920,23520,0.6520833373069763,128,423000,2.0753672122955322,1920,17,4,500000,1000,,423001.0,0.6755208373069763,0.5892156958580017,0.6541666388511658,0.615789532661438,2113,1058649827,1,4
424001,1920,6360015,814081920,23520,0.6541666388511658,128,424000,2.0798802375793457,1920,17,4,500000,1000,,424001.0,0.6781250238418579,0.5892229676246643,0.6520833373069763,0.6157453060150146,2118,1058649827,1,4
425001,1920,6375015,816001920,23520,0.6520833373069763,128,425000,2.08441424369812,1920,17,4,500000,1000,,425001.0,0.6739583611488342,0.5892193913459778,0.6541666388511658,0.6156216263771057,2123,1058649827,1,4
426001,1920,6390015,817921920,23520,0.6541666388511658,128,426000,2.0889225006103516,1920,17,4,500000,1000,,426001.0,0.6744791865348816,0.5892177224159241,0.6541666388511658,0.6156232357025146,2127,1058649827,1,4
427001,1920,6405015,819841920,23520,0.6541666388511658,128,427000,2.0934154987335205,1920,17,4,500000,1000,,427001.0,0.6739583611488342,0.589215874671936,0.6520833373069763,0.6153291463851929,2132,1058649827,1,4
428001,1920,6420015,821761920,23520,0.6520833373069763,128,428000,2.098224639892578,1920,17,4,500000,1000,,428001.0,0.6760416626930237,0.589216947555542,0.6520833373069763,0.6154460906982422,2137,1058649827,1,4
429001,1920,6435015,823681920,23520,0.6520833373069763,128,429000,2.1026926040649414,1920,17,4,500000,1000,,429001.0,0.675000011920929,0.5892124176025391,0.6520833373069763,0.6157316565513611,2141,1058649827,1,4
430001,1920,6450015,825601920,23520,0.6520833373069763,128,430000,2.108684778213501,1920,17,4,500000,1000,,430001.0,0.675000011920929,0.5892139077186584,0.6499999761581421,0.6155186891555786,2146,1058649827,1,4
431001,1920,6465015,827521920,23520,0.6499999761581421,128,431000,2.113205909729004,1920,17,4,500000,1000,,431001.0,0.6755208373069763,0.589215099811554,0.6499999761581421,0.6155365109443665,2151,1058649827,1,4
432001,1920,6480015,829441920,23520,0.6499999761581421,128,432000,2.1177377700805664,1920,17,4,500000,1000,,432001.0,0.676562488079071,0.5892142057418823,0.6479166746139526,0.6156041026115417,2155,1058649827,1,4
433001,1920,6495015,831361920,23520,0.6479166746139526,128,433000,2.122293710708618,1920,17,4,500000,1000,,433001.0,0.676562488079071,0.5892152190208435,0.6499999761581421,0.615885317325592,2160,1058649827,1,4
434001,1920,6510015,833281920,23520,0.6499999761581421,128,434000,2.1267569065093994,1920,17,4,500000,1000,,434001.0,0.6760416626930237,0.5892130136489868,0.6499999761581421,0.6154863834381104,2165,1058649827,1,4
435001,1920,6525015,835201920,23520,0.6499999761581421,128,435000,2.1312928199768066,1920,17,4,500000,1000,,435001.0,0.6770833134651184,0.5892120599746704,0.6499999761581421,0.6153776049613953,2170,1058649827,1,4
436001,1920,6540015,837121920,23520,0.6499999761581421,128,436000,2.135814905166626,1920,17,4,500000,1000,,436001.0,0.6770833134651184,0.5892122983932495,0.6499999761581421,0.616088330745697,2175,1058649827,1,4
437001,1920,6555015,839041920,23520,0.6499999761581421,128,437000,2.1403446197509766,1920,17,4,500000,1000,,437001.0,0.6770833134651184,0.5892108082771301,0.6499999761581421,0.6157462000846863,2179,1058649827,1,4
438001,1920,6570015,840961920,23520,0.6499999761581421,128,438000,2.144869327545166,1920,17,4,500000,1000,,438001.0,0.6786458492279053,0.5892095565795898,0.6499999761581421,0.6157328486442566,2184,1058649827,1,4
439001,1920,6585015,842881920,23520,0.6499999761581421,128,439000,2.1493635177612305,1920,17,4,500000,1000,,439001.0,0.6781250238418579,0.5892105102539062,0.6499999761581421,0.6154769659042358,2189,1058649827,1,4
440001,1920,6600015,844801920,23520,0.6499999761581421,128,440000,2.1538643836975098,1920,17,4,500000,1000,,440001.0,0.6781250238418579,0.5892141461372375,0.6479166746139526,0.6155005097389221,2193,1058649827,1,4
441001,1920,6615015,846721920,23520,0.6479166746139526,128,441000,2.158839225769043,1920,17,4,500000,1000,,441001.0,0.6770833134651184,0.5892115831375122,0.6479166746139526,0.6155382394790649,2198,1058649827,1,4
442001,1920,6630015,848641920,23520,0.6479166746139526,128,442000,2.1634762287139893,1920,17,4,500000,1000,,442001.0,0.6770833134651184,0.5892106294631958,0.6479166746139526,0.6156808733940125,2203,1058649827,1,4
443001,1920,6645015,850561920,23520,0.6479166746139526,128,443000,2.1680941581726074,1920,17,4,500000,1000,,443001.0,0.6781250238418579,0.589206874370575,0.6499999761581421,0.6155661940574646,2208,1058649827,1,4
444001,1920,6660015,852481920,23520,0.6499999761581421,128,444000,2.1725568771362305,1920,17,4,500000,1000,,444001.0,0.6755208373069763,0.5892059803009033,0.6520833373069763,0.6155507564544678,2212,1058649827,1,4
445001,1920,6675015,854401920,23520,0.6520833373069763,128,445000,2.1770119667053223,1920,17,4,500000,1000,,445001.0,0.6776041388511658,0.5892068147659302,0.6520833373069763,0.6155999302864075,2217,1058649827,1,4
446001,1920,6690015,856321920,23520,0.6520833373069763,128,446000,2.181532859802246,1920,17,4,500000,1000,,446001.0,0.6776041388511658,0.5892078876495361,0.6479166746139526,0.6156123280525208,2221,1058649827,1,4
447001,1920,6705015,858241920,23520,0.6479166746139526,128,447000,2.186055898666382,1920,17,4,500000,1000,,447001.0,0.6776041388511658,0.5892153382301331,0.6479166746139526,0.6156214475631714,2226,1058649827,1,4
448001,1920,6720015,860161920,23520,0.6479166746139526,128,448000,2.190595865249634,1920,17,4,500000,1000,,448001.0,0.6781250238418579,0.5892091393470764,0.6520833373069763,0.6154871582984924,2231,1058649827,1,4
449001,1920,6735015,862081920,23520,0.6520833373069763,128,449000,2.1950886249542236,1920,17,4,500000,1000,,449001.0,0.6781250238418579,0.5892050266265869,0.6520833373069763,0.6156596541404724,2236,1058649827,1,4
450001,1920,6750015,864001920,23520,0.6520833373069763,128,450000,2.1996216773986816,1920,17,4,500000,1000,,450001.0,0.6776041388511658,0.5892053842544556,0.6499999761581421,0.6158522963523865,2240,1058649827,1,4
451001,1920,6765015,865921920,23520,0.6499999761581421,128,451000,2.2041258811950684,1920,17,4,500000,1000,,451001.0,0.6776041388511658,0.5892032980918884,0.6499999761581421,0.6161227822303772,2245,1058649827,1,4
452001,1920,6780015,867841920,23520,0.6499999761581421,128,452000,2.2086188793182373,1920,17,4,500000,1000,,452001.0,0.6760416626930237,0.5892030596733093,0.6499999761581421,0.6160098910331726,2250,1058649827,1,4
453001,1920,6795015,869761920,23520,0.6499999761581421,128,453000,2.213137149810791,1920,17,4,500000,1000,,453001.0,0.6760416626930237,0.5892038941383362,0.6499999761581421,0.6158146262168884,2254,1058649827,1,4
454001,1920,6810015,871681920,23520,0.6499999761581421,128,454000,2.217672109603882,1920,17,4,500000,1000,,454001.0,0.6770833134651184,0.5892021059989929,0.6520833373069763,0.6155542731285095,2259,1058649827,1,4
455001,1920,6825015,873601920,23520,0.6520833373069763,128,455000,2.2221977710723877,1920,17,4,500000,1000,,455001.0,0.675000011920929,0.5892007946968079,0.6499999761581421,0.6155291199684143,2264,1058649827,1,4
456001,1920,6840015,875521920,23520,0.6499999761581421,128,456000,2.226736068725586,1920,17,4,500000,1000,,456001.0,0.676562488079071,0.5892025828361511,0.6499999761581421,0.6157625913619995,2268,1058649827,1,4
457001,1920,6855015,877441920,23520,0.6499999761581421,128,457000,2.2312772274017334,1920,17,4,500000,1000,,457001.0,0.6755208373069763,0.5892019867897034,0.6520833373069763,0.6160642504692078,2273,1058649827,1,4
458001,1920,6870015,879361920,23520,0.6520833373069763,128,458000,2.2358152866363525,1920,17,4,500000,1000,,458001.0,0.6776041388511658,0.5892003178596497,0.6479166746139526,0.6160280704498291,2278,1058649827,1,4
459001,1920,6885015,881281920,23520,0.6479166746139526,128,459000,2.2403323650360107,1920,17,4,500000,1000,,459001.0,0.6776041388511658,0.589202880859375,0.6520833373069763,0.6158055663108826,2282,1058649827,1,4
460001,1920,6900015,883201920,23520,0.6520833373069763,128,460000,2.2448344230651855,1920,17,4,500000,1000,,460001.0,0.6744791865348816,0.589203417301178,0.6499999761581421,0.6155739426612854,2287,1058649827,1,4
461001,1920,6915015,885121920,23520,0.6499999761581421,128,461000,2.24935245513916,1920,17,4,500000,1000,,461001.0,0.6760416626930237,0.5892027616500854,0.6499999761581421,0.6157130599021912,2292,1058649827,1,4
462001,1920,6930015,887041920,23520,0.6499999761581421,128,462000,2.2538163661956787,1920,17,4,500000,1000,,462001.0,0.6760416626930237,0.589201033115387,0.6520833373069763,0.6158469915390015,2296,1058649827,1,4
463001,1920,6945015,888961920,23520,0.6520833373069763,128,463000,2.2583422660827637,1920,17,4,500000,1000,,463001.0,0.6744791865348816,0.5892008543014526,0.6499999761581421,0.61581951379776,2301,1058649827,1,4
464001,1920,6960015,890881920,23520,0.6499999761581421,128,464000,2.2628462314605713,1920,17,4,500000,1000,,464001.0,0.676562488079071,0.5892012715339661,0.6499999761581421,0.6155799627304077,2306,1058649827,1,4
465001,1920,6975015,892801920,23520,0.6499999761581421,128,465000,2.2673330307006836,1920,17,4,500000,1000,,465001.0,0.6781250238418579,0.5891990661621094,0.6499999761581421,0.6156395673751831,2310,1058649827,1,4
466001,1920,6990015,894721920,23520,0.6499999761581421,128,466000,2.271807909011841,1920,17,4,500000,1000,,466001.0,0.6781250238418579,0.5892013311386108,0.6499999761581421,0.6153930425643921,2315,1058649827,1,4
467001,1920,7005015,896641920,23520,0.6499999761581421,128,467000,2.276289939880371,1920,17,4,500000,1000,,467001.0,0.6776041388511658,0.5892009735107422,0.6499999761581421,0.6157186627388,2320,1058649827,1,4
468001,1920,7020015,898561920,23520,0.6499999761581421,128,468000,2.280764102935791,1920,17,4,500000,1000,,468001.0,0.6781250238418579,0.5891983509063721,0.6520833373069763,0.6153716444969177,2325,1058649827,1,4
469001,1920,7035015,900481920,23520,0.6520833373069763,128,469000,2.285222053527832,1920,17,4,500000,1000,,469001.0,0.6781250238418579,0.5891977548599243,0.6499999761581421,0.615784227848053,2329,1058649827,1,4
470001,1920,7050015,902401920,23520,0.6499999761581421,128,470000,2.289746046066284,1920,17,4,500000,1000,,470001.0,0.6786458492279053,0.589194118976593,0.6499999761581421,0.615591287612915,2334,1058649827,1,4
471001,1920,7065015,904321920,23520,0.6499999761581421,128,471000,2.295685052871704,1920,17,4,500000,1000,,471001.0,0.6796875,0.5891949534416199,0.6499999761581421,0.6155939698219299,2339,1058649827,1,4
472001,1920,7080015,906241920,23520,0.6499999761581421,128,472000,2.3001604080200195,1920,17,4,500000,1000,,472001.0,0.6776041388511658,0.589195966720581,0.6499999761581421,0.6153116226196289,2343,1058649827,1,4
473001,1920,7095015,908161920,23520,0.6499999761581421,128,473000,2.3046834468841553,1920,17,4,500000,1000,,473001.0,0.6781250238418579,0.5891956090927124,0.6499999761581421,0.6157636046409607,2348,1058649827,1,4
474001,1920,7110015,910081920,23520,0.6499999761581421,128,474000,2.3092033863067627,1920,17,4,500000,1000,,474001.0,0.6776041388511658,0.5891973972320557,0.6479166746139526,0.6157886981964111,2353,1058649827,1,4
475001,1920,7125015,912001920,23520,0.6479166746139526,128,475000,2.3137123584747314,1920,17,4,500000,1000,,475001.0,0.675000011920929,0.5891957879066467,0.6520833373069763,0.615734338760376,2357,1058649827,1,4
476001,1920,7140015,913921920,23520,0.6520833373069763,128,476000,2.3181755542755127,1920,17,4,500000,1000,,476001.0,0.6744791865348816,0.5891931653022766,0.6520833373069763,0.6157588362693787,2362,1058649827,1,4
477001,1920,7155015,915841920,23520,0.6520833373069763,128,477000,2.322721481323242,1920,17,4,500000,1000,,477001.0,0.6760416626930237,0.5891956686973572,0.6541666388511658,0.6156761646270752,2367,1058649827,1,4
478001,1920,7170015,917761920,23520,0.6541666388511658,128,478000,2.3272528648376465,1920,17,4,500000,1000,,478001.0,0.6776041388511658,0.5891960263252258,0.6520833373069763,0.615597128868103,2372,1058649827,1,4
479001,1920,7185015,919681920,23520,0.6520833373069763,128,479000,2.331747055053711,1920,17,4,500000,1000,,479001.0,0.6760416626930237,0.5891947150230408,0.6499999761581421,0.6159622669219971,2376,1058649827,1,4
480001,1920,7200015,921601920,23520,0.6499999761581421,128,480000,2.3362770080566406,1920,17,4,500000,1000,,480001.0,0.676562488079071,0.5891944169998169,0.6520833373069763,0.6155982613563538,2381,1058649827,1,4
481001,1920,7215015,923521920,23520,0.6520833373069763,128,481000,2.340754985809326,1920,17,4,500000,1000,,481001.0,0.6776041388511658,0.5891937017440796,0.6499999761581421,0.6156750917434692,2385,1058649827,1,4
482001,1920,7230015,925441920,23520,0.6499999761581421,128,482000,2.345303773880005,1920,17,4,500000,1000,,482001.0,0.6770833134651184,0.5891922116279602,0.6479166746139526,0.6154852509498596,2390,1058649827,1,4
483001,1920,7245015,927361920,23520,0.6479166746139526,128,483000,2.3498127460479736,1920,17,4,500000,1000,,483001.0,0.6786458492279053,0.5891918540000916,0.6499999761581421,0.6154717206954956,2395,1058649827,1,4
484001,1920,7260015,929281920,23520,0.6499999761581421,128,484000,2.354296922683716,1920,17,4,500000,1000,,484001.0,0.6781250238418579,0.5891916751861572,0.6499999761581421,0.6155267357826233,2399,1058649827,1,4
485001,1920,7275015,931201920,23520,0.6499999761581421,128,485000,2.3587639331817627,1920,17,4,500000,1000,,485001.0,0.6776041388511658,0.5891925096511841,0.6520833373069763,0.6152709722518921,2404,1058649827,1,4
486001,1920,7290015,933121920,23520,0.6520833373069763,128,486000,2.3632888793945312,1920,17,4,500000,1000,,486001.0,0.6786458492279053,0.5891917943954468,0.6499999761581421,0.615313708782196,2409,1058649827,1,4
487001,1920,7305015,935041920,23520,0.6499999761581421,128,487000,2.367825746536255,1920,17,4,500000,1000,,487001.0,0.6776041388511658,0.5891922116279602,0.6520833373069763,0.6153911352157593,2413,1058649827,1,4
488001,1920,7320015,936961920,23520,0.6520833373069763,128,488000,2.37229585647583,1920,17,4,500000,1000,,488001.0,0.676562488079071,0.589190661907196,0.6541666388511658,0.6153082251548767,2418,1058649827,1,4
489001,1920,7335015,938881920,23520,0.6541666388511658,128,489000,2.3768041133880615,1920,17,4,500000,1000,,489001.0,0.6770833134651184,0.5891901850700378,0.6541666388511658,0.615496814250946,2423,1058649827,1,4
490001,1920,7350015,940801920,23520,0.6541666388511658,128,490000,2.3813130855560303,1920,17,4,500000,1000,,490001.0,0.676562488079071,0.589191198348999,0.6541666388511658,0.6155227422714233,2428,1058649827,1,4
491001,1920,7365015,942721920,23520,0.6541666388511658,128,491000,2.3887410163879395,1920,17,4,500000,1000,,491001.0,0.6760416626930237,0.5891920328140259,0.6541666388511658,0.6157421469688416,2432,1058649827,1,4
492001,1920,7380015,944641920,23520,0.6541666388511658,128,492000,2.3932340145111084,1920,17,4,500000,1000,,492001.0,0.675000011920929,0.5891886949539185,0.6520833373069763,0.6156891584396362,2437,1058649827,1,4
493001,1920,7395015,946561920,23520,0.6520833373069763,128,493000,2.397757053375244,1920,17,4,500000,1000,,493001.0,0.6755208373069763,0.5891907215118408,0.6499999761581421,0.6156964898109436,2442,1058649827,1,4
494001,1920,7410015,948481920,23520,0.6499999761581421,128,494000,2.402210235595703,1920,17,4,500000,1000,,494001.0,0.6744791865348816,0.5891881585121155,0.6499999761581421,0.6158550977706909,2446,1058649827,1,4
495001,1920,7425015,950401920,23520,0.6499999761581421,128,495000,2.4067533016204834,1920,17,4,500000,1000,,495001.0,0.6755208373069763,0.5891876816749573,0.6520833373069763,0.6153324246406555,2451,1058649827,1,4
496001,1920,7440015,952321920,23520,0.6520833373069763,128,496000,2.411283254623413,1920,17,4,500000,1000,,496001.0,0.6776041388511658,0.5891866683959961,0.6499999761581421,0.615497887134552,2456,1058649827,1,4
497001,1920,7455015,954241920,23520,0.6499999761581421,128,497000,2.41579532623291,1920,17,4,500000,1000,,497001.0,0.6776041388511658,0.5891876220703125,0.6499999761581421,0.6160217523574829,2461,1058649827,1,4
498001,1920,7470015,956161920,23520,0.6499999761581421,128,498000,2.4202826023101807,1920,17,4,500000,1000,,498001.0,0.6770833134651184,0.5891876816749573,0.6479166746139526,0.6157333254814148,2465,1058649827,1,4
499001,1920,7485015,958081920,23520,0.6479166746139526,128,499000,2.4248135089874268,1920,17,4,500000,1000,,499001.0,0.6755208373069763,0.5891870856285095,0.6479166746139526,0.6157734394073486,2470,1058649827,1,4
499998,1920,7499970,959996160,23520,0.6479166746139526,128,499997,2.429321765899658,1920,17,4,500000,1000,,499998.0,0.6760416626930237,0.5891860127449036,0.6479166746139526,0.6157445907592773,2475,1058649827,1,4
499999,1920,7499985,959998080,23520,0.6479166746139526,128,499998,2.434190034866333,1920,17,4,500000,1000,,499999.0,0.6760416626930237,0.5891859531402588,0.6479166746139526,0.6157530546188354,2475,1058649827,1,4
500000,1920,7500000,960000000,23520,0.6479166746139526,128,499999,2.4390268325805664,1920,17,4,500000,1000,,500000.0,0.6760416626930237,0.5891859531402588,0.6479166746139526,0.6157512664794922,2475,1058649827,1,4
