pf_calls,num_answers,model_updates,num_grad_comps,answers_bytes,last_score,batch_size,k,elapsed_time,train_data,n,d,max_epochs,verbose,ident,_epochs,score_train,loss_train,score_test,loss_test,_elapsed_time,seed,run_id,dim
1,1920,15,1920,23520,0.5041666626930237,128,0,0.03646397590637207,1920,17,1,500000,1000,,1.0,0.49531251192092896,0.6931472420692444,0.5249999761581421,0.6931472420692444,0,1321332806,4,1
1001,1920,15015,1921920,23520,0.5249999761581421,128,1000,0.040448904037475586,1920,17,1,500000,1000,,1001.0,0.629687488079071,0.6476659774780273,0.637499988079071,0.6509259939193726,4,1321332806,4,1
2001,1920,30015,3841920,23520,0.637499988079071,128,2000,0.04447770118713379,1920,17,1,500000,1000,,2001.0,0.6317708492279053,0.6444056630134583,0.637499988079071,0.6488745808601379,8,1321332806,4,1
3001,1920,45015,5761920,23520,0.637499988079071,128,3000,0.048082828521728516,1920,17,1,500000,1000,,3001.0,0.6322916746139526,0.6439343690872192,0.6458333134651184,0.6485691070556641,12,1321332806,4,1
4001,1920,60015,7681920,23520,0.6458333134651184,128,4000,0.05328774452209473,1920,17,1,500000,1000,,4001.0,0.6317708492279053,0.6438451409339905,0.6479166746139526,0.6484816074371338,16,1321332806,4,1
5001,1920,75015,9601920,23520,0.6479166746139526,128,5000,0.058420658111572266,1920,17,1,500000,1000,,5001.0,0.629687488079071,0.6438184976577759,0.6479166746139526,0.6485283970832825,20,1321332806,4,1
6001,1920,90015,11521920,23520,0.6479166746139526,128,6000,0.062036752700805664,1920,17,1,500000,1000,,6001.0,0.629687488079071,0.6438160538673401,0.6479166746139526,0.6482465863227844,24,1321332806,4,1
7001,1920,105015,13441920,23520,0.6479166746139526,128,7000,0.06576061248779297,1920,17,1,500000,1000,,7001.0,0.6302083134651184,0.6438243985176086,0.6479166746139526,0.648126482963562,28,1321332806,4,1
8001,1920,120015,15361920,23520,0.6479166746139526,128,8000,0.07088041305541992,1920,17,1,500000,1000,,8001.0,0.6317708492279053,0.6438225507736206,0.6479166746139526,0.6484235525131226,33,1321332806,4,1
9001,1920,135015,17281920,23520,0.6479166746139526,128,9000,0.0777595043182373,1920,17,1,500000,1000,,9001.0,0.629687488079071,0.6438198089599609,0.6479166746139526,0.648516058921814,37,1321332806,4,1
10001,1920,150015,19201920,23520,0.6479166746139526,128,10000,0.08313870429992676,1920,17,1,500000,1000,,10001.0,0.629687488079071,0.6438219547271729,0.6479166746139526,0.6482018828392029,41,1321332806,4,1
11001,1920,165015,21121920,23520,0.6479166746139526,128,11000,0.08671283721923828,1920,17,1,500000,1000,,11001.0,0.629687488079071,0.6438177227973938,0.6479166746139526,0.648443877696991,45,1321332806,4,1
12001,1920,180015,23041920,23520,0.6479166746139526,128,12000,0.09032893180847168,1920,17,1,500000,1000,,12001.0,0.6317708492279053,0.6438203454017639,0.6479166746139526,0.6486857533454895,49,1321332806,4,1
13001,1920,195015,24961920,23520,0.6479166746139526,128,13000,0.09414005279541016,1920,17,1,500000,1000,,13001.0,0.6291666626930237,0.6438211798667908,0.6395833492279053,0.6485817432403564,54,1321332806,4,1
14001,1920,210015,26881920,23520,0.6395833492279053,128,14000,0.0977470874786377,1920,17,1,500000,1000,,14001.0,0.6317708492279053,0.643820583820343,0.6499999761581421,0.6482508182525635,61,1321332806,4,1
15001,1920,225015,28801920,23520,0.6499999761581421,128,15000,0.1014249324798584,1920,17,1,500000,1000,,15001.0,0.6302083134651184,0.6438237428665161,0.6479166746139526,0.6483586430549622,65,1321332806,4,1
16001,1920,240015,30721920,23520,0.6479166746139526,128,16000,0.10509967803955078,1920,17,1,500000,1000,,16001.0,0.629687488079071,0.643821656703949,0.6479166746139526,0.6482795476913452,69,1321332806,4,1
17001,1920,255015,32641920,23520,0.6479166746139526,128,17000,0.11043858528137207,1920,17,1,500000,1000,,17001.0,0.629687488079071,0.643821120262146,0.6499999761581421,0.6482427716255188,73,1321332806,4,1
18001,1920,270015,34561920,23520,0.6499999761581421,128,18000,0.11417770385742188,1920,17,1,500000,1000,,18001.0,0.6302083134651184,0.6438173651695251,0.6499999761581421,0.6484118700027466,78,1321332806,4,1
19001,1920,285015,36481920,23520,0.6499999761581421,128,19000,0.11781668663024902,1920,17,1,500000,1000,,19001.0,0.6302083134651184,0.6438211798667908,0.6479166746139526,0.6486545205116272,82,1321332806,4,1
20001,1920,300015,38401920,23520,0.6479166746139526,128,20000,0.12151074409484863,1920,17,1,500000,1000,,20001.0,0.6307291388511658,0.6438192129135132,0.6499999761581421,0.648716926574707,86,1321332806,4,1
21001,1920,315015,40321920,23520,0.6499999761581421,128,21000,0.1251378059387207,1920,17,1,500000,1000,,21001.0,0.6312500238418579,0.6438217163085938,0.6499999761581421,0.6483696699142456,90,1321332806,4,1
22001,1920,330015,42241920,23520,0.6499999761581421,128,22000,0.1290426254272461,1920,17,1,500000,1000,,22001.0,0.6302083134651184,0.6438199877738953,0.6479166746139526,0.6484092473983765,94,1321332806,4,1
23001,1920,345015,44161920,23520,0.6479166746139526,128,23000,0.13268470764160156,1920,17,1,500000,1000,,23001.0,0.6291666626930237,0.6438167095184326,0.6395833492279053,0.648712694644928,98,1321332806,4,1
24001,1920,360015,46081920,23520,0.6395833492279053,128,24000,0.13630962371826172,1920,17,1,500000,1000,,24001.0,0.6302083134651184,0.6438153982162476,0.6416666507720947,0.6485414505004883,103,1321332806,4,1
25001,1920,375015,48001920,23520,0.6416666507720947,128,25000,0.1400609016418457,1920,17,1,500000,1000,,25001.0,0.629687488079071,0.6438198089599609,0.6479166746139526,0.6484389901161194,107,1321332806,4,1
26001,1920,390015,49921920,23520,0.6479166746139526,128,26000,0.14371681213378906,1920,17,1,500000,1000,,26001.0,0.6307291388511658,0.6438191533088684,0.6479166746139526,0.6483777165412903,111,1321332806,4,1
27001,1920,405015,51841920,23520,0.6479166746139526,128,27000,0.14906978607177734,1920,17,1,500000,1000,,27001.0,0.6307291388511658,0.6438241600990295,0.6499999761581421,0.6483396887779236,115,1321332806,4,1
28001,1920,420015,53761920,23520,0.6499999761581421,128,28000,0.15264272689819336,1920,17,1,500000,1000,,28001.0,0.6317708492279053,0.6438193917274475,0.6479166746139526,0.6484650373458862,119,1321332806,4,1
29001,1920,435015,55681920,23520,0.6479166746139526,128,29000,0.15651273727416992,1920,17,1,500000,1000,,29001.0,0.629687488079071,0.6438201665878296,0.6479166746139526,0.6487143039703369,123,1321332806,4,1
30001,1920,450015,57601920,23520,0.6479166746139526,128,30000,0.16129350662231445,1920,17,1,500000,1000,,30001.0,0.6317708492279053,0.6438249945640564,0.6395833492279053,0.6483837962150574,128,1321332806,4,1
31001,1920,465015,59521920,23520,0.6395833492279053,128,31000,0.16496539115905762,1920,17,1,500000,1000,,31001.0,0.6307291388511658,0.6438192129135132,0.6479166746139526,0.6485764980316162,132,1321332806,4,1
32001,1920,480015,61441920,23520,0.6479166746139526,128,32000,0.16870927810668945,1920,17,1,500000,1000,,32001.0,0.629687488079071,0.643817663192749,0.6479166746139526,0.6486990451812744,136,1321332806,4,1
33001,1920,495015,63361920,23520,0.6479166746139526,128,33000,0.17229318618774414,1920,17,1,500000,1000,,33001.0,0.629687488079071,0.6438226699829102,0.6499999761581421,0.6484218239784241,140,1321332806,4,1
34001,1920,510015,65281920,23520,0.6499999761581421,128,34000,0.17593026161193848,1920,17,1,500000,1000,,34001.0,0.6302083134651184,0.6438177227973938,0.6479166746139526,0.6483420133590698,144,1321332806,4,1
35001,1920,525015,67201920,23520,0.6479166746139526,128,35000,0.1846914291381836,1920,17,1,500000,1000,,35001.0,0.629687488079071,0.6438189148902893,0.6479166746139526,0.6482040882110596,148,1321332806,4,1
36001,1920,540015,69121920,23520,0.6479166746139526,128,36000,0.1883094310760498,1920,17,1,500000,1000,,36001.0,0.6307291388511658,0.6438245177268982,0.6479166746139526,0.64854496717453,152,1321332806,4,1
37001,1920,555015,71041920,23520,0.6479166746139526,128,37000,0.19210338592529297,1920,17,1,500000,1000,,37001.0,0.6307291388511658,0.6438184976577759,0.6479166746139526,0.6486045718193054,156,1321332806,4,1
38001,1920,570015,72961920,23520,0.6479166746139526,128,38000,0.19568729400634766,1920,17,1,500000,1000,,38001.0,0.6307291388511658,0.6438164114952087,0.6479166746139526,0.6483294367790222,161,1321332806,4,1
39001,1920,585015,74881920,23520,0.6479166746139526,128,39000,0.1992475986480713,1920,17,1,500000,1000,,39001.0,0.629687488079071,0.6438172459602356,0.6479166746139526,0.6483288407325745,165,1321332806,4,1
40001,1920,600015,76801920,23520,0.6479166746139526,128,40000,0.20287561416625977,1920,17,1,500000,1000,,40001.0,0.6312500238418579,0.6438239216804504,0.6395833492279053,0.6485759019851685,169,1321332806,4,1
41001,1920,615015,78721920,23520,0.6395833492279053,128,41000,0.20661449432373047,1920,17,1,500000,1000,,41001.0,0.6312500238418579,0.6438188552856445,0.6479166746139526,0.6483722925186157,173,1321332806,4,1
42001,1920,630015,80641920,23520,0.6479166746139526,128,42000,0.21029353141784668,1920,17,1,500000,1000,,42001.0,0.6291666626930237,0.6438174843788147,0.6479166746139526,0.6484077572822571,177,1321332806,4,1
43001,1920,645015,82561920,23520,0.6479166746139526,128,43000,0.2140653133392334,1920,17,1,500000,1000,,43001.0,0.6302083134651184,0.6438179016113281,0.6479166746139526,0.6482464671134949,182,1321332806,4,1
44001,1920,660015,84481920,23520,0.6479166746139526,128,44000,0.2177140712738037,1920,17,1,500000,1000,,44001.0,0.6302083134651184,0.64382004737854,0.6499999761581421,0.6484813690185547,186,1321332806,4,1
45001,1920,675015,86401920,23520,0.6499999761581421,128,45000,0.2212991714477539,1920,17,1,500000,1000,,45001.0,0.629687488079071,0.643820583820343,0.6479166746139526,0.6485136151313782,190,1321332806,4,1
46001,1920,690015,88321920,23520,0.6479166746139526,128,46000,0.22495341300964355,1920,17,1,500000,1000,,46001.0,0.6302083134651184,0.6438188552856445,0.6479166746139526,0.6484590172767639,194,1321332806,4,1
47001,1920,705015,90241920,23520,0.6479166746139526,128,47000,0.22948646545410156,1920,17,1,500000,1000,,47001.0,0.6307291388511658,0.6438199281692505,0.6479166746139526,0.6488084197044373,199,1321332806,4,1
48001,1920,720015,92161920,23520,0.6479166746139526,128,48000,0.23667335510253906,1920,17,1,500000,1000,,48001.0,0.629687488079071,0.643815815448761,0.6479166746139526,0.648501455783844,203,1321332806,4,1
49001,1920,735015,94081920,23520,0.6479166746139526,128,49000,0.2404172420501709,1920,17,1,500000,1000,,49001.0,0.6302083134651184,0.64382004737854,0.6395833492279053,0.6486912965774536,208,1321332806,4,1
50001,1920,750015,96001920,23520,0.6395833492279053,128,50000,0.2445530891418457,1920,17,1,500000,1000,,50001.0,0.6312500238418579,0.643823504447937,0.6499999761581421,0.648431658744812,212,1321332806,4,1
51001,1920,765015,97921920,23520,0.6499999761581421,128,51000,0.28971195220947266,1920,17,1,500000,1000,,51001.0,0.6317708492279053,0.643821656703949,0.6479166746139526,0.6486544013023376,216,1321332806,4,1
52001,1920,780015,99841920,23520,0.6479166746139526,128,52000,0.2933499813079834,1920,17,1,500000,1000,,52001.0,0.6333333253860474,0.6438208818435669,0.6499999761581421,0.6483249664306641,220,1321332806,4,1
53001,1920,795015,101761920,23520,0.6499999761581421,128,53000,0.29692816734313965,1920,17,1,500000,1000,,53001.0,0.629687488079071,0.6438184380531311,0.6479166746139526,0.6485573053359985,224,1321332806,4,1
54001,1920,810015,103681920,23520,0.6479166746139526,128,54000,0.30051732063293457,1920,17,1,500000,1000,,54001.0,0.6291666626930237,0.6438220739364624,0.6479166746139526,0.6483494639396667,229,1321332806,4,1
55001,1920,825015,105601920,23520,0.6479166746139526,128,55000,0.30414843559265137,1920,17,1,500000,1000,,55001.0,0.6328125,0.643820583820343,0.6479166746139526,0.6485459804534912,233,1321332806,4,1
56001,1920,840015,107521920,23520,0.6479166746139526,128,56000,0.30780553817749023,1920,17,1,500000,1000,,56001.0,0.6312500238418579,0.6438207030296326,0.6395833492279053,0.648838460445404,237,1321332806,4,1
57001,1920,855015,109441920,23520,0.6395833492279053,128,57000,0.31203651428222656,1920,17,1,500000,1000,,57001.0,0.6291666626930237,0.6438178420066833,0.6395833492279053,0.6485732197761536,241,1321332806,4,1
58001,1920,870015,111361920,23520,0.6395833492279053,128,58000,0.31580257415771484,1920,17,1,500000,1000,,58001.0,0.6302083134651184,0.6438184380531311,0.6395833492279053,0.6486740708351135,245,1321332806,4,1
59001,1920,885015,113281920,23520,0.6395833492279053,128,59000,0.3194737434387207,1920,17,1,500000,1000,,59001.0,0.6312500238418579,0.6438209414482117,0.6499999761581421,0.6485562920570374,249,1321332806,4,1
60001,1920,900015,115201920,23520,0.6499999761581421,128,60000,0.3231379985809326,1920,17,1,500000,1000,,60001.0,0.6312500238418579,0.6438161134719849,0.6499999761581421,0.6486210227012634,253,1321332806,4,1
61001,1920,915015,117121920,23520,0.6499999761581421,128,61000,0.32746291160583496,1920,17,1,500000,1000,,61001.0,0.6312500238418579,0.6438167691230774,0.6499999761581421,0.6483656167984009,257,1321332806,4,1
62001,1920,930015,119041920,23520,0.6499999761581421,128,62000,0.3310818672180176,1920,17,1,500000,1000,,62001.0,0.6307291388511658,0.643822968006134,0.6520833373069763,0.6481796503067017,263,1321332806,4,1
63001,1920,945015,120961920,23520,0.6520833373069763,128,63000,0.3348109722137451,1920,17,1,500000,1000,,63001.0,0.6317708492279053,0.6438239216804504,0.6520833373069763,0.6481108069419861,267,1321332806,4,1
64001,1920,960015,122881920,23520,0.6520833373069763,128,64000,0.3383979797363281,1920,17,1,500000,1000,,64001.0,0.6291666626930237,0.6438190340995789,0.6479166746139526,0.6481296420097351,272,1321332806,4,1
65001,1920,975015,124801920,23520,0.6479166746139526,128,65000,0.3420867919921875,1920,17,1,500000,1000,,65001.0,0.6291666626930237,0.643819272518158,0.6479166746139526,0.6482654213905334,276,1321332806,4,1
66001,1920,990015,126721920,23520,0.6479166746139526,128,66000,0.34574270248413086,1920,17,1,500000,1000,,66001.0,0.6307291388511658,0.6438172459602356,0.6479166746139526,0.6485919952392578,280,1321332806,4,1
67001,1920,1005015,128641920,23520,0.6479166746139526,128,67000,0.3493688106536865,1920,17,1,500000,1000,,67001.0,0.6307291388511658,0.6438189148902893,0.6479166746139526,0.6481726169586182,284,1321332806,4,1
68001,1920,1020015,130561920,23520,0.6479166746139526,128,68000,0.35309386253356934,1920,17,1,500000,1000,,68001.0,0.6307291388511658,0.6438239812850952,0.6499999761581421,0.648011326789856,288,1321332806,4,1
69001,1920,1035015,132481920,23520,0.6499999761581421,128,69000,0.3567240238189697,1920,17,1,500000,1000,,69001.0,0.6302083134651184,0.6438238024711609,0.6499999761581421,0.6486311554908752,293,1321332806,4,1
70001,1920,1050015,134401920,23520,0.6499999761581421,128,70000,0.3603658676147461,1920,17,1,500000,1000,,70001.0,0.6307291388511658,0.6438239812850952,0.6479166746139526,0.6483601927757263,297,1321332806,4,1
71001,1920,1065015,136321920,23520,0.6479166746139526,128,71000,0.3639969825744629,1920,17,1,500000,1000,,71001.0,0.6302083134651184,0.6438184976577759,0.6499999761581421,0.648382842540741,301,1321332806,4,1
72001,1920,1080015,138241920,23520,0.6499999761581421,128,72000,0.3675529956817627,1920,17,1,500000,1000,,72001.0,0.629687488079071,0.6438168287277222,0.6499999761581421,0.6482774019241333,305,1321332806,4,1
73001,1920,1095015,140161920,23520,0.6499999761581421,128,73000,0.37119102478027344,1920,17,1,500000,1000,,73001.0,0.6307291388511658,0.6438213586807251,0.6499999761581421,0.6485727429389954,309,1321332806,4,1
74001,1920,1110015,142081920,23520,0.6499999761581421,128,74000,0.37484216690063477,1920,17,1,500000,1000,,74001.0,0.6302083134651184,0.6438233852386475,0.6479166746139526,0.6481082439422607,313,1321332806,4,1
75001,1920,1125015,144001920,23520,0.6479166746139526,128,75000,0.3784971237182617,1920,17,1,500000,1000,,75001.0,0.6312500238418579,0.6438209414482117,0.6479166746139526,0.6483715176582336,318,1321332806,4,1
76001,1920,1140015,145921920,23520,0.6479166746139526,128,76000,0.3821091651916504,1920,17,1,500000,1000,,76001.0,0.6302083134651184,0.6438156366348267,0.6479166746139526,0.6485003232955933,322,1321332806,4,1
77001,1920,1155015,147841920,23520,0.6479166746139526,128,77000,0.3861091136932373,1920,17,1,500000,1000,,77001.0,0.6312500238418579,0.6438167691230774,0.6479166746139526,0.6483816504478455,326,1321332806,4,1
78001,1920,1170015,149761920,23520,0.6479166746139526,128,78000,0.389758825302124,1920,17,1,500000,1000,,78001.0,0.6286458373069763,0.643823504447937,0.6395833492279053,0.648808479309082,330,1321332806,4,1
79001,1920,1185015,151681920,23520,0.6395833492279053,128,79000,0.3934917449951172,1920,17,1,500000,1000,,79001.0,0.6312500238418579,0.6438190340995789,0.6479166746139526,0.6483625173568726,334,1321332806,4,1
80001,1920,1200015,153601920,23520,0.6479166746139526,128,80000,0.39727163314819336,1920,17,1,500000,1000,,80001.0,0.6312500238418579,0.6438276171684265,0.6499999761581421,0.6487483978271484,338,1321332806,4,1
81001,1920,1215015,155521920,23520,0.6499999761581421,128,81000,0.40240979194641113,1920,17,1,500000,1000,,81001.0,0.6312500238418579,0.6438205242156982,0.6499999761581421,0.6485680341720581,342,1321332806,4,1
82001,1920,1230015,157441920,23520,0.6499999761581421,128,82000,0.4061737060546875,1920,17,1,500000,1000,,82001.0,0.6307291388511658,0.6438212990760803,0.6479166746139526,0.648472011089325,347,1321332806,4,1
83001,1920,1245015,159361920,23520,0.6479166746139526,128,83000,0.40981054306030273,1920,17,1,500000,1000,,83001.0,0.6302083134651184,0.6438199281692505,0.6479166746139526,0.648178219795227,351,1321332806,4,1
84001,1920,1260015,161281920,23520,0.6479166746139526,128,84000,0.4134523868560791,1920,17,1,500000,1000,,84001.0,0.6317708492279053,0.6438214182853699,0.6479166746139526,0.6485715508460999,355,1321332806,4,1
85001,1920,1275015,163201920,23520,0.6479166746139526,128,85000,0.4171030521392822,1920,17,1,500000,1000,,85001.0,0.6291666626930237,0.643822968006134,0.6479166746139526,0.6484318375587463,359,1321332806,4,1
86001,1920,1290015,165121920,23520,0.6479166746139526,128,86000,0.4207460880279541,1920,17,1,500000,1000,,86001.0,0.6307291388511658,0.643818736076355,0.6499999761581421,0.6483989953994751,363,1321332806,4,1
87001,1920,1305015,167041920,23520,0.6499999761581421,128,87000,0.4243953227996826,1920,17,1,500000,1000,,87001.0,0.6312500238418579,0.6438215374946594,0.6499999761581421,0.6487653255462646,368,1321332806,4,1
88001,1920,1320015,168961920,23520,0.6499999761581421,128,88000,0.42799830436706543,1920,17,1,500000,1000,,88001.0,0.6307291388511658,0.6438210606575012,0.6499999761581421,0.648224413394928,372,1321332806,4,1
89001,1920,1335015,170881920,23520,0.6499999761581421,128,89000,0.4317474365234375,1920,17,1,500000,1000,,89001.0,0.6322916746139526,0.6438192129135132,0.6479166746139526,0.6484140157699585,376,1321332806,4,1
90001,1920,1350015,172801920,23520,0.6479166746139526,128,90000,0.43531227111816406,1920,17,1,500000,1000,,90001.0,0.629687488079071,0.6438201069831848,0.6479166746139526,0.6485851407051086,380,1321332806,4,1
91001,1920,1365015,174721920,23520,0.6479166746139526,128,91000,0.43895816802978516,1920,17,1,500000,1000,,91001.0,0.6307291388511658,0.6438199281692505,0.6479166746139526,0.6485459804534912,384,1321332806,4,1
92001,1920,1380015,176641920,23520,0.6479166746139526,128,92000,0.4426882266998291,1920,17,1,500000,1000,,92001.0,0.6307291388511658,0.643823504447937,0.6479166746139526,0.6485332250595093,388,1321332806,4,1
93001,1920,1395015,178561920,23520,0.6479166746139526,128,93000,0.4463493824005127,1920,17,1,500000,1000,,93001.0,0.6322916746139526,0.6438268423080444,0.643750011920929,0.6487566232681274,392,1321332806,4,1
94001,1920,1410015,180481920,23520,0.643750011920929,128,94000,0.45083045959472656,1920,17,1,500000,1000,,94001.0,0.6302083134651184,0.6438190340995789,0.6499999761581421,0.6484892964363098,397,1321332806,4,1
95001,1920,1425015,182401920,23520,0.6499999761581421,128,95000,0.45448946952819824,1920,17,1,500000,1000,,95001.0,0.6302083134651184,0.6438165307044983,0.6499999761581421,0.6484164595603943,401,1321332806,4,1
96001,1920,1440015,184321920,23520,0.6499999761581421,128,96000,0.4581453800201416,1920,17,1,500000,1000,,96001.0,0.6307291388511658,0.643824577331543,0.637499988079071,0.6482085585594177,405,1321332806,4,1
97001,1920,1455015,186241920,23520,0.637499988079071,128,97000,0.4621613025665283,1920,17,1,500000,1000,,97001.0,0.6317708492279053,0.6438191533088684,0.6479166746139526,0.6485663056373596,409,1321332806,4,1
98001,1920,1470015,188161920,23520,0.6479166746139526,128,98000,0.4663863182067871,1920,17,1,500000,1000,,98001.0,0.629687488079071,0.6438168883323669,0.6479166746139526,0.6486226320266724,413,1321332806,4,1
99001,1920,1485015,190081920,23520,0.6479166746139526,128,99000,0.4702324867248535,1920,17,1,500000,1000,,99001.0,0.629687488079071,0.6438213586807251,0.6479166746139526,0.6484502553939819,417,1321332806,4,1
100001,1920,1500015,192001920,23520,0.6479166746139526,128,100000,0.4738805294036865,1920,17,1,500000,1000,,100001.0,0.6307291388511658,0.6438189148902893,0.6499999761581421,0.6485510468482971,421,1321332806,4,1
101001,1920,1515015,193921920,23520,0.6499999761581421,128,101000,0.47754645347595215,1920,17,1,500000,1000,,101001.0,0.629687488079071,0.643819272518158,0.6479166746139526,0.6483187079429626,426,1321332806,4,1
102001,1920,1530015,195841920,23520,0.6479166746139526,128,102000,0.4813094139099121,1920,17,1,500000,1000,,102001.0,0.629687488079071,0.6438267827033997,0.6499999761581421,0.6484638452529907,430,1321332806,4,1
103001,1920,1545015,197761920,23520,0.6499999761581421,128,103000,0.48496532440185547,1920,17,1,500000,1000,,103001.0,0.6302083134651184,0.6438266038894653,0.6479166746139526,0.6488072872161865,434,1321332806,4,1
104001,1920,1560015,199681920,23520,0.6479166746139526,128,104000,0.48863720893859863,1920,17,1,500000,1000,,104001.0,0.629687488079071,0.6438220143318176,0.6499999761581421,0.6482713222503662,438,1321332806,4,1
105001,1920,1575015,201601920,23520,0.6499999761581421,128,105000,0.4924781322479248,1920,17,1,500000,1000,,105001.0,0.6302083134651184,0.643817126750946,0.6479166746139526,0.6482952237129211,442,1321332806,4,1
106001,1920,1590015,203521920,23520,0.6479166746139526,128,106000,0.49606800079345703,1920,17,1,500000,1000,,106001.0,0.6307291388511658,0.6438214182853699,0.6479166746139526,0.6486835479736328,447,1321332806,4,1
107001,1920,1605015,205441920,23520,0.6479166746139526,128,107000,0.49964404106140137,1920,17,1,500000,1000,,107001.0,0.6302083134651184,0.64382404088974,0.6479166746139526,0.6486128568649292,451,1321332806,4,1
108001,1920,1620015,207361920,23520,0.6479166746139526,128,108000,0.5040478706359863,1920,17,1,500000,1000,,108001.0,0.6291666626930237,0.6438190937042236,0.6479166746139526,0.648345947265625,455,1321332806,4,1
109001,1920,1635015,209281920,23520,0.6479166746139526,128,109000,0.5089130401611328,1920,17,1,500000,1000,,109001.0,0.629687488079071,0.6438217163085938,0.6479166746139526,0.6484968662261963,460,1321332806,4,1
110001,1920,1650015,211201920,23520,0.6479166746139526,128,110000,0.5132932662963867,1920,17,1,500000,1000,,110001.0,0.6307291388511658,0.643818736076355,0.6479166746139526,0.6485451459884644,464,1321332806,4,1
111001,1920,1665015,213121920,23520,0.6479166746139526,128,111000,0.516958475112915,1920,17,1,500000,1000,,111001.0,0.6307291388511658,0.6438189148902893,0.6499999761581421,0.6485183835029602,468,1321332806,4,1
112001,1920,1680015,215041920,23520,0.6499999761581421,128,112000,0.520646333694458,1920,17,1,500000,1000,,112001.0,0.6307291388511658,0.6438258290290833,0.6499999761581421,0.648527979850769,473,1321332806,4,1
113001,1920,1695015,216961920,23520,0.6499999761581421,128,113000,0.5242912769317627,1920,17,1,500000,1000,,113001.0,0.6317708492279053,0.6438248753547668,0.6479166746139526,0.6485347747802734,478,1321332806,4,1
114001,1920,1710015,218881920,23520,0.6479166746139526,128,114000,0.5278663635253906,1920,17,1,500000,1000,,114001.0,0.6307291388511658,0.6438215970993042,0.6499999761581421,0.6483721137046814,482,1321332806,4,1
115001,1920,1725015,220801920,23520,0.6499999761581421,128,115000,0.5315065383911133,1920,17,1,500000,1000,,115001.0,0.6302083134651184,0.6438196897506714,0.6499999761581421,0.6483192443847656,486,1321332806,4,1
116001,1920,1740015,222721920,23520,0.6499999761581421,128,116000,0.5351462364196777,1920,17,1,500000,1000,,116001.0,0.6322916746139526,0.6438214182853699,0.6499999761581421,0.6484063863754272,491,1321332806,4,1
117001,1920,1755015,224641920,23520,0.6499999761581421,128,117000,0.5388913154602051,1920,17,1,500000,1000,,117001.0,0.6307291388511658,0.6438215374946594,0.6479166746139526,0.6486437320709229,495,1321332806,4,1
118001,1920,1770015,226561920,23520,0.6479166746139526,128,118000,0.5427031517028809,1920,17,1,500000,1000,,118001.0,0.6302083134651184,0.6438201069831848,0.6479166746139526,0.6483109593391418,499,1321332806,4,1
119001,1920,1785015,228481920,23520,0.6479166746139526,128,119000,0.5464451313018799,1920,17,1,500000,1000,,119001.0,0.6307291388511658,0.6438198685646057,0.6479166746139526,0.6483981609344482,503,1321332806,4,1
120001,1920,1800015,230401920,23520,0.6479166746139526,128,120000,0.5508859157562256,1920,17,1,500000,1000,,120001.0,0.6291666626930237,0.6438190340995789,0.6479166746139526,0.6484812498092651,507,1321332806,4,1
121001,1920,1815015,232321920,23520,0.6479166746139526,128,121000,0.5544607639312744,1920,17,1,500000,1000,,121001.0,0.6302083134651184,0.6438203454017639,0.6499999761581421,0.6484262943267822,511,1321332806,4,1
122001,1920,1830015,234241920,23520,0.6499999761581421,128,122000,0.5596287250518799,1920,17,1,500000,1000,,122001.0,0.6302083134651184,0.6438190340995789,0.6395833492279053,0.6487232446670532,516,1321332806,4,1
123001,1920,1845015,236161920,23520,0.6395833492279053,128,123000,0.5636487007141113,1920,17,1,500000,1000,,123001.0,0.6322916746139526,0.643821120262146,0.6499999761581421,0.6482158303260803,520,1321332806,4,1
124001,1920,1860015,238081920,23520,0.6499999761581421,128,124000,0.5681257247924805,1920,17,1,500000,1000,,124001.0,0.6307291388511658,0.6438204050064087,0.6499999761581421,0.6482403874397278,524,1321332806,4,1
125001,1920,1875015,240001920,23520,0.6499999761581421,128,125000,0.5718169212341309,1920,17,1,500000,1000,,125001.0,0.6307291388511658,0.6438220739364624,0.6479166746139526,0.6482614278793335,529,1321332806,4,1
126001,1920,1890015,241921920,23520,0.6479166746139526,128,126000,0.5757808685302734,1920,17,1,500000,1000,,126001.0,0.6302083134651184,0.6438172459602356,0.6499999761581421,0.648571252822876,534,1321332806,4,1
127001,1920,1905015,243841920,23520,0.6499999761581421,128,127000,0.5794379711151123,1920,17,1,500000,1000,,127001.0,0.6328125,0.6438233852386475,0.6416666507720947,0.6486648321151733,538,1321332806,4,1
128001,1920,1920015,245761920,23520,0.6416666507720947,128,128000,0.5831680297851562,1920,17,1,500000,1000,,128001.0,0.6328125,0.6438204646110535,0.6479166746139526,0.6483432650566101,543,1321332806,4,1
129001,1920,1935015,247681920,23520,0.6479166746139526,128,129000,0.5868160724639893,1920,17,1,500000,1000,,129001.0,0.629687488079071,0.643817126750946,0.6479166746139526,0.6484939455986023,547,1321332806,4,1
130001,1920,1950015,249601920,23520,0.6479166746139526,128,130000,0.5904760360717773,1920,17,1,500000,1000,,130001.0,0.629687488079071,0.6438179612159729,0.6479166746139526,0.6485182642936707,551,1321332806,4,1
131001,1920,1965015,251521920,23520,0.6479166746139526,128,131000,0.594184160232544,1920,17,1,500000,1000,,131001.0,0.629687488079071,0.6438182592391968,0.6479166746139526,0.6484357714653015,556,1321332806,4,1
132001,1920,1980015,253441920,23520,0.6479166746139526,128,132000,0.5978960990905762,1920,17,1,500000,1000,,132001.0,0.629687488079071,0.6438174843788147,0.6479166746139526,0.6483803987503052,560,1321332806,4,1
133001,1920,1995015,255361920,23520,0.6479166746139526,128,133000,0.6015372276306152,1920,17,1,500000,1000,,133001.0,0.6307291388511658,0.6438196301460266,0.6479166746139526,0.6484280824661255,564,1321332806,4,1
134001,1920,2010015,257281920,23520,0.6479166746139526,128,134000,0.6051743030548096,1920,17,1,500000,1000,,134001.0,0.6317708492279053,0.6438227891921997,0.6479166746139526,0.6484700441360474,568,1321332806,4,1
135001,1920,2025015,259201920,23520,0.6479166746139526,128,135000,0.6134045124053955,1920,17,1,500000,1000,,135001.0,0.6307291388511658,0.6438140869140625,0.6479166746139526,0.6485477685928345,572,1321332806,4,1
136001,1920,2040015,261121920,23520,0.6479166746139526,128,136000,0.6173105239868164,1920,17,1,500000,1000,,136001.0,0.6302083134651184,0.6438215970993042,0.6479166746139526,0.6483297348022461,576,1321332806,4,1
137001,1920,2055015,263041920,23520,0.6479166746139526,128,137000,0.6211585998535156,1920,17,1,500000,1000,,137001.0,0.629687488079071,0.6438291072845459,0.6479166746139526,0.6482952237129211,581,1321332806,4,1
138001,1920,2070015,264961920,23520,0.6479166746139526,128,138000,0.6247446537017822,1920,17,1,500000,1000,,138001.0,0.6312500238418579,0.6438198089599609,0.6499999761581421,0.6483849287033081,585,1321332806,4,1
139001,1920,2085015,266881920,23520,0.6499999761581421,128,139000,0.6283707618713379,1920,17,1,500000,1000,,139001.0,0.6307291388511658,0.6438179016113281,0.6479166746139526,0.6482542753219604,589,1321332806,4,1
140001,1920,2100015,268801920,23520,0.6479166746139526,128,140000,0.6319999694824219,1920,17,1,500000,1000,,140001.0,0.6322916746139526,0.6438203454017639,0.6499999761581421,0.6484544277191162,593,1321332806,4,1
141001,1920,2115015,270721920,23520,0.6499999761581421,128,141000,0.6358058452606201,1920,17,1,500000,1000,,141001.0,0.629687488079071,0.643819272518158,0.6479166746139526,0.6484515070915222,598,1321332806,4,1
142001,1920,2130015,272641920,23520,0.6479166746139526,128,142000,0.639439582824707,1920,17,1,500000,1000,,142001.0,0.6307291388511658,0.6438210010528564,0.6479166746139526,0.6482509970664978,602,1321332806,4,1
143001,1920,2145015,274561920,23520,0.6479166746139526,128,143000,0.643176794052124,1920,17,1,500000,1000,,143001.0,0.6302083134651184,0.6438170671463013,0.6479166746139526,0.6485403776168823,606,1321332806,4,1
144001,1920,2160015,276481920,23520,0.6479166746139526,128,144000,0.6468048095703125,1920,17,1,500000,1000,,144001.0,0.6291666626930237,0.6438226699829102,0.6479166746139526,0.6482992768287659,610,1321332806,4,1
145001,1920,2175015,278401920,23520,0.6479166746139526,128,145000,0.650425910949707,1920,17,1,500000,1000,,145001.0,0.6307291388511658,0.6438233256340027,0.6499999761581421,0.6483200192451477,614,1321332806,4,1
146001,1920,2190015,280321920,23520,0.6499999761581421,128,146000,0.6540839672088623,1920,17,1,500000,1000,,146001.0,0.629687488079071,0.6438223719596863,0.6479166746139526,0.6484920978546143,618,1321332806,4,1
147001,1920,2205015,282241920,23520,0.6479166746139526,128,147000,0.6577229499816895,1920,17,1,500000,1000,,147001.0,0.6317708492279053,0.6438204050064087,0.6479166746139526,0.6483449339866638,623,1321332806,4,1
148001,1920,2220015,284161920,23520,0.6479166746139526,128,148000,0.6613461971282959,1920,17,1,500000,1000,,148001.0,0.6291666626930237,0.6438167691230774,0.6479166746139526,0.6485009789466858,627,1321332806,4,1
149001,1920,2235015,286081920,23520,0.6479166746139526,128,149000,0.6668810844421387,1920,17,1,500000,1000,,149001.0,0.6291666626930237,0.6438263654708862,0.6479166746139526,0.648130476474762,631,1321332806,4,1
150001,1920,2250015,288001920,23520,0.6479166746139526,128,150000,0.6711061000823975,1920,17,1,500000,1000,,150001.0,0.629687488079071,0.6438246369361877,0.6479166746139526,0.6479222774505615,635,1321332806,4,1
151001,1920,2265015,289921920,23520,0.6479166746139526,128,151000,0.6747691631317139,1920,17,1,500000,1000,,151001.0,0.6322916746139526,0.6438305377960205,0.6499999761581421,0.6481362581253052,639,1321332806,4,1
152001,1920,2280015,291841920,23520,0.6499999761581421,128,152000,0.6808199882507324,1920,17,1,500000,1000,,152001.0,0.629687488079071,0.6438170075416565,0.6479166746139526,0.6486393809318542,643,1321332806,4,1
153001,1920,2295015,293761920,23520,0.6479166746139526,128,153000,0.6861350536346436,1920,17,1,500000,1000,,153001.0,0.6307291388511658,0.6438196897506714,0.6499999761581421,0.648349404335022,647,1321332806,4,1
154001,1920,2310015,295681920,23520,0.6499999761581421,128,154000,0.6897599697113037,1920,17,1,500000,1000,,154001.0,0.6307291388511658,0.6438223123550415,0.6499999761581421,0.6482833623886108,651,1321332806,4,1
155001,1920,2325015,297601920,23520,0.6499999761581421,128,155000,0.6934351921081543,1920,17,1,500000,1000,,155001.0,0.6307291388511658,0.643820583820343,0.6499999761581421,0.648418128490448,656,1321332806,4,1
156001,1920,2340015,299521920,23520,0.6499999761581421,128,156000,0.6970720291137695,1920,17,1,500000,1000,,156001.0,0.6291666626930237,0.643823504447937,0.6499999761581421,0.6483861207962036,660,1321332806,4,1
157001,1920,2355015,301441920,23520,0.6499999761581421,128,157000,0.7006597518920898,1920,17,1,500000,1000,,157001.0,0.6302083134651184,0.6438178420066833,0.6479166746139526,0.6484413146972656,664,1321332806,4,1
158001,1920,2370015,303361920,23520,0.6479166746139526,128,158000,0.7042686939239502,1920,17,1,500000,1000,,158001.0,0.629687488079071,0.6438167691230774,0.6479166746139526,0.648465096950531,668,1321332806,4,1
159001,1920,2385015,305281920,23520,0.6479166746139526,128,159000,0.707850456237793,1920,17,1,500000,1000,,159001.0,0.6312500238418579,0.6438193917274475,0.6479166746139526,0.6485519409179688,672,1321332806,4,1
160001,1920,2400015,307201920,23520,0.6479166746139526,128,160000,0.7120764255523682,1920,17,1,500000,1000,,160001.0,0.6307291388511658,0.6438275575637817,0.6479166746139526,0.648688554763794,677,1321332806,4,1
161001,1920,2415015,309121920,23520,0.6479166746139526,128,161000,0.7158164978027344,1920,17,1,500000,1000,,161001.0,0.6317708492279053,0.6438195705413818,0.6479166746139526,0.648697555065155,681,1321332806,4,1
162001,1920,2430015,311041920,23520,0.6479166746139526,128,162000,0.7193877696990967,1920,17,1,500000,1000,,162001.0,0.6307291388511658,0.6438202261924744,0.6520833373069763,0.6483383774757385,685,1321332806,4,1
163001,1920,2445015,312961920,23520,0.6520833373069763,128,163000,0.7231616973876953,1920,17,1,500000,1000,,163001.0,0.6312500238418579,0.6438183188438416,0.6479166746139526,0.6483625769615173,689,1321332806,4,1
164001,1920,2460015,314881920,23520,0.6479166746139526,128,164000,0.7296688556671143,1920,17,1,500000,1000,,164001.0,0.6317708492279053,0.6438190340995789,0.6479166746139526,0.6486366987228394,693,1321332806,4,1
165001,1920,2475015,316801920,23520,0.6479166746139526,128,165000,0.7350177764892578,1920,17,1,500000,1000,,165001.0,0.629687488079071,0.6438203454017639,0.6479166746139526,0.6485583186149597,697,1321332806,4,1
166001,1920,2490015,318721920,23520,0.6479166746139526,128,166000,0.7391207218170166,1920,17,1,500000,1000,,166001.0,0.6291666626930237,0.6438170671463013,0.6479166746139526,0.6482268571853638,702,1321332806,4,1
167001,1920,2505015,320641920,23520,0.6479166746139526,128,167000,0.7428698539733887,1920,17,1,500000,1000,,167001.0,0.6302083134651184,0.6438225507736206,0.6499999761581421,0.6484189629554749,706,1321332806,4,1
168001,1920,2520015,322561920,23520,0.6499999761581421,128,168000,0.7475018501281738,1920,17,1,500000,1000,,168001.0,0.6302083134651184,0.643815815448761,0.6479166746139526,0.6484019756317139,710,1321332806,4,1
169001,1920,2535015,324481920,23520,0.6479166746139526,128,169000,0.7510848045349121,1920,17,1,500000,1000,,169001.0,0.6291666626930237,0.6438221335411072,0.6479166746139526,0.6481061577796936,714,1321332806,4,1
170001,1920,2550015,326401920,23520,0.6479166746139526,128,170000,0.7546677589416504,1920,17,1,500000,1000,,170001.0,0.6307291388511658,0.6438168883323669,0.6499999761581421,0.6483598351478577,719,1321332806,4,1
171001,1920,2565015,328321920,23520,0.6499999761581421,128,171000,0.75846266746521,1920,17,1,500000,1000,,171001.0,0.6302083134651184,0.6438199281692505,0.6499999761581421,0.648579478263855,723,1321332806,4,1
172001,1920,2580015,330241920,23520,0.6499999761581421,128,172000,0.7624485492706299,1920,17,1,500000,1000,,172001.0,0.629687488079071,0.6438162922859192,0.6479166746139526,0.6484841704368591,727,1321332806,4,1
173001,1920,2595015,332161920,23520,0.6479166746139526,128,173000,0.7660136222839355,1920,17,1,500000,1000,,173001.0,0.629687488079071,0.6438198685646057,0.6479166746139526,0.6485745906829834,731,1321332806,4,1
174001,1920,2610015,334081920,23520,0.6479166746139526,128,174000,0.7696995735168457,1920,17,1,500000,1000,,174001.0,0.6302083134651184,0.6438184380531311,0.6479166746139526,0.6484318971633911,736,1321332806,4,1
175001,1920,2625015,336001920,23520,0.6479166746139526,128,175000,0.773383617401123,1920,17,1,500000,1000,,175001.0,0.6286458373069763,0.643819272518158,0.6479166746139526,0.6482468843460083,740,1321332806,4,1
176001,1920,2640015,337921920,23520,0.6479166746139526,128,176000,0.7771055698394775,1920,17,1,500000,1000,,176001.0,0.6312500238418579,0.6438190340995789,0.6395833492279053,0.6487823128700256,744,1321332806,4,1
177001,1920,2655015,339841920,23520,0.6395833492279053,128,177000,0.7806706428527832,1920,17,1,500000,1000,,177001.0,0.6312500238418579,0.6438175439834595,0.6499999761581421,0.6484083533287048,748,1321332806,4,1
178001,1920,2670015,341761920,23520,0.6499999761581421,128,178000,0.7842373847961426,1920,17,1,500000,1000,,178001.0,0.629687488079071,0.6438255310058594,0.6416666507720947,0.6488725543022156,753,1321332806,4,1
179001,1920,2685015,343681920,23520,0.6416666507720947,128,179000,0.7880065441131592,1920,17,1,500000,1000,,179001.0,0.6328125,0.6438230276107788,0.6499999761581421,0.6485320329666138,757,1321332806,4,1
180001,1920,2700015,345601920,23520,0.6499999761581421,128,180000,0.7916774749755859,1920,17,1,500000,1000,,180001.0,0.6291666626930237,0.6438180804252625,0.6479166746139526,0.6484392285346985,761,1321332806,4,1
181001,1920,2715015,347521920,23520,0.6479166746139526,128,181000,0.7952735424041748,1920,17,1,500000,1000,,181001.0,0.6307291388511658,0.6438208222389221,0.6479166746139526,0.6482722163200378,765,1321332806,4,1
182001,1920,2730015,349441920,23520,0.6479166746139526,128,182000,0.7988574504852295,1920,17,1,500000,1000,,182001.0,0.6302083134651184,0.6438242197036743,0.6395833492279053,0.648742139339447,770,1321332806,4,1
183001,1920,2745015,351361920,23520,0.6395833492279053,128,183000,0.8055646419525146,1920,17,1,500000,1000,,183001.0,0.6312500238418579,0.6438206434249878,0.6499999761581421,0.6484972834587097,774,1321332806,4,1
184001,1920,2760015,353281920,23520,0.6499999761581421,128,184000,0.8092765808105469,1920,17,1,500000,1000,,184001.0,0.6317708492279053,0.6438185572624207,0.6479166746139526,0.6488694548606873,778,1321332806,4,1
185001,1920,2775015,355201920,23520,0.6479166746139526,128,185000,0.8128726482391357,1920,17,1,500000,1000,,185001.0,0.6302083134651184,0.6438186764717102,0.6499999761581421,0.648298978805542,782,1321332806,4,1
186001,1920,2790015,357121920,23520,0.6499999761581421,128,186000,0.8164734840393066,1920,17,1,500000,1000,,186001.0,0.6328125,0.643819272518158,0.6499999761581421,0.6485227346420288,786,1321332806,4,1
187001,1920,2805015,359041920,23520,0.6499999761581421,128,187000,0.8200201988220215,1920,17,1,500000,1000,,187001.0,0.6291666626930237,0.6438195705413818,0.6395833492279053,0.6487235426902771,790,1321332806,4,1
188001,1920,2820015,360961920,23520,0.6395833492279053,128,188000,0.824566125869751,1920,17,1,500000,1000,,188001.0,0.6302083134651184,0.6438195705413818,0.6479166746139526,0.6487158536911011,795,1321332806,4,1
189001,1920,2835015,362881920,23520,0.6479166746139526,128,189000,0.8281452655792236,1920,17,1,500000,1000,,189001.0,0.6307291388511658,0.6438187956809998,0.6479166746139526,0.6483067274093628,799,1321332806,4,1
190001,1920,2850015,364801920,23520,0.6479166746139526,128,190000,0.8317523002624512,1920,17,1,500000,1000,,190001.0,0.6312500238418579,0.643820583820343,0.6499999761581421,0.648055374622345,803,1321332806,4,1
191001,1920,2865015,366721920,23520,0.6499999761581421,128,191000,0.835829496383667,1920,17,1,500000,1000,,191001.0,0.6312500238418579,0.6438239216804504,0.6499999761581421,0.6484239101409912,807,1321332806,4,1
192001,1920,2880015,368641920,23520,0.6499999761581421,128,192000,0.8423643112182617,1920,17,1,500000,1000,,192001.0,0.6312500238418579,0.6438223123550415,0.6395833492279053,0.6488019824028015,812,1321332806,4,1
193001,1920,2895015,370561920,23520,0.6395833492279053,128,193000,0.8459522724151611,1920,17,1,500000,1000,,193001.0,0.6302083134651184,0.6438191533088684,0.6479166746139526,0.6483582854270935,816,1321332806,4,1
194001,1920,2910015,372481920,23520,0.6479166746139526,128,194000,0.8495123386383057,1920,17,1,500000,1000,,194001.0,0.629687488079071,0.6438242197036743,0.6479166746139526,0.6482080817222595,821,1321332806,4,1
195001,1920,2925015,374401920,23520,0.6479166746139526,128,195000,0.8532123565673828,1920,17,1,500000,1000,,195001.0,0.6312500238418579,0.6438195705413818,0.6499999761581421,0.6486313939094543,825,1321332806,4,1
196001,1920,2940015,376321920,23520,0.6499999761581421,128,196000,0.8567843437194824,1920,17,1,500000,1000,,196001.0,0.6302083134651184,0.6438159346580505,0.6499999761581421,0.6483033895492554,829,1321332806,4,1
197001,1920,2955015,378241920,23520,0.6499999761581421,128,197000,0.8609414100646973,1920,17,1,500000,1000,,197001.0,0.6307291388511658,0.6438170671463013,0.6499999761581421,0.6482225656509399,834,1321332806,4,1
198001,1920,2970015,380161920,23520,0.6499999761581421,128,198000,0.8645293712615967,1920,17,1,500000,1000,,198001.0,0.6307291388511658,0.643817126750946,0.6499999761581421,0.6483455896377563,838,1321332806,4,1
199001,1920,2985015,382081920,23520,0.6499999761581421,128,199000,0.8681204319000244,1920,17,1,500000,1000,,199001.0,0.629687488079071,0.6438207030296326,0.6479166746139526,0.6483286619186401,842,1321332806,4,1
200001,1920,3000015,384001920,23520,0.6479166746139526,128,200000,0.8721063137054443,1920,17,1,500000,1000,,200001.0,0.629687488079071,0.6438215970993042,0.6479166746139526,0.6484643816947937,846,1321332806,4,1
201001,1920,3015015,385921920,23520,0.6479166746139526,128,201000,0.8756914138793945,1920,17,1,500000,1000,,201001.0,0.6317708492279053,0.6438218951225281,0.6479166746139526,0.6486701965332031,851,1321332806,4,1
202001,1920,3030015,387841920,23520,0.6479166746139526,128,202000,0.8792712688446045,1920,17,1,500000,1000,,202001.0,0.6317708492279053,0.6438196897506714,0.6499999761581421,0.6487932801246643,855,1321332806,4,1
203001,1920,3045015,389761920,23520,0.6499999761581421,128,203000,0.8830151557922363,1920,17,1,500000,1000,,203001.0,0.629687488079071,0.6438170671463013,0.6479166746139526,0.6482969522476196,859,1321332806,4,1
204001,1920,3060015,391681920,23520,0.6479166746139526,128,204000,0.8865892887115479,1920,17,1,500000,1000,,204001.0,0.6317708492279053,0.6438204646110535,0.6479166746139526,0.6482769250869751,863,1321332806,4,1
205001,1920,3075015,393601920,23520,0.6479166746139526,128,205000,0.8901793956756592,1920,17,1,500000,1000,,205001.0,0.6307291388511658,0.6438196301460266,0.6479166746139526,0.648745596408844,867,1321332806,4,1
206001,1920,3090015,395521920,23520,0.6479166746139526,128,206000,0.893862247467041,1920,17,1,500000,1000,,206001.0,0.6291666626930237,0.6438207626342773,0.6479166746139526,0.6484412550926208,871,1321332806,4,1
207001,1920,3105015,397441920,23520,0.6479166746139526,128,207000,0.8974292278289795,1920,17,1,500000,1000,,207001.0,0.6307291388511658,0.643822968006134,0.6479166746139526,0.6484023928642273,876,1321332806,4,1
208001,1920,3120015,399361920,23520,0.6479166746139526,128,208000,0.9010612964630127,1920,17,1,500000,1000,,208001.0,0.6307291388511658,0.6438195705413818,0.6479166746139526,0.6486806869506836,880,1321332806,4,1
209001,1920,3135015,401281920,23520,0.6479166746139526,128,209000,0.9046452045440674,1920,17,1,500000,1000,,209001.0,0.6307291388511658,0.6438194513320923,0.6479166746139526,0.6485803127288818,884,1321332806,4,1
210001,1920,3150015,403201920,23520,0.6479166746139526,128,210000,0.9082353115081787,1920,17,1,500000,1000,,210001.0,0.6322916746139526,0.6438245177268982,0.6479166746139526,0.6486198306083679,888,1321332806,4,1
211001,1920,3165015,405121920,23520,0.6479166746139526,128,211000,0.9118943214416504,1920,17,1,500000,1000,,211001.0,0.6302083134651184,0.6438194513320923,0.6479166746139526,0.6483761668205261,892,1321332806,4,1
212001,1920,3180015,407041920,23520,0.6479166746139526,128,212000,0.9154901504516602,1920,17,1,500000,1000,,212001.0,0.6302083134651184,0.6438208222389221,0.6499999761581421,0.6485158205032349,897,1321332806,4,1
213001,1920,3195015,408961920,23520,0.6499999761581421,128,213000,0.9232480525970459,1920,17,1,500000,1000,,213001.0,0.6307291388511658,0.6438261270523071,0.6499999761581421,0.6482613682746887,901,1321332806,4,1
214001,1920,3210015,410881920,23520,0.6499999761581421,128,214000,0.9284729957580566,1920,17,1,500000,1000,,214001.0,0.6307291388511658,0.643824577331543,0.6499999761581421,0.6482306718826294,905,1321332806,4,1
215001,1920,3225015,412801920,23520,0.6499999761581421,128,215000,0.9322891235351562,1920,17,1,500000,1000,,215001.0,0.6312500238418579,0.6438229084014893,0.6499999761581421,0.6485711336135864,909,1321332806,4,1
216001,1920,3240015,414721920,23520,0.6499999761581421,128,216000,0.9358642101287842,1920,17,1,500000,1000,,216001.0,0.6302083134651184,0.6438203454017639,0.6479166746139526,0.6483039855957031,913,1321332806,4,1
217001,1920,3255015,416641920,23520,0.6479166746139526,128,217000,0.9394433498382568,1920,17,1,500000,1000,,217001.0,0.6307291388511658,0.6438207626342773,0.6479166746139526,0.6484581232070923,917,1321332806,4,1
218001,1920,3270015,418561920,23520,0.6479166746139526,128,218000,0.9430184364318848,1920,17,1,500000,1000,,218001.0,0.629687488079071,0.6438172459602356,0.6479166746139526,0.648300051689148,921,1321332806,4,1
219001,1920,3285015,420481920,23520,0.6479166746139526,128,219000,0.9465994834899902,1920,17,1,500000,1000,,219001.0,0.629687488079071,0.6438186168670654,0.6479166746139526,0.6484286785125732,925,1321332806,4,1
220001,1920,3300015,422401920,23520,0.6479166746139526,128,220000,0.9503345489501953,1920,17,1,500000,1000,,220001.0,0.629687488079071,0.6438168883323669,0.6479166746139526,0.6485322117805481,930,1321332806,4,1
221001,1920,3315015,424321920,23520,0.6479166746139526,128,221000,0.9540896415710449,1920,17,1,500000,1000,,221001.0,0.629687488079071,0.6438197493553162,0.6479166746139526,0.6481708288192749,934,1321332806,4,1
222001,1920,3330015,426241920,23520,0.6479166746139526,128,222000,0.957695722579956,1920,17,1,500000,1000,,222001.0,0.6291666626930237,0.6438212990760803,0.6499999761581421,0.6481505036354065,938,1321332806,4,1
223001,1920,3345015,428161920,23520,0.6499999761581421,128,223000,0.9627878665924072,1920,17,1,500000,1000,,223001.0,0.6307291388511658,0.6438236236572266,0.6499999761581421,0.6487073302268982,942,1321332806,4,1
224001,1920,3360015,430081920,23520,0.6499999761581421,128,224000,0.9665040969848633,1920,17,1,500000,1000,,224001.0,0.6302083134651184,0.6438206434249878,0.6499999761581421,0.6481571793556213,947,1321332806,4,1
225001,1920,3375015,432001920,23520,0.6499999761581421,128,225000,0.9700791835784912,1920,17,1,500000,1000,,225001.0,0.6317708492279053,0.6438207030296326,0.6499999761581421,0.6483322978019714,951,1321332806,4,1
226001,1920,3390015,433921920,23520,0.6499999761581421,128,226000,0.9737701416015625,1920,17,1,500000,1000,,226001.0,0.6307291388511658,0.6438196897506714,0.6520833373069763,0.648253858089447,955,1321332806,4,1
227001,1920,3405015,435841920,23520,0.6520833373069763,128,227000,0.9773523807525635,1920,17,1,500000,1000,,227001.0,0.6307291388511658,0.6438168883323669,0.6479166746139526,0.6483825445175171,959,1321332806,4,1
228001,1920,3420015,437761920,23520,0.6479166746139526,128,228000,0.9824473857879639,1920,17,1,500000,1000,,228001.0,0.6312500238418579,0.6438191533088684,0.6499999761581421,0.6484108567237854,968,1321332806,4,1
229001,1920,3435015,439681920,23520,0.6499999761581421,128,229000,0.9861640930175781,1920,17,1,500000,1000,,229001.0,0.6307291388511658,0.6438186764717102,0.6499999761581421,0.6484991312026978,990,1321332806,4,1
230001,1920,3450015,441601920,23520,0.6499999761581421,128,230000,0.9899520874023438,1920,17,1,500000,1000,,230001.0,0.6307291388511658,0.6438237428665161,0.6479166746139526,0.6483048796653748,995,1321332806,4,1
231001,1920,3465015,443521920,23520,0.6479166746139526,128,231000,0.9958839416503906,1920,17,1,500000,1000,,231001.0,0.6291666626930237,0.6438230872154236,0.6479166746139526,0.6482632756233215,1001,1321332806,4,1
232001,1920,3480015,445441920,23520,0.6479166746139526,128,232000,0.9994869232177734,1920,17,1,500000,1000,,232001.0,0.629687488079071,0.6438170075416565,0.6499999761581421,0.6483088731765747,1006,1321332806,4,1
233001,1920,3495015,447361920,23520,0.6499999761581421,128,233000,1.003077745437622,1920,17,1,500000,1000,,233001.0,0.629687488079071,0.6438195109367371,0.6479166746139526,0.6483450531959534,1011,1321332806,4,1
234001,1920,3510015,449281920,23520,0.6479166746139526,128,234000,1.0068159103393555,1920,17,1,500000,1000,,234001.0,0.6307291388511658,0.6438214778900146,0.6479166746139526,0.6482161283493042,1015,1321332806,4,1
235001,1920,3525015,451201920,23520,0.6479166746139526,128,235000,1.0103979110717773,1920,17,1,500000,1000,,235001.0,0.6312500238418579,0.64382004737854,0.6499999761581421,0.6485424637794495,1020,1321332806,4,1
236001,1920,3540015,453121920,23520,0.6499999761581421,128,236000,1.016068696975708,1920,17,1,500000,1000,,236001.0,0.6312500238418579,0.6438221335411072,0.6499999761581421,0.6484031677246094,1024,1321332806,4,1
237001,1920,3555015,455041920,23520,0.6499999761581421,128,237000,1.0198235511779785,1920,17,1,500000,1000,,237001.0,0.629687488079071,0.6438173651695251,0.6479166746139526,0.6485569477081299,1028,1321332806,4,1
238001,1920,3570015,456961920,23520,0.6479166746139526,128,238000,1.0238516330718994,1920,17,1,500000,1000,,238001.0,0.6307291388511658,0.6438185572624207,0.6479166746139526,0.6485247015953064,1032,1321332806,4,1
239001,1920,3585015,458881920,23520,0.6479166746139526,128,239000,1.0275874137878418,1920,17,1,500000,1000,,239001.0,0.6302083134651184,0.6438169479370117,0.6479166746139526,0.6485341191291809,1037,1321332806,4,1
240001,1920,3600015,460801920,23520,0.6479166746139526,128,240000,1.032902479171753,1920,17,1,500000,1000,,240001.0,0.6291666626930237,0.6438168883323669,0.6499999761581421,0.6483696699142456,1044,1321332806,4,1
241001,1920,3615015,462721920,23520,0.6499999761581421,128,241000,1.0404844284057617,1920,17,1,500000,1000,,241001.0,0.629687488079071,0.6438159346580505,0.6479166746139526,0.6485616564750671,1063,1321332806,4,1
242001,1920,3630015,464641920,23520,0.6479166746139526,128,242000,1.0448994636535645,1920,17,1,500000,1000,,242001.0,0.6291666626930237,0.6438152194023132,0.6395833492279053,0.6485692262649536,1078,1321332806,4,1
243001,1920,3645015,466561920,23520,0.6395833492279053,128,243000,1.070495367050171,1920,17,1,500000,1000,,243001.0,0.6312500238418579,0.6438217759132385,0.6416666507720947,0.6486443281173706,1093,1321332806,4,1
244001,1920,3660015,468481920,23520,0.6416666507720947,128,244000,1.0746240615844727,1920,17,1,500000,1000,,244001.0,0.629687488079071,0.6438226103782654,0.6416666507720947,0.6484536528587341,1105,1321332806,4,1
245001,1920,3675015,470401920,23520,0.6416666507720947,128,245000,1.078406810760498,1920,17,1,500000,1000,,245001.0,0.629687488079071,0.6438155770301819,0.6479166746139526,0.6482541561126709,1110,1321332806,4,1
246001,1920,3690015,472321920,23520,0.6479166746139526,128,246000,1.0820870399475098,1920,17,1,500000,1000,,246001.0,0.6307291388511658,0.6438169479370117,0.6479166746139526,0.6484439969062805,1115,1321332806,4,1
247001,1920,3705015,474241920,23520,0.6479166746139526,128,247000,1.0858709812164307,1920,17,1,500000,1000,,247001.0,0.6302083134651184,0.6438213586807251,0.6479166746139526,0.648486852645874,1119,1321332806,4,1
248001,1920,3720015,476161920,23520,0.6479166746139526,128,248000,1.0895850658416748,1920,17,1,500000,1000,,248001.0,0.6312500238418579,0.6438226699829102,0.6479166746139526,0.6484643816947937,1123,1321332806,4,1
249001,1920,3735015,478081920,23520,0.6479166746139526,128,249000,1.093257188796997,1920,17,1,500000,1000,,249001.0,0.6307291388511658,0.6438189148902893,0.6479166746139526,0.6485552191734314,1129,1321332806,4,1
250001,1920,3750015,480001920,23520,0.6479166746139526,128,250000,1.0976693630218506,1920,17,1,500000,1000,,250001.0,0.6317708492279053,0.6438167691230774,0.6479166746139526,0.6486911773681641,1133,1321332806,4,1
251001,1920,3765015,481921920,23520,0.6479166746139526,128,251000,1.10127854347229,1920,17,1,500000,1000,,251001.0,0.629687488079071,0.6438219547271729,0.6479166746139526,0.6482750177383423,1138,1321332806,4,1
252001,1920,3780015,483841920,23520,0.6479166746139526,128,252000,1.1048815250396729,1920,17,1,500000,1000,,252001.0,0.6307291388511658,0.6438184976577759,0.6499999761581421,0.6483542919158936,1142,1321332806,4,1
253001,1920,3795015,485761920,23520,0.6499999761581421,128,253000,1.1346895694732666,1920,17,1,500000,1000,,253001.0,0.6307291388511658,0.6438213586807251,0.6499999761581421,0.6485896706581116,1147,1321332806,4,1
254001,1920,3810015,487681920,23520,0.6499999761581421,128,254000,1.1382465362548828,1920,17,1,500000,1000,,254001.0,0.629687488079071,0.6438201069831848,0.6499999761581421,0.6483736634254456,1151,1321332806,4,1
255001,1920,3825015,489601920,23520,0.6499999761581421,128,255000,1.142075538635254,1920,17,1,500000,1000,,255001.0,0.629687488079071,0.6438220143318176,0.6479166746139526,0.6482935547828674,1155,1321332806,4,1
256001,1920,3840015,491521920,23520,0.6479166746139526,128,256000,1.1457996368408203,1920,17,1,500000,1000,,256001.0,0.6302083134651184,0.6438199281692505,0.6499999761581421,0.6481896042823792,1159,1321332806,4,1
257001,1920,3855015,493441920,23520,0.6499999761581421,128,257000,1.1501216888427734,1920,17,1,500000,1000,,257001.0,0.6307291388511658,0.6438208222389221,0.6499999761581421,0.6485273241996765,1163,1321332806,4,1
258001,1920,3870015,495361920,23520,0.6499999761581421,128,258000,1.1538505554199219,1920,17,1,500000,1000,,258001.0,0.6312500238418579,0.6438227295875549,0.6416666507720947,0.6488755345344543,1168,1321332806,4,1
259001,1920,3885015,497281920,23520,0.6416666507720947,128,259000,1.1574528217315674,1920,17,1,500000,1000,,259001.0,0.6307291388511658,0.6438215374946594,0.6479166746139526,0.6484562158584595,1172,1321332806,4,1
260001,1920,3900015,499201920,23520,0.6479166746139526,128,260000,1.1611740589141846,1920,17,1,500000,1000,,260001.0,0.6302083134651184,0.6438186764717102,0.6499999761581421,0.6484988927841187,1176,1321332806,4,1
261001,1920,3915015,501121920,23520,0.6499999761581421,128,261000,1.1649019718170166,1920,17,1,500000,1000,,261001.0,0.629687488079071,0.6438195109367371,0.6479166746139526,0.6482147574424744,1181,1321332806,4,1
262001,1920,3930015,503041920,23520,0.6479166746139526,128,262000,1.1699039936065674,1920,17,1,500000,1000,,262001.0,0.6307291388511658,0.6438210010528564,0.6479166746139526,0.6485694646835327,1185,1321332806,4,1
263001,1920,3945015,504961920,23520,0.6479166746139526,128,263000,1.1734898090362549,1920,17,1,500000,1000,,263001.0,0.6317708492279053,0.6438191533088684,0.6499999761581421,0.6483031511306763,1190,1321332806,4,1
264001,1920,3960015,506881920,23520,0.6499999761581421,128,264000,1.1770918369293213,1920,17,1,500000,1000,,264001.0,0.629687488079071,0.643816351890564,0.6479166746139526,0.6485643982887268,1194,1321332806,4,1
265001,1920,3975015,508801920,23520,0.6479166746139526,128,265000,1.1806716918945312,1920,17,1,500000,1000,,265001.0,0.6307291388511658,0.6438168287277222,0.6479166746139526,0.6485920548439026,1199,1321332806,4,1
266001,1920,3990015,510721920,23520,0.6479166746139526,128,266000,1.1843738555908203,1920,17,1,500000,1000,,266001.0,0.6322916746139526,0.6438196897506714,0.6416666507720947,0.6485764980316162,1203,1321332806,4,1
267001,1920,4005015,512641920,23520,0.6416666507720947,128,267000,1.188166618347168,1920,17,1,500000,1000,,267001.0,0.6307291388511658,0.6438248753547668,0.6479166746139526,0.6487938165664673,1207,1321332806,4,1
268001,1920,4020015,514561920,23520,0.6479166746139526,128,268000,1.1917774677276611,1920,17,1,500000,1000,,268001.0,0.6322916746139526,0.6438190937042236,0.6499999761581421,0.6486414670944214,1211,1321332806,4,1
269001,1920,4035015,516481920,23520,0.6499999761581421,128,269000,1.1957626342773438,1920,17,1,500000,1000,,269001.0,0.6312500238418579,0.6438249945640564,0.6395833492279053,0.6486126184463501,1216,1321332806,4,1
270001,1920,4050015,518401920,23520,0.6395833492279053,128,270000,1.200854778289795,1920,17,1,500000,1000,,270001.0,0.629687488079071,0.643815815448761,0.6479166746139526,0.648488461971283,1220,1321332806,4,1
271001,1920,4065015,520321920,23520,0.6479166746139526,128,271000,1.204465627670288,1920,17,1,500000,1000,,271001.0,0.6302083134651184,0.6438170671463013,0.6479166746139526,0.6482927203178406,1224,1321332806,4,1
272001,1920,4080015,522241920,23520,0.6479166746139526,128,272000,1.2080295085906982,1920,17,1,500000,1000,,272001.0,0.6291666626930237,0.6438187956809998,0.6395833492279053,0.648834228515625,1229,1321332806,4,1
273001,1920,4095015,524161920,23520,0.6395833492279053,128,273000,1.211782455444336,1920,17,1,500000,1000,,273001.0,0.6307291388511658,0.6438214778900146,0.6499999761581421,0.6484957337379456,1233,1321332806,4,1
274001,1920,4110015,526081920,23520,0.6499999761581421,128,274000,1.2155253887176514,1920,17,1,500000,1000,,274001.0,0.629687488079071,0.6438221335411072,0.6479166746139526,0.6485384106636047,1237,1321332806,4,1
275001,1920,4125015,528001920,23520,0.6479166746139526,128,275000,1.2191994190216064,1920,17,1,500000,1000,,275001.0,0.6307291388511658,0.6438224911689758,0.6479166746139526,0.6486844420433044,1241,1321332806,4,1
276001,1920,4140015,529921920,23520,0.6479166746139526,128,276000,1.2229325771331787,1920,17,1,500000,1000,,276001.0,0.6291666626930237,0.6438180208206177,0.6499999761581421,0.6482518315315247,1245,1321332806,4,1
277001,1920,4155015,531841920,23520,0.6499999761581421,128,277000,1.2266926765441895,1920,17,1,500000,1000,,277001.0,0.6302083134651184,0.6438195109367371,0.6479166746139526,0.6482375264167786,1250,1321332806,4,1
278001,1920,4170015,533761920,23520,0.6479166746139526,128,278000,1.2308547496795654,1920,17,1,500000,1000,,278001.0,0.629687488079071,0.6438189744949341,0.6479166746139526,0.6485303640365601,1254,1321332806,4,1
279001,1920,4185015,535681920,23520,0.6479166746139526,128,279000,1.2345967292785645,1920,17,1,500000,1000,,279001.0,0.6312500238418579,0.6438222527503967,0.6395833492279053,0.6489154696464539,1258,1321332806,4,1
280001,1920,4200015,537601920,23520,0.6395833492279053,128,280000,1.2381799221038818,1920,17,1,500000,1000,,280001.0,0.6307291388511658,0.6438148021697998,0.6499999761581421,0.6485190987586975,1262,1321332806,4,1
281001,1920,4215015,539521920,23520,0.6499999761581421,128,281000,1.2417566776275635,1920,17,1,500000,1000,,281001.0,0.6291666626930237,0.6438189148902893,0.6499999761581421,0.6484211087226868,1267,1321332806,4,1
282001,1920,4230015,541441920,23520,0.6499999761581421,128,282000,1.2455146312713623,1920,17,1,500000,1000,,282001.0,0.629687488079071,0.6438213586807251,0.6479166746139526,0.6483943462371826,1271,1321332806,4,1
283001,1920,4245015,543361920,23520,0.6479166746139526,128,283000,1.2491066455841064,1920,17,1,500000,1000,,283001.0,0.6302083134651184,0.6438166499137878,0.6499999761581421,0.648445725440979,1275,1321332806,4,1
284001,1920,4260015,545281920,23520,0.6499999761581421,128,284000,1.2534234523773193,1920,17,1,500000,1000,,284001.0,0.6317708492279053,0.6438221335411072,0.6479166746139526,0.6486021876335144,1280,1321332806,4,1
285001,1920,4275015,547201920,23520,0.6479166746139526,128,285000,1.2572214603424072,1920,17,1,500000,1000,,285001.0,0.6307291388511658,0.6438173055648804,0.6479166746139526,0.6485707759857178,1284,1321332806,4,1
286001,1920,4290015,549121920,23520,0.6479166746139526,128,286000,1.2609713077545166,1920,17,1,500000,1000,,286001.0,0.6302083134651184,0.6438199281692505,0.6416666507720947,0.6485452651977539,1289,1321332806,4,1
287001,1920,4305015,551041920,23520,0.6416666507720947,128,287000,1.2645385265350342,1920,17,1,500000,1000,,287001.0,0.6317708492279053,0.6438186168670654,0.6499999761581421,0.6482805609703064,1293,1321332806,4,1
288001,1920,4320015,552961920,23520,0.6499999761581421,128,288000,1.2681174278259277,1920,17,1,500000,1000,,288001.0,0.629687488079071,0.6438187956809998,0.6479166746139526,0.6483508348464966,1297,1321332806,4,1
289001,1920,4335015,554881920,23520,0.6479166746139526,128,289000,1.2721755504608154,1920,17,1,500000,1000,,289001.0,0.629687488079071,0.64382004737854,0.6499999761581421,0.6483362913131714,1302,1321332806,4,1
290001,1920,4350015,556801920,23520,0.6499999761581421,128,290000,1.2759222984313965,1920,17,1,500000,1000,,290001.0,0.6307291388511658,0.64382404088974,0.6479166746139526,0.6483246088027954,1306,1321332806,4,1
291001,1920,4365015,558721920,23520,0.6479166746139526,128,291000,1.2816472053527832,1920,17,1,500000,1000,,291001.0,0.629687488079071,0.6438192129135132,0.6479166746139526,0.6484772562980652,1310,1321332806,4,1
292001,1920,4380015,560641920,23520,0.6479166746139526,128,292000,1.2858033180236816,1920,17,1,500000,1000,,292001.0,0.6291666626930237,0.6438189148902893,0.6479166746139526,0.648360550403595,1314,1321332806,4,1
293001,1920,4395015,562561920,23520,0.6479166746139526,128,293000,1.2894294261932373,1920,17,1,500000,1000,,293001.0,0.6302083134651184,0.6438215970993042,0.6395833492279053,0.6483477354049683,1319,1321332806,4,1
294001,1920,4410015,564481920,23520,0.6395833492279053,128,294000,1.2932004928588867,1920,17,1,500000,1000,,294001.0,0.629687488079071,0.6438183188438416,0.6479166746139526,0.648390531539917,1323,1321332806,4,1
295001,1920,4425015,566401920,23520,0.6479166746139526,128,295000,1.2971196174621582,1920,17,1,500000,1000,,295001.0,0.6307291388511658,0.6438211798667908,0.6479166746139526,0.6487749814987183,1331,1321332806,4,1
296001,1920,4440015,568321920,23520,0.6479166746139526,128,296000,1.3008975982666016,1920,17,1,500000,1000,,296001.0,0.629687488079071,0.6438233256340027,0.6416666507720947,0.6484447717666626,1338,1321332806,4,1
297001,1920,4455015,570241920,23520,0.6416666507720947,128,297000,1.3046226501464844,1920,17,1,500000,1000,,297001.0,0.6291666626930237,0.6438191533088684,0.6499999761581421,0.6482667326927185,1345,1321332806,4,1
298001,1920,4470015,572161920,23520,0.6499999761581421,128,298000,1.3093507289886475,1920,17,1,500000,1000,,298001.0,0.6312500238418579,0.6438229084014893,0.6479166746139526,0.6484500169754028,1351,1321332806,4,1
299001,1920,4485015,574081920,23520,0.6479166746139526,128,299000,1.3129205703735352,1920,17,1,500000,1000,,299001.0,0.629687488079071,0.6438180208206177,0.6479166746139526,0.6483582854270935,1355,1321332806,4,1
300001,1920,4500015,576001920,23520,0.6479166746139526,128,300000,1.3165054321289062,1920,17,1,500000,1000,,300001.0,0.6307291388511658,0.6438221335411072,0.6479166746139526,0.6485608816146851,1359,1321332806,4,1
301001,1920,4515015,577921920,23520,0.6479166746139526,128,301000,1.3202805519104004,1920,17,1,500000,1000,,301001.0,0.6307291388511658,0.6438198685646057,0.6479166746139526,0.6484721302986145,1364,1321332806,4,1
302001,1920,4530015,579841920,23520,0.6479166746139526,128,302000,1.3238608837127686,1920,17,1,500000,1000,,302001.0,0.6307291388511658,0.6438183188438416,0.6499999761581421,0.6482921242713928,1369,1321332806,4,1
303001,1920,4545015,581761920,23520,0.6499999761581421,128,303000,1.3274481296539307,1920,17,1,500000,1000,,303001.0,0.6307291388511658,0.6438206434249878,0.6416666507720947,0.6485700011253357,1373,1321332806,4,1
304001,1920,4560015,583681920,23520,0.6416666507720947,128,304000,1.3310091495513916,1920,17,1,500000,1000,,304001.0,0.629687488079071,0.6438265442848206,0.6479166746139526,0.6482805013656616,1378,1321332806,4,1
305001,1920,4575015,585601920,23520,0.6479166746139526,128,305000,1.3369252681732178,1920,17,1,500000,1000,,305001.0,0.6307291388511658,0.6438252925872803,0.6479166746139526,0.6486523151397705,1382,1321332806,4,1
306001,1920,4590015,587521920,23520,0.6479166746139526,128,306000,1.340804100036621,1920,17,1,500000,1000,,306001.0,0.6291666626930237,0.6438235640525818,0.6458333134651184,0.6484344601631165,1386,1321332806,4,1
307001,1920,4605015,589441920,23520,0.6458333134651184,128,307000,1.3443830013275146,1920,17,1,500000,1000,,307001.0,0.6302083134651184,0.6438181400299072,0.6499999761581421,0.6482095718383789,1390,1321332806,4,1
308001,1920,4620015,591361920,23520,0.6499999761581421,128,308000,1.3524370193481445,1920,17,1,500000,1000,,308001.0,0.629687488079071,0.6438173055648804,0.6479166746139526,0.6483849883079529,1395,1321332806,4,1
309001,1920,4635015,593281920,23520,0.6479166746139526,128,309000,1.356029987335205,1920,17,1,500000,1000,,309001.0,0.629687488079071,0.6438183188438416,0.6479166746139526,0.6487451791763306,1399,1321332806,4,1
310001,1920,4650015,595201920,23520,0.6479166746139526,128,310000,1.359766960144043,1920,17,1,500000,1000,,310001.0,0.629687488079071,0.6438171863555908,0.6479166746139526,0.648506760597229,1403,1321332806,4,1
311001,1920,4665015,597121920,23520,0.6479166746139526,128,311000,1.3634371757507324,1920,17,1,500000,1000,,311001.0,0.6322916746139526,0.6438256502151489,0.6479166746139526,0.6482892632484436,1408,1321332806,4,1
312001,1920,4680015,599041920,23520,0.6479166746139526,128,312000,1.3671722412109375,1920,17,1,500000,1000,,312001.0,0.6302083134651184,0.64382004737854,0.6479166746139526,0.6484794020652771,1412,1321332806,4,1
313001,1920,4695015,600961920,23520,0.6479166746139526,128,313000,1.3707473278045654,1920,17,1,500000,1000,,313001.0,0.6307291388511658,0.6438190937042236,0.6479166746139526,0.6486470699310303,1416,1321332806,4,1
314001,1920,4710015,602881920,23520,0.6479166746139526,128,314000,1.3744933605194092,1920,17,1,500000,1000,,314001.0,0.6302083134651184,0.6438202261924744,0.6479166746139526,0.6484095454216003,1421,1321332806,4,1
315001,1920,4725015,604801920,23520,0.6479166746139526,128,315000,1.378077507019043,1920,17,1,500000,1000,,315001.0,0.6307291388511658,0.6438195705413818,0.6479166746139526,0.6485754251480103,1425,1321332806,4,1
316001,1920,4740015,606721920,23520,0.6479166746139526,128,316000,1.3816635608673096,1920,17,1,500000,1000,,316001.0,0.6307291388511658,0.6438191533088684,0.6479166746139526,0.6486522555351257,1429,1321332806,4,1
317001,1920,4755015,608641920,23520,0.6479166746139526,128,317000,1.3852386474609375,1920,17,1,500000,1000,,317001.0,0.6286458373069763,0.6438223719596863,0.6395833492279053,0.6488238573074341,1433,1321332806,4,1
318001,1920,4770015,610561920,23520,0.6395833492279053,128,318000,1.3888256549835205,1920,17,1,500000,1000,,318001.0,0.629687488079071,0.6438174843788147,0.6479166746139526,0.6486383080482483,1438,1321332806,4,1
319001,1920,4785015,612481920,23520,0.6479166746139526,128,319000,1.3924157619476318,1920,17,1,500000,1000,,319001.0,0.6317708492279053,0.6438227295875549,0.6499999761581421,0.6483746767044067,1442,1321332806,4,1
320001,1920,4800015,614401920,23520,0.6499999761581421,128,320000,1.3977136611938477,1920,17,1,500000,1000,,320001.0,0.629687488079071,0.6438173651695251,0.6479166746139526,0.6484452486038208,1447,1321332806,4,1
321001,1920,4815015,616321920,23520,0.6479166746139526,128,321000,1.401282787322998,1920,17,1,500000,1000,,321001.0,0.6312500238418579,0.6438207030296326,0.6479166746139526,0.6485460996627808,1451,1321332806,4,1
322001,1920,4830015,618241920,23520,0.6479166746139526,128,322000,1.4048495292663574,1920,17,1,500000,1000,,322001.0,0.629687488079071,0.6438188552856445,0.6479166746139526,0.6483283638954163,1456,1321332806,4,1
323001,1920,4845015,620161920,23520,0.6479166746139526,128,323000,1.408853530883789,1920,17,1,500000,1000,,323001.0,0.6286458373069763,0.6438245177268982,0.6479166746139526,0.6481975317001343,1460,1321332806,4,1
324001,1920,4860015,622081920,23520,0.6479166746139526,128,324000,1.4124464988708496,1920,17,1,500000,1000,,324001.0,0.6307291388511658,0.6438165307044983,0.6479166746139526,0.648541271686554,1464,1321332806,4,1
325001,1920,4875015,624001920,23520,0.6479166746139526,128,325000,1.4161744117736816,1920,17,1,500000,1000,,325001.0,0.6307291388511658,0.6438170075416565,0.6499999761581421,0.6485773324966431,1469,1321332806,4,1
326001,1920,4890015,625921920,23520,0.6499999761581421,128,326000,1.4197211265563965,1920,17,1,500000,1000,,326001.0,0.6307291388511658,0.6438198685646057,0.6416666507720947,0.6487357020378113,1473,1321332806,4,1
327001,1920,4905015,627841920,23520,0.6416666507720947,128,327000,1.4234611988067627,1920,17,1,500000,1000,,327001.0,0.6302083134651184,0.6438188552856445,0.6499999761581421,0.648483157157898,1477,1321332806,4,1
328001,1920,4920015,629761920,23520,0.6499999761581421,128,328000,1.4272422790527344,1920,17,1,500000,1000,,328001.0,0.6307291388511658,0.6438204646110535,0.6479166746139526,0.6486679315567017,1482,1321332806,4,1
329001,1920,4935015,631681920,23520,0.6479166746139526,128,329000,1.4312732219696045,1920,17,1,500000,1000,,329001.0,0.6312500238418579,0.6438203454017639,0.6499999761581421,0.6483975648880005,1486,1321332806,4,1
330001,1920,4950015,633601920,23520,0.6499999761581421,128,330000,1.435582160949707,1920,17,1,500000,1000,,330001.0,0.629687488079071,0.6438156962394714,0.6479166746139526,0.6482846736907959,1490,1321332806,4,1
331001,1920,4965015,635521920,23520,0.6479166746139526,128,331000,1.439316987991333,1920,17,1,500000,1000,,331001.0,0.629687488079071,0.643819272518158,0.6479166746139526,0.6484731435775757,1495,1321332806,4,1
332001,1920,4980015,637441920,23520,0.6479166746139526,128,332000,1.4444777965545654,1920,17,1,500000,1000,,332001.0,0.629687488079071,0.6438226103782654,0.6479166746139526,0.6486085653305054,1499,1321332806,4,1
333001,1920,4995015,639361920,23520,0.6479166746139526,128,333000,1.4486966133117676,1920,17,1,500000,1000,,333001.0,0.6307291388511658,0.6438194513320923,0.6479166746139526,0.6482880115509033,1504,1321332806,4,1
334001,1920,5010015,641281920,23520,0.6479166746139526,128,334000,1.4524526596069336,1920,17,1,500000,1000,,334001.0,0.629687488079071,0.6438180804252625,0.6499999761581421,0.64821457862854,1509,1321332806,4,1
335001,1920,5025015,643201920,23520,0.6499999761581421,128,335000,1.4561817646026611,1920,17,1,500000,1000,,335001.0,0.6302083134651184,0.6438224911689758,0.6479166746139526,0.6481662392616272,1514,1321332806,4,1
336001,1920,5040015,645121920,23520,0.6479166746139526,128,336000,1.4597506523132324,1920,17,1,500000,1000,,336001.0,0.6312500238418579,0.6438213586807251,0.6479166746139526,0.648539662361145,1518,1321332806,4,1
337001,1920,5055015,647041920,23520,0.6479166746139526,128,337000,1.4633355140686035,1920,17,1,500000,1000,,337001.0,0.6312500238418579,0.6438214182853699,0.6479166746139526,0.6484254002571106,1523,1321332806,4,1
338001,1920,5070015,648961920,23520,0.6479166746139526,128,338000,1.46773362159729,1920,17,1,500000,1000,,338001.0,0.629687488079071,0.6438222527503967,0.6479166746139526,0.6485124230384827,1527,1321332806,4,1
339001,1920,5085015,650881920,23520,0.6479166746139526,128,339000,1.4713726043701172,1920,17,1,500000,1000,,339001.0,0.6317708492279053,0.6438199281692505,0.6479166746139526,0.6486434936523438,1532,1321332806,4,1
340001,1920,5100015,652801920,23520,0.6479166746139526,128,340000,1.4767227172851562,1920,17,1,500000,1000,,340001.0,0.6302083134651184,0.6438210010528564,0.6479166746139526,0.6485232710838318,1536,1321332806,4,1
341001,1920,5115015,654721920,23520,0.6479166746139526,128,341000,1.4804186820983887,1920,17,1,500000,1000,,341001.0,0.628125011920929,0.6438248753547668,0.6479166746139526,0.6484281420707703,1540,1321332806,4,1
342001,1920,5130015,656641920,23520,0.6479166746139526,128,342000,1.4839837551116943,1920,17,1,500000,1000,,342001.0,0.6302083134651184,0.643821656703949,0.6479166746139526,0.6483834981918335,1544,1321332806,4,1
343001,1920,5145015,658561920,23520,0.6479166746139526,128,343000,1.4875659942626953,1920,17,1,500000,1000,,343001.0,0.6302083134651184,0.6438208818435669,0.6479166746139526,0.6482917666435242,1549,1321332806,4,1
344001,1920,5160015,660481920,23520,0.6479166746139526,128,344000,1.4911460876464844,1920,17,1,500000,1000,,344001.0,0.6312500238418579,0.6438243389129639,0.6499999761581421,0.648137629032135,1553,1321332806,4,1
345001,1920,5175015,662401920,23520,0.6499999761581421,128,345000,1.4947240352630615,1920,17,1,500000,1000,,345001.0,0.6302083134651184,0.643820583820343,0.6479166746139526,0.6482488512992859,1557,1321332806,4,1
346001,1920,5190015,664321920,23520,0.6479166746139526,128,346000,1.4982941150665283,1920,17,1,500000,1000,,346001.0,0.629687488079071,0.6438180208206177,0.6479166746139526,0.6482978463172913,1562,1321332806,4,1
347001,1920,5205015,666241920,23520,0.6479166746139526,128,347000,1.5023281574249268,1920,17,1,500000,1000,,347001.0,0.6307291388511658,0.6438166499137878,0.6499999761581421,0.6482524871826172,1567,1321332806,4,1
348001,1920,5220015,668161920,23520,0.6499999761581421,128,348000,1.5060749053955078,1920,17,1,500000,1000,,348001.0,0.629687488079071,0.6438210010528564,0.6479166746139526,0.6482979655265808,1572,1321332806,4,1
349001,1920,5235015,670081920,23520,0.6479166746139526,128,349000,1.5098440647125244,1920,17,1,500000,1000,,349001.0,0.629687488079071,0.643817663192749,0.6479166746139526,0.6486573815345764,1576,1321332806,4,1
350001,1920,5250015,672001920,23520,0.6479166746139526,128,350000,1.513603925704956,1920,17,1,500000,1000,,350001.0,0.6312500238418579,0.6438201069831848,0.6499999761581421,0.6484121084213257,1580,1321332806,4,1
351001,1920,5265015,673921920,23520,0.6499999761581421,128,351000,1.5189158916473389,1920,17,1,500000,1000,,351001.0,0.6286458373069763,0.6438180208206177,0.6479166746139526,0.6484621167182922,1584,1321332806,4,1
352001,1920,5280015,675841920,23520,0.6479166746139526,128,352000,1.5244920253753662,1920,17,1,500000,1000,,352001.0,0.629687488079071,0.6438205242156982,0.6479166746139526,0.6484682559967041,1589,1321332806,4,1
353001,1920,5295015,677761920,23520,0.6479166746139526,128,353000,1.5282230377197266,1920,17,1,500000,1000,,353001.0,0.629687488079071,0.6438187956809998,0.6479166746139526,0.6483448147773743,1593,1321332806,4,1
354001,1920,5310015,679681920,23520,0.6479166746139526,128,354000,1.53177809715271,1920,17,1,500000,1000,,354001.0,0.6317708492279053,0.6438215970993042,0.6479166746139526,0.6485205292701721,1597,1321332806,4,1
355001,1920,5325015,681601920,23520,0.6479166746139526,128,355000,1.5355563163757324,1920,17,1,500000,1000,,355001.0,0.6307291388511658,0.6438175439834595,0.6479166746139526,0.6483715772628784,1602,1321332806,4,1
356001,1920,5340015,683521920,23520,0.6479166746139526,128,356000,1.5393192768096924,1920,17,1,500000,1000,,356001.0,0.6307291388511658,0.6438270807266235,0.6479166746139526,0.6486311554908752,1606,1321332806,4,1
357001,1920,5355015,685441920,23520,0.6479166746139526,128,357000,1.542900562286377,1920,17,1,500000,1000,,357001.0,0.6307291388511658,0.6438248753547668,0.6499999761581421,0.64842289686203,1610,1321332806,4,1
358001,1920,5370015,687361920,23520,0.6499999761581421,128,358000,1.5466413497924805,1920,17,1,500000,1000,,358001.0,0.6307291388511658,0.6438276767730713,0.6479166746139526,0.6480932235717773,1614,1321332806,4,1
359001,1920,5385015,689281920,23520,0.6479166746139526,128,359000,1.55021333694458,1920,17,1,500000,1000,,359001.0,0.6291666626930237,0.6438198685646057,0.6479166746139526,0.6481012105941772,1619,1321332806,4,1
360001,1920,5400015,691201920,23520,0.6479166746139526,128,360000,1.554192304611206,1920,17,1,500000,1000,,360001.0,0.629687488079071,0.6438242197036743,0.6479166746139526,0.6482014060020447,1624,1321332806,4,1
361001,1920,5415015,693121920,23520,0.6479166746139526,128,361000,1.5589470863342285,1920,17,1,500000,1000,,361001.0,0.6302083134651184,0.6438220739364624,0.6479166746139526,0.6482733488082886,1628,1321332806,4,1
362001,1920,5430015,695041920,23520,0.6479166746139526,128,362000,1.5625331401824951,1920,17,1,500000,1000,,362001.0,0.6307291388511658,0.6438193917274475,0.6499999761581421,0.6483839750289917,1633,1321332806,4,1
363001,1920,5445015,696961920,23520,0.6499999761581421,128,363000,1.5662660598754883,1920,17,1,500000,1000,,363001.0,0.6312500238418579,0.6438182592391968,0.6499999761581421,0.6483409404754639,1637,1321332806,4,1
364001,1920,5460015,698881920,23520,0.6499999761581421,128,364000,1.5710210800170898,1920,17,1,500000,1000,,364001.0,0.6307291388511658,0.6438215374946594,0.6499999761581421,0.6486610770225525,1642,1321332806,4,1
365001,1920,5475015,700801920,23520,0.6499999761581421,128,365000,1.5745999813079834,1920,17,1,500000,1000,,365001.0,0.6291666626930237,0.6438190340995789,0.6499999761581421,0.648359477519989,1646,1321332806,4,1
366001,1920,5490015,702721920,23520,0.6499999761581421,128,366000,1.5787980556488037,1920,17,1,500000,1000,,366001.0,0.6302083134651184,0.6438204050064087,0.6499999761581421,0.6482236981391907,1653,1321332806,4,1
367001,1920,5505015,704641920,23520,0.6499999761581421,128,367000,1.5832891464233398,1920,17,1,500000,1000,,367001.0,0.6312500238418579,0.643820583820343,0.6479166746139526,0.6487100124359131,1659,1321332806,4,1
368001,1920,5520015,706561920,23520,0.6479166746139526,128,368000,1.5868821144104004,1920,17,1,500000,1000,,368001.0,0.6312500238418579,0.6438151001930237,0.6479166746139526,0.6488030552864075,1663,1321332806,4,1
369001,1920,5535015,708481920,23520,0.6479166746139526,128,369000,1.5904650688171387,1920,17,1,500000,1000,,369001.0,0.6302083134651184,0.6438197493553162,0.6499999761581421,0.6486126184463501,1668,1321332806,4,1
370001,1920,5550015,710401920,23520,0.6499999761581421,128,370000,1.5942420959472656,1920,17,1,500000,1000,,370001.0,0.629687488079071,0.6438218951225281,0.6479166746139526,0.6485282778739929,1672,1321332806,4,1
371001,1920,5565015,712321920,23520,0.6479166746139526,128,371000,1.5978319644927979,1920,17,1,500000,1000,,371001.0,0.6302083134651184,0.6438226699829102,0.6499999761581421,0.6480501890182495,1677,1321332806,4,1
372001,1920,5580015,714241920,23520,0.6499999761581421,128,372000,1.6015300750732422,1920,17,1,500000,1000,,372001.0,0.6322916746139526,0.6438222527503967,0.6499999761581421,0.6486133337020874,1681,1321332806,4,1
373001,1920,5595015,716161920,23520,0.6499999761581421,128,373000,1.6052300930023193,1920,17,1,500000,1000,,373001.0,0.6312500238418579,0.6438246965408325,0.6479166746139526,0.6482993960380554,1685,1321332806,4,1
374001,1920,5610015,718081920,23520,0.6479166746139526,128,374000,1.6088180541992188,1920,17,1,500000,1000,,374001.0,0.6302083134651184,0.6438218951225281,0.6499999761581421,0.6484103798866272,1690,1321332806,4,1
375001,1920,5625015,720001920,23520,0.6499999761581421,128,375000,1.6123838424682617,1920,17,1,500000,1000,,375001.0,0.6302083134651184,0.6438189744949341,0.6479166746139526,0.6484234929084778,1694,1321332806,4,1
376001,1920,5640015,721921920,23520,0.6479166746139526,128,376000,1.624159812927246,1920,17,1,500000,1000,,376001.0,0.6302083134651184,0.6438174843788147,0.6499999761581421,0.6485669016838074,1700,1321332806,4,1
377001,1920,5655015,723841920,23520,0.6499999761581421,128,377000,1.6474707126617432,1920,17,1,500000,1000,,377001.0,0.6312500238418579,0.6438215970993042,0.6499999761581421,0.648701012134552,1707,1321332806,4,1
378001,1920,5670015,725761920,23520,0.6499999761581421,128,378000,1.6519584655761719,1920,17,1,500000,1000,,378001.0,0.6302083134651184,0.6438194513320923,0.6416666507720947,0.6484962701797485,1716,1321332806,4,1
379001,1920,5685015,727681920,23520,0.6416666507720947,128,379000,1.6555402278900146,1920,17,1,500000,1000,,379001.0,0.6302083134651184,0.643825113773346,0.6499999761581421,0.648246705532074,1723,1321332806,4,1
380001,1920,5700015,729601920,23520,0.6499999761581421,128,380000,1.6591103076934814,1920,17,1,500000,1000,,380001.0,0.629687488079071,0.6438146233558655,0.6479166746139526,0.6484918594360352,1728,1321332806,4,1
381001,1920,5715015,731521920,23520,0.6479166746139526,128,381000,1.6626853942871094,1920,17,1,500000,1000,,381001.0,0.6302083134651184,0.6438252329826355,0.6395833492279053,0.6489147543907166,1733,1321332806,4,1
382001,1920,5730015,733441920,23520,0.6395833492279053,128,382000,1.6662592887878418,1920,17,1,500000,1000,,382001.0,0.6291666626930237,0.6438201069831848,0.6479166746139526,0.6482883095741272,1739,1321332806,4,1
383001,1920,5745015,735361920,23520,0.6479166746139526,128,383000,1.7707555294036865,1920,17,1,500000,1000,,383001.0,0.629687488079071,0.6438199281692505,0.6479166746139526,0.6485157012939453,1745,1321332806,4,1
384001,1920,5760015,737281920,23520,0.6479166746139526,128,384000,1.7743332386016846,1920,17,1,500000,1000,,384001.0,0.6328125,0.6438168287277222,0.6479166746139526,0.6486062407493591,1750,1321332806,4,1
385001,1920,5775015,739201920,23520,0.6479166746139526,128,385000,1.7779033184051514,1920,17,1,500000,1000,,385001.0,0.6312500238418579,0.6438185572624207,0.6499999761581421,0.6486794948577881,1755,1321332806,4,1
386001,1920,5790015,741121920,23520,0.6499999761581421,128,386000,1.7814815044403076,1920,17,1,500000,1000,,386001.0,0.6322916746139526,0.6438217163085938,0.6479166746139526,0.6487407088279724,1760,1321332806,4,1
387001,1920,5805015,743041920,23520,0.6479166746139526,128,387000,1.785491704940796,1920,17,1,500000,1000,,387001.0,0.6307291388511658,0.6438198685646057,0.6479166746139526,0.6486432552337646,1765,1321332806,4,1
388001,1920,5820015,744961920,23520,0.6479166746139526,128,388000,1.7900066375732422,1920,17,1,500000,1000,,388001.0,0.6317708492279053,0.6438191533088684,0.6499999761581421,0.6483408808708191,1771,1321332806,4,1
389001,1920,5835015,746881920,23520,0.6499999761581421,128,389000,1.7937796115875244,1920,17,1,500000,1000,,389001.0,0.629687488079071,0.6438198089599609,0.6479166746139526,0.6483392119407654,1776,1321332806,4,1
390001,1920,5850015,748801920,23520,0.6479166746139526,128,390000,1.7982003688812256,1920,17,1,500000,1000,,390001.0,0.6312500238418579,0.6438232064247131,0.6479166746139526,0.6482368111610413,1781,1321332806,4,1
391001,1920,5865015,750721920,23520,0.6479166746139526,128,391000,1.8017876148223877,1920,17,1,500000,1000,,391001.0,0.6302083134651184,0.6438190340995789,0.6479166746139526,0.6485068798065186,1788,1321332806,4,1
392001,1920,5880015,752641920,23520,0.6479166746139526,128,392000,1.8053736686706543,1920,17,1,500000,1000,,392001.0,0.629687488079071,0.643821656703949,0.6499999761581421,0.6483179926872253,1793,1321332806,4,1
393001,1920,5895015,754561920,23520,0.6499999761581421,128,393000,1.8089604377746582,1920,17,1,500000,1000,,393001.0,0.629687488079071,0.6438204646110535,0.6479166746139526,0.6484034061431885,1797,1321332806,4,1
394001,1920,5910015,756481920,23520,0.6479166746139526,128,394000,1.8134686946868896,1920,17,1,500000,1000,,394001.0,0.6307291388511658,0.6438204646110535,0.6499999761581421,0.6487642526626587,1801,1321332806,4,1
395001,1920,5925015,758401920,23520,0.6499999761581421,128,395000,1.8170464038848877,1920,17,1,500000,1000,,395001.0,0.6307291388511658,0.6438203454017639,0.6479166746139526,0.6485196352005005,1806,1321332806,4,1
396001,1920,5940015,760321920,23520,0.6479166746139526,128,396000,1.8208532333374023,1920,17,1,500000,1000,,396001.0,0.6312500238418579,0.6438211798667908,0.6499999761581421,0.6480958461761475,1811,1321332806,4,1
397001,1920,5955015,762241920,23520,0.6499999761581421,128,397000,1.8244314193725586,1920,17,1,500000,1000,,397001.0,0.629687488079071,0.6438171863555908,0.6479166746139526,0.6484804749488831,1815,1321332806,4,1
398001,1920,5970015,764161920,23520,0.6479166746139526,128,398000,1.8284125328063965,1920,17,1,500000,1000,,398001.0,0.6302083134651184,0.6438186764717102,0.6395833492279053,0.6486321687698364,1819,1321332806,4,1
399001,1920,5985015,766081920,23520,0.6395833492279053,128,399000,1.832000732421875,1920,17,1,500000,1000,,399001.0,0.6291666626930237,0.6438205242156982,0.6395833492279053,0.6489682793617249,1824,1321332806,4,1
400001,1920,6000015,768001920,23520,0.6395833492279053,128,400000,1.8359315395355225,1920,17,1,500000,1000,,400001.0,0.6302083134651184,0.6438224911689758,0.6479166746139526,0.6484072804450989,1828,1321332806,4,1
401001,1920,6015015,769921920,23520,0.6479166746139526,128,401000,1.8396565914154053,1920,17,1,500000,1000,,401001.0,0.6312500238418579,0.6438212990760803,0.6499999761581421,0.6483640074729919,1833,1321332806,4,1
402001,1920,6030015,771841920,23520,0.6499999761581421,128,402000,1.8447284698486328,1920,17,1,500000,1000,,402001.0,0.6312500238418579,0.6438236236572266,0.6499999761581421,0.648371160030365,1837,1321332806,4,1
403001,1920,6045015,773761920,23520,0.6499999761581421,128,403000,1.8483703136444092,1920,17,1,500000,1000,,403001.0,0.6291666626930237,0.6438217759132385,0.6395833492279053,0.648725152015686,1841,1321332806,4,1
404001,1920,6060015,775681920,23520,0.6395833492279053,128,404000,1.8520724773406982,1920,17,1,500000,1000,,404001.0,0.6302083134651184,0.6438153386116028,0.6479166746139526,0.6483507752418518,1846,1321332806,4,1
405001,1920,6075015,777601920,23520,0.6479166746139526,128,405000,1.8564872741699219,1920,17,1,500000,1000,,405001.0,0.629687488079071,0.6438181400299072,0.6479166746139526,0.6483611464500427,1855,1321332806,4,1
406001,1920,6090015,779521920,23520,0.6479166746139526,128,406000,1.8601751327514648,1920,17,1,500000,1000,,406001.0,0.6307291388511658,0.6438204050064087,0.6416666507720947,0.6485164761543274,1860,1321332806,4,1
407001,1920,6105015,781441920,23520,0.6416666507720947,128,407000,1.8639552593231201,1920,17,1,500000,1000,,407001.0,0.6302083134651184,0.6438232660293579,0.6395833492279053,0.648625373840332,1866,1321332806,4,1
408001,1920,6120015,783361920,23520,0.6395833492279053,128,408000,1.8695530891418457,1920,17,1,500000,1000,,408001.0,0.6312500238418579,0.6438218951225281,0.6479166746139526,0.6483082175254822,1872,1321332806,4,1
409001,1920,6135015,785281920,23520,0.6479166746139526,128,409000,1.8731303215026855,1920,17,1,500000,1000,,409001.0,0.6302083134651184,0.6438206434249878,0.6395833492279053,0.6484092473983765,1877,1321332806,4,1
410001,1920,6150015,787201920,23520,0.6395833492279053,128,410000,1.8766913414001465,1920,17,1,500000,1000,,410001.0,0.6291666626930237,0.6438193917274475,0.6479166746139526,0.6481874585151672,1882,1321332806,4,1
411001,1920,6165015,789121920,23520,0.6479166746139526,128,411000,1.8806703090667725,1920,17,1,500000,1000,,411001.0,0.6307291388511658,0.6438189744949341,0.6479166746139526,0.6486293077468872,1888,1321332806,4,1
412001,1920,6180015,791041920,23520,0.6479166746139526,128,412000,1.8843681812286377,1920,17,1,500000,1000,,412001.0,0.629687488079071,0.6438260674476624,0.643750011920929,0.6484574675559998,1893,1321332806,4,1
413001,1920,6195015,792961920,23520,0.643750011920929,128,413000,1.8879458904266357,1920,17,1,500000,1000,,413001.0,0.629687488079071,0.6438192129135132,0.6479166746139526,0.6486837863922119,1898,1321332806,4,1
414001,1920,6210015,794881920,23520,0.6479166746139526,128,414000,1.8917078971862793,1920,17,1,500000,1000,,414001.0,0.6307291388511658,0.6438201665878296,0.6479166746139526,0.6484320163726807,1903,1321332806,4,1
415001,1920,6225015,796801920,23520,0.6479166746139526,128,415000,1.8956599235534668,1920,17,1,500000,1000,,415001.0,0.629687488079071,0.6438220143318176,0.6479166746139526,0.6483733057975769,1909,1321332806,4,1
416001,1920,6240015,798721920,23520,0.6479166746139526,128,416000,1.9019660949707031,1920,17,1,500000,1000,,416001.0,0.6338541507720947,0.643826425075531,0.6499999761581421,0.6485471725463867,1914,1321332806,4,1
417001,1920,6255015,800641920,23520,0.6499999761581421,128,417000,1.9060642719268799,1920,17,1,500000,1000,,417001.0,0.6307291388511658,0.6438217163085938,0.6499999761581421,0.6481104493141174,1919,1321332806,4,1
418001,1920,6270015,802561920,23520,0.6499999761581421,128,418000,1.9098083972930908,1920,17,1,500000,1000,,418001.0,0.6322916746139526,0.643821656703949,0.6479166746139526,0.6482341289520264,1925,1321332806,4,1
419001,1920,6285015,804481920,23520,0.6479166746139526,128,419000,1.9147720336914062,1920,17,1,500000,1000,,419001.0,0.6328125,0.6438181400299072,0.6499999761581421,0.6486312747001648,1930,1321332806,4,1
420001,1920,6300015,806401920,23520,0.6499999761581421,128,420000,1.918410062789917,1920,17,1,500000,1000,,420001.0,0.6312500238418579,0.6438203454017639,0.6479166746139526,0.6484390497207642,1935,1321332806,4,1
421001,1920,6315015,808321920,23520,0.6479166746139526,128,421000,1.922173023223877,1920,17,1,500000,1000,,421001.0,0.6312500238418579,0.643817126750946,0.6479166746139526,0.6485713124275208,1940,1321332806,4,1
422001,1920,6330015,810241920,23520,0.6479166746139526,128,422000,1.9667689800262451,1920,17,1,500000,1000,,422001.0,0.629687488079071,0.6438241600990295,0.6479166746139526,0.6487599015235901,1945,1321332806,4,1
423001,1920,6345015,812161920,23520,0.6479166746139526,128,423000,1.9703288078308105,1920,17,1,500000,1000,,423001.0,0.629687488079071,0.6438208222389221,0.6479166746139526,0.6489459872245789,1950,1321332806,4,1
424001,1920,6360015,814081920,23520,0.6479166746139526,128,424000,1.9751086235046387,1920,17,1,500000,1000,,424001.0,0.6312500238418579,0.6438207030296326,0.6479166746139526,0.6487401127815247,1956,1321332806,4,1
425001,1920,6375015,816001920,23520,0.6479166746139526,128,425000,1.9788875579833984,1920,17,1,500000,1000,,425001.0,0.6302083134651184,0.6438221335411072,0.6479166746139526,0.6486859917640686,1961,1321332806,4,1
426001,1920,6390015,817921920,23520,0.6479166746139526,128,426000,1.9826185703277588,1920,17,1,500000,1000,,426001.0,0.6312500238418579,0.6438220143318176,0.6499999761581421,0.6483047604560852,1966,1321332806,4,1
427001,1920,6405015,819841920,23520,0.6499999761581421,128,427000,1.9863033294677734,1920,17,1,500000,1000,,427001.0,0.629687488079071,0.6438199877738953,0.6479166746139526,0.6484690308570862,1971,1321332806,4,1
428001,1920,6420015,821761920,23520,0.6479166746139526,128,428000,1.9913365840911865,1920,17,1,500000,1000,,428001.0,0.6291666626930237,0.6438184380531311,0.6395833492279053,0.6485920548439026,1976,1321332806,4,1
429001,1920,6435015,823681920,23520,0.6395833492279053,128,429000,1.9950826168060303,1920,17,1,500000,1000,,429001.0,0.6302083134651184,0.6438220143318176,0.6479166746139526,0.6483919620513916,1981,1321332806,4,1
430001,1920,6450015,825601920,23520,0.6479166746139526,128,430000,1.9986705780029297,1920,17,1,500000,1000,,430001.0,0.629687488079071,0.6438178420066833,0.6479166746139526,0.6485794186592102,1986,1321332806,4,1
431001,1920,6465015,827521920,23520,0.6479166746139526,128,431000,2.002307653427124,1920,17,1,500000,1000,,431001.0,0.6302083134651184,0.6438201665878296,0.6479166746139526,0.6484130620956421,1991,1321332806,4,1
432001,1920,6480015,829441920,23520,0.6479166746139526,128,432000,2.005889892578125,1920,17,1,500000,1000,,432001.0,0.6307291388511658,0.6438211798667908,0.6499999761581421,0.6483209729194641,1995,1321332806,4,1
433001,1920,6495015,831361920,23520,0.6499999761581421,128,433000,2.010359764099121,1920,17,1,500000,1000,,433001.0,0.6307291388511658,0.6438226103782654,0.6499999761581421,0.6483279466629028,2000,1321332806,4,1
434001,1920,6510015,833281920,23520,0.6499999761581421,128,434000,2.014127731323242,1920,17,1,500000,1000,,434001.0,0.6328125,0.6438212990760803,0.6479166746139526,0.6484304070472717,2005,1321332806,4,1
435001,1920,6525015,835201920,23520,0.6479166746139526,128,435000,2.018122673034668,1920,17,1,500000,1000,,435001.0,0.6291666626930237,0.6438162326812744,0.6479166746139526,0.648141622543335,2009,1321332806,4,1
436001,1920,6540015,837121920,23520,0.6479166746139526,128,436000,2.021758556365967,1920,17,1,500000,1000,,436001.0,0.6312500238418579,0.6438221335411072,0.6499999761581421,0.6480656862258911,2014,1321332806,4,1
437001,1920,6555015,839041920,23520,0.6499999761581421,128,437000,2.0254065990448,1920,17,1,500000,1000,,437001.0,0.629687488079071,0.6438162922859192,0.6479166746139526,0.6484959721565247,2018,1321332806,4,1
438001,1920,6570015,840961920,23520,0.6479166746139526,128,438000,2.0300774574279785,1920,17,1,500000,1000,,438001.0,0.629687488079071,0.6438169479370117,0.6479166746139526,0.6484078764915466,2023,1321332806,4,1
439001,1920,6585015,842881920,23520,0.6479166746139526,128,439000,2.034858465194702,1920,17,1,500000,1000,,439001.0,0.6302083134651184,0.6438205242156982,0.6479166746139526,0.6481866240501404,2027,1321332806,4,1
440001,1920,6600015,844801920,23520,0.6479166746139526,128,440000,2.03871750831604,1920,17,1,500000,1000,,440001.0,0.6317708492279053,0.6438175439834595,0.6479166746139526,0.6486451029777527,2031,1321332806,4,1
441001,1920,6615015,846721920,23520,0.6479166746139526,128,441000,2.04240345954895,1920,17,1,500000,1000,,441001.0,0.6322916746139526,0.6438243985176086,0.6479166746139526,0.6483961939811707,2036,1321332806,4,1
442001,1920,6630015,848641920,23520,0.6479166746139526,128,442000,2.047081232070923,1920,17,1,500000,1000,,442001.0,0.6312500238418579,0.6438249349594116,0.6499999761581421,0.6483379602432251,2041,1321332806,4,1
443001,1920,6645015,850561920,23520,0.6499999761581421,128,443000,2.050779104232788,1920,17,1,500000,1000,,443001.0,0.6307291388511658,0.6438204050064087,0.6499999761581421,0.6482058763504028,2047,1321332806,4,1
444001,1920,6660015,852481920,23520,0.6499999761581421,128,444000,2.055540084838867,1920,17,1,500000,1000,,444001.0,0.629687488079071,0.6438213586807251,0.6479166746139526,0.648605465888977,2054,1321332806,4,1
445001,1920,6675015,854401920,23520,0.6479166746139526,128,445000,2.0593600273132324,1920,17,1,500000,1000,,445001.0,0.6302083134651184,0.6438175439834595,0.6499999761581421,0.6483138203620911,2061,1321332806,4,1
446001,1920,6690015,856321920,23520,0.6499999761581421,128,446000,2.0629169940948486,1920,17,1,500000,1000,,446001.0,0.6312500238418579,0.643819272518158,0.6479166746139526,0.6487462520599365,2066,1321332806,4,1
447001,1920,6705015,858241920,23520,0.6479166746139526,128,447000,2.066506862640381,1920,17,1,500000,1000,,447001.0,0.629687488079071,0.643822431564331,0.6479166746139526,0.648556649684906,2070,1321332806,4,1
448001,1920,6720015,860161920,23520,0.6479166746139526,128,448000,2.0700910091400146,1920,17,1,500000,1000,,448001.0,0.6307291388511658,0.6438257694244385,0.6479166746139526,0.6486693024635315,2075,1321332806,4,1
449001,1920,6735015,862081920,23520,0.6479166746139526,128,449000,2.0736680030822754,1920,17,1,500000,1000,,449001.0,0.6307291388511658,0.643817663192749,0.6499999761581421,0.6483447551727295,2081,1321332806,4,1
450001,1920,6750015,864001920,23520,0.6499999761581421,128,450000,2.0773022174835205,1920,17,1,500000,1000,,450001.0,0.629687488079071,0.6438197493553162,0.6479166746139526,0.6484410762786865,2085,1321332806,4,1
451001,1920,6765015,865921920,23520,0.6479166746139526,128,451000,2.0808722972869873,1920,17,1,500000,1000,,451001.0,0.629687488079071,0.6438243389129639,0.6479166746139526,0.6486814022064209,2090,1321332806,4,1
452001,1920,6780015,867841920,23520,0.6479166746139526,128,452000,2.0846152305603027,1920,17,1,500000,1000,,452001.0,0.6291666626930237,0.6438179016113281,0.6395833492279053,0.6483914852142334,2095,1321332806,4,1
453001,1920,6795015,869761920,23520,0.6395833492279053,128,453000,2.0883443355560303,1920,17,1,500000,1000,,453001.0,0.6302083134651184,0.6438169479370117,0.6499999761581421,0.6485039591789246,2100,1321332806,4,1
454001,1920,6810015,871681920,23520,0.6499999761581421,128,454000,2.0923092365264893,1920,17,1,500000,1000,,454001.0,0.6291666626930237,0.6438227891921997,0.6479166746139526,0.6481781601905823,2105,1321332806,4,1
455001,1920,6825015,873601920,23520,0.6479166746139526,128,455000,2.0959792137145996,1920,17,1,500000,1000,,455001.0,0.6312500238418579,0.6438263058662415,0.6499999761581421,0.6485033631324768,2110,1321332806,4,1
456001,1920,6840015,875521920,23520,0.6499999761581421,128,456000,2.0996882915496826,1920,17,1,500000,1000,,456001.0,0.6307291388511658,0.6438245177268982,0.6479166746139526,0.6483331322669983,2114,1321332806,4,1
457001,1920,6855015,877441920,23520,0.6479166746139526,128,457000,2.1033804416656494,1920,17,1,500000,1000,,457001.0,0.6333333253860474,0.6438196897506714,0.6499999761581421,0.6486619114875793,2119,1321332806,4,1
458001,1920,6870015,879361920,23520,0.6499999761581421,128,458000,2.131667375564575,1920,17,1,500000,1000,,458001.0,0.6291666626930237,0.6438162326812744,0.6479166746139526,0.6483536958694458,2123,1321332806,4,1
459001,1920,6885015,881281920,23520,0.6479166746139526,128,459000,2.1352884769439697,1920,17,1,500000,1000,,459001.0,0.6317708492279053,0.6438207030296326,0.6479166746139526,0.6484194993972778,2128,1321332806,4,1
460001,1920,6900015,883201920,23520,0.6479166746139526,128,460000,2.139803647994995,1920,17,1,500000,1000,,460001.0,0.6302083134651184,0.6438177824020386,0.6479166746139526,0.6486826539039612,2134,1321332806,4,1
461001,1920,6915015,885121920,23520,0.6479166746139526,128,461000,2.1434836387634277,1920,17,1,500000,1000,,461001.0,0.6312500238418579,0.6438211798667908,0.6499999761581421,0.6482064723968506,2139,1321332806,4,1
462001,1920,6930015,887041920,23520,0.6499999761581421,128,462000,2.1474883556365967,1920,17,1,500000,1000,,462001.0,0.6312500238418579,0.6438260674476624,0.6479166746139526,0.648306667804718,2145,1321332806,4,1
463001,1920,6945015,888961920,23520,0.6479166746139526,128,463000,2.1511435508728027,1920,17,1,500000,1000,,463001.0,0.6317708492279053,0.6438226103782654,0.6479166746139526,0.6480071544647217,2150,1321332806,4,1
464001,1920,6960015,890881920,23520,0.6479166746139526,128,464000,2.1554975509643555,1920,17,1,500000,1000,,464001.0,0.6302083134651184,0.643820583820343,0.6499999761581421,0.648417055606842,2155,1321332806,4,1
465001,1920,6975015,892801920,23520,0.6499999761581421,128,465000,2.1591737270355225,1920,17,1,500000,1000,,465001.0,0.6307291388511658,0.6438201069831848,0.6479166746139526,0.6485756635665894,2160,1321332806,4,1
466001,1920,6990015,894721920,23520,0.6479166746139526,128,466000,2.219588041305542,1920,17,1,500000,1000,,466001.0,0.6307291388511658,0.6438234448432922,0.6479166746139526,0.6483818888664246,2166,1321332806,4,1
467001,1920,7005015,896641920,23520,0.6479166746139526,128,467000,2.2234179973602295,1920,17,1,500000,1000,,467001.0,0.6307291388511658,0.6438208222389221,0.6499999761581421,0.648067057132721,2171,1321332806,4,1
468001,1920,7020015,898561920,23520,0.6499999761581421,128,468000,2.22780704498291,1920,17,1,500000,1000,,468001.0,0.6291666626930237,0.6438181400299072,0.6479166746139526,0.6482503414154053,2176,1321332806,4,1
469001,1920,7035015,900481920,23520,0.6479166746139526,128,469000,2.232414960861206,1920,17,1,500000,1000,,469001.0,0.6322916746139526,0.6438254117965698,0.643750011920929,0.6489017009735107,2181,1321332806,4,1
470001,1920,7050015,902401920,23520,0.643750011920929,128,470000,2.2362968921661377,1920,17,1,500000,1000,,470001.0,0.6307291388511658,0.643821656703949,0.6479166746139526,0.6485127806663513,2187,1321332806,4,1
471001,1920,7065015,904321920,23520,0.6479166746139526,128,471000,2.2400529384613037,1920,17,1,500000,1000,,471001.0,0.6302083134651184,0.6438186764717102,0.6499999761581421,0.6484426856040955,2192,1321332806,4,1
472001,1920,7080015,906241920,23520,0.6499999761581421,128,472000,2.2437949180603027,1920,17,1,500000,1000,,472001.0,0.6302083134651184,0.6438190340995789,0.6499999761581421,0.6486480832099915,2197,1321332806,4,1
473001,1920,7095015,908161920,23520,0.6499999761581421,128,473000,2.24760365486145,1920,17,1,500000,1000,,473001.0,0.629687488079071,0.6438177227973938,0.6479166746139526,0.6484288573265076,2203,1321332806,4,1
474001,1920,7110015,910081920,23520,0.6479166746139526,128,474000,2.25130558013916,1920,17,1,500000,1000,,474001.0,0.629687488079071,0.6438149809837341,0.6479166746139526,0.6483005285263062,2208,1321332806,4,1
475001,1920,7125015,912001920,23520,0.6479166746139526,128,475000,2.2555856704711914,1920,17,1,500000,1000,,475001.0,0.6317708492279053,0.6438214778900146,0.6395833492279053,0.6486882567405701,2213,1321332806,4,1
476001,1920,7140015,913921920,23520,0.6395833492279053,128,476000,2.2601656913757324,1920,17,1,500000,1000,,476001.0,0.6291666626930237,0.6438167691230774,0.6395833492279053,0.648560106754303,2218,1321332806,4,1
477001,1920,7155015,915841920,23520,0.6395833492279053,128,477000,2.2637624740600586,1920,17,1,500000,1000,,477001.0,0.6317708492279053,0.6438223719596863,0.6479166746139526,0.6485666036605835,2224,1321332806,4,1
478001,1920,7170015,917761920,23520,0.6479166746139526,128,478000,2.267352819442749,1920,17,1,500000,1000,,478001.0,0.6302083134651184,0.6438189744949341,0.6499999761581421,0.6486055254936218,2229,1321332806,4,1
479001,1920,7185015,919681920,23520,0.6499999761581421,128,479000,2.27107572555542,1920,17,1,500000,1000,,479001.0,0.6317708492279053,0.643825113773346,0.6395833492279053,0.6489861607551575,2234,1321332806,4,1
480001,1920,7200015,921601920,23520,0.6395833492279053,128,480000,2.2746517658233643,1920,17,1,500000,1000,,480001.0,0.6291666626930237,0.6438210606575012,0.6479166746139526,0.6482226252555847,2239,1321332806,4,1
481001,1920,7215015,923521920,23520,0.6479166746139526,128,481000,2.278251886367798,1920,17,1,500000,1000,,481001.0,0.6307291388511658,0.6438193917274475,0.6479166746139526,0.64820796251297,2245,1321332806,4,1
482001,1920,7230015,925441920,23520,0.6479166746139526,128,482000,2.2836318016052246,1920,17,1,500000,1000,,482001.0,0.6302083134651184,0.6438194513320923,0.6479166746139526,0.648320734500885,2250,1321332806,4,1
483001,1920,7245015,927361920,23520,0.6479166746139526,128,483000,2.287388801574707,1920,17,1,500000,1000,,483001.0,0.6302083134651184,0.6438198685646057,0.6479166746139526,0.6481497883796692,2255,1321332806,4,1
484001,1920,7260015,929281920,23520,0.6479166746139526,128,484000,2.2951607704162598,1920,17,1,500000,1000,,484001.0,0.6302083134651184,0.6438190937042236,0.6479166746139526,0.6485976576805115,2261,1321332806,4,1
485001,1920,7275015,931201920,23520,0.6479166746139526,128,485000,2.3002166748046875,1920,17,1,500000,1000,,485001.0,0.6291666626930237,0.6438286304473877,0.6479166746139526,0.6480252742767334,2266,1321332806,4,1
486001,1920,7290015,933121920,23520,0.6479166746139526,128,486000,2.303804874420166,1920,17,1,500000,1000,,486001.0,0.6291666626930237,0.6438191533088684,0.6395833492279053,0.6485565304756165,2270,1321332806,4,1
487001,1920,7305015,935041920,23520,0.6395833492279053,128,487000,2.3076369762420654,1920,17,1,500000,1000,,487001.0,0.629687488079071,0.6438199877738953,0.6499999761581421,0.6483206152915955,2275,1321332806,4,1
488001,1920,7320015,936961920,23520,0.6499999761581421,128,488000,2.3114287853240967,1920,17,1,500000,1000,,488001.0,0.6302083134651184,0.6438196897506714,0.6479166746139526,0.6483851671218872,2279,1321332806,4,1
489001,1920,7335015,938881920,23520,0.6479166746139526,128,489000,2.3150999546051025,1920,17,1,500000,1000,,489001.0,0.629687488079071,0.6438189148902893,0.6479166746139526,0.6483760476112366,2284,1321332806,4,1
490001,1920,7350015,940801920,23520,0.6479166746139526,128,490000,2.3187031745910645,1920,17,1,500000,1000,,490001.0,0.629687488079071,0.643818199634552,0.6479166746139526,0.6485639810562134,2288,1321332806,4,1
491001,1920,7365015,942721920,23520,0.6479166746139526,128,491000,2.326385259628296,1920,17,1,500000,1000,,491001.0,0.6307291388511658,0.6438228487968445,0.6479166746139526,0.6481526494026184,2293,1321332806,4,1
492001,1920,7380015,944641920,23520,0.6479166746139526,128,492000,2.3299355506896973,1920,17,1,500000,1000,,492001.0,0.6291666626930237,0.6438210606575012,0.6479166746139526,0.6482366323471069,2297,1321332806,4,1
493001,1920,7395015,946561920,23520,0.6479166746139526,128,493000,2.3336775302886963,1920,17,1,500000,1000,,493001.0,0.6302083134651184,0.6438189148902893,0.6499999761581421,0.6485099792480469,2302,1321332806,4,1
494001,1920,7410015,948481920,23520,0.6499999761581421,128,494000,2.3387105464935303,1920,17,1,500000,1000,,494001.0,0.6317708492279053,0.6438204646110535,0.6499999761581421,0.6485852599143982,2306,1321332806,4,1
495001,1920,7425015,950401920,23520,0.6499999761581421,128,495000,2.3422625064849854,1920,17,1,500000,1000,,495001.0,0.6302083134651184,0.6438204646110535,0.6479166746139526,0.6481605172157288,2310,1321332806,4,1
496001,1920,7440015,952321920,23520,0.6479166746139526,128,496000,2.3459255695343018,1920,17,1,500000,1000,,496001.0,0.629687488079071,0.6438192129135132,0.6499999761581421,0.6481157541275024,2315,1321332806,4,1
497001,1920,7455015,954241920,23520,0.6499999761581421,128,497000,2.34979248046875,1920,17,1,500000,1000,,497001.0,0.6312500238418579,0.6438182592391968,0.6479166746139526,0.648402988910675,2320,1321332806,4,1
498001,1920,7470015,956161920,23520,0.6479166746139526,128,498000,2.3536176681518555,1920,17,1,500000,1000,,498001.0,0.6322916746139526,0.6438190937042236,0.6499999761581421,0.6484287977218628,2324,1321332806,4,1
499001,1920,7485015,958081920,23520,0.6499999761581421,128,499000,2.415942668914795,1920,17,1,500000,1000,,499001.0,0.6291666626930237,0.6438180208206177,0.6479166746139526,0.6484115123748779,2329,1321332806,4,1
499998,1920,7499970,959996160,23520,0.6479166746139526,128,499997,2.4194726943969727,1920,17,1,500000,1000,,499998.0,0.629687488079071,0.6438190340995789,0.6499999761581421,0.6483544707298279,2333,1321332806,4,1
499999,1920,7499985,959998080,23520,0.6499999761581421,128,499998,2.4230778217315674,1920,17,1,500000,1000,,499999.0,0.629687488079071,0.6438188552856445,0.6499999761581421,0.6483274698257446,2333,1321332806,4,1
500000,1920,7500000,960000000,23520,0.6499999761581421,128,499999,2.426661729812622,1920,17,1,500000,1000,,500000.0,0.629687488079071,0.6438186764717102,0.6499999761581421,0.6483299732208252,2333,1321332806,4,1
