pf_calls,num_answers,model_updates,num_grad_comps,answers_bytes,last_score,batch_size,k,elapsed_time,train_data,n,d,max_epochs,verbose,ident,_epochs,score_train,loss_train,score_test,loss_test,_elapsed_time,seed,run_id,dim
1,1920,15,1920,23520,0.4958333373069763,128,0,0.05032825469970703,1920,17,5,500000,1000,,1.0,0.5171874761581421,0.6931472420692444,0.5041666626930237,0.6931472420692444,0,1406593029,1,5
1001,1920,15015,1921920,23520,0.5041666626930237,128,1000,0.054444074630737305,1920,17,5,500000,1000,,1001.0,0.6734374761581421,0.61060631275177,0.625,0.646287739276886,4,1406593029,1,5
2001,1920,30015,3841920,23520,0.625,128,2000,0.059575796127319336,1920,17,5,500000,1000,,2001.0,0.6770833134651184,0.5969809889793396,0.6229166388511658,0.6343700289726257,8,1406593029,1,5
3001,1920,45015,5761920,23520,0.6229166388511658,128,3000,0.06435966491699219,1920,17,5,500000,1000,,3001.0,0.684374988079071,0.5918233394622803,0.6312500238418579,0.6306816339492798,12,1406593029,1,5
4001,1920,60015,7681920,23520,0.6312500238418579,128,4000,0.06825470924377441,1920,17,5,500000,1000,,4001.0,0.6901041865348816,0.5893804430961609,0.6333333253860474,0.6292740106582642,16,1406593029,1,5
5001,1920,75015,9601920,23520,0.6333333253860474,128,5000,0.07210278511047363,1920,17,5,500000,1000,,5001.0,0.6880208253860474,0.587935209274292,0.6312500238418579,0.6282981634140015,20,1406593029,1,5
6001,1920,90015,11521920,23520,0.6312500238418579,128,6000,0.07592988014221191,1920,17,5,500000,1000,,6001.0,0.6895833611488342,0.5869223475456238,0.6291666626930237,0.6277574896812439,24,1406593029,1,5
7001,1920,105015,13441920,23520,0.6291666626930237,128,7000,0.0797567367553711,1920,17,5,500000,1000,,7001.0,0.6895833611488342,0.5861608982086182,0.637499988079071,0.627446711063385,28,1406593029,1,5
8001,1920,120015,15361920,23520,0.637499988079071,128,8000,0.08367371559143066,1920,17,5,500000,1000,,8001.0,0.6901041865348816,0.5855652093887329,0.6312500238418579,0.6280108690261841,32,1406593029,1,5
9001,1920,135015,17281920,23520,0.6312500238418579,128,9000,0.0876007080078125,1920,17,5,500000,1000,,9001.0,0.6901041865348816,0.5850752592086792,0.6312500238418579,0.6275621652603149,37,1406593029,1,5
10001,1920,150015,19201920,23520,0.6312500238418579,128,10000,0.09164571762084961,1920,17,5,500000,1000,,10001.0,0.6880208253860474,0.5846708416938782,0.6312500238418579,0.6278269290924072,41,1406593029,1,5
11001,1920,165015,21121920,23520,0.6312500238418579,128,11000,0.09549379348754883,1920,17,5,500000,1000,,11001.0,0.6869791746139526,0.5843359231948853,0.6312500238418579,0.6280891299247742,45,1406593029,1,5
12001,1920,180015,23041920,23520,0.6312500238418579,128,12000,0.10039782524108887,1920,17,5,500000,1000,,12001.0,0.6890624761581421,0.5840486884117126,0.6270833611488342,0.6281811594963074,49,1406593029,1,5
13001,1920,195015,24961920,23520,0.6270833611488342,128,13000,0.10588765144348145,1920,17,5,500000,1000,,13001.0,0.6916666626930237,0.5837963223457336,0.6270833611488342,0.6282545924186707,54,1406593029,1,5
14001,1920,210015,26881920,23520,0.6270833611488342,128,14000,0.10989761352539062,1920,17,5,500000,1000,,14001.0,0.6916666626930237,0.5835891962051392,0.6270833611488342,0.6286299824714661,59,1406593029,1,5
15001,1920,225015,28801920,23520,0.6270833611488342,128,15000,0.11399149894714355,1920,17,5,500000,1000,,15001.0,0.692187488079071,0.5834036469459534,0.6270833611488342,0.6288593411445618,63,1406593029,1,5
16001,1920,240015,30721920,23520,0.6270833611488342,128,16000,0.11839437484741211,1920,17,5,500000,1000,,16001.0,0.6937500238418579,0.5832350850105286,0.625,0.6286913752555847,67,1406593029,1,5
17001,1920,255015,32641920,23520,0.625,128,17000,0.15601229667663574,1920,17,5,500000,1000,,17001.0,0.6937500238418579,0.5830830931663513,0.625,0.6286550760269165,148,1406593029,1,5
18001,1920,270015,34561920,23520,0.625,128,18000,0.16018104553222656,1920,17,5,500000,1000,,18001.0,0.6947916746139526,0.5829477310180664,0.6229166388511658,0.6287468075752258,212,1406593029,1,5
19001,1920,285015,36481920,23520,0.6229166388511658,128,19000,0.16613483428955078,1920,17,5,500000,1000,,19001.0,0.6947916746139526,0.5828333497047424,0.6229166388511658,0.6286647319793701,230,1406593029,1,5
20001,1920,300015,38401920,23520,0.6229166388511658,128,20000,0.17026686668395996,1920,17,5,500000,1000,,20001.0,0.6958333253860474,0.5827191472053528,0.6187499761581421,0.6292774081230164,263,1406593029,1,5
21001,1920,315015,40321920,23520,0.6187499761581421,128,21000,0.5383927822113037,1920,17,5,500000,1000,,21001.0,0.6958333253860474,0.5826209783554077,0.6270833611488342,0.6292918920516968,278,1406593029,1,5
22001,1920,330015,42241920,23520,0.6270833611488342,128,22000,0.5423276424407959,1920,17,5,500000,1000,,22001.0,0.6958333253860474,0.5825404524803162,0.6187499761581421,0.6294571757316589,317,1406593029,1,5
23001,1920,345015,44161920,23520,0.6187499761581421,128,23000,0.5494296550750732,1920,17,5,500000,1000,,23001.0,0.6963541507720947,0.5824563503265381,0.6208333373069763,0.6292742490768433,337,1406593029,1,5
24001,1920,360015,46081920,23520,0.6208333373069763,128,24000,0.553236722946167,1920,17,5,500000,1000,,24001.0,0.6968749761581421,0.5823800563812256,0.6187499761581421,0.6295989751815796,349,1406593029,1,5
25001,1920,375015,48001920,23520,0.6187499761581421,128,25000,0.5597686767578125,1920,17,5,500000,1000,,25001.0,0.6963541507720947,0.582305371761322,0.625,0.6290523409843445,353,1406593029,1,5
26001,1920,390015,49921920,23520,0.625,128,26000,0.5634918212890625,1920,17,5,500000,1000,,26001.0,0.698437511920929,0.5822460651397705,0.6270833611488342,0.6292374730110168,357,1406593029,1,5
27001,1920,405015,51841920,23520,0.6270833611488342,128,27000,0.567246675491333,1920,17,5,500000,1000,,27001.0,0.6968749761581421,0.5821827054023743,0.6229166388511658,0.6291537880897522,362,1406593029,1,5
28001,1920,420015,53761920,23520,0.6229166388511658,128,28000,0.5715487003326416,1920,17,5,500000,1000,,28001.0,0.699999988079071,0.5821310877799988,0.6208333373069763,0.6292917728424072,367,1406593029,1,5
29001,1920,435015,55681920,23520,0.6208333373069763,128,29000,0.6283347606658936,1920,17,5,500000,1000,,29001.0,0.6973958611488342,0.5820741057395935,0.6208333373069763,0.6291888952255249,389,1406593029,1,5
30001,1920,450015,57601920,23520,0.6208333373069763,128,30000,0.6320407390594482,1920,17,5,500000,1000,,30001.0,0.6989583373069763,0.5820291042327881,0.6187499761581421,0.6293259263038635,401,1406593029,1,5
31001,1920,465015,59521920,23520,0.6187499761581421,128,31000,0.6360659599304199,1920,17,5,500000,1000,,31001.0,0.6989583373069763,0.5819790363311768,0.6208333373069763,0.6293050646781921,406,1406593029,1,5
32001,1920,480015,61441920,23520,0.6208333373069763,128,32000,0.63991379737854,1920,17,5,500000,1000,,32001.0,0.6989583373069763,0.5819375514984131,0.6187499761581421,0.629377007484436,414,1406593029,1,5
33001,1920,495015,63361920,23520,0.6187499761581421,128,33000,0.6436929702758789,1920,17,5,500000,1000,,33001.0,0.6973958611488342,0.5818987488746643,0.6208333373069763,0.6297844648361206,418,1406593029,1,5
34001,1920,510015,65281920,23520,0.6208333373069763,128,34000,0.6495499610900879,1920,17,5,500000,1000,,34001.0,0.6989583373069763,0.5818586945533752,0.6229166388511658,0.6292799711227417,427,1406593029,1,5
35001,1920,525015,67201920,23520,0.6229166388511658,128,35000,0.6534280776977539,1920,17,5,500000,1000,,35001.0,0.6989583373069763,0.5818257927894592,0.6229166388511658,0.6294788122177124,432,1406593029,1,5
36001,1920,540015,69121920,23520,0.6229166388511658,128,36000,0.657304048538208,1920,17,5,500000,1000,,36001.0,0.698437511920929,0.5817858576774597,0.6208333373069763,0.6298023462295532,436,1406593029,1,5
37001,1920,555015,71041920,23520,0.6208333373069763,128,37000,0.6609921455383301,1920,17,5,500000,1000,,37001.0,0.6994791626930237,0.5817581415176392,0.625,0.629463255405426,442,1406593029,1,5
38001,1920,570015,72961920,23520,0.625,128,38000,0.6653153896331787,1920,17,5,500000,1000,,38001.0,0.6979166865348816,0.5817228555679321,0.6208333373069763,0.6297152042388916,446,1406593029,1,5
39001,1920,585015,74881920,23520,0.6208333373069763,128,39000,0.6708173751831055,1920,17,5,500000,1000,,39001.0,0.6994791626930237,0.5816931128501892,0.6229166388511658,0.6295107007026672,450,1406593029,1,5
40001,1920,600015,76801920,23520,0.6229166388511658,128,40000,0.6745095252990723,1920,17,5,500000,1000,,40001.0,0.699999988079071,0.5816656947135925,0.6229166388511658,0.629406750202179,455,1406593029,1,5
41001,1920,615015,78721920,23520,0.6229166388511658,128,41000,0.6797354221343994,1920,17,5,500000,1000,,41001.0,0.6989583373069763,0.5816390514373779,0.6229166388511658,0.6296936273574829,459,1406593029,1,5
42001,1920,630015,80641920,23520,0.6229166388511658,128,42000,0.6834795475006104,1920,17,5,500000,1000,,42001.0,0.699999988079071,0.5816084146499634,0.6229166388511658,0.6294193267822266,463,1406593029,1,5
43001,1920,645015,82561920,23520,0.6229166388511658,128,43000,0.6872174739837646,1920,17,5,500000,1000,,43001.0,0.7010416388511658,0.5815897583961487,0.6270833611488342,0.6292828321456909,467,1406593029,1,5
44001,1920,660015,84481920,23520,0.6270833611488342,128,44000,0.6909825801849365,1920,17,5,500000,1000,,44001.0,0.6973958611488342,0.5815628170967102,0.6187499761581421,0.6294611096382141,472,1406593029,1,5
45001,1920,675015,86401920,23520,0.6187499761581421,128,45000,0.6948635578155518,1920,17,5,500000,1000,,45001.0,0.7005208134651184,0.5815384387969971,0.625,0.6292849779129028,476,1406593029,1,5
46001,1920,690015,88321920,23520,0.625,128,46000,0.6985595226287842,1920,17,5,500000,1000,,46001.0,0.6994791626930237,0.5815154910087585,0.625,0.62931889295578,480,1406593029,1,5
47001,1920,705015,90241920,23520,0.625,128,47000,0.7029175758361816,1920,17,5,500000,1000,,47001.0,0.6979166865348816,0.5814961791038513,0.625,0.629522979259491,484,1406593029,1,5
48001,1920,720015,92161920,23520,0.625,128,48000,0.7068173885345459,1920,17,5,500000,1000,,48001.0,0.6994791626930237,0.5814756751060486,0.6291666626930237,0.6293677091598511,488,1406593029,1,5
49001,1920,735015,94081920,23520,0.6291666626930237,128,49000,0.7104980945587158,1920,17,5,500000,1000,,49001.0,0.698437511920929,0.5814532041549683,0.625,0.6291565299034119,493,1406593029,1,5
50001,1920,750015,96001920,23520,0.625,128,50000,0.7142031192779541,1920,17,5,500000,1000,,50001.0,0.6989583373069763,0.5814361572265625,0.625,0.6292345523834229,496,1406593029,1,5
51001,1920,765015,97921920,23520,0.625,128,51000,0.7183229923248291,1920,17,5,500000,1000,,51001.0,0.698437511920929,0.5814176797866821,0.6229166388511658,0.6290006637573242,500,1406593029,1,5
52001,1920,780015,99841920,23520,0.6229166388511658,128,52000,0.7221050262451172,1920,17,5,500000,1000,,52001.0,0.699999988079071,0.5814018845558167,0.625,0.6295835375785828,504,1406593029,1,5
53001,1920,795015,101761920,23520,0.625,128,53000,0.7258110046386719,1920,17,5,500000,1000,,53001.0,0.6989583373069763,0.5813815593719482,0.6291666626930237,0.6292605996131897,509,1406593029,1,5
54001,1920,810015,103681920,23520,0.6291666626930237,128,54000,0.7299919128417969,1920,17,5,500000,1000,,54001.0,0.7010416388511658,0.581365704536438,0.6291666626930237,0.6294190883636475,512,1406593029,1,5
55001,1920,825015,105601920,23520,0.6291666626930237,128,55000,0.7337038516998291,1920,17,5,500000,1000,,55001.0,0.6989583373069763,0.5813506841659546,0.6291666626930237,0.6293836832046509,516,1406593029,1,5
56001,1920,840015,107521920,23520,0.6291666626930237,128,56000,0.7374067306518555,1920,17,5,500000,1000,,56001.0,0.6979166865348816,0.5813300013542175,0.625,0.6291024684906006,521,1406593029,1,5
57001,1920,855015,109441920,23520,0.625,128,57000,0.7410788536071777,1920,17,5,500000,1000,,57001.0,0.6994791626930237,0.5813158750534058,0.6291666626930237,0.6292540431022644,525,1406593029,1,5
58001,1920,870015,111361920,23520,0.6291666626930237,128,58000,0.7448616027832031,1920,17,5,500000,1000,,58001.0,0.699999988079071,0.5812994241714478,0.6291666626930237,0.6293033957481384,528,1406593029,1,5
59001,1920,885015,113281920,23520,0.6291666626930237,128,59000,0.7487661838531494,1920,17,5,500000,1000,,59001.0,0.699999988079071,0.5812820196151733,0.6291666626930237,0.6294253468513489,532,1406593029,1,5
60001,1920,900015,115201920,23520,0.6291666626930237,128,60000,0.7525050640106201,1920,17,5,500000,1000,,60001.0,0.699999988079071,0.5812710523605347,0.6270833611488342,0.629166841506958,537,1406593029,1,5
61001,1920,915015,117121920,23520,0.6270833611488342,128,61000,0.7562522888183594,1920,17,5,500000,1000,,61001.0,0.6994791626930237,0.5812618136405945,0.6333333253860474,0.6287394762039185,540,1406593029,1,5
62001,1920,930015,119041920,23520,0.6333333253860474,128,62000,0.7599694728851318,1920,17,5,500000,1000,,62001.0,0.6994791626930237,0.5812444686889648,0.6291666626930237,0.6292383074760437,544,1406593029,1,5
63001,1920,945015,120961920,23520,0.6291666626930237,128,63000,0.7637045383453369,1920,17,5,500000,1000,,63001.0,0.6994791626930237,0.5812295079231262,0.6312500238418579,0.6293253302574158,548,1406593029,1,5
64001,1920,960015,122881920,23520,0.6312500238418579,128,64000,0.7674486637115479,1920,17,5,500000,1000,,64001.0,0.6994791626930237,0.5812180638313293,0.625,0.629691481590271,552,1406593029,1,5
65001,1920,975015,124801920,23520,0.625,128,65000,0.7712936401367188,1920,17,5,500000,1000,,65001.0,0.6994791626930237,0.5812032222747803,0.6270833611488342,0.6296428442001343,556,1406593029,1,5
66001,1920,990015,126721920,23520,0.6270833611488342,128,66000,0.7751026153564453,1920,17,5,500000,1000,,66001.0,0.6994791626930237,0.5811931490898132,0.6291666626930237,0.6294401288032532,561,1406593029,1,5
67001,1920,1005015,128641920,23520,0.6291666626930237,128,67000,0.7788934707641602,1920,17,5,500000,1000,,67001.0,0.698437511920929,0.581184446811676,0.6270833611488342,0.6293496489524841,565,1406593029,1,5
68001,1920,1020015,130561920,23520,0.6270833611488342,128,68000,0.7915263175964355,1920,17,5,500000,1000,,68001.0,0.6994791626930237,0.5811710357666016,0.625,0.6293787360191345,571,1406593029,1,5
69001,1920,1035015,132481920,23520,0.625,128,69000,0.7952392101287842,1920,17,5,500000,1000,,69001.0,0.6994791626930237,0.5811620354652405,0.6270833611488342,0.6294022798538208,575,1406593029,1,5
70001,1920,1050015,134401920,23520,0.6270833611488342,128,70000,0.7989523410797119,1920,17,5,500000,1000,,70001.0,0.6989583373069763,0.5811501741409302,0.625,0.6291839480400085,578,1406593029,1,5
71001,1920,1065015,136321920,23520,0.625,128,71000,0.802661657333374,1920,17,5,500000,1000,,71001.0,0.6994791626930237,0.5811439752578735,0.6291666626930237,0.6290247440338135,582,1406593029,1,5
72001,1920,1080015,138241920,23520,0.6291666626930237,128,72000,0.806403636932373,1920,17,5,500000,1000,,72001.0,0.699999988079071,0.5811331868171692,0.6270833611488342,0.629073977470398,586,1406593029,1,5
73001,1920,1095015,140161920,23520,0.6270833611488342,128,73000,0.8101687431335449,1920,17,5,500000,1000,,73001.0,0.6989583373069763,0.5811193585395813,0.625,0.628828763961792,590,1406593029,1,5
74001,1920,1110015,142081920,23520,0.625,128,74000,0.8138267993927002,1920,17,5,500000,1000,,74001.0,0.6989583373069763,0.5811102986335754,0.6270833611488342,0.629266619682312,594,1406593029,1,5
75001,1920,1125015,144001920,23520,0.6270833611488342,128,75000,0.8174946308135986,1920,17,5,500000,1000,,75001.0,0.6989583373069763,0.5810969471931458,0.6270833611488342,0.6294434666633606,598,1406593029,1,5
76001,1920,1140015,145921920,23520,0.6270833611488342,128,76000,0.8214595317840576,1920,17,5,500000,1000,,76001.0,0.699999988079071,0.5810891389846802,0.6291666626930237,0.6290754079818726,602,1406593029,1,5
77001,1920,1155015,147841920,23520,0.6291666626930237,128,77000,0.8252034187316895,1920,17,5,500000,1000,,77001.0,0.6994791626930237,0.5810804963111877,0.625,0.6292644739151001,606,1406593029,1,5
78001,1920,1170015,149761920,23520,0.625,128,78000,0.828925371170044,1920,17,5,500000,1000,,78001.0,0.699999988079071,0.581070065498352,0.6291666626930237,0.6293371915817261,609,1406593029,1,5
79001,1920,1185015,151681920,23520,0.6291666626930237,128,79000,0.8326663970947266,1920,17,5,500000,1000,,79001.0,0.6994791626930237,0.5810621380805969,0.6291666626930237,0.6291143298149109,613,1406593029,1,5
80001,1920,1200015,153601920,23520,0.6291666626930237,128,80000,0.8366813659667969,1920,17,5,500000,1000,,80001.0,0.698437511920929,0.5810545086860657,0.6270833611488342,0.6296130418777466,617,1406593029,1,5
81001,1920,1215015,155521920,23520,0.6270833611488342,128,81000,0.8403782844543457,1920,17,5,500000,1000,,81001.0,0.6994791626930237,0.5810421109199524,0.6291666626930237,0.629138171672821,621,1406593029,1,5
82001,1920,1230015,157441920,23520,0.6291666626930237,128,82000,0.8440539836883545,1920,17,5,500000,1000,,82001.0,0.6994791626930237,0.5810374617576599,0.6291666626930237,0.6291367411613464,625,1406593029,1,5
83001,1920,1245015,159361920,23520,0.6291666626930237,128,83000,0.8478548526763916,1920,17,5,500000,1000,,83001.0,0.6994791626930237,0.5810269713401794,0.6270833611488342,0.6293357610702515,629,1406593029,1,5
84001,1920,1260015,161281920,23520,0.6270833611488342,128,84000,0.8515698909759521,1920,17,5,500000,1000,,84001.0,0.698437511920929,0.581020176410675,0.6270833611488342,0.6293203830718994,634,1406593029,1,5
85001,1920,1275015,163201920,23520,0.6270833611488342,128,85000,0.8554296493530273,1920,17,5,500000,1000,,85001.0,0.6994791626930237,0.5810158252716064,0.625,0.6290377378463745,638,1406593029,1,5
86001,1920,1290015,165121920,23520,0.625,128,86000,0.8599905967712402,1920,17,5,500000,1000,,86001.0,0.699999988079071,0.5810030698776245,0.6291666626930237,0.6290532946586609,643,1406593029,1,5
87001,1920,1305015,167041920,23520,0.6291666626930237,128,87000,0.8637218475341797,1920,17,5,500000,1000,,87001.0,0.6994791626930237,0.5809972882270813,0.6291666626930237,0.6290063858032227,647,1406593029,1,5
88001,1920,1320015,168961920,23520,0.6291666626930237,128,88000,0.867485761642456,1920,17,5,500000,1000,,88001.0,0.698437511920929,0.5809891819953918,0.6270833611488342,0.6289843320846558,652,1406593029,1,5
89001,1920,1335015,170881920,23520,0.6270833611488342,128,89000,0.8712427616119385,1920,17,5,500000,1000,,89001.0,0.698437511920929,0.5809838175773621,0.6291666626930237,0.6289599537849426,656,1406593029,1,5
90001,1920,1350015,172801920,23520,0.6291666626930237,128,90000,0.8749799728393555,1920,17,5,500000,1000,,90001.0,0.6989583373069763,0.5809744596481323,0.625,0.6295087337493896,660,1406593029,1,5
91001,1920,1365015,174721920,23520,0.625,128,91000,0.8787260055541992,1920,17,5,500000,1000,,91001.0,0.6994791626930237,0.5809656977653503,0.625,0.6293302178382874,664,1406593029,1,5
92001,1920,1380015,176641920,23520,0.625,128,92000,0.8825981616973877,1920,17,5,500000,1000,,92001.0,0.6989583373069763,0.5809616446495056,0.6270833611488342,0.6293904781341553,669,1406593029,1,5
93001,1920,1395015,178561920,23520,0.6270833611488342,128,93000,0.8867392539978027,1920,17,5,500000,1000,,93001.0,0.698437511920929,0.5809565186500549,0.625,0.6294457316398621,672,1406593029,1,5
94001,1920,1410015,180481920,23520,0.625,128,94000,0.8907032012939453,1920,17,5,500000,1000,,94001.0,0.6994791626930237,0.5809484124183655,0.6291666626930237,0.629257321357727,676,1406593029,1,5
95001,1920,1425015,182401920,23520,0.6291666626930237,128,95000,0.8945491313934326,1920,17,5,500000,1000,,95001.0,0.6994791626930237,0.5809451341629028,0.6270833611488342,0.629256010055542,680,1406593029,1,5
96001,1920,1440015,184321920,23520,0.6270833611488342,128,96000,0.8982889652252197,1920,17,5,500000,1000,,96001.0,0.6989583373069763,0.5809375643730164,0.625,0.6296383142471313,685,1406593029,1,5
97001,1920,1455015,186241920,23520,0.625,128,97000,0.903454065322876,1920,17,5,500000,1000,,97001.0,0.6994791626930237,0.5809308290481567,0.6270833611488342,0.6294434666633606,689,1406593029,1,5
98001,1920,1470015,188161920,23520,0.6270833611488342,128,98000,0.9087321758270264,1920,17,5,500000,1000,,98001.0,0.699999988079071,0.580925703048706,0.6270833611488342,0.629245400428772,693,1406593029,1,5
99001,1920,1485015,190081920,23520,0.6270833611488342,128,99000,0.9124610424041748,1920,17,5,500000,1000,,99001.0,0.6989583373069763,0.5809153914451599,0.6270833611488342,0.6294088959693909,698,1406593029,1,5
100001,1920,1500015,192001920,23520,0.6270833611488342,128,100000,0.9161899089813232,1920,17,5,500000,1000,,100001.0,0.6994791626930237,0.5809094309806824,0.6270833611488342,0.6293109655380249,702,1406593029,1,5
101001,1920,1515015,193921920,23520,0.6270833611488342,128,101000,0.9199008941650391,1920,17,5,500000,1000,,101001.0,0.699999988079071,0.5809016823768616,0.6291666626930237,0.6288735866546631,706,1406593029,1,5
102001,1920,1530015,195841920,23520,0.6291666626930237,128,102000,0.9236941337585449,1920,17,5,500000,1000,,102001.0,0.699999988079071,0.5809018611907959,0.6291666626930237,0.6290982365608215,710,1406593029,1,5
103001,1920,1545015,197761920,23520,0.6291666626930237,128,103000,0.9274013042449951,1920,17,5,500000,1000,,103001.0,0.699999988079071,0.5808919668197632,0.6270833611488342,0.6291976571083069,714,1406593029,1,5
104001,1920,1560015,199681920,23520,0.6270833611488342,128,104000,0.9311485290527344,1920,17,5,500000,1000,,104001.0,0.6994791626930237,0.580887496471405,0.6270833611488342,0.628961980342865,718,1406593029,1,5
105001,1920,1575015,201601920,23520,0.6270833611488342,128,105000,0.9348814487457275,1920,17,5,500000,1000,,105001.0,0.698437511920929,0.5808833837509155,0.6270833611488342,0.6293477416038513,722,1406593029,1,5
106001,1920,1590015,203521920,23520,0.6270833611488342,128,106000,0.938610315322876,1920,17,5,500000,1000,,106001.0,0.698437511920929,0.5808804035186768,0.6270833611488342,0.6290333271026611,727,1406593029,1,5
107001,1920,1605015,205441920,23520,0.6270833611488342,128,107000,0.9427375793457031,1920,17,5,500000,1000,,107001.0,0.6994791626930237,0.5808762907981873,0.6291666626930237,0.6292751431465149,731,1406593029,1,5
108001,1920,1620015,207361920,23520,0.6291666626930237,128,108000,0.9464564323425293,1920,17,5,500000,1000,,108001.0,0.6989583373069763,0.5808711647987366,0.6291666626930237,0.6292307376861572,735,1406593029,1,5
109001,1920,1635015,209281920,23520,0.6291666626930237,128,109000,0.9509525299072266,1920,17,5,500000,1000,,109001.0,0.6989583373069763,0.5808621048927307,0.6291666626930237,0.6293507218360901,740,1406593029,1,5
110001,1920,1650015,211201920,23520,0.6291666626930237,128,110000,0.9547011852264404,1920,17,5,500000,1000,,110001.0,0.6994791626930237,0.5808602571487427,0.6291666626930237,0.6291742920875549,743,1406593029,1,5
111001,1920,1665015,213121920,23520,0.6291666626930237,128,111000,0.9584493637084961,1920,17,5,500000,1000,,111001.0,0.698437511920929,0.5808519721031189,0.6291666626930237,0.6294845342636108,749,1406593029,1,5
112001,1920,1680015,215041920,23520,0.6291666626930237,128,112000,0.9621572494506836,1920,17,5,500000,1000,,112001.0,0.6989583373069763,0.5808493494987488,0.6291666626930237,0.6293967962265015,753,1406593029,1,5
113001,1920,1695015,216961920,23520,0.6291666626930237,128,113000,0.968604326248169,1920,17,5,500000,1000,,113001.0,0.6994791626930237,0.5808422565460205,0.6291666626930237,0.6294274926185608,758,1406593029,1,5
114001,1920,1710015,218881920,23520,0.6291666626930237,128,114000,0.9725704193115234,1920,17,5,500000,1000,,114001.0,0.6994791626930237,0.5808383822441101,0.6291666626930237,0.6294368505477905,763,1406593029,1,5
115001,1920,1725015,220801920,23520,0.6291666626930237,128,115000,0.9765541553497314,1920,17,5,500000,1000,,115001.0,0.699999988079071,0.5808340907096863,0.6291666626930237,0.629535973072052,770,1406593029,1,5
116001,1920,1740015,222721920,23520,0.6291666626930237,128,116000,0.9815850257873535,1920,17,5,500000,1000,,116001.0,0.6989583373069763,0.5808326601982117,0.6291666626930237,0.6294048428535461,775,1406593029,1,5
117001,1920,1755015,224641920,23520,0.6291666626930237,128,117000,0.9861609935760498,1920,17,5,500000,1000,,117001.0,0.6994791626930237,0.5808271765708923,0.6270833611488342,0.6294230222702026,783,1406593029,1,5
118001,1920,1770015,226561920,23520,0.6270833611488342,128,118000,0.9903459548950195,1920,17,5,500000,1000,,118001.0,0.6989583373069763,0.5808238983154297,0.6291666626930237,0.629392683506012,788,1406593029,1,5
119001,1920,1785015,228481920,23520,0.6291666626930237,128,119000,0.9942710399627686,1920,17,5,500000,1000,,119001.0,0.699999988079071,0.580816388130188,0.6270833611488342,0.6295474767684937,793,1406593029,1,5
120001,1920,1800015,230401920,23520,0.6270833611488342,128,120000,0.9981889724731445,1920,17,5,500000,1000,,120001.0,0.6994791626930237,0.5808129906654358,0.6270833611488342,0.6296151280403137,797,1406593029,1,5
121001,1920,1815015,232321920,23520,0.6270833611488342,128,121000,1.0020132064819336,1920,17,5,500000,1000,,121001.0,0.6989583373069763,0.580807089805603,0.6270833611488342,0.6296910047531128,802,1406593029,1,5
122001,1920,1830015,234241920,23520,0.6270833611488342,128,122000,1.0057859420776367,1920,17,5,500000,1000,,122001.0,0.6994791626930237,0.5808021426200867,0.6291666626930237,0.6293838024139404,807,1406593029,1,5
123001,1920,1845015,236161920,23520,0.6291666626930237,128,123000,1.010352611541748,1920,17,5,500000,1000,,123001.0,0.7005208134651184,0.5807974934577942,0.6291666626930237,0.6294388175010681,811,1406593029,1,5
124001,1920,1860015,238081920,23520,0.6291666626930237,128,124000,1.0141816139221191,1920,17,5,500000,1000,,124001.0,0.699999988079071,0.580794632434845,0.6291666626930237,0.6292863488197327,816,1406593029,1,5
125001,1920,1875015,240001920,23520,0.6291666626930237,128,125000,1.0180284976959229,1920,17,5,500000,1000,,125001.0,0.699999988079071,0.5807899832725525,0.6270833611488342,0.6295645833015442,821,1406593029,1,5
126001,1920,1890015,241921920,23520,0.6270833611488342,128,126000,1.023071527481079,1920,17,5,500000,1000,,126001.0,0.7005208134651184,0.5807857513427734,0.6270833611488342,0.6291455626487732,825,1406593029,1,5
127001,1920,1905015,243841920,23520,0.6270833611488342,128,127000,1.026909351348877,1920,17,5,500000,1000,,127001.0,0.6994791626930237,0.5807843804359436,0.6270833611488342,0.6293375492095947,830,1406593029,1,5
128001,1920,1920015,245761920,23520,0.6270833611488342,128,128000,1.0306484699249268,1920,17,5,500000,1000,,128001.0,0.6994791626930237,0.5807838439941406,0.625,0.6292126774787903,834,1406593029,1,5
129001,1920,1935015,247681920,23520,0.625,128,129000,1.0344083309173584,1920,17,5,500000,1000,,129001.0,0.699999988079071,0.5807774066925049,0.6270833611488342,0.6291542053222656,837,1406593029,1,5
130001,1920,1950015,249601920,23520,0.6270833611488342,128,130000,1.0383522510528564,1920,17,5,500000,1000,,130001.0,0.6994791626930237,0.5807711482048035,0.6270833611488342,0.6293407678604126,841,1406593029,1,5
131001,1920,1965015,251521920,23520,0.6270833611488342,128,131000,1.042670488357544,1920,17,5,500000,1000,,131001.0,0.7005208134651184,0.5807642340660095,0.6270833611488342,0.6292182207107544,846,1406593029,1,5
132001,1920,1980015,253441920,23520,0.6270833611488342,128,132000,1.0467355251312256,1920,17,5,500000,1000,,132001.0,0.7005208134651184,0.5807609558105469,0.6291666626930237,0.6293675899505615,850,1406593029,1,5
133001,1920,1995015,255361920,23520,0.6291666626930237,128,133000,1.0505754947662354,1920,17,5,500000,1000,,133001.0,0.6994791626930237,0.5807580947875977,0.6270833611488342,0.6291152834892273,855,1406593029,1,5
134001,1920,2010015,257281920,23520,0.6270833611488342,128,134000,1.0544414520263672,1920,17,5,500000,1000,,134001.0,0.6994791626930237,0.5807569622993469,0.6270833611488342,0.6294710040092468,859,1406593029,1,5
135001,1920,2025015,259201920,23520,0.6270833611488342,128,135000,1.058290719985962,1920,17,5,500000,1000,,135001.0,0.6994791626930237,0.5807506442070007,0.6270833611488342,0.6292291283607483,863,1406593029,1,5
136001,1920,2040015,261121920,23520,0.6270833611488342,128,136000,1.0628468990325928,1920,17,5,500000,1000,,136001.0,0.699999988079071,0.5807468295097351,0.6270833611488342,0.6293708682060242,867,1406593029,1,5
137001,1920,2055015,263041920,23520,0.6270833611488342,128,137000,1.0672760009765625,1920,17,5,500000,1000,,137001.0,0.699999988079071,0.5807416439056396,0.6270833611488342,0.6289677023887634,871,1406593029,1,5
138001,1920,2070015,264961920,23520,0.6270833611488342,128,138000,1.0710928440093994,1920,17,5,500000,1000,,138001.0,0.699999988079071,0.5807438492774963,0.6270833611488342,0.629359781742096,875,1406593029,1,5
139001,1920,2085015,266881920,23520,0.6270833611488342,128,139000,1.074922800064087,1920,17,5,500000,1000,,139001.0,0.6994791626930237,0.5807402729988098,0.6270833611488342,0.6293433904647827,879,1406593029,1,5
140001,1920,2100015,268801920,23520,0.6270833611488342,128,140000,1.0786807537078857,1920,17,5,500000,1000,,140001.0,0.6994791626930237,0.5807364583015442,0.6291666626930237,0.629335343837738,883,1406593029,1,5
141001,1920,2115015,270721920,23520,0.6291666626930237,128,141000,1.083162784576416,1920,17,5,500000,1000,,141001.0,0.7005208134651184,0.5807371735572815,0.6291666626930237,0.6296565532684326,887,1406593029,1,5
142001,1920,2130015,272641920,23520,0.6291666626930237,128,142000,1.0868868827819824,1920,17,5,500000,1000,,142001.0,0.6994791626930237,0.5807268619537354,0.6291666626930237,0.6295525431632996,890,1406593029,1,5
143001,1920,2145015,274561920,23520,0.6291666626930237,128,143000,1.0906569957733154,1920,17,5,500000,1000,,143001.0,0.699999988079071,0.580723762512207,0.6291666626930237,0.6293837428092957,894,1406593029,1,5
144001,1920,2160015,276481920,23520,0.6291666626930237,128,144000,1.0943899154663086,1920,17,5,500000,1000,,144001.0,0.699999988079071,0.5807225704193115,0.6291666626930237,0.6294028759002686,898,1406593029,1,5
145001,1920,2175015,278401920,23520,0.6291666626930237,128,145000,1.098149061203003,1920,17,5,500000,1000,,145001.0,0.6994791626930237,0.5807202458381653,0.6291666626930237,0.6293805837631226,902,1406593029,1,5
146001,1920,2190015,280321920,23520,0.6291666626930237,128,146000,1.1019103527069092,1920,17,5,500000,1000,,146001.0,0.6989583373069763,0.5807145237922668,0.6312500238418579,0.6289700865745544,906,1406593029,1,5
147001,1920,2205015,282241920,23520,0.6312500238418579,128,147000,1.105642318725586,1920,17,5,500000,1000,,147001.0,0.6994791626930237,0.5807123780250549,0.6312500238418579,0.629201352596283,910,1406593029,1,5
148001,1920,2220015,284161920,23520,0.6312500238418579,128,148000,1.109391450881958,1920,17,5,500000,1000,,148001.0,0.699999988079071,0.5807095170021057,0.6291666626930237,0.6289400458335876,913,1406593029,1,5
149001,1920,2235015,286081920,23520,0.6291666626930237,128,149000,1.1131434440612793,1920,17,5,500000,1000,,149001.0,0.6989583373069763,0.5807090401649475,0.6291666626930237,0.6291619539260864,917,1406593029,1,5
150001,1920,2250015,288001920,23520,0.6291666626930237,128,150000,1.1169893741607666,1920,17,5,500000,1000,,150001.0,0.6994791626930237,0.5807077288627625,0.6291666626930237,0.6292341947555542,921,1406593029,1,5
151001,1920,2265015,289921920,23520,0.6291666626930237,128,151000,1.1208481788635254,1920,17,5,500000,1000,,151001.0,0.6994791626930237,0.5806990265846252,0.6312500238418579,0.6290697455406189,925,1406593029,1,5
152001,1920,2280015,291841920,23520,0.6312500238418579,128,152000,1.1245973110198975,1920,17,5,500000,1000,,152001.0,0.6989583373069763,0.5806958079338074,0.6291666626930237,0.6292101740837097,929,1406593029,1,5
153001,1920,2295015,293761920,23520,0.6291666626930237,128,153000,1.1284494400024414,1920,17,5,500000,1000,,153001.0,0.6994791626930237,0.5806910991668701,0.6270833611488342,0.6291674375534058,933,1406593029,1,5
154001,1920,2310015,295681920,23520,0.6270833611488342,128,154000,1.132328748703003,1920,17,5,500000,1000,,154001.0,0.6994791626930237,0.5806892514228821,0.6291666626930237,0.6292765736579895,936,1406593029,1,5
155001,1920,2325015,297601920,23520,0.6291666626930237,128,155000,1.136162519454956,1920,17,5,500000,1000,,155001.0,0.6994791626930237,0.5806873440742493,0.6291666626930237,0.6292842030525208,940,1406593029,1,5
156001,1920,2340015,299521920,23520,0.6291666626930237,128,156000,1.1399486064910889,1920,17,5,500000,1000,,156001.0,0.6994791626930237,0.5806851983070374,0.6270833611488342,0.6293514966964722,944,1406593029,1,5
157001,1920,2355015,301441920,23520,0.6270833611488342,128,157000,1.143784761428833,1920,17,5,500000,1000,,157001.0,0.6994791626930237,0.5806831121444702,0.6291666626930237,0.6292979121208191,948,1406593029,1,5
158001,1920,2370015,303361920,23520,0.6291666626930237,128,158000,1.1475696563720703,1920,17,5,500000,1000,,158001.0,0.6994791626930237,0.5806829333305359,0.625,0.6291474103927612,952,1406593029,1,5
159001,1920,2385015,305281920,23520,0.625,128,159000,1.1513116359710693,1920,17,5,500000,1000,,159001.0,0.699999988079071,0.5806779265403748,0.6270833611488342,0.6291185617446899,956,1406593029,1,5
160001,1920,2400015,307201920,23520,0.6270833611488342,128,160000,1.1551027297973633,1920,17,5,500000,1000,,160001.0,0.699999988079071,0.5806732177734375,0.6312500238418579,0.6293111443519592,960,1406593029,1,5
161001,1920,2415015,309121920,23520,0.6312500238418579,128,161000,1.1589038372039795,1920,17,5,500000,1000,,161001.0,0.7010416388511658,0.5806723833084106,0.6270833611488342,0.6290973424911499,964,1406593029,1,5
162001,1920,2430015,311041920,23520,0.6270833611488342,128,162000,1.1626646518707275,1920,17,5,500000,1000,,162001.0,0.7005208134651184,0.5806711912155151,0.6291666626930237,0.629400908946991,967,1406593029,1,5
163001,1920,2445015,312961920,23520,0.6291666626930237,128,163000,1.1665968894958496,1920,17,5,500000,1000,,163001.0,0.699999988079071,0.5806668400764465,0.6270833611488342,0.6293480396270752,971,1406593029,1,5
164001,1920,2460015,314881920,23520,0.6270833611488342,128,164000,1.17042875289917,1920,17,5,500000,1000,,164001.0,0.6994791626930237,0.5806635022163391,0.6291666626930237,0.6293419003486633,975,1406593029,1,5
165001,1920,2475015,316801920,23520,0.6291666626930237,128,165000,1.1742141246795654,1920,17,5,500000,1000,,165001.0,0.699999988079071,0.5806605219841003,0.6312500238418579,0.6292266845703125,979,1406593029,1,5
166001,1920,2490015,318721920,23520,0.6312500238418579,128,166000,1.1779980659484863,1920,17,5,500000,1000,,166001.0,0.699999988079071,0.5806598663330078,0.6291666626930237,0.629425048828125,983,1406593029,1,5
167001,1920,2505015,320641920,23520,0.6291666626930237,128,167000,1.181779384613037,1920,17,5,500000,1000,,167001.0,0.7005208134651184,0.5806587934494019,0.6291666626930237,0.6293230652809143,987,1406593029,1,5
168001,1920,2520015,322561920,23520,0.6291666626930237,128,168000,1.1857423782348633,1920,17,5,500000,1000,,168001.0,0.6989583373069763,0.5806523561477661,0.6291666626930237,0.629385232925415,991,1406593029,1,5
169001,1920,2535015,324481920,23520,0.6291666626930237,128,169000,1.1895101070404053,1920,17,5,500000,1000,,169001.0,0.6989583373069763,0.5806519985198975,0.6312500238418579,0.6292848587036133,994,1406593029,1,5
170001,1920,2550015,326401920,23520,0.6312500238418579,128,170000,1.193373203277588,1920,17,5,500000,1000,,170001.0,0.6994791626930237,0.5806490778923035,0.6291666626930237,0.6292553544044495,998,1406593029,1,5
171001,1920,2565015,328321920,23520,0.6291666626930237,128,171000,1.1973662376403809,1920,17,5,500000,1000,,171001.0,0.6994791626930237,0.5806448459625244,0.6312500238418579,0.6289656162261963,1002,1406593029,1,5
172001,1920,2580015,330241920,23520,0.6312500238418579,128,172000,1.2011511325836182,1920,17,5,500000,1000,,172001.0,0.6989583373069763,0.5806421041488647,0.6270833611488342,0.6293150186538696,1006,1406593029,1,5
173001,1920,2595015,332161920,23520,0.6270833611488342,128,173000,1.2049612998962402,1920,17,5,500000,1000,,173001.0,0.6989583373069763,0.5806422829627991,0.6270833611488342,0.6292228698730469,1010,1406593029,1,5
174001,1920,2610015,334081920,23520,0.6270833611488342,128,174000,1.2087395191192627,1920,17,5,500000,1000,,174001.0,0.6994791626930237,0.5806398987770081,0.6291666626930237,0.6292301416397095,1014,1406593029,1,5
175001,1920,2625015,336001920,23520,0.6291666626930237,128,175000,1.212512493133545,1920,17,5,500000,1000,,175001.0,0.6994791626930237,0.5806388854980469,0.6291666626930237,0.6290958523750305,1018,1406593029,1,5
176001,1920,2640015,337921920,23520,0.6291666626930237,128,176000,1.2162995338439941,1920,17,5,500000,1000,,176001.0,0.6994791626930237,0.5806358456611633,0.6291666626930237,0.6291719079017639,1021,1406593029,1,5
177001,1920,2655015,339841920,23520,0.6291666626930237,128,177000,1.2200794219970703,1920,17,5,500000,1000,,177001.0,0.6994791626930237,0.5806341767311096,0.6270833611488342,0.6292619705200195,1025,1406593029,1,5
178001,1920,2670015,341761920,23520,0.6270833611488342,128,178000,1.2239456176757812,1920,17,5,500000,1000,,178001.0,0.699999988079071,0.5806322693824768,0.6270833611488342,0.6293821930885315,1029,1406593029,1,5
179001,1920,2685015,343681920,23520,0.6270833611488342,128,179000,1.227853775024414,1920,17,5,500000,1000,,179001.0,0.6994791626930237,0.5806293487548828,0.6291666626930237,0.6291576623916626,1033,1406593029,1,5
180001,1920,2700015,345601920,23520,0.6291666626930237,128,180000,1.2316176891326904,1920,17,5,500000,1000,,180001.0,0.699999988079071,0.5806265473365784,0.6270833611488342,0.6291531324386597,1037,1406593029,1,5
181001,1920,2715015,347521920,23520,0.6270833611488342,128,181000,1.2353994846343994,1920,17,5,500000,1000,,181001.0,0.699999988079071,0.5806232690811157,0.6291666626930237,0.6290254592895508,1041,1406593029,1,5
182001,1920,2730015,349441920,23520,0.6291666626930237,128,182000,1.239457607269287,1920,17,5,500000,1000,,182001.0,0.6994791626930237,0.580618679523468,0.6291666626930237,0.62928307056427,1045,1406593029,1,5
183001,1920,2745015,351361920,23520,0.6291666626930237,128,183000,1.243234634399414,1920,17,5,500000,1000,,183001.0,0.699999988079071,0.5806208848953247,0.6291666626930237,0.6293166875839233,1048,1406593029,1,5
184001,1920,2760015,353281920,23520,0.6291666626930237,128,184000,1.246997594833374,1920,17,5,500000,1000,,184001.0,0.6994791626930237,0.5806158185005188,0.6312500238418579,0.6290223002433777,1052,1406593029,1,5
185001,1920,2775015,355201920,23520,0.6312500238418579,128,185000,1.2507824897766113,1920,17,5,500000,1000,,185001.0,0.699999988079071,0.5806136727333069,0.6312500238418579,0.6291117072105408,1056,1406593029,1,5
186001,1920,2790015,357121920,23520,0.6312500238418579,128,186000,1.2547976970672607,1920,17,5,500000,1000,,186001.0,0.7010416388511658,0.5806114673614502,0.6312500238418579,0.6291883587837219,1060,1406593029,1,5
187001,1920,2805015,359041920,23520,0.6312500238418579,128,187000,1.2587575912475586,1920,17,5,500000,1000,,187001.0,0.6989583373069763,0.5806081891059875,0.6312500238418579,0.6291612386703491,1064,1406593029,1,5
188001,1920,2820015,360961920,23520,0.6312500238418579,128,188000,1.2625396251678467,1920,17,5,500000,1000,,188001.0,0.698437511920929,0.5806095600128174,0.6312500238418579,0.6289942860603333,1068,1406593029,1,5
189001,1920,2835015,362881920,23520,0.6312500238418579,128,189000,1.2665836811065674,1920,17,5,500000,1000,,189001.0,0.698437511920929,0.5806064605712891,0.6270833611488342,0.6292562484741211,1072,1406593029,1,5
190001,1920,2850015,364801920,23520,0.6270833611488342,128,190000,1.2703948020935059,1920,17,5,500000,1000,,190001.0,0.698437511920929,0.5806058049201965,0.625,0.6294503808021545,1076,1406593029,1,5
191001,1920,2865015,366721920,23520,0.625,128,191000,1.2742035388946533,1920,17,5,500000,1000,,191001.0,0.6994791626930237,0.5806009769439697,0.6291666626930237,0.6293168663978577,1079,1406593029,1,5
192001,1920,2880015,368641920,23520,0.6291666626930237,128,192000,1.2781915664672852,1920,17,5,500000,1000,,192001.0,0.6994791626930237,0.5805996656417847,0.6291666626930237,0.6292261481285095,1083,1406593029,1,5
193001,1920,2895015,370561920,23520,0.6291666626930237,128,193000,1.281968593597412,1920,17,5,500000,1000,,193001.0,0.6994791626930237,0.5805984139442444,0.6291666626930237,0.629395067691803,1087,1406593029,1,5
194001,1920,2910015,372481920,23520,0.6291666626930237,128,194000,1.2857556343078613,1920,17,5,500000,1000,,194001.0,0.7005208134651184,0.5805947780609131,0.6291666626930237,0.6291674375534058,1091,1406593029,1,5
195001,1920,2925015,374401920,23520,0.6291666626930237,128,195000,1.2895615100860596,1920,17,5,500000,1000,,195001.0,0.699999988079071,0.580593466758728,0.6291666626930237,0.6293222904205322,1095,1406593029,1,5
196001,1920,2940015,376321920,23520,0.6291666626930237,128,196000,1.2933013439178467,1920,17,5,500000,1000,,196001.0,0.6994791626930237,0.5805923938751221,0.6312500238418579,0.629318118095398,1099,1406593029,1,5
197001,1920,2955015,378241920,23520,0.6312500238418579,128,197000,1.2970974445343018,1920,17,5,500000,1000,,197001.0,0.699999988079071,0.580591082572937,0.6312500238418579,0.629288911819458,1102,1406593029,1,5
198001,1920,2970015,380161920,23520,0.6312500238418579,128,198000,1.3008744716644287,1920,17,5,500000,1000,,198001.0,0.7005208134651184,0.5805894732475281,0.6291666626930237,0.6290675401687622,1106,1406593029,1,5
199001,1920,2985015,382081920,23520,0.6291666626930237,128,199000,1.3048124313354492,1920,17,5,500000,1000,,199001.0,0.7010416388511658,0.5805880427360535,0.6291666626930237,0.6289885640144348,1110,1406593029,1,5
200001,1920,3000015,384001920,23520,0.6291666626930237,128,200000,1.3085885047912598,1920,17,5,500000,1000,,200001.0,0.699999988079071,0.5805855989456177,0.6312500238418579,0.6288184523582458,1114,1406593029,1,5
201001,1920,3015015,385921920,23520,0.6312500238418579,128,201000,1.3125534057617188,1920,17,5,500000,1000,,201001.0,0.6994791626930237,0.5805844664573669,0.6270833611488342,0.629085898399353,1118,1406593029,1,5
202001,1920,3030015,387841920,23520,0.6270833611488342,128,202000,1.316307544708252,1920,17,5,500000,1000,,202001.0,0.6994791626930237,0.5805855989456177,0.6291666626930237,0.6291944980621338,1122,1406593029,1,5
203001,1920,3045015,389761920,23520,0.6291666626930237,128,203000,1.3200724124908447,1920,17,5,500000,1000,,203001.0,0.6989583373069763,0.5805838704109192,0.6291666626930237,0.6292822957038879,1126,1406593029,1,5
204001,1920,3060015,391681920,23520,0.6291666626930237,128,204000,1.3238444328308105,1920,17,5,500000,1000,,204001.0,0.6994791626930237,0.580578088760376,0.6270833611488342,0.6291408538818359,1129,1406593029,1,5
205001,1920,3075015,393601920,23520,0.6270833611488342,128,205000,1.3276176452636719,1920,17,5,500000,1000,,205001.0,0.7010416388511658,0.580573320388794,0.6312500238418579,0.6291874051094055,1133,1406593029,1,5
206001,1920,3090015,395521920,23520,0.6312500238418579,128,206000,1.3313627243041992,1920,17,5,500000,1000,,206001.0,0.7005208134651184,0.5805718898773193,0.6312500238418579,0.6290850043296814,1137,1406593029,1,5
207001,1920,3105015,397441920,23520,0.6312500238418579,128,207000,1.3351118564605713,1920,17,5,500000,1000,,207001.0,0.699999988079071,0.5805717706680298,0.6291666626930237,0.6290426850318909,1141,1406593029,1,5
208001,1920,3120015,399361920,23520,0.6291666626930237,128,208000,1.338878870010376,1920,17,5,500000,1000,,208001.0,0.7010416388511658,0.5805684924125671,0.6291666626930237,0.6293507814407349,1145,1406593029,1,5
209001,1920,3135015,401281920,23520,0.6291666626930237,128,209000,1.3426158428192139,1920,17,5,500000,1000,,209001.0,0.7005208134651184,0.580567479133606,0.6291666626930237,0.6292423009872437,1149,1406593029,1,5
210001,1920,3150015,403201920,23520,0.6291666626930237,128,210000,1.3463969230651855,1920,17,5,500000,1000,,210001.0,0.699999988079071,0.580567479133606,0.6312500238418579,0.6290104985237122,1152,1406593029,1,5
211001,1920,3165015,405121920,23520,0.6312500238418579,128,211000,1.350229024887085,1920,17,5,500000,1000,,211001.0,0.699999988079071,0.5805664658546448,0.6291666626930237,0.6291796565055847,1156,1406593029,1,5
212001,1920,3180015,407041920,23520,0.6291666626930237,128,212000,1.353999137878418,1920,17,5,500000,1000,,212001.0,0.7005208134651184,0.5805638432502747,0.6312500238418579,0.6292065978050232,1160,1406593029,1,5
213001,1920,3195015,408961920,23520,0.6312500238418579,128,213000,1.3577561378479004,1920,17,5,500000,1000,,213001.0,0.7005208134651184,0.5805615186691284,0.6312500238418579,0.6292620301246643,1164,1406593029,1,5
214001,1920,3210015,410881920,23520,0.6312500238418579,128,214000,1.3615741729736328,1920,17,5,500000,1000,,214001.0,0.6994791626930237,0.580562174320221,0.6312500238418579,0.6290950775146484,1168,1406593029,1,5
215001,1920,3225015,412801920,23520,0.6312500238418579,128,215000,1.3656940460205078,1920,17,5,500000,1000,,215001.0,0.7005208134651184,0.5805608034133911,0.6312500238418579,0.6291660070419312,1172,1406593029,1,5
216001,1920,3240015,414721920,23520,0.6312500238418579,128,216000,1.3695199489593506,1920,17,5,500000,1000,,216001.0,0.6994791626930237,0.580559492111206,0.6291666626930237,0.6290475726127625,1175,1406593029,1,5
217001,1920,3255015,416641920,23520,0.6291666626930237,128,217000,1.3732717037200928,1920,17,5,500000,1000,,217001.0,0.699999988079071,0.5805560350418091,0.6333333253860474,0.62888503074646,1179,1406593029,1,5
218001,1920,3270015,418561920,23520,0.6333333253860474,128,218000,1.3774926662445068,1920,17,5,500000,1000,,218001.0,0.699999988079071,0.5805588960647583,0.6312500238418579,0.6289600133895874,1183,1406593029,1,5
219001,1920,3285015,420481920,23520,0.6312500238418579,128,219000,1.3812575340270996,1920,17,5,500000,1000,,219001.0,0.699999988079071,0.5805530548095703,0.6312500238418579,0.6291406154632568,1187,1406593029,1,5
220001,1920,3300015,422401920,23520,0.6312500238418579,128,220000,1.3850715160369873,1920,17,5,500000,1000,,220001.0,0.699999988079071,0.5805496573448181,0.6291666626930237,0.6292073726654053,1191,1406593029,1,5
221001,1920,3315015,424321920,23520,0.6291666626930237,128,221000,1.3888583183288574,1920,17,5,500000,1000,,221001.0,0.699999988079071,0.5805504322052002,0.6312500238418579,0.6292549967765808,1195,1406593029,1,5
222001,1920,3330015,426241920,23520,0.6312500238418579,128,222000,1.3928592205047607,1920,17,5,500000,1000,,222001.0,0.7005208134651184,0.5805519819259644,0.6312500238418579,0.6290655732154846,1198,1406593029,1,5
223001,1920,3345015,428161920,23520,0.6312500238418579,128,223000,1.3967101573944092,1920,17,5,500000,1000,,223001.0,0.699999988079071,0.5805491209030151,0.6312500238418579,0.6291967630386353,1202,1406593029,1,5
224001,1920,3360015,430081920,23520,0.6312500238418579,128,224000,1.4005541801452637,1920,17,5,500000,1000,,224001.0,0.698437511920929,0.580547034740448,0.6291666626930237,0.6293972730636597,1206,1406593029,1,5
225001,1920,3375015,432001920,23520,0.6291666626930237,128,225000,1.4043664932250977,1920,17,5,500000,1000,,225001.0,0.6989583373069763,0.58054518699646,0.6291666626930237,0.62938392162323,1210,1406593029,1,5
226001,1920,3390015,433921920,23520,0.6291666626930237,128,226000,1.4081916809082031,1920,17,5,500000,1000,,226001.0,0.698437511920929,0.5805473327636719,0.6312500238418579,0.6292542815208435,1214,1406593029,1,5
227001,1920,3405015,435841920,23520,0.6312500238418579,128,227000,1.412104606628418,1920,17,5,500000,1000,,227001.0,0.6989583373069763,0.580542266368866,0.6312500238418579,0.6291034817695618,1218,1406593029,1,5
228001,1920,3420015,437761920,23520,0.6312500238418579,128,228000,1.4158906936645508,1920,17,5,500000,1000,,228001.0,0.6989583373069763,0.5805369019508362,0.6312500238418579,0.6289889216423035,1222,1406593029,1,5
229001,1920,3435015,439681920,23520,0.6312500238418579,128,229000,1.420027494430542,1920,17,5,500000,1000,,229001.0,0.6994791626930237,0.580535352230072,0.6312500238418579,0.6289272308349609,1226,1406593029,1,5
230001,1920,3450015,441601920,23520,0.6312500238418579,128,230000,1.4238195419311523,1920,17,5,500000,1000,,230001.0,0.7005208134651184,0.5805365443229675,0.6312500238418579,0.6290013194084167,1230,1406593029,1,5
231001,1920,3465015,443521920,23520,0.6312500238418579,128,231000,1.4276223182678223,1920,17,5,500000,1000,,231001.0,0.7005208134651184,0.5805338621139526,0.6291666626930237,0.6288099884986877,1233,1406593029,1,5
232001,1920,3480015,445441920,23520,0.6291666626930237,128,232000,1.4315013885498047,1920,17,5,500000,1000,,232001.0,0.699999988079071,0.5805366635322571,0.6291666626930237,0.6291705965995789,1237,1406593029,1,5
233001,1920,3495015,447361920,23520,0.6291666626930237,128,233000,1.4357843399047852,1920,17,5,500000,1000,,233001.0,0.6994791626930237,0.5805312991142273,0.6312500238418579,0.6289836764335632,1241,1406593029,1,5
234001,1920,3510015,449281920,23520,0.6312500238418579,128,234000,1.4396493434906006,1920,17,5,500000,1000,,234001.0,0.6989583373069763,0.5805274844169617,0.6312500238418579,0.6292010545730591,1245,1406593029,1,5
235001,1920,3525015,451201920,23520,0.6312500238418579,128,235000,1.4436755180358887,1920,17,5,500000,1000,,235001.0,0.6994791626930237,0.5805284380912781,0.6291666626930237,0.6290687918663025,1249,1406593029,1,5
236001,1920,3540015,453121920,23520,0.6291666626930237,128,236000,1.4475057125091553,1920,17,5,500000,1000,,236001.0,0.6994791626930237,0.5805266499519348,0.6312500238418579,0.6292473077774048,1253,1406593029,1,5
237001,1920,3555015,455041920,23520,0.6312500238418579,128,237000,1.4515273571014404,1920,17,5,500000,1000,,237001.0,0.6994791626930237,0.5805276036262512,0.6291666626930237,0.6291625499725342,1257,1406593029,1,5
238001,1920,3570015,456961920,23520,0.6291666626930237,128,238000,1.4553515911102295,1920,17,5,500000,1000,,238001.0,0.6989583373069763,0.5805262923240662,0.6291666626930237,0.6290902495384216,1261,1406593029,1,5
239001,1920,3585015,458881920,23520,0.6291666626930237,128,239000,1.4595255851745605,1920,17,5,500000,1000,,239001.0,0.6994791626930237,0.5805221199989319,0.6291666626930237,0.6293298602104187,1265,1406593029,1,5
240001,1920,3600015,460801920,23520,0.6291666626930237,128,240000,1.46329665184021,1920,17,5,500000,1000,,240001.0,0.6989583373069763,0.5805204510688782,0.6312500238418579,0.6290751099586487,1269,1406593029,1,5
241001,1920,3615015,462721920,23520,0.6312500238418579,128,241000,1.4672505855560303,1920,17,5,500000,1000,,241001.0,0.6989583373069763,0.5805191397666931,0.6291666626930237,0.6292237639427185,1273,1406593029,1,5
242001,1920,3630015,464641920,23520,0.6291666626930237,128,242000,1.4712586402893066,1920,17,5,500000,1000,,242001.0,0.6994791626930237,0.5805174112319946,0.6312500238418579,0.6290472745895386,1276,1406593029,1,5
243001,1920,3645015,466561920,23520,0.6312500238418579,128,243000,1.4750864505767822,1920,17,5,500000,1000,,243001.0,0.699999988079071,0.5805174708366394,0.6291666626930237,0.6291064023971558,1280,1406593029,1,5
244001,1920,3660015,468481920,23520,0.6291666626930237,128,244000,1.478919506072998,1920,17,5,500000,1000,,244001.0,0.6994791626930237,0.5805164575576782,0.6270833611488342,0.6290118098258972,1284,1406593029,1,5
245001,1920,3675015,470401920,23520,0.6270833611488342,128,245000,1.482919454574585,1920,17,5,500000,1000,,245001.0,0.7005208134651184,0.5805138945579529,0.6312500238418579,0.6292766332626343,1288,1406593029,1,5
246001,1920,3690015,472321920,23520,0.6312500238418579,128,246000,1.4866993427276611,1920,17,5,500000,1000,,246001.0,0.7005208134651184,0.5805131793022156,0.6291666626930237,0.6291085481643677,1292,1406593029,1,5
247001,1920,3705015,474241920,23520,0.6291666626930237,128,247000,1.4905376434326172,1920,17,5,500000,1000,,247001.0,0.6989583373069763,0.5805099010467529,0.6312500238418579,0.628964364528656,1296,1406593029,1,5
248001,1920,3720015,476161920,23520,0.6312500238418579,128,248000,1.4943487644195557,1920,17,5,500000,1000,,248001.0,0.6989583373069763,0.5805088877677917,0.6312500238418579,0.6289615631103516,1300,1406593029,1,5
249001,1920,3735015,478081920,23520,0.6312500238418579,128,249000,1.4981067180633545,1920,17,5,500000,1000,,249001.0,0.6994791626930237,0.5805093050003052,0.6312500238418579,0.6290773749351501,1304,1406593029,1,5
250001,1920,3750015,480001920,23520,0.6312500238418579,128,250000,1.50203275680542,1920,17,5,500000,1000,,250001.0,0.6994791626930237,0.5805076956748962,0.6312500238418579,0.6292518973350525,1308,1406593029,1,5
251001,1920,3765015,481921920,23520,0.6312500238418579,128,251000,1.5063889026641846,1920,17,5,500000,1000,,251001.0,0.6989583373069763,0.580507218837738,0.6312500238418579,0.6291161775588989,1312,1406593029,1,5
252001,1920,3780015,483841920,23520,0.6312500238418579,128,252000,1.5108778476715088,1920,17,5,500000,1000,,252001.0,0.698437511920929,0.5805072784423828,0.6291666626930237,0.6290807127952576,1316,1406593029,1,5
253001,1920,3795015,485761920,23520,0.6291666626930237,128,253000,1.5147318840026855,1920,17,5,500000,1000,,253001.0,0.6989583373069763,0.5805050730705261,0.6291666626930237,0.6290993094444275,1321,1406593029,1,5
254001,1920,3810015,487681920,23520,0.6291666626930237,128,254000,1.518540859222412,1920,17,5,500000,1000,,254001.0,0.7005208134651184,0.5805016756057739,0.6312500238418579,0.6292421817779541,1325,1406593029,1,5
255001,1920,3825015,489601920,23520,0.6312500238418579,128,255000,1.5225729942321777,1920,17,5,500000,1000,,255001.0,0.6989583373069763,0.5805030465126038,0.6312500238418579,0.6291216611862183,1329,1406593029,1,5
256001,1920,3840015,491521920,23520,0.6312500238418579,128,256000,1.5264041423797607,1920,17,5,500000,1000,,256001.0,0.6994791626930237,0.5805028080940247,0.6291666626930237,0.6293498873710632,1332,1406593029,1,5
257001,1920,3855015,493441920,23520,0.6291666626930237,128,257000,1.5302021503448486,1920,17,5,500000,1000,,257001.0,0.6989583373069763,0.5805018544197083,0.6312500238418579,0.6290882229804993,1336,1406593029,1,5
258001,1920,3870015,495361920,23520,0.6312500238418579,128,258000,1.5340468883514404,1920,17,5,500000,1000,,258001.0,0.6989583373069763,0.580501914024353,0.6291666626930237,0.629166305065155,1340,1406593029,1,5
259001,1920,3885015,497281920,23520,0.6291666626930237,128,259000,1.5378539562225342,1920,17,5,500000,1000,,259001.0,0.6989583373069763,0.5804973840713501,0.6291666626930237,0.6291490197181702,1344,1406593029,1,5
260001,1920,3900015,499201920,23520,0.6291666626930237,128,260000,1.5416440963745117,1920,17,5,500000,1000,,260001.0,0.6989583373069763,0.5804988741874695,0.6291666626930237,0.6289159059524536,1348,1406593029,1,5
261001,1920,3915015,501121920,23520,0.6291666626930237,128,261000,1.5458691120147705,1920,17,5,500000,1000,,261001.0,0.6994791626930237,0.5804986953735352,0.6291666626930237,0.6289898753166199,1352,1406593029,1,5
262001,1920,3930015,503041920,23520,0.6291666626930237,128,262000,1.549980878829956,1920,17,5,500000,1000,,262001.0,0.699999988079071,0.5804948210716248,0.6312500238418579,0.6288639903068542,1356,1406593029,1,5
263001,1920,3945015,504961920,23520,0.6312500238418579,128,263000,1.554534912109375,1920,17,5,500000,1000,,263001.0,0.698437511920929,0.580491840839386,0.6291666626930237,0.6291283965110779,1360,1406593029,1,5
264001,1920,3960015,506881920,23520,0.6291666626930237,128,264000,1.5585505962371826,1920,17,5,500000,1000,,264001.0,0.699999988079071,0.5804888606071472,0.6291666626930237,0.6290069818496704,1365,1406593029,1,5
265001,1920,3975015,508801920,23520,0.6291666626930237,128,265000,1.562556505203247,1920,17,5,500000,1000,,265001.0,0.7005208134651184,0.580488920211792,0.6291666626930237,0.6289398074150085,1369,1406593029,1,5
266001,1920,3990015,510721920,23520,0.6291666626930237,128,266000,1.5663576126098633,1920,17,5,500000,1000,,266001.0,0.6994791626930237,0.5804858803749084,0.6291666626930237,0.6288939118385315,1372,1406593029,1,5
267001,1920,4005015,512641920,23520,0.6291666626930237,128,267000,1.5701336860656738,1920,17,5,500000,1000,,267001.0,0.6994791626930237,0.5804867148399353,0.6312500238418579,0.6288567781448364,1377,1406593029,1,5
268001,1920,4020015,514561920,23520,0.6312500238418579,128,268000,1.5739185810089111,1920,17,5,500000,1000,,268001.0,0.7005208134651184,0.5804858803749084,0.6312500238418579,0.6288840174674988,1381,1406593029,1,5
269001,1920,4035015,516481920,23520,0.6312500238418579,128,269000,1.5778865814208984,1920,17,5,500000,1000,,269001.0,0.699999988079071,0.5804827213287354,0.6291666626930237,0.6290341019630432,1385,1406593029,1,5
270001,1920,4050015,518401920,23520,0.6291666626930237,128,270000,1.582040786743164,1920,17,5,500000,1000,,270001.0,0.699999988079071,0.5804827809333801,0.6312500238418579,0.6291108727455139,1389,1406593029,1,5
271001,1920,4065015,520321920,23520,0.6312500238418579,128,271000,1.5858087539672852,1920,17,5,500000,1000,,271001.0,0.699999988079071,0.5804819464683533,0.6312500238418579,0.6290247440338135,1392,1406593029,1,5
272001,1920,4080015,522241920,23520,0.6312500238418579,128,272000,1.5895674228668213,1920,17,5,500000,1000,,272001.0,0.7005208134651184,0.5804814696311951,0.6291666626930237,0.6291583180427551,1396,1406593029,1,5
273001,1920,4095015,524161920,23520,0.6291666626930237,128,273000,1.593299388885498,1920,17,5,500000,1000,,273001.0,0.699999988079071,0.5804790258407593,0.6291666626930237,0.6293674111366272,1400,1406593029,1,5
274001,1920,4110015,526081920,23520,0.6291666626930237,128,274000,1.5970814228057861,1920,17,5,500000,1000,,274001.0,0.699999988079071,0.5804784297943115,0.6291666626930237,0.6290916800498962,1404,1406593029,1,5
275001,1920,4125015,528001920,23520,0.6291666626930237,128,275000,1.601050615310669,1920,17,5,500000,1000,,275001.0,0.7005208134651184,0.580478310585022,0.6312500238418579,0.629156231880188,1408,1406593029,1,5
276001,1920,4140015,529921920,23520,0.6312500238418579,128,276000,1.6049106121063232,1920,17,5,500000,1000,,276001.0,0.6989583373069763,0.5804752111434937,0.6333333253860474,0.628880500793457,1412,1406593029,1,5
277001,1920,4155015,531841920,23520,0.6333333253860474,128,277000,1.6086764335632324,1920,17,5,500000,1000,,277001.0,0.7005208134651184,0.5804733037948608,0.6333333253860474,0.62929767370224,1416,1406593029,1,5
278001,1920,4170015,533761920,23520,0.6333333253860474,128,278000,1.6124672889709473,1920,17,5,500000,1000,,278001.0,0.6989583373069763,0.5804741978645325,0.6291666626930237,0.6290930509567261,1420,1406593029,1,5
279001,1920,4185015,535681920,23520,0.6291666626930237,128,279000,1.6162950992584229,1920,17,5,500000,1000,,279001.0,0.699999988079071,0.5804703831672668,0.6291666626930237,0.6290425062179565,1424,1406593029,1,5
280001,1920,4200015,537601920,23520,0.6291666626930237,128,280000,1.620082139968872,1920,17,5,500000,1000,,280001.0,0.6989583373069763,0.5804703831672668,0.6291666626930237,0.6291472911834717,1428,1406593029,1,5
281001,1920,4215015,539521920,23520,0.6291666626930237,128,281000,1.623866081237793,1920,17,5,500000,1000,,281001.0,0.699999988079071,0.5804709792137146,0.6270833611488342,0.6293210387229919,1431,1406593029,1,5
282001,1920,4230015,541441920,23520,0.6270833611488342,128,282000,1.6276452541351318,1920,17,5,500000,1000,,282001.0,0.699999988079071,0.580468475818634,0.6291666626930237,0.6292726397514343,1435,1406593029,1,5
283001,1920,4245015,543361920,23520,0.6291666626930237,128,283000,1.6314103603363037,1920,17,5,500000,1000,,283001.0,0.6989583373069763,0.5804710984230042,0.6291666626930237,0.6292747855186462,1439,1406593029,1,5
284001,1920,4260015,545281920,23520,0.6291666626930237,128,284000,1.6352124214172363,1920,17,5,500000,1000,,284001.0,0.699999988079071,0.5804685354232788,0.6291666626930237,0.6291660070419312,1443,1406593029,1,5
285001,1920,4275015,547201920,23520,0.6291666626930237,128,285000,1.6390464305877686,1920,17,5,500000,1000,,285001.0,0.6994791626930237,0.5804682374000549,0.6312500238418579,0.6293860077857971,1447,1406593029,1,5
286001,1920,4290015,549121920,23520,0.6312500238418579,128,286000,1.6429243087768555,1920,17,5,500000,1000,,286001.0,0.6989583373069763,0.5804674625396729,0.6312500238418579,0.6291713714599609,1451,1406593029,1,5
287001,1920,4305015,551041920,23520,0.6312500238418579,128,287000,1.6466782093048096,1920,17,5,500000,1000,,287001.0,0.7005208134651184,0.580464243888855,0.6291666626930237,0.629289984703064,1455,1406593029,1,5
288001,1920,4320015,552961920,23520,0.6291666626930237,128,288000,1.650449514389038,1920,17,5,500000,1000,,288001.0,0.6994791626930237,0.5804665088653564,0.6291666626930237,0.6292449235916138,1459,1406593029,1,5
289001,1920,4335015,554881920,23520,0.6291666626930237,128,289000,1.6543095111846924,1920,17,5,500000,1000,,289001.0,0.7005208134651184,0.5804632902145386,0.6312500238418579,0.6293610334396362,1463,1406593029,1,5
290001,1920,4350015,556801920,23520,0.6312500238418579,128,290000,1.6580824851989746,1920,17,5,500000,1000,,290001.0,0.6989583373069763,0.5804605484008789,0.6333333253860474,0.6291660666465759,1467,1406593029,1,5
291001,1920,4365015,558721920,23520,0.6333333253860474,128,291000,1.661834478378296,1920,17,5,500000,1000,,291001.0,0.698437511920929,0.580460786819458,0.6312500238418579,0.6291689276695251,1470,1406593029,1,5
292001,1920,4380015,560641920,23520,0.6312500238418579,128,292000,1.6655795574188232,1920,17,5,500000,1000,,292001.0,0.6994791626930237,0.5804589986801147,0.6312500238418579,0.6293244957923889,1474,1406593029,1,5
293001,1920,4395015,562561920,23520,0.6312500238418579,128,293000,1.6693365573883057,1920,17,5,500000,1000,,293001.0,0.6994791626930237,0.5804604887962341,0.6312500238418579,0.6291869878768921,1478,1406593029,1,5
294001,1920,4410015,564481920,23520,0.6312500238418579,128,294000,1.673177719116211,1920,17,5,500000,1000,,294001.0,0.6994791626930237,0.5804576277732849,0.6312500238418579,0.6290385127067566,1482,1406593029,1,5
295001,1920,4425015,566401920,23520,0.6312500238418579,128,295000,1.6771447658538818,1920,17,5,500000,1000,,295001.0,0.6994791626930237,0.5804586410522461,0.6312500238418579,0.6289862394332886,1486,1406593029,1,5
296001,1920,4440015,568321920,23520,0.6312500238418579,128,296000,1.681562900543213,1920,17,5,500000,1000,,296001.0,0.6989583373069763,0.5804566740989685,0.6291666626930237,0.6289691925048828,1490,1406593029,1,5
297001,1920,4455015,570241920,23520,0.6291666626930237,128,297000,1.6855518817901611,1920,17,5,500000,1000,,297001.0,0.6994791626930237,0.5804571509361267,0.6312500238418579,0.6292545199394226,1494,1406593029,1,5
298001,1920,4470015,572161920,23520,0.6312500238418579,128,298000,1.6893069744110107,1920,17,5,500000,1000,,298001.0,0.699999988079071,0.5804563164710999,0.6291666626930237,0.629490852355957,1498,1406593029,1,5
299001,1920,4485015,574081920,23520,0.6291666626930237,128,299000,1.6930828094482422,1920,17,5,500000,1000,,299001.0,0.699999988079071,0.5804527401924133,0.6291666626930237,0.6294779181480408,1502,1406593029,1,5
300001,1920,4500015,576001920,23520,0.6291666626930237,128,300000,1.6971259117126465,1920,17,5,500000,1000,,300001.0,0.699999988079071,0.5804529190063477,0.6291666626930237,0.629217267036438,1506,1406593029,1,5
301001,1920,4515015,577921920,23520,0.6291666626930237,128,301000,1.7009239196777344,1920,17,5,500000,1000,,301001.0,0.6994791626930237,0.5804516673088074,0.6291666626930237,0.6292494535446167,1510,1406593029,1,5
302001,1920,4530015,579841920,23520,0.6291666626930237,128,302000,1.704676866531372,1920,17,5,500000,1000,,302001.0,0.698437511920929,0.5804527997970581,0.6312500238418579,0.6289551854133606,1514,1406593029,1,5
303001,1920,4545015,581761920,23520,0.6312500238418579,128,303000,1.7084407806396484,1920,17,5,500000,1000,,303001.0,0.6994791626930237,0.580450177192688,0.6312500238418579,0.6290223002433777,1517,1406593029,1,5
304001,1920,4560015,583681920,23520,0.6312500238418579,128,304000,1.7123618125915527,1920,17,5,500000,1000,,304001.0,0.699999988079071,0.5804497599601746,0.6312500238418579,0.6293680667877197,1521,1406593029,1,5
305001,1920,4575015,585601920,23520,0.6312500238418579,128,305000,1.716196060180664,1920,17,5,500000,1000,,305001.0,0.6994791626930237,0.580450177192688,0.6291666626930237,0.6292341351509094,1525,1406593029,1,5
306001,1920,4590015,587521920,23520,0.6291666626930237,128,306000,1.719954013824463,1920,17,5,500000,1000,,306001.0,0.699999988079071,0.5804501175880432,0.6312500238418579,0.6291308999061584,1529,1406593029,1,5
307001,1920,4605015,589441920,23520,0.6312500238418579,128,307000,1.7237961292266846,1920,17,5,500000,1000,,307001.0,0.6994791626930237,0.5804458856582642,0.6312500238418579,0.6289821267127991,1533,1406593029,1,5
308001,1920,4620015,591361920,23520,0.6312500238418579,128,308000,1.728119134902954,1920,17,5,500000,1000,,308001.0,0.6994791626930237,0.5804446339607239,0.6333333253860474,0.6289538145065308,1537,1406593029,1,5
309001,1920,4635015,593281920,23520,0.6333333253860474,128,309000,1.7318923473358154,1920,17,5,500000,1000,,309001.0,0.6994791626930237,0.580443263053894,0.6312500238418579,0.6290280222892761,1541,1406593029,1,5
310001,1920,4650015,595201920,23520,0.6312500238418579,128,310000,1.7356765270233154,1920,17,5,500000,1000,,310001.0,0.6994791626930237,0.5804424285888672,0.6312500238418579,0.6291059255599976,1544,1406593029,1,5
311001,1920,4665015,597121920,23520,0.6312500238418579,128,311000,1.7398426532745361,1920,17,5,500000,1000,,311001.0,0.699999988079071,0.5804399847984314,0.6291666626930237,0.6292224526405334,1548,1406593029,1,5
312001,1920,4680015,599041920,23520,0.6291666626930237,128,312000,1.7439239025115967,1920,17,5,500000,1000,,312001.0,0.699999988079071,0.5804399847984314,0.6312500238418579,0.6289597153663635,1552,1406593029,1,5
313001,1920,4695015,600961920,23520,0.6312500238418579,128,313000,1.7481107711791992,1920,17,5,500000,1000,,313001.0,0.6989583373069763,0.580439031124115,0.6312500238418579,0.6290143132209778,1556,1406593029,1,5
314001,1920,4710015,602881920,23520,0.6312500238418579,128,314000,1.7518658638000488,1920,17,5,500000,1000,,314001.0,0.699999988079071,0.5804376006126404,0.6312500238418579,0.6290586590766907,1560,1406593029,1,5
315001,1920,4725015,604801920,23520,0.6312500238418579,128,315000,1.7556476593017578,1920,17,5,500000,1000,,315001.0,0.6989583373069763,0.580440878868103,0.6312500238418579,0.6291018128395081,1564,1406593029,1,5
316001,1920,4740015,606721920,23520,0.6312500238418579,128,316000,1.7594079971313477,1920,17,5,500000,1000,,316001.0,0.7005208134651184,0.580439567565918,0.6291666626930237,0.6292122006416321,1568,1406593029,1,5
317001,1920,4755015,608641920,23520,0.6291666626930237,128,317000,1.7631497383117676,1920,17,5,500000,1000,,317001.0,0.7005208134651184,0.5804367065429688,0.6291666626930237,0.6290905475616455,1572,1406593029,1,5
318001,1920,4770015,610561920,23520,0.6291666626930237,128,318000,1.7668836116790771,1920,17,5,500000,1000,,318001.0,0.699999988079071,0.5804411768913269,0.6270833611488342,0.6294110417366028,1575,1406593029,1,5
319001,1920,4785015,612481920,23520,0.6270833611488342,128,319000,1.7706565856933594,1920,17,5,500000,1000,,319001.0,0.7005208134651184,0.5804342031478882,0.6291666626930237,0.629389762878418,1579,1406593029,1,5
320001,1920,4800015,614401920,23520,0.6291666626930237,128,320000,1.774909496307373,1920,17,5,500000,1000,,320001.0,0.7005208134651184,0.5804340243339539,0.6291666626930237,0.6293213963508606,1583,1406593029,1,5
321001,1920,4815015,616321920,23520,0.6291666626930237,128,321000,1.7786552906036377,1920,17,5,500000,1000,,321001.0,0.6989583373069763,0.5804346799850464,0.6291666626930237,0.628977358341217,1587,1406593029,1,5
322001,1920,4830015,618241920,23520,0.6291666626930237,128,322000,1.7824714183807373,1920,17,5,500000,1000,,322001.0,0.699999988079071,0.5804346799850464,0.6291666626930237,0.6289354562759399,1591,1406593029,1,5
323001,1920,4845015,620161920,23520,0.6291666626930237,128,323000,1.7862434387207031,1920,17,5,500000,1000,,323001.0,0.698437511920929,0.5804327130317688,0.6312500238418579,0.6290215253829956,1595,1406593029,1,5
324001,1920,4860015,622081920,23520,0.6312500238418579,128,324000,1.7900326251983643,1920,17,5,500000,1000,,324001.0,0.6989583373069763,0.580432116985321,0.6291666626930237,0.6290719509124756,1599,1406593029,1,5
325001,1920,4875015,624001920,23520,0.6291666626930237,128,325000,1.7938804626464844,1920,17,5,500000,1000,,325001.0,0.6989583373069763,0.5804316401481628,0.6291666626930237,0.629262387752533,1603,1406593029,1,5
326001,1920,4890015,625921920,23520,0.6291666626930237,128,326000,1.7976455688476562,1920,17,5,500000,1000,,326001.0,0.698437511920929,0.5804315209388733,0.6291666626930237,0.6291757225990295,1607,1406593029,1,5
327001,1920,4905015,627841920,23520,0.6291666626930237,128,327000,1.8017206192016602,1920,17,5,500000,1000,,327001.0,0.699999988079071,0.580427348613739,0.6291666626930237,0.6294553875923157,1610,1406593029,1,5
328001,1920,4920015,629761920,23520,0.6291666626930237,128,328000,1.8055224418640137,1920,17,5,500000,1000,,328001.0,0.6989583373069763,0.580427885055542,0.6312500238418579,0.6293418407440186,1614,1406593029,1,5
329001,1920,4935015,631681920,23520,0.6312500238418579,128,329000,1.8093225955963135,1920,17,5,500000,1000,,329001.0,0.699999988079071,0.580428421497345,0.6312500238418579,0.6292545795440674,1618,1406593029,1,5
330001,1920,4950015,633601920,23520,0.6312500238418579,128,330000,1.813117504119873,1920,17,5,500000,1000,,330001.0,0.6994791626930237,0.5804254412651062,0.6312500238418579,0.6291949152946472,1622,1406593029,1,5
331001,1920,4965015,635521920,23520,0.6312500238418579,128,331000,1.8168647289276123,1920,17,5,500000,1000,,331001.0,0.6994791626930237,0.5804272890090942,0.6291666626930237,0.6292105317115784,1626,1406593029,1,5
332001,1920,4980015,637441920,23520,0.6291666626930237,128,332000,1.820638656616211,1920,17,5,500000,1000,,332001.0,0.6994791626930237,0.5804278254508972,0.6291666626930237,0.6291659474372864,1630,1406593029,1,5
333001,1920,4995015,639361920,23520,0.6291666626930237,128,333000,1.8244037628173828,1920,17,5,500000,1000,,333001.0,0.699999988079071,0.5804272890090942,0.6270833611488342,0.6292706727981567,1633,1406593029,1,5
334001,1920,5010015,641281920,23520,0.6270833611488342,128,334000,1.828204870223999,1920,17,5,500000,1000,,334001.0,0.7005208134651184,0.5804250836372375,0.6291666626930237,0.6288539171218872,1637,1406593029,1,5
335001,1920,5025015,643201920,23520,0.6291666626930237,128,335000,1.8320138454437256,1920,17,5,500000,1000,,335001.0,0.699999988079071,0.5804212093353271,0.6312500238418579,0.629071056842804,1641,1406593029,1,5
336001,1920,5040015,645121920,23520,0.6312500238418579,128,336000,1.8357768058776855,1920,17,5,500000,1000,,336001.0,0.6994791626930237,0.5804193019866943,0.6291666626930237,0.6291434168815613,1645,1406593029,1,5
337001,1920,5055015,647041920,23520,0.6291666626930237,128,337000,1.8395318984985352,1920,17,5,500000,1000,,337001.0,0.7005208134651184,0.5804218649864197,0.6312500238418579,0.6288344860076904,1649,1406593029,1,5
338001,1920,5070015,648961920,23520,0.6312500238418579,128,338000,1.8435261249542236,1920,17,5,500000,1000,,338001.0,0.6994791626930237,0.5804194211959839,0.6333333253860474,0.6290605664253235,1653,1406593029,1,5
339001,1920,5085015,650881920,23520,0.6333333253860474,128,339000,1.8473522663116455,1920,17,5,500000,1000,,339001.0,0.6989583373069763,0.5804203152656555,0.6312500238418579,0.6290925145149231,1656,1406593029,1,5
340001,1920,5100015,652801920,23520,0.6312500238418579,128,340000,1.8511314392089844,1920,17,5,500000,1000,,340001.0,0.699999988079071,0.580419659614563,0.6291666626930237,0.629035234451294,1660,1406593029,1,5
341001,1920,5115015,654721920,23520,0.6291666626930237,128,341000,1.8548974990844727,1920,17,5,500000,1000,,341001.0,0.6994791626930237,0.5804158449172974,0.6312500238418579,0.6292032599449158,1664,1406593029,1,5
342001,1920,5130015,656641920,23520,0.6312500238418579,128,342000,1.8587706089019775,1920,17,5,500000,1000,,342001.0,0.699999988079071,0.5804175138473511,0.6291666626930237,0.6291071176528931,1668,1406593029,1,5
343001,1920,5145015,658561920,23520,0.6291666626930237,128,343000,1.8625597953796387,1920,17,5,500000,1000,,343001.0,0.6989583373069763,0.5804165005683899,0.6312500238418579,0.6290801167488098,1672,1406593029,1,5
344001,1920,5160015,660481920,23520,0.6312500238418579,128,344000,1.866600751876831,1920,17,5,500000,1000,,344001.0,0.6989583373069763,0.5804170966148376,0.6312500238418579,0.6291574835777283,1676,1406593029,1,5
345001,1920,5175015,662401920,23520,0.6312500238418579,128,345000,1.8703737258911133,1920,17,5,500000,1000,,345001.0,0.7005208134651184,0.5804136991500854,0.6312500238418579,0.6289178729057312,1679,1406593029,1,5
346001,1920,5190015,664321920,23520,0.6312500238418579,128,346000,1.8741166591644287,1920,17,5,500000,1000,,346001.0,0.699999988079071,0.5804170966148376,0.6291666626930237,0.6293845772743225,1683,1406593029,1,5
347001,1920,5205015,666241920,23520,0.6291666626930237,128,347000,1.8778746128082275,1920,17,5,500000,1000,,347001.0,0.7005208134651184,0.5804142355918884,0.6312500238418579,0.6291719079017639,1687,1406593029,1,5
348001,1920,5220015,668161920,23520,0.6312500238418579,128,348000,1.8820416927337646,1920,17,5,500000,1000,,348001.0,0.7005208134651184,0.5804141759872437,0.6312500238418579,0.6292843222618103,1691,1406593029,1,5
349001,1920,5235015,670081920,23520,0.6312500238418579,128,349000,1.8858428001403809,1920,17,5,500000,1000,,349001.0,0.699999988079071,0.5804110169410706,0.6312500238418579,0.6292099356651306,1695,1406593029,1,5
350001,1920,5250015,672001920,23520,0.6312500238418579,128,350000,1.889589786529541,1920,17,5,500000,1000,,350001.0,0.699999988079071,0.5804101228713989,0.6291666626930237,0.6292626261711121,1699,1406593029,1,5
351001,1920,5265015,673921920,23520,0.6291666626930237,128,351000,1.8933439254760742,1920,17,5,500000,1000,,351001.0,0.7005208134651184,0.5804108381271362,0.6312500238418579,0.6289564967155457,1703,1406593029,1,5
352001,1920,5280015,675841920,23520,0.6312500238418579,128,352000,1.8971247673034668,1920,17,5,500000,1000,,352001.0,0.699999988079071,0.5804111957550049,0.6312500238418579,0.6288735866546631,1706,1406593029,1,5
353001,1920,5295015,677761920,23520,0.6312500238418579,128,353000,1.9010539054870605,1920,17,5,500000,1000,,353001.0,0.7010416388511658,0.5804093480110168,0.6291666626930237,0.6291690468788147,1710,1406593029,1,5
354001,1920,5310015,679681920,23520,0.6291666626930237,128,354000,1.904815912246704,1920,17,5,500000,1000,,354001.0,0.6994791626930237,0.5804082155227661,0.6312500238418579,0.6290687918663025,1714,1406593029,1,5
355001,1920,5325015,681601920,23520,0.6312500238418579,128,355000,1.9085907936096191,1920,17,5,500000,1000,,355001.0,0.6989583373069763,0.580405056476593,0.6291666626930237,0.6290977597236633,1718,1406593029,1,5
356001,1920,5340015,683521920,23520,0.6291666626930237,128,356000,1.9124088287353516,1920,17,5,500000,1000,,356001.0,0.6994791626930237,0.5804060697555542,0.6312500238418579,0.6289881467819214,1722,1406593029,1,5
357001,1920,5355015,685441920,23520,0.6312500238418579,128,357000,1.9161646366119385,1920,17,5,500000,1000,,357001.0,0.6994791626930237,0.5804052352905273,0.6312500238418579,0.6291885375976562,1726,1406593029,1,5
358001,1920,5370015,687361920,23520,0.6312500238418579,128,358000,1.920156717300415,1920,17,5,500000,1000,,358001.0,0.6989583373069763,0.5804041028022766,0.6312500238418579,0.6290140748023987,1729,1406593029,1,5
359001,1920,5385015,689281920,23520,0.6312500238418579,128,359000,1.9239115715026855,1920,17,5,500000,1000,,359001.0,0.699999988079071,0.5804039835929871,0.6312500238418579,0.6290709376335144,1733,1406593029,1,5
360001,1920,5400015,691201920,23520,0.6312500238418579,128,360000,1.9276864528656006,1920,17,5,500000,1000,,360001.0,0.699999988079071,0.5804013609886169,0.6291666626930237,0.6291698217391968,1737,1406593029,1,5
361001,1920,5415015,693121920,23520,0.6291666626930237,128,361000,1.9315364360809326,1920,17,5,500000,1000,,361001.0,0.699999988079071,0.5804011821746826,0.6291666626930237,0.6291267275810242,1742,1406593029,1,5
362001,1920,5430015,695041920,23520,0.6291666626930237,128,362000,1.9353306293487549,1920,17,5,500000,1000,,362001.0,0.6989583373069763,0.5804019570350647,0.6312500238418579,0.6293939352035522,1746,1406593029,1,5
363001,1920,5445015,696961920,23520,0.6312500238418579,128,363000,1.939234733581543,1920,17,5,500000,1000,,363001.0,0.6994791626930237,0.5804045796394348,0.6312500238418579,0.6294477581977844,1750,1406593029,1,5
364001,1920,5460015,698881920,23520,0.6312500238418579,128,364000,1.9435977935791016,1920,17,5,500000,1000,,364001.0,0.6989583373069763,0.5804045796394348,0.6312500238418579,0.6292728185653687,1754,1406593029,1,5
365001,1920,5475015,700801920,23520,0.6312500238418579,128,365000,1.9474537372589111,1920,17,5,500000,1000,,365001.0,0.6989583373069763,0.5804022550582886,0.6291666626930237,0.6291695833206177,1758,1406593029,1,5
366001,1920,5490015,702721920,23520,0.6291666626930237,128,366000,1.9513494968414307,1920,17,5,500000,1000,,366001.0,0.6989583373069763,0.5803971886634827,0.6312500238418579,0.6289358735084534,1762,1406593029,1,5
367001,1920,5505015,704641920,23520,0.6312500238418579,128,367000,1.955554723739624,1920,17,5,500000,1000,,367001.0,0.699999988079071,0.5803966522216797,0.6291666626930237,0.6290671229362488,1766,1406593029,1,5
368001,1920,5520015,706561920,23520,0.6291666626930237,128,368000,1.9596307277679443,1920,17,5,500000,1000,,368001.0,0.6994791626930237,0.5803970098495483,0.6312500238418579,0.6290524005889893,1770,1406593029,1,5
369001,1920,5535015,708481920,23520,0.6312500238418579,128,369000,1.9634816646575928,1920,17,5,500000,1000,,369001.0,0.6989583373069763,0.5803963541984558,0.6312500238418579,0.6291072964668274,1774,1406593029,1,5
370001,1920,5550015,710401920,23520,0.6312500238418579,128,370000,1.96732759475708,1920,17,5,500000,1000,,370001.0,0.6994791626930237,0.5803963541984558,0.6312500238418579,0.6292770504951477,1778,1406593029,1,5
371001,1920,5565015,712321920,23520,0.6312500238418579,128,371000,1.971402645111084,1920,17,5,500000,1000,,371001.0,0.6989583373069763,0.5804010033607483,0.6312500238418579,0.6291526556015015,1782,1406593029,1,5
372001,1920,5580015,714241920,23520,0.6312500238418579,128,372000,1.9754924774169922,1920,17,5,500000,1000,,372001.0,0.6989583373069763,0.5803968906402588,0.6312500238418579,0.6291573643684387,1786,1406593029,1,5
373001,1920,5595015,716161920,23520,0.6312500238418579,128,373000,1.9793636798858643,1920,17,5,500000,1000,,373001.0,0.699999988079071,0.5803951025009155,0.6312500238418579,0.6290550231933594,1790,1406593029,1,5
374001,1920,5610015,718081920,23520,0.6312500238418579,128,374000,1.9832515716552734,1920,17,5,500000,1000,,374001.0,0.6994791626930237,0.5803945064544678,0.6291666626930237,0.6291433572769165,1794,1406593029,1,5
375001,1920,5625015,720001920,23520,0.6291666626930237,128,375000,1.9871985912322998,1920,17,5,500000,1000,,375001.0,0.6994791626930237,0.5803948044776917,0.6291666626930237,0.6292237639427185,1798,1406593029,1,5
376001,1920,5640015,721921920,23520,0.6291666626930237,128,376000,1.99100661277771,1920,17,5,500000,1000,,376001.0,0.6989583373069763,0.5803929567337036,0.6291666626930237,0.6291029453277588,1802,1406593029,1,5
377001,1920,5655015,723841920,23520,0.6291666626930237,128,377000,1.9950788021087646,1920,17,5,500000,1000,,377001.0,0.6994791626930237,0.5803915858268738,0.6312500238418579,0.6290913224220276,1806,1406593029,1,5
378001,1920,5670015,725761920,23520,0.6312500238418579,128,378000,1.9988820552825928,1920,17,5,500000,1000,,378001.0,0.698437511920929,0.5803911089897156,0.6312500238418579,0.6290051937103271,1811,1406593029,1,5
379001,1920,5685015,727681920,23520,0.6312500238418579,128,379000,2.0026683807373047,1920,17,5,500000,1000,,379001.0,0.6994791626930237,0.5803895592689514,0.6312500238418579,0.6289026141166687,1815,1406593029,1,5
380001,1920,5700015,729601920,23520,0.6312500238418579,128,380000,2.0065362453460693,1920,17,5,500000,1000,,380001.0,0.6994791626930237,0.5803882479667664,0.6312500238418579,0.6290686130523682,1818,1406593029,1,5
381001,1920,5715015,731521920,23520,0.6312500238418579,128,381000,2.01035737991333,1920,17,5,500000,1000,,381001.0,0.6994791626930237,0.5803886651992798,0.6291666626930237,0.6291447877883911,1822,1406593029,1,5
382001,1920,5730015,733441920,23520,0.6291666626930237,128,382000,2.014242649078369,1920,17,5,500000,1000,,382001.0,0.7005208134651184,0.5803859829902649,0.6291666626930237,0.6292429566383362,1827,1406593029,1,5
383001,1920,5745015,735361920,23520,0.6291666626930237,128,383000,2.0180647373199463,1920,17,5,500000,1000,,383001.0,0.699999988079071,0.5803882479667664,0.6291666626930237,0.6289947032928467,1831,1406593029,1,5
384001,1920,5760015,737281920,23520,0.6291666626930237,128,384000,2.021941661834717,1920,17,5,500000,1000,,384001.0,0.6994791626930237,0.5803863406181335,0.6291666626930237,0.6289334893226624,1835,1406593029,1,5
385001,1920,5775015,739201920,23520,0.6291666626930237,128,385000,2.0258219242095947,1920,17,5,500000,1000,,385001.0,0.699999988079071,0.5803835988044739,0.6291666626930237,0.6289690732955933,1839,1406593029,1,5
386001,1920,5790015,741121920,23520,0.6291666626930237,128,386000,2.029625177383423,1920,17,5,500000,1000,,386001.0,0.7005208134651184,0.5803858041763306,0.6312500238418579,0.6291943192481995,1843,1406593029,1,5
387001,1920,5805015,743041920,23520,0.6312500238418579,128,387000,2.033820390701294,1920,17,5,500000,1000,,387001.0,0.6994791626930237,0.580383837223053,0.6312500238418579,0.629132091999054,1847,1406593029,1,5
388001,1920,5820015,744961920,23520,0.6312500238418579,128,388000,2.0382585525512695,1920,17,5,500000,1000,,388001.0,0.699999988079071,0.5803823471069336,0.6291666626930237,0.6291664242744446,1851,1406593029,1,5
389001,1920,5835015,746881920,23520,0.6291666626930237,128,389000,2.0420424938201904,1920,17,5,500000,1000,,389001.0,0.6994791626930237,0.5803860425949097,0.6291666626930237,0.6291722059249878,1855,1406593029,1,5
390001,1920,5850015,748801920,23520,0.6291666626930237,128,390000,2.0462706089019775,1920,17,5,500000,1000,,390001.0,0.699999988079071,0.5803869962692261,0.6312500238418579,0.6290833353996277,1859,1406593029,1,5
391001,1920,5865015,750721920,23520,0.6312500238418579,128,391000,2.0506083965301514,1920,17,5,500000,1000,,391001.0,0.6994791626930237,0.5803856253623962,0.6291666626930237,0.6289159059524536,1863,1406593029,1,5
392001,1920,5880015,752641920,23520,0.6291666626930237,128,392000,2.054436445236206,1920,17,5,500000,1000,,392001.0,0.6994791626930237,0.5803811550140381,0.6312500238418579,0.6289464235305786,1867,1406593029,1,5
393001,1920,5895015,754561920,23520,0.6312500238418579,128,393000,2.0582275390625,1920,17,5,500000,1000,,393001.0,0.699999988079071,0.5803778171539307,0.6291666626930237,0.6289634704589844,1871,1406593029,1,5
394001,1920,5910015,756481920,23520,0.6291666626930237,128,394000,2.0620596408843994,1920,17,5,500000,1000,,394001.0,0.698437511920929,0.5803801417350769,0.6312500238418579,0.6291362643241882,1875,1406593029,1,5
395001,1920,5925015,758401920,23520,0.6312500238418579,128,395000,2.0658767223358154,1920,17,5,500000,1000,,395001.0,0.7005208134651184,0.5803797245025635,0.6270833611488342,0.6293094158172607,1879,1406593029,1,5
396001,1920,5940015,760321920,23520,0.6270833611488342,128,396000,2.069699764251709,1920,17,5,500000,1000,,396001.0,0.6994791626930237,0.5803779363632202,0.6291666626930237,0.62931227684021,1882,1406593029,1,5
397001,1920,5955015,762241920,23520,0.6291666626930237,128,397000,2.0734972953796387,1920,17,5,500000,1000,,397001.0,0.6989583373069763,0.580379068851471,0.6270833611488342,0.629115104675293,1886,1406593029,1,5
398001,1920,5970015,764161920,23520,0.6270833611488342,128,398000,2.0772593021392822,1920,17,5,500000,1000,,398001.0,0.6989583373069763,0.5803777575492859,0.6291666626930237,0.6290693879127502,1890,1406593029,1,5
399001,1920,5985015,766081920,23520,0.6291666626930237,128,399000,2.08333420753479,1920,17,5,500000,1000,,399001.0,0.7005208134651184,0.5803776383399963,0.6312500238418579,0.629179835319519,1894,1406593029,1,5
400001,1920,6000015,768001920,23520,0.6312500238418579,128,400000,2.0871810913085938,1920,17,5,500000,1000,,400001.0,0.6989583373069763,0.5803757905960083,0.6312500238418579,0.6289775371551514,1898,1406593029,1,5
401001,1920,6015015,769921920,23520,0.6312500238418579,128,401000,2.0911011695861816,1920,17,5,500000,1000,,401001.0,0.6989583373069763,0.5803771615028381,0.6291666626930237,0.6291377544403076,1902,1406593029,1,5
402001,1920,6030015,771841920,23520,0.6291666626930237,128,402000,2.0950381755828857,1920,17,5,500000,1000,,402001.0,0.6989583373069763,0.5803778767585754,0.6291666626930237,0.6291109919548035,1906,1406593029,1,5
403001,1920,6045015,773761920,23520,0.6291666626930237,128,403000,2.0990424156188965,1920,17,5,500000,1000,,403001.0,0.6979166865348816,0.580375611782074,0.6291666626930237,0.6291357278823853,1910,1406593029,1,5
404001,1920,6060015,775681920,23520,0.6291666626930237,128,404000,2.1029064655303955,1920,17,5,500000,1000,,404001.0,0.698437511920929,0.5803748369216919,0.6312500238418579,0.6288287043571472,1914,1406593029,1,5
405001,1920,6075015,777601920,23520,0.6312500238418579,128,405000,2.1067545413970947,1920,17,5,500000,1000,,405001.0,0.6989583373069763,0.5803747177124023,0.6291666626930237,0.6289907097816467,1918,1406593029,1,5
406001,1920,6090015,779521920,23520,0.6291666626930237,128,406000,2.110590696334839,1920,17,5,500000,1000,,406001.0,0.6989583373069763,0.5803741216659546,0.6291666626930237,0.6288673877716064,1922,1406593029,1,5
407001,1920,6105015,781441920,23520,0.6291666626930237,128,407000,2.114429473876953,1920,17,5,500000,1000,,407001.0,0.6994791626930237,0.5803762674331665,0.6291666626930237,0.629026472568512,1926,1406593029,1,5
408001,1920,6120015,783361920,23520,0.6291666626930237,128,408000,2.118258476257324,1920,17,5,500000,1000,,408001.0,0.6989583373069763,0.5803735852241516,0.6333333253860474,0.6292603611946106,1930,1406593029,1,5
409001,1920,6135015,785281920,23520,0.6333333253860474,128,409000,2.122044324874878,1920,17,5,500000,1000,,409001.0,0.699999988079071,0.580371618270874,0.6312500238418579,0.6291912794113159,1934,1406593029,1,5
410001,1920,6150015,787201920,23520,0.6312500238418579,128,410000,2.125838041305542,1920,17,5,500000,1000,,410001.0,0.7005208134651184,0.5803720355033875,0.6312500238418579,0.6291713714599609,1937,1406593029,1,5
411001,1920,6165015,789121920,23520,0.6312500238418579,128,411000,2.1296181678771973,1920,17,5,500000,1000,,411001.0,0.6994791626930237,0.5803694128990173,0.6312500238418579,0.6292206048965454,1941,1406593029,1,5
412001,1920,6180015,791041920,23520,0.6312500238418579,128,412000,2.133493185043335,1920,17,5,500000,1000,,412001.0,0.6994791626930237,0.580371081829071,0.6312500238418579,0.6292063593864441,1945,1406593029,1,5
413001,1920,6195015,792961920,23520,0.6312500238418579,128,413000,2.137554168701172,1920,17,5,500000,1000,,413001.0,0.6994791626930237,0.580370306968689,0.6312500238418579,0.6290830373764038,1949,1406593029,1,5
414001,1920,6210015,794881920,23520,0.6312500238418579,128,414000,2.142001152038574,1920,17,5,500000,1000,,414001.0,0.698437511920929,0.5803689360618591,0.6312500238418579,0.6290386319160461,1953,1406593029,1,5
415001,1920,6225015,796801920,23520,0.6312500238418579,128,415000,2.145766258239746,1920,17,5,500000,1000,,415001.0,0.6994791626930237,0.5803662538528442,0.6312500238418579,0.6291499733924866,1957,1406593029,1,5
416001,1920,6240015,798721920,23520,0.6312500238418579,128,416000,2.149594306945801,1920,17,5,500000,1000,,416001.0,0.6994791626930237,0.5803663730621338,0.6291666626930237,0.6293104887008667,1961,1406593029,1,5
417001,1920,6255015,800641920,23520,0.6291666626930237,128,417000,2.1534194946289062,1920,17,5,500000,1000,,417001.0,0.699999988079071,0.5803658962249756,0.6291666626930237,0.6290495991706848,1965,1406593029,1,5
418001,1920,6270015,802561920,23520,0.6291666626930237,128,418000,2.1571927070617676,1920,17,5,500000,1000,,418001.0,0.6994791626930237,0.5803645849227905,0.6291666626930237,0.6292275786399841,1969,1406593029,1,5
419001,1920,6285015,804481920,23520,0.6291666626930237,128,419000,2.1610207557678223,1920,17,5,500000,1000,,419001.0,0.6989583373069763,0.5803641676902771,0.6312500238418579,0.6292889714241028,1973,1406593029,1,5
420001,1920,6300015,806401920,23520,0.6312500238418579,128,420000,2.1648213863372803,1920,17,5,500000,1000,,420001.0,0.6994791626930237,0.5803636312484741,0.6312500238418579,0.6291245222091675,1977,1406593029,1,5
421001,1920,6315015,808321920,23520,0.6312500238418579,128,421000,2.168912172317505,1920,17,5,500000,1000,,421001.0,0.6994791626930237,0.5803665518760681,0.6312500238418579,0.6292954683303833,1981,1406593029,1,5
422001,1920,6330015,810241920,23520,0.6312500238418579,128,422000,2.172887086868286,1920,17,5,500000,1000,,422001.0,0.6994791626930237,0.5803633332252502,0.6312500238418579,0.6291319131851196,1985,1406593029,1,5
423001,1920,6345015,812161920,23520,0.6312500238418579,128,423000,2.1767210960388184,1920,17,5,500000,1000,,423001.0,0.699999988079071,0.5803619623184204,0.6291666626930237,0.6291930079460144,1989,1406593029,1,5
424001,1920,6360015,814081920,23520,0.6291666626930237,128,424000,2.1805410385131836,1920,17,5,500000,1000,,424001.0,0.6994791626930237,0.5803619027137756,0.6312500238418579,0.6293119788169861,1993,1406593029,1,5
425001,1920,6375015,816001920,23520,0.6312500238418579,128,425000,2.184375762939453,1920,17,5,500000,1000,,425001.0,0.698437511920929,0.5803620219230652,0.6312500238418579,0.6293415427207947,1997,1406593029,1,5
426001,1920,6390015,817921920,23520,0.6312500238418579,128,426000,2.188225746154785,1920,17,5,500000,1000,,426001.0,0.699999988079071,0.5803625583648682,0.6291666626930237,0.6294905543327332,2000,1406593029,1,5
427001,1920,6405015,819841920,23520,0.6291666626930237,128,427000,2.2107317447662354,1920,17,5,500000,1000,,427001.0,0.699999988079071,0.5803610682487488,0.6291666626930237,0.6292698383331299,2004,1406593029,1,5
428001,1920,6420015,821761920,23520,0.6291666626930237,128,428000,2.214582920074463,1920,17,5,500000,1000,,428001.0,0.6994791626930237,0.5803611874580383,0.6291666626930237,0.6290772557258606,2008,1406593029,1,5
429001,1920,6435015,823681920,23520,0.6291666626930237,128,429000,2.218353748321533,1920,17,5,500000,1000,,429001.0,0.6994791626930237,0.5803596377372742,0.6312500238418579,0.6292747855186462,2012,1406593029,1,5
430001,1920,6450015,825601920,23520,0.6312500238418579,128,430000,2.222324848175049,1920,17,5,500000,1000,,430001.0,0.6994791626930237,0.5803604125976562,0.6312500238418579,0.6290753483772278,2016,1406593029,1,5
431001,1920,6465015,827521920,23520,0.6312500238418579,128,431000,2.2261178493499756,1920,17,5,500000,1000,,431001.0,0.699999988079071,0.5803588628768921,0.6312500238418579,0.6290470361709595,2020,1406593029,1,5
432001,1920,6480015,829441920,23520,0.6312500238418579,128,432000,2.2299206256866455,1920,17,5,500000,1000,,432001.0,0.699999988079071,0.5803573727607727,0.6291666626930237,0.629297137260437,2024,1406593029,1,5
433001,1920,6495015,831361920,23520,0.6291666626930237,128,433000,2.2337145805358887,1920,17,5,500000,1000,,433001.0,0.698437511920929,0.5803573727607727,0.6312500238418579,0.6291667222976685,2028,1406593029,1,5
434001,1920,6510015,833281920,23520,0.6312500238418579,128,434000,2.2375457286834717,1920,17,5,500000,1000,,434001.0,0.6989583373069763,0.5803589224815369,0.6291666626930237,0.6291682124137878,2032,1406593029,1,5
435001,1920,6525015,835201920,23520,0.6291666626930237,128,435000,2.241536855697632,1920,17,5,500000,1000,,435001.0,0.6973958611488342,0.5803576707839966,0.6312500238418579,0.6291199922561646,2036,1406593029,1,5
436001,1920,6540015,837121920,23520,0.6312500238418579,128,436000,2.245501756668091,1920,17,5,500000,1000,,436001.0,0.6994791626930237,0.580359160900116,0.6291666626930237,0.6292921304702759,2040,1406593029,1,5
437001,1920,6555015,839041920,23520,0.6291666626930237,128,437000,2.24928879737854,1920,17,5,500000,1000,,437001.0,0.6989583373069763,0.580361545085907,0.6291666626930237,0.6295139193534851,2044,1406593029,1,5
438001,1920,6570015,840961920,23520,0.6291666626930237,128,438000,2.2532689571380615,1920,17,5,500000,1000,,438001.0,0.699999988079071,0.5803555250167847,0.6291666626930237,0.6294867396354675,2048,1406593029,1,5
439001,1920,6585015,842881920,23520,0.6291666626930237,128,439000,2.2570641040802,1920,17,5,500000,1000,,439001.0,0.6994791626930237,0.5803555846214294,0.6312500238418579,0.6293205618858337,2052,1406593029,1,5
440001,1920,6600015,844801920,23520,0.6312500238418579,128,440000,2.2608790397644043,1920,17,5,500000,1000,,440001.0,0.6994791626930237,0.5803529620170593,0.6312500238418579,0.6292992234230042,2055,1406593029,1,5
441001,1920,6615015,846721920,23520,0.6312500238418579,128,441000,2.264633893966675,1920,17,5,500000,1000,,441001.0,0.698437511920929,0.5803534388542175,0.6312500238418579,0.6292229294776917,2059,1406593029,1,5
442001,1920,6630015,848641920,23520,0.6312500238418579,128,442000,2.268465042114258,1920,17,5,500000,1000,,442001.0,0.699999988079071,0.5803505182266235,0.6312500238418579,0.6291577219963074,2063,1406593029,1,5
443001,1920,6645015,850561920,23520,0.6312500238418579,128,443000,2.2725799083709717,1920,17,5,500000,1000,,443001.0,0.6979166865348816,0.580354630947113,0.6312500238418579,0.6290454864501953,2067,1406593029,1,5
444001,1920,6660015,852481920,23520,0.6312500238418579,128,444000,2.2763359546661377,1920,17,5,500000,1000,,444001.0,0.6989583373069763,0.5803529620170593,0.6312500238418579,0.6293798089027405,2071,1406593029,1,5
445001,1920,6675015,854401920,23520,0.6312500238418579,128,445000,2.2800958156585693,1920,17,5,500000,1000,,445001.0,0.6989583373069763,0.5803526043891907,0.6291666626930237,0.6292926073074341,2075,1406593029,1,5
446001,1920,6690015,856321920,23520,0.6291666626930237,128,446000,2.283874988555908,1920,17,5,500000,1000,,446001.0,0.6989583373069763,0.5803536176681519,0.6291666626930237,0.6293522119522095,2079,1406593029,1,5
447001,1920,6705015,858241920,23520,0.6291666626930237,128,447000,2.287666082382202,1920,17,5,500000,1000,,447001.0,0.699999988079071,0.5803529024124146,0.6291666626930237,0.6292980313301086,2083,1406593029,1,5
448001,1920,6720015,860161920,23520,0.6291666626930237,128,448000,2.291461944580078,1920,17,5,500000,1000,,448001.0,0.6994791626930237,0.5803514122962952,0.6312500238418579,0.6287949085235596,2087,1406593029,1,5
449001,1920,6735015,862081920,23520,0.6312500238418579,128,449000,2.295220136642456,1920,17,5,500000,1000,,449001.0,0.7005208134651184,0.5803479552268982,0.6312500238418579,0.6289246678352356,2090,1406593029,1,5
450001,1920,6750015,864001920,23520,0.6312500238418579,128,450000,2.2998099327087402,1920,17,5,500000,1000,,450001.0,0.7005208134651184,0.5803495049476624,0.6312500238418579,0.6290740370750427,2094,1406593029,1,5
451001,1920,6765015,865921920,23520,0.6312500238418579,128,451000,2.3036270141601562,1920,17,5,500000,1000,,451001.0,0.699999988079071,0.580351710319519,0.6312500238418579,0.6293433904647827,2098,1406593029,1,5
452001,1920,6780015,867841920,23520,0.6312500238418579,128,452000,2.3073878288269043,1920,17,5,500000,1000,,452001.0,0.6994791626930237,0.5803507566452026,0.6312500238418579,0.6293449997901917,2102,1406593029,1,5
453001,1920,6795015,869761920,23520,0.6312500238418579,128,453000,2.311163902282715,1920,17,5,500000,1000,,453001.0,0.6994791626930237,0.5803520083427429,0.6291666626930237,0.6288959980010986,2106,1406593029,1,5
454001,1920,6810015,871681920,23520,0.6291666626930237,128,454000,2.315002918243408,1920,17,5,500000,1000,,454001.0,0.699999988079071,0.5803472995758057,0.6291666626930237,0.6290892958641052,2110,1406593029,1,5
455001,1920,6825015,873601920,23520,0.6291666626930237,128,455000,2.3187508583068848,1920,17,5,500000,1000,,455001.0,0.699999988079071,0.5803472399711609,0.6312500238418579,0.62929767370224,2113,1406593029,1,5
456001,1920,6840015,875521920,23520,0.6312500238418579,128,456000,2.322499990463257,1920,17,5,500000,1000,,456001.0,0.7005208134651184,0.5803431272506714,0.6312500238418579,0.6291126012802124,2117,1406593029,1,5
457001,1920,6855015,877441920,23520,0.6312500238418579,128,457000,2.326256036758423,1920,17,5,500000,1000,,457001.0,0.699999988079071,0.580344557762146,0.6312500238418579,0.6292555332183838,2121,1406593029,1,5
458001,1920,6870015,879361920,23520,0.6312500238418579,128,458000,2.3300650119781494,1920,17,5,500000,1000,,458001.0,0.6994791626930237,0.5803447961807251,0.6312500238418579,0.629034161567688,2125,1406593029,1,5
459001,1920,6885015,881281920,23520,0.6312500238418579,128,459000,2.3338088989257812,1920,17,5,500000,1000,,459001.0,0.6994791626930237,0.5803476572036743,0.6312500238418579,0.6292153596878052,2129,1406593029,1,5
460001,1920,6900015,883201920,23520,0.6312500238418579,128,460000,2.3376660346984863,1920,17,5,500000,1000,,460001.0,0.699999988079071,0.5803453922271729,0.6312500238418579,0.6292408108711243,2133,1406593029,1,5
461001,1920,6915015,885121920,23520,0.6312500238418579,128,461000,2.3415400981903076,1920,17,5,500000,1000,,461001.0,0.6989583373069763,0.5803429484367371,0.6312500238418579,0.629127562046051,2137,1406593029,1,5
462001,1920,6930015,887041920,23520,0.6312500238418579,128,462000,2.345349073410034,1920,17,5,500000,1000,,462001.0,0.6989583373069763,0.5803429484367371,0.6312500238418579,0.6291641592979431,2140,1406593029,1,5
463001,1920,6945015,888961920,23520,0.6312500238418579,128,463000,2.3491129875183105,1920,17,5,500000,1000,,463001.0,0.6989583373069763,0.5803425908088684,0.6312500238418579,0.6293619275093079,2144,1406593029,1,5
464001,1920,6960015,890881920,23520,0.6312500238418579,128,464000,2.3528730869293213,1920,17,5,500000,1000,,464001.0,0.6994791626930237,0.5803403854370117,0.6312500238418579,0.6290903687477112,2148,1406593029,1,5
465001,1920,6975015,892801920,23520,0.6312500238418579,128,465000,2.3566269874572754,1920,17,5,500000,1000,,465001.0,0.6994791626930237,0.5803412199020386,0.6312500238418579,0.6292329430580139,2152,1406593029,1,5
466001,1920,6990015,894721920,23520,0.6312500238418579,128,466000,2.360399007797241,1920,17,5,500000,1000,,466001.0,0.6989583373069763,0.5803409814834595,0.6312500238418579,0.6290977597236633,2156,1406593029,1,5
467001,1920,7005015,896641920,23520,0.6312500238418579,128,467000,2.364410161972046,1920,17,5,500000,1000,,467001.0,0.6994791626930237,0.5803398489952087,0.6312500238418579,0.6290148496627808,2159,1406593029,1,5
468001,1920,7020015,898561920,23520,0.6312500238418579,128,468000,2.3682162761688232,1920,17,5,500000,1000,,468001.0,0.699999988079071,0.5803416967391968,0.6312500238418579,0.6294105648994446,2163,1406593029,1,5
469001,1920,7035015,900481920,23520,0.6312500238418579,128,469000,2.3723044395446777,1920,17,5,500000,1000,,469001.0,0.699999988079071,0.5803394317626953,0.6312500238418579,0.6292175650596619,2167,1406593029,1,5
470001,1920,7050015,902401920,23520,0.6312500238418579,128,470000,2.3761394023895264,1920,17,5,500000,1000,,470001.0,0.6989583373069763,0.5803377628326416,0.6312500238418579,0.6290457248687744,2171,1406593029,1,5
471001,1920,7065015,904321920,23520,0.6312500238418579,128,471000,2.3799824714660645,1920,17,5,500000,1000,,471001.0,0.699999988079071,0.5803366899490356,0.6312500238418579,0.6291912794113159,2175,1406593029,1,5
472001,1920,7080015,906241920,23520,0.6312500238418579,128,472000,2.383763551712036,1920,17,5,500000,1000,,472001.0,0.6989583373069763,0.5803359746932983,0.6312500238418579,0.6292467713356018,2179,1406593029,1,5
473001,1920,7095015,908161920,23520,0.6312500238418579,128,473000,2.3875374794006348,1920,17,5,500000,1000,,473001.0,0.699999988079071,0.5803372263908386,0.6312500238418579,0.6290987730026245,2183,1406593029,1,5
474001,1920,7110015,910081920,23520,0.6312500238418579,128,474000,2.3912925720214844,1920,17,5,500000,1000,,474001.0,0.6994791626930237,0.5803400278091431,0.6312500238418579,0.6291969418525696,2186,1406593029,1,5
475001,1920,7125015,912001920,23520,0.6312500238418579,128,475000,2.3950297832489014,1920,17,5,500000,1000,,475001.0,0.6994791626930237,0.5803415775299072,0.6333333253860474,0.6293264627456665,2190,1406593029,1,5
476001,1920,7140015,913921920,23520,0.6333333253860474,128,476000,2.3988277912139893,1920,17,5,500000,1000,,476001.0,0.699999988079071,0.580342173576355,0.6333333253860474,0.6294934749603271,2194,1406593029,1,5
477001,1920,7155015,915841920,23520,0.6333333253860474,128,477000,2.402569532394409,1920,17,5,500000,1000,,477001.0,0.699999988079071,0.5803403258323669,0.6291666626930237,0.6294973492622375,2198,1406593029,1,5
478001,1920,7170015,917761920,23520,0.6291666626930237,128,478000,2.4063546657562256,1920,17,5,500000,1000,,478001.0,0.7005208134651184,0.5803357362747192,0.6312500238418579,0.6292877197265625,2202,1406593029,1,5
479001,1920,7185015,919681920,23520,0.6312500238418579,128,479000,2.4100985527038574,1920,17,5,500000,1000,,479001.0,0.699999988079071,0.5803343653678894,0.6333333253860474,0.6292362809181213,2206,1406593029,1,5
480001,1920,7200015,921601920,23520,0.6333333253860474,128,480000,2.413848400115967,1920,17,5,500000,1000,,480001.0,0.6994791626930237,0.5803329348564148,0.6291666626930237,0.6292304992675781,2209,1406593029,1,5
481001,1920,7215015,923521920,23520,0.6291666626930237,128,481000,2.41782546043396,1920,17,5,500000,1000,,481001.0,0.7005208134651184,0.5803329944610596,0.6333333253860474,0.6292110085487366,2213,1406593029,1,5
482001,1920,7230015,925441920,23520,0.6333333253860474,128,482000,2.4215683937072754,1920,17,5,500000,1000,,482001.0,0.699999988079071,0.5803331136703491,0.6333333253860474,0.6292489171028137,2217,1406593029,1,5
483001,1920,7245015,927361920,23520,0.6333333253860474,128,483000,2.4253554344177246,1920,17,5,500000,1000,,483001.0,0.6989583373069763,0.5803316831588745,0.6312500238418579,0.6291698217391968,2221,1406593029,1,5
484001,1920,7260015,929281920,23520,0.6312500238418579,128,484000,2.4291772842407227,1920,17,5,500000,1000,,484001.0,0.6989583373069763,0.5803317427635193,0.6312500238418579,0.6291571855545044,2225,1406593029,1,5
485001,1920,7275015,931201920,23520,0.6312500238418579,128,485000,2.4329311847686768,1920,17,5,500000,1000,,485001.0,0.6989583373069763,0.5803332924842834,0.6291666626930237,0.6292333006858826,2229,1406593029,1,5
486001,1920,7290015,933121920,23520,0.6291666626930237,128,486000,2.436691999435425,1920,17,5,500000,1000,,486001.0,0.6994791626930237,0.5803350806236267,0.6312500238418579,0.6291573643684387,2232,1406593029,1,5
487001,1920,7305015,935041920,23520,0.6312500238418579,128,487000,2.440952777862549,1920,17,5,500000,1000,,487001.0,0.6994791626930237,0.5803329348564148,0.6312500238418579,0.6293646693229675,2236,1406593029,1,5
488001,1920,7320015,936961920,23520,0.6312500238418579,128,488000,2.444697618484497,1920,17,5,500000,1000,,488001.0,0.6989583373069763,0.5803306698799133,0.6312500238418579,0.6291528940200806,2240,1406593029,1,5
489001,1920,7335015,938881920,23520,0.6312500238418579,128,489000,2.448772430419922,1920,17,5,500000,1000,,489001.0,0.6994791626930237,0.580327570438385,0.6291666626930237,0.6291673183441162,2244,1406593029,1,5
490001,1920,7350015,940801920,23520,0.6291666626930237,128,490000,2.4525306224823,1920,17,5,500000,1000,,490001.0,0.699999988079071,0.5803284049034119,0.6312500238418579,0.6290517449378967,2248,1406593029,1,5
491001,1920,7365015,942721920,23520,0.6312500238418579,128,491000,2.4563286304473877,1920,17,5,500000,1000,,491001.0,0.6994791626930237,0.5803311467170715,0.6312500238418579,0.6290429830551147,2251,1406593029,1,5
492001,1920,7380015,944641920,23520,0.6312500238418579,128,492000,2.460303544998169,1920,17,5,500000,1000,,492001.0,0.6994791626930237,0.580327033996582,0.6312500238418579,0.629158616065979,2255,1406593029,1,5
493001,1920,7395015,946561920,23520,0.6312500238418579,128,493000,2.4641473293304443,1920,17,5,500000,1000,,493001.0,0.699999988079071,0.5803282260894775,0.6312500238418579,0.629316508769989,2259,1406593029,1,5
494001,1920,7410015,948481920,23520,0.6312500238418579,128,494000,2.467912197113037,1920,17,5,500000,1000,,494001.0,0.699999988079071,0.5803295969963074,0.6312500238418579,0.6289926767349243,2263,1406593029,1,5
495001,1920,7425015,950401920,23520,0.6312500238418579,128,495000,2.4716713428497314,1920,17,5,500000,1000,,495001.0,0.699999988079071,0.5803277492523193,0.6312500238418579,0.6288823485374451,2267,1406593029,1,5
496001,1920,7440015,952321920,23520,0.6312500238418579,128,496000,2.475450277328491,1920,17,5,500000,1000,,496001.0,0.7005208134651184,0.5803237557411194,0.6333333253860474,0.6290659308433533,2271,1406593029,1,5
497001,1920,7455015,954241920,23520,0.6333333253860474,128,497000,2.479231119155884,1920,17,5,500000,1000,,497001.0,0.6994791626930237,0.5803239345550537,0.6354166865348816,0.6290174126625061,2275,1406593029,1,5
498001,1920,7470015,956161920,23520,0.6354166865348816,128,498000,2.4830222129821777,1920,17,5,500000,1000,,498001.0,0.6994791626930237,0.580325186252594,0.6312500238418579,0.629169225692749,2278,1406593029,1,5
499001,1920,7485015,958081920,23520,0.6312500238418579,128,499000,2.4868502616882324,1920,17,5,500000,1000,,499001.0,0.699999988079071,0.5803259611129761,0.6291666626930237,0.6292480826377869,2282,1406593029,1,5
499998,1920,7499970,959996160,23520,0.6291666626930237,128,499997,2.4906911849975586,1920,17,5,500000,1000,,499998.0,0.7005208134651184,0.580325722694397,0.6312500238418579,0.6292047500610352,2286,1406593029,1,5
499999,1920,7499985,959998080,23520,0.6312500238418579,128,499998,2.494983196258545,1920,17,5,500000,1000,,499999.0,0.7005208134651184,0.580325722694397,0.6312500238418579,0.6292179226875305,2286,1406593029,1,5
500000,1920,7500000,960000000,23520,0.6312500238418579,128,499999,2.499251127243042,1920,17,5,500000,1000,,500000.0,0.7005208134651184,0.5803256630897522,0.6312500238418579,0.6292226314544678,2286,1406593029,1,5
