pf_calls,num_answers,model_updates,num_grad_comps,answers_bytes,last_score,batch_size,k,elapsed_time,train_data,n,d,max_epochs,verbose,ident,_epochs,score_train,loss_train,score_test,loss_test,_elapsed_time,seed,run_id,dim
1,1920,15,1920,23520,0.512499988079071,128,0,0.02239394187927246,1920,17,2,500000,1000,,1.0,0.5083333253860474,0.6931472420692444,0.5249999761581421,0.6931472420692444,0,1482573285,3,2
1001,1920,15015,1921920,23520,0.5249999761581421,128,1000,0.0270388126373291,1920,17,2,500000,1000,,1001.0,0.6411458253860474,0.6316391229629517,0.6604166626930237,0.6395255923271179,4,1482573285,3,2
2001,1920,30015,3841920,23520,0.6604166626930237,128,2000,0.03163886070251465,1920,17,2,500000,1000,,2001.0,0.6395833492279053,0.6254222989082336,0.6708333492279053,0.6275615096092224,9,1482573285,3,2
3001,1920,45015,5761920,23520,0.6708333492279053,128,3000,0.03637576103210449,1920,17,2,500000,1000,,3001.0,0.645312488079071,0.6226139068603516,0.6791666746139526,0.6188449263572693,14,1482573285,3,2
4001,1920,60015,7681920,23520,0.6791666746139526,128,4000,0.041104793548583984,1920,17,2,500000,1000,,4001.0,0.653124988079071,0.6199340224266052,0.6791666746139526,0.6121727824211121,18,1482573285,3,2
5001,1920,75015,9601920,23520,0.6791666746139526,128,5000,0.045686960220336914,1920,17,2,500000,1000,,5001.0,0.6572916507720947,0.6181763410568237,0.6770833134651184,0.6088403463363647,23,1482573285,3,2
6001,1920,90015,11521920,23520,0.6770833134651184,128,6000,0.050241947174072266,1920,17,2,500000,1000,,6001.0,0.6614583134651184,0.6170627474784851,0.6770833134651184,0.6069747805595398,28,1482573285,3,2
7001,1920,105015,13441920,23520,0.6770833134651184,128,7000,0.05508780479431152,1920,17,2,500000,1000,,7001.0,0.6598958373069763,0.6163928508758545,0.6666666865348816,0.6060636043548584,33,1482573285,3,2
8001,1920,120015,15361920,23520,0.6666666865348816,128,8000,0.059842586517333984,1920,17,2,500000,1000,,8001.0,0.6619791388511658,0.615965723991394,0.6625000238418579,0.6053410172462463,37,1482573285,3,2
9001,1920,135015,17281920,23520,0.6625000238418579,128,9000,0.06450057029724121,1920,17,2,500000,1000,,9001.0,0.6614583134651184,0.6156815886497498,0.6645833253860474,0.6052882075309753,42,1482573285,3,2
10001,1920,150015,19201920,23520,0.6645833253860474,128,10000,0.06909394264221191,1920,17,2,500000,1000,,10001.0,0.6604166626930237,0.6154937744140625,0.6645833253860474,0.6050476431846619,47,1482573285,3,2
11001,1920,165015,21121920,23520,0.6645833253860474,128,11000,0.07369089126586914,1920,17,2,500000,1000,,11001.0,0.6619791388511658,0.615353524684906,0.6666666865348816,0.6048023700714111,51,1482573285,3,2
12001,1920,180015,23041920,23520,0.6666666865348816,128,12000,0.07823896408081055,1920,17,2,500000,1000,,12001.0,0.6614583134651184,0.615251362323761,0.6666666865348816,0.6049652695655823,56,1482573285,3,2
13001,1920,195015,24961920,23520,0.6666666865348816,128,13000,0.08282017707824707,1920,17,2,500000,1000,,13001.0,0.659375011920929,0.6151775121688843,0.6666666865348816,0.6047701239585876,61,1482573285,3,2
14001,1920,210015,26881920,23520,0.6666666865348816,128,14000,0.08739209175109863,1920,17,2,500000,1000,,14001.0,0.6614583134651184,0.6151139736175537,0.6645833253860474,0.6048275232315063,65,1482573285,3,2
15001,1920,225015,28801920,23520,0.6645833253860474,128,15000,0.0919806957244873,1920,17,2,500000,1000,,15001.0,0.660937488079071,0.615069568157196,0.6645833253860474,0.6047218441963196,70,1482573285,3,2
16001,1920,240015,30721920,23520,0.6645833253860474,128,16000,0.09659385681152344,1920,17,2,500000,1000,,16001.0,0.6604166626930237,0.6150327324867249,0.6645833253860474,0.6048864126205444,75,1482573285,3,2
17001,1920,255015,32641920,23520,0.6645833253860474,128,17000,0.1013636589050293,1920,17,2,500000,1000,,17001.0,0.660937488079071,0.6150060296058655,0.6645833253860474,0.6045478582382202,79,1482573285,3,2
18001,1920,270015,34561920,23520,0.6645833253860474,128,18000,0.105987548828125,1920,17,2,500000,1000,,18001.0,0.6604166626930237,0.6149876713752747,0.6645833253860474,0.6049032211303711,84,1482573285,3,2
19001,1920,285015,36481920,23520,0.6645833253860474,128,19000,0.11054635047912598,1920,17,2,500000,1000,,19001.0,0.6598958373069763,0.6149662733078003,0.6645833253860474,0.6049687266349792,89,1482573285,3,2
20001,1920,300015,38401920,23520,0.6645833253860474,128,20000,0.11512970924377441,1920,17,2,500000,1000,,20001.0,0.660937488079071,0.6149604320526123,0.6604166626930237,0.6048414707183838,93,1482573285,3,2
21001,1920,315015,40321920,23520,0.6604166626930237,128,21000,0.1197047233581543,1920,17,2,500000,1000,,21001.0,0.6614583134651184,0.6149415969848633,0.668749988079071,0.6050432920455933,98,1482573285,3,2
22001,1920,330015,42241920,23520,0.668749988079071,128,22000,0.12427091598510742,1920,17,2,500000,1000,,22001.0,0.6619791388511658,0.6149263381958008,0.6604166626930237,0.6047731041908264,103,1482573285,3,2
23001,1920,345015,44161920,23520,0.6604166626930237,128,23000,0.12902379035949707,1920,17,2,500000,1000,,23001.0,0.6598958373069763,0.6149259805679321,0.6625000238418579,0.6042708158493042,107,1482573285,3,2
24001,1920,360015,46081920,23520,0.6625000238418579,128,24000,0.13361191749572754,1920,17,2,500000,1000,,24001.0,0.660937488079071,0.6149110198020935,0.6645833253860474,0.6045944690704346,112,1482573285,3,2
25001,1920,375015,48001920,23520,0.6645833253860474,128,25000,0.13817691802978516,1920,17,2,500000,1000,,25001.0,0.6614583134651184,0.6149094700813293,0.6625000238418579,0.6044519543647766,117,1482573285,3,2
26001,1920,390015,49921920,23520,0.6625000238418579,128,26000,0.14276885986328125,1920,17,2,500000,1000,,26001.0,0.6604166626930237,0.6149044632911682,0.6645833253860474,0.6042042970657349,121,1482573285,3,2
27001,1920,405015,51841920,23520,0.6645833253860474,128,27000,0.14748382568359375,1920,17,2,500000,1000,,27001.0,0.659375011920929,0.6148992776870728,0.6666666865348816,0.6047114133834839,126,1482573285,3,2
28001,1920,420015,53761920,23520,0.6666666865348816,128,28000,0.15264272689819336,1920,17,2,500000,1000,,28001.0,0.660937488079071,0.6148984432220459,0.6666666865348816,0.6043969988822937,131,1482573285,3,2
29001,1920,435015,55681920,23520,0.6666666865348816,128,29000,0.1574876308441162,1920,17,2,500000,1000,,29001.0,0.6598958373069763,0.6148942112922668,0.6645833253860474,0.6046769618988037,136,1482573285,3,2
30001,1920,450015,57601920,23520,0.6645833253860474,128,30000,0.16208338737487793,1920,17,2,500000,1000,,30001.0,0.660937488079071,0.6148909330368042,0.6645833253860474,0.6044565439224243,140,1482573285,3,2
31001,1920,465015,59521920,23520,0.6645833253860474,128,31000,0.1666884422302246,1920,17,2,500000,1000,,31001.0,0.6598958373069763,0.6148910522460938,0.6625000238418579,0.6044216752052307,145,1482573285,3,2
32001,1920,480015,61441920,23520,0.6625000238418579,128,32000,0.17123937606811523,1920,17,2,500000,1000,,32001.0,0.660937488079071,0.6148917078971863,0.6666666865348816,0.6045089960098267,150,1482573285,3,2
33001,1920,495015,63361920,23520,0.6666666865348816,128,33000,0.17582416534423828,1920,17,2,500000,1000,,33001.0,0.660937488079071,0.6148902177810669,0.6583333611488342,0.6043046116828918,154,1482573285,3,2
34001,1920,510015,65281920,23520,0.6583333611488342,128,34000,0.18039298057556152,1920,17,2,500000,1000,,34001.0,0.659375011920929,0.6148858666419983,0.6666666865348816,0.6044532656669617,159,1482573285,3,2
35001,1920,525015,67201920,23520,0.6666666865348816,128,35000,0.18496298789978027,1920,17,2,500000,1000,,35001.0,0.660937488079071,0.6148831844329834,0.6625000238418579,0.6049206256866455,164,1482573285,3,2
36001,1920,540015,69121920,23520,0.6625000238418579,128,36000,0.18955612182617188,1920,17,2,500000,1000,,36001.0,0.6614583134651184,0.6148832440376282,0.6625000238418579,0.6046447157859802,168,1482573285,3,2
37001,1920,555015,71041920,23520,0.6625000238418579,128,37000,0.19425320625305176,1920,17,2,500000,1000,,37001.0,0.6598958373069763,0.6148818731307983,0.6604166626930237,0.6047476530075073,173,1482573285,3,2
38001,1920,570015,72961920,23520,0.6604166626930237,128,38000,0.19904112815856934,1920,17,2,500000,1000,,38001.0,0.6598958373069763,0.61488276720047,0.6583333611488342,0.6045783162117004,178,1482573285,3,2
39001,1920,585015,74881920,23520,0.6583333611488342,128,39000,0.20363306999206543,1920,17,2,500000,1000,,39001.0,0.6604166626930237,0.6148799657821655,0.65625,0.6047407388687134,183,1482573285,3,2
40001,1920,600015,76801920,23520,0.65625,128,40000,0.20818114280700684,1920,17,2,500000,1000,,40001.0,0.660937488079071,0.6148794889450073,0.6583333611488342,0.6048782467842102,187,1482573285,3,2
41001,1920,615015,78721920,23520,0.6583333611488342,128,41000,0.21280527114868164,1920,17,2,500000,1000,,41001.0,0.6614583134651184,0.6148766279220581,0.6583333611488342,0.6048126220703125,192,1482573285,3,2
42001,1920,630015,80641920,23520,0.6583333611488342,128,42000,0.21738028526306152,1920,17,2,500000,1000,,42001.0,0.6604166626930237,0.6148785352706909,0.6625000238418579,0.6046058535575867,197,1482573285,3,2
43001,1920,645015,82561920,23520,0.6625000238418579,128,43000,0.22264337539672852,1920,17,2,500000,1000,,43001.0,0.659375011920929,0.6148772835731506,0.6625000238418579,0.6047935485839844,201,1482573285,3,2
44001,1920,660015,84481920,23520,0.6625000238418579,128,44000,0.22729849815368652,1920,17,2,500000,1000,,44001.0,0.6598958373069763,0.614875853061676,0.6625000238418579,0.6044015288352966,206,1482573285,3,2
45001,1920,675015,86401920,23520,0.6625000238418579,128,45000,0.23189759254455566,1920,17,2,500000,1000,,45001.0,0.6619791388511658,0.6148806810379028,0.6604166626930237,0.6046833395957947,211,1482573285,3,2
46001,1920,690015,88321920,23520,0.6604166626930237,128,46000,0.23647761344909668,1920,17,2,500000,1000,,46001.0,0.6619791388511658,0.6148788928985596,0.6645833253860474,0.6043660640716553,216,1482573285,3,2
47001,1920,705015,90241920,23520,0.6645833253860474,128,47000,0.2412126064300537,1920,17,2,500000,1000,,47001.0,0.660937488079071,0.6148808002471924,0.6604166626930237,0.6048433780670166,220,1482573285,3,2
48001,1920,720015,92161920,23520,0.6604166626930237,128,48000,0.24598050117492676,1920,17,2,500000,1000,,48001.0,0.6604166626930237,0.6148788928985596,0.6645833253860474,0.6044382452964783,225,1482573285,3,2
49001,1920,735015,94081920,23520,0.6645833253860474,128,49000,0.2505815029144287,1920,17,2,500000,1000,,49001.0,0.6583333611488342,0.6148830056190491,0.6645833253860474,0.6044999957084656,230,1482573285,3,2
50001,1920,750015,96001920,23520,0.6645833253860474,128,50000,0.2552525997161865,1920,17,2,500000,1000,,50001.0,0.6598958373069763,0.614880383014679,0.6645833253860474,0.6044989824295044,234,1482573285,3,2
51001,1920,765015,97921920,23520,0.6645833253860474,128,51000,0.2598395347595215,1920,17,2,500000,1000,,51001.0,0.6598958373069763,0.614880383014679,0.6604166626930237,0.6047562956809998,239,1482573285,3,2
52001,1920,780015,99841920,23520,0.6604166626930237,128,52000,0.26440858840942383,1920,17,2,500000,1000,,52001.0,0.659375011920929,0.6148744821548462,0.6604166626930237,0.6047302484512329,244,1482573285,3,2
53001,1920,795015,101761920,23520,0.6604166626930237,128,53000,0.2690155506134033,1920,17,2,500000,1000,,53001.0,0.6598958373069763,0.6148766875267029,0.6583333611488342,0.6045430302619934,248,1482573285,3,2
54001,1920,810015,103681920,23520,0.6583333611488342,128,54000,0.2736518383026123,1920,17,2,500000,1000,,54001.0,0.660937488079071,0.6148768067359924,0.6604166626930237,0.6045494675636292,253,1482573285,3,2
55001,1920,825015,105601920,23520,0.6604166626930237,128,55000,0.2782559394836426,1920,17,2,500000,1000,,55001.0,0.660937488079071,0.6148778200149536,0.6541666388511658,0.6046176552772522,258,1482573285,3,2
56001,1920,840015,107521920,23520,0.6541666388511658,128,56000,0.282822847366333,1920,17,2,500000,1000,,56001.0,0.660937488079071,0.6148765683174133,0.6583333611488342,0.604367196559906,262,1482573285,3,2
57001,1920,855015,109441920,23520,0.6583333611488342,128,57000,0.28740572929382324,1920,17,2,500000,1000,,57001.0,0.660937488079071,0.6148816347122192,0.6604166626930237,0.604562520980835,267,1482573285,3,2
58001,1920,870015,111361920,23520,0.6604166626930237,128,58000,0.29198575019836426,1920,17,2,500000,1000,,58001.0,0.6619791388511658,0.6148775815963745,0.6604166626930237,0.6047405004501343,272,1482573285,3,2
59001,1920,885015,113281920,23520,0.6604166626930237,128,59000,0.29657864570617676,1920,17,2,500000,1000,,59001.0,0.659375011920929,0.6148823499679565,0.6666666865348816,0.6042296886444092,277,1482573285,3,2
60001,1920,900015,115201920,23520,0.6666666865348816,128,60000,0.30115771293640137,1920,17,2,500000,1000,,60001.0,0.659375011920929,0.6148784160614014,0.6604166626930237,0.6046934127807617,281,1482573285,3,2
61001,1920,915015,117121920,23520,0.6604166626930237,128,61000,0.305772066116333,1920,17,2,500000,1000,,61001.0,0.659375011920929,0.6148852109909058,0.6625000238418579,0.6047351956367493,286,1482573285,3,2
62001,1920,930015,119041920,23520,0.6625000238418579,128,62000,0.3105189800262451,1920,17,2,500000,1000,,62001.0,0.6588541865348816,0.6148866415023804,0.6666666865348816,0.6043909788131714,291,1482573285,3,2
63001,1920,945015,120961920,23520,0.6666666865348816,128,63000,0.3151967525482178,1920,17,2,500000,1000,,63001.0,0.6598958373069763,0.614885151386261,0.6583333611488342,0.6047489643096924,295,1482573285,3,2
64001,1920,960015,122881920,23520,0.6583333611488342,128,64000,0.3198568820953369,1920,17,2,500000,1000,,64001.0,0.6598958373069763,0.6148791909217834,0.6604166626930237,0.6045061945915222,300,1482573285,3,2
65001,1920,975015,124801920,23520,0.6604166626930237,128,65000,0.3247039318084717,1920,17,2,500000,1000,,65001.0,0.6604166626930237,0.6148792505264282,0.6625000238418579,0.6045518517494202,305,1482573285,3,2
66001,1920,990015,126721920,23520,0.6625000238418579,128,66000,0.3293287754058838,1920,17,2,500000,1000,,66001.0,0.6604166626930237,0.6148797273635864,0.6604166626930237,0.6044384837150574,310,1482573285,3,2
67001,1920,1005015,128641920,23520,0.6604166626930237,128,67000,0.3339426517486572,1920,17,2,500000,1000,,67001.0,0.660937488079071,0.6148777604103088,0.6666666865348816,0.6043451428413391,317,1482573285,3,2
68001,1920,1020015,130561920,23520,0.6666666865348816,128,68000,0.33857154846191406,1920,17,2,500000,1000,,68001.0,0.6614583134651184,0.6148806214332581,0.6604166626930237,0.6047088503837585,322,1482573285,3,2
69001,1920,1035015,132481920,23520,0.6604166626930237,128,69000,0.3436422348022461,1920,17,2,500000,1000,,69001.0,0.660937488079071,0.6148791909217834,0.6625000238418579,0.6049607396125793,327,1482573285,3,2
70001,1920,1050015,134401920,23520,0.6625000238418579,128,70000,0.34833526611328125,1920,17,2,500000,1000,,70001.0,0.6614583134651184,0.6148794293403625,0.6645833253860474,0.6046672463417053,332,1482573285,3,2
71001,1920,1065015,136321920,23520,0.6645833253860474,128,71000,0.3536372184753418,1920,17,2,500000,1000,,71001.0,0.6619791388511658,0.614878237247467,0.6625000238418579,0.6044878363609314,337,1482573285,3,2
72001,1920,1080015,138241920,23520,0.6625000238418579,128,72000,0.3584723472595215,1920,17,2,500000,1000,,72001.0,0.6619791388511658,0.6148803234100342,0.6583333611488342,0.6044044494628906,342,1482573285,3,2
73001,1920,1095015,140161920,23520,0.6583333611488342,128,73000,0.3632843494415283,1920,17,2,500000,1000,,73001.0,0.6614583134651184,0.6148784756660461,0.6604166626930237,0.6046997308731079,346,1482573285,3,2
74001,1920,1110015,142081920,23520,0.6604166626930237,128,74000,0.3681464195251465,1920,17,2,500000,1000,,74001.0,0.660937488079071,0.6148812174797058,0.6666666865348816,0.6047123074531555,351,1482573285,3,2
75001,1920,1125015,144001920,23520,0.6666666865348816,128,75000,0.3727092742919922,1920,17,2,500000,1000,,75001.0,0.6598958373069763,0.6148776412010193,0.6625000238418579,0.604932427406311,356,1482573285,3,2
76001,1920,1140015,145921920,23520,0.6625000238418579,128,76000,0.37737441062927246,1920,17,2,500000,1000,,76001.0,0.6619791388511658,0.6148808598518372,0.6625000238418579,0.60470050573349,361,1482573285,3,2
77001,1920,1155015,147841920,23520,0.6625000238418579,128,77000,0.3821396827697754,1920,17,2,500000,1000,,77001.0,0.6598958373069763,0.6148796081542969,0.6604166626930237,0.6050291657447815,366,1482573285,3,2
78001,1920,1170015,149761920,23520,0.6604166626930237,128,78000,0.3867769241333008,1920,17,2,500000,1000,,78001.0,0.6588541865348816,0.6148766875267029,0.6666666865348816,0.6045541167259216,371,1482573285,3,2
79001,1920,1185015,151681920,23520,0.6666666865348816,128,79000,0.3913538455963135,1920,17,2,500000,1000,,79001.0,0.6614583134651184,0.6148808002471924,0.6625000238418579,0.6044608950614929,375,1482573285,3,2
80001,1920,1200015,153601920,23520,0.6625000238418579,128,80000,0.39696192741394043,1920,17,2,500000,1000,,80001.0,0.659375011920929,0.614876389503479,0.6625000238418579,0.6048350930213928,380,1482573285,3,2
81001,1920,1215015,155521920,23520,0.6625000238418579,128,81000,0.4019050598144531,1920,17,2,500000,1000,,81001.0,0.6598958373069763,0.6148770451545715,0.6625000238418579,0.6046590805053711,385,1482573285,3,2
82001,1920,1230015,157441920,23520,0.6625000238418579,128,82000,0.4065361022949219,1920,17,2,500000,1000,,82001.0,0.659375011920929,0.6148810982704163,0.6604166626930237,0.6044718027114868,390,1482573285,3,2
83001,1920,1245015,159361920,23520,0.6604166626930237,128,83000,0.4111039638519287,1920,17,2,500000,1000,,83001.0,0.6604166626930237,0.6148765683174133,0.6583333611488342,0.6048392653465271,394,1482573285,3,2
84001,1920,1260015,161281920,23520,0.6583333611488342,128,84000,0.4157848358154297,1920,17,2,500000,1000,,84001.0,0.660937488079071,0.6148804426193237,0.6645833253860474,0.6044729351997375,399,1482573285,3,2
85001,1920,1275015,163201920,23520,0.6645833253860474,128,85000,0.42069482803344727,1920,17,2,500000,1000,,85001.0,0.6604166626930237,0.6148790121078491,0.6666666865348816,0.6044270992279053,404,1482573285,3,2
86001,1920,1290015,165121920,23520,0.6666666865348816,128,86000,0.42525243759155273,1920,17,2,500000,1000,,86001.0,0.6598958373069763,0.6148751974105835,0.6645833253860474,0.6045064926147461,409,1482573285,3,2
87001,1920,1305015,167041920,23520,0.6645833253860474,128,87000,0.4301323890686035,1920,17,2,500000,1000,,87001.0,0.6598958373069763,0.6148760914802551,0.6645833253860474,0.6044473052024841,413,1482573285,3,2
88001,1920,1320015,168961920,23520,0.6645833253860474,128,88000,0.4347414970397949,1920,17,2,500000,1000,,88001.0,0.6604166626930237,0.614876925945282,0.6583333611488342,0.6045225262641907,418,1482573285,3,2
89001,1920,1335015,170881920,23520,0.6583333611488342,128,89000,0.43943357467651367,1920,17,2,500000,1000,,89001.0,0.6604166626930237,0.6148751378059387,0.6583333611488342,0.6045888066291809,423,1482573285,3,2
90001,1920,1350015,172801920,23520,0.6583333611488342,128,90000,0.4440436363220215,1920,17,2,500000,1000,,90001.0,0.6604166626930237,0.6148770451545715,0.6625000238418579,0.6042488217353821,428,1482573285,3,2
91001,1920,1365015,174721920,23520,0.6625000238418579,128,91000,0.4486706256866455,1920,17,2,500000,1000,,91001.0,0.6619791388511658,0.6148777008056641,0.6604166626930237,0.6046561002731323,433,1482573285,3,2
92001,1920,1380015,176641920,23520,0.6604166626930237,128,92000,0.4532325267791748,1920,17,2,500000,1000,,92001.0,0.6604166626930237,0.6148815155029297,0.6645833253860474,0.6044152975082397,438,1482573285,3,2
93001,1920,1395015,178561920,23520,0.6645833253860474,128,93000,0.45779848098754883,1920,17,2,500000,1000,,93001.0,0.6598958373069763,0.6148791909217834,0.6604166626930237,0.6047412157058716,442,1482573285,3,2
94001,1920,1410015,180481920,23520,0.6604166626930237,128,94000,0.462383508682251,1920,17,2,500000,1000,,94001.0,0.660937488079071,0.6148826479911804,0.6604166626930237,0.6049226522445679,447,1482573285,3,2
95001,1920,1425015,182401920,23520,0.6604166626930237,128,95000,0.4669365882873535,1920,17,2,500000,1000,,95001.0,0.660937488079071,0.6148784756660461,0.6604166626930237,0.604850172996521,452,1482573285,3,2
96001,1920,1440015,184321920,23520,0.6604166626930237,128,96000,0.47161078453063965,1920,17,2,500000,1000,,96001.0,0.6604166626930237,0.6148809790611267,0.6604166626930237,0.6043344140052795,457,1482573285,3,2
97001,1920,1455015,186241920,23520,0.6604166626930237,128,97000,0.47620463371276855,1920,17,2,500000,1000,,97001.0,0.6614583134651184,0.614878237247467,0.6604166626930237,0.6044083833694458,461,1482573285,3,2
98001,1920,1470015,188161920,23520,0.6604166626930237,128,98000,0.48079371452331543,1920,17,2,500000,1000,,98001.0,0.6614583134651184,0.6148830652236938,0.6625000238418579,0.6049937605857849,466,1482573285,3,2
99001,1920,1485015,190081920,23520,0.6625000238418579,128,99000,0.4856388568878174,1920,17,2,500000,1000,,99001.0,0.659375011920929,0.614880383014679,0.6625000238418579,0.604735791683197,471,1482573285,3,2
100001,1920,1500015,192001920,23520,0.6625000238418579,128,100000,0.4902157783508301,1920,17,2,500000,1000,,100001.0,0.660937488079071,0.6148791909217834,0.6604166626930237,0.6044030785560608,476,1482573285,3,2
101001,1920,1515015,193921920,23520,0.6604166626930237,128,101000,0.4954948425292969,1920,17,2,500000,1000,,101001.0,0.660937488079071,0.6148841977119446,0.6625000238418579,0.6049433946609497,481,1482573285,3,2
102001,1920,1530015,195841920,23520,0.6625000238418579,128,102000,0.5002026557922363,1920,17,2,500000,1000,,102001.0,0.659375011920929,0.6148855686187744,0.6625000238418579,0.6045859456062317,485,1482573285,3,2
103001,1920,1545015,197761920,23520,0.6625000238418579,128,103000,0.5060436725616455,1920,17,2,500000,1000,,103001.0,0.6604166626930237,0.6148824095726013,0.6583333611488342,0.6046983003616333,490,1482573285,3,2
104001,1920,1560015,199681920,23520,0.6583333611488342,128,104000,0.5108506679534912,1920,17,2,500000,1000,,104001.0,0.659375011920929,0.6148796081542969,0.6583333611488342,0.604759156703949,495,1482573285,3,2
105001,1920,1575015,201601920,23520,0.6583333611488342,128,105000,0.5216774940490723,1920,17,2,500000,1000,,105001.0,0.6604166626930237,0.6148796677589417,0.6604166626930237,0.6046785712242126,500,1482573285,3,2
106001,1920,1590015,203521920,23520,0.6604166626930237,128,106000,0.526362419128418,1920,17,2,500000,1000,,106001.0,0.659375011920929,0.614875853061676,0.6645833253860474,0.6045412421226501,504,1482573285,3,2
107001,1920,1605015,205441920,23520,0.6645833253860474,128,107000,0.5309834480285645,1920,17,2,500000,1000,,107001.0,0.6598958373069763,0.6148822903633118,0.6604166626930237,0.6046093106269836,509,1482573285,3,2
108001,1920,1620015,207361920,23520,0.6604166626930237,128,108000,0.5355863571166992,1920,17,2,500000,1000,,108001.0,0.6604166626930237,0.614878237247467,0.6604166626930237,0.6048901081085205,514,1482573285,3,2
109001,1920,1635015,209281920,23520,0.6604166626930237,128,109000,0.5401694774627686,1920,17,2,500000,1000,,109001.0,0.660937488079071,0.6148783564567566,0.6604166626930237,0.6044606566429138,519,1482573285,3,2
110001,1920,1650015,211201920,23520,0.6604166626930237,128,110000,0.5447404384613037,1920,17,2,500000,1000,,110001.0,0.6598958373069763,0.6148834228515625,0.6583333611488342,0.604561984539032,523,1482573285,3,2
111001,1920,1665015,213121920,23520,0.6583333611488342,128,111000,0.549288272857666,1920,17,2,500000,1000,,111001.0,0.6598958373069763,0.6148812770843506,0.6625000238418579,0.6049863696098328,528,1482573285,3,2
112001,1920,1680015,215041920,23520,0.6625000238418579,128,112000,0.5538504123687744,1920,17,2,500000,1000,,112001.0,0.660937488079071,0.6148789525032043,0.6625000238418579,0.6046029925346375,533,1482573285,3,2
113001,1920,1695015,216961920,23520,0.6625000238418579,128,113000,0.558551549911499,1920,17,2,500000,1000,,113001.0,0.659375011920929,0.6148785948753357,0.6583333611488342,0.604694128036499,537,1482573285,3,2
114001,1920,1710015,218881920,23520,0.6583333611488342,128,114000,0.5632095336914062,1920,17,2,500000,1000,,114001.0,0.6604166626930237,0.614878237247467,0.6604166626930237,0.6046591401100159,542,1482573285,3,2
115001,1920,1725015,220801920,23520,0.6604166626930237,128,115000,0.5677874088287354,1920,17,2,500000,1000,,115001.0,0.6598958373069763,0.6148777604103088,0.6583333611488342,0.6047571897506714,547,1482573285,3,2
116001,1920,1740015,222721920,23520,0.6583333611488342,128,116000,0.5723834037780762,1920,17,2,500000,1000,,116001.0,0.6604166626930237,0.6148763298988342,0.6583333611488342,0.604581892490387,551,1482573285,3,2
117001,1920,1755015,224641920,23520,0.6583333611488342,128,117000,0.5771374702453613,1920,17,2,500000,1000,,117001.0,0.660937488079071,0.6148817539215088,0.6583333611488342,0.6049181818962097,556,1482573285,3,2
118001,1920,1770015,226561920,23520,0.6583333611488342,128,118000,0.5817177295684814,1920,17,2,500000,1000,,118001.0,0.6598958373069763,0.6148824691772461,0.6583333611488342,0.6046005487442017,561,1482573285,3,2
119001,1920,1785015,228481920,23520,0.6583333611488342,128,119000,0.5863518714904785,1920,17,2,500000,1000,,119001.0,0.6614583134651184,0.6148837208747864,0.6645833253860474,0.6045655012130737,565,1482573285,3,2
120001,1920,1800015,230401920,23520,0.6645833253860474,128,120000,0.591059684753418,1920,17,2,500000,1000,,120001.0,0.6604166626930237,0.6148810982704163,0.6625000238418579,0.6045891642570496,570,1482573285,3,2
121001,1920,1815015,232321920,23520,0.6625000238418579,128,121000,0.5956087112426758,1920,17,2,500000,1000,,121001.0,0.660937488079071,0.614880383014679,0.6604166626930237,0.6043957471847534,575,1482573285,3,2
122001,1920,1830015,234241920,23520,0.6604166626930237,128,122000,0.6002335548400879,1920,17,2,500000,1000,,122001.0,0.659375011920929,0.6148797869682312,0.6604166626930237,0.6044536828994751,579,1482573285,3,2
123001,1920,1845015,236161920,23520,0.6604166626930237,128,123000,0.6049585342407227,1920,17,2,500000,1000,,123001.0,0.6604166626930237,0.6148825287818909,0.6604166626930237,0.6044419407844543,584,1482573285,3,2
124001,1920,1860015,238081920,23520,0.6604166626930237,128,124000,0.609539270401001,1920,17,2,500000,1000,,124001.0,0.6619791388511658,0.6148796677589417,0.6604166626930237,0.6045434474945068,589,1482573285,3,2
125001,1920,1875015,240001920,23520,0.6604166626930237,128,125000,0.6142065525054932,1920,17,2,500000,1000,,125001.0,0.6614583134651184,0.6148804426193237,0.6541666388511658,0.6050102710723877,593,1482573285,3,2
126001,1920,1890015,241921920,23520,0.6541666388511658,128,126000,0.618842601776123,1920,17,2,500000,1000,,126001.0,0.659375011920929,0.6148802042007446,0.6625000238418579,0.6046572923660278,598,1482573285,3,2
127001,1920,1905015,243841920,23520,0.6625000238418579,128,127000,0.6236486434936523,1920,17,2,500000,1000,,127001.0,0.6604166626930237,0.6148809194564819,0.6583333611488342,0.6049849390983582,603,1482573285,3,2
128001,1920,1920015,245761920,23520,0.6583333611488342,128,128000,0.6282939910888672,1920,17,2,500000,1000,,128001.0,0.660937488079071,0.6148821711540222,0.6583333611488342,0.6042758226394653,608,1482573285,3,2
129001,1920,1935015,247681920,23520,0.6583333611488342,128,129000,0.6330521106719971,1920,17,2,500000,1000,,129001.0,0.6598958373069763,0.6148800253868103,0.6583333611488342,0.6043016314506531,612,1482573285,3,2
130001,1920,1950015,249601920,23520,0.6583333611488342,128,130000,0.6376810073852539,1920,17,2,500000,1000,,130001.0,0.659375011920929,0.614876925945282,0.6645833253860474,0.6045812368392944,617,1482573285,3,2
131001,1920,1965015,251521920,23520,0.6645833253860474,128,131000,0.6422410011291504,1920,17,2,500000,1000,,131001.0,0.6598958373069763,0.6148830652236938,0.6645833253860474,0.6046510934829712,622,1482573285,3,2
132001,1920,1980015,253441920,23520,0.6645833253860474,128,132000,0.6470639705657959,1920,17,2,500000,1000,,132001.0,0.6625000238418579,0.6148822903633118,0.6541666388511658,0.6048992276191711,626,1482573285,3,2
133001,1920,1995015,255361920,23520,0.6541666388511658,128,133000,0.6516320705413818,1920,17,2,500000,1000,,133001.0,0.6604166626930237,0.6148777604103088,0.6604166626930237,0.604546844959259,631,1482573285,3,2
134001,1920,2010015,257281920,23520,0.6604166626930237,128,134000,0.6562302112579346,1920,17,2,500000,1000,,134001.0,0.659375011920929,0.6148771643638611,0.6604166626930237,0.6046167612075806,636,1482573285,3,2
135001,1920,2025015,259201920,23520,0.6604166626930237,128,135000,0.6608171463012695,1920,17,2,500000,1000,,135001.0,0.6614583134651184,0.6148787140846252,0.6604166626930237,0.6044886112213135,640,1482573285,3,2
136001,1920,2040015,261121920,23520,0.6604166626930237,128,136000,0.6654002666473389,1920,17,2,500000,1000,,136001.0,0.6614583134651184,0.6148776412010193,0.6583333611488342,0.6046473383903503,645,1482573285,3,2
137001,1920,2055015,263041920,23520,0.6583333611488342,128,137000,0.670175313949585,1920,17,2,500000,1000,,137001.0,0.660937488079071,0.6148844361305237,0.6583333611488342,0.6046148538589478,650,1482573285,3,2
138001,1920,2070015,264961920,23520,0.6583333611488342,128,138000,0.674769401550293,1920,17,2,500000,1000,,138001.0,0.6598958373069763,0.6148773431777954,0.6583333611488342,0.6045753955841064,654,1482573285,3,2
139001,1920,2085015,266881920,23520,0.6583333611488342,128,139000,0.6793262958526611,1920,17,2,500000,1000,,139001.0,0.6604166626930237,0.6148785352706909,0.6604166626930237,0.604668915271759,659,1482573285,3,2
140001,1920,2100015,268801920,23520,0.6604166626930237,128,140000,0.6841204166412354,1920,17,2,500000,1000,,140001.0,0.6604166626930237,0.6148794293403625,0.6666666865348816,0.6047074198722839,664,1482573285,3,2
141001,1920,2115015,270721920,23520,0.6666666865348816,128,141000,0.6887814998626709,1920,17,2,500000,1000,,141001.0,0.6604166626930237,0.6148831248283386,0.6604166626930237,0.6045981049537659,668,1482573285,3,2
142001,1920,2130015,272641920,23520,0.6604166626930237,128,142000,0.6933963298797607,1920,17,2,500000,1000,,142001.0,0.6604166626930237,0.6148791909217834,0.6666666865348816,0.6045525670051575,673,1482573285,3,2
143001,1920,2145015,274561920,23520,0.6666666865348816,128,143000,0.6979732513427734,1920,17,2,500000,1000,,143001.0,0.6604166626930237,0.6148826479911804,0.6604166626930237,0.6046980619430542,678,1482573285,3,2
144001,1920,2160015,276481920,23520,0.6604166626930237,128,144000,0.702566385269165,1920,17,2,500000,1000,,144001.0,0.6598958373069763,0.6148784756660461,0.6604166626930237,0.6046947240829468,683,1482573285,3,2
145001,1920,2175015,278401920,23520,0.6604166626930237,128,145000,0.7071244716644287,1920,17,2,500000,1000,,145001.0,0.660937488079071,0.6148765683174133,0.6625000238418579,0.6047266721725464,687,1482573285,3,2
146001,1920,2190015,280321920,23520,0.6625000238418579,128,146000,0.7116806507110596,1920,17,2,500000,1000,,146001.0,0.6598958373069763,0.6148786544799805,0.6625000238418579,0.6045286655426025,692,1482573285,3,2
147001,1920,2205015,282241920,23520,0.6625000238418579,128,147000,0.7165908813476562,1920,17,2,500000,1000,,147001.0,0.659375011920929,0.614879846572876,0.6625000238418579,0.6044268012046814,697,1482573285,3,2
148001,1920,2220015,284161920,23520,0.6625000238418579,128,148000,0.7212047576904297,1920,17,2,500000,1000,,148001.0,0.659375011920929,0.6148853302001953,0.6645833253860474,0.6044827699661255,702,1482573285,3,2
149001,1920,2235015,286081920,23520,0.6645833253860474,128,149000,0.7257606983184814,1920,17,2,500000,1000,,149001.0,0.6598958373069763,0.614883303642273,0.6604166626930237,0.6046053767204285,707,1482573285,3,2
150001,1920,2250015,288001920,23520,0.6604166626930237,128,150000,0.730414628982544,1920,17,2,500000,1000,,150001.0,0.6604166626930237,0.6148813962936401,0.6645833253860474,0.6043922305107117,712,1482573285,3,2
151001,1920,2265015,289921920,23520,0.6645833253860474,128,151000,0.7350857257843018,1920,17,2,500000,1000,,151001.0,0.659375011920929,0.6148779392242432,0.6625000238418579,0.6043275594711304,716,1482573285,3,2
152001,1920,2280015,291841920,23520,0.6625000238418579,128,152000,0.739738941192627,1920,17,2,500000,1000,,152001.0,0.660937488079071,0.6148808002471924,0.6645833253860474,0.6045065522193909,721,1482573285,3,2
153001,1920,2295015,293761920,23520,0.6645833253860474,128,153000,0.744542121887207,1920,17,2,500000,1000,,153001.0,0.6598958373069763,0.6148868799209595,0.6645833253860474,0.6048316955566406,726,1482573285,3,2
154001,1920,2310015,295681920,23520,0.6645833253860474,128,154000,0.749108076095581,1920,17,2,500000,1000,,154001.0,0.660937488079071,0.6148784756660461,0.6645833253860474,0.6045119166374207,731,1482573285,3,2
155001,1920,2325015,297601920,23520,0.6645833253860474,128,155000,0.7536559104919434,1920,17,2,500000,1000,,155001.0,0.6598958373069763,0.6148845553398132,0.6625000238418579,0.6045417189598083,735,1482573285,3,2
156001,1920,2340015,299521920,23520,0.6625000238418579,128,156000,0.7582359313964844,1920,17,2,500000,1000,,156001.0,0.660937488079071,0.6148772835731506,0.6625000238418579,0.6047899723052979,740,1482573285,3,2
157001,1920,2355015,301441920,23520,0.6625000238418579,128,157000,0.7628281116485596,1920,17,2,500000,1000,,157001.0,0.6604166626930237,0.6148832440376282,0.6604166626930237,0.6044455766677856,745,1482573285,3,2
158001,1920,2370015,303361920,23520,0.6604166626930237,128,158000,0.7675371170043945,1920,17,2,500000,1000,,158001.0,0.659375011920929,0.6148836612701416,0.6645833253860474,0.6044231057167053,749,1482573285,3,2
159001,1920,2385015,305281920,23520,0.6645833253860474,128,159000,0.7723281383514404,1920,17,2,500000,1000,,159001.0,0.6588541865348816,0.6148780584335327,0.6625000238418579,0.6043017506599426,754,1482573285,3,2
160001,1920,2400015,307201920,23520,0.6625000238418579,128,160000,0.7769391536712646,1920,17,2,500000,1000,,160001.0,0.660937488079071,0.6148807406425476,0.6604166626930237,0.6044976711273193,759,1482573285,3,2
161001,1920,2415015,309121920,23520,0.6604166626930237,128,161000,0.7815303802490234,1920,17,2,500000,1000,,161001.0,0.6604166626930237,0.6148834824562073,0.6604166626930237,0.6047846674919128,764,1482573285,3,2
162001,1920,2430015,311041920,23520,0.6604166626930237,128,162000,0.7861361503601074,1920,17,2,500000,1000,,162001.0,0.6588541865348816,0.6148760318756104,0.6645833253860474,0.6045716404914856,768,1482573285,3,2
163001,1920,2445015,312961920,23520,0.6645833253860474,128,163000,0.7908940315246582,1920,17,2,500000,1000,,163001.0,0.6614583134651184,0.614879846572876,0.6604166626930237,0.604793906211853,773,1482573285,3,2
164001,1920,2460015,314881920,23520,0.6604166626930237,128,164000,0.7954721450805664,1920,17,2,500000,1000,,164001.0,0.6604166626930237,0.6148808002471924,0.6604166626930237,0.6049646735191345,778,1482573285,3,2
165001,1920,2475015,316801920,23520,0.6604166626930237,128,165000,0.8000991344451904,1920,17,2,500000,1000,,165001.0,0.6614583134651184,0.6148790717124939,0.6645833253860474,0.6042529940605164,783,1482573285,3,2
166001,1920,2490015,318721920,23520,0.6645833253860474,128,166000,0.8046720027923584,1920,17,2,500000,1000,,166001.0,0.659375011920929,0.6148778796195984,0.6583333611488342,0.6044849157333374,787,1482573285,3,2
167001,1920,2505015,320641920,23520,0.6583333611488342,128,167000,0.8094761371612549,1920,17,2,500000,1000,,167001.0,0.660937488079071,0.6148812770843506,0.6604166626930237,0.6044040322303772,792,1482573285,3,2
168001,1920,2520015,322561920,23520,0.6604166626930237,128,168000,0.8142561912536621,1920,17,2,500000,1000,,168001.0,0.6604166626930237,0.6148769855499268,0.6583333611488342,0.6045964956283569,797,1482573285,3,2
169001,1920,2535015,324481920,23520,0.6583333611488342,128,169000,0.8199093341827393,1920,17,2,500000,1000,,169001.0,0.6614583134651184,0.6148769855499268,0.6604166626930237,0.6043168306350708,802,1482573285,3,2
170001,1920,2550015,326401920,23520,0.6604166626930237,128,170000,0.8250875473022461,1920,17,2,500000,1000,,170001.0,0.6614583134651184,0.6148764491081238,0.6645833253860474,0.6043857336044312,807,1482573285,3,2
171001,1920,2565015,328321920,23520,0.6645833253860474,128,171000,0.8300187587738037,1920,17,2,500000,1000,,171001.0,0.6598958373069763,0.6148790121078491,0.6645833253860474,0.6045246720314026,812,1482573285,3,2
172001,1920,2580015,330241920,23520,0.6645833253860474,128,172000,0.8345880508422852,1920,17,2,500000,1000,,172001.0,0.6604166626930237,0.6148786544799805,0.6625000238418579,0.6046674251556396,817,1482573285,3,2
173001,1920,2595015,332161920,23520,0.6625000238418579,128,173000,0.8393962383270264,1920,17,2,500000,1000,,173001.0,0.6598958373069763,0.6148809194564819,0.6604166626930237,0.6044427752494812,821,1482573285,3,2
174001,1920,2610015,334081920,23520,0.6604166626930237,128,174000,0.8440113067626953,1920,17,2,500000,1000,,174001.0,0.6598958373069763,0.614878237247467,0.6625000238418579,0.6047171354293823,826,1482573285,3,2
175001,1920,2625015,336001920,23520,0.6625000238418579,128,175000,0.8487823009490967,1920,17,2,500000,1000,,175001.0,0.6583333611488342,0.6148793697357178,0.6645833253860474,0.604734480381012,831,1482573285,3,2
176001,1920,2640015,337921920,23520,0.6645833253860474,128,176000,0.8533592224121094,1920,17,2,500000,1000,,176001.0,0.6604166626930237,0.6148785352706909,0.6604166626930237,0.6047918200492859,836,1482573285,3,2
177001,1920,2655015,339841920,23520,0.6604166626930237,128,177000,0.8580329418182373,1920,17,2,500000,1000,,177001.0,0.6614583134651184,0.6148809194564819,0.6583333611488342,0.6046953797340393,841,1482573285,3,2
178001,1920,2670015,341761920,23520,0.6583333611488342,128,178000,0.8626420497894287,1920,17,2,500000,1000,,178001.0,0.6604166626930237,0.6148808598518372,0.6541666388511658,0.6048091650009155,846,1482573285,3,2
179001,1920,2685015,343681920,23520,0.6541666388511658,128,179000,0.8674390316009521,1920,17,2,500000,1000,,179001.0,0.6604166626930237,0.6148822903633118,0.6583333611488342,0.6046100854873657,851,1482573285,3,2
180001,1920,2700015,345601920,23520,0.6583333611488342,128,180000,0.8723409175872803,1920,17,2,500000,1000,,180001.0,0.6598958373069763,0.6148797869682312,0.6583333611488342,0.6046776175498962,856,1482573285,3,2
181001,1920,2715015,347521920,23520,0.6583333611488342,128,181000,0.8773629665374756,1920,17,2,500000,1000,,181001.0,0.6598958373069763,0.6148818731307983,0.6625000238418579,0.6045554876327515,860,1482573285,3,2
182001,1920,2730015,349441920,23520,0.6625000238418579,128,182000,0.8820490837097168,1920,17,2,500000,1000,,182001.0,0.660937488079071,0.6148816347122192,0.6583333611488342,0.60442054271698,865,1482573285,3,2
183001,1920,2745015,351361920,23520,0.6583333611488342,128,183000,0.8866901397705078,1920,17,2,500000,1000,,183001.0,0.660937488079071,0.6148826479911804,0.6645833253860474,0.6047182679176331,870,1482573285,3,2
184001,1920,2760015,353281920,23520,0.6645833253860474,128,184000,0.891650915145874,1920,17,2,500000,1000,,184001.0,0.6614583134651184,0.6148814558982849,0.6625000238418579,0.6047998070716858,875,1482573285,3,2
185001,1920,2775015,355201920,23520,0.6625000238418579,128,185000,0.8966128826141357,1920,17,2,500000,1000,,185001.0,0.6604166626930237,0.6148790121078491,0.6604166626930237,0.6049409508705139,879,1482573285,3,2
186001,1920,2790015,357121920,23520,0.6604166626930237,128,186000,0.9011669158935547,1920,17,2,500000,1000,,186001.0,0.6604166626930237,0.6148812770843506,0.6604166626930237,0.604720413684845,884,1482573285,3,2
187001,1920,2805015,359041920,23520,0.6604166626930237,128,187000,0.9060678482055664,1920,17,2,500000,1000,,187001.0,0.659375011920929,0.614879310131073,0.65625,0.6044999957084656,889,1482573285,3,2
188001,1920,2820015,360961920,23520,0.65625,128,188000,0.91072678565979,1920,17,2,500000,1000,,188001.0,0.6598958373069763,0.6148818135261536,0.6625000238418579,0.6047719120979309,893,1482573285,3,2
189001,1920,2835015,362881920,23520,0.6625000238418579,128,189000,0.9153196811676025,1920,17,2,500000,1000,,189001.0,0.6588541865348816,0.6148778200149536,0.6645833253860474,0.6046640276908875,898,1482573285,3,2
190001,1920,2850015,364801920,23520,0.6645833253860474,128,190000,0.9199414253234863,1920,17,2,500000,1000,,190001.0,0.6598958373069763,0.6148801445960999,0.6604166626930237,0.6048083901405334,903,1482573285,3,2
191001,1920,2865015,366721920,23520,0.6604166626930237,128,191000,0.9255752563476562,1920,17,2,500000,1000,,191001.0,0.6604166626930237,0.6148782968521118,0.6583333611488342,0.6046682000160217,908,1482573285,3,2
192001,1920,2880015,368641920,23520,0.6583333611488342,128,192000,0.9303092956542969,1920,17,2,500000,1000,,192001.0,0.6604166626930237,0.6148802638053894,0.6583333611488342,0.6045690774917603,912,1482573285,3,2
193001,1920,2895015,370561920,23520,0.6583333611488342,128,193000,0.9350342750549316,1920,17,2,500000,1000,,193001.0,0.660937488079071,0.6148796677589417,0.6541666388511658,0.604669451713562,917,1482573285,3,2
194001,1920,2910015,372481920,23520,0.6541666388511658,128,194000,0.940399169921875,1920,17,2,500000,1000,,194001.0,0.6598958373069763,0.6148836016654968,0.6645833253860474,0.604489266872406,922,1482573285,3,2
195001,1920,2925015,374401920,23520,0.6645833253860474,128,195000,0.9453761577606201,1920,17,2,500000,1000,,195001.0,0.659375011920929,0.6148800253868103,0.6645833253860474,0.6043573021888733,927,1482573285,3,2
196001,1920,2940015,376321920,23520,0.6645833253860474,128,196000,0.9501149654388428,1920,17,2,500000,1000,,196001.0,0.6614583134651184,0.6148770451545715,0.6604166626930237,0.6046019196510315,931,1482573285,3,2
197001,1920,2955015,378241920,23520,0.6604166626930237,128,197000,0.9547328948974609,1920,17,2,500000,1000,,197001.0,0.6604166626930237,0.6148775219917297,0.6583333611488342,0.6049505472183228,936,1482573285,3,2
198001,1920,2970015,380161920,23520,0.6583333611488342,128,198000,0.9595508575439453,1920,17,2,500000,1000,,198001.0,0.6598958373069763,0.6148788928985596,0.6645833253860474,0.6044178009033203,941,1482573285,3,2
199001,1920,2985015,382081920,23520,0.6645833253860474,128,199000,0.9641168117523193,1920,17,2,500000,1000,,199001.0,0.6604166626930237,0.6148769855499268,0.6645833253860474,0.6045978665351868,946,1482573285,3,2
200001,1920,3000015,384001920,23520,0.6645833253860474,128,200000,0.9686706066131592,1920,17,2,500000,1000,,200001.0,0.660937488079071,0.6148803234100342,0.6604166626930237,0.6043898463249207,950,1482573285,3,2
201001,1920,3015015,385921920,23520,0.6604166626930237,128,201000,0.9732484817504883,1920,17,2,500000,1000,,201001.0,0.660937488079071,0.6148804426193237,0.6604166626930237,0.6044489741325378,955,1482573285,3,2
202001,1920,3030015,387841920,23520,0.6604166626930237,128,202000,0.9778053760528564,1920,17,2,500000,1000,,202001.0,0.659375011920929,0.6148830652236938,0.6625000238418579,0.6041457056999207,960,1482573285,3,2
203001,1920,3045015,389761920,23520,0.6625000238418579,128,203000,0.9823694229125977,1920,17,2,500000,1000,,203001.0,0.6614583134651184,0.6148841977119446,0.6666666865348816,0.6045077443122864,964,1482573285,3,2
204001,1920,3060015,391681920,23520,0.6666666865348816,128,204000,0.9869723320007324,1920,17,2,500000,1000,,204001.0,0.660937488079071,0.6148796081542969,0.6666666865348816,0.6044044494628906,969,1482573285,3,2
205001,1920,3075015,393601920,23520,0.6666666865348816,128,205000,0.9915411472320557,1920,17,2,500000,1000,,205001.0,0.659375011920929,0.6148805618286133,0.6645833253860474,0.6042129397392273,974,1482573285,3,2
206001,1920,3090015,395521920,23520,0.6645833253860474,128,206000,0.9963622093200684,1920,17,2,500000,1000,,206001.0,0.6598958373069763,0.6148818731307983,0.6645833253860474,0.6049555540084839,978,1482573285,3,2
207001,1920,3105015,397441920,23520,0.6645833253860474,128,207000,1.0009231567382812,1920,17,2,500000,1000,,207001.0,0.6604166626930237,0.6148807406425476,0.6604166626930237,0.6044951677322388,983,1482573285,3,2
208001,1920,3120015,399361920,23520,0.6604166626930237,128,208000,1.005866289138794,1920,17,2,500000,1000,,208001.0,0.6598958373069763,0.614880383014679,0.6583333611488342,0.604840874671936,988,1482573285,3,2
209001,1920,3135015,401281920,23520,0.6583333611488342,128,209000,1.0106453895568848,1920,17,2,500000,1000,,209001.0,0.6614583134651184,0.6148775219917297,0.6604166626930237,0.6047017574310303,993,1482573285,3,2
210001,1920,3150015,403201920,23520,0.6604166626930237,128,210000,1.0151963233947754,1920,17,2,500000,1000,,210001.0,0.6598958373069763,0.614881157875061,0.6583333611488342,0.6050991415977478,997,1482573285,3,2
211001,1920,3165015,405121920,23520,0.6583333611488342,128,211000,1.019761323928833,1920,17,2,500000,1000,,211001.0,0.6604166626930237,0.6148788332939148,0.6604166626930237,0.6046451330184937,1002,1482573285,3,2
212001,1920,3180015,407041920,23520,0.6604166626930237,128,212000,1.0243263244628906,1920,17,2,500000,1000,,212001.0,0.6604166626930237,0.6148778796195984,0.6583333611488342,0.6045286655426025,1007,1482573285,3,2
213001,1920,3195015,408961920,23520,0.6583333611488342,128,213000,1.028902530670166,1920,17,2,500000,1000,,213001.0,0.659375011920929,0.6148841977119446,0.6645833253860474,0.6049220561981201,1011,1482573285,3,2
214001,1920,3210015,410881920,23520,0.6645833253860474,128,214000,1.0334806442260742,1920,17,2,500000,1000,,214001.0,0.659375011920929,0.6148764491081238,0.6583333611488342,0.604572057723999,1016,1482573285,3,2
215001,1920,3225015,412801920,23520,0.6583333611488342,128,215000,1.0381536483764648,1920,17,2,500000,1000,,215001.0,0.6604166626930237,0.6148824095726013,0.668749988079071,0.6046940088272095,1021,1482573285,3,2
216001,1920,3240015,414721920,23520,0.668749988079071,128,216000,1.042924404144287,1920,17,2,500000,1000,,216001.0,0.660937488079071,0.614879846572876,0.6625000238418579,0.6043598651885986,1025,1482573285,3,2
217001,1920,3255015,416641920,23520,0.6625000238418579,128,217000,1.0475103855133057,1920,17,2,500000,1000,,217001.0,0.6604166626930237,0.6148777008056641,0.6604166626930237,0.6046357750892639,1030,1482573285,3,2
218001,1920,3270015,418561920,23520,0.6604166626930237,128,218000,1.0520782470703125,1920,17,2,500000,1000,,218001.0,0.659375011920929,0.6148807406425476,0.6625000238418579,0.6048204898834229,1035,1482573285,3,2
219001,1920,3285015,420481920,23520,0.6625000238418579,128,219000,1.0568060874938965,1920,17,2,500000,1000,,219001.0,0.659375011920929,0.6148755550384521,0.6666666865348816,0.6043803095817566,1040,1482573285,3,2
220001,1920,3300015,422401920,23520,0.6666666865348816,128,220000,1.0619852542877197,1920,17,2,500000,1000,,220001.0,0.660937488079071,0.6148813366889954,0.6604166626930237,0.6045212149620056,1044,1482573285,3,2
221001,1920,3315015,424321920,23520,0.6604166626930237,128,221000,1.0665662288665771,1920,17,2,500000,1000,,221001.0,0.659375011920929,0.6148773431777954,0.6645833253860474,0.6046058535575867,1049,1482573285,3,2
222001,1920,3330015,426241920,23520,0.6645833253860474,128,222000,1.0714633464813232,1920,17,2,500000,1000,,222001.0,0.660937488079071,0.6148823499679565,0.6604166626930237,0.6049374938011169,1054,1482573285,3,2
223001,1920,3345015,428161920,23520,0.6604166626930237,128,223000,1.0760464668273926,1920,17,2,500000,1000,,223001.0,0.660937488079071,0.6148780584335327,0.6645833253860474,0.6045957803726196,1058,1482573285,3,2
224001,1920,3360015,430081920,23520,0.6645833253860474,128,224000,1.0806195735931396,1920,17,2,500000,1000,,224001.0,0.660937488079071,0.61487877368927,0.6625000238418579,0.6046409010887146,1063,1482573285,3,2
225001,1920,3375015,432001920,23520,0.6625000238418579,128,225000,1.085378646850586,1920,17,2,500000,1000,,225001.0,0.6604166626930237,0.6148789525032043,0.6583333611488342,0.6045124530792236,1068,1482573285,3,2
226001,1920,3390015,433921920,23520,0.6583333611488342,128,226000,1.0901093482971191,1920,17,2,500000,1000,,226001.0,0.660937488079071,0.6148796081542969,0.6583333611488342,0.6045278310775757,1073,1482573285,3,2
227001,1920,3405015,435841920,23520,0.6583333611488342,128,227000,1.0946874618530273,1920,17,2,500000,1000,,227001.0,0.6604166626930237,0.6148836016654968,0.6645833253860474,0.6045428514480591,1077,1482573285,3,2
228001,1920,3420015,437761920,23520,0.6645833253860474,128,228000,1.0995283126831055,1920,17,2,500000,1000,,228001.0,0.660937488079071,0.6148834228515625,0.65625,0.6043422818183899,1082,1482573285,3,2
229001,1920,3435015,439681920,23520,0.65625,128,229000,1.104109287261963,1920,17,2,500000,1000,,229001.0,0.6619791388511658,0.6148770451545715,0.6666666865348816,0.6046663522720337,1087,1482573285,3,2
230001,1920,3450015,441601920,23520,0.6666666865348816,128,230000,1.1089460849761963,1920,17,2,500000,1000,,230001.0,0.6619791388511658,0.6148775815963745,0.6625000238418579,0.6044958233833313,1092,1482573285,3,2
231001,1920,3465015,443521920,23520,0.6625000238418579,128,231000,1.1135520935058594,1920,17,2,500000,1000,,231001.0,0.6614583134651184,0.614884078502655,0.6604166626930237,0.6046552062034607,1096,1482573285,3,2
232001,1920,3480015,445441920,23520,0.6604166626930237,128,232000,1.1185288429260254,1920,17,2,500000,1000,,232001.0,0.6614583134651184,0.6148762106895447,0.6625000238418579,0.6042274236679077,1101,1482573285,3,2
233001,1920,3495015,447361920,23520,0.6625000238418579,128,233000,1.123094081878662,1920,17,2,500000,1000,,233001.0,0.6604166626930237,0.6148778796195984,0.6666666865348816,0.6042736768722534,1106,1482573285,3,2
234001,1920,3510015,449281920,23520,0.6666666865348816,128,234000,1.1278679370880127,1920,17,2,500000,1000,,234001.0,0.6604166626930237,0.6148799657821655,0.6604166626930237,0.6044827103614807,1111,1482573285,3,2
235001,1920,3525015,451201920,23520,0.6604166626930237,128,235000,1.1338026523590088,1920,17,2,500000,1000,,235001.0,0.6583333611488342,0.6148779392242432,0.6708333492279053,0.6047637462615967,1116,1482573285,3,2
236001,1920,3540015,453121920,23520,0.6708333492279053,128,236000,1.138746738433838,1920,17,2,500000,1000,,236001.0,0.6588541865348816,0.6148787140846252,0.6645833253860474,0.6047069430351257,1121,1482573285,3,2
237001,1920,3555015,455041920,23520,0.6645833253860474,128,237000,1.143479824066162,1920,17,2,500000,1000,,237001.0,0.6604166626930237,0.6148780584335327,0.6604166626930237,0.6046114563941956,1126,1482573285,3,2
238001,1920,3570015,456961920,23520,0.6604166626930237,128,238000,1.148256778717041,1920,17,2,500000,1000,,238001.0,0.6598958373069763,0.6148843169212341,0.6583333611488342,0.6044775247573853,1130,1482573285,3,2
239001,1920,3585015,458881920,23520,0.6583333611488342,128,239000,1.1528549194335938,1920,17,2,500000,1000,,239001.0,0.660937488079071,0.6148844361305237,0.6604166626930237,0.6048189401626587,1135,1482573285,3,2
240001,1920,3600015,460801920,23520,0.6604166626930237,128,240000,1.1579527854919434,1920,17,2,500000,1000,,240001.0,0.6604166626930237,0.6148812174797058,0.65625,0.6047801971435547,1140,1482573285,3,2
241001,1920,3615015,462721920,23520,0.65625,128,241000,1.1625308990478516,1920,17,2,500000,1000,,241001.0,0.6604166626930237,0.6148775815963745,0.6583333611488342,0.604897141456604,1144,1482573285,3,2
242001,1920,3630015,464641920,23520,0.6583333611488342,128,242000,1.167198657989502,1920,17,2,500000,1000,,242001.0,0.6598958373069763,0.6148809194564819,0.6666666865348816,0.6045457124710083,1149,1482573285,3,2
243001,1920,3645015,466561920,23520,0.6666666865348816,128,243000,1.1717824935913086,1920,17,2,500000,1000,,243001.0,0.6604166626930237,0.614880383014679,0.6625000238418579,0.6044806838035583,1154,1482573285,3,2
244001,1920,3660015,468481920,23520,0.6625000238418579,128,244000,1.1763427257537842,1920,17,2,500000,1000,,244001.0,0.659375011920929,0.6148805022239685,0.6625000238418579,0.604686439037323,1159,1482573285,3,2
245001,1920,3675015,470401920,23520,0.6625000238418579,128,245000,1.1809825897216797,1920,17,2,500000,1000,,245001.0,0.660937488079071,0.6148773431777954,0.6625000238418579,0.6045713424682617,1164,1482573285,3,2
246001,1920,3690015,472321920,23520,0.6625000238418579,128,246000,1.1899075508117676,1920,17,2,500000,1000,,246001.0,0.6614583134651184,0.6148804426193237,0.65625,0.6044973731040955,1168,1482573285,3,2
247001,1920,3705015,474241920,23520,0.65625,128,247000,1.1943814754486084,1920,17,2,500000,1000,,247001.0,0.6614583134651184,0.6148812770843506,0.6645833253860474,0.6044938564300537,1173,1482573285,3,2
248001,1920,3720015,476161920,23520,0.6645833253860474,128,248000,1.2001795768737793,1920,17,2,500000,1000,,248001.0,0.6604166626930237,0.6148783564567566,0.6625000238418579,0.6044310331344604,1178,1482573285,3,2
249001,1920,3735015,478081920,23520,0.6625000238418579,128,249000,1.2046606540679932,1920,17,2,500000,1000,,249001.0,0.6614583134651184,0.614882230758667,0.6604166626930237,0.6046205759048462,1182,1482573285,3,2
250001,1920,3750015,480001920,23520,0.6604166626930237,128,250000,1.2100224494934082,1920,17,2,500000,1000,,250001.0,0.6614583134651184,0.6148794889450073,0.6604166626930237,0.6042083501815796,1187,1482573285,3,2
251001,1920,3765015,481921920,23520,0.6604166626930237,128,251000,1.2145204544067383,1920,17,2,500000,1000,,251001.0,0.6588541865348816,0.6148780584335327,0.6666666865348816,0.6044551730155945,1193,1482573285,3,2
252001,1920,3780015,483841920,23520,0.6666666865348816,128,252000,1.219029426574707,1920,17,2,500000,1000,,252001.0,0.659375011920929,0.6148804426193237,0.6625000238418579,0.6043224930763245,1197,1482573285,3,2
253001,1920,3795015,485761920,23520,0.6625000238418579,128,253000,1.2235326766967773,1920,17,2,500000,1000,,253001.0,0.6588541865348816,0.6148822903633118,0.6604166626930237,0.6044058203697205,1202,1482573285,3,2
254001,1920,3810015,487681920,23520,0.6604166626930237,128,254000,1.2280216217041016,1920,17,2,500000,1000,,254001.0,0.660937488079071,0.6148827075958252,0.6666666865348816,0.6043687462806702,1207,1482573285,3,2
255001,1920,3825015,489601920,23520,0.6666666865348816,128,255000,1.2325398921966553,1920,17,2,500000,1000,,255001.0,0.6588541865348816,0.614879310131073,0.6645833253860474,0.6044589877128601,1211,1482573285,3,2
256001,1920,3840015,491521920,23520,0.6645833253860474,128,256000,1.2370069026947021,1920,17,2,500000,1000,,256001.0,0.660937488079071,0.6148743033409119,0.6604166626930237,0.6047181487083435,1216,1482573285,3,2
257001,1920,3855015,493441920,23520,0.6604166626930237,128,257000,1.2415006160736084,1920,17,2,500000,1000,,257001.0,0.6604166626930237,0.6148819327354431,0.6645833253860474,0.6048600673675537,1221,1482573285,3,2
258001,1920,3870015,495361920,23520,0.6645833253860474,128,258000,1.246262788772583,1920,17,2,500000,1000,,258001.0,0.6630208492279053,0.6148850917816162,0.65625,0.6052311658859253,1225,1482573285,3,2
259001,1920,3885015,497281920,23520,0.65625,128,259000,1.2507567405700684,1920,17,2,500000,1000,,259001.0,0.659375011920929,0.6148797273635864,0.6645833253860474,0.6047817468643188,1230,1482573285,3,2
260001,1920,3900015,499201920,23520,0.6645833253860474,128,260000,1.255516767501831,1920,17,2,500000,1000,,260001.0,0.6604166626930237,0.6148806214332581,0.6645833253860474,0.604820966720581,1235,1482573285,3,2
261001,1920,3915015,501121920,23520,0.6645833253860474,128,261000,1.2601847648620605,1920,17,2,500000,1000,,261001.0,0.660937488079071,0.6148789525032043,0.6604166626930237,0.6046769618988037,1240,1482573285,3,2
262001,1920,3930015,503041920,23520,0.6604166626930237,128,262000,1.264678955078125,1920,17,2,500000,1000,,262001.0,0.6598958373069763,0.6148777008056641,0.6625000238418579,0.6045293211936951,1244,1482573285,3,2
263001,1920,3945015,504961920,23520,0.6625000238418579,128,263000,1.2691709995269775,1920,17,2,500000,1000,,263001.0,0.6614583134651184,0.6148786544799805,0.6604166626930237,0.6044470071792603,1249,1482573285,3,2
264001,1920,3960015,506881920,23520,0.6604166626930237,128,264000,1.273658037185669,1920,17,2,500000,1000,,264001.0,0.6604166626930237,0.6148761510848999,0.6583333611488342,0.6046644449234009,1254,1482573285,3,2
265001,1920,3975015,508801920,23520,0.6583333611488342,128,265000,1.2781450748443604,1920,17,2,500000,1000,,265001.0,0.6588541865348816,0.6148850321769714,0.6604166626930237,0.6047565937042236,1258,1482573285,3,2
266001,1920,3990015,510721920,23520,0.6604166626930237,128,266000,1.2826099395751953,1920,17,2,500000,1000,,266001.0,0.6598958373069763,0.6148791909217834,0.6645833253860474,0.6045576930046082,1263,1482573285,3,2
267001,1920,4005015,512641920,23520,0.6645833253860474,128,267000,1.287071943283081,1920,17,2,500000,1000,,267001.0,0.6614583134651184,0.6148813962936401,0.6625000238418579,0.604404628276825,1268,1482573285,3,2
268001,1920,4020015,514561920,23520,0.6625000238418579,128,268000,1.2915499210357666,1920,17,2,500000,1000,,268001.0,0.660937488079071,0.6148828864097595,0.6625000238418579,0.6043407320976257,1273,1482573285,3,2
269001,1920,4035015,516481920,23520,0.6625000238418579,128,269000,1.296416997909546,1920,17,2,500000,1000,,269001.0,0.659375011920929,0.6148812174797058,0.6645833253860474,0.6043550968170166,1277,1482573285,3,2
270001,1920,4050015,518401920,23520,0.6645833253860474,128,270000,1.300917148590088,1920,17,2,500000,1000,,270001.0,0.6583333611488342,0.6148813366889954,0.6666666865348816,0.6044018268585205,1282,1482573285,3,2
271001,1920,4065015,520321920,23520,0.6666666865348816,128,271000,1.3053882122039795,1920,17,2,500000,1000,,271001.0,0.6604166626930237,0.6148762106895447,0.6625000238418579,0.6047641038894653,1287,1482573285,3,2
272001,1920,4080015,522241920,23520,0.6625000238418579,128,272000,1.3143212795257568,1920,17,2,500000,1000,,272001.0,0.6614583134651184,0.6148755550384521,0.6604166626930237,0.604686975479126,1292,1482573285,3,2
273001,1920,4095015,524161920,23520,0.6604166626930237,128,273000,1.3194172382354736,1920,17,2,500000,1000,,273001.0,0.6598958373069763,0.614880383014679,0.6604166626930237,0.6044577956199646,1297,1482573285,3,2
274001,1920,4110015,526081920,23520,0.6604166626930237,128,274000,1.3240940570831299,1920,17,2,500000,1000,,274001.0,0.659375011920929,0.6148812770843506,0.6541666388511658,0.6048773527145386,1302,1482573285,3,2
275001,1920,4125015,528001920,23520,0.6541666388511658,128,275000,1.3295531272888184,1920,17,2,500000,1000,,275001.0,0.6598958373069763,0.6148796081542969,0.6645833253860474,0.6045541763305664,1308,1482573285,3,2
276001,1920,4140015,529921920,23520,0.6645833253860474,128,276000,1.334334135055542,1920,17,2,500000,1000,,276001.0,0.6604166626930237,0.614885151386261,0.6645833253860474,0.6043527722358704,1315,1482573285,3,2
277001,1920,4155015,531841920,23520,0.6645833253860474,128,277000,1.3393664360046387,1920,17,2,500000,1000,,277001.0,0.6604166626930237,0.6148806214332581,0.6583333611488342,0.6045364737510681,1322,1482573285,3,2
278001,1920,4170015,533761920,23520,0.6583333611488342,128,278000,1.3438873291015625,1920,17,2,500000,1000,,278001.0,0.6604166626930237,0.6148777008056641,0.65625,0.6045576930046082,1327,1482573285,3,2
279001,1920,4185015,535681920,23520,0.65625,128,279000,1.3484141826629639,1920,17,2,500000,1000,,279001.0,0.659375011920929,0.6148790717124939,0.6604166626930237,0.6045206189155579,1331,1482573285,3,2
280001,1920,4200015,537601920,23520,0.6604166626930237,128,280000,1.3529052734375,1920,17,2,500000,1000,,280001.0,0.6598958373069763,0.6148828268051147,0.6645833253860474,0.6044930815696716,1336,1482573285,3,2
281001,1920,4215015,539521920,23520,0.6645833253860474,128,281000,1.3579010963439941,1920,17,2,500000,1000,,281001.0,0.660937488079071,0.6148766875267029,0.6645833253860474,0.6047643423080444,1341,1482573285,3,2
282001,1920,4230015,541441920,23520,0.6645833253860474,128,282000,1.3624062538146973,1920,17,2,500000,1000,,282001.0,0.660937488079071,0.6148824691772461,0.6625000238418579,0.6048510074615479,1346,1482573285,3,2
283001,1920,4245015,543361920,23520,0.6625000238418579,128,283000,1.366941213607788,1920,17,2,500000,1000,,283001.0,0.6598958373069763,0.6148778200149536,0.6625000238418579,0.6047640442848206,1351,1482573285,3,2
284001,1920,4260015,545281920,23520,0.6625000238418579,128,284000,1.3714792728424072,1920,17,2,500000,1000,,284001.0,0.6604166626930237,0.6148779392242432,0.6583333611488342,0.6046704053878784,1355,1482573285,3,2
285001,1920,4275015,547201920,23520,0.6583333611488342,128,285000,1.3770112991333008,1920,17,2,500000,1000,,285001.0,0.6598958373069763,0.614882230758667,0.6625000238418579,0.6043142676353455,1360,1482573285,3,2
286001,1920,4290015,549121920,23520,0.6625000238418579,128,286000,1.3815433979034424,1920,17,2,500000,1000,,286001.0,0.6614583134651184,0.6148774027824402,0.6645833253860474,0.6046216487884521,1365,1482573285,3,2
287001,1920,4305015,551041920,23520,0.6645833253860474,128,287000,1.3860721588134766,1920,17,2,500000,1000,,287001.0,0.659375011920929,0.6148778200149536,0.6604166626930237,0.6047446131706238,1370,1482573285,3,2
288001,1920,4320015,552961920,23520,0.6604166626930237,128,288000,1.392179250717163,1920,17,2,500000,1000,,288001.0,0.659375011920929,0.614879846572876,0.6645833253860474,0.6048950552940369,1375,1482573285,3,2
289001,1920,4335015,554881920,23520,0.6645833253860474,128,289000,1.3967020511627197,1920,17,2,500000,1000,,289001.0,0.6598958373069763,0.6148785948753357,0.6645833253860474,0.6043517589569092,1379,1482573285,3,2
290001,1920,4350015,556801920,23520,0.6645833253860474,128,290000,1.4014732837677002,1920,17,2,500000,1000,,290001.0,0.6604166626930237,0.6148821115493774,0.6604166626930237,0.6042153835296631,1384,1482573285,3,2
291001,1920,4365015,558721920,23520,0.6604166626930237,128,291000,1.4059984683990479,1920,17,2,500000,1000,,291001.0,0.659375011920929,0.6148780584335327,0.6583333611488342,0.6048099398612976,1389,1482573285,3,2
292001,1920,4380015,560641920,23520,0.6583333611488342,128,292000,1.4105195999145508,1920,17,2,500000,1000,,292001.0,0.6604166626930237,0.614881694316864,0.6583333611488342,0.6045457720756531,1394,1482573285,3,2
293001,1920,4395015,562561920,23520,0.6583333611488342,128,293000,1.4150307178497314,1920,17,2,500000,1000,,293001.0,0.660937488079071,0.6148771047592163,0.6625000238418579,0.6046806573867798,1398,1482573285,3,2
294001,1920,4410015,564481920,23520,0.6625000238418579,128,294000,1.4195325374603271,1920,17,2,500000,1000,,294001.0,0.660937488079071,0.6148850321769714,0.6625000238418579,0.604265034198761,1403,1482573285,3,2
295001,1920,4425015,566401920,23520,0.6625000238418579,128,295000,1.4239935874938965,1920,17,2,500000,1000,,295001.0,0.6598958373069763,0.614879310131073,0.6604166626930237,0.6046915650367737,1408,1482573285,3,2
296001,1920,4440015,568321920,23520,0.6604166626930237,128,296000,1.428450584411621,1920,17,2,500000,1000,,296001.0,0.6604166626930237,0.6148817539215088,0.6645833253860474,0.6043679118156433,1413,1482573285,3,2
297001,1920,4455015,570241920,23520,0.6645833253860474,128,297000,1.4332225322723389,1920,17,2,500000,1000,,297001.0,0.659375011920929,0.6148788928985596,0.6604166626930237,0.6049124598503113,1419,1482573285,3,2
298001,1920,4470015,572161920,23520,0.6604166626930237,128,298000,1.4381146430969238,1920,17,2,500000,1000,,298001.0,0.660937488079071,0.6148806214332581,0.6666666865348816,0.6044579744338989,1424,1482573285,3,2
299001,1920,4485015,574081920,23520,0.6666666865348816,128,299000,1.4442250728607178,1920,17,2,500000,1000,,299001.0,0.660937488079071,0.6148775219917297,0.6625000238418579,0.6045809388160706,1429,1482573285,3,2
300001,1920,4500015,576001920,23520,0.6625000238418579,128,300000,1.4487338066101074,1920,17,2,500000,1000,,300001.0,0.659375011920929,0.6148766875267029,0.6604166626930237,0.6046828031539917,1433,1482573285,3,2
301001,1920,4515015,577921920,23520,0.6604166626930237,128,301000,1.4532835483551025,1920,17,2,500000,1000,,301001.0,0.659375011920929,0.6148797273635864,0.6625000238418579,0.60468590259552,1438,1482573285,3,2
302001,1920,4530015,579841920,23520,0.6625000238418579,128,302000,1.4577603340148926,1920,17,2,500000,1000,,302001.0,0.659375011920929,0.614877462387085,0.6604166626930237,0.604627788066864,1443,1482573285,3,2
303001,1920,4545015,581761920,23520,0.6604166626930237,128,303000,1.462245225906372,1920,17,2,500000,1000,,303001.0,0.6598958373069763,0.6148789525032043,0.6604166626930237,0.6044117212295532,1448,1482573285,3,2
304001,1920,4560015,583681920,23520,0.6604166626930237,128,304000,1.4667232036590576,1920,17,2,500000,1000,,304001.0,0.6604166626930237,0.6148794889450073,0.6666666865348816,0.6045611500740051,1452,1482573285,3,2
305001,1920,4575015,585601920,23520,0.6666666865348816,128,305000,1.4712514877319336,1920,17,2,500000,1000,,305001.0,0.660937488079071,0.6148804426193237,0.6604166626930237,0.6044058203697205,1457,1482573285,3,2
306001,1920,4590015,587521920,23520,0.6604166626930237,128,306000,1.4757614135742188,1920,17,2,500000,1000,,306001.0,0.6604166626930237,0.6148768067359924,0.6645833253860474,0.6045277118682861,1462,1482573285,3,2
307001,1920,4605015,589441920,23520,0.6645833253860474,128,307000,1.4802663326263428,1920,17,2,500000,1000,,307001.0,0.6604166626930237,0.6148782968521118,0.6666666865348816,0.6046512126922607,1467,1482573285,3,2
308001,1920,4620015,591361920,23520,0.6666666865348816,128,308000,1.4847846031188965,1920,17,2,500000,1000,,308001.0,0.6604166626930237,0.6148821115493774,0.6625000238418579,0.6042875051498413,1472,1482573285,3,2
309001,1920,4635015,593281920,23520,0.6625000238418579,128,309000,1.4892597198486328,1920,17,2,500000,1000,,309001.0,0.660937488079071,0.6148779392242432,0.6625000238418579,0.6047466397285461,1476,1482573285,3,2
310001,1920,4650015,595201920,23520,0.6625000238418579,128,310000,1.497802734375,1920,17,2,500000,1000,,310001.0,0.659375011920929,0.6148769855499268,0.6583333611488342,0.6046003699302673,1481,1482573285,3,2
311001,1920,4665015,597121920,23520,0.6583333611488342,128,311000,1.504727840423584,1920,17,2,500000,1000,,311001.0,0.6604166626930237,0.614876925945282,0.6604166626930237,0.6047002077102661,1488,1482573285,3,2
312001,1920,4680015,599041920,23520,0.6604166626930237,128,312000,1.5112128257751465,1920,17,2,500000,1000,,312001.0,0.659375011920929,0.6148755550384521,0.6645833253860474,0.6044929623603821,1495,1482573285,3,2
313001,1920,4695015,600961920,23520,0.6645833253860474,128,313000,1.5177249908447266,1920,17,2,500000,1000,,313001.0,0.6598958373069763,0.6148794293403625,0.6604166626930237,0.6046914458274841,1502,1482573285,3,2
314001,1920,4710015,602881920,23520,0.6604166626930237,128,314000,1.5236849784851074,1920,17,2,500000,1000,,314001.0,0.6604166626930237,0.6148806810379028,0.6583333611488342,0.6044129133224487,1509,1482573285,3,2
315001,1920,4725015,604801920,23520,0.6583333611488342,128,315000,1.532139778137207,1920,17,2,500000,1000,,315001.0,0.659375011920929,0.6148820519447327,0.6645833253860474,0.6043047308921814,1517,1482573285,3,2
316001,1920,4740015,606721920,23520,0.6645833253860474,128,316000,1.5388767719268799,1920,17,2,500000,1000,,316001.0,0.6598958373069763,0.6148789525032043,0.6666666865348816,0.604584276676178,1524,1482573285,3,2
317001,1920,4755015,608641920,23520,0.6666666865348816,128,317000,1.547804594039917,1920,17,2,500000,1000,,317001.0,0.6614583134651184,0.6148771643638611,0.6583333611488342,0.6044862270355225,1531,1482573285,3,2
318001,1920,4770015,610561920,23520,0.6583333611488342,128,318000,1.5541794300079346,1920,17,2,500000,1000,,318001.0,0.6604166626930237,0.6148778200149536,0.6541666388511658,0.604810357093811,1539,1482573285,3,2
319001,1920,4785015,612481920,23520,0.6541666388511658,128,319000,1.5606334209442139,1920,17,2,500000,1000,,319001.0,0.6604166626930237,0.6148784756660461,0.6604166626930237,0.6049340963363647,1546,1482573285,3,2
320001,1920,4800015,614401920,23520,0.6604166626930237,128,320000,1.5684106349945068,1920,17,2,500000,1000,,320001.0,0.6604166626930237,0.6148830652236938,0.6666666865348816,0.6042572259902954,1553,1482573285,3,2
321001,1920,4815015,616321920,23520,0.6666666865348816,128,321000,1.5769617557525635,1920,17,2,500000,1000,,321001.0,0.6604166626930237,0.6148816347122192,0.6645833253860474,0.6042820811271667,1560,1482573285,3,2
322001,1920,4830015,618241920,23520,0.6645833253860474,128,322000,1.5834126472473145,1920,17,2,500000,1000,,322001.0,0.6604166626930237,0.6148822903633118,0.6645833253860474,0.6044529676437378,1567,1482573285,3,2
323001,1920,4845015,620161920,23520,0.6645833253860474,128,323000,1.589653730392456,1920,17,2,500000,1000,,323001.0,0.6598958373069763,0.6148797273635864,0.6645833253860474,0.6045969128608704,1574,1482573285,3,2
324001,1920,4860015,622081920,23520,0.6645833253860474,128,324000,1.5967397689819336,1920,17,2,500000,1000,,324001.0,0.6588541865348816,0.6148785352706909,0.6666666865348816,0.6046361327171326,1581,1482573285,3,2
325001,1920,4875015,624001920,23520,0.6666666865348816,128,325000,1.6033966541290283,1920,17,2,500000,1000,,325001.0,0.6588541865348816,0.6148751974105835,0.6625000238418579,0.6047156453132629,1588,1482573285,3,2
326001,1920,4890015,625921920,23520,0.6625000238418579,128,326000,1.6112377643585205,1920,17,2,500000,1000,,326001.0,0.660937488079071,0.6148775219917297,0.65625,0.6045598983764648,1595,1482573285,3,2
327001,1920,4905015,627841920,23520,0.65625,128,327000,1.6199400424957275,1920,17,2,500000,1000,,327001.0,0.6604166626930237,0.6148770451545715,0.6645833253860474,0.6042419672012329,1604,1482573285,3,2
328001,1920,4920015,629761920,23520,0.6645833253860474,128,328000,1.628324031829834,1920,17,2,500000,1000,,328001.0,0.6588541865348816,0.6148826479911804,0.6625000238418579,0.6044403314590454,1611,1482573285,3,2
329001,1920,4935015,631681920,23520,0.6625000238418579,128,329000,1.6475539207458496,1920,17,2,500000,1000,,329001.0,0.6604166626930237,0.6148773431777954,0.6604166626930237,0.6046007871627808,1619,1482573285,3,2
330001,1920,4950015,633601920,23520,0.6604166626930237,128,330000,1.6564240455627441,1920,17,2,500000,1000,,330001.0,0.6614583134651184,0.6148764491081238,0.65625,0.60445237159729,1628,1482573285,3,2
331001,1920,4965015,635521920,23520,0.65625,128,331000,1.6645410060882568,1920,17,2,500000,1000,,331001.0,0.660937488079071,0.6148768067359924,0.6604166626930237,0.6044895648956299,1636,1482573285,3,2
332001,1920,4980015,637441920,23520,0.6604166626930237,128,332000,1.6731007099151611,1920,17,2,500000,1000,,332001.0,0.6598958373069763,0.6148777008056641,0.6541666388511658,0.6048973798751831,1644,1482573285,3,2
333001,1920,4995015,639361920,23520,0.6541666388511658,128,333000,1.681222677230835,1920,17,2,500000,1000,,333001.0,0.6588541865348816,0.6148788928985596,0.6604166626930237,0.6046098470687866,1651,1482573285,3,2
334001,1920,5010015,641281920,23520,0.6604166626930237,128,334000,1.6885545253753662,1920,17,2,500000,1000,,334001.0,0.659375011920929,0.6148855686187744,0.65625,0.6046597957611084,1659,1482573285,3,2
335001,1920,5025015,643201920,23520,0.65625,128,335000,1.6945257186889648,1920,17,2,500000,1000,,335001.0,0.6588541865348816,0.6148768067359924,0.6666666865348816,0.6045454144477844,1667,1482573285,3,2
336001,1920,5040015,645121920,23520,0.6666666865348816,128,336000,1.6994268894195557,1920,17,2,500000,1000,,336001.0,0.660937488079071,0.6148826479911804,0.6645833253860474,0.604636549949646,1674,1482573285,3,2
337001,1920,5055015,647041920,23520,0.6645833253860474,128,337000,1.7048349380493164,1920,17,2,500000,1000,,337001.0,0.6598958373069763,0.6148787140846252,0.6583333611488342,0.6049303412437439,1685,1482573285,3,2
338001,1920,5070015,648961920,23520,0.6583333611488342,128,338000,1.7093608379364014,1920,17,2,500000,1000,,338001.0,0.6598958373069763,0.6148777008056641,0.6625000238418579,0.6046257615089417,1691,1482573285,3,2
339001,1920,5085015,650881920,23520,0.6625000238418579,128,339000,1.7146286964416504,1920,17,2,500000,1000,,339001.0,0.6604166626930237,0.6148797869682312,0.6666666865348816,0.6048520803451538,1696,1482573285,3,2
340001,1920,5100015,652801920,23520,0.6666666865348816,128,340000,1.71950364112854,1920,17,2,500000,1000,,340001.0,0.6598958373069763,0.6148784756660461,0.6625000238418579,0.6044520735740662,1701,1482573285,3,2
341001,1920,5115015,654721920,23520,0.6625000238418579,128,341000,1.7243785858154297,1920,17,2,500000,1000,,341001.0,0.6604166626930237,0.6148774027824402,0.6604166626930237,0.6044902205467224,1707,1482573285,3,2
342001,1920,5130015,656641920,23520,0.6604166626930237,128,342000,1.7292776107788086,1920,17,2,500000,1000,,342001.0,0.6598958373069763,0.6148774027824402,0.6625000238418579,0.604545533657074,1713,1482573285,3,2
343001,1920,5145015,658561920,23520,0.6625000238418579,128,343000,1.7341606616973877,1920,17,2,500000,1000,,343001.0,0.6598958373069763,0.6148839592933655,0.6645833253860474,0.6042846441268921,1718,1482573285,3,2
344001,1920,5160015,660481920,23520,0.6645833253860474,128,344000,1.7391548156738281,1920,17,2,500000,1000,,344001.0,0.659375011920929,0.6148760914802551,0.6583333611488342,0.6046741008758545,1723,1482573285,3,2
345001,1920,5175015,662401920,23520,0.6583333611488342,128,345000,1.7440509796142578,1920,17,2,500000,1000,,345001.0,0.659375011920929,0.6148807406425476,0.6625000238418579,0.6047425866127014,1728,1482573285,3,2
346001,1920,5190015,664321920,23520,0.6625000238418579,128,346000,1.7518401145935059,1920,17,2,500000,1000,,346001.0,0.6578124761581421,0.6148830652236938,0.6645833253860474,0.6052491068840027,1735,1482573285,3,2
347001,1920,5205015,666241920,23520,0.6645833253860474,128,347000,1.7586629390716553,1920,17,2,500000,1000,,347001.0,0.6604166626930237,0.6148810982704163,0.6604166626930237,0.6047901511192322,1743,1482573285,3,2
348001,1920,5220015,668161920,23520,0.6604166626930237,128,348000,1.7668719291687012,1920,17,2,500000,1000,,348001.0,0.6604166626930237,0.6148815751075745,0.6604166626930237,0.6044838428497314,1751,1482573285,3,2
349001,1920,5235015,670081920,23520,0.6604166626930237,128,349000,1.774634838104248,1920,17,2,500000,1000,,349001.0,0.660937488079071,0.614882230758667,0.6604166626930237,0.6043624877929688,1758,1482573285,3,2
350001,1920,5250015,672001920,23520,0.6604166626930237,128,350000,1.789158821105957,1920,17,2,500000,1000,,350001.0,0.6614583134651184,0.6148788928985596,0.6604166626930237,0.604549765586853,1766,1482573285,3,2
351001,1920,5265015,673921920,23520,0.6604166626930237,128,351000,1.796463966369629,1920,17,2,500000,1000,,351001.0,0.6614583134651184,0.61488276720047,0.6604166626930237,0.6043013334274292,1774,1482573285,3,2
352001,1920,5280015,675841920,23520,0.6604166626930237,128,352000,1.8040771484375,1920,17,2,500000,1000,,352001.0,0.6598958373069763,0.6148802638053894,0.6604166626930237,0.6047936677932739,1782,1482573285,3,2
353001,1920,5295015,677761920,23520,0.6604166626930237,128,353000,1.8119869232177734,1920,17,2,500000,1000,,353001.0,0.6604166626930237,0.6148803234100342,0.6625000238418579,0.6046679615974426,1790,1482573285,3,2
354001,1920,5310015,679681920,23520,0.6625000238418579,128,354000,1.8191859722137451,1920,17,2,500000,1000,,354001.0,0.659375011920929,0.6148781180381775,0.6645833253860474,0.6046609282493591,1799,1482573285,3,2
355001,1920,5325015,681601920,23520,0.6645833253860474,128,355000,1.827746868133545,1920,17,2,500000,1000,,355001.0,0.6598958373069763,0.6148779392242432,0.6583333611488342,0.6047689914703369,1807,1482573285,3,2
356001,1920,5340015,683521920,23520,0.6583333611488342,128,356000,1.8348827362060547,1920,17,2,500000,1000,,356001.0,0.6604166626930237,0.6148830652236938,0.6625000238418579,0.6046242117881775,1815,1482573285,3,2
357001,1920,5355015,685441920,23520,0.6625000238418579,128,357000,1.843909740447998,1920,17,2,500000,1000,,357001.0,0.6614583134651184,0.6148836612701416,0.6666666865348816,0.6046060919761658,1823,1482573285,3,2
358001,1920,5370015,687361920,23520,0.6666666865348816,128,358000,1.8512468338012695,1920,17,2,500000,1000,,358001.0,0.6598958373069763,0.614881157875061,0.6583333611488342,0.6050496697425842,1831,1482573285,3,2
359001,1920,5385015,689281920,23520,0.6583333611488342,128,359000,1.8595266342163086,1920,17,2,500000,1000,,359001.0,0.6598958373069763,0.6148792505264282,0.6625000238418579,0.6047362089157104,1839,1482573285,3,2
360001,1920,5400015,691201920,23520,0.6625000238418579,128,360000,1.8680946826934814,1920,17,2,500000,1000,,360001.0,0.659375011920929,0.6148808598518372,0.6625000238418579,0.6046267747879028,1847,1482573285,3,2
361001,1920,5415015,693121920,23520,0.6625000238418579,128,361000,1.8774034976959229,1920,17,2,500000,1000,,361001.0,0.6614583134651184,0.6148772835731506,0.6604166626930237,0.6047943830490112,1855,1482573285,3,2
362001,1920,5430015,695041920,23520,0.6604166626930237,128,362000,1.8875436782836914,1920,17,2,500000,1000,,362001.0,0.6604166626930237,0.6148843169212341,0.6645833253860474,0.6048623323440552,1868,1482573285,3,2
363001,1920,5445015,696961920,23520,0.6645833253860474,128,363000,1.8962757587432861,1920,17,2,500000,1000,,363001.0,0.6604166626930237,0.6148813962936401,0.6583333611488342,0.6048747301101685,1875,1482573285,3,2
364001,1920,5460015,698881920,23520,0.6583333611488342,128,364000,1.9042017459869385,1920,17,2,500000,1000,,364001.0,0.6625000238418579,0.6148804426193237,0.6625000238418579,0.60423743724823,1883,1482573285,3,2
365001,1920,5475015,700801920,23520,0.6625000238418579,128,365000,1.9110827445983887,1920,17,2,500000,1000,,365001.0,0.6598958373069763,0.6148784756660461,0.6604166626930237,0.6048495173454285,1890,1482573285,3,2
366001,1920,5490015,702721920,23520,0.6604166626930237,128,366000,1.9183306694030762,1920,17,2,500000,1000,,366001.0,0.660937488079071,0.6148814558982849,0.6625000238418579,0.604417622089386,1898,1482573285,3,2
367001,1920,5505015,704641920,23520,0.6625000238418579,128,367000,1.9262845516204834,1920,17,2,500000,1000,,367001.0,0.660937488079071,0.6148828864097595,0.6666666865348816,0.604157030582428,1905,1482573285,3,2
368001,1920,5520015,706561920,23520,0.6666666865348816,128,368000,1.9334945678710938,1920,17,2,500000,1000,,368001.0,0.6604166626930237,0.6148836016654968,0.6625000238418579,0.6045734882354736,1912,1482573285,3,2
369001,1920,5535015,708481920,23520,0.6625000238418579,128,369000,1.940870761871338,1920,17,2,500000,1000,,369001.0,0.659375011920929,0.6148812174797058,0.6625000238418579,0.6043612957000732,1919,1482573285,3,2
370001,1920,5550015,710401920,23520,0.6625000238418579,128,370000,1.9482555389404297,1920,17,2,500000,1000,,370001.0,0.6604166626930237,0.6148831844329834,0.6583333611488342,0.6045605540275574,1927,1482573285,3,2
371001,1920,5565015,712321920,23520,0.6583333611488342,128,371000,1.9555954933166504,1920,17,2,500000,1000,,371001.0,0.6604166626930237,0.6148805618286133,0.6583333611488342,0.6046881079673767,1934,1482573285,3,2
372001,1920,5580015,714241920,23520,0.6583333611488342,128,372000,1.9620115756988525,1920,17,2,500000,1000,,372001.0,0.6614583134651184,0.6148772835731506,0.6604166626930237,0.6045871376991272,1941,1482573285,3,2
373001,1920,5595015,716161920,23520,0.6604166626930237,128,373000,1.9689886569976807,1920,17,2,500000,1000,,373001.0,0.6598958373069763,0.6148791909217834,0.6645833253860474,0.6043977737426758,1948,1482573285,3,2
374001,1920,5610015,718081920,23520,0.6645833253860474,128,374000,1.9766969680786133,1920,17,2,500000,1000,,374001.0,0.6598958373069763,0.6148782968521118,0.6583333611488342,0.6048325896263123,1955,1482573285,3,2
375001,1920,5625015,720001920,23520,0.6583333611488342,128,375000,1.9840710163116455,1920,17,2,500000,1000,,375001.0,0.660937488079071,0.6148809194564819,0.6625000238418579,0.6043810248374939,1962,1482573285,3,2
376001,1920,5640015,721921920,23520,0.6625000238418579,128,376000,1.991028070449829,1920,17,2,500000,1000,,376001.0,0.6604166626930237,0.6148812770843506,0.6645833253860474,0.6046029329299927,1970,1482573285,3,2
377001,1920,5655015,723841920,23520,0.6645833253860474,128,377000,1.9972219467163086,1920,17,2,500000,1000,,377001.0,0.6604166626930237,0.6148812770843506,0.6604166626930237,0.6045295000076294,1977,1482573285,3,2
378001,1920,5670015,725761920,23520,0.6604166626930237,128,378000,2.0044350624084473,1920,17,2,500000,1000,,378001.0,0.660937488079071,0.6148815155029297,0.6625000238418579,0.6043530106544495,1984,1482573285,3,2
379001,1920,5685015,727681920,23520,0.6625000238418579,128,379000,2.011070966720581,1920,17,2,500000,1000,,379001.0,0.6604166626930237,0.6148869395256042,0.6583333611488342,0.6045821309089661,1991,1482573285,3,2
380001,1920,5700015,729601920,23520,0.6583333611488342,128,380000,2.017745018005371,1920,17,2,500000,1000,,380001.0,0.660937488079071,0.6148794889450073,0.6645833253860474,0.6043165326118469,1998,1482573285,3,2
381001,1920,5715015,731521920,23520,0.6645833253860474,128,381000,2.0251829624176025,1920,17,2,500000,1000,,381001.0,0.6619791388511658,0.6148825287818909,0.6625000238418579,0.6043024659156799,2006,1482573285,3,2
382001,1920,5730015,733441920,23520,0.6625000238418579,128,382000,2.032478094100952,1920,17,2,500000,1000,,382001.0,0.660937488079071,0.6148845553398132,0.6604166626930237,0.6048740148544312,2013,1482573285,3,2
383001,1920,5745015,735361920,23520,0.6604166626930237,128,383000,2.0402183532714844,1920,17,2,500000,1000,,383001.0,0.659375011920929,0.6148808002471924,0.6666666865348816,0.604494035243988,2020,1482573285,3,2
384001,1920,5760015,737281920,23520,0.6666666865348816,128,384000,2.0478994846343994,1920,17,2,500000,1000,,384001.0,0.660937488079071,0.6148850321769714,0.668749988079071,0.6044024229049683,2027,1482573285,3,2
385001,1920,5775015,739201920,23520,0.668749988079071,128,385000,2.05488657951355,1920,17,2,500000,1000,,385001.0,0.6604166626930237,0.6148816347122192,0.6625000238418579,0.6047337055206299,2034,1482573285,3,2
386001,1920,5790015,741121920,23520,0.6625000238418579,128,386000,2.062044620513916,1920,17,2,500000,1000,,386001.0,0.6598958373069763,0.614879846572876,0.6604166626930237,0.6046888828277588,2041,1482573285,3,2
387001,1920,5805015,743041920,23520,0.6604166626930237,128,387000,2.0689496994018555,1920,17,2,500000,1000,,387001.0,0.6578124761581421,0.6148782968521118,0.6625000238418579,0.6045381426811218,2049,1482573285,3,2
388001,1920,5820015,744961920,23520,0.6625000238418579,128,388000,2.076500654220581,1920,17,2,500000,1000,,388001.0,0.6604166626930237,0.6148766279220581,0.6604166626930237,0.6046173572540283,2056,1482573285,3,2
389001,1920,5835015,746881920,23520,0.6604166626930237,128,389000,2.0836753845214844,1920,17,2,500000,1000,,389001.0,0.659375011920929,0.6148843169212341,0.6645833253860474,0.6047409772872925,2063,1482573285,3,2
390001,1920,5850015,748801920,23520,0.6645833253860474,128,390000,2.0907998085021973,1920,17,2,500000,1000,,390001.0,0.6604166626930237,0.61487877368927,0.6604166626930237,0.6047189235687256,2070,1482573285,3,2
391001,1920,5865015,750721920,23520,0.6604166626930237,128,391000,2.098407030105591,1920,17,2,500000,1000,,391001.0,0.6614583134651184,0.6148818135261536,0.6625000238418579,0.604610800743103,2077,1482573285,3,2
392001,1920,5880015,752641920,23520,0.6625000238418579,128,392000,2.105952739715576,1920,17,2,500000,1000,,392001.0,0.6598958373069763,0.6148771643638611,0.6583333611488342,0.6045050024986267,2084,1482573285,3,2
393001,1920,5895015,754561920,23520,0.6583333611488342,128,393000,2.112621784210205,1920,17,2,500000,1000,,393001.0,0.6604166626930237,0.6148765087127686,0.6645833253860474,0.6045003533363342,2092,1482573285,3,2
394001,1920,5910015,756481920,23520,0.6645833253860474,128,394000,2.1200010776519775,1920,17,2,500000,1000,,394001.0,0.660937488079071,0.6148800253868103,0.6625000238418579,0.6042850613594055,2099,1482573285,3,2
395001,1920,5925015,758401920,23520,0.6625000238418579,128,395000,2.1272120475769043,1920,17,2,500000,1000,,395001.0,0.6604166626930237,0.6148804426193237,0.6604166626930237,0.6046234965324402,2106,1482573285,3,2
396001,1920,5940015,760321920,23520,0.6604166626930237,128,396000,2.1336710453033447,1920,17,2,500000,1000,,396001.0,0.660937488079071,0.6148817539215088,0.6604166626930237,0.6042841672897339,2113,1482573285,3,2
397001,1920,5955015,762241920,23520,0.6604166626930237,128,397000,2.1414921283721924,1920,17,2,500000,1000,,397001.0,0.660937488079071,0.61487877368927,0.6604166626930237,0.6046136617660522,2121,1482573285,3,2
398001,1920,5970015,764161920,23520,0.6604166626930237,128,398000,2.148590326309204,1920,17,2,500000,1000,,398001.0,0.6598958373069763,0.6148821711540222,0.6645833253860474,0.604288637638092,2128,1482573285,3,2
399001,1920,5985015,766081920,23520,0.6645833253860474,128,399000,2.156069278717041,1920,17,2,500000,1000,,399001.0,0.6614583134651184,0.6148817539215088,0.6645833253860474,0.6047305464744568,2135,1482573285,3,2
400001,1920,6000015,768001920,23520,0.6645833253860474,128,400000,2.1638734340667725,1920,17,2,500000,1000,,400001.0,0.6614583134651184,0.6148751378059387,0.6625000238418579,0.6045133471488953,2142,1482573285,3,2
401001,1920,6015015,769921920,23520,0.6625000238418579,128,401000,2.1710305213928223,1920,17,2,500000,1000,,401001.0,0.6614583134651184,0.6148790121078491,0.6604166626930237,0.6045814752578735,2150,1482573285,3,2
402001,1920,6030015,771841920,23520,0.6604166626930237,128,402000,2.1781694889068604,1920,17,2,500000,1000,,402001.0,0.660937488079071,0.6148773431777954,0.6583333611488342,0.6046292185783386,2158,1482573285,3,2
403001,1920,6045015,773761920,23520,0.6583333611488342,128,403000,2.1850342750549316,1920,17,2,500000,1000,,403001.0,0.6614583134651184,0.614880383014679,0.6604166626930237,0.604573667049408,2167,1482573285,3,2
404001,1920,6060015,775681920,23520,0.6604166626930237,128,404000,2.192992925643921,1920,17,2,500000,1000,,404001.0,0.660937488079071,0.6148818731307983,0.6625000238418579,0.604523241519928,2177,1482573285,3,2
405001,1920,6075015,777601920,23520,0.6625000238418579,128,405000,2.2019920349121094,1920,17,2,500000,1000,,405001.0,0.6604166626930237,0.6148796081542969,0.6625000238418579,0.6045061349868774,2185,1482573285,3,2
406001,1920,6090015,779521920,23520,0.6625000238418579,128,406000,2.2090320587158203,1920,17,2,500000,1000,,406001.0,0.6614583134651184,0.6148813366889954,0.6604166626930237,0.6046371459960938,2192,1482573285,3,2
407001,1920,6105015,781441920,23520,0.6604166626930237,128,407000,2.216093063354492,1920,17,2,500000,1000,,407001.0,0.6604166626930237,0.6148822903633118,0.6625000238418579,0.6043167114257812,2200,1482573285,3,2
408001,1920,6120015,783361920,23520,0.6625000238418579,128,408000,2.2231221199035645,1920,17,2,500000,1000,,408001.0,0.6598958373069763,0.6148819327354431,0.6645833253860474,0.604416012763977,2207,1482573285,3,2
409001,1920,6135015,785281920,23520,0.6645833253860474,128,409000,2.2277112007141113,1920,17,2,500000,1000,,409001.0,0.6614583134651184,0.6148819327354431,0.6666666865348816,0.6044191122055054,2213,1482573285,3,2
410001,1920,6150015,787201920,23520,0.6666666865348816,128,410000,2.2323029041290283,1920,17,2,500000,1000,,410001.0,0.660937488079071,0.6148797869682312,0.6604166626930237,0.6046306490898132,2217,1482573285,3,2
411001,1920,6165015,789121920,23520,0.6604166626930237,128,411000,2.2397208213806152,1920,17,2,500000,1000,,411001.0,0.6588541865348816,0.6148797869682312,0.6645833253860474,0.6044687032699585,2223,1482573285,3,2
412001,1920,6180015,791041920,23520,0.6645833253860474,128,412000,2.2468090057373047,1920,17,2,500000,1000,,412001.0,0.660937488079071,0.6148777604103088,0.6604166626930237,0.6047653555870056,2230,1482573285,3,2
413001,1920,6195015,792961920,23520,0.6604166626930237,128,413000,2.2540769577026367,1920,17,2,500000,1000,,413001.0,0.660937488079071,0.6148817539215088,0.6583333611488342,0.604626476764679,2238,1482573285,3,2
414001,1920,6210015,794881920,23520,0.6583333611488342,128,414000,2.2619669437408447,1920,17,2,500000,1000,,414001.0,0.6604166626930237,0.6148812770843506,0.6625000238418579,0.6047180891036987,2245,1482573285,3,2
415001,1920,6225015,796801920,23520,0.6625000238418579,128,415000,2.2665998935699463,1920,17,2,500000,1000,,415001.0,0.660937488079071,0.6148803234100342,0.6583333611488342,0.6045718789100647,2252,1482573285,3,2
416001,1920,6240015,798721920,23520,0.6583333611488342,128,416000,2.2743749618530273,1920,17,2,500000,1000,,416001.0,0.659375011920929,0.61487877368927,0.6604166626930237,0.6043409705162048,2259,1482573285,3,2
417001,1920,6255015,800641920,23520,0.6604166626930237,128,417000,2.2811801433563232,1920,17,2,500000,1000,,417001.0,0.6604166626930237,0.6148823499679565,0.6625000238418579,0.6044725775718689,2266,1482573285,3,2
418001,1920,6270015,802561920,23520,0.6625000238418579,128,418000,2.2888193130493164,1920,17,2,500000,1000,,418001.0,0.6604166626930237,0.6148757934570312,0.6583333611488342,0.6047714948654175,2273,1482573285,3,2
419001,1920,6285015,804481920,23520,0.6583333611488342,128,419000,2.2958173751831055,1920,17,2,500000,1000,,419001.0,0.659375011920929,0.6148785948753357,0.6625000238418579,0.604524552822113,2280,1482573285,3,2
420001,1920,6300015,806401920,23520,0.6625000238418579,128,420000,2.3012313842773438,1920,17,2,500000,1000,,420001.0,0.6598958373069763,0.6148753762245178,0.6604166626930237,0.6045354008674622,2288,1482573285,3,2
421001,1920,6315015,808321920,23520,0.6604166626930237,128,421000,2.305939197540283,1920,17,2,500000,1000,,421001.0,0.6604166626930237,0.6148805618286133,0.6645833253860474,0.6047026515007019,2293,1482573285,3,2
422001,1920,6330015,810241920,23520,0.6645833253860474,128,422000,2.3106400966644287,1920,17,2,500000,1000,,422001.0,0.6604166626930237,0.6148820519447327,0.6604166626930237,0.604275107383728,2298,1482573285,3,2
423001,1920,6345015,812161920,23520,0.6604166626930237,128,423000,2.3155012130737305,1920,17,2,500000,1000,,423001.0,0.6604166626930237,0.6148785352706909,0.6604166626930237,0.6044489145278931,2303,1482573285,3,2
424001,1920,6360015,814081920,23520,0.6604166626930237,128,424000,2.3206772804260254,1920,17,2,500000,1000,,424001.0,0.6588541865348816,0.614879310131073,0.6645833253860474,0.6045866012573242,2308,1482573285,3,2
425001,1920,6375015,816001920,23520,0.6645833253860474,128,425000,2.3253493309020996,1920,17,2,500000,1000,,425001.0,0.660937488079071,0.6148801445960999,0.6666666865348816,0.604606568813324,2313,1482573285,3,2
426001,1920,6390015,817921920,23520,0.6666666865348816,128,426000,2.330134391784668,1920,17,2,500000,1000,,426001.0,0.6572916507720947,0.6148809790611267,0.6645833253860474,0.6045833826065063,2318,1482573285,3,2
427001,1920,6405015,819841920,23520,0.6645833253860474,128,427000,2.335024118423462,1920,17,2,500000,1000,,427001.0,0.6598958373069763,0.6148792505264282,0.6625000238418579,0.6042225360870361,2323,1482573285,3,2
428001,1920,6420015,821761920,23520,0.6625000238418579,128,428000,2.3396263122558594,1920,17,2,500000,1000,,428001.0,0.6604166626930237,0.6148781180381775,0.6645833253860474,0.6045081615447998,2328,1482573285,3,2
429001,1920,6435015,823681920,23520,0.6645833253860474,128,429000,2.3442792892456055,1920,17,2,500000,1000,,429001.0,0.6604166626930237,0.6148784756660461,0.6666666865348816,0.6044861078262329,2333,1482573285,3,2
430001,1920,6450015,825601920,23520,0.6666666865348816,128,430000,2.349175214767456,1920,17,2,500000,1000,,430001.0,0.660937488079071,0.6148789525032043,0.6583333611488342,0.6045317053794861,2338,1482573285,3,2
431001,1920,6465015,827521920,23520,0.6583333611488342,128,431000,2.3537800312042236,1920,17,2,500000,1000,,431001.0,0.6604166626930237,0.6148770451545715,0.65625,0.6043859124183655,2343,1482573285,3,2
432001,1920,6480015,829441920,23520,0.65625,128,432000,2.358682155609131,1920,17,2,500000,1000,,432001.0,0.6604166626930237,0.6148815751075745,0.65625,0.6047590970993042,2348,1482573285,3,2
433001,1920,6495015,831361920,23520,0.65625,128,433000,2.363511085510254,1920,17,2,500000,1000,,433001.0,0.6604166626930237,0.6148796677589417,0.6645833253860474,0.6047387719154358,2353,1482573285,3,2
434001,1920,6510015,833281920,23520,0.6645833253860474,128,434000,2.3681461811065674,1920,17,2,500000,1000,,434001.0,0.6614583134651184,0.6148770451545715,0.6604166626930237,0.6045726537704468,2358,1482573285,3,2
435001,1920,6525015,835201920,23520,0.6604166626930237,128,435000,2.3728671073913574,1920,17,2,500000,1000,,435001.0,0.6588541865348816,0.6148845553398132,0.6625000238418579,0.6046310067176819,2363,1482573285,3,2
436001,1920,6540015,837121920,23520,0.6625000238418579,128,436000,2.377892017364502,1920,17,2,500000,1000,,436001.0,0.659375011920929,0.6148803234100342,0.6645833253860474,0.6042621731758118,2368,1482573285,3,2
437001,1920,6555015,839041920,23520,0.6645833253860474,128,437000,2.3832180500030518,1920,17,2,500000,1000,,437001.0,0.660937488079071,0.6148824691772461,0.6645833253860474,0.6045406460762024,2372,1482573285,3,2
438001,1920,6570015,840961920,23520,0.6645833253860474,128,438000,2.3882040977478027,1920,17,2,500000,1000,,438001.0,0.660937488079071,0.6148825287818909,0.6666666865348816,0.6045427918434143,2377,1482573285,3,2
439001,1920,6585015,842881920,23520,0.6666666865348816,128,439000,2.3936069011688232,1920,17,2,500000,1000,,439001.0,0.660937488079071,0.6148822903633118,0.65625,0.6049697995185852,2383,1482573285,3,2
440001,1920,6600015,844801920,23520,0.65625,128,440000,2.3984248638153076,1920,17,2,500000,1000,,440001.0,0.6604166626930237,0.6148775219917297,0.6625000238418579,0.6046349406242371,2388,1482573285,3,2
441001,1920,6615015,846721920,23520,0.6625000238418579,128,441000,2.403428792953491,1920,17,2,500000,1000,,441001.0,0.6598958373069763,0.6148787140846252,0.6645833253860474,0.6043620705604553,2393,1482573285,3,2
442001,1920,6630015,848641920,23520,0.6645833253860474,128,442000,2.4079480171203613,1920,17,2,500000,1000,,442001.0,0.6625000238418579,0.6148806810379028,0.6645833253860474,0.6045052409172058,2398,1482573285,3,2
443001,1920,6645015,850561920,23520,0.6645833253860474,128,443000,2.412766933441162,1920,17,2,500000,1000,,443001.0,0.6598958373069763,0.6148787140846252,0.6583333611488342,0.6049537658691406,2403,1482573285,3,2
444001,1920,6660015,852481920,23520,0.6583333611488342,128,444000,2.417280912399292,1920,17,2,500000,1000,,444001.0,0.6604166626930237,0.6148790121078491,0.6645833253860474,0.6045246124267578,2408,1482573285,3,2
445001,1920,6675015,854401920,23520,0.6645833253860474,128,445000,2.4223098754882812,1920,17,2,500000,1000,,445001.0,0.660937488079071,0.6148787140846252,0.6604166626930237,0.6046573519706726,2413,1482573285,3,2
446001,1920,6690015,856321920,23520,0.6604166626930237,128,446000,2.426907777786255,1920,17,2,500000,1000,,446001.0,0.660937488079071,0.6148828864097595,0.6645833253860474,0.6045275926589966,2418,1482573285,3,2
447001,1920,6705015,858241920,23520,0.6645833253860474,128,447000,2.431792736053467,1920,17,2,500000,1000,,447001.0,0.6604166626930237,0.614879846572876,0.6604166626930237,0.6046741008758545,2423,1482573285,3,2
448001,1920,6720015,860161920,23520,0.6604166626930237,128,448000,2.437225580215454,1920,17,2,500000,1000,,448001.0,0.6588541865348816,0.6148847341537476,0.6645833253860474,0.6045317053794861,2428,1482573285,3,2
449001,1920,6735015,862081920,23520,0.6645833253860474,128,449000,2.4422996044158936,1920,17,2,500000,1000,,449001.0,0.660937488079071,0.6148812770843506,0.6583333611488342,0.6046674251556396,2432,1482573285,3,2
450001,1920,6750015,864001920,23520,0.6583333611488342,128,450000,2.447131633758545,1920,17,2,500000,1000,,450001.0,0.6583333611488342,0.6148825883865356,0.6645833253860474,0.6042748093605042,2437,1482573285,3,2
451001,1920,6765015,865921920,23520,0.6645833253860474,128,451000,2.4530227184295654,1920,17,2,500000,1000,,451001.0,0.6598958373069763,0.614879846572876,0.6625000238418579,0.6045510768890381,2442,1482573285,3,2
452001,1920,6780015,867841920,23520,0.6625000238418579,128,452000,2.4577906131744385,1920,17,2,500000,1000,,452001.0,0.660937488079071,0.6148795485496521,0.6604166626930237,0.6045092940330505,2447,1482573285,3,2
453001,1920,6795015,869761920,23520,0.6604166626930237,128,453000,2.46234130859375,1920,17,2,500000,1000,,453001.0,0.6604166626930237,0.6148774027824402,0.6625000238418579,0.6045684814453125,2452,1482573285,3,2
454001,1920,6810015,871681920,23520,0.6625000238418579,128,454000,2.4673731327056885,1920,17,2,500000,1000,,454001.0,0.6598958373069763,0.6148816347122192,0.6645833253860474,0.604670524597168,2457,1482573285,3,2
455001,1920,6825015,873601920,23520,0.6645833253860474,128,455000,2.471971035003662,1920,17,2,500000,1000,,455001.0,0.6604166626930237,0.614880383014679,0.6625000238418579,0.604831337928772,2462,1482573285,3,2
456001,1920,6840015,875521920,23520,0.6625000238418579,128,456000,2.4768600463867188,1920,17,2,500000,1000,,456001.0,0.6604166626930237,0.6148822903633118,0.6583333611488342,0.6045274138450623,2466,1482573285,3,2
457001,1920,6855015,877441920,23520,0.6583333611488342,128,457000,2.4817252159118652,1920,17,2,500000,1000,,457001.0,0.6598958373069763,0.6148788332939148,0.6645833253860474,0.6042510867118835,2471,1482573285,3,2
458001,1920,6870015,879361920,23520,0.6645833253860474,128,458000,2.4874722957611084,1920,17,2,500000,1000,,458001.0,0.6598958373069763,0.6148788928985596,0.6666666865348816,0.6045747399330139,2476,1482573285,3,2
459001,1920,6885015,881281920,23520,0.6666666865348816,128,459000,2.4923174381256104,1920,17,2,500000,1000,,459001.0,0.6604166626930237,0.6148777008056641,0.6604166626930237,0.6047859191894531,2481,1482573285,3,2
460001,1920,6900015,883201920,23520,0.6604166626930237,128,460000,2.4970712661743164,1920,17,2,500000,1000,,460001.0,0.6598958373069763,0.614880383014679,0.6645833253860474,0.604496419429779,2486,1482573285,3,2
461001,1920,6915015,885121920,23520,0.6645833253860474,128,461000,2.5016934871673584,1920,17,2,500000,1000,,461001.0,0.6604166626930237,0.6148771643638611,0.6625000238418579,0.6045144200325012,2491,1482573285,3,2
462001,1920,6930015,887041920,23520,0.6625000238418579,128,462000,2.50630259513855,1920,17,2,500000,1000,,462001.0,0.6614583134651184,0.614879846572876,0.6645833253860474,0.6045023202896118,2496,1482573285,3,2
463001,1920,6945015,888961920,23520,0.6645833253860474,128,463000,2.510816812515259,1920,17,2,500000,1000,,463001.0,0.6598958373069763,0.6148788928985596,0.6625000238418579,0.6046046018600464,2501,1482573285,3,2
464001,1920,6960015,890881920,23520,0.6625000238418579,128,464000,2.5154058933258057,1920,17,2,500000,1000,,464001.0,0.6583333611488342,0.6148789525032043,0.6625000238418579,0.6043621301651001,2506,1482573285,3,2
465001,1920,6975015,892801920,23520,0.6625000238418579,128,465000,2.5202457904815674,1920,17,2,500000,1000,,465001.0,0.659375011920929,0.6148805618286133,0.6625000238418579,0.6046208739280701,2511,1482573285,3,2
466001,1920,6990015,894721920,23520,0.6625000238418579,128,466000,2.524945020675659,1920,17,2,500000,1000,,466001.0,0.6598958373069763,0.6148827075958252,0.6604166626930237,0.6046768426895142,2515,1482573285,3,2
467001,1920,7005015,896641920,23520,0.6604166626930237,128,467000,2.5297727584838867,1920,17,2,500000,1000,,467001.0,0.6583333611488342,0.6148771047592163,0.6645833253860474,0.6044961810112,2520,1482573285,3,2
468001,1920,7020015,898561920,23520,0.6645833253860474,128,468000,2.53437876701355,1920,17,2,500000,1000,,468001.0,0.659375011920929,0.6148768067359924,0.6583333611488342,0.6050313115119934,2525,1482573285,3,2
469001,1920,7035015,900481920,23520,0.6583333611488342,128,469000,2.53887677192688,1920,17,2,500000,1000,,469001.0,0.6598958373069763,0.6148809194564819,0.6645833253860474,0.6046854257583618,2530,1482573285,3,2
470001,1920,7050015,902401920,23520,0.6645833253860474,128,470000,2.544440984725952,1920,17,2,500000,1000,,470001.0,0.6598958373069763,0.6148836612701416,0.6541666388511658,0.6046872735023499,2535,1482573285,3,2
471001,1920,7065015,904321920,23520,0.6541666388511658,128,471000,2.549221992492676,1920,17,2,500000,1000,,471001.0,0.6604166626930237,0.6148846745491028,0.6625000238418579,0.6043344140052795,2540,1482573285,3,2
472001,1920,7080015,906241920,23520,0.6625000238418579,128,472000,2.553929090499878,1920,17,2,500000,1000,,472001.0,0.6604166626930237,0.6148812770843506,0.6625000238418579,0.60443115234375,2545,1482573285,3,2
473001,1920,7095015,908161920,23520,0.6625000238418579,128,473000,2.5591418743133545,1920,17,2,500000,1000,,473001.0,0.6598958373069763,0.6148836016654968,0.6583333611488342,0.6046440601348877,2603,1482573285,3,2
474001,1920,7110015,910081920,23520,0.6583333611488342,128,474000,2.5637357234954834,1920,17,2,500000,1000,,474001.0,0.6598958373069763,0.6148799657821655,0.6645833253860474,0.6046784520149231,2608,1482573285,3,2
475001,1920,7125015,912001920,23520,0.6645833253860474,128,475000,2.568314790725708,1920,17,2,500000,1000,,475001.0,0.6614583134651184,0.6148801445960999,0.6645833253860474,0.604637861251831,2613,1482573285,3,2
476001,1920,7140015,913921920,23520,0.6645833253860474,128,476000,2.5729668140411377,1920,17,2,500000,1000,,476001.0,0.660937488079071,0.6148787140846252,0.6625000238418579,0.6045528054237366,2618,1482573285,3,2
477001,1920,7155015,915841920,23520,0.6625000238418579,128,477000,2.5780117511749268,1920,17,2,500000,1000,,477001.0,0.6598958373069763,0.6148781180381775,0.6645833253860474,0.6047285199165344,2622,1482573285,3,2
478001,1920,7170015,917761920,23520,0.6645833253860474,128,478000,2.583535671234131,1920,17,2,500000,1000,,478001.0,0.659375011920929,0.6148793697357178,0.6583333611488342,0.6048074960708618,2628,1482573285,3,2
479001,1920,7185015,919681920,23520,0.6583333611488342,128,479000,2.588104724884033,1920,17,2,500000,1000,,479001.0,0.6604166626930237,0.6148795485496521,0.6583333611488342,0.604435920715332,2633,1482573285,3,2
480001,1920,7200015,921601920,23520,0.6583333611488342,128,480000,2.59326171875,1920,17,2,500000,1000,,480001.0,0.660937488079071,0.61487877368927,0.6645833253860474,0.6045502424240112,2638,1482573285,3,2
481001,1920,7215015,923521920,23520,0.6645833253860474,128,481000,2.5978996753692627,1920,17,2,500000,1000,,481001.0,0.6598958373069763,0.6148793697357178,0.6583333611488342,0.6044397354125977,2643,1482573285,3,2
482001,1920,7230015,925441920,23520,0.6583333611488342,128,482000,2.60998272895813,1920,17,2,500000,1000,,482001.0,0.6604166626930237,0.6148763298988342,0.6604166626930237,0.6045239567756653,2648,1482573285,3,2
483001,1920,7245015,927361920,23520,0.6604166626930237,128,483000,2.6145987510681152,1920,17,2,500000,1000,,483001.0,0.6614583134651184,0.6148780584335327,0.6625000238418579,0.6045542359352112,2653,1482573285,3,2
484001,1920,7260015,929281920,23520,0.6625000238418579,128,484000,2.6199615001678467,1920,17,2,500000,1000,,484001.0,0.6604166626930237,0.614876925945282,0.6604166626930237,0.6042632460594177,2659,1482573285,3,2
485001,1920,7275015,931201920,23520,0.6604166626930237,128,485000,2.6246016025543213,1920,17,2,500000,1000,,485001.0,0.6604166626930237,0.6148793697357178,0.65625,0.6050121188163757,2666,1482573285,3,2
486001,1920,7290015,933121920,23520,0.65625,128,486000,2.6297664642333984,1920,17,2,500000,1000,,486001.0,0.660937488079071,0.614883303642273,0.6583333611488342,0.6045745015144348,2672,1482573285,3,2
487001,1920,7305015,935041920,23520,0.6583333611488342,128,487000,2.6346242427825928,1920,17,2,500000,1000,,487001.0,0.660937488079071,0.6148786544799805,0.6645833253860474,0.6045401692390442,2678,1482573285,3,2
488001,1920,7320015,936961920,23520,0.6645833253860474,128,488000,2.6507322788238525,1920,17,2,500000,1000,,488001.0,0.6614583134651184,0.614876925945282,0.6625000238418579,0.6047704219818115,2683,1482573285,3,2
489001,1920,7335015,938881920,23520,0.6625000238418579,128,489000,2.655402421951294,1920,17,2,500000,1000,,489001.0,0.659375011920929,0.61487877368927,0.6645833253860474,0.6046256422996521,2688,1482573285,3,2
490001,1920,7350015,940801920,23520,0.6645833253860474,128,490000,2.6600425243377686,1920,17,2,500000,1000,,490001.0,0.6598958373069763,0.6148845553398132,0.6604166626930237,0.604832112789154,2693,1482573285,3,2
491001,1920,7365015,942721920,23520,0.6604166626930237,128,491000,2.6648316383361816,1920,17,2,500000,1000,,491001.0,0.6614583134651184,0.6148768067359924,0.6625000238418579,0.6045374274253845,2698,1482573285,3,2
492001,1920,7380015,944641920,23520,0.6625000238418579,128,492000,2.669440746307373,1920,17,2,500000,1000,,492001.0,0.6598958373069763,0.6148787140846252,0.6604166626930237,0.6047784090042114,2703,1482573285,3,2
493001,1920,7395015,946561920,23520,0.6604166626930237,128,493000,2.674107789993286,1920,17,2,500000,1000,,493001.0,0.6604166626930237,0.6148785948753357,0.6604166626930237,0.6046121716499329,2708,1482573285,3,2
494001,1920,7410015,948481920,23520,0.6604166626930237,128,494000,2.678710699081421,1920,17,2,500000,1000,,494001.0,0.6614583134651184,0.6148797273635864,0.6645833253860474,0.604383647441864,2713,1482573285,3,2
495001,1920,7425015,950401920,23520,0.6645833253860474,128,495000,2.683321714401245,1920,17,2,500000,1000,,495001.0,0.6619791388511658,0.6148861050605774,0.6604166626930237,0.6046904921531677,2718,1482573285,3,2
496001,1920,7440015,952321920,23520,0.6604166626930237,128,496000,2.6886186599731445,1920,17,2,500000,1000,,496001.0,0.6598958373069763,0.6148760318756104,0.6583333611488342,0.6047833561897278,2723,1482573285,3,2
497001,1920,7455015,954241920,23520,0.6583333611488342,128,497000,2.6933164596557617,1920,17,2,500000,1000,,497001.0,0.6604166626930237,0.6148816347122192,0.6604166626930237,0.6044661998748779,2729,1482573285,3,2
498001,1920,7470015,956161920,23520,0.6604166626930237,128,498000,2.697899341583252,1920,17,2,500000,1000,,498001.0,0.6604166626930237,0.614878237247467,0.6604166626930237,0.6046369671821594,2733,1482573285,3,2
499001,1920,7485015,958081920,23520,0.6604166626930237,128,499000,2.703275442123413,1920,17,2,500000,1000,,499001.0,0.6604166626930237,0.6148794293403625,0.6625000238418579,0.6047012209892273,2738,1482573285,3,2
499998,1920,7499970,959996160,23520,0.6625000238418579,128,499997,2.708613634109497,1920,17,2,500000,1000,,499998.0,0.659375011920929,0.614882230758667,0.6645833253860474,0.6043622493743896,2743,1482573285,3,2
499999,1920,7499985,959998080,23520,0.6645833253860474,128,499998,2.713829755783081,1920,17,2,500000,1000,,499999.0,0.659375011920929,0.6148825883865356,0.6645833253860474,0.6043581366539001,2743,1482573285,3,2
500000,1920,7500000,960000000,23520,0.6645833253860474,128,499999,2.7201647758483887,1920,17,2,500000,1000,,500000.0,0.659375011920929,0.6148824691772461,0.6645833253860474,0.604371190071106,2743,1482573285,3,2
