pf_calls,num_answers,model_updates,num_grad_comps,answers_bytes,last_score,batch_size,k,elapsed_time,train_data,n,d,max_epochs,verbose,ident,_epochs,score_train,loss_train,score_test,loss_test,_elapsed_time,seed,run_id,dim
1,1920,15,1920,23520,0.4749999940395355,128,0,0.024384021759033203,1920,17,1,500000,1000,,1.0,0.4984374940395355,0.6931472420692444,0.5,0.6931472420692444,0,411077609,3,1
1001,1920,15015,1921920,23520,0.5,128,1000,0.02798628807067871,1920,17,1,500000,1000,,1001.0,0.6307291388511658,0.6488455533981323,0.6395833492279053,0.6473629474639893,4,411077609,3,1
2001,1920,30015,3841920,23520,0.6395833492279053,128,2000,0.03157520294189453,1920,17,1,500000,1000,,2001.0,0.6244791746139526,0.6452111601829529,0.6333333253860474,0.6445907354354858,7,411077609,3,1
3001,1920,45015,5761920,23520,0.6333333253860474,128,3000,0.03516435623168945,1920,17,1,500000,1000,,3001.0,0.6286458373069763,0.6447477340698242,0.6291666626930237,0.6446626782417297,11,411077609,3,1
4001,1920,60015,7681920,23520,0.6291666626930237,128,4000,0.03872942924499512,1920,17,1,500000,1000,,4001.0,0.6322916746139526,0.6446473002433777,0.6270833611488342,0.6443279385566711,14,411077609,3,1
5001,1920,75015,9601920,23520,0.6270833611488342,128,5000,0.0422823429107666,1920,17,1,500000,1000,,5001.0,0.629687488079071,0.6446313261985779,0.625,0.6447421312332153,18,411077609,3,1
6001,1920,90015,11521920,23520,0.625,128,6000,0.045844316482543945,1920,17,1,500000,1000,,6001.0,0.6322916746139526,0.6446276307106018,0.625,0.6447607278823853,22,411077609,3,1
7001,1920,105015,13441920,23520,0.625,128,7000,0.04943037033081055,1920,17,1,500000,1000,,7001.0,0.6307291388511658,0.6446292400360107,0.6208333373069763,0.6447518467903137,25,411077609,3,1
8001,1920,120015,15361920,23520,0.6208333373069763,128,8000,0.053014278411865234,1920,17,1,500000,1000,,8001.0,0.629687488079071,0.644628643989563,0.625,0.6447342038154602,29,411077609,3,1
9001,1920,135015,17281920,23520,0.625,128,9000,0.05659818649291992,1920,17,1,500000,1000,,9001.0,0.6312500238418579,0.6446284055709839,0.6208333373069763,0.6445609927177429,33,411077609,3,1
10001,1920,150015,19201920,23520,0.6208333373069763,128,10000,0.06024813652038574,1920,17,1,500000,1000,,10001.0,0.6328125,0.6446281671524048,0.6270833611488342,0.644470751285553,36,411077609,3,1
11001,1920,165015,21121920,23520,0.6270833611488342,128,11000,0.06382203102111816,1920,17,1,500000,1000,,11001.0,0.6291666626930237,0.6446323394775391,0.6208333373069763,0.644420325756073,40,411077609,3,1
12001,1920,180015,23041920,23520,0.6208333373069763,128,12000,0.06764793395996094,1920,17,1,500000,1000,,12001.0,0.6348958611488342,0.6446309685707092,0.625,0.6446823477745056,44,411077609,3,1
13001,1920,195015,24961920,23520,0.625,128,13000,0.07137775421142578,1920,17,1,500000,1000,,13001.0,0.6333333253860474,0.6446300745010376,0.625,0.6442158818244934,47,411077609,3,1
14001,1920,210015,26881920,23520,0.625,128,14000,0.07496380805969238,1920,17,1,500000,1000,,14001.0,0.6338541507720947,0.6446263790130615,0.625,0.6446053385734558,51,411077609,3,1
15001,1920,225015,28801920,23520,0.625,128,15000,0.07869172096252441,1920,17,1,500000,1000,,15001.0,0.6333333253860474,0.6446282863616943,0.625,0.6446144580841064,55,411077609,3,1
16001,1920,240015,30721920,23520,0.625,128,16000,0.08220171928405762,1920,17,1,500000,1000,,16001.0,0.6307291388511658,0.6446314454078674,0.6208333373069763,0.6445637941360474,59,411077609,3,1
17001,1920,255015,32641920,23520,0.6208333373069763,128,17000,0.08597087860107422,1920,17,1,500000,1000,,17001.0,0.6317708492279053,0.644628643989563,0.6208333373069763,0.6447430849075317,62,411077609,3,1
18001,1920,270015,34561920,23520,0.6208333373069763,128,18000,0.08952879905700684,1920,17,1,500000,1000,,18001.0,0.6312500238418579,0.6446349620819092,0.6270833611488342,0.6446598768234253,67,411077609,3,1
19001,1920,285015,36481920,23520,0.6270833611488342,128,19000,0.09307479858398438,1920,17,1,500000,1000,,19001.0,0.6328125,0.6446285247802734,0.6270833611488342,0.6447299122810364,71,411077609,3,1
20001,1920,300015,38401920,23520,0.6270833611488342,128,20000,0.09662055969238281,1920,17,1,500000,1000,,20001.0,0.6307291388511658,0.6446256041526794,0.6208333373069763,0.6445540189743042,75,411077609,3,1
21001,1920,315015,40321920,23520,0.6208333373069763,128,21000,0.1001596450805664,1920,17,1,500000,1000,,21001.0,0.629687488079071,0.6446331143379211,0.625,0.6445137858390808,78,411077609,3,1
22001,1920,330015,42241920,23520,0.625,128,22000,0.10372042655944824,1920,17,1,500000,1000,,22001.0,0.6328125,0.6446332335472107,0.625,0.6446882486343384,82,411077609,3,1
23001,1920,345015,44161920,23520,0.625,128,23000,0.10725617408752441,1920,17,1,500000,1000,,23001.0,0.6338541507720947,0.6446282267570496,0.625,0.6443666219711304,86,411077609,3,1
24001,1920,360015,46081920,23520,0.625,128,24000,0.11081433296203613,1920,17,1,500000,1000,,24001.0,0.6328125,0.6446301937103271,0.6270833611488342,0.644620954990387,89,411077609,3,1
25001,1920,375015,48001920,23520,0.6270833611488342,128,25000,0.11443233489990234,1920,17,1,500000,1000,,25001.0,0.6307291388511658,0.6446301937103271,0.6208333373069763,0.6446335911750793,93,411077609,3,1
26001,1920,390015,49921920,23520,0.6208333373069763,128,26000,0.11813616752624512,1920,17,1,500000,1000,,26001.0,0.6302083134651184,0.6446278095245361,0.6208333373069763,0.6446009874343872,97,411077609,3,1
27001,1920,405015,51841920,23520,0.6208333373069763,128,27000,0.1218271255493164,1920,17,1,500000,1000,,27001.0,0.6302083134651184,0.6446288228034973,0.6208333373069763,0.6444481015205383,100,411077609,3,1
28001,1920,420015,53761920,23520,0.6208333373069763,128,28000,0.1253950595855713,1920,17,1,500000,1000,,28001.0,0.6343749761581421,0.6446296572685242,0.6270833611488342,0.6444781422615051,104,411077609,3,1
29001,1920,435015,55681920,23520,0.6270833611488342,128,29000,0.1289689540863037,1920,17,1,500000,1000,,29001.0,0.6317708492279053,0.6446285247802734,0.6208333373069763,0.6447447538375854,108,411077609,3,1
30001,1920,450015,57601920,23520,0.6208333373069763,128,30000,0.1325387954711914,1920,17,1,500000,1000,,30001.0,0.6317708492279053,0.6446305513381958,0.625,0.6443333029747009,112,411077609,3,1
31001,1920,465015,59521920,23520,0.625,128,31000,0.1361379623413086,1920,17,1,500000,1000,,31001.0,0.6328125,0.6446338891983032,0.6270833611488342,0.6446190476417542,115,411077609,3,1
32001,1920,480015,61441920,23520,0.6270833611488342,128,32000,0.13969898223876953,1920,17,1,500000,1000,,32001.0,0.6338541507720947,0.6446279883384705,0.625,0.6443594098091125,119,411077609,3,1
33001,1920,495015,63361920,23520,0.625,128,33000,0.14325904846191406,1920,17,1,500000,1000,,33001.0,0.6333333253860474,0.6446358561515808,0.6229166388511658,0.6447197794914246,123,411077609,3,1
34001,1920,510015,65281920,23520,0.6229166388511658,128,34000,0.1468210220336914,1920,17,1,500000,1000,,34001.0,0.6338541507720947,0.6446284055709839,0.6270833611488342,0.6445571184158325,126,411077609,3,1
35001,1920,525015,67201920,23520,0.6270833611488342,128,35000,0.15041089057922363,1920,17,1,500000,1000,,35001.0,0.6302083134651184,0.6446312665939331,0.6229166388511658,0.6446831822395325,130,411077609,3,1
36001,1920,540015,69121920,23520,0.6229166388511658,128,36000,0.15400004386901855,1920,17,1,500000,1000,,36001.0,0.6307291388511658,0.6446295380592346,0.6187499761581421,0.6446999311447144,134,411077609,3,1
37001,1920,555015,71041920,23520,0.6187499761581421,128,37000,0.15756607055664062,1920,17,1,500000,1000,,37001.0,0.629687488079071,0.6446325182914734,0.6208333373069763,0.6447282433509827,137,411077609,3,1
38001,1920,570015,72961920,23520,0.6208333373069763,128,38000,0.16115903854370117,1920,17,1,500000,1000,,38001.0,0.6317708492279053,0.6446340680122375,0.625,0.6446092128753662,141,411077609,3,1
39001,1920,585015,74881920,23520,0.625,128,39000,0.16472101211547852,1920,17,1,500000,1000,,39001.0,0.6312500238418579,0.6446305513381958,0.6208333373069763,0.6447799205780029,145,411077609,3,1
40001,1920,600015,76801920,23520,0.6208333373069763,128,40000,0.16826725006103516,1920,17,1,500000,1000,,40001.0,0.6307291388511658,0.6446337103843689,0.6229166388511658,0.6444334387779236,149,411077609,3,1
41001,1920,615015,78721920,23520,0.6229166388511658,128,41000,0.17187833786010742,1920,17,1,500000,1000,,41001.0,0.6328125,0.6446304321289062,0.6229166388511658,0.6444869637489319,153,411077609,3,1
42001,1920,630015,80641920,23520,0.6229166388511658,128,42000,0.17545413970947266,1920,17,1,500000,1000,,42001.0,0.6302083134651184,0.644632875919342,0.6229166388511658,0.6444852948188782,156,411077609,3,1
43001,1920,645015,82561920,23520,0.6229166388511658,128,43000,0.17910432815551758,1920,17,1,500000,1000,,43001.0,0.6328125,0.644631028175354,0.625,0.6445716619491577,160,411077609,3,1
44001,1920,660015,84481920,23520,0.625,128,44000,0.18268609046936035,1920,17,1,500000,1000,,44001.0,0.6338541507720947,0.644634485244751,0.6270833611488342,0.6441594362258911,164,411077609,3,1
45001,1920,675015,86401920,23520,0.6270833611488342,128,45000,0.1862642765045166,1920,17,1,500000,1000,,45001.0,0.6322916746139526,0.6446292400360107,0.625,0.6443455815315247,167,411077609,3,1
46001,1920,690015,88321920,23520,0.625,128,46000,0.18980932235717773,1920,17,1,500000,1000,,46001.0,0.6312500238418579,0.6446331739425659,0.625,0.64435875415802,171,411077609,3,1
47001,1920,705015,90241920,23520,0.625,128,47000,0.19337248802185059,1920,17,1,500000,1000,,47001.0,0.6312500238418579,0.6446316242218018,0.6229166388511658,0.6447041630744934,175,411077609,3,1
48001,1920,720015,92161920,23520,0.6229166388511658,128,48000,0.19695043563842773,1920,17,1,500000,1000,,48001.0,0.629687488079071,0.644635021686554,0.625,0.6445735692977905,178,411077609,3,1
49001,1920,735015,94081920,23520,0.625,128,49000,0.20050454139709473,1920,17,1,500000,1000,,49001.0,0.6333333253860474,0.6446279287338257,0.6270833611488342,0.6445016264915466,182,411077609,3,1
50001,1920,750015,96001920,23520,0.6270833611488342,128,50000,0.20404458045959473,1920,17,1,500000,1000,,50001.0,0.6302083134651184,0.6446279287338257,0.6229166388511658,0.6444309949874878,185,411077609,3,1
51001,1920,765015,97921920,23520,0.6229166388511658,128,51000,0.2075817584991455,1920,17,1,500000,1000,,51001.0,0.6312500238418579,0.6446272730827332,0.6208333373069763,0.6446800231933594,189,411077609,3,1
52001,1920,780015,99841920,23520,0.6208333373069763,128,52000,0.2111818790435791,1920,17,1,500000,1000,,52001.0,0.6328125,0.6446292996406555,0.6291666626930237,0.6446065306663513,193,411077609,3,1
53001,1920,795015,101761920,23520,0.6291666626930237,128,53000,0.21475982666015625,1920,17,1,500000,1000,,53001.0,0.6312500238418579,0.6446291208267212,0.6208333373069763,0.644534707069397,196,411077609,3,1
54001,1920,810015,103681920,23520,0.6208333373069763,128,54000,0.21834874153137207,1920,17,1,500000,1000,,54001.0,0.6343749761581421,0.6446296572685242,0.625,0.644679844379425,200,411077609,3,1
55001,1920,825015,105601920,23520,0.625,128,55000,0.2219867706298828,1920,17,1,500000,1000,,55001.0,0.6338541507720947,0.6446324586868286,0.625,0.6447122693061829,204,411077609,3,1
56001,1920,840015,107521920,23520,0.625,128,56000,0.22559785842895508,1920,17,1,500000,1000,,56001.0,0.6328125,0.6446319222450256,0.6270833611488342,0.6445631384849548,208,411077609,3,1
57001,1920,855015,109441920,23520,0.6270833611488342,128,57000,0.22918081283569336,1920,17,1,500000,1000,,57001.0,0.6322916746139526,0.6446291208267212,0.6229166388511658,0.6448778510093689,211,411077609,3,1
58001,1920,870015,111361920,23520,0.6229166388511658,128,58000,0.2327899932861328,1920,17,1,500000,1000,,58001.0,0.6338541507720947,0.6446292996406555,0.625,0.6444053053855896,215,411077609,3,1
59001,1920,885015,113281920,23520,0.625,128,59000,0.23635482788085938,1920,17,1,500000,1000,,59001.0,0.6307291388511658,0.6446296572685242,0.6208333373069763,0.6443207263946533,219,411077609,3,1
60001,1920,900015,115201920,23520,0.6208333373069763,128,60000,0.2399299144744873,1920,17,1,500000,1000,,60001.0,0.629687488079071,0.644630491733551,0.6208333373069763,0.6445278525352478,223,411077609,3,1
61001,1920,915015,117121920,23520,0.6208333373069763,128,61000,0.2435290813446045,1920,17,1,500000,1000,,61001.0,0.6307291388511658,0.6446254849433899,0.6229166388511658,0.6447617411613464,226,411077609,3,1
62001,1920,930015,119041920,23520,0.6229166388511658,128,62000,0.24726200103759766,1920,17,1,500000,1000,,62001.0,0.6328125,0.6446307897567749,0.6291666626930237,0.6443033814430237,230,411077609,3,1
63001,1920,945015,120961920,23520,0.6291666626930237,128,63000,0.25086188316345215,1920,17,1,500000,1000,,63001.0,0.629687488079071,0.6446250677108765,0.6208333373069763,0.6444502472877502,234,411077609,3,1
64001,1920,960015,122881920,23520,0.6208333373069763,128,64000,0.2544589042663574,1920,17,1,500000,1000,,64001.0,0.6338541507720947,0.6446306109428406,0.625,0.644501805305481,237,411077609,3,1
65001,1920,975015,124801920,23520,0.625,128,65000,0.25806379318237305,1920,17,1,500000,1000,,65001.0,0.6333333253860474,0.6446263790130615,0.625,0.6444027423858643,241,411077609,3,1
66001,1920,990015,126721920,23520,0.625,128,66000,0.2616429328918457,1920,17,1,500000,1000,,66001.0,0.6328125,0.6446272730827332,0.625,0.6446516513824463,245,411077609,3,1
67001,1920,1005015,128641920,23520,0.625,128,67000,0.26523303985595703,1920,17,1,500000,1000,,67001.0,0.6328125,0.6446301937103271,0.6229166388511658,0.6445626020431519,248,411077609,3,1
68001,1920,1020015,130561920,23520,0.6229166388511658,128,68000,0.2689540386199951,1920,17,1,500000,1000,,68001.0,0.6338541507720947,0.6446279883384705,0.625,0.6443636417388916,252,411077609,3,1
69001,1920,1035015,132481920,23520,0.625,128,69000,0.27255702018737793,1920,17,1,500000,1000,,69001.0,0.6307291388511658,0.6446277499198914,0.6208333373069763,0.6446207165718079,256,411077609,3,1
70001,1920,1050015,134401920,23520,0.6208333373069763,128,70000,0.27657413482666016,1920,17,1,500000,1000,,70001.0,0.6302083134651184,0.6446272134780884,0.6208333373069763,0.6446787118911743,259,411077609,3,1
71001,1920,1065015,136321920,23520,0.6208333373069763,128,71000,0.28038907051086426,1920,17,1,500000,1000,,71001.0,0.6291666626930237,0.6446309685707092,0.6208333373069763,0.6447752118110657,263,411077609,3,1
72001,1920,1080015,138241920,23520,0.6208333373069763,128,72000,0.28401613235473633,1920,17,1,500000,1000,,72001.0,0.6328125,0.6446312069892883,0.625,0.6443345546722412,268,411077609,3,1
73001,1920,1095015,140161920,23520,0.625,128,73000,0.2877049446105957,1920,17,1,500000,1000,,73001.0,0.6317708492279053,0.6446362137794495,0.6270833611488342,0.6443974375724792,272,411077609,3,1
74001,1920,1110015,142081920,23520,0.6270833611488342,128,74000,0.29143810272216797,1920,17,1,500000,1000,,74001.0,0.6307291388511658,0.6446276307106018,0.6208333373069763,0.6447694301605225,276,411077609,3,1
75001,1920,1125015,144001920,23520,0.6208333373069763,128,75000,0.29508304595947266,1920,17,1,500000,1000,,75001.0,0.629687488079071,0.6446306109428406,0.6208333373069763,0.6446678638458252,280,411077609,3,1
76001,1920,1140015,145921920,23520,0.6208333373069763,128,76000,0.2987210750579834,1920,17,1,500000,1000,,76001.0,0.6333333253860474,0.6446331143379211,0.625,0.6445133090019226,283,411077609,3,1
77001,1920,1155015,147841920,23520,0.625,128,77000,0.3023412227630615,1920,17,1,500000,1000,,77001.0,0.6317708492279053,0.6446309685707092,0.6229166388511658,0.644720196723938,287,411077609,3,1
78001,1920,1170015,149761920,23520,0.6229166388511658,128,78000,0.30600857734680176,1920,17,1,500000,1000,,78001.0,0.6338541507720947,0.6446278691291809,0.625,0.6444717049598694,291,411077609,3,1
79001,1920,1185015,151681920,23520,0.625,128,79000,0.30966758728027344,1920,17,1,500000,1000,,79001.0,0.6328125,0.6446322798728943,0.6270833611488342,0.6443955898284912,294,411077609,3,1
80001,1920,1200015,153601920,23520,0.6270833611488342,128,80000,0.31329774856567383,1920,17,1,500000,1000,,80001.0,0.6307291388511658,0.6446284055709839,0.6208333373069763,0.6444706320762634,298,411077609,3,1
81001,1920,1215015,155521920,23520,0.6208333373069763,128,81000,0.31691479682922363,1920,17,1,500000,1000,,81001.0,0.6328125,0.6446285247802734,0.6291666626930237,0.6442895531654358,302,411077609,3,1
82001,1920,1230015,157441920,23520,0.6291666626930237,128,82000,0.3205444812774658,1920,17,1,500000,1000,,82001.0,0.6322916746139526,0.6446276903152466,0.6229166388511658,0.6444112062454224,305,411077609,3,1
83001,1920,1245015,159361920,23520,0.6229166388511658,128,83000,0.32416319847106934,1920,17,1,500000,1000,,83001.0,0.6333333253860474,0.644629180431366,0.625,0.6445041298866272,309,411077609,3,1
84001,1920,1260015,161281920,23520,0.625,128,84000,0.32785701751708984,1920,17,1,500000,1000,,84001.0,0.6312500238418579,0.6446303129196167,0.6208333373069763,0.6446046233177185,313,411077609,3,1
85001,1920,1275015,163201920,23520,0.6208333373069763,128,85000,0.3314950466156006,1920,17,1,500000,1000,,85001.0,0.6348958611488342,0.6446285843849182,0.625,0.6444821953773499,316,411077609,3,1
86001,1920,1290015,165121920,23520,0.625,128,86000,0.33512306213378906,1920,17,1,500000,1000,,86001.0,0.6312500238418579,0.6446338891983032,0.6208333373069763,0.6447421312332153,320,411077609,3,1
87001,1920,1305015,167041920,23520,0.6208333373069763,128,87000,0.33874011039733887,1920,17,1,500000,1000,,87001.0,0.6328125,0.6446272134780884,0.6270833611488342,0.644616961479187,324,411077609,3,1
88001,1920,1320015,168961920,23520,0.6270833611488342,128,88000,0.34238600730895996,1920,17,1,500000,1000,,88001.0,0.6328125,0.644628643989563,0.6270833611488342,0.6444171071052551,328,411077609,3,1
89001,1920,1335015,170881920,23520,0.6270833611488342,128,89000,0.3460347652435303,1920,17,1,500000,1000,,89001.0,0.6312500238418579,0.6446303129196167,0.6208333373069763,0.6447446346282959,331,411077609,3,1
90001,1920,1350015,172801920,23520,0.6208333373069763,128,90000,0.34993672370910645,1920,17,1,500000,1000,,90001.0,0.6322916746139526,0.6446253657341003,0.6229166388511658,0.6445178389549255,335,411077609,3,1
91001,1920,1365015,174721920,23520,0.6229166388511658,128,91000,0.35358166694641113,1920,17,1,500000,1000,,91001.0,0.6302083134651184,0.6446267366409302,0.6208333373069763,0.6446734666824341,339,411077609,3,1
92001,1920,1380015,176641920,23520,0.6208333373069763,128,92000,0.35730671882629395,1920,17,1,500000,1000,,92001.0,0.6317708492279053,0.6446290612220764,0.6229166388511658,0.6446040868759155,342,411077609,3,1
93001,1920,1395015,178561920,23520,0.6229166388511658,128,93000,0.3609464168548584,1920,17,1,500000,1000,,93001.0,0.6307291388511658,0.6446317434310913,0.6229166388511658,0.6447156071662903,346,411077609,3,1
94001,1920,1410015,180481920,23520,0.6229166388511658,128,94000,0.36456751823425293,1920,17,1,500000,1000,,94001.0,0.6307291388511658,0.6446282267570496,0.6229166388511658,0.644822895526886,350,411077609,3,1
95001,1920,1425015,182401920,23520,0.6229166388511658,128,95000,0.3682124614715576,1920,17,1,500000,1000,,95001.0,0.6333333253860474,0.6446298956871033,0.6270833611488342,0.6443769335746765,353,411077609,3,1
96001,1920,1440015,184321920,23520,0.6270833611488342,128,96000,0.37182164192199707,1920,17,1,500000,1000,,96001.0,0.6328125,0.6446273922920227,0.6229166388511658,0.6444627046585083,357,411077609,3,1
97001,1920,1455015,186241920,23520,0.6229166388511658,128,97000,0.37544775009155273,1920,17,1,500000,1000,,97001.0,0.6333333253860474,0.6446278691291809,0.625,0.6445343494415283,361,411077609,3,1
98001,1920,1470015,188161920,23520,0.625,128,98000,0.3790769577026367,1920,17,1,500000,1000,,98001.0,0.6302083134651184,0.6446263790130615,0.6229166388511658,0.6445321440696716,364,411077609,3,1
99001,1920,1485015,190081920,23520,0.6229166388511658,128,99000,0.3827028274536133,1920,17,1,500000,1000,,99001.0,0.6307291388511658,0.644631028175354,0.6229166388511658,0.6444419026374817,368,411077609,3,1
100001,1920,1500015,192001920,23520,0.6229166388511658,128,100000,0.3866140842437744,1920,17,1,500000,1000,,100001.0,0.6333333253860474,0.6446321606636047,0.6229166388511658,0.6446276307106018,372,411077609,3,1
101001,1920,1515015,193921920,23520,0.6229166388511658,128,101000,0.39025402069091797,1920,17,1,500000,1000,,101001.0,0.6312500238418579,0.6446292400360107,0.6208333373069763,0.6447175741195679,375,411077609,3,1
102001,1920,1530015,195841920,23520,0.6208333373069763,128,102000,0.3939089775085449,1920,17,1,500000,1000,,102001.0,0.6333333253860474,0.6446288228034973,0.6229166388511658,0.6444095969200134,379,411077609,3,1
103001,1920,1545015,197761920,23520,0.6229166388511658,128,103000,0.3975398540496826,1920,17,1,500000,1000,,103001.0,0.6322916746139526,0.6446268558502197,0.6229166388511658,0.6443676352500916,383,411077609,3,1
104001,1920,1560015,199681920,23520,0.6229166388511658,128,104000,0.40117478370666504,1920,17,1,500000,1000,,104001.0,0.6338541507720947,0.6446324586868286,0.6270833611488342,0.6444990038871765,387,411077609,3,1
105001,1920,1575015,201601920,23520,0.6270833611488342,128,105000,0.40479302406311035,1920,17,1,500000,1000,,105001.0,0.6312500238418579,0.6446284651756287,0.625,0.6446513533592224,390,411077609,3,1
106001,1920,1590015,203521920,23520,0.625,128,106000,0.4084200859069824,1920,17,1,500000,1000,,106001.0,0.6322916746139526,0.6446289420127869,0.6270833611488342,0.6446844935417175,394,411077609,3,1
107001,1920,1605015,205441920,23520,0.6270833611488342,128,107000,0.41225123405456543,1920,17,1,500000,1000,,107001.0,0.6322916746139526,0.6446266174316406,0.6208333373069763,0.6446452736854553,398,411077609,3,1
108001,1920,1620015,207361920,23520,0.6208333373069763,128,108000,0.41585421562194824,1920,17,1,500000,1000,,108001.0,0.6322916746139526,0.6446310877799988,0.6229166388511658,0.6444412469863892,401,411077609,3,1
109001,1920,1635015,209281920,23520,0.6229166388511658,128,109000,0.4194793701171875,1920,17,1,500000,1000,,109001.0,0.6333333253860474,0.6446288228034973,0.625,0.6445879340171814,405,411077609,3,1
110001,1920,1650015,211201920,23520,0.625,128,110000,0.4231605529785156,1920,17,1,500000,1000,,110001.0,0.6302083134651184,0.6446338891983032,0.6208333373069763,0.6447407007217407,409,411077609,3,1
111001,1920,1665015,213121920,23520,0.6208333373069763,128,111000,0.42679643630981445,1920,17,1,500000,1000,,111001.0,0.629687488079071,0.6446305513381958,0.6208333373069763,0.6445783376693726,412,411077609,3,1
112001,1920,1680015,215041920,23520,0.6208333373069763,128,112000,0.43041539192199707,1920,17,1,500000,1000,,112001.0,0.6307291388511658,0.6446288824081421,0.6229166388511658,0.6442384719848633,416,411077609,3,1
113001,1920,1695015,216961920,23520,0.6229166388511658,128,113000,0.4340684413909912,1920,17,1,500000,1000,,113001.0,0.6338541507720947,0.6446287035942078,0.6270833611488342,0.6444898247718811,420,411077609,3,1
114001,1920,1710015,218881920,23520,0.6270833611488342,128,114000,0.4376945495605469,1920,17,1,500000,1000,,114001.0,0.6322916746139526,0.6446278691291809,0.625,0.6445614695549011,423,411077609,3,1
115001,1920,1725015,220801920,23520,0.625,128,115000,0.4415156841278076,1920,17,1,500000,1000,,115001.0,0.6322916746139526,0.6446271538734436,0.625,0.6445932984352112,427,411077609,3,1
116001,1920,1740015,222721920,23520,0.625,128,116000,0.4452948570251465,1920,17,1,500000,1000,,116001.0,0.6322916746139526,0.6446303129196167,0.6270833611488342,0.6446612477302551,431,411077609,3,1
117001,1920,1755015,224641920,23520,0.6270833611488342,128,117000,0.4489428997039795,1920,17,1,500000,1000,,117001.0,0.6302083134651184,0.644631028175354,0.6208333373069763,0.6447734832763672,434,411077609,3,1
118001,1920,1770015,226561920,23520,0.6208333373069763,128,118000,0.4525620937347412,1920,17,1,500000,1000,,118001.0,0.6317708492279053,0.6446316838264465,0.625,0.6446031332015991,438,411077609,3,1
119001,1920,1785015,228481920,23520,0.625,128,119000,0.45620012283325195,1920,17,1,500000,1000,,119001.0,0.6322916746139526,0.6446267366409302,0.6208333373069763,0.6446254849433899,442,411077609,3,1
120001,1920,1800015,230401920,23520,0.6208333373069763,128,120000,0.45986223220825195,1920,17,1,500000,1000,,120001.0,0.6307291388511658,0.6446289420127869,0.6229166388511658,0.6444921493530273,445,411077609,3,1
121001,1920,1815015,232321920,23520,0.6229166388511658,128,121000,0.4635045528411865,1920,17,1,500000,1000,,121001.0,0.6322916746139526,0.6446298956871033,0.625,0.6443338394165039,449,411077609,3,1
122001,1920,1830015,234241920,23520,0.625,128,122000,0.4671506881713867,1920,17,1,500000,1000,,122001.0,0.6307291388511658,0.6446349024772644,0.6229166388511658,0.6446672677993774,453,411077609,3,1
123001,1920,1845015,236161920,23520,0.6229166388511658,128,123000,0.47081780433654785,1920,17,1,500000,1000,,123001.0,0.6328125,0.6446317434310913,0.625,0.644591212272644,456,411077609,3,1
124001,1920,1860015,238081920,23520,0.625,128,124000,0.47443079948425293,1920,17,1,500000,1000,,124001.0,0.629687488079071,0.6446353793144226,0.6208333373069763,0.6445655822753906,460,411077609,3,1
125001,1920,1875015,240001920,23520,0.6208333373069763,128,125000,0.47812700271606445,1920,17,1,500000,1000,,125001.0,0.6307291388511658,0.6446279883384705,0.6208333373069763,0.644766092300415,464,411077609,3,1
126001,1920,1890015,241921920,23520,0.6208333373069763,128,126000,0.48176002502441406,1920,17,1,500000,1000,,126001.0,0.6328125,0.6446269154548645,0.625,0.6446725726127625,468,411077609,3,1
127001,1920,1905015,243841920,23520,0.625,128,127000,0.4853520393371582,1920,17,1,500000,1000,,127001.0,0.6333333253860474,0.6446310877799988,0.6229166388511658,0.6442577838897705,471,411077609,3,1
128001,1920,1920015,245761920,23520,0.6229166388511658,128,128000,0.48897814750671387,1920,17,1,500000,1000,,128001.0,0.6302083134651184,0.6446307897567749,0.6208333373069763,0.6445865631103516,475,411077609,3,1
129001,1920,1935015,247681920,23520,0.6208333373069763,128,129000,0.4928407669067383,1920,17,1,500000,1000,,129001.0,0.6307291388511658,0.6446273326873779,0.6229166388511658,0.6444681882858276,479,411077609,3,1
130001,1920,1950015,249601920,23520,0.6229166388511658,128,130000,0.4964256286621094,1920,17,1,500000,1000,,130001.0,0.6338541507720947,0.6446283459663391,0.625,0.6445419192314148,482,411077609,3,1
131001,1920,1965015,251521920,23520,0.625,128,131000,0.5000896453857422,1920,17,1,500000,1000,,131001.0,0.6307291388511658,0.6446326971054077,0.6208333373069763,0.6446987986564636,486,411077609,3,1
132001,1920,1980015,253441920,23520,0.6208333373069763,128,132000,0.5037176609039307,1920,17,1,500000,1000,,132001.0,0.6307291388511658,0.6446294784545898,0.6208333373069763,0.644661009311676,490,411077609,3,1
133001,1920,1995015,255361920,23520,0.6208333373069763,128,133000,0.5073528289794922,1920,17,1,500000,1000,,133001.0,0.6317708492279053,0.6446324586868286,0.625,0.6447547078132629,493,411077609,3,1
134001,1920,2010015,257281920,23520,0.625,128,134000,0.5109860897064209,1920,17,1,500000,1000,,134001.0,0.6328125,0.6446262001991272,0.6229166388511658,0.6444743275642395,497,411077609,3,1
135001,1920,2025015,259201920,23520,0.6229166388511658,128,135000,0.5146238803863525,1920,17,1,500000,1000,,135001.0,0.6338541507720947,0.6446344256401062,0.6291666626930237,0.644489586353302,501,411077609,3,1
136001,1920,2040015,261121920,23520,0.6291666626930237,128,136000,0.5182650089263916,1920,17,1,500000,1000,,136001.0,0.6322916746139526,0.6446278095245361,0.6229166388511658,0.6444886922836304,504,411077609,3,1
137001,1920,2055015,263041920,23520,0.6229166388511658,128,137000,0.5219159126281738,1920,17,1,500000,1000,,137001.0,0.629687488079071,0.6446265578269958,0.6208333373069763,0.6444430947303772,508,411077609,3,1
138001,1920,2070015,264961920,23520,0.6208333373069763,128,138000,0.5255239009857178,1920,17,1,500000,1000,,138001.0,0.6307291388511658,0.6446341276168823,0.6229166388511658,0.644455075263977,512,411077609,3,1
139001,1920,2085015,266881920,23520,0.6229166388511658,128,139000,0.5291378498077393,1920,17,1,500000,1000,,139001.0,0.6322916746139526,0.6446262001991272,0.625,0.6444914937019348,515,411077609,3,1
140001,1920,2100015,268801920,23520,0.625,128,140000,0.5328125953674316,1920,17,1,500000,1000,,140001.0,0.6333333253860474,0.6446318030357361,0.625,0.644432008266449,519,411077609,3,1
141001,1920,2115015,270721920,23520,0.625,128,141000,0.5364725589752197,1920,17,1,500000,1000,,141001.0,0.629687488079071,0.6446308493614197,0.6229166388511658,0.6446544528007507,523,411077609,3,1
142001,1920,2130015,272641920,23520,0.6229166388511658,128,142000,0.5400967597961426,1920,17,1,500000,1000,,142001.0,0.6307291388511658,0.6446266174316406,0.6208333373069763,0.6446647644042969,526,411077609,3,1
143001,1920,2145015,274561920,23520,0.6208333373069763,128,143000,0.5437417030334473,1920,17,1,500000,1000,,143001.0,0.6328125,0.6446298360824585,0.6229166388511658,0.644728422164917,530,411077609,3,1
144001,1920,2160015,276481920,23520,0.6229166388511658,128,144000,0.547386884689331,1920,17,1,500000,1000,,144001.0,0.6338541507720947,0.6446281671524048,0.625,0.644415557384491,534,411077609,3,1
145001,1920,2175015,278401920,23520,0.625,128,145000,0.5509836673736572,1920,17,1,500000,1000,,145001.0,0.6338541507720947,0.6446284055709839,0.625,0.6447859406471252,537,411077609,3,1
146001,1920,2190015,280321920,23520,0.625,128,146000,0.5545835494995117,1920,17,1,500000,1000,,146001.0,0.6322916746139526,0.6446325778961182,0.6291666626930237,0.6442877650260925,541,411077609,3,1
147001,1920,2205015,282241920,23520,0.6291666626930237,128,147000,0.5582153797149658,1920,17,1,500000,1000,,147001.0,0.6328125,0.6446287631988525,0.6270833611488342,0.6445831060409546,545,411077609,3,1
148001,1920,2220015,284161920,23520,0.6270833611488342,128,148000,0.5618412494659424,1920,17,1,500000,1000,,148001.0,0.6328125,0.6446316838264465,0.625,0.6443449854850769,548,411077609,3,1
149001,1920,2235015,286081920,23520,0.625,128,149000,0.5654470920562744,1920,17,1,500000,1000,,149001.0,0.6302083134651184,0.6446254849433899,0.6208333373069763,0.6445797681808472,552,411077609,3,1
150001,1920,2250015,288001920,23520,0.6208333373069763,128,150000,0.5691070556640625,1920,17,1,500000,1000,,150001.0,0.6328125,0.6446337103843689,0.6229166388511658,0.6442270278930664,556,411077609,3,1
151001,1920,2265015,289921920,23520,0.6229166388511658,128,151000,0.5727391242980957,1920,17,1,500000,1000,,151001.0,0.6317708492279053,0.6446322202682495,0.6270833611488342,0.6445389986038208,559,411077609,3,1
152001,1920,2280015,291841920,23520,0.6270833611488342,128,152000,0.5764510631561279,1920,17,1,500000,1000,,152001.0,0.6307291388511658,0.6446302533149719,0.6229166388511658,0.6446298956871033,563,411077609,3,1
153001,1920,2295015,293761920,23520,0.6229166388511658,128,153000,0.5804741382598877,1920,17,1,500000,1000,,153001.0,0.6333333253860474,0.644626259803772,0.625,0.6445192694664001,567,411077609,3,1
154001,1920,2310015,295681920,23520,0.625,128,154000,0.5842761993408203,1920,17,1,500000,1000,,154001.0,0.6328125,0.6446260809898376,0.6270833611488342,0.6445916891098022,571,411077609,3,1
155001,1920,2325015,297601920,23520,0.6270833611488342,128,155000,0.5879650115966797,1920,17,1,500000,1000,,155001.0,0.6317708492279053,0.6446317434310913,0.625,0.6447134017944336,575,411077609,3,1
156001,1920,2340015,299521920,23520,0.625,128,156000,0.5919163227081299,1920,17,1,500000,1000,,156001.0,0.6307291388511658,0.6446278095245361,0.625,0.6446177363395691,579,411077609,3,1
157001,1920,2355015,301441920,23520,0.625,128,157000,0.5955643653869629,1920,17,1,500000,1000,,157001.0,0.6312500238418579,0.6446279287338257,0.6208333373069763,0.6447471380233765,583,411077609,3,1
158001,1920,2370015,303361920,23520,0.6208333373069763,128,158000,0.5992872714996338,1920,17,1,500000,1000,,158001.0,0.6333333253860474,0.644632875919342,0.625,0.6445752382278442,586,411077609,3,1
159001,1920,2385015,305281920,23520,0.625,128,159000,0.602910041809082,1920,17,1,500000,1000,,159001.0,0.6312500238418579,0.6446314454078674,0.6208333373069763,0.6445032954216003,590,411077609,3,1
160001,1920,2400015,307201920,23520,0.6208333373069763,128,160000,0.6065390110015869,1920,17,1,500000,1000,,160001.0,0.6333333253860474,0.6446301937103271,0.625,0.6444570422172546,594,411077609,3,1
161001,1920,2415015,309121920,23520,0.625,128,161000,0.6103792190551758,1920,17,1,500000,1000,,161001.0,0.6333333253860474,0.6446285247802734,0.625,0.6446307897567749,598,411077609,3,1
162001,1920,2430015,311041920,23520,0.625,128,162000,0.6141142845153809,1920,17,1,500000,1000,,162001.0,0.6322916746139526,0.6446278095245361,0.6208333373069763,0.6446501016616821,602,411077609,3,1
163001,1920,2445015,312961920,23520,0.6208333373069763,128,163000,0.6177823543548584,1920,17,1,500000,1000,,163001.0,0.6333333253860474,0.6446304321289062,0.6270833611488342,0.6445221304893494,606,411077609,3,1
164001,1920,2460015,314881920,23520,0.6270833611488342,128,164000,0.6217141151428223,1920,17,1,500000,1000,,164001.0,0.6328125,0.6446298360824585,0.6270833611488342,0.644365668296814,610,411077609,3,1
165001,1920,2475015,316801920,23520,0.6270833611488342,128,165000,0.6253809928894043,1920,17,1,500000,1000,,165001.0,0.6328125,0.6446295976638794,0.6291666626930237,0.6444091200828552,614,411077609,3,1
166001,1920,2490015,318721920,23520,0.6291666626930237,128,166000,0.629044771194458,1920,17,1,500000,1000,,166001.0,0.6322916746139526,0.6446362733840942,0.6270833611488342,0.6443517804145813,618,411077609,3,1
167001,1920,2505015,320641920,23520,0.6270833611488342,128,167000,0.6334178447723389,1920,17,1,500000,1000,,167001.0,0.6328125,0.6446319222450256,0.625,0.6444424986839294,622,411077609,3,1
168001,1920,2520015,322561920,23520,0.625,128,168000,0.6379938125610352,1920,17,1,500000,1000,,168001.0,0.6322916746139526,0.644629180431366,0.6208333373069763,0.6446773409843445,626,411077609,3,1
169001,1920,2535015,324481920,23520,0.6208333373069763,128,169000,0.6419239044189453,1920,17,1,500000,1000,,169001.0,0.6322916746139526,0.6446288228034973,0.6208333373069763,0.6445421576499939,630,411077609,3,1
170001,1920,2550015,326401920,23520,0.6208333373069763,128,170000,0.6456129550933838,1920,17,1,500000,1000,,170001.0,0.6312500238418579,0.6446349024772644,0.6270833611488342,0.6443894505500793,633,411077609,3,1
171001,1920,2565015,328321920,23520,0.6270833611488342,128,171000,0.6492650508880615,1920,17,1,500000,1000,,171001.0,0.6286458373069763,0.6446309685707092,0.625,0.6446654796600342,637,411077609,3,1
172001,1920,2580015,330241920,23520,0.625,128,172000,0.6529331207275391,1920,17,1,500000,1000,,172001.0,0.6317708492279053,0.6446365118026733,0.6291666626930237,0.6441627740859985,641,411077609,3,1
173001,1920,2595015,332161920,23520,0.6291666626930237,128,173000,0.6566140651702881,1920,17,1,500000,1000,,173001.0,0.6348958611488342,0.6446282863616943,0.625,0.644331693649292,645,411077609,3,1
174001,1920,2610015,334081920,23520,0.625,128,174000,0.6602771282196045,1920,17,1,500000,1000,,174001.0,0.6322916746139526,0.6446297764778137,0.625,0.6446024179458618,649,411077609,3,1
175001,1920,2625015,336001920,23520,0.625,128,175000,0.6649911403656006,1920,17,1,500000,1000,,175001.0,0.6328125,0.6446295976638794,0.625,0.6444198489189148,653,411077609,3,1
176001,1920,2640015,337921920,23520,0.625,128,176000,0.6688079833984375,1920,17,1,500000,1000,,176001.0,0.6333333253860474,0.6446295976638794,0.625,0.6444528102874756,657,411077609,3,1
177001,1920,2655015,339841920,23520,0.625,128,177000,0.6727156639099121,1920,17,1,500000,1000,,177001.0,0.6291666626930237,0.6446311473846436,0.6187499761581421,0.6448207497596741,661,411077609,3,1
178001,1920,2670015,341761920,23520,0.6187499761581421,128,178000,0.6764805316925049,1920,17,1,500000,1000,,178001.0,0.629687488079071,0.6446282863616943,0.6208333373069763,0.6447389125823975,665,411077609,3,1
179001,1920,2685015,343681920,23520,0.6208333373069763,128,179000,0.6803886890411377,1920,17,1,500000,1000,,179001.0,0.6312500238418579,0.6446363925933838,0.6208333373069763,0.6445874571800232,669,411077609,3,1
180001,1920,2700015,345601920,23520,0.6208333373069763,128,180000,0.6840486526489258,1920,17,1,500000,1000,,180001.0,0.6338541507720947,0.6446260809898376,0.625,0.6446428298950195,672,411077609,3,1
181001,1920,2715015,347521920,23520,0.625,128,181000,0.687713623046875,1920,17,1,500000,1000,,181001.0,0.6338541507720947,0.6446312069892883,0.625,0.6446027159690857,676,411077609,3,1
182001,1920,2730015,349441920,23520,0.625,128,182000,0.6913723945617676,1920,17,1,500000,1000,,182001.0,0.6312500238418579,0.6446298360824585,0.6208333373069763,0.6445955634117126,680,411077609,3,1
183001,1920,2745015,351361920,23520,0.6208333373069763,128,183000,0.6952130794525146,1920,17,1,500000,1000,,183001.0,0.6291666626930237,0.6446303725242615,0.6208333373069763,0.6445512175559998,684,411077609,3,1
184001,1920,2760015,353281920,23520,0.6208333373069763,128,184000,0.698876142501831,1920,17,1,500000,1000,,184001.0,0.6348958611488342,0.6446319818496704,0.625,0.6447381973266602,687,411077609,3,1
185001,1920,2775015,355201920,23520,0.625,128,185000,0.7024602890014648,1920,17,1,500000,1000,,185001.0,0.6322916746139526,0.6446301937103271,0.625,0.6447674036026001,691,411077609,3,1
186001,1920,2790015,357121920,23520,0.625,128,186000,0.7060620784759521,1920,17,1,500000,1000,,186001.0,0.6322916746139526,0.6446310877799988,0.6291666626930237,0.6444699168205261,695,411077609,3,1
187001,1920,2805015,359041920,23520,0.6291666626930237,128,187000,0.709831953048706,1920,17,1,500000,1000,,187001.0,0.6322916746139526,0.6446276903152466,0.6208333373069763,0.6449796557426453,698,411077609,3,1
188001,1920,2820015,360961920,23520,0.6208333373069763,128,188000,0.7134838104248047,1920,17,1,500000,1000,,188001.0,0.6312500238418579,0.6446304321289062,0.6270833611488342,0.644641101360321,702,411077609,3,1
189001,1920,2835015,362881920,23520,0.6270833611488342,128,189000,0.7170877456665039,1920,17,1,500000,1000,,189001.0,0.6338541507720947,0.6446303129196167,0.625,0.6443915963172913,706,411077609,3,1
190001,1920,2850015,364801920,23520,0.625,128,190000,0.7206995487213135,1920,17,1,500000,1000,,190001.0,0.6317708492279053,0.6446302533149719,0.6229166388511658,0.6445443034172058,709,411077609,3,1
191001,1920,2865015,366721920,23520,0.6229166388511658,128,191000,0.7243466377258301,1920,17,1,500000,1000,,191001.0,0.6312500238418579,0.6446271538734436,0.6208333373069763,0.6445929408073425,713,411077609,3,1
192001,1920,2880015,368641920,23520,0.6208333373069763,128,192000,0.7279825210571289,1920,17,1,500000,1000,,192001.0,0.6312500238418579,0.6446365714073181,0.6270833611488342,0.6444478631019592,717,411077609,3,1
193001,1920,2895015,370561920,23520,0.6270833611488342,128,193000,0.7316055297851562,1920,17,1,500000,1000,,193001.0,0.6338541507720947,0.6446320414543152,0.625,0.644294798374176,721,411077609,3,1
194001,1920,2910015,372481920,23520,0.625,128,194000,0.7352056503295898,1920,17,1,500000,1000,,194001.0,0.6328125,0.644630491733551,0.6270833611488342,0.6445048451423645,724,411077609,3,1
195001,1920,2925015,374401920,23520,0.6270833611488342,128,195000,0.7388405799865723,1920,17,1,500000,1000,,195001.0,0.6312500238418579,0.6446312069892883,0.6208333373069763,0.6447681784629822,728,411077609,3,1
196001,1920,2940015,376321920,23520,0.6208333373069763,128,196000,0.7424445152282715,1920,17,1,500000,1000,,196001.0,0.629687488079071,0.6446340084075928,0.6229166388511658,0.6445532441139221,732,411077609,3,1
197001,1920,2955015,378241920,23520,0.6229166388511658,128,197000,0.7461254596710205,1920,17,1,500000,1000,,197001.0,0.6343749761581421,0.6446276903152466,0.6270833611488342,0.6447069048881531,735,411077609,3,1
198001,1920,2970015,380161920,23520,0.6270833611488342,128,198000,0.7497434616088867,1920,17,1,500000,1000,,198001.0,0.6333333253860474,0.6446319818496704,0.625,0.6447346806526184,739,411077609,3,1
199001,1920,2985015,382081920,23520,0.625,128,199000,0.7533524036407471,1920,17,1,500000,1000,,199001.0,0.6312500238418579,0.6446283459663391,0.625,0.64456707239151,743,411077609,3,1
200001,1920,3000015,384001920,23520,0.625,128,200000,0.7572064399719238,1920,17,1,500000,1000,,200001.0,0.6333333253860474,0.6446358561515808,0.6229166388511658,0.64485764503479,746,411077609,3,1
201001,1920,3015015,385921920,23520,0.6229166388511658,128,201000,0.7608044147491455,1920,17,1,500000,1000,,201001.0,0.6333333253860474,0.6446342468261719,0.6229166388511658,0.6447994112968445,750,411077609,3,1
202001,1920,3030015,387841920,23520,0.6229166388511658,128,202000,0.7644176483154297,1920,17,1,500000,1000,,202001.0,0.6302083134651184,0.6446293592453003,0.6208333373069763,0.6446449756622314,754,411077609,3,1
203001,1920,3045015,389761920,23520,0.6208333373069763,128,203000,0.7680337429046631,1920,17,1,500000,1000,,203001.0,0.629687488079071,0.6446296572685242,0.6208333373069763,0.6446596384048462,757,411077609,3,1
204001,1920,3060015,391681920,23520,0.6208333373069763,128,204000,0.7716677188873291,1920,17,1,500000,1000,,204001.0,0.6302083134651184,0.6446358561515808,0.6229166388511658,0.6448056697845459,761,411077609,3,1
205001,1920,3075015,393601920,23520,0.6229166388511658,128,205000,0.7752895355224609,1920,17,1,500000,1000,,205001.0,0.6317708492279053,0.6446292996406555,0.6208333373069763,0.6446624994277954,765,411077609,3,1
206001,1920,3090015,395521920,23520,0.6208333373069763,128,206000,0.7788965702056885,1920,17,1,500000,1000,,206001.0,0.6338541507720947,0.6446279287338257,0.625,0.644676148891449,768,411077609,3,1
207001,1920,3105015,397441920,23520,0.625,128,207000,0.7825384140014648,1920,17,1,500000,1000,,207001.0,0.6322916746139526,0.6446308493614197,0.625,0.6442891359329224,772,411077609,3,1
208001,1920,3120015,399361920,23520,0.625,128,208000,0.7861824035644531,1920,17,1,500000,1000,,208001.0,0.6312500238418579,0.6446293592453003,0.6208333373069763,0.6445550322532654,776,411077609,3,1
209001,1920,3135015,401281920,23520,0.6208333373069763,128,209000,0.7897822856903076,1920,17,1,500000,1000,,209001.0,0.6322916746139526,0.6446279883384705,0.625,0.6444218754768372,779,411077609,3,1
210001,1920,3150015,403201920,23520,0.625,128,210000,0.7934012413024902,1920,17,1,500000,1000,,210001.0,0.6322916746139526,0.6446323990821838,0.6270833611488342,0.6446053981781006,783,411077609,3,1
211001,1920,3165015,405121920,23520,0.6270833611488342,128,211000,0.797039270401001,1920,17,1,500000,1000,,211001.0,0.6338541507720947,0.6446272730827332,0.625,0.6443127393722534,787,411077609,3,1
212001,1920,3180015,407041920,23520,0.625,128,212000,0.8006362915039062,1920,17,1,500000,1000,,212001.0,0.6333333253860474,0.6446287631988525,0.6270833611488342,0.64454185962677,790,411077609,3,1
213001,1920,3195015,408961920,23520,0.6270833611488342,128,213000,0.8042492866516113,1920,17,1,500000,1000,,213001.0,0.6338541507720947,0.644636332988739,0.6270833611488342,0.6442276835441589,794,411077609,3,1
214001,1920,3210015,410881920,23520,0.6270833611488342,128,214000,0.8081085681915283,1920,17,1,500000,1000,,214001.0,0.6302083134651184,0.6446332335472107,0.6229166388511658,0.6446181535720825,798,411077609,3,1
215001,1920,3225015,412801920,23520,0.6229166388511658,128,215000,0.8119597434997559,1920,17,1,500000,1000,,215001.0,0.6312500238418579,0.6446323990821838,0.6208333373069763,0.6444693207740784,801,411077609,3,1
216001,1920,3240015,414721920,23520,0.6208333373069763,128,216000,0.815584659576416,1920,17,1,500000,1000,,216001.0,0.6322916746139526,0.6446306705474854,0.625,0.6445031762123108,805,411077609,3,1
217001,1920,3255015,416641920,23520,0.625,128,217000,0.8191807270050049,1920,17,1,500000,1000,,217001.0,0.629687488079071,0.6446287035942078,0.6229166388511658,0.6447278261184692,809,411077609,3,1
218001,1920,3270015,418561920,23520,0.6229166388511658,128,218000,0.8227496147155762,1920,17,1,500000,1000,,218001.0,0.6322916746139526,0.6446265578269958,0.6229166388511658,0.6443329453468323,813,411077609,3,1
219001,1920,3285015,420481920,23520,0.6229166388511658,128,219000,0.8263709545135498,1920,17,1,500000,1000,,219001.0,0.6338541507720947,0.6446312665939331,0.6270833611488342,0.6445039510726929,816,411077609,3,1
220001,1920,3300015,422401920,23520,0.6270833611488342,128,220000,0.8300650119781494,1920,17,1,500000,1000,,220001.0,0.6333333253860474,0.6446306109428406,0.6229166388511658,0.6447738409042358,820,411077609,3,1
221001,1920,3315015,424321920,23520,0.6229166388511658,128,221000,0.8336632251739502,1920,17,1,500000,1000,,221001.0,0.6328125,0.6446290612220764,0.6270833611488342,0.6445063352584839,824,411077609,3,1
222001,1920,3330015,426241920,23520,0.6270833611488342,128,222000,0.8374700546264648,1920,17,1,500000,1000,,222001.0,0.6333333253860474,0.6446296572685242,0.625,0.6446756720542908,827,411077609,3,1
223001,1920,3345015,428161920,23520,0.625,128,223000,0.841109037399292,1920,17,1,500000,1000,,223001.0,0.6328125,0.6446285247802734,0.625,0.6444661021232605,831,411077609,3,1
224001,1920,3360015,430081920,23520,0.625,128,224000,0.8447389602661133,1920,17,1,500000,1000,,224001.0,0.6322916746139526,0.6446343064308167,0.6229166388511658,0.6442493200302124,835,411077609,3,1
225001,1920,3375015,432001920,23520,0.6229166388511658,128,225000,0.8483660221099854,1920,17,1,500000,1000,,225001.0,0.6322916746139526,0.6446273922920227,0.625,0.644515872001648,838,411077609,3,1
226001,1920,3390015,433921920,23520,0.625,128,226000,0.8520100116729736,1920,17,1,500000,1000,,226001.0,0.6328125,0.6446292996406555,0.625,0.6446018218994141,842,411077609,3,1
227001,1920,3405015,435841920,23520,0.625,128,227000,0.8556628227233887,1920,17,1,500000,1000,,227001.0,0.6302083134651184,0.6446276307106018,0.6208333373069763,0.6447061896324158,846,411077609,3,1
228001,1920,3420015,437761920,23520,0.6208333373069763,128,228000,0.8593258857727051,1920,17,1,500000,1000,,228001.0,0.6333333253860474,0.6446300745010376,0.625,0.644367516040802,850,411077609,3,1
229001,1920,3435015,439681920,23520,0.625,128,229000,0.8629510402679443,1920,17,1,500000,1000,,229001.0,0.6307291388511658,0.6446335911750793,0.6208333373069763,0.6448734402656555,853,411077609,3,1
230001,1920,3450015,441601920,23520,0.6208333373069763,128,230000,0.8666260242462158,1920,17,1,500000,1000,,230001.0,0.6333333253860474,0.6446281671524048,0.625,0.6447415947914124,857,411077609,3,1
231001,1920,3465015,443521920,23520,0.625,128,231000,0.870358943939209,1920,17,1,500000,1000,,231001.0,0.6328125,0.6446265578269958,0.625,0.6446605324745178,861,411077609,3,1
232001,1920,3480015,445441920,23520,0.625,128,232000,0.8740818500518799,1920,17,1,500000,1000,,232001.0,0.6317708492279053,0.6446297764778137,0.6229166388511658,0.6445185542106628,865,411077609,3,1
233001,1920,3495015,447361920,23520,0.6229166388511658,128,233000,0.8779318332672119,1920,17,1,500000,1000,,233001.0,0.6312500238418579,0.6446365714073181,0.6270833611488342,0.6444733142852783,868,411077609,3,1
234001,1920,3510015,449281920,23520,0.6270833611488342,128,234000,0.8819417953491211,1920,17,1,500000,1000,,234001.0,0.6317708492279053,0.6446313858032227,0.6208333373069763,0.6444259285926819,872,411077609,3,1
235001,1920,3525015,451201920,23520,0.6208333373069763,128,235000,0.8859727382659912,1920,17,1,500000,1000,,235001.0,0.6322916746139526,0.6446287631988525,0.6270833611488342,0.6444004774093628,876,411077609,3,1
236001,1920,3540015,453121920,23520,0.6270833611488342,128,236000,0.8896784782409668,1920,17,1,500000,1000,,236001.0,0.6328125,0.6446288228034973,0.625,0.6443660855293274,880,411077609,3,1
237001,1920,3555015,455041920,23520,0.625,128,237000,0.893397331237793,1920,17,1,500000,1000,,237001.0,0.6307291388511658,0.6446333527565002,0.6229166388511658,0.6446534991264343,884,411077609,3,1
238001,1920,3570015,456961920,23520,0.6229166388511658,128,238000,0.8970861434936523,1920,17,1,500000,1000,,238001.0,0.6302083134651184,0.6446296572685242,0.6208333373069763,0.6446539759635925,887,411077609,3,1
239001,1920,3585015,458881920,23520,0.6208333373069763,128,239000,0.9007503986358643,1920,17,1,500000,1000,,239001.0,0.6312500238418579,0.6446292996406555,0.625,0.6446229815483093,891,411077609,3,1
240001,1920,3600015,460801920,23520,0.625,128,240000,0.9045364856719971,1920,17,1,500000,1000,,240001.0,0.6328125,0.644631028175354,0.6291666626930237,0.64467853307724,895,411077609,3,1
241001,1920,3615015,462721920,23520,0.6291666626930237,128,241000,0.9082446098327637,1920,17,1,500000,1000,,241001.0,0.6317708492279053,0.6446305513381958,0.6270833611488342,0.6443818807601929,899,411077609,3,1
242001,1920,3630015,464641920,23520,0.6270833611488342,128,242000,0.911888837814331,1920,17,1,500000,1000,,242001.0,0.6307291388511658,0.6446312069892883,0.6208333373069763,0.6446197032928467,902,411077609,3,1
243001,1920,3645015,466561920,23520,0.6208333373069763,128,243000,0.915496826171875,1920,17,1,500000,1000,,243001.0,0.6312500238418579,0.6446329355239868,0.6208333373069763,0.6445058584213257,906,411077609,3,1
244001,1920,3660015,468481920,23520,0.6208333373069763,128,244000,0.9191389083862305,1920,17,1,500000,1000,,244001.0,0.6286458373069763,0.6446332931518555,0.6208333373069763,0.6446600556373596,910,411077609,3,1
245001,1920,3675015,470401920,23520,0.6208333373069763,128,245000,0.9227709770202637,1920,17,1,500000,1000,,245001.0,0.6343749761581421,0.6446263790130615,0.625,0.6445299983024597,914,411077609,3,1
246001,1920,3690015,472321920,23520,0.625,128,246000,0.926400899887085,1920,17,1,500000,1000,,246001.0,0.6338541507720947,0.6446278691291809,0.625,0.644465446472168,917,411077609,3,1
247001,1920,3705015,474241920,23520,0.625,128,247000,0.9299910068511963,1920,17,1,500000,1000,,247001.0,0.6312500238418579,0.6446319222450256,0.6208333373069763,0.6445920467376709,921,411077609,3,1
248001,1920,3720015,476161920,23520,0.6208333373069763,128,248000,0.9336361885070801,1920,17,1,500000,1000,,248001.0,0.6338541507720947,0.6446313261985779,0.625,0.6443721652030945,925,411077609,3,1
249001,1920,3735015,478081920,23520,0.625,128,249000,0.9371681213378906,1920,17,1,500000,1000,,249001.0,0.6338541507720947,0.6446279287338257,0.625,0.644548773765564,929,411077609,3,1
250001,1920,3750015,480001920,23520,0.625,128,250000,0.941209077835083,1920,17,1,500000,1000,,250001.0,0.6328125,0.6446296572685242,0.625,0.6444764733314514,935,411077609,3,1
251001,1920,3765015,481921920,23520,0.625,128,251000,0.9447462558746338,1920,17,1,500000,1000,,251001.0,0.6322916746139526,0.6446264386177063,0.625,0.6446996927261353,939,411077609,3,1
252001,1920,3780015,483841920,23520,0.625,128,252000,0.9487171173095703,1920,17,1,500000,1000,,252001.0,0.6338541507720947,0.6446288228034973,0.6270833611488342,0.6444569230079651,943,411077609,3,1
253001,1920,3795015,485761920,23520,0.6270833611488342,128,253000,0.9524259567260742,1920,17,1,500000,1000,,253001.0,0.6338541507720947,0.6446269750595093,0.6270833611488342,0.6444022059440613,947,411077609,3,1
254001,1920,3810015,487681920,23520,0.6270833611488342,128,254000,0.956122875213623,1920,17,1,500000,1000,,254001.0,0.6338541507720947,0.6446288824081421,0.625,0.6444482803344727,951,411077609,3,1
255001,1920,3825015,489601920,23520,0.625,128,255000,0.9596669673919678,1920,17,1,500000,1000,,255001.0,0.6338541507720947,0.6446267366409302,0.625,0.6444950103759766,955,411077609,3,1
256001,1920,3840015,491521920,23520,0.625,128,256000,0.9632179737091064,1920,17,1,500000,1000,,256001.0,0.6322916746139526,0.6446272134780884,0.6291666626930237,0.6446133852005005,959,411077609,3,1
257001,1920,3855015,493441920,23520,0.6291666626930237,128,257000,0.9667401313781738,1920,17,1,500000,1000,,257001.0,0.6322916746139526,0.6446312665939331,0.625,0.644439160823822,963,411077609,3,1
258001,1920,3870015,495361920,23520,0.625,128,258000,0.9702732563018799,1920,17,1,500000,1000,,258001.0,0.6348958611488342,0.6446323394775391,0.6270833611488342,0.6446862816810608,967,411077609,3,1
259001,1920,3885015,497281920,23520,0.6270833611488342,128,259000,0.973853349685669,1920,17,1,500000,1000,,259001.0,0.6302083134651184,0.6446302533149719,0.6208333373069763,0.6449528336524963,971,411077609,3,1
260001,1920,3900015,499201920,23520,0.6208333373069763,128,260000,0.9774923324584961,1920,17,1,500000,1000,,260001.0,0.6328125,0.6446295976638794,0.625,0.6445932984352112,975,411077609,3,1
261001,1920,3915015,501121920,23520,0.625,128,261000,0.9810810089111328,1920,17,1,500000,1000,,261001.0,0.6322916746139526,0.6446293592453003,0.625,0.644468367099762,979,411077609,3,1
262001,1920,3930015,503041920,23520,0.625,128,262000,0.9846189022064209,1920,17,1,500000,1000,,262001.0,0.6338541507720947,0.6446279287338257,0.6270833611488342,0.6444340348243713,983,411077609,3,1
263001,1920,3945015,504961920,23520,0.6270833611488342,128,263000,0.9881649017333984,1920,17,1,500000,1000,,263001.0,0.6312500238418579,0.6446338891983032,0.6229166388511658,0.6446507573127747,987,411077609,3,1
264001,1920,3960015,506881920,23520,0.6229166388511658,128,264000,0.991743803024292,1920,17,1,500000,1000,,264001.0,0.6322916746139526,0.6446353793144226,0.6208333373069763,0.6446354985237122,991,411077609,3,1
265001,1920,3975015,508801920,23520,0.6208333373069763,128,265000,1.016124963760376,1920,17,1,500000,1000,,265001.0,0.6312500238418579,0.6446337103843689,0.6208333373069763,0.6445185542106628,995,411077609,3,1
266001,1920,3990015,510721920,23520,0.6208333373069763,128,266000,1.0196812152862549,1920,17,1,500000,1000,,266001.0,0.6322916746139526,0.6446269750595093,0.6208333373069763,0.6445944905281067,999,411077609,3,1
267001,1920,4005015,512641920,23520,0.6208333373069763,128,267000,1.0233850479125977,1920,17,1,500000,1000,,267001.0,0.6322916746139526,0.6446309685707092,0.625,0.64463210105896,1002,411077609,3,1
268001,1920,4020015,514561920,23520,0.625,128,268000,1.0269181728363037,1920,17,1,500000,1000,,268001.0,0.6317708492279053,0.6446305513381958,0.625,0.6442114114761353,1006,411077609,3,1
269001,1920,4035015,516481920,23520,0.625,128,269000,1.0304572582244873,1920,17,1,500000,1000,,269001.0,0.6338541507720947,0.6446399092674255,0.6270833611488342,0.6445693373680115,1011,411077609,3,1
270001,1920,4050015,518401920,23520,0.6270833611488342,128,270000,1.0340001583099365,1920,17,1,500000,1000,,270001.0,0.6333333253860474,0.6446282863616943,0.6229166388511658,0.6445387601852417,1015,411077609,3,1
271001,1920,4065015,520321920,23520,0.6229166388511658,128,271000,1.0375699996948242,1920,17,1,500000,1000,,271001.0,0.629687488079071,0.6446381211280823,0.6229166388511658,0.6442119479179382,1018,411077609,3,1
272001,1920,4080015,522241920,23520,0.6229166388511658,128,272000,1.041111946105957,1920,17,1,500000,1000,,272001.0,0.6312500238418579,0.6446282863616943,0.6229166388511658,0.6445288062095642,1022,411077609,3,1
273001,1920,4095015,524161920,23520,0.6229166388511658,128,273000,1.044668197631836,1920,17,1,500000,1000,,273001.0,0.629687488079071,0.6446303725242615,0.6208333373069763,0.6447330117225647,1026,411077609,3,1
274001,1920,4110015,526081920,23520,0.6208333373069763,128,274000,1.0482280254364014,1920,17,1,500000,1000,,274001.0,0.629687488079071,0.6446276307106018,0.6208333373069763,0.6448349356651306,1030,411077609,3,1
275001,1920,4125015,528001920,23520,0.6208333373069763,128,275000,1.0518901348114014,1920,17,1,500000,1000,,275001.0,0.6338541507720947,0.64462810754776,0.625,0.6445508599281311,1034,411077609,3,1
276001,1920,4140015,529921920,23520,0.625,128,276000,1.0554769039154053,1920,17,1,500000,1000,,276001.0,0.6343749761581421,0.6446322202682495,0.625,0.6445378661155701,1038,411077609,3,1
277001,1920,4155015,531841920,23520,0.625,128,277000,1.0592026710510254,1920,17,1,500000,1000,,277001.0,0.6338541507720947,0.6446318030357361,0.625,0.6443958878517151,1042,411077609,3,1
278001,1920,4170015,533761920,23520,0.625,128,278000,1.0627458095550537,1920,17,1,500000,1000,,278001.0,0.6322916746139526,0.644631028175354,0.6208333373069763,0.6447017788887024,1046,411077609,3,1
279001,1920,4185015,535681920,23520,0.6208333373069763,128,279000,1.0666005611419678,1920,17,1,500000,1000,,279001.0,0.6312500238418579,0.6446338891983032,0.625,0.6443851590156555,1050,411077609,3,1
280001,1920,4200015,537601920,23520,0.625,128,280000,1.0701477527618408,1920,17,1,500000,1000,,280001.0,0.6328125,0.6446295976638794,0.625,0.6446804404258728,1054,411077609,3,1
281001,1920,4215015,539521920,23520,0.625,128,281000,1.0736877918243408,1920,17,1,500000,1000,,281001.0,0.6312500238418579,0.6446269750595093,0.6208333373069763,0.6445927023887634,1057,411077609,3,1
282001,1920,4230015,541441920,23520,0.6208333373069763,128,282000,1.0772387981414795,1920,17,1,500000,1000,,282001.0,0.6333333253860474,0.6446273922920227,0.625,0.644584059715271,1061,411077609,3,1
283001,1920,4245015,543361920,23520,0.625,128,283000,1.080981731414795,1920,17,1,500000,1000,,283001.0,0.6333333253860474,0.6446295380592346,0.6229166388511658,0.6445815563201904,1065,411077609,3,1
284001,1920,4260015,545281920,23520,0.6229166388511658,128,284000,1.0845398902893066,1920,17,1,500000,1000,,284001.0,0.6322916746139526,0.6446305513381958,0.6229166388511658,0.6444955468177795,1069,411077609,3,1
285001,1920,4275015,547201920,23520,0.6229166388511658,128,285000,1.0881617069244385,1920,17,1,500000,1000,,285001.0,0.6343749761581421,0.6446365118026733,0.625,0.6444012522697449,1073,411077609,3,1
286001,1920,4290015,549121920,23520,0.625,128,286000,1.0916996002197266,1920,17,1,500000,1000,,286001.0,0.6338541507720947,0.6446312069892883,0.6270833611488342,0.6443608999252319,1077,411077609,3,1
287001,1920,4305015,551041920,23520,0.6270833611488342,128,287000,1.0952975749969482,1920,17,1,500000,1000,,287001.0,0.6302083134651184,0.6446337103843689,0.6208333373069763,0.6447733044624329,1081,411077609,3,1
288001,1920,4320015,552961920,23520,0.6208333373069763,128,288000,1.098815679550171,1920,17,1,500000,1000,,288001.0,0.6333333253860474,0.6446265578269958,0.6229166388511658,0.6445706486701965,1085,411077609,3,1
289001,1920,4335015,554881920,23520,0.6229166388511658,128,289000,1.1025457382202148,1920,17,1,500000,1000,,289001.0,0.6328125,0.6446326971054077,0.625,0.6442461013793945,1089,411077609,3,1
290001,1920,4350015,556801920,23520,0.625,128,290000,1.1061069965362549,1920,17,1,500000,1000,,290001.0,0.6312500238418579,0.6446287631988525,0.6208333373069763,0.6446312665939331,1093,411077609,3,1
291001,1920,4365015,558721920,23520,0.6208333373069763,128,291000,1.1096715927124023,1920,17,1,500000,1000,,291001.0,0.6322916746139526,0.6446303725242615,0.6270833611488342,0.6443050503730774,1097,411077609,3,1
292001,1920,4380015,560641920,23520,0.6270833611488342,128,292000,1.1139864921569824,1920,17,1,500000,1000,,292001.0,0.6312500238418579,0.6446291208267212,0.6208333373069763,0.6447533965110779,1101,411077609,3,1
293001,1920,4395015,562561920,23520,0.6208333373069763,128,293000,1.1175377368927002,1920,17,1,500000,1000,,293001.0,0.6302083134651184,0.6446306705474854,0.6208333373069763,0.6447557806968689,1105,411077609,3,1
294001,1920,4410015,564481920,23520,0.6208333373069763,128,294000,1.121628761291504,1920,17,1,500000,1000,,294001.0,0.6317708492279053,0.644637405872345,0.6270833611488342,0.6445445418357849,1109,411077609,3,1
295001,1920,4425015,566401920,23520,0.6270833611488342,128,295000,1.1259288787841797,1920,17,1,500000,1000,,295001.0,0.6322916746139526,0.6446290612220764,0.625,0.6445298790931702,1113,411077609,3,1
296001,1920,4440015,568321920,23520,0.625,128,296000,1.1294739246368408,1920,17,1,500000,1000,,296001.0,0.629687488079071,0.6446325778961182,0.6208333373069763,0.6446101069450378,1117,411077609,3,1
297001,1920,4455015,570241920,23520,0.6208333373069763,128,297000,1.1331098079681396,1920,17,1,500000,1000,,297001.0,0.6338541507720947,0.6446319222450256,0.625,0.6447296142578125,1121,411077609,3,1
298001,1920,4470015,572161920,23520,0.625,128,298000,1.1373367309570312,1920,17,1,500000,1000,,298001.0,0.6307291388511658,0.6446306705474854,0.6208333373069763,0.6447188854217529,1124,411077609,3,1
299001,1920,4485015,574081920,23520,0.6208333373069763,128,299000,1.1408886909484863,1920,17,1,500000,1000,,299001.0,0.6302083134651184,0.6446264982223511,0.6208333373069763,0.6445414423942566,1128,411077609,3,1
300001,1920,4500015,576001920,23520,0.6208333373069763,128,300000,1.1444227695465088,1920,17,1,500000,1000,,300001.0,0.6307291388511658,0.6446248292922974,0.6208333373069763,0.6445135474205017,1132,411077609,3,1
301001,1920,4515015,577921920,23520,0.6208333373069763,128,301000,1.1480586528778076,1920,17,1,500000,1000,,301001.0,0.6302083134651184,0.6446319818496704,0.6229166388511658,0.6446825861930847,1136,411077609,3,1
302001,1920,4530015,579841920,23520,0.6229166388511658,128,302000,1.1515767574310303,1920,17,1,500000,1000,,302001.0,0.6338541507720947,0.6446257829666138,0.6270833611488342,0.6445032954216003,1140,411077609,3,1
303001,1920,4545015,581761920,23520,0.6270833611488342,128,303000,1.1551728248596191,1920,17,1,500000,1000,,303001.0,0.6328125,0.6446350812911987,0.6229166388511658,0.6447876691818237,1144,411077609,3,1
304001,1920,4560015,583681920,23520,0.6229166388511658,128,304000,1.1587469577789307,1920,17,1,500000,1000,,304001.0,0.6333333253860474,0.6446287631988525,0.6270833611488342,0.6444759964942932,1148,411077609,3,1
305001,1920,4575015,585601920,23520,0.6270833611488342,128,305000,1.1628708839416504,1920,17,1,500000,1000,,305001.0,0.629687488079071,0.6446312665939331,0.6208333373069763,0.6447479724884033,1152,411077609,3,1
306001,1920,4590015,587521920,23520,0.6208333373069763,128,306000,1.1664161682128906,1920,17,1,500000,1000,,306001.0,0.6338541507720947,0.6446363925933838,0.625,0.6446484327316284,1156,411077609,3,1
307001,1920,4605015,589441920,23520,0.625,128,307000,1.170051097869873,1920,17,1,500000,1000,,307001.0,0.6322916746139526,0.6446294784545898,0.6270833611488342,0.6443813443183899,1160,411077609,3,1
308001,1920,4620015,591361920,23520,0.6270833611488342,128,308000,1.173635721206665,1920,17,1,500000,1000,,308001.0,0.6333333253860474,0.6446301341056824,0.6270833611488342,0.6446999311447144,1164,411077609,3,1
309001,1920,4635015,593281920,23520,0.6270833611488342,128,309000,1.1893119812011719,1920,17,1,500000,1000,,309001.0,0.6307291388511658,0.6446314454078674,0.6208333373069763,0.6447257995605469,1168,411077609,3,1
310001,1920,4650015,595201920,23520,0.6208333373069763,128,310000,1.1928682327270508,1920,17,1,500000,1000,,310001.0,0.6302083134651184,0.6446338891983032,0.6229166388511658,0.6445199251174927,1172,411077609,3,1
311001,1920,4665015,597121920,23520,0.6229166388511658,128,311000,1.1964201927185059,1920,17,1,500000,1000,,311001.0,0.629687488079071,0.6446322798728943,0.6208333373069763,0.6443793177604675,1176,411077609,3,1
312001,1920,4680015,599041920,23520,0.6208333373069763,128,312000,1.199939250946045,1920,17,1,500000,1000,,312001.0,0.6322916746139526,0.6446294188499451,0.6291666626930237,0.6443703770637512,1179,411077609,3,1
313001,1920,4695015,600961920,23520,0.6291666626930237,128,313000,1.2034592628479004,1920,17,1,500000,1000,,313001.0,0.629687488079071,0.6446323990821838,0.6229166388511658,0.6445292234420776,1183,411077609,3,1
314001,1920,4710015,602881920,23520,0.6229166388511658,128,314000,1.2070281505584717,1920,17,1,500000,1000,,314001.0,0.6338541507720947,0.6446290612220764,0.625,0.6446283459663391,1187,411077609,3,1
315001,1920,4725015,604801920,23520,0.625,128,315000,1.2105629444122314,1920,17,1,500000,1000,,315001.0,0.6322916746139526,0.6446271538734436,0.6270833611488342,0.6444360017776489,1191,411077609,3,1
316001,1920,4740015,606721920,23520,0.6270833611488342,128,316000,1.2141449451446533,1920,17,1,500000,1000,,316001.0,0.6302083134651184,0.6446262001991272,0.6208333373069763,0.6446284055709839,1195,411077609,3,1
317001,1920,4755015,608641920,23520,0.6208333373069763,128,317000,1.218613862991333,1920,17,1,500000,1000,,317001.0,0.629687488079071,0.6446288824081421,0.6229166388511658,0.6447626948356628,1199,411077609,3,1
318001,1920,4770015,610561920,23520,0.6229166388511658,128,318000,1.2221548557281494,1920,17,1,500000,1000,,318001.0,0.6338541507720947,0.6446276307106018,0.6229166388511658,0.6445061564445496,1203,411077609,3,1
319001,1920,4785015,612481920,23520,0.6229166388511658,128,319000,1.2257068157196045,1920,17,1,500000,1000,,319001.0,0.6317708492279053,0.6446352005004883,0.6208333373069763,0.644567608833313,1207,411077609,3,1
320001,1920,4800015,614401920,23520,0.6208333373069763,128,320000,1.2299349308013916,1920,17,1,500000,1000,,320001.0,0.6343749761581421,0.6446274518966675,0.625,0.6445754170417786,1211,411077609,3,1
321001,1920,4815015,616321920,23520,0.625,128,321000,1.2334868907928467,1920,17,1,500000,1000,,321001.0,0.6302083134651184,0.6446259617805481,0.6208333373069763,0.6446720957756042,1215,411077609,3,1
322001,1920,4830015,618241920,23520,0.6208333373069763,128,322000,1.2370350360870361,1920,17,1,500000,1000,,322001.0,0.6312500238418579,0.6446326971054077,0.6208333373069763,0.6448282599449158,1219,411077609,3,1
323001,1920,4845015,620161920,23520,0.6208333373069763,128,323000,1.2405829429626465,1920,17,1,500000,1000,,323001.0,0.6322916746139526,0.6446335911750793,0.625,0.6446422338485718,1223,411077609,3,1
324001,1920,4860015,622081920,23520,0.625,128,324000,1.2441189289093018,1920,17,1,500000,1000,,324001.0,0.6307291388511658,0.6446318030357361,0.6208333373069763,0.6447368860244751,1227,411077609,3,1
325001,1920,4875015,624001920,23520,0.6208333373069763,128,325000,1.247680902481079,1920,17,1,500000,1000,,325001.0,0.6312500238418579,0.6446278095245361,0.6208333373069763,0.64472496509552,1231,411077609,3,1
326001,1920,4890015,625921920,23520,0.6208333373069763,128,326000,1.2513461112976074,1920,17,1,500000,1000,,326001.0,0.6333333253860474,0.6446307301521301,0.625,0.6444987058639526,1235,411077609,3,1
327001,1920,4905015,627841920,23520,0.625,128,327000,1.2548880577087402,1920,17,1,500000,1000,,327001.0,0.6291666626930237,0.6446251273155212,0.6229166388511658,0.6445154547691345,1239,411077609,3,1
328001,1920,4920015,629761920,23520,0.6229166388511658,128,328000,1.260829210281372,1920,17,1,500000,1000,,328001.0,0.6328125,0.6446292996406555,0.6291666626930237,0.644651472568512,1243,411077609,3,1
329001,1920,4935015,631681920,23520,0.6291666626930237,128,329000,1.265714168548584,1920,17,1,500000,1000,,329001.0,0.6302083134651184,0.6446290612220764,0.6208333373069763,0.6446530818939209,1249,411077609,3,1
330001,1920,4950015,633601920,23520,0.6208333373069763,128,330000,1.2692477703094482,1920,17,1,500000,1000,,330001.0,0.6338541507720947,0.6446249485015869,0.625,0.6445444822311401,1253,411077609,3,1
331001,1920,4965015,635521920,23520,0.625,128,331000,1.272791862487793,1920,17,1,500000,1000,,331001.0,0.6312500238418579,0.6446323990821838,0.6291666626930237,0.6444876194000244,1256,411077609,3,1
332001,1920,4980015,637441920,23520,0.6291666626930237,128,332000,1.2763118743896484,1920,17,1,500000,1000,,332001.0,0.6348958611488342,0.6446264386177063,0.625,0.6446451544761658,1260,411077609,3,1
333001,1920,4995015,639361920,23520,0.625,128,333000,1.2800037860870361,1920,17,1,500000,1000,,333001.0,0.6328125,0.6446285843849182,0.6270833611488342,0.6444635391235352,1264,411077609,3,1
334001,1920,5010015,641281920,23520,0.6270833611488342,128,334000,1.2846908569335938,1920,17,1,500000,1000,,334001.0,0.6338541507720947,0.6446308493614197,0.625,0.6445703506469727,1268,411077609,3,1
335001,1920,5025015,643201920,23520,0.625,128,335000,1.288233757019043,1920,17,1,500000,1000,,335001.0,0.629687488079071,0.6446292996406555,0.6208333373069763,0.6446464657783508,1272,411077609,3,1
336001,1920,5040015,645121920,23520,0.6208333373069763,128,336000,1.2919049263000488,1920,17,1,500000,1000,,336001.0,0.629687488079071,0.6446279883384705,0.6229166388511658,0.6445092558860779,1276,411077609,3,1
337001,1920,5055015,647041920,23520,0.6229166388511658,128,337000,1.2955758571624756,1920,17,1,500000,1000,,337001.0,0.6333333253860474,0.6446290612220764,0.6229166388511658,0.6443942785263062,1280,411077609,3,1
338001,1920,5070015,648961920,23520,0.6229166388511658,128,338000,1.299135684967041,1920,17,1,500000,1000,,338001.0,0.6328125,0.6446265578269958,0.625,0.6446517109870911,1284,411077609,3,1
339001,1920,5085015,650881920,23520,0.625,128,339000,1.3027207851409912,1920,17,1,500000,1000,,339001.0,0.6348958611488342,0.6446287035942078,0.625,0.6447199583053589,1288,411077609,3,1
340001,1920,5100015,652801920,23520,0.625,128,340000,1.3062818050384521,1920,17,1,500000,1000,,340001.0,0.6338541507720947,0.6446300148963928,0.625,0.644734263420105,1291,411077609,3,1
341001,1920,5115015,654721920,23520,0.625,128,341000,1.309802770614624,1920,17,1,500000,1000,,341001.0,0.6333333253860474,0.6446312665939331,0.625,0.6449321508407593,1295,411077609,3,1
342001,1920,5130015,656641920,23520,0.625,128,342000,1.3133537769317627,1920,17,1,500000,1000,,342001.0,0.6338541507720947,0.6446321606636047,0.6270833611488342,0.6446466445922852,1299,411077609,3,1
343001,1920,5145015,658561920,23520,0.6270833611488342,128,343000,1.3170547485351562,1920,17,1,500000,1000,,343001.0,0.6302083134651184,0.6446262001991272,0.6208333373069763,0.644745409488678,1303,411077609,3,1
344001,1920,5160015,660481920,23520,0.6208333373069763,128,344000,1.3206017017364502,1920,17,1,500000,1000,,344001.0,0.6338541507720947,0.6446267366409302,0.625,0.6444981098175049,1307,411077609,3,1
345001,1920,5175015,662401920,23520,0.625,128,345000,1.3256869316101074,1920,17,1,500000,1000,,345001.0,0.6328125,0.6446284055709839,0.625,0.6444149613380432,1312,411077609,3,1
346001,1920,5190015,664321920,23520,0.625,128,346000,1.3292219638824463,1920,17,1,500000,1000,,346001.0,0.6302083134651184,0.6446296572685242,0.6208333373069763,0.6445419192314148,1317,411077609,3,1
347001,1920,5205015,666241920,23520,0.6208333373069763,128,347000,1.3327598571777344,1920,17,1,500000,1000,,347001.0,0.6338541507720947,0.6446294784545898,0.6229166388511658,0.6445651650428772,1320,411077609,3,1
348001,1920,5220015,668161920,23520,0.6229166388511658,128,348000,1.3364057540893555,1920,17,1,500000,1000,,348001.0,0.6317708492279053,0.6446272730827332,0.6208333373069763,0.6444044709205627,1324,411077609,3,1
349001,1920,5235015,670081920,23520,0.6208333373069763,128,349000,1.3400719165802002,1920,17,1,500000,1000,,349001.0,0.6328125,0.644625723361969,0.6270833611488342,0.6446044445037842,1329,411077609,3,1
350001,1920,5250015,672001920,23520,0.6270833611488342,128,350000,1.3456430435180664,1920,17,1,500000,1000,,350001.0,0.629687488079071,0.6446323990821838,0.6208333373069763,0.6449311375617981,1334,411077609,3,1
351001,1920,5265015,673921920,23520,0.6208333373069763,128,351000,1.3491950035095215,1920,17,1,500000,1000,,351001.0,0.6338541507720947,0.644627571105957,0.625,0.6444184184074402,1338,411077609,3,1
352001,1920,5280015,675841920,23520,0.625,128,352000,1.3527369499206543,1920,17,1,500000,1000,,352001.0,0.6338541507720947,0.644625723361969,0.625,0.6446053385734558,1342,411077609,3,1
353001,1920,5295015,677761920,23520,0.625,128,353000,1.356266736984253,1920,17,1,500000,1000,,353001.0,0.6333333253860474,0.6446371674537659,0.625,0.6447628736495972,1346,411077609,3,1
354001,1920,5310015,679681920,23520,0.625,128,354000,1.3599457740783691,1920,17,1,500000,1000,,354001.0,0.6322916746139526,0.6446324586868286,0.6270833611488342,0.6446244716644287,1349,411077609,3,1
355001,1920,5325015,681601920,23520,0.6270833611488342,128,355000,1.3634989261627197,1920,17,1,500000,1000,,355001.0,0.6317708492279053,0.6446291208267212,0.6270833611488342,0.6443637013435364,1353,411077609,3,1
356001,1920,5340015,683521920,23520,0.6270833611488342,128,356000,1.367347002029419,1920,17,1,500000,1000,,356001.0,0.6333333253860474,0.6446300148963928,0.625,0.6445476412773132,1357,411077609,3,1
357001,1920,5355015,685441920,23520,0.625,128,357000,1.370891809463501,1920,17,1,500000,1000,,357001.0,0.629687488079071,0.6446272730827332,0.6208333373069763,0.6444714665412903,1361,411077609,3,1
358001,1920,5370015,687361920,23520,0.6208333373069763,128,358000,1.374438762664795,1920,17,1,500000,1000,,358001.0,0.629687488079071,0.6446311473846436,0.6208333373069763,0.6443792581558228,1365,411077609,3,1
359001,1920,5385015,689281920,23520,0.6208333373069763,128,359000,1.377997636795044,1920,17,1,500000,1000,,359001.0,0.6317708492279053,0.6446333527565002,0.625,0.644553542137146,1369,411077609,3,1
360001,1920,5400015,691201920,23520,0.625,128,360000,1.3815255165100098,1920,17,1,500000,1000,,360001.0,0.6338541507720947,0.644631564617157,0.6270833611488342,0.6444887518882751,1373,411077609,3,1
361001,1920,5415015,693121920,23520,0.6270833611488342,128,361000,1.386669635772705,1920,17,1,500000,1000,,361001.0,0.6322916746139526,0.6446290612220764,0.6270833611488342,0.6444652080535889,1377,411077609,3,1
362001,1920,5430015,695041920,23520,0.6270833611488342,128,362000,1.3902146816253662,1920,17,1,500000,1000,,362001.0,0.6343749761581421,0.6446332335472107,0.6270833611488342,0.6448634266853333,1382,411077609,3,1
363001,1920,5445015,696961920,23520,0.6270833611488342,128,363000,1.3937792778015137,1920,17,1,500000,1000,,363001.0,0.629687488079071,0.6446319818496704,0.6208333373069763,0.6448879837989807,1386,411077609,3,1
364001,1920,5460015,698881920,23520,0.6208333373069763,128,364000,1.397353172302246,1920,17,1,500000,1000,,364001.0,0.6312500238418579,0.6446304321289062,0.6229166388511658,0.6447819471359253,1390,411077609,3,1
365001,1920,5475015,700801920,23520,0.6229166388511658,128,365000,1.4011218547821045,1920,17,1,500000,1000,,365001.0,0.6317708492279053,0.6446297764778137,0.6229166388511658,0.6444809436798096,1394,411077609,3,1
366001,1920,5490015,702721920,23520,0.6229166388511658,128,366000,1.4049067497253418,1920,17,1,500000,1000,,366001.0,0.6328125,0.6446359753608704,0.625,0.6442704796791077,1398,411077609,3,1
367001,1920,5505015,704641920,23520,0.625,128,367000,1.4086077213287354,1920,17,1,500000,1000,,367001.0,0.6322916746139526,0.6446359157562256,0.6229166388511658,0.6443520784378052,1403,411077609,3,1
368001,1920,5520015,706561920,23520,0.6229166388511658,128,368000,1.412193775177002,1920,17,1,500000,1000,,368001.0,0.6307291388511658,0.6446325182914734,0.6208333373069763,0.6444035768508911,1408,411077609,3,1
369001,1920,5535015,708481920,23520,0.6208333373069763,128,369000,1.4161376953125,1920,17,1,500000,1000,,369001.0,0.6333333253860474,0.6446307301521301,0.6229166388511658,0.6446095705032349,1412,411077609,3,1
370001,1920,5550015,710401920,23520,0.6229166388511658,128,370000,1.4196949005126953,1920,17,1,500000,1000,,370001.0,0.629687488079071,0.6446336507797241,0.6187499761581421,0.64485102891922,1415,411077609,3,1
371001,1920,5565015,712321920,23520,0.6187499761581421,128,371000,1.4232587814331055,1920,17,1,500000,1000,,371001.0,0.6317708492279053,0.6446277499198914,0.6229166388511658,0.6444581747055054,1419,411077609,3,1
372001,1920,5580015,714241920,23520,0.6229166388511658,128,372000,1.4268035888671875,1920,17,1,500000,1000,,372001.0,0.6328125,0.644626796245575,0.625,0.6446256041526794,1423,411077609,3,1
373001,1920,5595015,716161920,23520,0.625,128,373000,1.430490493774414,1920,17,1,500000,1000,,373001.0,0.6338541507720947,0.6446290612220764,0.625,0.6442610025405884,1427,411077609,3,1
374001,1920,5610015,718081920,23520,0.625,128,374000,1.4344675540924072,1920,17,1,500000,1000,,374001.0,0.6322916746139526,0.6446279883384705,0.625,0.6443875432014465,1431,411077609,3,1
375001,1920,5625015,720001920,23520,0.625,128,375000,1.4380085468292236,1920,17,1,500000,1000,,375001.0,0.6322916746139526,0.6446287631988525,0.625,0.6445225477218628,1435,411077609,3,1
376001,1920,5640015,721921920,23520,0.625,128,376000,1.4596288204193115,1920,17,1,500000,1000,,376001.0,0.6322916746139526,0.6446325778961182,0.6312500238418579,0.6444701552391052,1439,411077609,3,1
377001,1920,5655015,723841920,23520,0.6312500238418579,128,377000,1.4631717205047607,1920,17,1,500000,1000,,377001.0,0.6307291388511658,0.6446341276168823,0.6291666626930237,0.6445110440254211,1443,411077609,3,1
378001,1920,5670015,725761920,23520,0.6291666626930237,128,378000,1.4668407440185547,1920,17,1,500000,1000,,378001.0,0.6291666626930237,0.6446370482444763,0.625,0.6445801258087158,1447,411077609,3,1
379001,1920,5685015,727681920,23520,0.625,128,379000,1.4736287593841553,1920,17,1,500000,1000,,379001.0,0.6291666626930237,0.6446338891983032,0.6229166388511658,0.6447063684463501,1451,411077609,3,1
380001,1920,5700015,729601920,23520,0.6229166388511658,128,380000,1.477306842803955,1920,17,1,500000,1000,,380001.0,0.629687488079071,0.6446331739425659,0.625,0.6445789933204651,1455,411077609,3,1
381001,1920,5715015,731521920,23520,0.625,128,381000,1.4810576438903809,1920,17,1,500000,1000,,381001.0,0.6322916746139526,0.6446343660354614,0.6270833611488342,0.6446132659912109,1459,411077609,3,1
382001,1920,5730015,733441920,23520,0.6270833611488342,128,382000,1.4845826625823975,1920,17,1,500000,1000,,382001.0,0.6322916746139526,0.6446332931518555,0.625,0.6445454359054565,1463,411077609,3,1
383001,1920,5745015,735361920,23520,0.625,128,383000,1.48907470703125,1920,17,1,500000,1000,,383001.0,0.6312500238418579,0.6446301937103271,0.6208333373069763,0.6446276903152466,1467,411077609,3,1
384001,1920,5760015,737281920,23520,0.6208333373069763,128,384000,1.4926247596740723,1920,17,1,500000,1000,,384001.0,0.6302083134651184,0.6446346044540405,0.6208333373069763,0.6445981860160828,1471,411077609,3,1
385001,1920,5775015,739201920,23520,0.6208333373069763,128,385000,1.4963195323944092,1920,17,1,500000,1000,,385001.0,0.6307291388511658,0.644631564617157,0.6208333373069763,0.6445204615592957,1475,411077609,3,1
386001,1920,5790015,741121920,23520,0.6208333373069763,128,386000,1.499866247177124,1920,17,1,500000,1000,,386001.0,0.6338541507720947,0.6446326375007629,0.6270833611488342,0.644524872303009,1479,411077609,3,1
387001,1920,5805015,743041920,23520,0.6270833611488342,128,387000,1.5035791397094727,1920,17,1,500000,1000,,387001.0,0.6307291388511658,0.6446353197097778,0.625,0.6445414423942566,1483,411077609,3,1
388001,1920,5820015,744961920,23520,0.625,128,388000,1.507133960723877,1920,17,1,500000,1000,,388001.0,0.6312500238418579,0.6446287631988525,0.6208333373069763,0.6448185443878174,1487,411077609,3,1
389001,1920,5835015,746881920,23520,0.6208333373069763,128,389000,1.510819911956787,1920,17,1,500000,1000,,389001.0,0.6322916746139526,0.6446285247802734,0.6229166388511658,0.644555389881134,1491,411077609,3,1
390001,1920,5850015,748801920,23520,0.6229166388511658,128,390000,1.514409065246582,1920,17,1,500000,1000,,390001.0,0.6338541507720947,0.6446319222450256,0.6229166388511658,0.6447813510894775,1495,411077609,3,1
391001,1920,5865015,750721920,23520,0.6229166388511658,128,391000,1.5183329582214355,1920,17,1,500000,1000,,391001.0,0.629687488079071,0.6446325182914734,0.6208333373069763,0.6447190046310425,1499,411077609,3,1
392001,1920,5880015,752641920,23520,0.6208333373069763,128,392000,1.521885871887207,1920,17,1,500000,1000,,392001.0,0.6338541507720947,0.6446323394775391,0.625,0.6444262266159058,1503,411077609,3,1
393001,1920,5895015,754561920,23520,0.625,128,393000,1.5255727767944336,1920,17,1,500000,1000,,393001.0,0.6333333253860474,0.6446325778961182,0.625,0.644393265247345,1507,411077609,3,1
394001,1920,5910015,756481920,23520,0.625,128,394000,1.5291156768798828,1920,17,1,500000,1000,,394001.0,0.6307291388511658,0.6446267366409302,0.6208333373069763,0.6447234749794006,1511,411077609,3,1
395001,1920,5925015,758401920,23520,0.6208333373069763,128,395000,1.532883882522583,1920,17,1,500000,1000,,395001.0,0.6307291388511658,0.6446354985237122,0.625,0.644196093082428,1515,411077609,3,1
396001,1920,5940015,760321920,23520,0.625,128,396000,1.5364489555358887,1920,17,1,500000,1000,,396001.0,0.6328125,0.6446310877799988,0.625,0.6444092392921448,1520,411077609,3,1
397001,1920,5955015,762241920,23520,0.625,128,397000,1.540252685546875,1920,17,1,500000,1000,,397001.0,0.6338541507720947,0.6446316838264465,0.625,0.6446564793586731,1524,411077609,3,1
398001,1920,5970015,764161920,23520,0.625,128,398000,1.5437958240509033,1920,17,1,500000,1000,,398001.0,0.6307291388511658,0.6446323394775391,0.6208333373069763,0.6446074843406677,1528,411077609,3,1
399001,1920,5985015,766081920,23520,0.6208333373069763,128,399000,1.547348976135254,1920,17,1,500000,1000,,399001.0,0.6328125,0.6446311473846436,0.625,0.6446230411529541,1534,411077609,3,1
400001,1920,6000015,768001920,23520,0.625,128,400000,1.5509068965911865,1920,17,1,500000,1000,,400001.0,0.6322916746139526,0.6446306109428406,0.6229166388511658,0.6444637775421143,1538,411077609,3,1
401001,1920,6015015,769921920,23520,0.6229166388511658,128,401000,1.5546350479125977,1920,17,1,500000,1000,,401001.0,0.6322916746139526,0.6446321606636047,0.625,0.6445915102958679,1542,411077609,3,1
402001,1920,6030015,771841920,23520,0.625,128,402000,1.5582032203674316,1920,17,1,500000,1000,,402001.0,0.6333333253860474,0.6446327567100525,0.625,0.6446441411972046,1546,411077609,3,1
403001,1920,6045015,773761920,23520,0.625,128,403000,1.56178617477417,1920,17,1,500000,1000,,403001.0,0.6302083134651184,0.6446313858032227,0.6208333373069763,0.6447681784629822,1550,411077609,3,1
404001,1920,6060015,775681920,23520,0.6208333373069763,128,404000,1.5653650760650635,1920,17,1,500000,1000,,404001.0,0.6317708492279053,0.6446298360824585,0.6208333373069763,0.6445905566215515,1554,411077609,3,1
405001,1920,6075015,777601920,23520,0.6208333373069763,128,405000,1.5689232349395752,1920,17,1,500000,1000,,405001.0,0.6312500238418579,0.6446353197097778,0.6208333373069763,0.6445739269256592,1558,411077609,3,1
406001,1920,6090015,779521920,23520,0.6208333373069763,128,406000,1.5725011825561523,1920,17,1,500000,1000,,406001.0,0.6307291388511658,0.644627571105957,0.6208333373069763,0.6446713209152222,1562,411077609,3,1
407001,1920,6105015,781441920,23520,0.6208333373069763,128,407000,1.576064109802246,1920,17,1,500000,1000,,407001.0,0.6322916746139526,0.6446332335472107,0.6208333373069763,0.6447486281394958,1566,411077609,3,1
408001,1920,6120015,783361920,23520,0.6208333373069763,128,408000,1.579651117324829,1920,17,1,500000,1000,,408001.0,0.6312500238418579,0.6446282267570496,0.6229166388511658,0.6444710493087769,1570,411077609,3,1
409001,1920,6135015,785281920,23520,0.6229166388511658,128,409000,1.5832200050354004,1920,17,1,500000,1000,,409001.0,0.6343749761581421,0.6446306109428406,0.625,0.6445168852806091,1574,411077609,3,1
410001,1920,6150015,787201920,23520,0.625,128,410000,1.58701491355896,1920,17,1,500000,1000,,410001.0,0.6338541507720947,0.6446250677108765,0.625,0.6446285247802734,1578,411077609,3,1
411001,1920,6165015,789121920,23520,0.625,128,411000,1.590608835220337,1920,17,1,500000,1000,,411001.0,0.6328125,0.6446292996406555,0.6270833611488342,0.6444458365440369,1582,411077609,3,1
412001,1920,6180015,791041920,23520,0.6270833611488342,128,412000,1.5941920280456543,1920,17,1,500000,1000,,412001.0,0.6343749761581421,0.6446308493614197,0.625,0.6442835330963135,1586,411077609,3,1
413001,1920,6195015,792961920,23520,0.625,128,413000,1.5979299545288086,1920,17,1,500000,1000,,413001.0,0.629687488079071,0.6446327567100525,0.6229166388511658,0.6445878744125366,1590,411077609,3,1
414001,1920,6210015,794881920,23520,0.6229166388511658,128,414000,1.6015386581420898,1920,17,1,500000,1000,,414001.0,0.6328125,0.6446294188499451,0.625,0.6445870995521545,1594,411077609,3,1
415001,1920,6225015,796801920,23520,0.625,128,415000,1.6051406860351562,1920,17,1,500000,1000,,415001.0,0.6322916746139526,0.644631564617157,0.6208333373069763,0.6447853446006775,1599,411077609,3,1
416001,1920,6240015,798721920,23520,0.6208333373069763,128,416000,1.6087164878845215,1920,17,1,500000,1000,,416001.0,0.6328125,0.6446329951286316,0.6229166388511658,0.6444672346115112,1605,411077609,3,1
417001,1920,6255015,800641920,23520,0.6229166388511658,128,417000,1.6123042106628418,1920,17,1,500000,1000,,417001.0,0.6328125,0.6446346640586853,0.6270833611488342,0.6443657279014587,1610,411077609,3,1
418001,1920,6270015,802561920,23520,0.6270833611488342,128,418000,1.6160740852355957,1920,17,1,500000,1000,,418001.0,0.6333333253860474,0.644631028175354,0.6270833611488342,0.6446199417114258,1614,411077609,3,1
419001,1920,6285015,804481920,23520,0.6270833611488342,128,419000,1.6196520328521729,1920,17,1,500000,1000,,419001.0,0.6317708492279053,0.6446301341056824,0.6208333373069763,0.6448262929916382,1618,411077609,3,1
420001,1920,6300015,806401920,23520,0.6208333373069763,128,420000,1.6233911514282227,1920,17,1,500000,1000,,420001.0,0.6317708492279053,0.6446301341056824,0.625,0.6446971893310547,1622,411077609,3,1
421001,1920,6315015,808321920,23520,0.625,128,421000,1.6275861263275146,1920,17,1,500000,1000,,421001.0,0.6333333253860474,0.644636869430542,0.625,0.6443451642990112,1626,411077609,3,1
422001,1920,6330015,810241920,23520,0.625,128,422000,1.6344640254974365,1920,17,1,500000,1000,,422001.0,0.6302083134651184,0.6446332931518555,0.6229166388511658,0.6444714665412903,1630,411077609,3,1
423001,1920,6345015,812161920,23520,0.6229166388511658,128,423000,1.638002872467041,1920,17,1,500000,1000,,423001.0,0.6338541507720947,0.6446297764778137,0.625,0.6443096995353699,1634,411077609,3,1
424001,1920,6360015,814081920,23520,0.625,128,424000,1.6417059898376465,1920,17,1,500000,1000,,424001.0,0.6338541507720947,0.6446320414543152,0.6270833611488342,0.6444282531738281,1638,411077609,3,1
425001,1920,6375015,816001920,23520,0.6270833611488342,128,425000,1.6452860832214355,1920,17,1,500000,1000,,425001.0,0.6333333253860474,0.6446278095245361,0.625,0.6442712545394897,1643,411077609,3,1
426001,1920,6390015,817921920,23520,0.625,128,426000,1.6490278244018555,1920,17,1,500000,1000,,426001.0,0.6322916746139526,0.6446292996406555,0.6208333373069763,0.6445084810256958,1646,411077609,3,1
427001,1920,6405015,819841920,23520,0.6208333373069763,128,427000,1.6526226997375488,1920,17,1,500000,1000,,427001.0,0.6328125,0.6446278691291809,0.6270833611488342,0.6443535685539246,1651,411077609,3,1
428001,1920,6420015,821761920,23520,0.6270833611488342,128,428000,1.6562037467956543,1920,17,1,500000,1000,,428001.0,0.6302083134651184,0.6446289420127869,0.6208333373069763,0.644591748714447,1655,411077609,3,1
429001,1920,6435015,823681920,23520,0.6208333373069763,128,429000,1.6599159240722656,1920,17,1,500000,1000,,429001.0,0.6333333253860474,0.6446303725242615,0.625,0.6444587707519531,1659,411077609,3,1
430001,1920,6450015,825601920,23520,0.625,128,430000,1.6636650562286377,1920,17,1,500000,1000,,430001.0,0.6307291388511658,0.6446264386177063,0.6208333373069763,0.6447324752807617,1664,411077609,3,1
431001,1920,6465015,827521920,23520,0.6208333373069763,128,431000,1.6683118343353271,1920,17,1,500000,1000,,431001.0,0.6348958611488342,0.6446278691291809,0.625,0.6445855498313904,1668,411077609,3,1
432001,1920,6480015,829441920,23520,0.625,128,432000,1.6724510192871094,1920,17,1,500000,1000,,432001.0,0.6307291388511658,0.6446277499198914,0.6229166388511658,0.6444993615150452,1672,411077609,3,1
433001,1920,6495015,831361920,23520,0.6229166388511658,128,433000,1.6760528087615967,1920,17,1,500000,1000,,433001.0,0.6328125,0.6446279883384705,0.6270833611488342,0.6446664333343506,1677,411077609,3,1
434001,1920,6510015,833281920,23520,0.6270833611488342,128,434000,1.6797828674316406,1920,17,1,500000,1000,,434001.0,0.6307291388511658,0.6446307301521301,0.6229166388511658,0.6446607112884521,1681,411077609,3,1
435001,1920,6525015,835201920,23520,0.6229166388511658,128,435000,1.684804916381836,1920,17,1,500000,1000,,435001.0,0.6338541507720947,0.6446303725242615,0.625,0.6445776224136353,1685,411077609,3,1
436001,1920,6540015,837121920,23520,0.625,128,436000,1.688525915145874,1920,17,1,500000,1000,,436001.0,0.6328125,0.6446288228034973,0.625,0.6444956660270691,1689,411077609,3,1
437001,1920,6555015,839041920,23520,0.625,128,437000,1.6923701763153076,1920,17,1,500000,1000,,437001.0,0.6291666626930237,0.6446298360824585,0.6208333373069763,0.6448201537132263,1693,411077609,3,1
438001,1920,6570015,840961920,23520,0.6208333373069763,128,438000,1.6961040496826172,1920,17,1,500000,1000,,438001.0,0.6312500238418579,0.6446335911750793,0.6208333373069763,0.6443520784378052,1697,411077609,3,1
439001,1920,6585015,842881920,23520,0.6208333373069763,128,439000,1.7171640396118164,1920,17,1,500000,1000,,439001.0,0.6307291388511658,0.6446329951286316,0.6208333373069763,0.6442674398422241,1701,411077609,3,1
440001,1920,6600015,844801920,23520,0.6208333373069763,128,440000,1.7210240364074707,1920,17,1,500000,1000,,440001.0,0.6307291388511658,0.6446306705474854,0.6208333373069763,0.644699215888977,1705,411077609,3,1
441001,1920,6615015,846721920,23520,0.6208333373069763,128,441000,1.7247669696807861,1920,17,1,500000,1000,,441001.0,0.6307291388511658,0.6446275115013123,0.6208333373069763,0.6448039412498474,1709,411077609,3,1
442001,1920,6630015,848641920,23520,0.6208333373069763,128,442000,1.7293329238891602,1920,17,1,500000,1000,,442001.0,0.6338541507720947,0.6446335315704346,0.6270833611488342,0.644634485244751,1713,411077609,3,1
443001,1920,6645015,850561920,23520,0.6270833611488342,128,443000,1.7329058647155762,1920,17,1,500000,1000,,443001.0,0.6322916746139526,0.6446306705474854,0.625,0.644474983215332,1717,411077609,3,1
444001,1920,6660015,852481920,23520,0.625,128,444000,1.7364819049835205,1920,17,1,500000,1000,,444001.0,0.6317708492279053,0.644633412361145,0.6208333373069763,0.6447630524635315,1721,411077609,3,1
445001,1920,6675015,854401920,23520,0.6208333373069763,128,445000,1.7400588989257812,1920,17,1,500000,1000,,445001.0,0.6317708492279053,0.6446279883384705,0.625,0.6446245312690735,1725,411077609,3,1
446001,1920,6690015,856321920,23520,0.625,128,446000,1.74360990524292,1920,17,1,500000,1000,,446001.0,0.6317708492279053,0.6446312665939331,0.6208333373069763,0.6446402072906494,1729,411077609,3,1
447001,1920,6705015,858241920,23520,0.6208333373069763,128,447000,1.7472081184387207,1920,17,1,500000,1000,,447001.0,0.6312500238418579,0.6446298956871033,0.6229166388511658,0.644573986530304,1734,411077609,3,1
448001,1920,6720015,860161920,23520,0.6229166388511658,128,448000,1.7508041858673096,1920,17,1,500000,1000,,448001.0,0.6338541507720947,0.6446269154548645,0.625,0.6445688605308533,1738,411077609,3,1
449001,1920,6735015,862081920,23520,0.625,128,449000,1.755265235900879,1920,17,1,500000,1000,,449001.0,0.6343749761581421,0.6446240544319153,0.6270833611488342,0.6444784998893738,1742,411077609,3,1
450001,1920,6750015,864001920,23520,0.6270833611488342,128,450000,1.7602531909942627,1920,17,1,500000,1000,,450001.0,0.6328125,0.644627571105957,0.6270833611488342,0.6445082426071167,1746,411077609,3,1
451001,1920,6765015,865921920,23520,0.6270833611488342,128,451000,1.7638370990753174,1920,17,1,500000,1000,,451001.0,0.6338541507720947,0.6446338295936584,0.625,0.6443788409233093,1750,411077609,3,1
452001,1920,6780015,867841920,23520,0.625,128,452000,1.767484188079834,1920,17,1,500000,1000,,452001.0,0.6328125,0.6446305513381958,0.625,0.6445543766021729,1754,411077609,3,1
453001,1920,6795015,869761920,23520,0.625,128,453000,1.7710542678833008,1920,17,1,500000,1000,,453001.0,0.6307291388511658,0.6446335315704346,0.6208333373069763,0.6446706056594849,1758,411077609,3,1
454001,1920,6810015,871681920,23520,0.6208333373069763,128,454000,1.7752714157104492,1920,17,1,500000,1000,,454001.0,0.6317708492279053,0.6446368098258972,0.6229166388511658,0.6443071365356445,1762,411077609,3,1
455001,1920,6825015,873601920,23520,0.6229166388511658,128,455000,1.7788164615631104,1920,17,1,500000,1000,,455001.0,0.6302083134651184,0.6446335911750793,0.6229166388511658,0.64462810754776,1766,411077609,3,1
456001,1920,6840015,875521920,23520,0.6229166388511658,128,456000,1.7824835777282715,1920,17,1,500000,1000,,456001.0,0.6322916746139526,0.6446300148963928,0.625,0.6444187760353088,1770,411077609,3,1
457001,1920,6855015,877441920,23520,0.625,128,457000,1.7863967418670654,1920,17,1,500000,1000,,457001.0,0.6286458373069763,0.6446295976638794,0.6187499761581421,0.6446940302848816,1774,411077609,3,1
458001,1920,6870015,879361920,23520,0.6187499761581421,128,458000,1.7911396026611328,1920,17,1,500000,1000,,458001.0,0.6322916746139526,0.6446284055709839,0.625,0.644500732421875,1779,411077609,3,1
459001,1920,6885015,881281920,23520,0.625,128,459000,1.7948873043060303,1920,17,1,500000,1000,,459001.0,0.6338541507720947,0.6446322202682495,0.6229166388511658,0.6444713473320007,1783,411077609,3,1
460001,1920,6900015,883201920,23520,0.6229166388511658,128,460000,1.7993834018707275,1920,17,1,500000,1000,,460001.0,0.6333333253860474,0.6446291208267212,0.625,0.6444246172904968,1787,411077609,3,1
461001,1920,6915015,885121920,23520,0.625,128,461000,1.8030154705047607,1920,17,1,500000,1000,,461001.0,0.6307291388511658,0.64463210105896,0.6208333373069763,0.6447203159332275,1791,411077609,3,1
462001,1920,6930015,887041920,23520,0.6208333373069763,128,462000,1.8067874908447266,1920,17,1,500000,1000,,462001.0,0.6328125,0.644626259803772,0.625,0.6443062424659729,1795,411077609,3,1
463001,1920,6945015,888961920,23520,0.625,128,463000,1.8112754821777344,1920,17,1,500000,1000,,463001.0,0.6312500238418579,0.644633412361145,0.6208333373069763,0.6443739533424377,1799,411077609,3,1
464001,1920,6960015,890881920,23520,0.6208333373069763,128,464000,1.8161678314208984,1920,17,1,500000,1000,,464001.0,0.6328125,0.6446296572685242,0.625,0.6446715593338013,1803,411077609,3,1
465001,1920,6975015,892801920,23520,0.625,128,465000,1.8197567462921143,1920,17,1,500000,1000,,465001.0,0.6307291388511658,0.6446325182914734,0.6229166388511658,0.6443846821784973,1807,411077609,3,1
466001,1920,6990015,894721920,23520,0.6229166388511658,128,466000,1.8234238624572754,1920,17,1,500000,1000,,466001.0,0.6302083134651184,0.6446303129196167,0.6208333373069763,0.6445209383964539,1811,411077609,3,1
467001,1920,7005015,896641920,23520,0.6208333373069763,128,467000,1.8269870281219482,1920,17,1,500000,1000,,467001.0,0.6317708492279053,0.6446331739425659,0.6229166388511658,0.6446378231048584,1815,411077609,3,1
468001,1920,7020015,898561920,23520,0.6229166388511658,128,468000,1.8305871486663818,1920,17,1,500000,1000,,468001.0,0.6322916746139526,0.6446307301521301,0.625,0.6444395184516907,1821,411077609,3,1
469001,1920,7035015,900481920,23520,0.625,128,469000,1.8341422080993652,1920,17,1,500000,1000,,469001.0,0.6307291388511658,0.6446306705474854,0.6229166388511658,0.6447344422340393,1825,411077609,3,1
470001,1920,7050015,902401920,23520,0.6229166388511658,128,470000,1.8398902416229248,1920,17,1,500000,1000,,470001.0,0.6328125,0.6446293592453003,0.625,0.6446554660797119,1829,411077609,3,1
471001,1920,7065015,904321920,23520,0.625,128,471000,1.8435208797454834,1920,17,1,500000,1000,,471001.0,0.6307291388511658,0.6446285247802734,0.6208333373069763,0.6446285247802734,1833,411077609,3,1
472001,1920,7080015,906241920,23520,0.6208333373069763,128,472000,1.84710693359375,1920,17,1,500000,1000,,472001.0,0.6291666626930237,0.644628643989563,0.6229166388511658,0.6444787383079529,1837,411077609,3,1
473001,1920,7095015,908161920,23520,0.6229166388511658,128,473000,1.850822925567627,1920,17,1,500000,1000,,473001.0,0.6317708492279053,0.6446345448493958,0.625,0.6442811489105225,1841,411077609,3,1
474001,1920,7110015,910081920,23520,0.625,128,474000,1.8544738292694092,1920,17,1,500000,1000,,474001.0,0.6333333253860474,0.6446323394775391,0.625,0.6443319320678711,1845,411077609,3,1
475001,1920,7125015,912001920,23520,0.625,128,475000,1.8581688404083252,1920,17,1,500000,1000,,475001.0,0.6338541507720947,0.6446243524551392,0.625,0.6444994211196899,1849,411077609,3,1
476001,1920,7140015,913921920,23520,0.625,128,476000,1.8621206283569336,1920,17,1,500000,1000,,476001.0,0.6307291388511658,0.6446314454078674,0.6208333373069763,0.6447603702545166,1854,411077609,3,1
477001,1920,7155015,915841920,23520,0.6208333373069763,128,477000,1.8656995296478271,1920,17,1,500000,1000,,477001.0,0.6348958611488342,0.6446278691291809,0.625,0.644454836845398,1858,411077609,3,1
478001,1920,7170015,917761920,23520,0.625,128,478000,1.8692452907562256,1920,17,1,500000,1000,,478001.0,0.6312500238418579,0.6446284055709839,0.6208333373069763,0.6447555422782898,1862,411077609,3,1
479001,1920,7185015,919681920,23520,0.6208333373069763,128,479000,1.872976303100586,1920,17,1,500000,1000,,479001.0,0.6333333253860474,0.6446301937103271,0.625,0.6444694399833679,1866,411077609,3,1
480001,1920,7200015,921601920,23520,0.625,128,480000,1.8779561519622803,1920,17,1,500000,1000,,480001.0,0.6312500238418579,0.6446324586868286,0.6229166388511658,0.6445536017417908,1870,411077609,3,1
481001,1920,7215015,923521920,23520,0.6229166388511658,128,481000,1.881540060043335,1920,17,1,500000,1000,,481001.0,0.6328125,0.6446248292922974,0.625,0.6445382833480835,1875,411077609,3,1
482001,1920,7230015,925441920,23520,0.625,128,482000,1.885169267654419,1920,17,1,500000,1000,,482001.0,0.6307291388511658,0.64462810754776,0.6208333373069763,0.6446182727813721,1879,411077609,3,1
483001,1920,7245015,927361920,23520,0.6208333373069763,128,483000,1.888780117034912,1920,17,1,500000,1000,,483001.0,0.6328125,0.6446369290351868,0.6229166388511658,0.6448286175727844,1883,411077609,3,1
484001,1920,7260015,929281920,23520,0.6229166388511658,128,484000,1.8924710750579834,1920,17,1,500000,1000,,484001.0,0.6322916746139526,0.6446288228034973,0.625,0.6443226337432861,1887,411077609,3,1
485001,1920,7275015,931201920,23520,0.625,128,485000,1.8960340023040771,1920,17,1,500000,1000,,485001.0,0.6322916746139526,0.6446288824081421,0.6229166388511658,0.6447232961654663,1891,411077609,3,1
486001,1920,7290015,933121920,23520,0.6229166388511658,128,486000,1.8995978832244873,1920,17,1,500000,1000,,486001.0,0.6338541507720947,0.6446288824081421,0.6229166388511658,0.6445791721343994,1895,411077609,3,1
487001,1920,7305015,935041920,23520,0.6229166388511658,128,487000,1.9031848907470703,1920,17,1,500000,1000,,487001.0,0.6307291388511658,0.6446312069892883,0.6229166388511658,0.6445837020874023,1899,411077609,3,1
488001,1920,7320015,936961920,23520,0.6229166388511658,128,488000,1.9087998867034912,1920,17,1,500000,1000,,488001.0,0.6328125,0.6446320414543152,0.625,0.6444302201271057,1903,411077609,3,1
489001,1920,7335015,938881920,23520,0.625,128,489000,1.9125258922576904,1920,17,1,500000,1000,,489001.0,0.629687488079071,0.6446285247802734,0.6208333373069763,0.6446951627731323,1907,411077609,3,1
490001,1920,7350015,940801920,23520,0.6208333373069763,128,490000,1.9161148071289062,1920,17,1,500000,1000,,490001.0,0.6328125,0.6446301937103271,0.625,0.644459068775177,1912,411077609,3,1
491001,1920,7365015,942721920,23520,0.625,128,491000,1.9211809635162354,1920,17,1,500000,1000,,491001.0,0.6307291388511658,0.644630491733551,0.6208333373069763,0.6447231769561768,1916,411077609,3,1
492001,1920,7380015,944641920,23520,0.6208333373069763,128,492000,1.9249300956726074,1920,17,1,500000,1000,,492001.0,0.6322916746139526,0.6446334719657898,0.625,0.6443068385124207,1920,411077609,3,1
493001,1920,7395015,946561920,23520,0.625,128,493000,1.928624153137207,1920,17,1,500000,1000,,493001.0,0.6333333253860474,0.6446310877799988,0.625,0.6444833278656006,1924,411077609,3,1
494001,1920,7410015,948481920,23520,0.625,128,494000,1.9322490692138672,1920,17,1,500000,1000,,494001.0,0.6343749761581421,0.6446279287338257,0.625,0.6446247100830078,1928,411077609,3,1
495001,1920,7425015,950401920,23520,0.625,128,495000,1.9359440803527832,1920,17,1,500000,1000,,495001.0,0.6338541507720947,0.6446308493614197,0.6270833611488342,0.6443838477134705,1932,411077609,3,1
496001,1920,7440015,952321920,23520,0.6270833611488342,128,496000,1.9405603408813477,1920,17,1,500000,1000,,496001.0,0.6322916746139526,0.6446278691291809,0.6208333373069763,0.6445372104644775,1936,411077609,3,1
497001,1920,7455015,954241920,23520,0.6208333373069763,128,497000,1.9441931247711182,1920,17,1,500000,1000,,497001.0,0.6333333253860474,0.6446333527565002,0.6270833611488342,0.644176721572876,1940,411077609,3,1
498001,1920,7470015,956161920,23520,0.6270833611488342,128,498000,1.9477870464324951,1920,17,1,500000,1000,,498001.0,0.6322916746139526,0.6446277499198914,0.6229166388511658,0.644393801689148,1944,411077609,3,1
499001,1920,7485015,958081920,23520,0.6229166388511658,128,499000,1.9518499374389648,1920,17,1,500000,1000,,499001.0,0.629687488079071,0.644631564617157,0.6229166388511658,0.6448691487312317,1950,411077609,3,1
499998,1920,7499970,959996160,23520,0.6229166388511658,128,499997,1.9554858207702637,1920,17,1,500000,1000,,499998.0,0.6317708492279053,0.6446309685707092,0.625,0.6445869207382202,1954,411077609,3,1
499999,1920,7499985,959998080,23520,0.625,128,499998,1.9592978954315186,1920,17,1,500000,1000,,499999.0,0.6317708492279053,0.6446307301521301,0.625,0.6445754170417786,1954,411077609,3,1
500000,1920,7500000,960000000,23520,0.625,128,499999,1.964128017425537,1920,17,1,500000,1000,,500000.0,0.6317708492279053,0.6446303725242615,0.625,0.6445604562759399,1954,411077609,3,1
