pf_calls,num_answers,model_updates,num_grad_comps,answers_bytes,last_score,batch_size,k,elapsed_time,train_data,n,d,max_epochs,verbose,ident,_epochs,score_train,loss_train,score_test,loss_test,_elapsed_time,seed,run_id,dim
1,1920,15,1920,23520,0.4937500059604645,128,0,0.0213320255279541,1920,17,5,500000,1000,,1.0,0.5307291746139526,0.6931472420692444,0.5229166746139526,0.6931471228599548,0,1948785426,5,5
1001,1920,15015,1921920,23520,0.5229166746139526,128,1000,0.025197982788085938,1920,17,5,500000,1000,,1001.0,0.6786458492279053,0.6104545593261719,0.6479166746139526,0.6201322078704834,3,1948785426,5,5
2001,1920,30015,3841920,23520,0.6479166746139526,128,2000,0.029094696044921875,1920,17,5,500000,1000,,2001.0,0.6807291507720947,0.599510908126831,0.6812499761581421,0.6073784232139587,7,1948785426,5,5
3001,1920,45015,5761920,23520,0.6812499761581421,128,3000,0.032858848571777344,1920,17,5,500000,1000,,3001.0,0.6770833134651184,0.5961422324180603,0.6812499761581421,0.6030689477920532,11,1948785426,5,5
4001,1920,60015,7681920,23520,0.6812499761581421,128,4000,0.03660893440246582,1920,17,5,500000,1000,,4001.0,0.6802083253860474,0.5943601727485657,0.6854166388511658,0.601353108882904,15,1948785426,5,5
5001,1920,75015,9601920,23520,0.6854166388511658,128,5000,0.040323734283447266,1920,17,5,500000,1000,,5001.0,0.684374988079071,0.593200147151947,0.6833333373069763,0.6003468632698059,19,1948785426,5,5
6001,1920,90015,11521920,23520,0.6833333373069763,128,6000,0.04402470588684082,1920,17,5,500000,1000,,6001.0,0.682812511920929,0.5923675298690796,0.6812499761581421,0.6005385518074036,23,1948785426,5,5
7001,1920,105015,13441920,23520,0.6812499761581421,128,7000,0.04773068428039551,1920,17,5,500000,1000,,7001.0,0.684374988079071,0.5917424559593201,0.6708333492279053,0.5998380184173584,26,1948785426,5,5
8001,1920,120015,15361920,23520,0.6708333492279053,128,8000,0.051453590393066406,1920,17,5,500000,1000,,8001.0,0.684374988079071,0.5912610292434692,0.675000011920929,0.5997371673583984,30,1948785426,5,5
9001,1920,135015,17281920,23520,0.675000011920929,128,9000,0.05515885353088379,1920,17,5,500000,1000,,9001.0,0.6848958134651184,0.5908960700035095,0.6708333492279053,0.5991560816764832,34,1948785426,5,5
10001,1920,150015,19201920,23520,0.6708333492279053,128,10000,0.058835744857788086,1920,17,5,500000,1000,,10001.0,0.6864583492279053,0.590589165687561,0.6645833253860474,0.5996233820915222,38,1948785426,5,5
11001,1920,165015,21121920,23520,0.6645833253860474,128,11000,0.06255054473876953,1920,17,5,500000,1000,,11001.0,0.6864583492279053,0.5903407335281372,0.6729166507720947,0.5994549989700317,42,1948785426,5,5
12001,1920,180015,23041920,23520,0.6729166507720947,128,12000,0.06628251075744629,1920,17,5,500000,1000,,12001.0,0.6833333373069763,0.5901347398757935,0.668749988079071,0.5993998050689697,46,1948785426,5,5
13001,1920,195015,24961920,23520,0.668749988079071,128,13000,0.07001757621765137,1920,17,5,500000,1000,,13001.0,0.684374988079071,0.5899537205696106,0.6666666865348816,0.5995511412620544,49,1948785426,5,5
14001,1920,210015,26881920,23520,0.6666666865348816,128,14000,0.07376480102539062,1920,17,5,500000,1000,,14001.0,0.6854166388511658,0.5898023843765259,0.6666666865348816,0.599700927734375,53,1948785426,5,5
15001,1920,225015,28801920,23520,0.6666666865348816,128,15000,0.07750272750854492,1920,17,5,500000,1000,,15001.0,0.6869791746139526,0.5896669030189514,0.6666666865348816,0.5995040535926819,57,1948785426,5,5
16001,1920,240015,30721920,23520,0.6666666865348816,128,16000,0.08118891716003418,1920,17,5,500000,1000,,16001.0,0.6864583492279053,0.5895441770553589,0.6645833253860474,0.5993449687957764,61,1948785426,5,5
17001,1920,255015,32641920,23520,0.6645833253860474,128,17000,0.08506274223327637,1920,17,5,500000,1000,,17001.0,0.6854166388511658,0.5894365310668945,0.6666666865348816,0.5996348857879639,65,1948785426,5,5
18001,1920,270015,34561920,23520,0.6666666865348816,128,18000,0.08874964714050293,1920,17,5,500000,1000,,18001.0,0.6854166388511658,0.5893440246582031,0.6666666865348816,0.5998913049697876,69,1948785426,5,5
19001,1920,285015,36481920,23520,0.6666666865348816,128,19000,0.09256148338317871,1920,17,5,500000,1000,,19001.0,0.6859375238418579,0.5892469882965088,0.6666666865348816,0.5994212627410889,73,1948785426,5,5
20001,1920,300015,38401920,23520,0.6666666865348816,128,20000,0.09624552726745605,1920,17,5,500000,1000,,20001.0,0.6875,0.5891665816307068,0.6666666865348816,0.5990685820579529,78,1948785426,5,5
21001,1920,315015,40321920,23520,0.6666666865348816,128,21000,0.09998226165771484,1920,17,5,500000,1000,,21001.0,0.6875,0.5890925526618958,0.6666666865348816,0.5990437269210815,82,1948785426,5,5
22001,1920,330015,42241920,23520,0.6666666865348816,128,22000,0.10374140739440918,1920,17,5,500000,1000,,22001.0,0.6875,0.5890277028083801,0.6666666865348816,0.5991932153701782,86,1948785426,5,5
23001,1920,345015,44161920,23520,0.6666666865348816,128,23000,0.10747170448303223,1920,17,5,500000,1000,,23001.0,0.6885416507720947,0.5889615416526794,0.6666666865348816,0.5989224314689636,90,1948785426,5,5
24001,1920,360015,46081920,23520,0.6666666865348816,128,24000,0.11117768287658691,1920,17,5,500000,1000,,24001.0,0.6864583492279053,0.5889014005661011,0.668749988079071,0.5990137457847595,94,1948785426,5,5
25001,1920,375015,48001920,23520,0.668749988079071,128,25000,0.11484980583190918,1920,17,5,500000,1000,,25001.0,0.6859375238418579,0.5888460874557495,0.6666666865348816,0.5988262891769409,97,1948785426,5,5
26001,1920,390015,49921920,23520,0.6666666865348816,128,26000,0.11855196952819824,1920,17,5,500000,1000,,26001.0,0.6875,0.588800311088562,0.6666666865348816,0.5990227460861206,101,1948785426,5,5
27001,1920,405015,51841920,23520,0.6666666865348816,128,27000,0.12227797508239746,1920,17,5,500000,1000,,27001.0,0.6869791746139526,0.5887445211410522,0.6666666865348816,0.5987967848777771,105,1948785426,5,5
28001,1920,420015,53761920,23520,0.6666666865348816,128,28000,0.12615609169006348,1920,17,5,500000,1000,,28001.0,0.6859375238418579,0.5886983871459961,0.6666666865348816,0.5992664098739624,109,1948785426,5,5
29001,1920,435015,55681920,23520,0.6666666865348816,128,29000,0.1298964023590088,1920,17,5,500000,1000,,29001.0,0.6869791746139526,0.5886573195457458,0.6666666865348816,0.5989416837692261,113,1948785426,5,5
30001,1920,450015,57601920,23520,0.6666666865348816,128,30000,0.133650541305542,1920,17,5,500000,1000,,30001.0,0.6864583492279053,0.588617205619812,0.6666666865348816,0.5986253023147583,117,1948785426,5,5
31001,1920,465015,59521920,23520,0.6666666865348816,128,31000,0.13733673095703125,1920,17,5,500000,1000,,31001.0,0.6864583492279053,0.5885816812515259,0.6604166626930237,0.5985845923423767,120,1948785426,5,5
32001,1920,480015,61441920,23520,0.6604166626930237,128,32000,0.14104366302490234,1920,17,5,500000,1000,,32001.0,0.6864583492279053,0.5885493159294128,0.6625000238418579,0.5986319184303284,124,1948785426,5,5
33001,1920,495015,63361920,23520,0.6625000238418579,128,33000,0.14473938941955566,1920,17,5,500000,1000,,33001.0,0.6864583492279053,0.5885120034217834,0.6666666865348816,0.5985307097434998,128,1948785426,5,5
34001,1920,510015,65281920,23520,0.6666666865348816,128,34000,0.14844536781311035,1920,17,5,500000,1000,,34001.0,0.6859375238418579,0.5884825587272644,0.6666666865348816,0.5988435745239258,132,1948785426,5,5
35001,1920,525015,67201920,23520,0.6666666865348816,128,35000,0.15366244316101074,1920,17,5,500000,1000,,35001.0,0.6859375238418579,0.5884431004524231,0.6666666865348816,0.598802387714386,136,1948785426,5,5
36001,1920,540015,69121920,23520,0.6666666865348816,128,36000,0.15735936164855957,1920,17,5,500000,1000,,36001.0,0.6875,0.588415265083313,0.6666666865348816,0.598986029624939,140,1948785426,5,5
37001,1920,555015,71041920,23520,0.6666666865348816,128,37000,0.16109609603881836,1920,17,5,500000,1000,,37001.0,0.6859375238418579,0.5883843302726746,0.6645833253860474,0.5990696549415588,144,1948785426,5,5
38001,1920,570015,72961920,23520,0.6645833253860474,128,38000,0.16482019424438477,1920,17,5,500000,1000,,38001.0,0.6875,0.5883592963218689,0.6666666865348816,0.5990428924560547,147,1948785426,5,5
39001,1920,585015,74881920,23520,0.6666666865348816,128,39000,0.1685500144958496,1920,17,5,500000,1000,,39001.0,0.6864583492279053,0.5883338451385498,0.6666666865348816,0.5986698865890503,151,1948785426,5,5
40001,1920,600015,76801920,23520,0.6666666865348816,128,40000,0.17224812507629395,1920,17,5,500000,1000,,40001.0,0.6854166388511658,0.5883057713508606,0.6666666865348816,0.5986221432685852,155,1948785426,5,5
41001,1920,615015,78721920,23520,0.6666666865348816,128,41000,0.17623090744018555,1920,17,5,500000,1000,,41001.0,0.6875,0.5882841944694519,0.6666666865348816,0.5985173583030701,159,1948785426,5,5
42001,1920,630015,80641920,23520,0.6666666865348816,128,42000,0.17997980117797852,1920,17,5,500000,1000,,42001.0,0.6859375238418579,0.5882660746574402,0.6666666865348816,0.5982025861740112,163,1948785426,5,5
43001,1920,645015,82561920,23520,0.6666666865348816,128,43000,0.18369650840759277,1920,17,5,500000,1000,,43001.0,0.6869791746139526,0.5882408618927002,0.6666666865348816,0.5987407565116882,166,1948785426,5,5
44001,1920,660015,84481920,23520,0.6666666865348816,128,44000,0.18743562698364258,1920,17,5,500000,1000,,44001.0,0.6854166388511658,0.5882217884063721,0.6666666865348816,0.5987204909324646,170,1948785426,5,5
45001,1920,675015,86401920,23520,0.6666666865348816,128,45000,0.19115066528320312,1920,17,5,500000,1000,,45001.0,0.6859375238418579,0.5882024765014648,0.668749988079071,0.5985557436943054,174,1948785426,5,5
46001,1920,690015,88321920,23520,0.668749988079071,128,46000,0.19487571716308594,1920,17,5,500000,1000,,46001.0,0.6869791746139526,0.5881807208061218,0.6666666865348816,0.5985750555992126,178,1948785426,5,5
47001,1920,705015,90241920,23520,0.6666666865348816,128,47000,0.19854068756103516,1920,17,5,500000,1000,,47001.0,0.6859375238418579,0.5881620645523071,0.6666666865348816,0.598678469657898,182,1948785426,5,5
48001,1920,720015,92161920,23520,0.6666666865348816,128,48000,0.2022709846496582,1920,17,5,500000,1000,,48001.0,0.6864583492279053,0.5881419777870178,0.6666666865348816,0.598924994468689,186,1948785426,5,5
49001,1920,735015,94081920,23520,0.6666666865348816,128,49000,0.20601797103881836,1920,17,5,500000,1000,,49001.0,0.6864583492279053,0.5881257653236389,0.6666666865348816,0.5987041592597961,189,1948785426,5,5
50001,1920,750015,96001920,23520,0.6666666865348816,128,50000,0.2097630500793457,1920,17,5,500000,1000,,50001.0,0.6869791746139526,0.5881077647209167,0.6666666865348816,0.5989336371421814,193,1948785426,5,5
51001,1920,765015,97921920,23520,0.6666666865348816,128,51000,0.21351122856140137,1920,17,5,500000,1000,,51001.0,0.6854166388511658,0.5880929231643677,0.6645833253860474,0.598674476146698,197,1948785426,5,5
52001,1920,780015,99841920,23520,0.6645833253860474,128,52000,0.2171781063079834,1920,17,5,500000,1000,,52001.0,0.6869791746139526,0.5880775451660156,0.6645833253860474,0.5989869832992554,201,1948785426,5,5
53001,1920,795015,101761920,23520,0.6645833253860474,128,53000,0.22106623649597168,1920,17,5,500000,1000,,53001.0,0.6875,0.5880634188652039,0.6666666865348816,0.5987922549247742,205,1948785426,5,5
54001,1920,810015,103681920,23520,0.6666666865348816,128,54000,0.22480416297912598,1920,17,5,500000,1000,,54001.0,0.6859375238418579,0.5880507230758667,0.6666666865348816,0.5985022187232971,209,1948785426,5,5
55001,1920,825015,105601920,23520,0.6666666865348816,128,55000,0.22851920127868652,1920,17,5,500000,1000,,55001.0,0.6854166388511658,0.5880342125892639,0.6666666865348816,0.5987675786018372,212,1948785426,5,5
56001,1920,840015,107521920,23520,0.6666666865348816,128,56000,0.2322542667388916,1920,17,5,500000,1000,,56001.0,0.6859375238418579,0.5880164504051208,0.6666666865348816,0.5990151762962341,216,1948785426,5,5
57001,1920,855015,109441920,23520,0.6666666865348816,128,57000,0.23599624633789062,1920,17,5,500000,1000,,57001.0,0.6864583492279053,0.5880030393600464,0.6666666865348816,0.598944365978241,220,1948785426,5,5
58001,1920,870015,111361920,23520,0.6666666865348816,128,58000,0.23969459533691406,1920,17,5,500000,1000,,58001.0,0.6864583492279053,0.5879914164543152,0.6666666865348816,0.5988541841506958,224,1948785426,5,5
59001,1920,885015,113281920,23520,0.6666666865348816,128,59000,0.24348664283752441,1920,17,5,500000,1000,,59001.0,0.6864583492279053,0.5879774689674377,0.6666666865348816,0.5986329317092896,228,1948785426,5,5
60001,1920,900015,115201920,23520,0.6666666865348816,128,60000,0.24719667434692383,1920,17,5,500000,1000,,60001.0,0.6859375238418579,0.5879660844802856,0.6666666865348816,0.598551869392395,232,1948785426,5,5
61001,1920,915015,117121920,23520,0.6666666865348816,128,61000,0.2508964538574219,1920,17,5,500000,1000,,61001.0,0.6864583492279053,0.5879495143890381,0.668749988079071,0.5989094376564026,236,1948785426,5,5
62001,1920,930015,119041920,23520,0.668749988079071,128,62000,0.25542569160461426,1920,17,5,500000,1000,,62001.0,0.684374988079071,0.5879403948783875,0.6666666865348816,0.59867924451828,240,1948785426,5,5
63001,1920,945015,120961920,23520,0.6666666865348816,128,63000,0.2591078281402588,1920,17,5,500000,1000,,63001.0,0.6838541626930237,0.5879297852516174,0.668749988079071,0.5984286665916443,243,1948785426,5,5
64001,1920,960015,122881920,23520,0.668749988079071,128,64000,0.26284003257751465,1920,17,5,500000,1000,,64001.0,0.6848958134651184,0.5879157185554504,0.6666666865348816,0.598301351070404,247,1948785426,5,5
65001,1920,975015,124801920,23520,0.6666666865348816,128,65000,0.26651477813720703,1920,17,5,500000,1000,,65001.0,0.6859375238418579,0.5879057049751282,0.6666666865348816,0.5986647009849548,251,1948785426,5,5
66001,1920,990015,126721920,23520,0.6666666865348816,128,66000,0.27027082443237305,1920,17,5,500000,1000,,66001.0,0.6854166388511658,0.587897002696991,0.6666666865348816,0.5987085700035095,255,1948785426,5,5
67001,1920,1005015,128641920,23520,0.6666666865348816,128,67000,0.27410078048706055,1920,17,5,500000,1000,,67001.0,0.6854166388511658,0.5878862738609314,0.6666666865348816,0.5987435579299927,259,1948785426,5,5
68001,1920,1020015,130561920,23520,0.6666666865348816,128,68000,0.27779293060302734,1920,17,5,500000,1000,,68001.0,0.6854166388511658,0.5878788232803345,0.6666666865348816,0.5986601114273071,263,1948785426,5,5
69001,1920,1035015,132481920,23520,0.6666666865348816,128,69000,0.2815277576446533,1920,17,5,500000,1000,,69001.0,0.6859375238418579,0.5878665447235107,0.6666666865348816,0.5985748767852783,266,1948785426,5,5
70001,1920,1050015,134401920,23520,0.6666666865348816,128,70000,0.28525876998901367,1920,17,5,500000,1000,,70001.0,0.6864583492279053,0.587854266166687,0.6666666865348816,0.5984984636306763,270,1948785426,5,5
71001,1920,1065015,136321920,23520,0.6666666865348816,128,71000,0.2889876365661621,1920,17,5,500000,1000,,71001.0,0.6854166388511658,0.5878425240516663,0.6666666865348816,0.5986179113388062,274,1948785426,5,5
72001,1920,1080015,138241920,23520,0.6666666865348816,128,72000,0.29273176193237305,1920,17,5,500000,1000,,72001.0,0.6854166388511658,0.5878395438194275,0.6666666865348816,0.5985531210899353,278,1948785426,5,5
73001,1920,1095015,140161920,23520,0.6666666865348816,128,73000,0.29643988609313965,1920,17,5,500000,1000,,73001.0,0.6854166388511658,0.5878280401229858,0.6666666865348816,0.5984181761741638,282,1948785426,5,5
74001,1920,1110015,142081920,23520,0.6666666865348816,128,74000,0.300142765045166,1920,17,5,500000,1000,,74001.0,0.6848958134651184,0.5878172516822815,0.6666666865348816,0.5984980463981628,285,1948785426,5,5
75001,1920,1125015,144001920,23520,0.6666666865348816,128,75000,0.3040587902069092,1920,17,5,500000,1000,,75001.0,0.6848958134651184,0.587809145450592,0.6666666865348816,0.5984629988670349,289,1948785426,5,5
76001,1920,1140015,145921920,23520,0.6666666865348816,128,76000,0.30780768394470215,1920,17,5,500000,1000,,76001.0,0.6838541626930237,0.5878027677536011,0.6666666865348816,0.598621666431427,293,1948785426,5,5
77001,1920,1155015,147841920,23520,0.6666666865348816,128,77000,0.3115417957305908,1920,17,5,500000,1000,,77001.0,0.6838541626930237,0.5877972841262817,0.6666666865348816,0.5984240770339966,297,1948785426,5,5
78001,1920,1170015,149761920,23520,0.6666666865348816,128,78000,0.3152906894683838,1920,17,5,500000,1000,,78001.0,0.6859375238418579,0.5877850651741028,0.6666666865348816,0.5987006425857544,301,1948785426,5,5
79001,1920,1185015,151681920,23520,0.6666666865348816,128,79000,0.3189675807952881,1920,17,5,500000,1000,,79001.0,0.6859375238418579,0.5877771973609924,0.6666666865348816,0.598426878452301,305,1948785426,5,5
80001,1920,1200015,153601920,23520,0.6666666865348816,128,80000,0.3227245807647705,1920,17,5,500000,1000,,80001.0,0.6859375238418579,0.5877684950828552,0.6666666865348816,0.5985192060470581,308,1948785426,5,5
81001,1920,1215015,155521920,23520,0.6666666865348816,128,81000,0.3264124393463135,1920,17,5,500000,1000,,81001.0,0.6848958134651184,0.5877640247344971,0.6666666865348816,0.5983197689056396,312,1948785426,5,5
82001,1920,1230015,157441920,23520,0.6666666865348816,128,82000,0.3301527500152588,1920,17,5,500000,1000,,82001.0,0.684374988079071,0.5877517461776733,0.6666666865348816,0.59845370054245,316,1948785426,5,5
83001,1920,1245015,159361920,23520,0.6666666865348816,128,83000,0.3338642120361328,1920,17,5,500000,1000,,83001.0,0.6854166388511658,0.5877447724342346,0.6666666865348816,0.5985710024833679,320,1948785426,5,5
84001,1920,1260015,161281920,23520,0.6666666865348816,128,84000,0.33765411376953125,1920,17,5,500000,1000,,84001.0,0.6848958134651184,0.5877369046211243,0.6666666865348816,0.5986018776893616,324,1948785426,5,5
85001,1920,1275015,163201920,23520,0.6666666865348816,128,85000,0.3414759635925293,1920,17,5,500000,1000,,85001.0,0.6864583492279053,0.5877305269241333,0.6666666865348816,0.5984655022621155,328,1948785426,5,5
86001,1920,1290015,165121920,23520,0.6666666865348816,128,86000,0.34519004821777344,1920,17,5,500000,1000,,86001.0,0.6848958134651184,0.5877249836921692,0.6666666865348816,0.5984418392181396,331,1948785426,5,5
87001,1920,1305015,167041920,23520,0.6666666865348816,128,87000,0.3488750457763672,1920,17,5,500000,1000,,87001.0,0.6859375238418579,0.5877171158790588,0.6666666865348816,0.5985915660858154,335,1948785426,5,5
88001,1920,1320015,168961920,23520,0.6666666865348816,128,88000,0.3526031970977783,1920,17,5,500000,1000,,88001.0,0.6859375238418579,0.5877192616462708,0.6666666865348816,0.5984477400779724,339,1948785426,5,5
89001,1920,1335015,170881920,23520,0.6666666865348816,128,89000,0.35627055168151855,1920,17,5,500000,1000,,89001.0,0.6864583492279053,0.5877132415771484,0.6666666865348816,0.598488986492157,343,1948785426,5,5
90001,1920,1350015,172801920,23520,0.6666666865348816,128,90000,0.3600027561187744,1920,17,5,500000,1000,,90001.0,0.6854166388511658,0.5877028703689575,0.6666666865348816,0.5987966060638428,347,1948785426,5,5
91001,1920,1365015,174721920,23520,0.6666666865348816,128,91000,0.36391782760620117,1920,17,5,500000,1000,,91001.0,0.6854166388511658,0.5876924395561218,0.6666666865348816,0.5986363887786865,350,1948785426,5,5
92001,1920,1380015,176641920,23520,0.6666666865348816,128,92000,0.3676166534423828,1920,17,5,500000,1000,,92001.0,0.6848958134651184,0.5876867175102234,0.6645833253860474,0.5984814763069153,354,1948785426,5,5
93001,1920,1395015,178561920,23520,0.6645833253860474,128,93000,0.37136149406433105,1920,17,5,500000,1000,,93001.0,0.6854166388511658,0.5876792669296265,0.6666666865348816,0.5985397100448608,358,1948785426,5,5
94001,1920,1410015,180481920,23520,0.6666666865348816,128,94000,0.3750803470611572,1920,17,5,500000,1000,,94001.0,0.6854166388511658,0.5876739621162415,0.6666666865348816,0.5985962152481079,362,1948785426,5,5
95001,1920,1425015,182401920,23520,0.6666666865348816,128,95000,0.378831148147583,1920,17,5,500000,1000,,95001.0,0.6864583492279053,0.5876682996749878,0.6666666865348816,0.5985738635063171,366,1948785426,5,5
96001,1920,1440015,184321920,23520,0.6666666865348816,128,96000,0.38259100914001465,1920,17,5,500000,1000,,96001.0,0.6859375238418579,0.5876647233963013,0.6666666865348816,0.5983877182006836,370,1948785426,5,5
97001,1920,1455015,186241920,23520,0.6666666865348816,128,97000,0.38628101348876953,1920,17,5,500000,1000,,97001.0,0.6854166388511658,0.5876597166061401,0.6666666865348816,0.5985776782035828,373,1948785426,5,5
98001,1920,1470015,188161920,23520,0.6666666865348816,128,98000,0.3899729251861572,1920,17,5,500000,1000,,98001.0,0.6864583492279053,0.5876506567001343,0.6666666865348816,0.5984833240509033,377,1948785426,5,5
99001,1920,1485015,190081920,23520,0.6666666865348816,128,99000,0.39378881454467773,1920,17,5,500000,1000,,99001.0,0.6859375238418579,0.5876486301422119,0.6666666865348816,0.5985745191574097,381,1948785426,5,5
100001,1920,1500015,192001920,23520,0.6666666865348816,128,100000,0.39757800102233887,1920,17,5,500000,1000,,100001.0,0.6859375238418579,0.5876409411430359,0.6666666865348816,0.598602294921875,385,1948785426,5,5
101001,1920,1515015,193921920,23520,0.6666666865348816,128,101000,0.4013502597808838,1920,17,5,500000,1000,,101001.0,0.6838541626930237,0.5876349806785583,0.6666666865348816,0.5986565947532654,389,1948785426,5,5
102001,1920,1530015,195841920,23520,0.6666666865348816,128,102000,0.4050884246826172,1920,17,5,500000,1000,,102001.0,0.6859375238418579,0.5876306891441345,0.6666666865348816,0.5986945629119873,393,1948785426,5,5
103001,1920,1545015,197761920,23520,0.6666666865348816,128,103000,0.41225433349609375,1920,17,5,500000,1000,,103001.0,0.684374988079071,0.5876244306564331,0.6666666865348816,0.5985918045043945,396,1948785426,5,5
104001,1920,1560015,199681920,23520,0.6666666865348816,128,104000,0.41597819328308105,1920,17,5,500000,1000,,104001.0,0.6864583492279053,0.587621808052063,0.668749988079071,0.5986140370368958,400,1948785426,5,5
105001,1920,1575015,201601920,23520,0.668749988079071,128,105000,0.42065000534057617,1920,17,5,500000,1000,,105001.0,0.6859375238418579,0.5876137614250183,0.6666666865348816,0.5984901785850525,404,1948785426,5,5
106001,1920,1590015,203521920,23520,0.6666666865348816,128,106000,0.4243898391723633,1920,17,5,500000,1000,,106001.0,0.6848958134651184,0.587609589099884,0.6666666865348816,0.5983693599700928,408,1948785426,5,5
107001,1920,1605015,205441920,23520,0.6666666865348816,128,107000,0.4280846118927002,1920,17,5,500000,1000,,107001.0,0.684374988079071,0.5876064896583557,0.6666666865348816,0.5987356305122375,412,1948785426,5,5
108001,1920,1620015,207361920,23520,0.6666666865348816,128,108000,0.4318225383758545,1920,17,5,500000,1000,,108001.0,0.6848958134651184,0.5876007080078125,0.6666666865348816,0.5983718037605286,416,1948785426,5,5
109001,1920,1635015,209281920,23520,0.6666666865348816,128,109000,0.43557071685791016,1920,17,5,500000,1000,,109001.0,0.6864583492279053,0.5875985622406006,0.6666666865348816,0.598724901676178,420,1948785426,5,5
110001,1920,1650015,211201920,23520,0.6666666865348816,128,110000,0.439314603805542,1920,17,5,500000,1000,,110001.0,0.684374988079071,0.5875957012176514,0.6666666865348816,0.5985120534896851,423,1948785426,5,5
111001,1920,1665015,213121920,23520,0.6666666865348816,128,111000,0.4430718421936035,1920,17,5,500000,1000,,111001.0,0.6848958134651184,0.5875874757766724,0.6666666865348816,0.5983060002326965,427,1948785426,5,5
112001,1920,1680015,215041920,23520,0.6666666865348816,128,112000,0.44725966453552246,1920,17,5,500000,1000,,112001.0,0.684374988079071,0.5875867009162903,0.6666666865348816,0.598209023475647,431,1948785426,5,5
113001,1920,1695015,216961920,23520,0.6666666865348816,128,113000,0.45101261138916016,1920,17,5,500000,1000,,113001.0,0.6864583492279053,0.5875836610794067,0.6666666865348816,0.5983260869979858,435,1948785426,5,5
114001,1920,1710015,218881920,23520,0.6666666865348816,128,114000,0.45476269721984863,1920,17,5,500000,1000,,114001.0,0.6848958134651184,0.587577760219574,0.6666666865348816,0.5984960794448853,439,1948785426,5,5
115001,1920,1725015,220801920,23520,0.6666666865348816,128,115000,0.45848965644836426,1920,17,5,500000,1000,,115001.0,0.6859375238418579,0.5875731110572815,0.6666666865348816,0.5982606410980225,443,1948785426,5,5
116001,1920,1740015,222721920,23520,0.6666666865348816,128,116000,0.4622466564178467,1920,17,5,500000,1000,,116001.0,0.6864583492279053,0.5875617265701294,0.6666666865348816,0.5983021259307861,446,1948785426,5,5
117001,1920,1755015,224641920,23520,0.6666666865348816,128,117000,0.4659874439239502,1920,17,5,500000,1000,,117001.0,0.6838541626930237,0.5875585675239563,0.6666666865348816,0.5984877943992615,450,1948785426,5,5
118001,1920,1770015,226561920,23520,0.6666666865348816,128,118000,0.469698429107666,1920,17,5,500000,1000,,118001.0,0.6838541626930237,0.5875533819198608,0.6666666865348816,0.5987905859947205,454,1948785426,5,5
119001,1920,1785015,228481920,23520,0.6666666865348816,128,119000,0.4735982418060303,1920,17,5,500000,1000,,119001.0,0.6838541626930237,0.5875498652458191,0.6666666865348816,0.5983986258506775,458,1948785426,5,5
120001,1920,1800015,230401920,23520,0.6666666865348816,128,120000,0.47731828689575195,1920,17,5,500000,1000,,120001.0,0.684374988079071,0.5875486731529236,0.6666666865348816,0.5984418988227844,462,1948785426,5,5
121001,1920,1815015,232321920,23520,0.6666666865348816,128,121000,0.4810192584991455,1920,17,5,500000,1000,,121001.0,0.6854166388511658,0.587544322013855,0.6666666865348816,0.5986412167549133,466,1948785426,5,5
122001,1920,1830015,234241920,23520,0.6666666865348816,128,122000,0.4846763610839844,1920,17,5,500000,1000,,122001.0,0.6854166388511658,0.5875418186187744,0.6666666865348816,0.5985729694366455,470,1948785426,5,5
123001,1920,1845015,236161920,23520,0.6666666865348816,128,123000,0.48839354515075684,1920,17,5,500000,1000,,123001.0,0.6838541626930237,0.5875346660614014,0.6666666865348816,0.5987817645072937,473,1948785426,5,5
124001,1920,1860015,238081920,23520,0.6666666865348816,128,124000,0.4921286106109619,1920,17,5,500000,1000,,124001.0,0.6854166388511658,0.5875328183174133,0.668749988079071,0.598535418510437,477,1948785426,5,5
125001,1920,1875015,240001920,23520,0.668749988079071,128,125000,0.49585866928100586,1920,17,5,500000,1000,,125001.0,0.6864583492279053,0.5875307321548462,0.6666666865348816,0.5985849499702454,481,1948785426,5,5
126001,1920,1890015,241921920,23520,0.6666666865348816,128,126000,0.49959373474121094,1920,17,5,500000,1000,,126001.0,0.6848958134651184,0.587527334690094,0.6666666865348816,0.5983584523200989,485,1948785426,5,5
127001,1920,1905015,243841920,23520,0.6666666865348816,128,127000,0.5032539367675781,1920,17,5,500000,1000,,127001.0,0.6854166388511658,0.5875234603881836,0.6666666865348816,0.5984861254692078,489,1948785426,5,5
128001,1920,1920015,245761920,23520,0.6666666865348816,128,128000,0.5069899559020996,1920,17,5,500000,1000,,128001.0,0.6854166388511658,0.5875188112258911,0.6666666865348816,0.5983415246009827,492,1948785426,5,5
129001,1920,1935015,247681920,23520,0.6666666865348816,128,129000,0.5107040405273438,1920,17,5,500000,1000,,129001.0,0.684374988079071,0.5875154137611389,0.6666666865348816,0.5983850359916687,496,1948785426,5,5
130001,1920,1950015,249601920,23520,0.6666666865348816,128,130000,0.5144450664520264,1920,17,5,500000,1000,,130001.0,0.6838541626930237,0.5875108242034912,0.6666666865348816,0.5984922051429749,500,1948785426,5,5
131001,1920,1965015,251521920,23520,0.6666666865348816,128,131000,0.5181660652160645,1920,17,5,500000,1000,,131001.0,0.6854166388511658,0.5875087976455688,0.6666666865348816,0.598284125328064,504,1948785426,5,5
132001,1920,1980015,253441920,23520,0.6666666865348816,128,132000,0.5219070911407471,1920,17,5,500000,1000,,132001.0,0.6854166388511658,0.5875045657157898,0.6666666865348816,0.5983051657676697,508,1948785426,5,5
133001,1920,1995015,255361920,23520,0.6666666865348816,128,133000,0.5256550312042236,1920,17,5,500000,1000,,133001.0,0.6854166388511658,0.5875033736228943,0.6666666865348816,0.5982671976089478,512,1948785426,5,5
134001,1920,2010015,257281920,23520,0.6666666865348816,128,134000,0.5293917655944824,1920,17,5,500000,1000,,134001.0,0.6854166388511658,0.5874993801116943,0.6666666865348816,0.5981647372245789,515,1948785426,5,5
135001,1920,2025015,259201920,23520,0.6666666865348816,128,135000,0.533125638961792,1920,17,5,500000,1000,,135001.0,0.6854166388511658,0.5874966382980347,0.6666666865348816,0.5983630418777466,519,1948785426,5,5
136001,1920,2040015,261121920,23520,0.6666666865348816,128,136000,0.5368537902832031,1920,17,5,500000,1000,,136001.0,0.6859375238418579,0.5874955058097839,0.6666666865348816,0.5982164740562439,523,1948785426,5,5
137001,1920,2055015,263041920,23520,0.6666666865348816,128,137000,0.5405700206756592,1920,17,5,500000,1000,,137001.0,0.6859375238418579,0.5874860286712646,0.6666666865348816,0.5985782742500305,527,1948785426,5,5
138001,1920,2070015,264961920,23520,0.6666666865348816,128,138000,0.5443181991577148,1920,17,5,500000,1000,,138001.0,0.684374988079071,0.5874861478805542,0.6666666865348816,0.5983369946479797,531,1948785426,5,5
139001,1920,2085015,266881920,23520,0.6666666865348816,128,139000,0.5479860305786133,1920,17,5,500000,1000,,139001.0,0.6838541626930237,0.5874843001365662,0.6666666865348816,0.5982705354690552,534,1948785426,5,5
140001,1920,2100015,268801920,23520,0.6666666865348816,128,140000,0.5516841411590576,1920,17,5,500000,1000,,140001.0,0.6848958134651184,0.5874780416488647,0.6666666865348816,0.5982940793037415,538,1948785426,5,5
141001,1920,2115015,270721920,23520,0.6666666865348816,128,141000,0.5553762912750244,1920,17,5,500000,1000,,141001.0,0.684374988079071,0.5874756574630737,0.6666666865348816,0.5984792113304138,542,1948785426,5,5
142001,1920,2130015,272641920,23520,0.6666666865348816,128,142000,0.5652031898498535,1920,17,5,500000,1000,,142001.0,0.684374988079071,0.5874747037887573,0.6666666865348816,0.5984899401664734,546,1948785426,5,5
143001,1920,2145015,274561920,23520,0.6666666865348816,128,143000,0.5689141750335693,1920,17,5,500000,1000,,143001.0,0.684374988079071,0.587468147277832,0.6666666865348816,0.5984414219856262,550,1948785426,5,5
144001,1920,2160015,276481920,23520,0.6666666865348816,128,144000,0.5725901126861572,1920,17,5,500000,1000,,144001.0,0.6838541626930237,0.5874655842781067,0.6666666865348816,0.5982646346092224,554,1948785426,5,5
145001,1920,2175015,278401920,23520,0.6666666865348816,128,145000,0.5763063430786133,1920,17,5,500000,1000,,145001.0,0.6838541626930237,0.5874597430229187,0.6666666865348816,0.5982836484909058,558,1948785426,5,5
146001,1920,2190015,280321920,23520,0.6666666865348816,128,146000,0.5800533294677734,1920,17,5,500000,1000,,146001.0,0.6838541626930237,0.5874602794647217,0.6666666865348816,0.5981839299201965,561,1948785426,5,5
147001,1920,2205015,282241920,23520,0.6666666865348816,128,147000,0.5838892459869385,1920,17,5,500000,1000,,147001.0,0.6854166388511658,0.5874536633491516,0.6666666865348816,0.5985305309295654,565,1948785426,5,5
148001,1920,2220015,284161920,23520,0.6666666865348816,128,148000,0.5875651836395264,1920,17,5,500000,1000,,148001.0,0.6848958134651184,0.5874528288841248,0.6666666865348816,0.5984986424446106,569,1948785426,5,5
149001,1920,2235015,286081920,23520,0.6666666865348816,128,149000,0.5914731025695801,1920,17,5,500000,1000,,149001.0,0.6833333373069763,0.5874552130699158,0.6666666865348816,0.5984156131744385,573,1948785426,5,5
150001,1920,2250015,288001920,23520,0.6666666865348816,128,150000,0.5964939594268799,1920,17,5,500000,1000,,150001.0,0.6848958134651184,0.5874492526054382,0.6666666865348816,0.5982397198677063,577,1948785426,5,5
151001,1920,2265015,289921920,23520,0.6666666865348816,128,151000,0.6004009246826172,1920,17,5,500000,1000,,151001.0,0.6848958134651184,0.5874494314193726,0.6666666865348816,0.5980305075645447,581,1948785426,5,5
152001,1920,2280015,291841920,23520,0.6666666865348816,128,152000,0.6042110919952393,1920,17,5,500000,1000,,152001.0,0.684374988079071,0.5874431729316711,0.6666666865348816,0.5981711149215698,585,1948785426,5,5
153001,1920,2295015,293761920,23520,0.6666666865348816,128,153000,0.6088857650756836,1920,17,5,500000,1000,,153001.0,0.6838541626930237,0.5874399542808533,0.6666666865348816,0.5982859134674072,589,1948785426,5,5
154001,1920,2310015,295681920,23520,0.6666666865348816,128,154000,0.6128087043762207,1920,17,5,500000,1000,,154001.0,0.6848958134651184,0.587433397769928,0.6666666865348816,0.5986018776893616,593,1948785426,5,5
155001,1920,2325015,297601920,23520,0.6666666865348816,128,155000,0.6165845394134521,1920,17,5,500000,1000,,155001.0,0.6838541626930237,0.587433934211731,0.6666666865348816,0.5984522104263306,597,1948785426,5,5
156001,1920,2340015,299521920,23520,0.6666666865348816,128,156000,0.6205294132232666,1920,17,5,500000,1000,,156001.0,0.6848958134651184,0.5874303579330444,0.6666666865348816,0.5984468460083008,601,1948785426,5,5
157001,1920,2355015,301441920,23520,0.6666666865348816,128,157000,0.6243174076080322,1920,17,5,500000,1000,,157001.0,0.6838541626930237,0.5874270796775818,0.6666666865348816,0.5984361171722412,605,1948785426,5,5
158001,1920,2370015,303361920,23520,0.6666666865348816,128,158000,0.628129243850708,1920,17,5,500000,1000,,158001.0,0.6854166388511658,0.5874239206314087,0.6666666865348816,0.5982728600502014,609,1948785426,5,5
159001,1920,2385015,305281920,23520,0.6666666865348816,128,159000,0.631885290145874,1920,17,5,500000,1000,,159001.0,0.6848958134651184,0.5874249339103699,0.6666666865348816,0.5982569456100464,613,1948785426,5,5
160001,1920,2400015,307201920,23520,0.6666666865348816,128,160000,0.6356172561645508,1920,17,5,500000,1000,,160001.0,0.684374988079071,0.5874229073524475,0.6666666865348816,0.5983631014823914,617,1948785426,5,5
161001,1920,2415015,309121920,23520,0.6666666865348816,128,161000,0.6393849849700928,1920,17,5,500000,1000,,161001.0,0.684374988079071,0.5874196887016296,0.6666666865348816,0.5982795357704163,621,1948785426,5,5
162001,1920,2430015,311041920,23520,0.6666666865348816,128,162000,0.643153190612793,1920,17,5,500000,1000,,162001.0,0.6822916865348816,0.5874165296554565,0.6666666865348816,0.5983428359031677,625,1948785426,5,5
163001,1920,2445015,312961920,23520,0.6666666865348816,128,163000,0.6469354629516602,1920,17,5,500000,1000,,163001.0,0.6848958134651184,0.5874132513999939,0.6666666865348816,0.5980347394943237,628,1948785426,5,5
164001,1920,2460015,314881920,23520,0.6666666865348816,128,164000,0.6507141590118408,1920,17,5,500000,1000,,164001.0,0.684374988079071,0.5874109864234924,0.6666666865348816,0.598242461681366,632,1948785426,5,5
165001,1920,2475015,316801920,23520,0.6666666865348816,128,165000,0.65450119972229,1920,17,5,500000,1000,,165001.0,0.684374988079071,0.5874071717262268,0.6666666865348816,0.5982629060745239,636,1948785426,5,5
166001,1920,2490015,318721920,23520,0.6666666865348816,128,166000,0.6582341194152832,1920,17,5,500000,1000,,166001.0,0.6833333373069763,0.5874068140983582,0.6666666865348816,0.5983556509017944,640,1948785426,5,5
167001,1920,2505015,320641920,23520,0.6666666865348816,128,167000,0.6621832847595215,1920,17,5,500000,1000,,167001.0,0.6833333373069763,0.5874047875404358,0.6666666865348816,0.5985664129257202,644,1948785426,5,5
168001,1920,2520015,322561920,23520,0.6666666865348816,128,168000,0.6660730838775635,1920,17,5,500000,1000,,168001.0,0.684374988079071,0.5874049067497253,0.6666666865348816,0.5985861420631409,648,1948785426,5,5
169001,1920,2535015,324481920,23520,0.6666666865348816,128,169000,0.6698710918426514,1920,17,5,500000,1000,,169001.0,0.6848958134651184,0.5874015688896179,0.6666666865348816,0.5986688137054443,652,1948785426,5,5
170001,1920,2550015,326401920,23520,0.6666666865348816,128,170000,0.6738522052764893,1920,17,5,500000,1000,,170001.0,0.6848958134651184,0.5873972177505493,0.6666666865348816,0.5987234711647034,655,1948785426,5,5
171001,1920,2565015,328321920,23520,0.6666666865348816,128,171000,0.6776728630065918,1920,17,5,500000,1000,,171001.0,0.684374988079071,0.5873971581459045,0.6666666865348816,0.5986611843109131,659,1948785426,5,5
172001,1920,2580015,330241920,23520,0.6666666865348816,128,172000,0.6814618110656738,1920,17,5,500000,1000,,172001.0,0.6848958134651184,0.587395966053009,0.6666666865348816,0.598480761051178,663,1948785426,5,5
173001,1920,2595015,332161920,23520,0.6666666865348816,128,173000,0.6852085590362549,1920,17,5,500000,1000,,173001.0,0.684374988079071,0.5873907208442688,0.6666666865348816,0.598279595375061,667,1948785426,5,5
174001,1920,2610015,334081920,23520,0.6666666865348816,128,174000,0.6890163421630859,1920,17,5,500000,1000,,174001.0,0.6854166388511658,0.58738774061203,0.6666666865348816,0.5984731316566467,671,1948785426,5,5
175001,1920,2625015,336001920,23520,0.6666666865348816,128,175000,0.6927735805511475,1920,17,5,500000,1000,,175001.0,0.6833333373069763,0.5873832702636719,0.6666666865348816,0.598372220993042,675,1948785426,5,5
176001,1920,2640015,337921920,23520,0.6666666865348816,128,176000,0.6966660022735596,1920,17,5,500000,1000,,176001.0,0.6833333373069763,0.5873844027519226,0.6666666865348816,0.5983158946037292,678,1948785426,5,5
177001,1920,2655015,339841920,23520,0.6666666865348816,128,177000,0.7004988193511963,1920,17,5,500000,1000,,177001.0,0.6838541626930237,0.5873794555664062,0.6666666865348816,0.5986007452011108,682,1948785426,5,5
178001,1920,2670015,341761920,23520,0.6666666865348816,128,178000,0.7043356895446777,1920,17,5,500000,1000,,178001.0,0.6833333373069763,0.5873801708221436,0.6666666865348816,0.5983561873435974,686,1948785426,5,5
179001,1920,2685015,343681920,23520,0.6666666865348816,128,179000,0.708338737487793,1920,17,5,500000,1000,,179001.0,0.684374988079071,0.5873794555664062,0.6666666865348816,0.5983216166496277,690,1948785426,5,5
180001,1920,2700015,345601920,23520,0.6666666865348816,128,180000,0.7122247219085693,1920,17,5,500000,1000,,180001.0,0.6838541626930237,0.5873789191246033,0.6666666865348816,0.5982183814048767,694,1948785426,5,5
181001,1920,2715015,347521920,23520,0.6666666865348816,128,181000,0.7160117626190186,1920,17,5,500000,1000,,181001.0,0.6838541626930237,0.5873743295669556,0.6666666865348816,0.5985999703407288,698,1948785426,5,5
182001,1920,2730015,349441920,23520,0.6666666865348816,128,182000,0.719754695892334,1920,17,5,500000,1000,,182001.0,0.6833333373069763,0.5873759388923645,0.6666666865348816,0.5984196066856384,701,1948785426,5,5
183001,1920,2745015,351361920,23520,0.6666666865348816,128,183000,0.7235345840454102,1920,17,5,500000,1000,,183001.0,0.6822916865348816,0.5873730778694153,0.6666666865348816,0.5982121825218201,705,1948785426,5,5
184001,1920,2760015,353281920,23520,0.6666666865348816,128,184000,0.7273604869842529,1920,17,5,500000,1000,,184001.0,0.6833333373069763,0.5873717665672302,0.6666666865348816,0.5983003973960876,709,1948785426,5,5
185001,1920,2775015,355201920,23520,0.6666666865348816,128,185000,0.7311906814575195,1920,17,5,500000,1000,,185001.0,0.6838541626930237,0.5873672366142273,0.6666666865348816,0.5983118414878845,713,1948785426,5,5
186001,1920,2790015,357121920,23520,0.6666666865348816,128,186000,0.7350537776947021,1920,17,5,500000,1000,,186001.0,0.6833333373069763,0.587367057800293,0.6666666865348816,0.5981448888778687,717,1948785426,5,5
187001,1920,2805015,359041920,23520,0.6666666865348816,128,187000,0.7388107776641846,1920,17,5,500000,1000,,187001.0,0.6838541626930237,0.5873641967773438,0.6666666865348816,0.5980452299118042,721,1948785426,5,5
188001,1920,2820015,360961920,23520,0.6666666865348816,128,188000,0.7425715923309326,1920,17,5,500000,1000,,188001.0,0.684374988079071,0.5873631238937378,0.6666666865348816,0.5981928110122681,725,1948785426,5,5
189001,1920,2835015,362881920,23520,0.6666666865348816,128,189000,0.7463979721069336,1920,17,5,500000,1000,,189001.0,0.6833333373069763,0.5873590707778931,0.6666666865348816,0.5981882810592651,728,1948785426,5,5
190001,1920,2850015,364801920,23520,0.6666666865348816,128,190000,0.7502059936523438,1920,17,5,500000,1000,,190001.0,0.6848958134651184,0.587360680103302,0.6666666865348816,0.5981274843215942,732,1948785426,5,5
191001,1920,2865015,366721920,23520,0.6666666865348816,128,191000,0.7539849281311035,1920,17,5,500000,1000,,191001.0,0.6848958134651184,0.5873569250106812,0.6666666865348816,0.5982739329338074,736,1948785426,5,5
192001,1920,2880015,368641920,23520,0.6666666865348816,128,192000,0.7578449249267578,1920,17,5,500000,1000,,192001.0,0.684374988079071,0.58735591173172,0.6666666865348816,0.5983041524887085,740,1948785426,5,5
193001,1920,2895015,370561920,23520,0.6666666865348816,128,193000,0.761584997177124,1920,17,5,500000,1000,,193001.0,0.684374988079071,0.587353527545929,0.6666666865348816,0.5981505513191223,744,1948785426,5,5
194001,1920,2910015,372481920,23520,0.6666666865348816,128,194000,0.7653381824493408,1920,17,5,500000,1000,,194001.0,0.684374988079071,0.5873516201972961,0.6666666865348816,0.5982616543769836,748,1948785426,5,5
195001,1920,2925015,374401920,23520,0.6666666865348816,128,195000,0.769172191619873,1920,17,5,500000,1000,,195001.0,0.684374988079071,0.5873454809188843,0.6645833253860474,0.598506510257721,752,1948785426,5,5
196001,1920,2940015,376321920,23520,0.6645833253860474,128,196000,0.7729532718658447,1920,17,5,500000,1000,,196001.0,0.684374988079071,0.587345540523529,0.6666666865348816,0.5984094142913818,755,1948785426,5,5
197001,1920,2955015,378241920,23520,0.6666666865348816,128,197000,0.7767281532287598,1920,17,5,500000,1000,,197001.0,0.6859375238418579,0.5873434543609619,0.6666666865348816,0.5984145402908325,759,1948785426,5,5
198001,1920,2970015,380161920,23520,0.6666666865348816,128,198000,0.7805933952331543,1920,17,5,500000,1000,,198001.0,0.6838541626930237,0.587340235710144,0.6666666865348816,0.5984968543052673,763,1948785426,5,5
199001,1920,2985015,382081920,23520,0.6666666865348816,128,199000,0.7844984531402588,1920,17,5,500000,1000,,199001.0,0.6838541626930237,0.5873396396636963,0.6666666865348816,0.5985813140869141,767,1948785426,5,5
200001,1920,3000015,384001920,23520,0.6666666865348816,128,200000,0.7887184619903564,1920,17,5,500000,1000,,200001.0,0.6833333373069763,0.5873391032218933,0.6666666865348816,0.5982869267463684,771,1948785426,5,5
201001,1920,3015015,385921920,23520,0.6666666865348816,128,201000,0.7928853034973145,1920,17,5,500000,1000,,201001.0,0.6833333373069763,0.5873387455940247,0.668749988079071,0.5983497500419617,775,1948785426,5,5
202001,1920,3030015,387841920,23520,0.668749988079071,128,202000,0.7969200611114502,1920,17,5,500000,1000,,202001.0,0.6833333373069763,0.5873339772224426,0.6666666865348816,0.598471999168396,780,1948785426,5,5
203001,1920,3045015,389761920,23520,0.6666666865348816,128,203000,0.800983190536499,1920,17,5,500000,1000,,203001.0,0.684374988079071,0.5873318314552307,0.6666666865348816,0.5983362793922424,784,1948785426,5,5
204001,1920,3060015,391681920,23520,0.6666666865348816,128,204000,0.805565357208252,1920,17,5,500000,1000,,204001.0,0.6838541626930237,0.5873328447341919,0.6666666865348816,0.5984115600585938,788,1948785426,5,5
205001,1920,3075015,393601920,23520,0.6666666865348816,128,205000,0.8094995021820068,1920,17,5,500000,1000,,205001.0,0.6838541626930237,0.5873326063156128,0.6666666865348816,0.59837406873703,792,1948785426,5,5
206001,1920,3090015,395521920,23520,0.6666666865348816,128,206000,0.8135614395141602,1920,17,5,500000,1000,,206001.0,0.6833333373069763,0.5873314738273621,0.6666666865348816,0.598353922367096,796,1948785426,5,5
207001,1920,3105015,397441920,23520,0.6666666865348816,128,207000,0.8175594806671143,1920,17,5,500000,1000,,207001.0,0.684374988079071,0.5873296856880188,0.6666666865348816,0.5981544256210327,800,1948785426,5,5
208001,1920,3120015,399361920,23520,0.6666666865348816,128,208000,0.8214445114135742,1920,17,5,500000,1000,,208001.0,0.684374988079071,0.5873247385025024,0.6666666865348816,0.5986238718032837,804,1948785426,5,5
209001,1920,3135015,401281920,23520,0.6666666865348816,128,209000,0.8257737159729004,1920,17,5,500000,1000,,209001.0,0.6833333373069763,0.5873250365257263,0.6666666865348816,0.598456621170044,809,1948785426,5,5
210001,1920,3150015,403201920,23520,0.6666666865348816,128,210000,0.8298449516296387,1920,17,5,500000,1000,,210001.0,0.684374988079071,0.5873246788978577,0.6666666865348816,0.5982324481010437,813,1948785426,5,5
211001,1920,3165015,405121920,23520,0.6666666865348816,128,211000,0.8336429595947266,1920,17,5,500000,1000,,211001.0,0.6833333373069763,0.5873233079910278,0.6666666865348816,0.5982393622398376,817,1948785426,5,5
212001,1920,3180015,407041920,23520,0.6666666865348816,128,212000,0.8374109268188477,1920,17,5,500000,1000,,212001.0,0.6859375238418579,0.5873191356658936,0.6666666865348816,0.5984188318252563,820,1948785426,5,5
213001,1920,3195015,408961920,23520,0.6666666865348816,128,213000,0.8412430286407471,1920,17,5,500000,1000,,213001.0,0.6848958134651184,0.5873194336891174,0.6666666865348816,0.5984030365943909,824,1948785426,5,5
214001,1920,3210015,410881920,23520,0.6666666865348816,128,214000,0.8450448513031006,1920,17,5,500000,1000,,214001.0,0.6848958134651184,0.5873159766197205,0.6666666865348816,0.5985242128372192,828,1948785426,5,5
215001,1920,3225015,412801920,23520,0.6666666865348816,128,215000,0.8488748073577881,1920,17,5,500000,1000,,215001.0,0.6848958134651184,0.5873159170150757,0.6666666865348816,0.5982412099838257,832,1948785426,5,5
216001,1920,3240015,414721920,23520,0.6666666865348816,128,216000,0.8526668548583984,1920,17,5,500000,1000,,216001.0,0.684374988079071,0.5873111486434937,0.6666666865348816,0.5983179807662964,836,1948785426,5,5
217001,1920,3255015,416641920,23520,0.6666666865348816,128,217000,0.8564519882202148,1920,17,5,500000,1000,,217001.0,0.6838541626930237,0.587311863899231,0.6666666865348816,0.5984413027763367,840,1948785426,5,5
218001,1920,3270015,418561920,23520,0.6666666865348816,128,218000,0.860429048538208,1920,17,5,500000,1000,,218001.0,0.6833333373069763,0.5873096585273743,0.6666666865348816,0.5986115336418152,843,1948785426,5,5
219001,1920,3285015,420481920,23520,0.6666666865348816,128,219000,0.8642170429229736,1920,17,5,500000,1000,,219001.0,0.6838541626930237,0.5873116850852966,0.6666666865348816,0.5984247922897339,847,1948785426,5,5
220001,1920,3300015,422401920,23520,0.6666666865348816,128,220000,0.868049144744873,1920,17,5,500000,1000,,220001.0,0.6833333373069763,0.5873091220855713,0.668749988079071,0.5984615683555603,851,1948785426,5,5
221001,1920,3315015,424321920,23520,0.668749988079071,128,221000,0.8718292713165283,1920,17,5,500000,1000,,221001.0,0.6833333373069763,0.5873040556907654,0.6666666865348816,0.5982511043548584,855,1948785426,5,5
222001,1920,3330015,426241920,23520,0.6666666865348816,128,222000,0.8756611347198486,1920,17,5,500000,1000,,222001.0,0.684374988079071,0.5873029232025146,0.6666666865348816,0.5983526706695557,859,1948785426,5,5
223001,1920,3345015,428161920,23520,0.6666666865348816,128,223000,0.8794612884521484,1920,17,5,500000,1000,,223001.0,0.6833333373069763,0.5873016119003296,0.6666666865348816,0.5983330011367798,863,1948785426,5,5
224001,1920,3360015,430081920,23520,0.6666666865348816,128,224000,0.8832814693450928,1920,17,5,500000,1000,,224001.0,0.684374988079071,0.5872980356216431,0.6666666865348816,0.5982690453529358,867,1948785426,5,5
225001,1920,3375015,432001920,23520,0.6666666865348816,128,225000,0.8870165348052979,1920,17,5,500000,1000,,225001.0,0.6833333373069763,0.587300181388855,0.6666666865348816,0.598170816898346,870,1948785426,5,5
226001,1920,3390015,433921920,23520,0.6666666865348816,128,226000,0.890857458114624,1920,17,5,500000,1000,,226001.0,0.6833333373069763,0.5873004794120789,0.6666666865348816,0.5981533527374268,874,1948785426,5,5
227001,1920,3405015,435841920,23520,0.6666666865348816,128,227000,0.8945972919464111,1920,17,5,500000,1000,,227001.0,0.6833333373069763,0.5872939825057983,0.6666666865348816,0.5984578728675842,878,1948785426,5,5
228001,1920,3420015,437761920,23520,0.6666666865348816,128,228000,0.8984134197235107,1920,17,5,500000,1000,,228001.0,0.6848958134651184,0.5872945785522461,0.6666666865348816,0.5986061692237854,882,1948785426,5,5
229001,1920,3435015,439681920,23520,0.6666666865348816,128,229000,0.9023535251617432,1920,17,5,500000,1000,,229001.0,0.684374988079071,0.5872929692268372,0.6666666865348816,0.5987545251846313,886,1948785426,5,5
230001,1920,3450015,441601920,23520,0.6666666865348816,128,230000,0.9060933589935303,1920,17,5,500000,1000,,230001.0,0.6833333373069763,0.5872928500175476,0.6666666865348816,0.5984132885932922,890,1948785426,5,5
231001,1920,3465015,443521920,23520,0.6666666865348816,128,231000,0.909874677658081,1920,17,5,500000,1000,,231001.0,0.6822916865348816,0.5872933268547058,0.6666666865348816,0.598189115524292,894,1948785426,5,5
232001,1920,3480015,445441920,23520,0.6666666865348816,128,232000,0.9136526584625244,1920,17,5,500000,1000,,232001.0,0.6822916865348816,0.5872878432273865,0.6666666865348816,0.5984255075454712,897,1948785426,5,5
233001,1920,3495015,447361920,23520,0.6666666865348816,128,233000,0.917433500289917,1920,17,5,500000,1000,,233001.0,0.6838541626930237,0.5872886180877686,0.6666666865348816,0.5982488989830017,901,1948785426,5,5
234001,1920,3510015,449281920,23520,0.6666666865348816,128,234000,0.9212155342102051,1920,17,5,500000,1000,,234001.0,0.684374988079071,0.5872844457626343,0.6666666865348816,0.5985466837882996,905,1948785426,5,5
235001,1920,3525015,451201920,23520,0.6666666865348816,128,235000,0.924999475479126,1920,17,5,500000,1000,,235001.0,0.684374988079071,0.5872856378555298,0.6666666865348816,0.5983901619911194,909,1948785426,5,5
236001,1920,3540015,453121920,23520,0.6666666865348816,128,236000,0.9287905693054199,1920,17,5,500000,1000,,236001.0,0.6848958134651184,0.5872846245765686,0.6666666865348816,0.5986742377281189,913,1948785426,5,5
237001,1920,3555015,455041920,23520,0.6666666865348816,128,237000,0.9325096607208252,1920,17,5,500000,1000,,237001.0,0.6848958134651184,0.587285578250885,0.6666666865348816,0.5984268188476562,916,1948785426,5,5
238001,1920,3570015,456961920,23520,0.6666666865348816,128,238000,0.9363367557525635,1920,17,5,500000,1000,,238001.0,0.6848958134651184,0.5872859358787537,0.6666666865348816,0.5981935262680054,920,1948785426,5,5
239001,1920,3585015,458881920,23520,0.6666666865348816,128,239000,0.9401538372039795,1920,17,5,500000,1000,,239001.0,0.6848958134651184,0.5872831344604492,0.6666666865348816,0.5983371734619141,924,1948785426,5,5
240001,1920,3600015,460801920,23520,0.6666666865348816,128,240000,0.9439647197723389,1920,17,5,500000,1000,,240001.0,0.6848958134651184,0.5872819423675537,0.6666666865348816,0.5980971455574036,928,1948785426,5,5
241001,1920,3615015,462721920,23520,0.6666666865348816,128,241000,0.9480578899383545,1920,17,5,500000,1000,,241001.0,0.684374988079071,0.5872790217399597,0.6666666865348816,0.5981050729751587,932,1948785426,5,5
242001,1920,3630015,464641920,23520,0.6666666865348816,128,242000,0.9518759250640869,1920,17,5,500000,1000,,242001.0,0.6833333373069763,0.5872782468795776,0.6666666865348816,0.5982232689857483,936,1948785426,5,5
243001,1920,3645015,466561920,23520,0.6666666865348816,128,243000,0.95570969581604,1920,17,5,500000,1000,,243001.0,0.684374988079071,0.5872765183448792,0.6666666865348816,0.5981778502464294,940,1948785426,5,5
244001,1920,3660015,468481920,23520,0.6666666865348816,128,244000,0.9594507217407227,1920,17,5,500000,1000,,244001.0,0.6848958134651184,0.5872759222984314,0.6666666865348816,0.598180890083313,944,1948785426,5,5
245001,1920,3675015,470401920,23520,0.6666666865348816,128,245000,0.963308572769165,1920,17,5,500000,1000,,245001.0,0.6848958134651184,0.5872757434844971,0.6666666865348816,0.5982622504234314,948,1948785426,5,5
246001,1920,3690015,472321920,23520,0.6666666865348816,128,246000,0.9676065444946289,1920,17,5,500000,1000,,246001.0,0.6833333373069763,0.5872727036476135,0.6666666865348816,0.5982561707496643,952,1948785426,5,5
247001,1920,3705015,474241920,23520,0.6666666865348816,128,247000,0.9713997840881348,1920,17,5,500000,1000,,247001.0,0.684374988079071,0.5872726440429688,0.6666666865348816,0.5982298254966736,956,1948785426,5,5
248001,1920,3720015,476161920,23520,0.6666666865348816,128,248000,0.9753246307373047,1920,17,5,500000,1000,,248001.0,0.6838541626930237,0.5872714519500732,0.6666666865348816,0.5980920195579529,960,1948785426,5,5
249001,1920,3735015,478081920,23520,0.6666666865348816,128,249000,0.9798564910888672,1920,17,5,500000,1000,,249001.0,0.6848958134651184,0.587270200252533,0.6666666865348816,0.5982909798622131,964,1948785426,5,5
250001,1920,3750015,480001920,23520,0.6666666865348816,128,250000,0.9836592674255371,1920,17,5,500000,1000,,250001.0,0.6838541626930237,0.5872688293457031,0.6666666865348816,0.5984424948692322,968,1948785426,5,5
251001,1920,3765015,481921920,23520,0.6666666865348816,128,251000,0.9875192642211914,1920,17,5,500000,1000,,251001.0,0.6838541626930237,0.5872682929039001,0.6666666865348816,0.5981931686401367,972,1948785426,5,5
252001,1920,3780015,483841920,23520,0.6666666865348816,128,252000,0.9919030666351318,1920,17,5,500000,1000,,252001.0,0.6854166388511658,0.587265133857727,0.6666666865348816,0.5984023809432983,976,1948785426,5,5
253001,1920,3795015,485761920,23520,0.6666666865348816,128,253000,0.9958820343017578,1920,17,5,500000,1000,,253001.0,0.6848958134651184,0.5872654318809509,0.6666666865348816,0.5984870791435242,980,1948785426,5,5
254001,1920,3810015,487681920,23520,0.6666666865348816,128,254000,0.9996821880340576,1920,17,5,500000,1000,,254001.0,0.6848958134651184,0.5872657299041748,0.6666666865348816,0.5985695719718933,984,1948785426,5,5
255001,1920,3825015,489601920,23520,0.6666666865348816,128,255000,1.0035579204559326,1920,17,5,500000,1000,,255001.0,0.6848958134651184,0.587262749671936,0.6666666865348816,0.598426878452301,988,1948785426,5,5
256001,1920,3840015,491521920,23520,0.6666666865348816,128,256000,1.0073909759521484,1920,17,5,500000,1000,,256001.0,0.6854166388511658,0.5872620940208435,0.6666666865348816,0.5986806154251099,992,1948785426,5,5
257001,1920,3855015,493441920,23520,0.6666666865348816,128,257000,1.0113379955291748,1920,17,5,500000,1000,,257001.0,0.6848958134651184,0.5872608423233032,0.6666666865348816,0.5984475612640381,996,1948785426,5,5
258001,1920,3870015,495361920,23520,0.6666666865348816,128,258000,1.0151758193969727,1920,17,5,500000,1000,,258001.0,0.684374988079071,0.5872606039047241,0.6666666865348816,0.5984086990356445,1000,1948785426,5,5
259001,1920,3885015,497281920,23520,0.6666666865348816,128,259000,1.019303798675537,1920,17,5,500000,1000,,259001.0,0.6833333373069763,0.5872589349746704,0.6666666865348816,0.5984603762626648,1003,1948785426,5,5
260001,1920,3900015,499201920,23520,0.6666666865348816,128,260000,1.0231080055236816,1920,17,5,500000,1000,,260001.0,0.684374988079071,0.5872575044631958,0.6666666865348816,0.5985471606254578,1007,1948785426,5,5
261001,1920,3915015,501121920,23520,0.6666666865348816,128,261000,1.027169942855835,1920,17,5,500000,1000,,261001.0,0.6833333373069763,0.5872524380683899,0.6666666865348816,0.5983595252037048,1011,1948785426,5,5
262001,1920,3930015,503041920,23520,0.6666666865348816,128,262000,1.0310418605804443,1920,17,5,500000,1000,,262001.0,0.6838541626930237,0.5872575044631958,0.6666666865348816,0.5984222292900085,1015,1948785426,5,5
263001,1920,3945015,504961920,23520,0.6666666865348816,128,263000,1.034850835800171,1920,17,5,500000,1000,,263001.0,0.6848958134651184,0.587251603603363,0.6666666865348816,0.5986155867576599,1019,1948785426,5,5
264001,1920,3960015,506881920,23520,0.6666666865348816,128,264000,1.0386550426483154,1920,17,5,500000,1000,,264001.0,0.6838541626930237,0.5872498750686646,0.6666666865348816,0.5985043048858643,1023,1948785426,5,5
265001,1920,3975015,508801920,23520,0.6666666865348816,128,265000,1.0424880981445312,1920,17,5,500000,1000,,265001.0,0.6838541626930237,0.5872504115104675,0.6666666865348816,0.5985091924667358,1027,1948785426,5,5
266001,1920,3990015,510721920,23520,0.6666666865348816,128,266000,1.046299934387207,1920,17,5,500000,1000,,266001.0,0.684374988079071,0.5872519612312317,0.6666666865348816,0.5984123349189758,1031,1948785426,5,5
267001,1920,4005015,512641920,23520,0.6666666865348816,128,267000,1.0501928329467773,1920,17,5,500000,1000,,267001.0,0.6833333373069763,0.5872471928596497,0.6666666865348816,0.5983617305755615,1035,1948785426,5,5
268001,1920,4020015,514561920,23520,0.6666666865348816,128,268000,1.0539636611938477,1920,17,5,500000,1000,,268001.0,0.6848958134651184,0.5872470140457153,0.6666666865348816,0.598311185836792,1039,1948785426,5,5
269001,1920,4035015,516481920,23520,0.6666666865348816,128,269000,1.0578997135162354,1920,17,5,500000,1000,,269001.0,0.6838541626930237,0.587244987487793,0.6666666865348816,0.5981585383415222,1043,1948785426,5,5
270001,1920,4050015,518401920,23520,0.6666666865348816,128,270000,1.0617389678955078,1920,17,5,500000,1000,,270001.0,0.684374988079071,0.5872418880462646,0.6666666865348816,0.5982840061187744,1047,1948785426,5,5
271001,1920,4065015,520321920,23520,0.6666666865348816,128,271000,1.0655977725982666,1920,17,5,500000,1000,,271001.0,0.6833333373069763,0.5872420072555542,0.6666666865348816,0.5983589291572571,1051,1948785426,5,5
272001,1920,4080015,522241920,23520,0.6666666865348816,128,272000,1.0695607662200928,1920,17,5,500000,1000,,272001.0,0.6833333373069763,0.5872410535812378,0.6666666865348816,0.5983174443244934,1054,1948785426,5,5
273001,1920,4095015,524161920,23520,0.6666666865348816,128,273000,1.0898447036743164,1920,17,5,500000,1000,,273001.0,0.684374988079071,0.5872403979301453,0.6666666865348816,0.5984303951263428,1059,1948785426,5,5
274001,1920,4110015,526081920,23520,0.6666666865348816,128,274000,1.093641757965088,1920,17,5,500000,1000,,274001.0,0.684374988079071,0.5872412919998169,0.6666666865348816,0.5985673666000366,1071,1948785426,5,5
275001,1920,4125015,528001920,23520,0.6666666865348816,128,275000,1.0974256992340088,1920,17,5,500000,1000,,275001.0,0.6833333373069763,0.5872417688369751,0.6666666865348816,0.5985641479492188,1075,1948785426,5,5
276001,1920,4140015,529921920,23520,0.6666666865348816,128,276000,1.1012656688690186,1920,17,5,500000,1000,,276001.0,0.6833333373069763,0.5872414112091064,0.6666666865348816,0.5984744429588318,1078,1948785426,5,5
277001,1920,4155015,531841920,23520,0.6666666865348816,128,277000,1.1050934791564941,1920,17,5,500000,1000,,277001.0,0.6838541626930237,0.5872423052787781,0.6666666865348816,0.5983794331550598,1082,1948785426,5,5
278001,1920,4170015,533761920,23520,0.6666666865348816,128,278000,1.1088826656341553,1920,17,5,500000,1000,,278001.0,0.6838541626930237,0.5872384309768677,0.6666666865348816,0.5982604622840881,1086,1948785426,5,5
279001,1920,4185015,535681920,23520,0.6666666865348816,128,279000,1.1127936840057373,1920,17,5,500000,1000,,279001.0,0.684374988079071,0.5872372984886169,0.6666666865348816,0.5981264710426331,1090,1948785426,5,5
280001,1920,4200015,537601920,23520,0.6666666865348816,128,280000,1.1167097091674805,1920,17,5,500000,1000,,280001.0,0.6833333373069763,0.5872372984886169,0.6666666865348816,0.5983219146728516,1094,1948785426,5,5
281001,1920,4215015,539521920,23520,0.6666666865348816,128,281000,1.120969533920288,1920,17,5,500000,1000,,281001.0,0.684374988079071,0.5872334837913513,0.6666666865348816,0.5983747839927673,1098,1948785426,5,5
282001,1920,4230015,541441920,23520,0.6666666865348816,128,282000,1.1247913837432861,1920,17,5,500000,1000,,282001.0,0.6838541626930237,0.5872326493263245,0.6666666865348816,0.5985137224197388,1102,1948785426,5,5
283001,1920,4245015,543361920,23520,0.6666666865348816,128,283000,1.128812313079834,1920,17,5,500000,1000,,283001.0,0.6864583492279053,0.5872313380241394,0.6666666865348816,0.5981943607330322,1106,1948785426,5,5
284001,1920,4260015,545281920,23520,0.6666666865348816,128,284000,1.1327195167541504,1920,17,5,500000,1000,,284001.0,0.6838541626930237,0.5872315168380737,0.668749988079071,0.5981757640838623,1110,1948785426,5,5
285001,1920,4275015,547201920,23520,0.668749988079071,128,285000,1.1368286609649658,1920,17,5,500000,1000,,285001.0,0.6833333373069763,0.5872316956520081,0.6666666865348816,0.5983625054359436,1114,1948785426,5,5
286001,1920,4290015,549121920,23520,0.6666666865348816,128,286000,1.1406276226043701,1920,17,5,500000,1000,,286001.0,0.684374988079071,0.5872308611869812,0.6666666865348816,0.5984470248222351,1118,1948785426,5,5
287001,1920,4305015,551041920,23520,0.6666666865348816,128,287000,1.1444518566131592,1920,17,5,500000,1000,,287001.0,0.6838541626930237,0.5872306823730469,0.6666666865348816,0.5981944799423218,1122,1948785426,5,5
288001,1920,4320015,552961920,23520,0.6666666865348816,128,288000,1.1486060619354248,1920,17,5,500000,1000,,288001.0,0.6833333373069763,0.5872296690940857,0.6666666865348816,0.598228394985199,1126,1948785426,5,5
289001,1920,4335015,554881920,23520,0.6666666865348816,128,289000,1.1525700092315674,1920,17,5,500000,1000,,289001.0,0.6833333373069763,0.5872262716293335,0.6666666865348816,0.5982987284660339,1130,1948785426,5,5
290001,1920,4350015,556801920,23520,0.6666666865348816,128,290000,1.1564691066741943,1920,17,5,500000,1000,,290001.0,0.684374988079071,0.5872259140014648,0.6666666865348816,0.5982529520988464,1134,1948785426,5,5
291001,1920,4365015,558721920,23520,0.6666666865348816,128,291000,1.1602952480316162,1920,17,5,500000,1000,,291001.0,0.6854166388511658,0.5872257947921753,0.6666666865348816,0.5983304381370544,1139,1948785426,5,5
292001,1920,4380015,560641920,23520,0.6666666865348816,128,292000,1.1641132831573486,1920,17,5,500000,1000,,292001.0,0.6833333373069763,0.5872229933738708,0.6666666865348816,0.5985216498374939,1143,1948785426,5,5
293001,1920,4395015,562561920,23520,0.6666666865348816,128,293000,1.1682851314544678,1920,17,5,500000,1000,,293001.0,0.6838541626930237,0.5872244238853455,0.6666666865348816,0.5983705520629883,1147,1948785426,5,5
294001,1920,4410015,564481920,23520,0.6666666865348816,128,294000,1.1724278926849365,1920,17,5,500000,1000,,294001.0,0.6833333373069763,0.5872207880020142,0.6666666865348816,0.5983253717422485,1151,1948785426,5,5
295001,1920,4425015,566401920,23520,0.6666666865348816,128,295000,1.176393747329712,1920,17,5,500000,1000,,295001.0,0.6833333373069763,0.5872222185134888,0.6666666865348816,0.5979486107826233,1155,1948785426,5,5
296001,1920,4440015,568321920,23520,0.6666666865348816,128,296000,1.1803739070892334,1920,17,5,500000,1000,,296001.0,0.6822916865348816,0.5872195959091187,0.6666666865348816,0.5981670022010803,1159,1948785426,5,5
297001,1920,4455015,570241920,23520,0.6666666865348816,128,297000,1.184156894683838,1920,17,5,500000,1000,,297001.0,0.6838541626930237,0.5872188210487366,0.6666666865348816,0.5983790159225464,1163,1948785426,5,5
298001,1920,4470015,572161920,23520,0.6666666865348816,128,298000,1.1882519721984863,1920,17,5,500000,1000,,298001.0,0.6848958134651184,0.58721524477005,0.6666666865348816,0.5983365178108215,1167,1948785426,5,5
299001,1920,4485015,574081920,23520,0.6666666865348816,128,299000,1.192336082458496,1920,17,5,500000,1000,,299001.0,0.684374988079071,0.5872156620025635,0.6645833253860474,0.5983839631080627,1171,1948785426,5,5
300001,1920,4500015,576001920,23520,0.6645833253860474,128,300000,1.1962339878082275,1920,17,5,500000,1000,,300001.0,0.6848958134651184,0.5872153043746948,0.6666666865348816,0.5984606146812439,1175,1948785426,5,5
301001,1920,4515015,577921920,23520,0.6666666865348816,128,301000,1.2003278732299805,1920,17,5,500000,1000,,301001.0,0.6833333373069763,0.5872122645378113,0.6666666865348816,0.5983753204345703,1179,1948785426,5,5
302001,1920,4530015,579841920,23520,0.6666666865348816,128,302000,1.2040770053863525,1920,17,5,500000,1000,,302001.0,0.684374988079071,0.5872118473052979,0.6666666865348816,0.5983918905258179,1183,1948785426,5,5
303001,1920,4545015,581761920,23520,0.6666666865348816,128,303000,1.207909107208252,1920,17,5,500000,1000,,303001.0,0.684374988079071,0.587210476398468,0.6666666865348816,0.5982853174209595,1187,1948785426,5,5
304001,1920,4560015,583681920,23520,0.6666666865348816,128,304000,1.2117071151733398,1920,17,5,500000,1000,,304001.0,0.6833333373069763,0.5872165560722351,0.6666666865348816,0.5981548428535461,1191,1948785426,5,5
305001,1920,4575015,585601920,23520,0.6666666865348816,128,305000,1.215588092803955,1920,17,5,500000,1000,,305001.0,0.684374988079071,0.5872113704681396,0.6666666865348816,0.5981190204620361,1195,1948785426,5,5
306001,1920,4590015,587521920,23520,0.6666666865348816,128,306000,1.2197751998901367,1920,17,5,500000,1000,,306001.0,0.684374988079071,0.5872138738632202,0.6666666865348816,0.5982733964920044,1199,1948785426,5,5
307001,1920,4605015,589441920,23520,0.6666666865348816,128,307000,1.2235722541809082,1920,17,5,500000,1000,,307001.0,0.684374988079071,0.5872123837471008,0.6666666865348816,0.5982558131217957,1203,1948785426,5,5
308001,1920,4620015,591361920,23520,0.6666666865348816,128,308000,1.2273590564727783,1920,17,5,500000,1000,,308001.0,0.684374988079071,0.58720862865448,0.6666666865348816,0.5984560251235962,1207,1948785426,5,5
309001,1920,4635015,593281920,23520,0.6666666865348816,128,309000,1.231187105178833,1920,17,5,500000,1000,,309001.0,0.684374988079071,0.587206244468689,0.6666666865348816,0.5984747409820557,1211,1948785426,5,5
310001,1920,4650015,595201920,23520,0.6666666865348816,128,310000,1.2349939346313477,1920,17,5,500000,1000,,310001.0,0.6833333373069763,0.5872108936309814,0.6666666865348816,0.5983309149742126,1214,1948785426,5,5
311001,1920,4665015,597121920,23520,0.6666666865348816,128,311000,1.2391688823699951,1920,17,5,500000,1000,,311001.0,0.684374988079071,0.5872061252593994,0.668749988079071,0.5984513163566589,1218,1948785426,5,5
312001,1920,4680015,599041920,23520,0.668749988079071,128,312000,1.242938756942749,1920,17,5,500000,1000,,312001.0,0.684374988079071,0.5872061252593994,0.6666666865348816,0.5984723567962646,1222,1948785426,5,5
313001,1920,4695015,600961920,23520,0.6666666865348816,128,313000,1.2471628189086914,1920,17,5,500000,1000,,313001.0,0.6848958134651184,0.5872050523757935,0.6666666865348816,0.5982112288475037,1226,1948785426,5,5
314001,1920,4710015,602881920,23520,0.6666666865348816,128,314000,1.2509679794311523,1920,17,5,500000,1000,,314001.0,0.6854166388511658,0.5872098207473755,0.6666666865348816,0.5979694128036499,1230,1948785426,5,5
315001,1920,4725015,604801920,23520,0.6666666865348816,128,315000,1.2547926902770996,1920,17,5,500000,1000,,315001.0,0.684374988079071,0.5872066617012024,0.6666666865348816,0.5982908606529236,1234,1948785426,5,5
316001,1920,4740015,606721920,23520,0.6666666865348816,128,316000,1.258570671081543,1920,17,5,500000,1000,,316001.0,0.6838541626930237,0.5872049927711487,0.6666666865348816,0.5983564853668213,1238,1948785426,5,5
317001,1920,4755015,608641920,23520,0.6666666865348816,128,317000,1.262352705001831,1920,17,5,500000,1000,,317001.0,0.6838541626930237,0.587200939655304,0.6666666865348816,0.5982521176338196,1244,1948785426,5,5
318001,1920,4770015,610561920,23520,0.6666666865348816,128,318000,1.2661166191101074,1920,17,5,500000,1000,,318001.0,0.684374988079071,0.5872005224227905,0.6666666865348816,0.5984286069869995,1249,1948785426,5,5
319001,1920,4785015,612481920,23520,0.6666666865348816,128,319000,1.2721226215362549,1920,17,5,500000,1000,,319001.0,0.684374988079071,0.5871984958648682,0.6666666865348816,0.5984057188034058,1254,1948785426,5,5
320001,1920,4800015,614401920,23520,0.6666666865348816,128,320000,1.2758357524871826,1920,17,5,500000,1000,,320001.0,0.6833333373069763,0.5872007012367249,0.6666666865348816,0.5984418988227844,1260,1948785426,5,5
321001,1920,4815015,616321920,23520,0.6666666865348816,128,321000,1.2798237800598145,1920,17,5,500000,1000,,321001.0,0.6833333373069763,0.5871981382369995,0.6666666865348816,0.5983911156654358,1265,1948785426,5,5
322001,1920,4830015,618241920,23520,0.6666666865348816,128,322000,1.283592700958252,1920,17,5,500000,1000,,322001.0,0.684374988079071,0.5871963500976562,0.6666666865348816,0.5981871485710144,1271,1948785426,5,5
323001,1920,4845015,620161920,23520,0.6666666865348816,128,323000,1.2873597145080566,1920,17,5,500000,1000,,323001.0,0.684374988079071,0.5871971249580383,0.6666666865348816,0.5983838438987732,1276,1948785426,5,5
324001,1920,4860015,622081920,23520,0.6666666865348816,128,324000,1.2937357425689697,1920,17,5,500000,1000,,324001.0,0.6833333373069763,0.5871977210044861,0.6666666865348816,0.5983162522315979,1281,1948785426,5,5
325001,1920,4875015,624001920,23520,0.6666666865348816,128,325000,1.2979648113250732,1920,17,5,500000,1000,,325001.0,0.6833333373069763,0.5871911644935608,0.6666666865348816,0.598417341709137,1286,1948785426,5,5
326001,1920,4890015,625921920,23520,0.6666666865348816,128,326000,1.3028147220611572,1920,17,5,500000,1000,,326001.0,0.6833333373069763,0.5871924757957458,0.6666666865348816,0.5983572602272034,1291,1948785426,5,5
327001,1920,4905015,627841920,23520,0.6666666865348816,128,327000,1.3066589832305908,1920,17,5,500000,1000,,327001.0,0.6833333373069763,0.5871954560279846,0.6666666865348816,0.5984100103378296,1297,1948785426,5,5
328001,1920,4920015,629761920,23520,0.6666666865348816,128,328000,1.3103368282318115,1920,17,5,500000,1000,,328001.0,0.6833333373069763,0.5871905088424683,0.6666666865348816,0.5982546210289001,1302,1948785426,5,5
329001,1920,4935015,631681920,23520,0.6666666865348816,128,329000,1.3140089511871338,1920,17,5,500000,1000,,329001.0,0.6833333373069763,0.5871913433074951,0.6666666865348816,0.5980625152587891,1308,1948785426,5,5
330001,1920,4950015,633601920,23520,0.6666666865348816,128,330000,1.3178417682647705,1920,17,5,500000,1000,,330001.0,0.6833333373069763,0.5871894359588623,0.6666666865348816,0.598172128200531,1314,1948785426,5,5
331001,1920,4965015,635521920,23520,0.6666666865348816,128,331000,1.321638822555542,1920,17,5,500000,1000,,331001.0,0.6833333373069763,0.5871903300285339,0.6666666865348816,0.5981498956680298,1321,1948785426,5,5
332001,1920,4980015,637441920,23520,0.6666666865348816,128,332000,1.325495719909668,1920,17,5,500000,1000,,332001.0,0.6822916865348816,0.5871854424476624,0.6666666865348816,0.5979973077774048,1327,1948785426,5,5
333001,1920,4995015,639361920,23520,0.6666666865348816,128,333000,1.3298544883728027,1920,17,5,500000,1000,,333001.0,0.6833333373069763,0.5871893763542175,0.6666666865348816,0.5981342792510986,1332,1948785426,5,5
334001,1920,5010015,641281920,23520,0.6666666865348816,128,334000,1.3345491886138916,1920,17,5,500000,1000,,334001.0,0.6833333373069763,0.5871889591217041,0.6666666865348816,0.5982449650764465,1337,1948785426,5,5
335001,1920,5025015,643201920,23520,0.6666666865348816,128,335000,1.340743064880371,1920,17,5,500000,1000,,335001.0,0.684374988079071,0.5871888995170593,0.6666666865348816,0.59813392162323,1343,1948785426,5,5
336001,1920,5040015,645121920,23520,0.6666666865348816,128,336000,1.344559907913208,1920,17,5,500000,1000,,336001.0,0.684374988079071,0.5871886014938354,0.6666666865348816,0.5981466174125671,1351,1948785426,5,5
337001,1920,5055015,647041920,23520,0.6666666865348816,128,337000,1.3483898639678955,1920,17,5,500000,1000,,337001.0,0.6838541626930237,0.5871875286102295,0.6666666865348816,0.5981037020683289,1356,1948785426,5,5
338001,1920,5070015,648961920,23520,0.6666666865348816,128,338000,1.3533318042755127,1920,17,5,500000,1000,,338001.0,0.6838541626930237,0.587188720703125,0.6666666865348816,0.598237931728363,1362,1948785426,5,5
339001,1920,5085015,650881920,23520,0.6666666865348816,128,339000,1.3571560382843018,1920,17,5,500000,1000,,339001.0,0.684374988079071,0.5871865749359131,0.6666666865348816,0.5982149839401245,1367,1948785426,5,5
340001,1920,5100015,652801920,23520,0.6666666865348816,128,340000,1.3608489036560059,1920,17,5,500000,1000,,340001.0,0.684374988079071,0.5871843099594116,0.6666666865348816,0.598532497882843,1372,1948785426,5,5
341001,1920,5115015,654721920,23520,0.6666666865348816,128,341000,1.3751518726348877,1920,17,5,500000,1000,,341001.0,0.684374988079071,0.5871812105178833,0.6666666865348816,0.5983253717422485,1377,1948785426,5,5
342001,1920,5130015,656641920,23520,0.6666666865348816,128,342000,1.3789217472076416,1920,17,5,500000,1000,,342001.0,0.684374988079071,0.5871811509132385,0.6666666865348816,0.5983018279075623,1383,1948785426,5,5
343001,1920,5145015,658561920,23520,0.6666666865348816,128,343000,1.3827407360076904,1920,17,5,500000,1000,,343001.0,0.6848958134651184,0.587179958820343,0.6666666865348816,0.5985100865364075,1388,1948785426,5,5
344001,1920,5160015,660481920,23520,0.6666666865348816,128,344000,1.386641025543213,1920,17,5,500000,1000,,344001.0,0.6838541626930237,0.5871790647506714,0.6666666865348816,0.5983985662460327,1394,1948785426,5,5
345001,1920,5175015,662401920,23520,0.6666666865348816,128,345000,1.3919262886047363,1920,17,5,500000,1000,,345001.0,0.684374988079071,0.5871782302856445,0.6666666865348816,0.598527729511261,1400,1948785426,5,5
346001,1920,5190015,664321920,23520,0.6666666865348816,128,346000,1.4013054370880127,1920,17,5,500000,1000,,346001.0,0.6838541626930237,0.5871780514717102,0.6666666865348816,0.5985124111175537,1406,1948785426,5,5
347001,1920,5205015,666241920,23520,0.6666666865348816,128,347000,1.4051334857940674,1920,17,5,500000,1000,,347001.0,0.6838541626930237,0.587175190448761,0.6666666865348816,0.59846031665802,1412,1948785426,5,5
348001,1920,5220015,668161920,23520,0.6666666865348816,128,348000,1.4102885723114014,1920,17,5,500000,1000,,348001.0,0.6833333373069763,0.587177038192749,0.6666666865348816,0.5983560681343079,1417,1948785426,5,5
349001,1920,5235015,670081920,23520,0.6666666865348816,128,349000,1.4145054817199707,1920,17,5,500000,1000,,349001.0,0.6822916865348816,0.5871767401695251,0.6666666865348816,0.5982650518417358,1423,1948785426,5,5
350001,1920,5250015,672001920,23520,0.6666666865348816,128,350000,1.4190673828125,1920,17,5,500000,1000,,350001.0,0.6833333373069763,0.5871752500534058,0.6666666865348816,0.5984225869178772,1428,1948785426,5,5
351001,1920,5265015,673921920,23520,0.6666666865348816,128,351000,1.4229762554168701,1920,17,5,500000,1000,,351001.0,0.6848958134651184,0.5871769189834595,0.6666666865348816,0.5984669327735901,1433,1948785426,5,5
352001,1920,5280015,675841920,23520,0.6666666865348816,128,352000,1.4266414642333984,1920,17,5,500000,1000,,352001.0,0.684374988079071,0.5871742367744446,0.6666666865348816,0.5985329747200012,1439,1948785426,5,5
353001,1920,5295015,677761920,23520,0.6666666865348816,128,353000,1.4305014610290527,1920,17,5,500000,1000,,353001.0,0.682812511920929,0.5871728658676147,0.6666666865348816,0.5985091924667358,1444,1948785426,5,5
354001,1920,5310015,679681920,23520,0.6666666865348816,128,354000,1.434314250946045,1920,17,5,500000,1000,,354001.0,0.684374988079071,0.5871713161468506,0.668749988079071,0.5984498262405396,1449,1948785426,5,5
355001,1920,5325015,681601920,23520,0.668749988079071,128,355000,1.4394872188568115,1920,17,5,500000,1000,,355001.0,0.6838541626930237,0.5871713757514954,0.6666666865348816,0.5982729196548462,1455,1948785426,5,5
356001,1920,5340015,683521920,23520,0.6666666865348816,128,356000,1.4433083534240723,1920,17,5,500000,1000,,356001.0,0.6848958134651184,0.5871718525886536,0.6666666865348816,0.5983846187591553,1460,1948785426,5,5
357001,1920,5355015,685441920,23520,0.6666666865348816,128,357000,1.461623191833496,1920,17,5,500000,1000,,357001.0,0.684374988079071,0.587168276309967,0.6666666865348816,0.5983780026435852,1466,1948785426,5,5
358001,1920,5370015,687361920,23520,0.6666666865348816,128,358000,1.4670259952545166,1920,17,5,500000,1000,,358001.0,0.6838541626930237,0.5871700048446655,0.6666666865348816,0.5984191298484802,1471,1948785426,5,5
359001,1920,5385015,689281920,23520,0.6666666865348816,128,359000,1.4708349704742432,1920,17,5,500000,1000,,359001.0,0.6833333373069763,0.5871692895889282,0.6666666865348816,0.5983405709266663,1477,1948785426,5,5
360001,1920,5400015,691201920,23520,0.6666666865348816,128,360000,1.475532054901123,1920,17,5,500000,1000,,360001.0,0.6848958134651184,0.5871710181236267,0.6666666865348816,0.5984845757484436,1483,1948785426,5,5
361001,1920,5415015,693121920,23520,0.6666666865348816,128,361000,1.4794280529022217,1920,17,5,500000,1000,,361001.0,0.684374988079071,0.5871672034263611,0.6666666865348816,0.5984554886817932,1489,1948785426,5,5
362001,1920,5430015,695041920,23520,0.6666666865348816,128,362000,1.4831182956695557,1920,17,5,500000,1000,,362001.0,0.684374988079071,0.5871665477752686,0.6666666865348816,0.5982548594474792,1494,1948785426,5,5
363001,1920,5445015,696961920,23520,0.6666666865348816,128,363000,1.4869813919067383,1920,17,5,500000,1000,,363001.0,0.6822916865348816,0.5871667265892029,0.6666666865348816,0.5981967449188232,1499,1948785426,5,5
364001,1920,5460015,698881920,23520,0.6666666865348816,128,364000,1.490661382675171,1920,17,5,500000,1000,,364001.0,0.6848958134651184,0.5871676802635193,0.6666666865348816,0.598262369632721,1504,1948785426,5,5
365001,1920,5475015,700801920,23520,0.6666666865348816,128,365000,1.494368314743042,1920,17,5,500000,1000,,365001.0,0.6833333373069763,0.5871638655662537,0.6666666865348816,0.5983112454414368,1509,1948785426,5,5
366001,1920,5490015,702721920,23520,0.6666666865348816,128,366000,1.5005133152008057,1920,17,5,500000,1000,,366001.0,0.6854166388511658,0.5871630907058716,0.6666666865348816,0.5984134078025818,1515,1948785426,5,5
367001,1920,5505015,704641920,23520,0.6666666865348816,128,367000,1.5352442264556885,1920,17,5,500000,1000,,367001.0,0.6833333373069763,0.587164044380188,0.6666666865348816,0.59847092628479,1521,1948785426,5,5
368001,1920,5520015,706561920,23520,0.6666666865348816,128,368000,1.5499510765075684,1920,17,5,500000,1000,,368001.0,0.6833333373069763,0.587163507938385,0.6666666865348816,0.5983639359474182,1530,1948785426,5,5
369001,1920,5535015,708481920,23520,0.6666666865348816,128,369000,1.5647239685058594,1920,17,5,500000,1000,,369001.0,0.684374988079071,0.5871630907058716,0.6666666865348816,0.5985287427902222,1543,1948785426,5,5
370001,1920,5550015,710401920,23520,0.6666666865348816,128,370000,1.5685429573059082,1920,17,5,500000,1000,,370001.0,0.6848958134651184,0.5871621966362,0.6666666865348816,0.598514974117279,1552,1948785426,5,5
371001,1920,5565015,712321920,23520,0.6666666865348816,128,371000,1.5853290557861328,1920,17,5,500000,1000,,371001.0,0.684374988079071,0.5871613621711731,0.6666666865348816,0.5982399582862854,1560,1948785426,5,5
372001,1920,5580015,714241920,23520,0.6666666865348816,128,372000,1.589026927947998,1920,17,5,500000,1000,,372001.0,0.6833333373069763,0.5871638059616089,0.6666666865348816,0.5983080267906189,1566,1948785426,5,5
373001,1920,5595015,716161920,23520,0.6666666865348816,128,373000,1.5927948951721191,1920,17,5,500000,1000,,373001.0,0.684374988079071,0.5871603488922119,0.6666666865348816,0.598353385925293,1571,1948785426,5,5
374001,1920,5610015,718081920,23520,0.6666666865348816,128,374000,1.596496820449829,1920,17,5,500000,1000,,374001.0,0.6848958134651184,0.5871579647064209,0.6666666865348816,0.5985075831413269,1577,1948785426,5,5
375001,1920,5625015,720001920,23520,0.6666666865348816,128,375000,1.60015869140625,1920,17,5,500000,1000,,375001.0,0.6833333373069763,0.587157666683197,0.6666666865348816,0.5983270406723022,1582,1948785426,5,5
376001,1920,5640015,721921920,23520,0.6666666865348816,128,376000,1.6039588451385498,1920,17,5,500000,1000,,376001.0,0.6833333373069763,0.587158739566803,0.6645833253860474,0.5982571840286255,1587,1948785426,5,5
377001,1920,5655015,723841920,23520,0.6645833253860474,128,377000,1.607630968093872,1920,17,5,500000,1000,,377001.0,0.684374988079071,0.5871576070785522,0.6666666865348816,0.5982857942581177,1594,1948785426,5,5
378001,1920,5670015,725761920,23520,0.6666666865348816,128,378000,1.6114330291748047,1920,17,5,500000,1000,,378001.0,0.684374988079071,0.5871580839157104,0.6666666865348816,0.5981895327568054,1600,1948785426,5,5
379001,1920,5685015,727681920,23520,0.6666666865348816,128,379000,1.615565299987793,1920,17,5,500000,1000,,379001.0,0.6833333373069763,0.5871568322181702,0.6645833253860474,0.5985063910484314,1606,1948785426,5,5
380001,1920,5700015,729601920,23520,0.6645833253860474,128,380000,1.6193881034851074,1920,17,5,500000,1000,,380001.0,0.6833333373069763,0.587157666683197,0.6666666865348816,0.5987117886543274,1612,1948785426,5,5
381001,1920,5715015,731521920,23520,0.6666666865348816,128,381000,1.6232149600982666,1920,17,5,500000,1000,,381001.0,0.6822916865348816,0.5871543288230896,0.6666666865348816,0.5983095765113831,1617,1948785426,5,5
382001,1920,5730015,733441920,23520,0.6666666865348816,128,382000,1.6271209716796875,1920,17,5,500000,1000,,382001.0,0.6833333373069763,0.5871552228927612,0.6666666865348816,0.5982836484909058,1623,1948785426,5,5
383001,1920,5745015,735361920,23520,0.6666666865348816,128,383000,1.6352972984313965,1920,17,5,500000,1000,,383001.0,0.6833333373069763,0.5871524214744568,0.6666666865348816,0.5981845855712891,1628,1948785426,5,5
384001,1920,5760015,737281920,23520,0.6666666865348816,128,384000,1.6395094394683838,1920,17,5,500000,1000,,384001.0,0.6848958134651184,0.5871543884277344,0.6666666865348816,0.5984745621681213,1633,1948785426,5,5
385001,1920,5775015,739201920,23520,0.6666666865348816,128,385000,1.643256425857544,1920,17,5,500000,1000,,385001.0,0.6848958134651184,0.5871519446372986,0.6666666865348816,0.5985449552536011,1639,1948785426,5,5
386001,1920,5790015,741121920,23520,0.6666666865348816,128,386000,1.6469416618347168,1920,17,5,500000,1000,,386001.0,0.6833333373069763,0.5871503353118896,0.6666666865348816,0.5984373688697815,1644,1948785426,5,5
387001,1920,5805015,743041920,23520,0.6666666865348816,128,387000,1.6507387161254883,1920,17,5,500000,1000,,387001.0,0.6833333373069763,0.5871521830558777,0.6666666865348816,0.5983002185821533,1649,1948785426,5,5
388001,1920,5820015,744961920,23520,0.6666666865348816,128,388000,1.6545755863189697,1920,17,5,500000,1000,,388001.0,0.6838541626930237,0.5871503353118896,0.6666666865348816,0.5983485579490662,1655,1948785426,5,5
389001,1920,5835015,746881920,23520,0.6666666865348816,128,389000,1.658442497253418,1920,17,5,500000,1000,,389001.0,0.6833333373069763,0.5871515274047852,0.6666666865348816,0.5984165668487549,1660,1948785426,5,5
390001,1920,5850015,748801920,23520,0.6666666865348816,128,390000,1.6621265411376953,1920,17,5,500000,1000,,390001.0,0.684374988079071,0.5871487855911255,0.6666666865348816,0.5985693335533142,1665,1948785426,5,5
391001,1920,5865015,750721920,23520,0.6666666865348816,128,391000,1.6657886505126953,1920,17,5,500000,1000,,391001.0,0.6838541626930237,0.5871501564979553,0.6666666865348816,0.5983734130859375,1670,1948785426,5,5
392001,1920,5880015,752641920,23520,0.6666666865348816,128,392000,1.6695325374603271,1920,17,5,500000,1000,,392001.0,0.684374988079071,0.5871461033821106,0.6666666865348816,0.5983966588973999,1676,1948785426,5,5
393001,1920,5895015,754561920,23520,0.6666666865348816,128,393000,1.67409348487854,1920,17,5,500000,1000,,393001.0,0.6854166388511658,0.5871474742889404,0.6666666865348816,0.5983977913856506,1682,1948785426,5,5
394001,1920,5910015,756481920,23520,0.6666666865348816,128,394000,1.6813032627105713,1920,17,5,500000,1000,,394001.0,0.684374988079071,0.5871457457542419,0.6666666865348816,0.5983602404594421,1689,1948785426,5,5
395001,1920,5925015,758401920,23520,0.6666666865348816,128,395000,1.685002326965332,1920,17,5,500000,1000,,395001.0,0.684374988079071,0.5871444940567017,0.6666666865348816,0.5981684923171997,1695,1948785426,5,5
396001,1920,5940015,760321920,23520,0.6666666865348816,128,396000,1.6888213157653809,1920,17,5,500000,1000,,396001.0,0.684374988079071,0.587145209312439,0.6666666865348816,0.5981691479682922,1701,1948785426,5,5
397001,1920,5955015,762241920,23520,0.6666666865348816,128,397000,1.6938846111297607,1920,17,5,500000,1000,,397001.0,0.684374988079071,0.5871433615684509,0.6666666865348816,0.59828782081604,1707,1948785426,5,5
398001,1920,5970015,764161920,23520,0.6666666865348816,128,398000,1.697676420211792,1920,17,5,500000,1000,,398001.0,0.6833333373069763,0.5871461629867554,0.6666666865348816,0.598269522190094,1713,1948785426,5,5
399001,1920,5985015,766081920,23520,0.6666666865348816,128,399000,1.702972412109375,1920,17,5,500000,1000,,399001.0,0.684374988079071,0.5871438384056091,0.6666666865348816,0.5980781316757202,1717,1948785426,5,5
400001,1920,6000015,768001920,23520,0.6666666865348816,128,400000,1.7067363262176514,1920,17,5,500000,1000,,400001.0,0.684374988079071,0.5871416926383972,0.6666666865348816,0.5983752012252808,1721,1948785426,5,5
401001,1920,6015015,769921920,23520,0.6666666865348816,128,401000,1.7105021476745605,1920,17,5,500000,1000,,401001.0,0.6833333373069763,0.5871435403823853,0.6666666865348816,0.5983113646507263,1725,1948785426,5,5
402001,1920,6030015,771841920,23520,0.6666666865348816,128,402000,1.714233160018921,1920,17,5,500000,1000,,402001.0,0.684374988079071,0.5871425867080688,0.6666666865348816,0.5982754826545715,1729,1948785426,5,5
403001,1920,6045015,773761920,23520,0.6666666865348816,128,403000,1.7179710865020752,1920,17,5,500000,1000,,403001.0,0.6848958134651184,0.5871418118476868,0.6666666865348816,0.5981241464614868,1733,1948785426,5,5
404001,1920,6060015,775681920,23520,0.6666666865348816,128,404000,1.721940279006958,1920,17,5,500000,1000,,404001.0,0.6848958134651184,0.5871404409408569,0.6666666865348816,0.5982654094696045,1737,1948785426,5,5
405001,1920,6075015,777601920,23520,0.6666666865348816,128,405000,1.7257893085479736,1920,17,5,500000,1000,,405001.0,0.6833333373069763,0.5871429443359375,0.6666666865348816,0.5982896089553833,1741,1948785426,5,5
406001,1920,6090015,779521920,23520,0.6666666865348816,128,406000,1.7295401096343994,1920,17,5,500000,1000,,406001.0,0.684374988079071,0.5871409177780151,0.6666666865348816,0.5985153913497925,1745,1948785426,5,5
407001,1920,6105015,781441920,23520,0.6666666865348816,128,407000,1.733572006225586,1920,17,5,500000,1000,,407001.0,0.684374988079071,0.5871397852897644,0.6666666865348816,0.5984351634979248,1748,1948785426,5,5
408001,1920,6120015,783361920,23520,0.6666666865348816,128,408000,1.7374107837677002,1920,17,5,500000,1000,,408001.0,0.684374988079071,0.5871397852897644,0.6666666865348816,0.5983396172523499,1752,1948785426,5,5
409001,1920,6135015,785281920,23520,0.6666666865348816,128,409000,1.7411894798278809,1920,17,5,500000,1000,,409001.0,0.684374988079071,0.5871412754058838,0.6666666865348816,0.5985696315765381,1756,1948785426,5,5
410001,1920,6150015,787201920,23520,0.6666666865348816,128,410000,1.7449727058410645,1920,17,5,500000,1000,,410001.0,0.684374988079071,0.5871406197547913,0.6666666865348816,0.5984064340591431,1760,1948785426,5,5
411001,1920,6165015,789121920,23520,0.6666666865348816,128,411000,1.7487907409667969,1920,17,5,500000,1000,,411001.0,0.6838541626930237,0.5871413946151733,0.6666666865348816,0.5983635783195496,1764,1948785426,5,5
412001,1920,6180015,791041920,23520,0.6666666865348816,128,412000,1.7526378631591797,1920,17,5,500000,1000,,412001.0,0.6848958134651184,0.5871362090110779,0.6666666865348816,0.5983714461326599,1768,1948785426,5,5
413001,1920,6195015,792961920,23520,0.6666666865348816,128,413000,1.7576298713684082,1920,17,5,500000,1000,,413001.0,0.6848958134651184,0.587134599685669,0.6666666865348816,0.5982803702354431,1772,1948785426,5,5
414001,1920,6210015,794881920,23520,0.6666666865348816,128,414000,1.7613840103149414,1920,17,5,500000,1000,,414001.0,0.6833333373069763,0.5871388912200928,0.6666666865348816,0.5982164740562439,1775,1948785426,5,5
415001,1920,6225015,796801920,23520,0.6666666865348816,128,415000,1.7651429176330566,1920,17,5,500000,1000,,415001.0,0.6833333373069763,0.5871345400810242,0.6666666865348816,0.598529040813446,1779,1948785426,5,5
416001,1920,6240015,798721920,23520,0.6666666865348816,128,416000,1.768906831741333,1920,17,5,500000,1000,,416001.0,0.6833333373069763,0.5871326327323914,0.6666666865348816,0.5984588265419006,1783,1948785426,5,5
417001,1920,6255015,800641920,23520,0.6666666865348816,128,417000,1.7726554870605469,1920,17,5,500000,1000,,417001.0,0.6833333373069763,0.5871360301971436,0.6666666865348816,0.5981530547142029,1787,1948785426,5,5
418001,1920,6270015,802561920,23520,0.6666666865348816,128,418000,1.7764334678649902,1920,17,5,500000,1000,,418001.0,0.6838541626930237,0.5871339440345764,0.6666666865348816,0.5984596014022827,1791,1948785426,5,5
419001,1920,6285015,804481920,23520,0.6666666865348816,128,419000,1.7803127765655518,1920,17,5,500000,1000,,419001.0,0.6838541626930237,0.5871361494064331,0.6666666865348816,0.5983913540840149,1795,1948785426,5,5
420001,1920,6300015,806401920,23520,0.6666666865348816,128,420000,1.7842345237731934,1920,17,5,500000,1000,,420001.0,0.6848958134651184,0.5871320962905884,0.6666666865348816,0.5984041690826416,1798,1948785426,5,5
421001,1920,6315015,808321920,23520,0.6666666865348816,128,421000,1.7880783081054688,1920,17,5,500000,1000,,421001.0,0.684374988079071,0.5871347188949585,0.6666666865348816,0.5982961058616638,1802,1948785426,5,5
422001,1920,6330015,810241920,23520,0.6666666865348816,128,422000,1.7918660640716553,1920,17,5,500000,1000,,422001.0,0.6822916865348816,0.5871323943138123,0.6666666865348816,0.5982641577720642,1806,1948785426,5,5
423001,1920,6345015,812161920,23520,0.6666666865348816,128,423000,1.7957658767700195,1920,17,5,500000,1000,,423001.0,0.6838541626930237,0.5871307253837585,0.6666666865348816,0.5982377529144287,1810,1948785426,5,5
424001,1920,6360015,814081920,23520,0.6666666865348816,128,424000,1.7995476722717285,1920,17,5,500000,1000,,424001.0,0.6822916865348816,0.587134599685669,0.6666666865348816,0.5981597304344177,1814,1948785426,5,5
425001,1920,6375015,816001920,23520,0.6666666865348816,128,425000,1.803330659866333,1920,17,5,500000,1000,,425001.0,0.6822916865348816,0.5871292948722839,0.6666666865348816,0.5984609723091125,1818,1948785426,5,5
426001,1920,6390015,817921920,23520,0.6666666865348816,128,426000,1.8072714805603027,1920,17,5,500000,1000,,426001.0,0.6833333373069763,0.5871293544769287,0.6666666865348816,0.5983216762542725,1821,1948785426,5,5
427001,1920,6405015,819841920,23520,0.6666666865348816,128,427000,1.8110463619232178,1920,17,5,500000,1000,,427001.0,0.6822916865348816,0.5871288180351257,0.6666666865348816,0.5983530879020691,1825,1948785426,5,5
428001,1920,6420015,821761920,23520,0.6666666865348816,128,428000,1.8148574829101562,1920,17,5,500000,1000,,428001.0,0.6838541626930237,0.5871326327323914,0.6666666865348816,0.5983216762542725,1829,1948785426,5,5
429001,1920,6435015,823681920,23520,0.6666666865348816,128,429000,1.8189551830291748,1920,17,5,500000,1000,,429001.0,0.6848958134651184,0.5871289372444153,0.6666666865348816,0.5981922149658203,1833,1948785426,5,5
430001,1920,6450015,825601920,23520,0.6666666865348816,128,430000,1.8228344917297363,1920,17,5,500000,1000,,430001.0,0.6833333373069763,0.5871305465698242,0.6666666865348816,0.5981293320655823,1837,1948785426,5,5
431001,1920,6465015,827521920,23520,0.6666666865348816,128,431000,1.82664155960083,1920,17,5,500000,1000,,431001.0,0.6848958134651184,0.5871321558952332,0.6666666865348816,0.5981574654579163,1841,1948785426,5,5
432001,1920,6480015,829441920,23520,0.6666666865348816,128,432000,1.8303775787353516,1920,17,5,500000,1000,,432001.0,0.6833333373069763,0.5871309041976929,0.6666666865348816,0.5983526706695557,1844,1948785426,5,5
433001,1920,6495015,831361920,23520,0.6666666865348816,128,433000,1.8341436386108398,1920,17,5,500000,1000,,433001.0,0.6822916865348816,0.5871301293373108,0.6666666865348816,0.5981379747390747,1848,1948785426,5,5
434001,1920,6510015,833281920,23520,0.6666666865348816,128,434000,1.8378784656524658,1920,17,5,500000,1000,,434001.0,0.6833333373069763,0.5871323943138123,0.6666666865348816,0.5980840921401978,1852,1948785426,5,5
435001,1920,6525015,835201920,23520,0.6666666865348816,128,435000,1.8418214321136475,1920,17,5,500000,1000,,435001.0,0.684374988079071,0.5871293544769287,0.6666666865348816,0.5981887578964233,1856,1948785426,5,5
436001,1920,6540015,837121920,23520,0.6666666865348816,128,436000,1.8467776775360107,1920,17,5,500000,1000,,436001.0,0.6833333373069763,0.5871269106864929,0.6666666865348816,0.5983360409736633,1860,1948785426,5,5
437001,1920,6555015,839041920,23520,0.6666666865348816,128,437000,1.8505175113677979,1920,17,5,500000,1000,,437001.0,0.6833333373069763,0.5871251225471497,0.6666666865348816,0.5984073877334595,1864,1948785426,5,5
438001,1920,6570015,840961920,23520,0.6666666865348816,128,438000,1.8546116352081299,1920,17,5,500000,1000,,438001.0,0.684374988079071,0.587127149105072,0.6666666865348816,0.5984823703765869,1867,1948785426,5,5
439001,1920,6585015,842881920,23520,0.6666666865348816,128,439000,1.858344554901123,1920,17,5,500000,1000,,439001.0,0.6833333373069763,0.5871219635009766,0.6666666865348816,0.598373532295227,1871,1948785426,5,5
440001,1920,6600015,844801920,23520,0.6666666865348816,128,440000,1.8620948791503906,1920,17,5,500000,1000,,440001.0,0.6833333373069763,0.5871215462684631,0.6666666865348816,0.5983943343162537,1875,1948785426,5,5
441001,1920,6615015,846721920,23520,0.6666666865348816,128,441000,1.8658068180084229,1920,17,5,500000,1000,,441001.0,0.6833333373069763,0.5871235132217407,0.6666666865348816,0.5982303023338318,1879,1948785426,5,5
442001,1920,6630015,848641920,23520,0.6666666865348816,128,442000,1.8695847988128662,1920,17,5,500000,1000,,442001.0,0.6833333373069763,0.5871226787567139,0.6666666865348816,0.598309338092804,1883,1948785426,5,5
443001,1920,6645015,850561920,23520,0.6666666865348816,128,443000,1.873328685760498,1920,17,5,500000,1000,,443001.0,0.6833333373069763,0.5871215462684631,0.6645833253860474,0.5983625054359436,1887,1948785426,5,5
444001,1920,6660015,852481920,23520,0.6645833253860474,128,444000,1.8770525455474854,1920,17,5,500000,1000,,444001.0,0.684374988079071,0.5871222019195557,0.6666666865348816,0.5983874201774597,1890,1948785426,5,5
445001,1920,6675015,854401920,23520,0.6666666865348816,128,445000,1.880812644958496,1920,17,5,500000,1000,,445001.0,0.6848958134651184,0.5871204137802124,0.6666666865348816,0.5982606410980225,1894,1948785426,5,5
446001,1920,6690015,856321920,23520,0.6666666865348816,128,446000,1.8845717906951904,1920,17,5,500000,1000,,446001.0,0.684374988079071,0.58712238073349,0.6666666865348816,0.5983855724334717,1898,1948785426,5,5
447001,1920,6705015,858241920,23520,0.6666666865348816,128,447000,1.8883917331695557,1920,17,5,500000,1000,,447001.0,0.6833333373069763,0.5871171951293945,0.6666666865348816,0.5982393622398376,1902,1948785426,5,5
448001,1920,6720015,860161920,23520,0.6666666865348816,128,448000,1.8925046920776367,1920,17,5,500000,1000,,448001.0,0.6848958134651184,0.5871198773384094,0.6666666865348816,0.598375141620636,1906,1948785426,5,5
449001,1920,6735015,862081920,23520,0.6666666865348816,128,449000,1.8966646194458008,1920,17,5,500000,1000,,449001.0,0.6848958134651184,0.5871204137802124,0.6666666865348816,0.5982486009597778,1910,1948785426,5,5
450001,1920,6750015,864001920,23520,0.6666666865348816,128,450000,1.90041184425354,1920,17,5,500000,1000,,450001.0,0.6833333373069763,0.5871203541755676,0.6666666865348816,0.598282516002655,1914,1948785426,5,5
451001,1920,6765015,865921920,23520,0.6666666865348816,128,451000,1.9041810035705566,1920,17,5,500000,1000,,451001.0,0.6833333373069763,0.5871174335479736,0.6666666865348816,0.5981493592262268,1917,1948785426,5,5
452001,1920,6780015,867841920,23520,0.6666666865348816,128,452000,1.90810227394104,1920,17,5,500000,1000,,452001.0,0.684374988079071,0.5871196985244751,0.6666666865348816,0.5980553030967712,1921,1948785426,5,5
453001,1920,6795015,869761920,23520,0.6666666865348816,128,453000,1.9121863842010498,1920,17,5,500000,1000,,453001.0,0.6833333373069763,0.5871204137802124,0.6666666865348816,0.5981181263923645,1925,1948785426,5,5
454001,1920,6810015,871681920,23520,0.6666666865348816,128,454000,1.9163405895233154,1920,17,5,500000,1000,,454001.0,0.6833333373069763,0.5871182680130005,0.6666666865348816,0.5981054902076721,1929,1948785426,5,5
455001,1920,6825015,873601920,23520,0.6666666865348816,128,455000,1.9202625751495361,1920,17,5,500000,1000,,455001.0,0.684374988079071,0.5871177911758423,0.6666666865348816,0.5982030630111694,1933,1948785426,5,5
456001,1920,6840015,875521920,23520,0.6666666865348816,128,456000,1.9250497817993164,1920,17,5,500000,1000,,456001.0,0.6822916865348816,0.5871149897575378,0.6666666865348816,0.5982515811920166,1937,1948785426,5,5
457001,1920,6855015,877441920,23520,0.6666666865348816,128,457000,1.9288077354431152,1920,17,5,500000,1000,,457001.0,0.6833333373069763,0.5871151089668274,0.6666666865348816,0.5985163450241089,1940,1948785426,5,5
458001,1920,6870015,879361920,23520,0.6666666865348816,128,458000,1.932588815689087,1920,17,5,500000,1000,,458001.0,0.684374988079071,0.5871161818504333,0.6666666865348816,0.5982779264450073,1944,1948785426,5,5
459001,1920,6885015,881281920,23520,0.6666666865348816,128,459000,1.9363720417022705,1920,17,5,500000,1000,,459001.0,0.6822916865348816,0.5871192216873169,0.6666666865348816,0.5981693863868713,1948,1948785426,5,5
460001,1920,6900015,883201920,23520,0.6666666865348816,128,460000,1.9401190280914307,1920,17,5,500000,1000,,460001.0,0.684374988079071,0.5871139168739319,0.6666666865348816,0.5983694195747375,1952,1948785426,5,5
461001,1920,6915015,885121920,23520,0.6666666865348816,128,461000,1.9441111087799072,1920,17,5,500000,1000,,461001.0,0.6848958134651184,0.5871139764785767,0.6666666865348816,0.5984989404678345,1956,1948785426,5,5
462001,1920,6930015,887041920,23520,0.6666666865348816,128,462000,1.9478461742401123,1920,17,5,500000,1000,,462001.0,0.6838541626930237,0.5871152877807617,0.6666666865348816,0.5984808802604675,1960,1948785426,5,5
463001,1920,6945015,888961920,23520,0.6666666865348816,128,463000,1.9516842365264893,1920,17,5,500000,1000,,463001.0,0.6848958134651184,0.5871126055717468,0.6666666865348816,0.5984894037246704,1963,1948785426,5,5
464001,1920,6960015,890881920,23520,0.6666666865348816,128,464000,1.9555773735046387,1920,17,5,500000,1000,,464001.0,0.6848958134651184,0.5871114134788513,0.6666666865348816,0.5982462167739868,1967,1948785426,5,5
465001,1920,6975015,892801920,23520,0.6666666865348816,128,465000,1.959315538406372,1920,17,5,500000,1000,,465001.0,0.6848958134651184,0.5871182680130005,0.6666666865348816,0.5980598330497742,1971,1948785426,5,5
466001,1920,6990015,894721920,23520,0.6666666865348816,128,466000,1.963066577911377,1920,17,5,500000,1000,,466001.0,0.6833333373069763,0.5871124267578125,0.6666666865348816,0.5979432463645935,1975,1948785426,5,5
467001,1920,7005015,896641920,23520,0.6666666865348816,128,467000,1.9668147563934326,1920,17,5,500000,1000,,467001.0,0.6848958134651184,0.5871161222457886,0.6666666865348816,0.5981371402740479,1979,1948785426,5,5
468001,1920,7020015,898561920,23520,0.6666666865348816,128,468000,1.9707746505737305,1920,17,5,500000,1000,,468001.0,0.6838541626930237,0.5871164798736572,0.6666666865348816,0.5980247855186462,1982,1948785426,5,5
469001,1920,7035015,900481920,23520,0.6666666865348816,128,469000,1.9747374057769775,1920,17,5,500000,1000,,469001.0,0.6859375238418579,0.5871127843856812,0.6666666865348816,0.5980762243270874,1986,1948785426,5,5
470001,1920,7050015,902401920,23520,0.6666666865348816,128,470000,1.978473424911499,1920,17,5,500000,1000,,470001.0,0.6833333373069763,0.5871130228042603,0.6666666865348816,0.5980216860771179,1990,1948785426,5,5
471001,1920,7065015,904321920,23520,0.6666666865348816,128,471000,1.9824705123901367,1920,17,5,500000,1000,,471001.0,0.6833333373069763,0.5871089100837708,0.6666666865348816,0.5981403589248657,1994,1948785426,5,5
472001,1920,7080015,906241920,23520,0.6666666865348816,128,472000,1.9865896701812744,1920,17,5,500000,1000,,472001.0,0.684374988079071,0.5871058106422424,0.6666666865348816,0.5982864499092102,1998,1948785426,5,5
473001,1920,7095015,908161920,23520,0.6666666865348816,128,473000,1.9903860092163086,1920,17,5,500000,1000,,473001.0,0.684374988079071,0.5871055722236633,0.6666666865348816,0.5983132123947144,2002,1948785426,5,5
474001,1920,7110015,910081920,23520,0.6666666865348816,128,474000,1.9944870471954346,1920,17,5,500000,1000,,474001.0,0.6848958134651184,0.587106466293335,0.6666666865348816,0.5982886552810669,2005,1948785426,5,5
475001,1920,7125015,912001920,23520,0.6666666865348816,128,475000,1.9982430934906006,1920,17,5,500000,1000,,475001.0,0.6848958134651184,0.5871058106422424,0.6666666865348816,0.5983409881591797,2009,1948785426,5,5
476001,1920,7140015,913921920,23520,0.6666666865348816,128,476000,2.001976251602173,1920,17,5,500000,1000,,476001.0,0.6833333373069763,0.5871053338050842,0.6666666865348816,0.598231852054596,2013,1948785426,5,5
477001,1920,7155015,915841920,23520,0.6666666865348816,128,477000,2.0058324337005615,1920,17,5,500000,1000,,477001.0,0.684374988079071,0.5871055722236633,0.6666666865348816,0.5981149077415466,2017,1948785426,5,5
478001,1920,7170015,917761920,23520,0.6666666865348816,128,478000,2.0095746517181396,1920,17,5,500000,1000,,478001.0,0.6838541626930237,0.5871020555496216,0.6666666865348816,0.5982894897460938,2021,1948785426,5,5
479001,1920,7185015,919681920,23520,0.6666666865348816,128,479000,2.0133137702941895,1920,17,5,500000,1000,,479001.0,0.6848958134651184,0.5871036648750305,0.6666666865348816,0.5982409715652466,2024,1948785426,5,5
480001,1920,7200015,921601920,23520,0.6666666865348816,128,480000,2.017120838165283,1920,17,5,500000,1000,,480001.0,0.684374988079071,0.587103545665741,0.6666666865348816,0.598183274269104,2028,1948785426,5,5
481001,1920,7215015,923521920,23520,0.6666666865348816,128,481000,2.021077871322632,1920,17,5,500000,1000,,481001.0,0.6833333373069763,0.5871045589447021,0.6666666865348816,0.5983397364616394,2032,1948785426,5,5
482001,1920,7230015,925441920,23520,0.6666666865348816,128,482000,2.024791955947876,1920,17,5,500000,1000,,482001.0,0.6838541626930237,0.587101936340332,0.6666666865348816,0.5983784794807434,2036,1948785426,5,5
483001,1920,7245015,927361920,23520,0.6666666865348816,128,483000,2.0285537242889404,1920,17,5,500000,1000,,483001.0,0.6833333373069763,0.5871041417121887,0.6666666865348816,0.5982495546340942,2040,1948785426,5,5
484001,1920,7260015,929281920,23520,0.6666666865348816,128,484000,2.032282590866089,1920,17,5,500000,1000,,484001.0,0.684374988079071,0.5871047973632812,0.6666666865348816,0.5984137058258057,2044,1948785426,5,5
485001,1920,7275015,931201920,23520,0.6666666865348816,128,485000,2.0360214710235596,1920,17,5,500000,1000,,485001.0,0.684374988079071,0.5871003270149231,0.6666666865348816,0.5983183979988098,2047,1948785426,5,5
486001,1920,7290015,933121920,23520,0.6666666865348816,128,486000,2.0397543907165527,1920,17,5,500000,1000,,486001.0,0.684374988079071,0.5871023535728455,0.6666666865348816,0.5985241532325745,2051,1948785426,5,5
487001,1920,7305015,935041920,23520,0.6666666865348816,128,487000,2.0435032844543457,1920,17,5,500000,1000,,487001.0,0.684374988079071,0.587103545665741,0.6666666865348816,0.5983172059059143,2055,1948785426,5,5
488001,1920,7320015,936961920,23520,0.6666666865348816,128,488000,2.047236204147339,1920,17,5,500000,1000,,488001.0,0.684374988079071,0.5871026515960693,0.6666666865348816,0.5982733964920044,2059,1948785426,5,5
489001,1920,7335015,938881920,23520,0.6666666865348816,128,489000,2.0509581565856934,1920,17,5,500000,1000,,489001.0,0.684374988079071,0.5870991349220276,0.6666666865348816,0.5982574820518494,2063,1948785426,5,5
490001,1920,7350015,940801920,23520,0.6666666865348816,128,490000,2.0546979904174805,1920,17,5,500000,1000,,490001.0,0.684374988079071,0.587101399898529,0.6666666865348816,0.5983141660690308,2066,1948785426,5,5
491001,1920,7365015,942721920,23520,0.6666666865348816,128,491000,2.058467149734497,1920,17,5,500000,1000,,491001.0,0.684374988079071,0.5871003270149231,0.6666666865348816,0.5984297394752502,2070,1948785426,5,5
492001,1920,7380015,944641920,23520,0.6666666865348816,128,492000,2.06247615814209,1920,17,5,500000,1000,,492001.0,0.684374988079071,0.5870993733406067,0.6666666865348816,0.5983746647834778,2074,1948785426,5,5
493001,1920,7395015,946561920,23520,0.6666666865348816,128,493000,2.0662600994110107,1920,17,5,500000,1000,,493001.0,0.684374988079071,0.5870981216430664,0.6666666865348816,0.5982828140258789,2078,1948785426,5,5
494001,1920,7410015,948481920,23520,0.6666666865348816,128,494000,2.069999933242798,1920,17,5,500000,1000,,494001.0,0.6822916865348816,0.5870998501777649,0.6666666865348816,0.5982556939125061,2082,1948785426,5,5
495001,1920,7425015,950401920,23520,0.6666666865348816,128,495000,2.0738937854766846,1920,17,5,500000,1000,,495001.0,0.684374988079071,0.5871010422706604,0.6666666865348816,0.598303496837616,2086,1948785426,5,5
496001,1920,7440015,952321920,23520,0.6666666865348816,128,496000,2.077692747116089,1920,17,5,500000,1000,,496001.0,0.6833333373069763,0.5871006846427917,0.6666666865348816,0.5983781218528748,2089,1948785426,5,5
497001,1920,7455015,954241920,23520,0.6666666865348816,128,497000,2.0814878940582275,1920,17,5,500000,1000,,497001.0,0.6833333373069763,0.5870980620384216,0.6666666865348816,0.5985329151153564,2093,1948785426,5,5
498001,1920,7470015,956161920,23520,0.6666666865348816,128,498000,2.0854029655456543,1920,17,5,500000,1000,,498001.0,0.684374988079071,0.5870980620384216,0.6666666865348816,0.5984401702880859,2097,1948785426,5,5
499001,1920,7485015,958081920,23520,0.6666666865348816,128,499000,2.0891730785369873,1920,17,5,500000,1000,,499001.0,0.6822916865348816,0.5870969295501709,0.6666666865348816,0.5983002781867981,2101,1948785426,5,5
499998,1920,7499970,959996160,23520,0.6666666865348816,128,499997,2.093006134033203,1920,17,5,500000,1000,,499998.0,0.6833333373069763,0.5870994329452515,0.6666666865348816,0.598336935043335,2105,1948785426,5,5
499999,1920,7499985,959998080,23520,0.6666666865348816,128,499998,2.0973939895629883,1920,17,5,500000,1000,,499999.0,0.6833333373069763,0.5870994329452515,0.6666666865348816,0.5983262658119202,2105,1948785426,5,5
500000,1920,7500000,960000000,23520,0.6666666865348816,128,499999,2.1016409397125244,1920,17,5,500000,1000,,500000.0,0.6833333373069763,0.5870994329452515,0.6666666865348816,0.5983255505561829,2105,1948785426,5,5
