pf_calls,num_answers,model_updates,num_grad_comps,answers_bytes,last_score,batch_size,k,elapsed_time,train_data,n,d,max_epochs,verbose,ident,_epochs,score_train,loss_train,score_test,loss_test,_elapsed_time,seed,run_id,dim
1,1920,15,1920,23520,0.4729166626930237,128,0,0.019085168838500977,1920,17,5,500000,1000,,1.0,0.5531250238418579,0.6931472420692444,0.49791666865348816,0.6931471228599548,0,606590071,4,5
1001,1920,15015,1921920,23520,0.49791666865348816,128,1000,0.023650169372558594,1920,17,5,500000,1000,,1001.0,0.6880208253860474,0.6097257733345032,0.6541666388511658,0.6252468228340149,5,606590071,4,5
2001,1920,30015,3841920,23520,0.6541666388511658,128,2000,0.027502775192260742,1920,17,5,500000,1000,,2001.0,0.6802083253860474,0.5974292755126953,0.6458333134651184,0.6215360164642334,11,606590071,4,5
3001,1920,45015,5761920,23520,0.6458333134651184,128,3000,0.031247854232788086,1920,17,5,500000,1000,,3001.0,0.6776041388511658,0.593524694442749,0.643750011920929,0.6200392842292786,19,606590071,4,5
4001,1920,60015,7681920,23520,0.643750011920929,128,4000,0.035170793533325195,1920,17,5,500000,1000,,4001.0,0.6791666746139526,0.5915790796279907,0.6479166746139526,0.6194499731063843,33,606590071,4,5
5001,1920,75015,9601920,23520,0.6479166746139526,128,5000,0.038889169692993164,1920,17,5,500000,1000,,5001.0,0.6781250238418579,0.5904145836830139,0.6458333134651184,0.6196447014808655,41,606590071,4,5
6001,1920,90015,11521920,23520,0.6458333134651184,128,6000,0.04259610176086426,1920,17,5,500000,1000,,6001.0,0.6791666746139526,0.5896223783493042,0.6479166746139526,0.6195715665817261,46,606590071,4,5
7001,1920,105015,13441920,23520,0.6479166746139526,128,7000,0.04755592346191406,1920,17,5,500000,1000,,7001.0,0.6760416626930237,0.5890378355979919,0.6499999761581421,0.6193535923957825,55,606590071,4,5
8001,1920,120015,15361920,23520,0.6499999761581421,128,8000,0.052258968353271484,1920,17,5,500000,1000,,8001.0,0.676562488079071,0.5885982513427734,0.6458333134651184,0.6196969747543335,60,606590071,4,5
9001,1920,135015,17281920,23520,0.6458333134651184,128,9000,0.056962013244628906,1920,17,5,500000,1000,,9001.0,0.6781250238418579,0.5882419347763062,0.6479166746139526,0.6188859939575195,66,606590071,4,5
10001,1920,150015,19201920,23520,0.6479166746139526,128,10000,0.06914520263671875,1920,17,5,500000,1000,,10001.0,0.6786458492279053,0.5879398584365845,0.6458333134651184,0.6194983720779419,72,606590071,4,5
11001,1920,165015,21121920,23520,0.6458333134651184,128,11000,0.07301020622253418,1920,17,5,500000,1000,,11001.0,0.6802083253860474,0.5876868367195129,0.6458333134651184,0.6195554137229919,78,606590071,4,5
12001,1920,180015,23041920,23520,0.6458333134651184,128,12000,0.07693004608154297,1920,17,5,500000,1000,,12001.0,0.6776041388511658,0.5874648690223694,0.6458333134651184,0.6193277835845947,83,606590071,4,5
13001,1920,195015,24961920,23520,0.6458333134651184,128,13000,0.08062005043029785,1920,17,5,500000,1000,,13001.0,0.6786458492279053,0.5872538685798645,0.6499999761581421,0.6194159388542175,89,606590071,4,5
14001,1920,210015,26881920,23520,0.6499999761581421,128,14000,0.08498787879943848,1920,17,5,500000,1000,,14001.0,0.6791666746139526,0.5870687961578369,0.6458333134651184,0.6197007298469543,94,606590071,4,5
15001,1920,225015,28801920,23520,0.6458333134651184,128,15000,0.08869791030883789,1920,17,5,500000,1000,,15001.0,0.6760416626930237,0.5869001150131226,0.6479166746139526,0.6195106506347656,99,606590071,4,5
16001,1920,240015,30721920,23520,0.6479166746139526,128,16000,0.0930490493774414,1920,17,5,500000,1000,,16001.0,0.6802083253860474,0.5867491960525513,0.643750011920929,0.6195078492164612,104,606590071,4,5
17001,1920,255015,32641920,23520,0.643750011920929,128,17000,0.10616707801818848,1920,17,5,500000,1000,,17001.0,0.6770833134651184,0.5866135954856873,0.6499999761581421,0.6198303699493408,112,606590071,4,5
18001,1920,270015,34561920,23520,0.6499999761581421,128,18000,0.11004924774169922,1920,17,5,500000,1000,,18001.0,0.6760416626930237,0.5864941477775574,0.6458333134651184,0.6206983923912048,117,606590071,4,5
19001,1920,285015,36481920,23520,0.6458333134651184,128,19000,0.11463522911071777,1920,17,5,500000,1000,,19001.0,0.6802083253860474,0.5863847136497498,0.6458333134651184,0.6199575662612915,123,606590071,4,5
20001,1920,300015,38401920,23520,0.6458333134651184,128,20000,0.11842060089111328,1920,17,5,500000,1000,,20001.0,0.6791666746139526,0.5862845182418823,0.6479166746139526,0.6197336316108704,128,606590071,4,5
21001,1920,315015,40321920,23520,0.6479166746139526,128,21000,0.1222083568572998,1920,17,5,500000,1000,,21001.0,0.6812499761581421,0.586192786693573,0.6499999761581421,0.6199588179588318,135,606590071,4,5
22001,1920,330015,42241920,23520,0.6499999761581421,128,22000,0.12608933448791504,1920,17,5,500000,1000,,22001.0,0.6786458492279053,0.5861148834228516,0.6499999761581421,0.6198176145553589,140,606590071,4,5
23001,1920,345015,44161920,23520,0.6499999761581421,128,23000,0.12981915473937988,1920,17,5,500000,1000,,23001.0,0.6796875,0.586044192314148,0.6520833373069763,0.6198118925094604,145,606590071,4,5
24001,1920,360015,46081920,23520,0.6520833373069763,128,24000,0.13367724418640137,1920,17,5,500000,1000,,24001.0,0.6796875,0.5859765410423279,0.6479166746139526,0.6198750734329224,150,606590071,4,5
25001,1920,375015,48001920,23520,0.6479166746139526,128,25000,0.1378483772277832,1920,17,5,500000,1000,,25001.0,0.6786458492279053,0.5859156250953674,0.6479166746139526,0.6195166707038879,155,606590071,4,5
26001,1920,390015,49921920,23520,0.6479166746139526,128,26000,0.14155936241149902,1920,17,5,500000,1000,,26001.0,0.6807291507720947,0.5858549475669861,0.6520833373069763,0.6201485395431519,161,606590071,4,5
27001,1920,405015,51841920,23520,0.6520833373069763,128,27000,0.145430326461792,1920,17,5,500000,1000,,27001.0,0.6786458492279053,0.5858027935028076,0.6499999761581421,0.6199215054512024,166,606590071,4,5
28001,1920,420015,53761920,23520,0.6499999761581421,128,28000,0.2190084457397461,1920,17,5,500000,1000,,28001.0,0.6786458492279053,0.5857511758804321,0.6458333134651184,0.6207099556922913,174,606590071,4,5
29001,1920,435015,55681920,23520,0.6458333134651184,128,29000,0.22289156913757324,1920,17,5,500000,1000,,29001.0,0.6786458492279053,0.5857008695602417,0.6458333134651184,0.6204651594161987,181,606590071,4,5
30001,1920,450015,57601920,23520,0.6458333134651184,128,30000,0.22751665115356445,1920,17,5,500000,1000,,30001.0,0.6776041388511658,0.585652232170105,0.6499999761581421,0.6204795837402344,188,606590071,4,5
31001,1920,465015,59521920,23520,0.6499999761581421,128,31000,0.23122954368591309,1920,17,5,500000,1000,,31001.0,0.6776041388511658,0.5856128931045532,0.6499999761581421,0.6202173829078674,194,606590071,4,5
32001,1920,480015,61441920,23520,0.6499999761581421,128,32000,0.23512554168701172,1920,17,5,500000,1000,,32001.0,0.6807291507720947,0.5855728387832642,0.6541666388511658,0.6202171444892883,199,606590071,4,5
33001,1920,495015,63361920,23520,0.6541666388511658,128,33000,0.2388296127319336,1920,17,5,500000,1000,,33001.0,0.676562488079071,0.5855377912521362,0.6499999761581421,0.6199504137039185,205,606590071,4,5
34001,1920,510015,65281920,23520,0.6499999761581421,128,34000,0.245652437210083,1920,17,5,500000,1000,,34001.0,0.6781250238418579,0.585497260093689,0.6520833373069763,0.6200924515724182,211,606590071,4,5
35001,1920,525015,67201920,23520,0.6520833373069763,128,35000,0.2594485282897949,1920,17,5,500000,1000,,35001.0,0.6781250238418579,0.5854666233062744,0.6499999761581421,0.619399905204773,217,606590071,4,5
36001,1920,540015,69121920,23520,0.6499999761581421,128,36000,0.2631564140319824,1920,17,5,500000,1000,,36001.0,0.6791666746139526,0.5854266285896301,0.6520833373069763,0.6203325986862183,224,606590071,4,5
37001,1920,555015,71041920,23520,0.6520833373069763,128,37000,0.2671773433685303,1920,17,5,500000,1000,,37001.0,0.6781250238418579,0.5853956341743469,0.6520833373069763,0.6203210949897766,233,606590071,4,5
38001,1920,570015,72961920,23520,0.6520833373069763,128,38000,0.270876407623291,1920,17,5,500000,1000,,38001.0,0.6802083253860474,0.5853683948516846,0.6520833373069763,0.6203745007514954,239,606590071,4,5
39001,1920,585015,74881920,23520,0.6520833373069763,128,39000,0.2745804786682129,1920,17,5,500000,1000,,39001.0,0.6776041388511658,0.5853386521339417,0.6479166746139526,0.620246171951294,244,606590071,4,5
40001,1920,600015,76801920,23520,0.6479166746139526,128,40000,0.2784843444824219,1920,17,5,500000,1000,,40001.0,0.675000011920929,0.5853115320205688,0.6499999761581421,0.6203737258911133,249,606590071,4,5
41001,1920,615015,78721920,23520,0.6499999761581421,128,41000,0.2825641632080078,1920,17,5,500000,1000,,41001.0,0.676562488079071,0.58528071641922,0.6520833373069763,0.6207220554351807,258,606590071,4,5
42001,1920,630015,80641920,23520,0.6520833373069763,128,42000,0.28627443313598633,1920,17,5,500000,1000,,42001.0,0.6781250238418579,0.585256040096283,0.6499999761581421,0.6204466223716736,263,606590071,4,5
43001,1920,645015,82561920,23520,0.6499999761581421,128,43000,0.29094839096069336,1920,17,5,500000,1000,,43001.0,0.6770833134651184,0.5852314233779907,0.6499999761581421,0.6208414435386658,268,606590071,4,5
44001,1920,660015,84481920,23520,0.6499999761581421,128,44000,0.29467344284057617,1920,17,5,500000,1000,,44001.0,0.6776041388511658,0.5852096676826477,0.6520833373069763,0.6204931139945984,274,606590071,4,5
45001,1920,675015,86401920,23520,0.6520833373069763,128,45000,0.2992231845855713,1920,17,5,500000,1000,,45001.0,0.6812499761581421,0.5851891040802002,0.6479166746139526,0.6202812790870667,279,606590071,4,5
46001,1920,690015,88321920,23520,0.6479166746139526,128,46000,0.3032040596008301,1920,17,5,500000,1000,,46001.0,0.676562488079071,0.5851673483848572,0.6520833373069763,0.6200754642486572,284,606590071,4,5
47001,1920,705015,90241920,23520,0.6520833373069763,128,47000,0.3106100559234619,1920,17,5,500000,1000,,47001.0,0.6781250238418579,0.5851438045501709,0.6541666388511658,0.6203429698944092,290,606590071,4,5
48001,1920,720015,92161920,23520,0.6541666388511658,128,48000,0.38657116889953613,1920,17,5,500000,1000,,48001.0,0.6770833134651184,0.5851202011108398,0.6520833373069763,0.620490312576294,297,606590071,4,5
49001,1920,735015,94081920,23520,0.6520833373069763,128,49000,0.3902781009674072,1920,17,5,500000,1000,,49001.0,0.6786458492279053,0.5851046442985535,0.6479166746139526,0.6205287575721741,302,606590071,4,5
50001,1920,750015,96001920,23520,0.6479166746139526,128,50000,0.39398741722106934,1920,17,5,500000,1000,,50001.0,0.6781250238418579,0.5850839614868164,0.6520833373069763,0.6206353306770325,307,606590071,4,5
51001,1920,765015,97921920,23520,0.6520833373069763,128,51000,0.39783215522766113,1920,17,5,500000,1000,,51001.0,0.6781250238418579,0.5850633978843689,0.6499999761581421,0.6207090616226196,317,606590071,4,5
52001,1920,780015,99841920,23520,0.6499999761581421,128,52000,0.4025242328643799,1920,17,5,500000,1000,,52001.0,0.676562488079071,0.5850483179092407,0.6499999761581421,0.620376706123352,323,606590071,4,5
53001,1920,795015,101761920,23520,0.6499999761581421,128,53000,0.406353235244751,1920,17,5,500000,1000,,53001.0,0.6791666746139526,0.5850311517715454,0.6541666388511658,0.6203811764717102,329,606590071,4,5
54001,1920,810015,103681920,23520,0.6541666388511658,128,54000,0.4100680351257324,1920,17,5,500000,1000,,54001.0,0.6770833134651184,0.5850144624710083,0.6520833373069763,0.620651364326477,334,606590071,4,5
55001,1920,825015,105601920,23520,0.6520833373069763,128,55000,0.4139230251312256,1920,17,5,500000,1000,,55001.0,0.6802083253860474,0.5849988460540771,0.6520833373069763,0.6206068396568298,338,606590071,4,5
56001,1920,840015,107521920,23520,0.6520833373069763,128,56000,0.42016029357910156,1920,17,5,500000,1000,,56001.0,0.6776041388511658,0.5849857926368713,0.6520833373069763,0.6208847165107727,344,606590071,4,5
57001,1920,855015,109441920,23520,0.6520833373069763,128,57000,0.4250326156616211,1920,17,5,500000,1000,,57001.0,0.6776041388511658,0.5849706530570984,0.6520833373069763,0.6205649971961975,349,606590071,4,5
58001,1920,870015,111361920,23520,0.6520833373069763,128,58000,0.42871570587158203,1920,17,5,500000,1000,,58001.0,0.6791666746139526,0.5849536657333374,0.6520833373069763,0.6209388971328735,356,606590071,4,5
59001,1920,885015,113281920,23520,0.6520833373069763,128,59000,0.4324367046356201,1920,17,5,500000,1000,,59001.0,0.6770833134651184,0.5849369764328003,0.6541666388511658,0.6207667589187622,361,606590071,4,5
60001,1920,900015,115201920,23520,0.6541666388511658,128,60000,0.4362616539001465,1920,17,5,500000,1000,,60001.0,0.6786458492279053,0.5849208831787109,0.6541666388511658,0.620621919631958,366,606590071,4,5
61001,1920,915015,117121920,23520,0.6541666388511658,128,61000,0.44605565071105957,1920,17,5,500000,1000,,61001.0,0.6770833134651184,0.5849116444587708,0.6520833373069763,0.6210324168205261,372,606590071,4,5
62001,1920,930015,119041920,23520,0.6520833373069763,128,62000,0.44978857040405273,1920,17,5,500000,1000,,62001.0,0.6781250238418579,0.5849004983901978,0.6479166746139526,0.62064129114151,379,606590071,4,5
63001,1920,945015,120961920,23520,0.6479166746139526,128,63000,0.45365166664123535,1920,17,5,500000,1000,,63001.0,0.6781250238418579,0.584883987903595,0.6520833373069763,0.6206755042076111,385,606590071,4,5
64001,1920,960015,122881920,23520,0.6520833373069763,128,64000,0.4580569267272949,1920,17,5,500000,1000,,64001.0,0.6776041388511658,0.5848720669746399,0.6499999761581421,0.6207307577133179,391,606590071,4,5
65001,1920,975015,124801920,23520,0.6499999761581421,128,65000,0.4619300365447998,1920,17,5,500000,1000,,65001.0,0.6781250238418579,0.5848658084869385,0.6520833373069763,0.6208361983299255,396,606590071,4,5
66001,1920,990015,126721920,23520,0.6520833373069763,128,66000,0.4656529426574707,1920,17,5,500000,1000,,66001.0,0.6791666746139526,0.5848464965820312,0.6520833373069763,0.6209028363227844,402,606590071,4,5
67001,1920,1005015,128641920,23520,0.6520833373069763,128,67000,0.46936607360839844,1920,17,5,500000,1000,,67001.0,0.6791666746139526,0.5848363637924194,0.6541666388511658,0.6205786466598511,407,606590071,4,5
68001,1920,1020015,130561920,23520,0.6541666388511658,128,68000,0.47568535804748535,1920,17,5,500000,1000,,68001.0,0.6786458492279053,0.5848239660263062,0.6541666388511658,0.6202888488769531,414,606590071,4,5
69001,1920,1035015,132481920,23520,0.6541666388511658,128,69000,0.4804062843322754,1920,17,5,500000,1000,,69001.0,0.6791666746139526,0.5848169922828674,0.6520833373069763,0.6208071112632751,421,606590071,4,5
70001,1920,1050015,134401920,23520,0.6520833373069763,128,70000,0.4841313362121582,1920,17,5,500000,1000,,70001.0,0.6791666746139526,0.5848037600517273,0.6541666388511658,0.6205440759658813,428,606590071,4,5
71001,1920,1065015,136321920,23520,0.6541666388511658,128,71000,0.4883003234863281,1920,17,5,500000,1000,,71001.0,0.6791666746139526,0.5847976803779602,0.6520833373069763,0.6206081509590149,436,606590071,4,5
72001,1920,1080015,138241920,23520,0.6520833373069763,128,72000,0.4920203685760498,1920,17,5,500000,1000,,72001.0,0.6791666746139526,0.5847856998443604,0.6541666388511658,0.6202901601791382,441,606590071,4,5
73001,1920,1095015,140161920,23520,0.6541666388511658,128,73000,0.49660515785217285,1920,17,5,500000,1000,,73001.0,0.6796875,0.5847740173339844,0.65625,0.6206468939781189,446,606590071,4,5
74001,1920,1110015,142081920,23520,0.65625,128,74000,0.5004429817199707,1920,17,5,500000,1000,,74001.0,0.6781250238418579,0.5847666263580322,0.6541666388511658,0.6209895610809326,452,606590071,4,5
75001,1920,1125015,144001920,23520,0.6541666388511658,128,75000,0.5041530132293701,1920,17,5,500000,1000,,75001.0,0.6781250238418579,0.5847566723823547,0.6520833373069763,0.6205430626869202,457,606590071,4,5
76001,1920,1140015,145921920,23520,0.6520833373069763,128,76000,0.5102519989013672,1920,17,5,500000,1000,,76001.0,0.6776041388511658,0.5847437977790833,0.6520833373069763,0.6208320260047913,463,606590071,4,5
77001,1920,1155015,147841920,23520,0.6520833373069763,128,77000,0.5139591693878174,1920,17,5,500000,1000,,77001.0,0.6776041388511658,0.5847357511520386,0.6520833373069763,0.6206980347633362,468,606590071,4,5
78001,1920,1170015,149761920,23520,0.6520833373069763,128,78000,0.5177700519561768,1920,17,5,500000,1000,,78001.0,0.6786458492279053,0.5847297310829163,0.6541666388511658,0.620570182800293,474,606590071,4,5
79001,1920,1185015,151681920,23520,0.6541666388511658,128,79000,0.5215928554534912,1920,17,5,500000,1000,,79001.0,0.676562488079071,0.5847193002700806,0.6520833373069763,0.6208414435386658,485,606590071,4,5
80001,1920,1200015,153601920,23520,0.6520833373069763,128,80000,0.5255241394042969,1920,17,5,500000,1000,,80001.0,0.6781250238418579,0.584709107875824,0.6541666388511658,0.6206167340278625,490,606590071,4,5
81001,1920,1215015,155521920,23520,0.6541666388511658,128,81000,0.5566201210021973,1920,17,5,500000,1000,,81001.0,0.676562488079071,0.5847052931785583,0.6520833373069763,0.6203226447105408,496,606590071,4,5
82001,1920,1230015,157441920,23520,0.6520833373069763,128,82000,0.5665061473846436,1920,17,5,500000,1000,,82001.0,0.6781250238418579,0.5846996903419495,0.6520833373069763,0.6200628876686096,502,606590071,4,5
83001,1920,1245015,159361920,23520,0.6520833373069763,128,83000,0.5865869522094727,1920,17,5,500000,1000,,83001.0,0.6776041388511658,0.584685742855072,0.6541666388511658,0.620688259601593,507,606590071,4,5
84001,1920,1260015,161281920,23520,0.6541666388511658,128,84000,0.5903120040893555,1920,17,5,500000,1000,,84001.0,0.6776041388511658,0.5846791863441467,0.65625,0.6202315092086792,513,606590071,4,5
85001,1920,1275015,163201920,23520,0.65625,128,85000,0.5941808223724365,1920,17,5,500000,1000,,85001.0,0.6776041388511658,0.5846713781356812,0.6520833373069763,0.6206645369529724,518,606590071,4,5
86001,1920,1290015,165121920,23520,0.6520833373069763,128,86000,0.6004006862640381,1920,17,5,500000,1000,,86001.0,0.6781250238418579,0.5846638083457947,0.6499999761581421,0.6207235455513,524,606590071,4,5
87001,1920,1305015,167041920,23520,0.6499999761581421,128,87000,0.604118824005127,1920,17,5,500000,1000,,87001.0,0.6807291507720947,0.5846574902534485,0.6520833373069763,0.6207466125488281,529,606590071,4,5
88001,1920,1320015,168961920,23520,0.6520833373069763,128,88000,0.6441149711608887,1920,17,5,500000,1000,,88001.0,0.6770833134651184,0.5846492648124695,0.6520833373069763,0.6208909153938293,543,606590071,4,5
89001,1920,1335015,170881920,23520,0.6520833373069763,128,89000,0.6478829383850098,1920,17,5,500000,1000,,89001.0,0.6776041388511658,0.5846477746963501,0.6520833373069763,0.6203864216804504,557,606590071,4,5
90001,1920,1350015,172801920,23520,0.6520833373069763,128,90000,0.6520357131958008,1920,17,5,500000,1000,,90001.0,0.6770833134651184,0.5846390128135681,0.6520833373069763,0.6207044124603271,563,606590071,4,5
91001,1920,1365015,174721920,23520,0.6520833373069763,128,91000,0.6557807922363281,1920,17,5,500000,1000,,91001.0,0.6770833134651184,0.5846319794654846,0.6520833373069763,0.6204295754432678,568,606590071,4,5
92001,1920,1380015,176641920,23520,0.6520833373069763,128,92000,0.6595168113708496,1920,17,5,500000,1000,,92001.0,0.6770833134651184,0.5846230983734131,0.6499999761581421,0.6209531426429749,574,606590071,4,5
93001,1920,1395015,178561920,23520,0.6499999761581421,128,93000,0.6636106967926025,1920,17,5,500000,1000,,93001.0,0.6781250238418579,0.5846201777458191,0.6541666388511658,0.620865523815155,579,606590071,4,5
94001,1920,1410015,180481920,23520,0.6541666388511658,128,94000,0.6673257350921631,1920,17,5,500000,1000,,94001.0,0.6781250238418579,0.5846108198165894,0.65625,0.6204351186752319,587,606590071,4,5
95001,1920,1425015,182401920,23520,0.65625,128,95000,0.6724236011505127,1920,17,5,500000,1000,,95001.0,0.6770833134651184,0.584603488445282,0.6520833373069763,0.6207730770111084,592,606590071,4,5
96001,1920,1440015,184321920,23520,0.6520833373069763,128,96000,0.676316499710083,1920,17,5,500000,1000,,96001.0,0.6776041388511658,0.5845969319343567,0.6520833373069763,0.6209436058998108,599,606590071,4,5
97001,1920,1455015,186241920,23520,0.6520833373069763,128,97000,0.6801655292510986,1920,17,5,500000,1000,,97001.0,0.6791666746139526,0.5845962762832642,0.6541666388511658,0.6211185455322266,604,606590071,4,5
98001,1920,1470015,188161920,23520,0.6541666388511658,128,98000,0.6838936805725098,1920,17,5,500000,1000,,98001.0,0.6770833134651184,0.584585964679718,0.6541666388511658,0.62037593126297,610,606590071,4,5
99001,1920,1485015,190081920,23520,0.6541666388511658,128,99000,0.6876287460327148,1920,17,5,500000,1000,,99001.0,0.676562488079071,0.5845768451690674,0.6520833373069763,0.6208008527755737,615,606590071,4,5
100001,1920,1500015,192001920,23520,0.6520833373069763,128,100000,0.694847822189331,1920,17,5,500000,1000,,100001.0,0.6770833134651184,0.5845752954483032,0.6520833373069763,0.6208974719047546,621,606590071,4,5
101001,1920,1515015,193921920,23520,0.6520833373069763,128,101000,0.6997556686401367,1920,17,5,500000,1000,,101001.0,0.6796875,0.5845666527748108,0.6541666388511658,0.6209807991981506,628,606590071,4,5
102001,1920,1530015,195841920,23520,0.6541666388511658,128,102000,0.7036576271057129,1920,17,5,500000,1000,,102001.0,0.6776041388511658,0.5845621228218079,0.6520833373069763,0.621047854423523,635,606590071,4,5
103001,1920,1545015,197761920,23520,0.6520833373069763,128,103000,0.7084965705871582,1920,17,5,500000,1000,,103001.0,0.6796875,0.5845550298690796,0.6541666388511658,0.6207396388053894,640,606590071,4,5
104001,1920,1560015,199681920,23520,0.6541666388511658,128,104000,0.7123255729675293,1920,17,5,500000,1000,,104001.0,0.6781250238418579,0.5845484137535095,0.6520833373069763,0.620683491230011,646,606590071,4,5
105001,1920,1575015,201601920,23520,0.6520833373069763,128,105000,0.7353396415710449,1920,17,5,500000,1000,,105001.0,0.676562488079071,0.5845420956611633,0.6520833373069763,0.6202995181083679,653,606590071,4,5
106001,1920,1590015,203521920,23520,0.6520833373069763,128,106000,0.7448406219482422,1920,17,5,500000,1000,,106001.0,0.6770833134651184,0.5845376253128052,0.6541666388511658,0.6209259629249573,660,606590071,4,5
107001,1920,1605015,205441920,23520,0.6541666388511658,128,107000,0.748957633972168,1920,17,5,500000,1000,,107001.0,0.6776041388511658,0.5845339298248291,0.6541666388511658,0.6204758882522583,665,606590071,4,5
108001,1920,1620015,207361920,23520,0.6541666388511658,128,108000,0.7557516098022461,1920,17,5,500000,1000,,108001.0,0.676562488079071,0.5845314860343933,0.6541666388511658,0.6205639243125916,671,606590071,4,5
109001,1920,1635015,209281920,23520,0.6541666388511658,128,109000,0.7623896598815918,1920,17,5,500000,1000,,109001.0,0.6770833134651184,0.5845252871513367,0.6520833373069763,0.6206166744232178,676,606590071,4,5
110001,1920,1650015,211201920,23520,0.6520833373069763,128,110000,0.7661077976226807,1920,17,5,500000,1000,,110001.0,0.6791666746139526,0.5845200419425964,0.6541666388511658,0.6209381818771362,682,606590071,4,5
111001,1920,1665015,213121920,23520,0.6541666388511658,128,111000,0.769953727722168,1920,17,5,500000,1000,,111001.0,0.6786458492279053,0.5845166444778442,0.6541666388511658,0.6205149292945862,687,606590071,4,5
112001,1920,1680015,215041920,23520,0.6541666388511658,128,112000,0.773900032043457,1920,17,5,500000,1000,,112001.0,0.6796875,0.5845121741294861,0.65625,0.620968222618103,693,606590071,4,5
113001,1920,1695015,216961920,23520,0.65625,128,113000,0.7776329517364502,1920,17,5,500000,1000,,113001.0,0.6791666746139526,0.5845048427581787,0.6520833373069763,0.6212000250816345,698,606590071,4,5
114001,1920,1710015,218881920,23520,0.6520833373069763,128,114000,0.7813539505004883,1920,17,5,500000,1000,,114001.0,0.6786458492279053,0.5845047831535339,0.6541666388511658,0.6208493709564209,708,606590071,4,5
115001,1920,1725015,220801920,23520,0.6541666388511658,128,115000,0.7851877212524414,1920,17,5,500000,1000,,115001.0,0.6776041388511658,0.5844972133636475,0.6520833373069763,0.6208913326263428,714,606590071,4,5
116001,1920,1740015,222721920,23520,0.6520833373069763,128,116000,0.7889766693115234,1920,17,5,500000,1000,,116001.0,0.6776041388511658,0.5844919085502625,0.6520833373069763,0.6208237409591675,722,606590071,4,5
117001,1920,1755015,224641920,23520,0.6520833373069763,128,117000,0.8051528930664062,1920,17,5,500000,1000,,117001.0,0.6770833134651184,0.5844867825508118,0.6520833373069763,0.6207314133644104,727,606590071,4,5
118001,1920,1770015,226561920,23520,0.6520833373069763,128,118000,0.8092780113220215,1920,17,5,500000,1000,,118001.0,0.676562488079071,0.5844828486442566,0.6520833373069763,0.620994508266449,736,606590071,4,5
119001,1920,1785015,228481920,23520,0.6520833373069763,128,119000,0.8132851123809814,1920,17,5,500000,1000,,119001.0,0.6796875,0.5844808220863342,0.65625,0.6212421655654907,745,606590071,4,5
120001,1920,1800015,230401920,23520,0.65625,128,120000,0.817317008972168,1920,17,5,500000,1000,,120001.0,0.6781250238418579,0.5844762325286865,0.6541666388511658,0.6205106377601624,755,606590071,4,5
121001,1920,1815015,232321920,23520,0.6541666388511658,128,121000,0.8231139183044434,1920,17,5,500000,1000,,121001.0,0.676562488079071,0.5844693779945374,0.6520833373069763,0.6205870509147644,763,606590071,4,5
122001,1920,1830015,234241920,23520,0.6520833373069763,128,122000,0.9373369216918945,1920,17,5,500000,1000,,122001.0,0.676562488079071,0.5844665765762329,0.6520833373069763,0.6205350756645203,777,606590071,4,5
123001,1920,1845015,236161920,23520,0.6520833373069763,128,123000,0.9412271976470947,1920,17,5,500000,1000,,123001.0,0.676562488079071,0.584459125995636,0.6541666388511658,0.6207061409950256,788,606590071,4,5
124001,1920,1860015,238081920,23520,0.6541666388511658,128,124000,0.9468791484832764,1920,17,5,500000,1000,,124001.0,0.6786458492279053,0.5844557881355286,0.6520833373069763,0.6207764148712158,799,606590071,4,5
125001,1920,1875015,240001920,23520,0.6520833373069763,128,125000,0.9514193534851074,1920,17,5,500000,1000,,125001.0,0.6781250238418579,0.5844506621360779,0.6520833373069763,0.6206986904144287,815,606590071,4,5
126001,1920,1890015,241921920,23520,0.6520833373069763,128,126000,0.9575471878051758,1920,17,5,500000,1000,,126001.0,0.6781250238418579,0.5844480991363525,0.6520833373069763,0.6204841136932373,825,606590071,4,5
127001,1920,1905015,243841920,23520,0.6520833373069763,128,127000,0.9614312648773193,1920,17,5,500000,1000,,127001.0,0.6781250238418579,0.5844457149505615,0.6520833373069763,0.6210350394248962,832,606590071,4,5
128001,1920,1920015,245761920,23520,0.6520833373069763,128,128000,0.9664251804351807,1920,17,5,500000,1000,,128001.0,0.6786458492279053,0.5844470262527466,0.6499999761581421,0.6210886836051941,840,606590071,4,5
129001,1920,1935015,247681920,23520,0.6499999761581421,128,129000,0.9702799320220947,1920,17,5,500000,1000,,129001.0,0.676562488079071,0.5844404101371765,0.6520833373069763,0.6206735372543335,850,606590071,4,5
130001,1920,1950015,249601920,23520,0.6520833373069763,128,130000,0.974017858505249,1920,17,5,500000,1000,,130001.0,0.6770833134651184,0.5844347476959229,0.6520833373069763,0.6206294298171997,856,606590071,4,5
131001,1920,1965015,251521920,23520,0.6520833373069763,128,131000,0.9780259132385254,1920,17,5,500000,1000,,131001.0,0.6770833134651184,0.5844354033470154,0.6541666388511658,0.6203241348266602,863,606590071,4,5
132001,1920,1980015,253441920,23520,0.6541666388511658,128,132000,0.9818799495697021,1920,17,5,500000,1000,,132001.0,0.6776041388511658,0.5844295024871826,0.6541666388511658,0.6205502152442932,869,606590071,4,5
133001,1920,1995015,255361920,23520,0.6541666388511658,128,133000,0.9895379543304443,1920,17,5,500000,1000,,133001.0,0.6776041388511658,0.5844298005104065,0.6541666388511658,0.6207478642463684,875,606590071,4,5
134001,1920,2010015,257281920,23520,0.6541666388511658,128,134000,0.994642972946167,1920,17,5,500000,1000,,134001.0,0.6776041388511658,0.584420919418335,0.6541666388511658,0.6206904053688049,881,606590071,4,5
135001,1920,2025015,259201920,23520,0.6541666388511658,128,135000,1.0010581016540527,1920,17,5,500000,1000,,135001.0,0.6770833134651184,0.5844181180000305,0.6541666388511658,0.6205929517745972,890,606590071,4,5
136001,1920,2040015,261121920,23520,0.6541666388511658,128,136000,1.0048871040344238,1920,17,5,500000,1000,,136001.0,0.6760416626930237,0.5844172835350037,0.6541666388511658,0.6210609078407288,895,606590071,4,5
137001,1920,2055015,263041920,23520,0.6541666388511658,128,137000,1.008620262145996,1920,17,5,500000,1000,,137001.0,0.6776041388511658,0.5844157338142395,0.6520833373069763,0.6210474371910095,904,606590071,4,5
138001,1920,2070015,264961920,23520,0.6520833373069763,128,138000,1.0123212337493896,1920,17,5,500000,1000,,138001.0,0.6776041388511658,0.5844126343727112,0.6499999761581421,0.6203423738479614,914,606590071,4,5
139001,1920,2085015,266881920,23520,0.6499999761581421,128,139000,1.0194861888885498,1920,17,5,500000,1000,,139001.0,0.6770833134651184,0.5844109654426575,0.6520833373069763,0.6209468841552734,919,606590071,4,5
140001,1920,2100015,268801920,23520,0.6520833373069763,128,140000,1.0276634693145752,1920,17,5,500000,1000,,140001.0,0.6776041388511658,0.5844022631645203,0.6520833373069763,0.6209308505058289,929,606590071,4,5
141001,1920,2115015,270721920,23520,0.6520833373069763,128,141000,1.0313713550567627,1920,17,5,500000,1000,,141001.0,0.6786458492279053,0.5843982100486755,0.6499999761581421,0.6207740306854248,935,606590071,4,5
142001,1920,2130015,272641920,23520,0.6499999761581421,128,142000,1.0378684997558594,1920,17,5,500000,1000,,142001.0,0.6796875,0.584398627281189,0.6499999761581421,0.6208813786506653,941,606590071,4,5
143001,1920,2145015,274561920,23520,0.6499999761581421,128,143000,1.042367696762085,1920,17,5,500000,1000,,143001.0,0.676562488079071,0.5843942165374756,0.6541666388511658,0.6206663846969604,949,606590071,4,5
144001,1920,2160015,276481920,23520,0.6541666388511658,128,144000,1.0475175380706787,1920,17,5,500000,1000,,144001.0,0.6781250238418579,0.5843920111656189,0.6541666388511658,0.6206620931625366,954,606590071,4,5
145001,1920,2175015,278401920,23520,0.6541666388511658,128,145000,1.0541765689849854,1920,17,5,500000,1000,,145001.0,0.6781250238418579,0.5843856930732727,0.6541666388511658,0.6206737756729126,961,606590071,4,5
146001,1920,2190015,280321920,23520,0.6541666388511658,128,146000,1.061746597290039,1920,17,5,500000,1000,,146001.0,0.6781250238418579,0.5843816995620728,0.65625,0.6206086277961731,968,606590071,4,5
147001,1920,2205015,282241920,23520,0.65625,128,147000,1.073486566543579,1920,17,5,500000,1000,,147001.0,0.6781250238418579,0.5843779444694519,0.65625,0.6204559803009033,974,606590071,4,5
148001,1920,2220015,284161920,23520,0.65625,128,148000,1.0772204399108887,1920,17,5,500000,1000,,148001.0,0.6781250238418579,0.5843790769577026,0.65625,0.6207436919212341,979,606590071,4,5
149001,1920,2235015,286081920,23520,0.65625,128,149000,1.08262038230896,1920,17,5,500000,1000,,149001.0,0.6776041388511658,0.584375262260437,0.6541666388511658,0.6207358241081238,985,606590071,4,5
150001,1920,2250015,288001920,23520,0.6541666388511658,128,150000,1.0864982604980469,1920,17,5,500000,1000,,150001.0,0.6770833134651184,0.5843684673309326,0.65625,0.6207377910614014,991,606590071,4,5
151001,1920,2265015,289921920,23520,0.65625,128,151000,1.0903472900390625,1920,17,5,500000,1000,,151001.0,0.6770833134651184,0.5843735933303833,0.6520833373069763,0.6205794811248779,997,606590071,4,5
152001,1920,2280015,291841920,23520,0.6520833373069763,128,152000,1.100370168685913,1920,17,5,500000,1000,,152001.0,0.6781250238418579,0.5843686461448669,0.6520833373069763,0.6207187175750732,1002,606590071,4,5
153001,1920,2295015,293761920,23520,0.6520833373069763,128,153000,1.124122142791748,1920,17,5,500000,1000,,153001.0,0.6770833134651184,0.5843595862388611,0.6520833373069763,0.6210795044898987,1009,606590071,4,5
154001,1920,2310015,295681920,23520,0.6520833373069763,128,154000,1.1278588771820068,1920,17,5,500000,1000,,154001.0,0.6781250238418579,0.5843594670295715,0.6541666388511658,0.6204910278320312,1015,606590071,4,5
155001,1920,2325015,297601920,23520,0.6541666388511658,128,155000,1.1317369937896729,1920,17,5,500000,1000,,155001.0,0.6791666746139526,0.5843565464019775,0.6520833373069763,0.6209157705307007,1023,606590071,4,5
156001,1920,2340015,299521920,23520,0.6520833373069763,128,156000,1.1354608535766602,1920,17,5,500000,1000,,156001.0,0.6807291507720947,0.5843515992164612,0.6520833373069763,0.6209814548492432,1028,606590071,4,5
157001,1920,2355015,301441920,23520,0.6520833373069763,128,157000,1.1393918991088867,1920,17,5,500000,1000,,157001.0,0.6791666746139526,0.5843504667282104,0.6520833373069763,0.6210092902183533,1034,606590071,4,5
158001,1920,2370015,303361920,23520,0.6520833373069763,128,158000,1.143301010131836,1920,17,5,500000,1000,,158001.0,0.6776041388511658,0.5843535661697388,0.6541666388511658,0.6208955645561218,1040,606590071,4,5
159001,1920,2385015,305281920,23520,0.6541666388511658,128,159000,1.147057056427002,1920,17,5,500000,1000,,159001.0,0.6776041388511658,0.5843478441238403,0.6520833373069763,0.6211422085762024,1045,606590071,4,5
160001,1920,2400015,307201920,23520,0.6520833373069763,128,160000,1.1554110050201416,1920,17,5,500000,1000,,160001.0,0.6786458492279053,0.5843461751937866,0.6541666388511658,0.6209720373153687,1050,606590071,4,5
161001,1920,2415015,309121920,23520,0.6541666388511658,128,161000,1.1591289043426514,1920,17,5,500000,1000,,161001.0,0.6760416626930237,0.584344744682312,0.6520833373069763,0.6208239197731018,1055,606590071,4,5
162001,1920,2430015,311041920,23520,0.6520833373069763,128,162000,1.1637537479400635,1920,17,5,500000,1000,,162001.0,0.6776041388511658,0.5843437910079956,0.6520833373069763,0.6209242939949036,1060,606590071,4,5
163001,1920,2445015,312961920,23520,0.6520833373069763,128,163000,1.167651891708374,1920,17,5,500000,1000,,163001.0,0.6781250238418579,0.5843371152877808,0.6541666388511658,0.6207877993583679,1068,606590071,4,5
164001,1920,2460015,314881920,23520,0.6541666388511658,128,164000,1.1749348640441895,1920,17,5,500000,1000,,164001.0,0.6770833134651184,0.5843322277069092,0.6541666388511658,0.6208133101463318,1073,606590071,4,5
165001,1920,2475015,316801920,23520,0.6541666388511658,128,165000,1.1803736686706543,1920,17,5,500000,1000,,165001.0,0.6770833134651184,0.5843309760093689,0.6520833373069763,0.6210877299308777,1079,606590071,4,5
166001,1920,2490015,318721920,23520,0.6520833373069763,128,166000,1.184330701828003,1920,17,5,500000,1000,,166001.0,0.676562488079071,0.584330677986145,0.6520833373069763,0.6205320358276367,1085,606590071,4,5
167001,1920,2505015,320641920,23520,0.6520833373069763,128,167000,1.188248634338379,1920,17,5,500000,1000,,167001.0,0.6776041388511658,0.584322988986969,0.6541666388511658,0.6205612421035767,1091,606590071,4,5
168001,1920,2520015,322561920,23520,0.6541666388511658,128,168000,1.191976547241211,1920,17,5,500000,1000,,168001.0,0.6791666746139526,0.5843265652656555,0.6520833373069763,0.6210176348686218,1096,606590071,4,5
169001,1920,2535015,324481920,23520,0.6520833373069763,128,169000,1.2853813171386719,1920,17,5,500000,1000,,169001.0,0.6781250238418579,0.5843235850334167,0.6541666388511658,0.6212013959884644,1102,606590071,4,5
170001,1920,2550015,326401920,23520,0.6541666388511658,128,170000,1.289107322692871,1920,17,5,500000,1000,,170001.0,0.6770833134651184,0.5843180418014526,0.6499999761581421,0.6204864382743835,1107,606590071,4,5
171001,1920,2565015,328321920,23520,0.6499999761581421,128,171000,1.2931225299835205,1920,17,5,500000,1000,,171001.0,0.6770833134651184,0.5843154191970825,0.6541666388511658,0.6205595135688782,1113,606590071,4,5
172001,1920,2580015,330241920,23520,0.6541666388511658,128,172000,1.2968435287475586,1920,17,5,500000,1000,,172001.0,0.6776041388511658,0.5843125581741333,0.6541666388511658,0.6208446621894836,1119,606590071,4,5
173001,1920,2595015,332161920,23520,0.6541666388511658,128,173000,1.300546646118164,1920,17,5,500000,1000,,173001.0,0.676562488079071,0.5843124985694885,0.6520833373069763,0.6209866404533386,1128,606590071,4,5
174001,1920,2610015,334081920,23520,0.6520833373069763,128,174000,1.3052706718444824,1920,17,5,500000,1000,,174001.0,0.6760416626930237,0.584308385848999,0.6520833373069763,0.6207743287086487,1134,606590071,4,5
175001,1920,2625015,336001920,23520,0.6520833373069763,128,175000,1.3107006549835205,1920,17,5,500000,1000,,175001.0,0.6770833134651184,0.5843073129653931,0.6520833373069763,0.6206799149513245,1139,606590071,4,5
176001,1920,2640015,337921920,23520,0.6520833373069763,128,176000,1.3144176006317139,1920,17,5,500000,1000,,176001.0,0.6776041388511658,0.5843029618263245,0.65625,0.6208425760269165,1150,606590071,4,5
177001,1920,2655015,339841920,23520,0.65625,128,177000,1.3185076713562012,1920,17,5,500000,1000,,177001.0,0.6755208373069763,0.5843015313148499,0.6541666388511658,0.6209418177604675,1157,606590071,4,5
178001,1920,2670015,341761920,23520,0.6541666388511658,128,178000,1.3226215839385986,1920,17,5,500000,1000,,178001.0,0.6770833134651184,0.5842980742454529,0.6520833373069763,0.6208005547523499,1163,606590071,4,5
179001,1920,2685015,343681920,23520,0.6520833373069763,128,179000,1.3263556957244873,1920,17,5,500000,1000,,179001.0,0.6770833134651184,0.5842974781990051,0.6520833373069763,0.620955765247345,1168,606590071,4,5
180001,1920,2700015,345601920,23520,0.6520833373069763,128,180000,1.330249547958374,1920,17,5,500000,1000,,180001.0,0.6791666746139526,0.5842962265014648,0.6541666388511658,0.6211040019989014,1174,606590071,4,5
181001,1920,2715015,347521920,23520,0.6541666388511658,128,181000,1.3340835571289062,1920,17,5,500000,1000,,181001.0,0.6770833134651184,0.5842922329902649,0.6541666388511658,0.6209642887115479,1179,606590071,4,5
182001,1920,2730015,349441920,23520,0.6541666388511658,128,182000,1.338036298751831,1920,17,5,500000,1000,,182001.0,0.6781250238418579,0.5842942595481873,0.6520833373069763,0.6209712624549866,1186,606590071,4,5
183001,1920,2745015,351361920,23520,0.6520833373069763,128,183000,1.3417472839355469,1920,17,5,500000,1000,,183001.0,0.6770833134651184,0.5842927694320679,0.6541666388511658,0.6205088496208191,1191,606590071,4,5
184001,1920,2760015,353281920,23520,0.6541666388511658,128,184000,1.3454639911651611,1920,17,5,500000,1000,,184001.0,0.6776041388511658,0.5842845439910889,0.6541666388511658,0.6208794116973877,1197,606590071,4,5
185001,1920,2775015,355201920,23520,0.6541666388511658,128,185000,1.3493127822875977,1920,17,5,500000,1000,,185001.0,0.676562488079071,0.5842880010604858,0.6520833373069763,0.6209645867347717,1204,606590071,4,5
186001,1920,2790015,357121920,23520,0.6520833373069763,128,186000,1.3530657291412354,1920,17,5,500000,1000,,186001.0,0.676562488079071,0.5842844843864441,0.6520833373069763,0.6210070252418518,1210,606590071,4,5
187001,1920,2805015,359041920,23520,0.6520833373069763,128,187000,1.3572676181793213,1920,17,5,500000,1000,,187001.0,0.6770833134651184,0.584285318851471,0.6520833373069763,0.6210557222366333,1216,606590071,4,5
188001,1920,2820015,360961920,23520,0.6520833373069763,128,188000,1.4298489093780518,1920,17,5,500000,1000,,188001.0,0.6776041388511658,0.5842797756195068,0.6520833373069763,0.6211875081062317,1221,606590071,4,5
189001,1920,2835015,362881920,23520,0.6520833373069763,128,189000,1.433717966079712,1920,17,5,500000,1000,,189001.0,0.676562488079071,0.5842769742012024,0.6520833373069763,0.6211557984352112,1226,606590071,4,5
190001,1920,2850015,364801920,23520,0.6520833373069763,128,190000,1.4374339580535889,1920,17,5,500000,1000,,190001.0,0.676562488079071,0.5842777490615845,0.6520833373069763,0.6206427812576294,1231,606590071,4,5
191001,1920,2865015,366721920,23520,0.6520833373069763,128,191000,1.441148042678833,1920,17,5,500000,1000,,191001.0,0.6770833134651184,0.5842756628990173,0.6541666388511658,0.620445966720581,1237,606590071,4,5
192001,1920,2880015,368641920,23520,0.6541666388511658,128,192000,1.459150791168213,1920,17,5,500000,1000,,192001.0,0.6781250238418579,0.5842733383178711,0.6541666388511658,0.6206474304199219,1245,606590071,4,5
193001,1920,2895015,370561920,23520,0.6541666388511658,128,193000,1.4628639221191406,1920,17,5,500000,1000,,193001.0,0.676562488079071,0.5842692255973816,0.6541666388511658,0.6205911636352539,1251,606590071,4,5
194001,1920,2910015,372481920,23520,0.6541666388511658,128,194000,1.4725186824798584,1920,17,5,500000,1000,,194001.0,0.676562488079071,0.5842676758766174,0.6541666388511658,0.6204724907875061,1258,606590071,4,5
195001,1920,2925015,374401920,23520,0.6541666388511658,128,195000,1.4763224124908447,1920,17,5,500000,1000,,195001.0,0.676562488079071,0.5842667818069458,0.6520833373069763,0.6205958724021912,1267,606590071,4,5
196001,1920,2940015,376321920,23520,0.6520833373069763,128,196000,1.481079339981079,1920,17,5,500000,1000,,196001.0,0.676562488079071,0.5842649936676025,0.65625,0.6204360723495483,1272,606590071,4,5
197001,1920,2955015,378241920,23520,0.65625,128,197000,1.48486328125,1920,17,5,500000,1000,,197001.0,0.6770833134651184,0.5842627286911011,0.65625,0.6206207275390625,1276,606590071,4,5
198001,1920,2970015,380161920,23520,0.65625,128,198000,1.4888722896575928,1920,17,5,500000,1000,,198001.0,0.6786458492279053,0.584265410900116,0.6541666388511658,0.620471179485321,1280,606590071,4,5
199001,1920,2985015,382081920,23520,0.6541666388511658,128,199000,1.4926822185516357,1920,17,5,500000,1000,,199001.0,0.6781250238418579,0.5842582583427429,0.6541666388511658,0.6203815937042236,1284,606590071,4,5
200001,1920,3000015,384001920,23520,0.6541666388511658,128,200000,1.496460199356079,1920,17,5,500000,1000,,200001.0,0.6776041388511658,0.5842552185058594,0.6520833373069763,0.6203681230545044,1288,606590071,4,5
201001,1920,3015015,385921920,23520,0.6520833373069763,128,201000,1.5005772113800049,1920,17,5,500000,1000,,201001.0,0.6786458492279053,0.5842553377151489,0.6541666388511658,0.6204211115837097,1292,606590071,4,5
202001,1920,3030015,387841920,23520,0.6541666388511658,128,202000,1.504352331161499,1920,17,5,500000,1000,,202001.0,0.676562488079071,0.5842522978782654,0.6541666388511658,0.6208156943321228,1296,606590071,4,5
203001,1920,3045015,389761920,23520,0.6541666388511658,128,203000,1.5081703662872314,1920,17,5,500000,1000,,203001.0,0.6776041388511658,0.5842521786689758,0.6520833373069763,0.6206626892089844,1300,606590071,4,5
204001,1920,3060015,391681920,23520,0.6520833373069763,128,204000,1.5119545459747314,1920,17,5,500000,1000,,204001.0,0.6770833134651184,0.584252655506134,0.6520833373069763,0.6210247874259949,1304,606590071,4,5
205001,1920,3075015,393601920,23520,0.6520833373069763,128,205000,1.5158674716949463,1920,17,5,500000,1000,,205001.0,0.6770833134651184,0.5842500329017639,0.65625,0.6211583614349365,1308,606590071,4,5
206001,1920,3090015,395521920,23520,0.65625,128,206000,1.5196244716644287,1920,17,5,500000,1000,,206001.0,0.6781250238418579,0.5842450261116028,0.6541666388511658,0.6208989024162292,1312,606590071,4,5
207001,1920,3105015,397441920,23520,0.6541666388511658,128,207000,1.5234172344207764,1920,17,5,500000,1000,,207001.0,0.676562488079071,0.5842448472976685,0.6520833373069763,0.621076226234436,1316,606590071,4,5
208001,1920,3120015,399361920,23520,0.6520833373069763,128,208000,1.5272011756896973,1920,17,5,500000,1000,,208001.0,0.6776041388511658,0.5842429399490356,0.6541666388511658,0.6211354732513428,1320,606590071,4,5
209001,1920,3135015,401281920,23520,0.6541666388511658,128,209000,1.531095027923584,1920,17,5,500000,1000,,209001.0,0.6776041388511658,0.5842414498329163,0.6520833373069763,0.6212372183799744,1323,606590071,4,5
210001,1920,3150015,403201920,23520,0.6520833373069763,128,210000,1.5349578857421875,1920,17,5,500000,1000,,210001.0,0.6776041388511658,0.5842382907867432,0.6520833373069763,0.6207831501960754,1327,606590071,4,5
211001,1920,3165015,405121920,23520,0.6520833373069763,128,211000,1.5387470722198486,1920,17,5,500000,1000,,211001.0,0.6776041388511658,0.584239661693573,0.6520833373069763,0.6208955645561218,1331,606590071,4,5
212001,1920,3180015,407041920,23520,0.6520833373069763,128,212000,1.5425219535827637,1920,17,5,500000,1000,,212001.0,0.6786458492279053,0.5842354893684387,0.6520833373069763,0.6208356022834778,1335,606590071,4,5
213001,1920,3195015,408961920,23520,0.6520833373069763,128,213000,1.5465209484100342,1920,17,5,500000,1000,,213001.0,0.6791666746139526,0.5842350721359253,0.6520833373069763,0.6208134293556213,1339,606590071,4,5
214001,1920,3210015,410881920,23520,0.6520833373069763,128,214000,1.5502939224243164,1920,17,5,500000,1000,,214001.0,0.6781250238418579,0.5842325687408447,0.6520833373069763,0.6205438375473022,1343,606590071,4,5
215001,1920,3225015,412801920,23520,0.6520833373069763,128,215000,1.5540978908538818,1920,17,5,500000,1000,,215001.0,0.6791666746139526,0.5842295289039612,0.6520833373069763,0.6207019090652466,1347,606590071,4,5
216001,1920,3240015,414721920,23520,0.6520833373069763,128,216000,1.5579097270965576,1920,17,5,500000,1000,,216001.0,0.6781250238418579,0.5842331647872925,0.6520833373069763,0.6209487915039062,1351,606590071,4,5
217001,1920,3255015,416641920,23520,0.6520833373069763,128,217000,1.5619666576385498,1920,17,5,500000,1000,,217001.0,0.6807291507720947,0.5842266082763672,0.6541666388511658,0.6206899285316467,1355,606590071,4,5
218001,1920,3270015,418561920,23520,0.6541666388511658,128,218000,1.5657563209533691,1920,17,5,500000,1000,,218001.0,0.6807291507720947,0.5842269062995911,0.65625,0.6208679676055908,1358,606590071,4,5
219001,1920,3285015,420481920,23520,0.65625,128,219000,1.5698013305664062,1920,17,5,500000,1000,,219001.0,0.6786458492279053,0.5842238068580627,0.6541666388511658,0.620517373085022,1362,606590071,4,5
220001,1920,3300015,422401920,23520,0.6541666388511658,128,220000,1.5738072395324707,1920,17,5,500000,1000,,220001.0,0.6770833134651184,0.584223210811615,0.6520833373069763,0.6207007765769958,1366,606590071,4,5
221001,1920,3315015,424321920,23520,0.6520833373069763,128,221000,1.5776071548461914,1920,17,5,500000,1000,,221001.0,0.6776041388511658,0.584222674369812,0.6520833373069763,0.6208575367927551,1370,606590071,4,5
222001,1920,3330015,426241920,23520,0.6520833373069763,128,222000,1.581437110900879,1920,17,5,500000,1000,,222001.0,0.676562488079071,0.5842190980911255,0.6520833373069763,0.620701789855957,1374,606590071,4,5
223001,1920,3345015,428161920,23520,0.6520833373069763,128,223000,1.585231065750122,1920,17,5,500000,1000,,223001.0,0.6786458492279053,0.5842230916023254,0.6541666388511658,0.6207563877105713,1378,606590071,4,5
224001,1920,3360015,430081920,23520,0.6541666388511658,128,224000,1.5890371799468994,1920,17,5,500000,1000,,224001.0,0.6781250238418579,0.584217369556427,0.6520833373069763,0.620908796787262,1382,606590071,4,5
225001,1920,3375015,432001920,23520,0.6520833373069763,128,225000,1.59281325340271,1920,17,5,500000,1000,,225001.0,0.6791666746139526,0.5842140316963196,0.6541666388511658,0.6209195852279663,1386,606590071,4,5
226001,1920,3390015,433921920,23520,0.6541666388511658,128,226000,1.5971872806549072,1920,17,5,500000,1000,,226001.0,0.6796875,0.5842121243476868,0.6520833373069763,0.620796799659729,1390,606590071,4,5
227001,1920,3405015,435841920,23520,0.6520833373069763,128,227000,1.601013422012329,1920,17,5,500000,1000,,227001.0,0.6786458492279053,0.5842134952545166,0.6520833373069763,0.6209874749183655,1394,606590071,4,5
228001,1920,3420015,437761920,23520,0.6520833373069763,128,228000,1.6048145294189453,1920,17,5,500000,1000,,228001.0,0.676562488079071,0.5842110514640808,0.6520833373069763,0.6208640933036804,1397,606590071,4,5
229001,1920,3435015,439681920,23520,0.6520833373069763,128,229000,1.6088075637817383,1920,17,5,500000,1000,,229001.0,0.676562488079071,0.5842067003250122,0.6541666388511658,0.6205801367759705,1401,606590071,4,5
230001,1920,3450015,441601920,23520,0.6541666388511658,128,230000,1.612633466720581,1920,17,5,500000,1000,,230001.0,0.6760416626930237,0.5842053890228271,0.65625,0.6208598017692566,1405,606590071,4,5
231001,1920,3465015,443521920,23520,0.65625,128,231000,1.6165246963500977,1920,17,5,500000,1000,,231001.0,0.6791666746139526,0.5842060446739197,0.6520833373069763,0.620823085308075,1409,606590071,4,5
232001,1920,3480015,445441920,23520,0.6520833373069763,128,232000,1.6204109191894531,1920,17,5,500000,1000,,232001.0,0.6781250238418579,0.5842031836509705,0.6520833373069763,0.6206730008125305,1413,606590071,4,5
233001,1920,3495015,447361920,23520,0.6520833373069763,128,233000,1.6242430210113525,1920,17,5,500000,1000,,233001.0,0.6781250238418579,0.5842004418373108,0.65625,0.6206362843513489,1417,606590071,4,5
234001,1920,3510015,449281920,23520,0.65625,128,234000,1.6281418800354004,1920,17,5,500000,1000,,234001.0,0.6760416626930237,0.5841988325119019,0.6541666388511658,0.6206677556037903,1421,606590071,4,5
235001,1920,3525015,451201920,23520,0.6541666388511658,128,235000,1.6320469379425049,1920,17,5,500000,1000,,235001.0,0.676562488079071,0.5841981768608093,0.6541666388511658,0.6208577752113342,1425,606590071,4,5
236001,1920,3540015,453121920,23520,0.6541666388511658,128,236000,1.6359679698944092,1920,17,5,500000,1000,,236001.0,0.6776041388511658,0.5841950178146362,0.6541666388511658,0.6204997301101685,1429,606590071,4,5
237001,1920,3555015,455041920,23520,0.6541666388511658,128,237000,1.6397943496704102,1920,17,5,500000,1000,,237001.0,0.6776041388511658,0.5841951966285706,0.6541666388511658,0.6207460165023804,1433,606590071,4,5
238001,1920,3570015,456961920,23520,0.6541666388511658,128,238000,1.6435935497283936,1920,17,5,500000,1000,,238001.0,0.676562488079071,0.5841929316520691,0.6520833373069763,0.620521605014801,1437,606590071,4,5
239001,1920,3585015,458881920,23520,0.6520833373069763,128,239000,1.6474175453186035,1920,17,5,500000,1000,,239001.0,0.6776041388511658,0.5841925144195557,0.6520833373069763,0.6207947134971619,1440,606590071,4,5
240001,1920,3600015,460801920,23520,0.6520833373069763,128,240000,1.6512775421142578,1920,17,5,500000,1000,,240001.0,0.6770833134651184,0.5841918587684631,0.6541666388511658,0.6210876703262329,1444,606590071,4,5
241001,1920,3615015,462721920,23520,0.6541666388511658,128,241000,1.655085563659668,1920,17,5,500000,1000,,241001.0,0.6770833134651184,0.58418869972229,0.6541666388511658,0.6209072470664978,1448,606590071,4,5
242001,1920,3630015,464641920,23520,0.6541666388511658,128,242000,1.6592745780944824,1920,17,5,500000,1000,,242001.0,0.6781250238418579,0.5841883420944214,0.6520833373069763,0.6205425262451172,1452,606590071,4,5
243001,1920,3645015,466561920,23520,0.6520833373069763,128,243000,1.6632225513458252,1920,17,5,500000,1000,,243001.0,0.6781250238418579,0.5841867327690125,0.65625,0.620711088180542,1456,606590071,4,5
244001,1920,3660015,468481920,23520,0.65625,128,244000,1.6669626235961914,1920,17,5,500000,1000,,244001.0,0.6786458492279053,0.5841872096061707,0.6541666388511658,0.6209473013877869,1460,606590071,4,5
245001,1920,3675015,470401920,23520,0.6541666388511658,128,245000,1.6707665920257568,1920,17,5,500000,1000,,245001.0,0.6781250238418579,0.5841861963272095,0.6541666388511658,0.620919406414032,1464,606590071,4,5
246001,1920,3690015,472321920,23520,0.6541666388511658,128,246000,1.6746165752410889,1920,17,5,500000,1000,,246001.0,0.6776041388511658,0.584182858467102,0.6541666388511658,0.6207498908042908,1467,606590071,4,5
247001,1920,3705015,474241920,23520,0.6541666388511658,128,247000,1.6783485412597656,1920,17,5,500000,1000,,247001.0,0.676562488079071,0.5841817259788513,0.65625,0.6206734776496887,1471,606590071,4,5
248001,1920,3720015,476161920,23520,0.65625,128,248000,1.6821284294128418,1920,17,5,500000,1000,,248001.0,0.6755208373069763,0.5841814279556274,0.6499999761581421,0.6206428408622742,1475,606590071,4,5
249001,1920,3735015,478081920,23520,0.6499999761581421,128,249000,1.6859214305877686,1920,17,5,500000,1000,,249001.0,0.6770833134651184,0.5841845870018005,0.6520833373069763,0.6207353472709656,1479,606590071,4,5
250001,1920,3750015,480001920,23520,0.6520833373069763,128,250000,1.6899733543395996,1920,17,5,500000,1000,,250001.0,0.6791666746139526,0.5841778516769409,0.6541666388511658,0.6208927631378174,1483,606590071,4,5
251001,1920,3765015,481921920,23520,0.6541666388511658,128,251000,1.6937451362609863,1920,17,5,500000,1000,,251001.0,0.6791666746139526,0.5841802954673767,0.6520833373069763,0.6207823157310486,1487,606590071,4,5
252001,1920,3780015,483841920,23520,0.6520833373069763,128,252000,1.6975181102752686,1920,17,5,500000,1000,,252001.0,0.6781250238418579,0.5841789841651917,0.6520833373069763,0.620599091053009,1491,606590071,4,5
253001,1920,3795015,485761920,23520,0.6520833373069763,128,253000,1.7012557983398438,1920,17,5,500000,1000,,253001.0,0.6776041388511658,0.584181010723114,0.6520833373069763,0.621210515499115,1495,606590071,4,5
254001,1920,3810015,487681920,23520,0.6520833373069763,128,254000,1.7050848007202148,1920,17,5,500000,1000,,254001.0,0.6776041388511658,0.5841805934906006,0.6520833373069763,0.6207881569862366,1498,606590071,4,5
255001,1920,3825015,489601920,23520,0.6520833373069763,128,255000,1.7088348865509033,1920,17,5,500000,1000,,255001.0,0.6786458492279053,0.5841743350028992,0.6541666388511658,0.621067464351654,1502,606590071,4,5
256001,1920,3840015,491521920,23520,0.6541666388511658,128,256000,1.7125799655914307,1920,17,5,500000,1000,,256001.0,0.6786458492279053,0.584173321723938,0.6520833373069763,0.621165931224823,1506,606590071,4,5
257001,1920,3855015,493441920,23520,0.6520833373069763,128,257000,1.716352939605713,1920,17,5,500000,1000,,257001.0,0.6770833134651184,0.5841712951660156,0.6541666388511658,0.6209602355957031,1510,606590071,4,5
258001,1920,3870015,495361920,23520,0.6541666388511658,128,258000,1.7209768295288086,1920,17,5,500000,1000,,258001.0,0.6755208373069763,0.584168553352356,0.65625,0.6208211183547974,1514,606590071,4,5
259001,1920,3885015,497281920,23520,0.65625,128,259000,1.7249538898468018,1920,17,5,500000,1000,,259001.0,0.675000011920929,0.5841714143753052,0.65625,0.6206055283546448,1518,606590071,4,5
260001,1920,3900015,499201920,23520,0.65625,128,260000,1.7286617755889893,1920,17,5,500000,1000,,260001.0,0.6791666746139526,0.5841690897941589,0.6520833373069763,0.6203924417495728,1522,606590071,4,5
261001,1920,3915015,501121920,23520,0.6520833373069763,128,261000,1.732424020767212,1920,17,5,500000,1000,,261001.0,0.6812499761581421,0.5841675400733948,0.6541666388511658,0.6208025813102722,1525,606590071,4,5
262001,1920,3930015,503041920,23520,0.6541666388511658,128,262000,1.7363228797912598,1920,17,5,500000,1000,,262001.0,0.6781250238418579,0.5841644406318665,0.6541666388511658,0.621017336845398,1529,606590071,4,5
263001,1920,3945015,504961920,23520,0.6541666388511658,128,263000,1.7402098178863525,1920,17,5,500000,1000,,263001.0,0.6786458492279053,0.5841671824455261,0.6541666388511658,0.6210786700248718,1533,606590071,4,5
264001,1920,3960015,506881920,23520,0.6541666388511658,128,264000,1.7440049648284912,1920,17,5,500000,1000,,264001.0,0.6776041388511658,0.5841658115386963,0.6520833373069763,0.6210225820541382,1537,606590071,4,5
265001,1920,3975015,508801920,23520,0.6520833373069763,128,265000,1.7477688789367676,1920,17,5,500000,1000,,265001.0,0.6776041388511658,0.5841655135154724,0.6520833373069763,0.620945930480957,1541,606590071,4,5
266001,1920,3990015,510721920,23520,0.6520833373069763,128,266000,1.7519540786743164,1920,17,5,500000,1000,,266001.0,0.6776041388511658,0.58416348695755,0.6541666388511658,0.6209668517112732,1545,606590071,4,5
267001,1920,4005015,512641920,23520,0.6541666388511658,128,267000,1.755749225616455,1920,17,5,500000,1000,,267001.0,0.6776041388511658,0.5841597318649292,0.6520833373069763,0.6208946704864502,1549,606590071,4,5
268001,1920,4020015,514561920,23520,0.6520833373069763,128,268000,1.7594952583312988,1920,17,5,500000,1000,,268001.0,0.6770833134651184,0.5841591358184814,0.6541666388511658,0.6210882067680359,1553,606590071,4,5
269001,1920,4035015,516481920,23520,0.6541666388511658,128,269000,1.763291358947754,1920,17,5,500000,1000,,269001.0,0.6770833134651184,0.5841618180274963,0.6541666388511658,0.6208916902542114,1556,606590071,4,5
270001,1920,4050015,518401920,23520,0.6541666388511658,128,270000,1.7671175003051758,1920,17,5,500000,1000,,270001.0,0.676562488079071,0.5841556191444397,0.6541666388511658,0.6208049058914185,1560,606590071,4,5
271001,1920,4065015,520321920,23520,0.6541666388511658,128,271000,1.7711362838745117,1920,17,5,500000,1000,,271001.0,0.6776041388511658,0.5841557383537292,0.6520833373069763,0.6211553812026978,1564,606590071,4,5
272001,1920,4080015,522241920,23520,0.6520833373069763,128,272000,1.7748875617980957,1920,17,5,500000,1000,,272001.0,0.6770833134651184,0.5841559767723083,0.6541666388511658,0.6208095550537109,1568,606590071,4,5
273001,1920,4095015,524161920,23520,0.6541666388511658,128,273000,1.778698205947876,1920,17,5,500000,1000,,273001.0,0.6807291507720947,0.5841533541679382,0.6541666388511658,0.6211730241775513,1572,606590071,4,5
274001,1920,4110015,526081920,23520,0.6541666388511658,128,274000,1.7824912071228027,1920,17,5,500000,1000,,274001.0,0.6796875,0.5841524004936218,0.6520833373069763,0.621135950088501,1576,606590071,4,5
275001,1920,4125015,528001920,23520,0.6520833373069763,128,275000,1.7863233089447021,1920,17,5,500000,1000,,275001.0,0.6776041388511658,0.584155797958374,0.6541666388511658,0.6207593679428101,1580,606590071,4,5
276001,1920,4140015,529921920,23520,0.6541666388511658,128,276000,1.7900993824005127,1920,17,5,500000,1000,,276001.0,0.6776041388511658,0.5841532349586487,0.6520833373069763,0.6209461092948914,1584,606590071,4,5
277001,1920,4155015,531841920,23520,0.6520833373069763,128,277000,1.7938952445983887,1920,17,5,500000,1000,,277001.0,0.6802083253860474,0.5841504335403442,0.6541666388511658,0.6206837296485901,1587,606590071,4,5
278001,1920,4170015,533761920,23520,0.6541666388511658,128,278000,1.797684907913208,1920,17,5,500000,1000,,278001.0,0.6776041388511658,0.5841459035873413,0.6541666388511658,0.6207773685455322,1591,606590071,4,5
279001,1920,4185015,535681920,23520,0.6541666388511658,128,279000,1.8014500141143799,1920,17,5,500000,1000,,279001.0,0.6802083253860474,0.5841461420059204,0.6541666388511658,0.6205271482467651,1595,606590071,4,5
280001,1920,4200015,537601920,23520,0.6541666388511658,128,280000,1.8052880764007568,1920,17,5,500000,1000,,280001.0,0.6786458492279053,0.5841497778892517,0.6520833373069763,0.6207159757614136,1599,606590071,4,5
281001,1920,4215015,539521920,23520,0.6520833373069763,128,281000,1.80926513671875,1920,17,5,500000,1000,,281001.0,0.6770833134651184,0.5841483473777771,0.6520833373069763,0.6205393075942993,1604,606590071,4,5
282001,1920,4230015,541441920,23520,0.6520833373069763,128,282000,1.8130979537963867,1920,17,5,500000,1000,,282001.0,0.6781250238418579,0.584143877029419,0.6541666388511658,0.620895266532898,1608,606590071,4,5
283001,1920,4245015,543361920,23520,0.6541666388511658,128,283000,1.817072868347168,1920,17,5,500000,1000,,283001.0,0.6791666746139526,0.5841448903083801,0.6520833373069763,0.6210489273071289,1612,606590071,4,5
284001,1920,4260015,545281920,23520,0.6520833373069763,128,284000,1.8209288120269775,1920,17,5,500000,1000,,284001.0,0.6776041388511658,0.5841425061225891,0.6520833373069763,0.6210595369338989,1616,606590071,4,5
285001,1920,4275015,547201920,23520,0.6520833373069763,128,285000,1.8247778415679932,1920,17,5,500000,1000,,285001.0,0.6786458492279053,0.5841413140296936,0.6520833373069763,0.6211309432983398,1620,606590071,4,5
286001,1920,4290015,549121920,23520,0.6520833373069763,128,286000,1.828575611114502,1920,17,5,500000,1000,,286001.0,0.6776041388511658,0.584139883518219,0.6520833373069763,0.621183454990387,1624,606590071,4,5
287001,1920,4305015,551041920,23520,0.6520833373069763,128,287000,1.8325104713439941,1920,17,5,500000,1000,,287001.0,0.676562488079071,0.5841394662857056,0.6520833373069763,0.6210244297981262,1628,606590071,4,5
288001,1920,4320015,552961920,23520,0.6520833373069763,128,288000,1.8365147113800049,1920,17,5,500000,1000,,288001.0,0.676562488079071,0.5841371417045593,0.6541666388511658,0.6208494305610657,1632,606590071,4,5
289001,1920,4335015,554881920,23520,0.6541666388511658,128,289000,1.8403148651123047,1920,17,5,500000,1000,,289001.0,0.6770833134651184,0.584135890007019,0.6520833373069763,0.6206465363502502,1636,606590071,4,5
290001,1920,4350015,556801920,23520,0.6520833373069763,128,290000,1.8441386222839355,1920,17,5,500000,1000,,290001.0,0.6776041388511658,0.5841353535652161,0.6541666388511658,0.6207849979400635,1640,606590071,4,5
291001,1920,4365015,558721920,23520,0.6541666388511658,128,291000,1.8479726314544678,1920,17,5,500000,1000,,291001.0,0.6760416626930237,0.584134042263031,0.6520833373069763,0.6208465695381165,1644,606590071,4,5
292001,1920,4380015,560641920,23520,0.6520833373069763,128,292000,1.8518037796020508,1920,17,5,500000,1000,,292001.0,0.676562488079071,0.5841332077980042,0.6520833373069763,0.620814859867096,1648,606590071,4,5
293001,1920,4395015,562561920,23520,0.6520833373069763,128,293000,1.856475830078125,1920,17,5,500000,1000,,293001.0,0.6770833134651184,0.5841314196586609,0.6520833373069763,0.6208800077438354,1652,606590071,4,5
294001,1920,4410015,564481920,23520,0.6520833373069763,128,294000,1.8606219291687012,1920,17,5,500000,1000,,294001.0,0.6791666746139526,0.584130585193634,0.6541666388511658,0.6209097504615784,1656,606590071,4,5
295001,1920,4425015,566401920,23520,0.6541666388511658,128,295000,1.8649730682373047,1920,17,5,500000,1000,,295001.0,0.6791666746139526,0.5841295719146729,0.6541666388511658,0.6208083033561707,1660,606590071,4,5
296001,1920,4440015,568321920,23520,0.6541666388511658,128,296000,1.8688900470733643,1920,17,5,500000,1000,,296001.0,0.6776041388511658,0.584128201007843,0.65625,0.6207467317581177,1664,606590071,4,5
297001,1920,4455015,570241920,23520,0.65625,128,297000,1.8726787567138672,1920,17,5,500000,1000,,297001.0,0.6776041388511658,0.5841267108917236,0.6541666388511658,0.6207854151725769,1668,606590071,4,5
298001,1920,4470015,572161920,23520,0.6541666388511658,128,298000,1.8764758110046387,1920,17,5,500000,1000,,298001.0,0.6770833134651184,0.584126889705658,0.6541666388511658,0.6209264993667603,1672,606590071,4,5
299001,1920,4485015,574081920,23520,0.6541666388511658,128,299000,1.8802778720855713,1920,17,5,500000,1000,,299001.0,0.6786458492279053,0.5841276049613953,0.6541666388511658,0.6209589838981628,1676,606590071,4,5
300001,1920,4500015,576001920,23520,0.6541666388511658,128,300000,1.8840818405151367,1920,17,5,500000,1000,,300001.0,0.6776041388511658,0.5841264128684998,0.6520833373069763,0.6206734776496887,1680,606590071,4,5
301001,1920,4515015,577921920,23520,0.6520833373069763,128,301000,1.8879618644714355,1920,17,5,500000,1000,,301001.0,0.676562488079071,0.5841225385665894,0.6541666388511658,0.6204330325126648,1684,606590071,4,5
302001,1920,4530015,579841920,23520,0.6541666388511658,128,302000,1.8918957710266113,1920,17,5,500000,1000,,302001.0,0.676562488079071,0.5841237902641296,0.6520833373069763,0.620743453502655,1688,606590071,4,5
303001,1920,4545015,581761920,23520,0.6520833373069763,128,303000,1.8957839012145996,1920,17,5,500000,1000,,303001.0,0.6786458492279053,0.5841214656829834,0.6520833373069763,0.6206855773925781,1692,606590071,4,5
304001,1920,4560015,583681920,23520,0.6520833373069763,128,304000,1.899545669555664,1920,17,5,500000,1000,,304001.0,0.6776041388511658,0.5841214060783386,0.6520833373069763,0.6213996410369873,1696,606590071,4,5
305001,1920,4575015,585601920,23520,0.6520833373069763,128,305000,1.9033186435699463,1920,17,5,500000,1000,,305001.0,0.676562488079071,0.5841239094734192,0.6541666388511658,0.6210161447525024,1699,606590071,4,5
306001,1920,4590015,587521920,23520,0.6541666388511658,128,306000,1.9071218967437744,1920,17,5,500000,1000,,306001.0,0.676562488079071,0.584119975566864,0.6520833373069763,0.6208811402320862,1703,606590071,4,5
307001,1920,4605015,589441920,23520,0.6520833373069763,128,307000,1.9108879566192627,1920,17,5,500000,1000,,307001.0,0.676562488079071,0.5841149091720581,0.6541666388511658,0.6210660338401794,1707,606590071,4,5
308001,1920,4620015,591361920,23520,0.6541666388511658,128,308000,1.914778709411621,1920,17,5,500000,1000,,308001.0,0.6776041388511658,0.5841169953346252,0.6520833373069763,0.6206027865409851,1711,606590071,4,5
309001,1920,4635015,593281920,23520,0.6520833373069763,128,309000,1.9186487197875977,1920,17,5,500000,1000,,309001.0,0.6770833134651184,0.5841203331947327,0.6520833373069763,0.6205592751502991,1715,606590071,4,5
310001,1920,4650015,595201920,23520,0.6520833373069763,128,310000,1.9224345684051514,1920,17,5,500000,1000,,310001.0,0.6770833134651184,0.5841173529624939,0.6541666388511658,0.6204659938812256,1719,606590071,4,5
311001,1920,4665015,597121920,23520,0.6541666388511658,128,311000,1.9262785911560059,1920,17,5,500000,1000,,311001.0,0.6781250238418579,0.5841183066368103,0.6520833373069763,0.6208229064941406,1723,606590071,4,5
312001,1920,4680015,599041920,23520,0.6520833373069763,128,312000,1.9303607940673828,1920,17,5,500000,1000,,312001.0,0.676562488079071,0.5841179490089417,0.6541666388511658,0.6206603646278381,1727,606590071,4,5
313001,1920,4695015,600961920,23520,0.6541666388511658,128,313000,1.9341626167297363,1920,17,5,500000,1000,,313001.0,0.6776041388511658,0.5841141939163208,0.6541666388511658,0.6206527948379517,1730,606590071,4,5
314001,1920,4710015,602881920,23520,0.6541666388511658,128,314000,1.9379847049713135,1920,17,5,500000,1000,,314001.0,0.6791666746139526,0.5841118097305298,0.6541666388511658,0.6208372116088867,1734,606590071,4,5
315001,1920,4725015,604801920,23520,0.6541666388511658,128,315000,1.941856861114502,1920,17,5,500000,1000,,315001.0,0.6786458492279053,0.5841141939163208,0.6520833373069763,0.6210625767707825,1738,606590071,4,5
316001,1920,4740015,606721920,23520,0.6520833373069763,128,316000,1.9457449913024902,1920,17,5,500000,1000,,316001.0,0.6755208373069763,0.5841105580329895,0.6541666388511658,0.620960533618927,1742,606590071,4,5
317001,1920,4755015,608641920,23520,0.6541666388511658,128,317000,1.9495370388031006,1920,17,5,500000,1000,,317001.0,0.676562488079071,0.5841094255447388,0.6541666388511658,0.6210561990737915,1746,606590071,4,5
318001,1920,4770015,610561920,23520,0.6541666388511658,128,318000,1.9533472061157227,1920,17,5,500000,1000,,318001.0,0.6786458492279053,0.5841086506843567,0.6520833373069763,0.6211227774620056,1750,606590071,4,5
319001,1920,4785015,612481920,23520,0.6520833373069763,128,319000,1.9571533203125,1920,17,5,500000,1000,,319001.0,0.6755208373069763,0.584106981754303,0.6541666388511658,0.6211429238319397,1754,606590071,4,5
320001,1920,4800015,614401920,23520,0.6541666388511658,128,320000,1.9610865116119385,1920,17,5,500000,1000,,320001.0,0.6776041388511658,0.5841098427772522,0.6541666388511658,0.6211663484573364,1758,606590071,4,5
321001,1920,4815015,616321920,23520,0.6541666388511658,128,321000,1.9648888111114502,1920,17,5,500000,1000,,321001.0,0.6776041388511658,0.5841094851493835,0.6541666388511658,0.621020495891571,1761,606590071,4,5
322001,1920,4830015,618241920,23520,0.6541666388511658,128,322000,1.9687068462371826,1920,17,5,500000,1000,,322001.0,0.6796875,0.5841073393821716,0.6520833373069763,0.6212279200553894,1765,606590071,4,5
323001,1920,4845015,620161920,23520,0.6520833373069763,128,323000,1.9725029468536377,1920,17,5,500000,1000,,323001.0,0.6791666746139526,0.5841051340103149,0.6520833373069763,0.621002197265625,1769,606590071,4,5
324001,1920,4860015,622081920,23520,0.6520833373069763,128,324000,1.9763038158416748,1920,17,5,500000,1000,,324001.0,0.6760416626930237,0.5841032266616821,0.6499999761581421,0.6210048794746399,1773,606590071,4,5
325001,1920,4875015,624001920,23520,0.6499999761581421,128,325000,1.9801018238067627,1920,17,5,500000,1000,,325001.0,0.6791666746139526,0.5841055512428284,0.6520833373069763,0.6211908459663391,1777,606590071,4,5
326001,1920,4890015,625921920,23520,0.6520833373069763,128,326000,1.983935832977295,1920,17,5,500000,1000,,326001.0,0.6770833134651184,0.5841042399406433,0.6520833373069763,0.621184229850769,1781,606590071,4,5
327001,1920,4905015,627841920,23520,0.6520833373069763,128,327000,1.98779296875,1920,17,5,500000,1000,,327001.0,0.6791666746139526,0.5841000080108643,0.6520833373069763,0.6212367415428162,1784,606590071,4,5
328001,1920,4920015,629761920,23520,0.6520833373069763,128,328000,1.9915308952331543,1920,17,5,500000,1000,,328001.0,0.6791666746139526,0.5841007828712463,0.6541666388511658,0.6209875345230103,1788,606590071,4,5
329001,1920,4935015,631681920,23520,0.6541666388511658,128,329000,1.995330572128296,1920,17,5,500000,1000,,329001.0,0.6770833134651184,0.5841014981269836,0.6520833373069763,0.6210705637931824,1792,606590071,4,5
330001,1920,4950015,633601920,23520,0.6520833373069763,128,330000,1.999133825302124,1920,17,5,500000,1000,,330001.0,0.6786458492279053,0.5841005444526672,0.6520833373069763,0.6209347248077393,1796,606590071,4,5
331001,1920,4965015,635521920,23520,0.6520833373069763,128,331000,2.0032591819763184,1920,17,5,500000,1000,,331001.0,0.6786458492279053,0.5840974450111389,0.65625,0.6210381388664246,1800,606590071,4,5
332001,1920,4980015,637441920,23520,0.65625,128,332000,2.007573366165161,1920,17,5,500000,1000,,332001.0,0.6776041388511658,0.5840997099876404,0.6499999761581421,0.6208934783935547,1804,606590071,4,5
333001,1920,4995015,639361920,23520,0.6499999761581421,128,333000,2.0113542079925537,1920,17,5,500000,1000,,333001.0,0.6781250238418579,0.5840981006622314,0.6499999761581421,0.6205255389213562,1808,606590071,4,5
334001,1920,5010015,641281920,23520,0.6499999761581421,128,334000,2.015160322189331,1920,17,5,500000,1000,,334001.0,0.6781250238418579,0.5840960144996643,0.6520833373069763,0.6208590865135193,1812,606590071,4,5
335001,1920,5025015,643201920,23520,0.6520833373069763,128,335000,2.0197954177856445,1920,17,5,500000,1000,,335001.0,0.676562488079071,0.5840948820114136,0.6541666388511658,0.6211186647415161,1815,606590071,4,5
336001,1920,5040015,645121920,23520,0.6541666388511658,128,336000,2.0236191749572754,1920,17,5,500000,1000,,336001.0,0.676562488079071,0.5840970277786255,0.6541666388511658,0.620854377746582,1819,606590071,4,5
337001,1920,5055015,647041920,23520,0.6541666388511658,128,337000,2.0274691581726074,1920,17,5,500000,1000,,337001.0,0.6781250238418579,0.5840941667556763,0.65625,0.6209297180175781,1823,606590071,4,5
338001,1920,5070015,648961920,23520,0.65625,128,338000,2.031233072280884,1920,17,5,500000,1000,,338001.0,0.676562488079071,0.5840920209884644,0.6520833373069763,0.6206656694412231,1827,606590071,4,5
339001,1920,5085015,650881920,23520,0.6520833373069763,128,339000,2.034980058670044,1920,17,5,500000,1000,,339001.0,0.6776041388511658,0.5840925574302673,0.6520833373069763,0.6205652356147766,1831,606590071,4,5
340001,1920,5100015,652801920,23520,0.6520833373069763,128,340000,2.038729190826416,1920,17,5,500000,1000,,340001.0,0.6796875,0.584092915058136,0.6541666388511658,0.6208084225654602,1835,606590071,4,5
341001,1920,5115015,654721920,23520,0.6541666388511658,128,341000,2.04245924949646,1920,17,5,500000,1000,,341001.0,0.6791666746139526,0.584092915058136,0.6541666388511658,0.6206215620040894,1838,606590071,4,5
342001,1920,5130015,656641920,23520,0.6541666388511658,128,342000,2.046373128890991,1920,17,5,500000,1000,,342001.0,0.6770833134651184,0.5840931534767151,0.65625,0.6207427978515625,1842,606590071,4,5
343001,1920,5145015,658561920,23520,0.65625,128,343000,2.050126075744629,1920,17,5,500000,1000,,343001.0,0.6770833134651184,0.5840867161750793,0.65625,0.6209110617637634,1846,606590071,4,5
344001,1920,5160015,660481920,23520,0.65625,128,344000,2.053873062133789,1920,17,5,500000,1000,,344001.0,0.6776041388511658,0.5840871930122375,0.6541666388511658,0.6209399104118347,1850,606590071,4,5
345001,1920,5175015,662401920,23520,0.6541666388511658,128,345000,2.0576601028442383,1920,17,5,500000,1000,,345001.0,0.6781250238418579,0.5840877890586853,0.6541666388511658,0.6208637952804565,1854,606590071,4,5
346001,1920,5190015,664321920,23520,0.6541666388511658,128,346000,2.0614352226257324,1920,17,5,500000,1000,,346001.0,0.6796875,0.584088146686554,0.6541666388511658,0.6205604672431946,1858,606590071,4,5
347001,1920,5205015,666241920,23520,0.6541666388511658,128,347000,2.065330982208252,1920,17,5,500000,1000,,347001.0,0.6796875,0.5840868353843689,0.65625,0.6207820773124695,1862,606590071,4,5
348001,1920,5220015,668161920,23520,0.65625,128,348000,2.0691299438476562,1920,17,5,500000,1000,,348001.0,0.6781250238418579,0.5840871334075928,0.6541666388511658,0.6207254528999329,1865,606590071,4,5
349001,1920,5235015,670081920,23520,0.6541666388511658,128,349000,2.0728609561920166,1920,17,5,500000,1000,,349001.0,0.6791666746139526,0.5840908885002136,0.6520833373069763,0.6206883192062378,1869,606590071,4,5
350001,1920,5250015,672001920,23520,0.6520833373069763,128,350000,2.076741933822632,1920,17,5,500000,1000,,350001.0,0.6776041388511658,0.5840880870819092,0.6520833373069763,0.620730459690094,1873,606590071,4,5
351001,1920,5265015,673921920,23520,0.6520833373069763,128,351000,2.080533027648926,1920,17,5,500000,1000,,351001.0,0.6796875,0.5840834379196167,0.6541666388511658,0.6208071112632751,1877,606590071,4,5
352001,1920,5280015,675841920,23520,0.6541666388511658,128,352000,2.0842790603637695,1920,17,5,500000,1000,,352001.0,0.6760416626930237,0.5840813517570496,0.6520833373069763,0.620810866355896,1881,606590071,4,5
353001,1920,5295015,677761920,23520,0.6520833373069763,128,353000,2.088027238845825,1920,17,5,500000,1000,,353001.0,0.676562488079071,0.5840817093849182,0.6541666388511658,0.6208704710006714,1885,606590071,4,5
354001,1920,5310015,679681920,23520,0.6541666388511658,128,354000,2.091796398162842,1920,17,5,500000,1000,,354001.0,0.6755208373069763,0.5840833187103271,0.65625,0.6208108067512512,1888,606590071,4,5
355001,1920,5325015,681601920,23520,0.65625,128,355000,2.0956363677978516,1920,17,5,500000,1000,,355001.0,0.6786458492279053,0.5840827226638794,0.6541666388511658,0.6208427548408508,1892,606590071,4,5
356001,1920,5340015,683521920,23520,0.6541666388511658,128,356000,2.0993824005126953,1920,17,5,500000,1000,,356001.0,0.6770833134651184,0.5840834975242615,0.6541666388511658,0.6209447383880615,1896,606590071,4,5
357001,1920,5355015,685441920,23520,0.6541666388511658,128,357000,2.1031064987182617,1920,17,5,500000,1000,,357001.0,0.6760416626930237,0.5840785503387451,0.65625,0.6208944320678711,1900,606590071,4,5
358001,1920,5370015,687361920,23520,0.65625,128,358000,2.106928586959839,1920,17,5,500000,1000,,358001.0,0.6781250238418579,0.5840815901756287,0.6541666388511658,0.6209733486175537,1904,606590071,4,5
359001,1920,5385015,689281920,23520,0.6541666388511658,128,359000,2.1107475757598877,1920,17,5,500000,1000,,359001.0,0.6776041388511658,0.5840830206871033,0.6541666388511658,0.6210425496101379,1908,606590071,4,5
360001,1920,5400015,691201920,23520,0.6541666388511658,128,360000,2.1147124767303467,1920,17,5,500000,1000,,360001.0,0.6786458492279053,0.5840820074081421,0.6520833373069763,0.6208445429801941,1912,606590071,4,5
361001,1920,5415015,693121920,23520,0.6520833373069763,128,361000,2.118471622467041,1920,17,5,500000,1000,,361001.0,0.676562488079071,0.5840774178504944,0.6541666388511658,0.6207810640335083,1915,606590071,4,5
362001,1920,5430015,695041920,23520,0.6541666388511658,128,362000,2.1222195625305176,1920,17,5,500000,1000,,362001.0,0.6755208373069763,0.5840746760368347,0.6499999761581421,0.6206316351890564,1919,606590071,4,5
363001,1920,5445015,696961920,23520,0.6499999761581421,128,363000,2.1260814666748047,1920,17,5,500000,1000,,363001.0,0.6776041388511658,0.5840765237808228,0.6541666388511658,0.6207317113876343,1923,606590071,4,5
364001,1920,5460015,698881920,23520,0.6541666388511658,128,364000,2.1300723552703857,1920,17,5,500000,1000,,364001.0,0.6776041388511658,0.5840761661529541,0.6520833373069763,0.6208159327507019,1927,606590071,4,5
365001,1920,5475015,700801920,23520,0.6520833373069763,128,365000,2.13420033454895,1920,17,5,500000,1000,,365001.0,0.6760416626930237,0.5840741395950317,0.6520833373069763,0.6209335923194885,1931,606590071,4,5
366001,1920,5490015,702721920,23520,0.6520833373069763,128,366000,2.1380341053009033,1920,17,5,500000,1000,,366001.0,0.6744791865348816,0.5840731859207153,0.65625,0.6209146976470947,1935,606590071,4,5
367001,1920,5505015,704641920,23520,0.65625,128,367000,2.141780138015747,1920,17,5,500000,1000,,367001.0,0.676562488079071,0.5840752720832825,0.65625,0.620686948299408,1939,606590071,4,5
368001,1920,5520015,706561920,23520,0.65625,128,368000,2.14555025100708,1920,17,5,500000,1000,,368001.0,0.6760416626930237,0.5840726494789124,0.6541666388511658,0.6205541491508484,1942,606590071,4,5
369001,1920,5535015,708481920,23520,0.6541666388511658,128,369000,2.1493325233459473,1920,17,5,500000,1000,,369001.0,0.6760416626930237,0.5840715169906616,0.6541666388511658,0.6209469437599182,1946,606590071,4,5
370001,1920,5550015,710401920,23520,0.6541666388511658,128,370000,2.153067111968994,1920,17,5,500000,1000,,370001.0,0.6755208373069763,0.5840715765953064,0.65625,0.6210204362869263,1950,606590071,4,5
371001,1920,5565015,712321920,23520,0.65625,128,371000,2.1568310260772705,1920,17,5,500000,1000,,371001.0,0.6760416626930237,0.5840677618980408,0.65625,0.6207218170166016,1954,606590071,4,5
372001,1920,5580015,714241920,23520,0.65625,128,372000,2.1605992317199707,1920,17,5,500000,1000,,372001.0,0.6776041388511658,0.5840693712234497,0.6541666388511658,0.6206125020980835,1958,606590071,4,5
373001,1920,5595015,716161920,23520,0.6541666388511658,128,373000,2.164311170578003,1920,17,5,500000,1000,,373001.0,0.6776041388511658,0.5840759873390198,0.6541666388511658,0.6208614706993103,1962,606590071,4,5
374001,1920,5610015,718081920,23520,0.6541666388511658,128,374000,2.168032169342041,1920,17,5,500000,1000,,374001.0,0.6770833134651184,0.584069550037384,0.6520833373069763,0.6208997368812561,1966,606590071,4,5
375001,1920,5625015,720001920,23520,0.6520833373069763,128,375000,2.17173433303833,1920,17,5,500000,1000,,375001.0,0.6791666746139526,0.5840681791305542,0.6541666388511658,0.6208763718605042,1970,606590071,4,5
376001,1920,5640015,721921920,23520,0.6541666388511658,128,376000,2.175699234008789,1920,17,5,500000,1000,,376001.0,0.6776041388511658,0.5840673446655273,0.6541666388511658,0.6211143732070923,1974,606590071,4,5
377001,1920,5655015,723841920,23520,0.6541666388511658,128,377000,2.179426431655884,1920,17,5,500000,1000,,377001.0,0.676562488079071,0.5840696096420288,0.6541666388511658,0.620901346206665,1978,606590071,4,5
378001,1920,5670015,725761920,23520,0.6541666388511658,128,378000,2.1832656860351562,1920,17,5,500000,1000,,378001.0,0.6770833134651184,0.5840680599212646,0.6520833373069763,0.6208708882331848,1983,606590071,4,5
379001,1920,5685015,727681920,23520,0.6520833373069763,128,379000,2.1871376037597656,1920,17,5,500000,1000,,379001.0,0.6807291507720947,0.584067702293396,0.65625,0.6207695603370667,1987,606590071,4,5
380001,1920,5700015,729601920,23520,0.65625,128,380000,2.1908795833587646,1920,17,5,500000,1000,,380001.0,0.6796875,0.5840656161308289,0.6541666388511658,0.6210283637046814,1991,606590071,4,5
381001,1920,5715015,731521920,23520,0.6541666388511658,128,381000,2.1946325302124023,1920,17,5,500000,1000,,381001.0,0.6791666746139526,0.5840639472007751,0.6541666388511658,0.6208171844482422,1995,606590071,4,5
382001,1920,5730015,733441920,23520,0.6541666388511658,128,382000,2.198354482650757,1920,17,5,500000,1000,,382001.0,0.6786458492279053,0.5840641856193542,0.6541666388511658,0.6206710934638977,1999,606590071,4,5
383001,1920,5745015,735361920,23520,0.6541666388511658,128,383000,2.202073812484741,1920,17,5,500000,1000,,383001.0,0.6770833134651184,0.5840636491775513,0.6499999761581421,0.6208160519599915,2003,606590071,4,5
384001,1920,5760015,737281920,23520,0.6499999761581421,128,384000,2.205775737762451,1920,17,5,500000,1000,,384001.0,0.676562488079071,0.5840644836425781,0.6499999761581421,0.6207804083824158,2007,606590071,4,5
385001,1920,5775015,739201920,23520,0.6499999761581421,128,385000,2.2094838619232178,1920,17,5,500000,1000,,385001.0,0.6770833134651184,0.5840627551078796,0.6541666388511658,0.6208347678184509,2011,606590071,4,5
386001,1920,5790015,741121920,23520,0.6541666388511658,128,386000,2.213200807571411,1920,17,5,500000,1000,,386001.0,0.6770833134651184,0.5840643644332886,0.6520833373069763,0.6208685040473938,2015,606590071,4,5
387001,1920,5805015,743041920,23520,0.6520833373069763,128,387000,2.2169227600097656,1920,17,5,500000,1000,,387001.0,0.6776041388511658,0.5840595364570618,0.6520833373069763,0.6209213137626648,2019,606590071,4,5
388001,1920,5820015,744961920,23520,0.6520833373069763,128,388000,2.2207746505737305,1920,17,5,500000,1000,,388001.0,0.6776041388511658,0.5840612053871155,0.6520833373069763,0.6208595633506775,2023,606590071,4,5
389001,1920,5835015,746881920,23520,0.6520833373069763,128,389000,2.224527597427368,1920,17,5,500000,1000,,389001.0,0.6770833134651184,0.5840602517127991,0.6541666388511658,0.62080979347229,2027,606590071,4,5
390001,1920,5850015,748801920,23520,0.6541666388511658,128,390000,2.22821044921875,1920,17,5,500000,1000,,390001.0,0.6781250238418579,0.584058403968811,0.6541666388511658,0.6207155585289001,2031,606590071,4,5
391001,1920,5865015,750721920,23520,0.6541666388511658,128,391000,2.231975555419922,1920,17,5,500000,1000,,391001.0,0.6791666746139526,0.5840566754341125,0.6541666388511658,0.620480477809906,2035,606590071,4,5
392001,1920,5880015,752641920,23520,0.6541666388511658,128,392000,2.2357215881347656,1920,17,5,500000,1000,,392001.0,0.6796875,0.5840579867362976,0.6541666388511658,0.6208397746086121,2039,606590071,4,5
393001,1920,5895015,754561920,23520,0.6541666388511658,128,393000,2.2394816875457764,1920,17,5,500000,1000,,393001.0,0.6807291507720947,0.58405601978302,0.6541666388511658,0.6207104921340942,2042,606590071,4,5
394001,1920,5910015,756481920,23520,0.6541666388511658,128,394000,2.243196725845337,1920,17,5,500000,1000,,394001.0,0.6802083253860474,0.5840559601783752,0.6541666388511658,0.6206547021865845,2046,606590071,4,5
395001,1920,5925015,758401920,23520,0.6541666388511658,128,395000,2.2469050884246826,1920,17,5,500000,1000,,395001.0,0.6781250238418579,0.5840595960617065,0.6520833373069763,0.6207637190818787,2050,606590071,4,5
396001,1920,5940015,760321920,23520,0.6520833373069763,128,396000,2.2507691383361816,1920,17,5,500000,1000,,396001.0,0.6770833134651184,0.5840550661087036,0.6520833373069763,0.6208397150039673,2054,606590071,4,5
397001,1920,5955015,762241920,23520,0.6520833373069763,128,397000,2.2544710636138916,1920,17,5,500000,1000,,397001.0,0.6760416626930237,0.5840569138526917,0.6499999761581421,0.6210479736328125,2059,606590071,4,5
398001,1920,5970015,764161920,23520,0.6499999761581421,128,398000,2.2581558227539062,1920,17,5,500000,1000,,398001.0,0.676562488079071,0.5840556025505066,0.6499999761581421,0.6210808157920837,2063,606590071,4,5
399001,1920,5985015,766081920,23520,0.6499999761581421,128,399000,2.2618777751922607,1920,17,5,500000,1000,,399001.0,0.676562488079071,0.5840529799461365,0.6520833373069763,0.6213782429695129,2067,606590071,4,5
400001,1920,6000015,768001920,23520,0.6520833373069763,128,400000,2.265573024749756,1920,17,5,500000,1000,,400001.0,0.6755208373069763,0.5840535759925842,0.6499999761581421,0.6210192441940308,2071,606590071,4,5
401001,1920,6015015,769921920,23520,0.6499999761581421,128,401000,2.2692720890045166,1920,17,5,500000,1000,,401001.0,0.6786458492279053,0.5840542912483215,0.6520833373069763,0.6210230588912964,2075,606590071,4,5
402001,1920,6030015,771841920,23520,0.6520833373069763,128,402000,2.2733449935913086,1920,17,5,500000,1000,,402001.0,0.6776041388511658,0.5840510725975037,0.6520833373069763,0.6209660172462463,2079,606590071,4,5
403001,1920,6045015,773761920,23520,0.6520833373069763,128,403000,2.2771730422973633,1920,17,5,500000,1000,,403001.0,0.6786458492279053,0.584051251411438,0.6520833373069763,0.6210200190544128,2083,606590071,4,5
404001,1920,6060015,775681920,23520,0.6520833373069763,128,404000,2.2812438011169434,1920,17,5,500000,1000,,404001.0,0.676562488079071,0.5840544104576111,0.6520833373069763,0.6211069226264954,2087,606590071,4,5
405001,1920,6075015,777601920,23520,0.6520833373069763,128,405000,2.28497576713562,1920,17,5,500000,1000,,405001.0,0.6781250238418579,0.5840489864349365,0.6541666388511658,0.6210521459579468,2091,606590071,4,5
406001,1920,6090015,779521920,23520,0.6541666388511658,128,406000,2.2922396659851074,1920,17,5,500000,1000,,406001.0,0.6760416626930237,0.5840485095977783,0.6520833373069763,0.6205779910087585,2095,606590071,4,5
407001,1920,6105015,781441920,23520,0.6520833373069763,128,407000,2.2959816455841064,1920,17,5,500000,1000,,407001.0,0.6755208373069763,0.5840504765510559,0.6520833373069763,0.6207646131515503,2099,606590071,4,5
408001,1920,6120015,783361920,23520,0.6520833373069763,128,408000,2.2997336387634277,1920,17,5,500000,1000,,408001.0,0.6770833134651184,0.5840504169464111,0.6520833373069763,0.6208747625350952,2103,606590071,4,5
409001,1920,6135015,785281920,23520,0.6520833373069763,128,409000,2.303649663925171,1920,17,5,500000,1000,,409001.0,0.6807291507720947,0.5840465426445007,0.6541666388511658,0.6208091378211975,2107,606590071,4,5
410001,1920,6150015,787201920,23520,0.6541666388511658,128,410000,2.307382583618164,1920,17,5,500000,1000,,410001.0,0.676562488079071,0.5840433835983276,0.6520833373069763,0.6207859516143799,2111,606590071,4,5
411001,1920,6165015,789121920,23520,0.6520833373069763,128,411000,2.3111398220062256,1920,17,5,500000,1000,,411001.0,0.6755208373069763,0.5840446352958679,0.6520833373069763,0.6206996440887451,2115,606590071,4,5
412001,1920,6180015,791041920,23520,0.6520833373069763,128,412000,2.314826726913452,1920,17,5,500000,1000,,412001.0,0.6760416626930237,0.5840423703193665,0.6541666388511658,0.6209088563919067,2119,606590071,4,5
413001,1920,6195015,792961920,23520,0.6541666388511658,128,413000,2.318546772003174,1920,17,5,500000,1000,,413001.0,0.6755208373069763,0.5840408205986023,0.6520833373069763,0.6209245324134827,2123,606590071,4,5
414001,1920,6210015,794881920,23520,0.6520833373069763,128,414000,2.3222737312316895,1920,17,5,500000,1000,,414001.0,0.6786458492279053,0.5840442776679993,0.6541666388511658,0.6209270358085632,2126,606590071,4,5
415001,1920,6225015,796801920,23520,0.6541666388511658,128,415000,2.326009511947632,1920,17,5,500000,1000,,415001.0,0.6781250238418579,0.5840446352958679,0.6520833373069763,0.6210045218467712,2130,606590071,4,5
416001,1920,6240015,798721920,23520,0.6520833373069763,128,416000,2.329763412475586,1920,17,5,500000,1000,,416001.0,0.6776041388511658,0.5840431451797485,0.6541666388511658,0.6206343770027161,2134,606590071,4,5
417001,1920,6255015,800641920,23520,0.6541666388511658,128,417000,2.3335325717926025,1920,17,5,500000,1000,,417001.0,0.6760416626930237,0.5840402245521545,0.6520833373069763,0.6208239197731018,2138,606590071,4,5
418001,1920,6270015,802561920,23520,0.6520833373069763,128,418000,2.337202548980713,1920,17,5,500000,1000,,418001.0,0.6776041388511658,0.5840421915054321,0.6520833373069763,0.6209449768066406,2142,606590071,4,5
419001,1920,6285015,804481920,23520,0.6520833373069763,128,419000,2.3408873081207275,1920,17,5,500000,1000,,419001.0,0.6760416626930237,0.5840421319007874,0.6520833373069763,0.6209211349487305,2146,606590071,4,5
420001,1920,6300015,806401920,23520,0.6520833373069763,128,420000,2.3445982933044434,1920,17,5,500000,1000,,420001.0,0.6755208373069763,0.5840427875518799,0.6541666388511658,0.6208804845809937,2151,606590071,4,5
421001,1920,6315015,808321920,23520,0.6541666388511658,128,421000,2.3483004570007324,1920,17,5,500000,1000,,421001.0,0.6776041388511658,0.5840384364128113,0.6541666388511658,0.6210066080093384,2155,606590071,4,5
422001,1920,6330015,810241920,23520,0.6541666388511658,128,422000,2.352017402648926,1920,17,5,500000,1000,,422001.0,0.6770833134651184,0.5840403437614441,0.6541666388511658,0.6211646199226379,2158,606590071,4,5
423001,1920,6345015,812161920,23520,0.6541666388511658,128,423000,2.357112169265747,1920,17,5,500000,1000,,423001.0,0.6776041388511658,0.5840412378311157,0.65625,0.6212578415870667,2163,606590071,4,5
424001,1920,6360015,814081920,23520,0.65625,128,424000,2.3608362674713135,1920,17,5,500000,1000,,424001.0,0.6786458492279053,0.5840381383895874,0.6541666388511658,0.6212509274482727,2166,606590071,4,5
425001,1920,6375015,816001920,23520,0.6541666388511658,128,425000,2.36458420753479,1920,17,5,500000,1000,,425001.0,0.6770833134651184,0.5840395092964172,0.6520833373069763,0.6210779547691345,2171,606590071,4,5
426001,1920,6390015,817921920,23520,0.6520833373069763,128,426000,2.3682870864868164,1920,17,5,500000,1000,,426001.0,0.6755208373069763,0.584041953086853,0.6499999761581421,0.6210634112358093,2175,606590071,4,5
427001,1920,6405015,819841920,23520,0.6499999761581421,128,427000,2.3720309734344482,1920,17,5,500000,1000,,427001.0,0.6770833134651184,0.5840391516685486,0.6520833373069763,0.6209427118301392,2178,606590071,4,5
428001,1920,6420015,821761920,23520,0.6520833373069763,128,428000,2.375751256942749,1920,17,5,500000,1000,,428001.0,0.6770833134651184,0.5840378403663635,0.6520833373069763,0.6208571791648865,2182,606590071,4,5
429001,1920,6435015,823681920,23520,0.6520833373069763,128,429000,2.379486322402954,1920,17,5,500000,1000,,429001.0,0.676562488079071,0.5840352177619934,0.6520833373069763,0.6208696961402893,2186,606590071,4,5
430001,1920,6450015,825601920,23520,0.6520833373069763,128,430000,2.384625196456909,1920,17,5,500000,1000,,430001.0,0.6781250238418579,0.5840339660644531,0.6499999761581421,0.6209316253662109,2190,606590071,4,5
431001,1920,6465015,827521920,23520,0.6499999761581421,128,431000,2.3883771896362305,1920,17,5,500000,1000,,431001.0,0.6802083253860474,0.5840356349945068,0.6541666388511658,0.6210389733314514,2194,606590071,4,5
432001,1920,6480015,829441920,23520,0.6541666388511658,128,432000,2.392123222351074,1920,17,5,500000,1000,,432001.0,0.6781250238418579,0.5840384364128113,0.6520833373069763,0.6211077570915222,2198,606590071,4,5
433001,1920,6495015,831361920,23520,0.6520833373069763,128,433000,2.395864248275757,1920,17,5,500000,1000,,433001.0,0.676562488079071,0.5840350985527039,0.6520833373069763,0.6207965016365051,2202,606590071,4,5
434001,1920,6510015,833281920,23520,0.6520833373069763,128,434000,2.4007701873779297,1920,17,5,500000,1000,,434001.0,0.6781250238418579,0.5840392708778381,0.6541666388511658,0.6205769181251526,2206,606590071,4,5
435001,1920,6525015,835201920,23520,0.6541666388511658,128,435000,2.404480218887329,1920,17,5,500000,1000,,435001.0,0.6776041388511658,0.5840378999710083,0.6520833373069763,0.6208063364028931,2210,606590071,4,5
436001,1920,6540015,837121920,23520,0.6520833373069763,128,436000,2.4081883430480957,1920,17,5,500000,1000,,436001.0,0.6755208373069763,0.5840316414833069,0.6520833373069763,0.6208267211914062,2214,606590071,4,5
437001,1920,6555015,839041920,23520,0.6520833373069763,128,437000,2.4118902683258057,1920,17,5,500000,1000,,437001.0,0.676562488079071,0.584034264087677,0.6520833373069763,0.6209971904754639,2219,606590071,4,5
438001,1920,6570015,840961920,23520,0.6520833373069763,128,438000,2.415633201599121,1920,17,5,500000,1000,,438001.0,0.6760416626930237,0.5840311646461487,0.6499999761581421,0.6207979917526245,2223,606590071,4,5
439001,1920,6585015,842881920,23520,0.6499999761581421,128,439000,2.4361610412597656,1920,17,5,500000,1000,,439001.0,0.6786458492279053,0.5840306878089905,0.6541666388511658,0.6205930709838867,2227,606590071,4,5
440001,1920,6600015,844801920,23520,0.6541666388511658,128,440000,2.4399139881134033,1920,17,5,500000,1000,,440001.0,0.6776041388511658,0.584029495716095,0.6520833373069763,0.6209668517112732,2231,606590071,4,5
441001,1920,6615015,846721920,23520,0.6520833373069763,128,441000,2.443635940551758,1920,17,5,500000,1000,,441001.0,0.6770833134651184,0.5840290784835815,0.6541666388511658,0.6206597685813904,2235,606590071,4,5
442001,1920,6630015,848641920,23520,0.6541666388511658,128,442000,2.4473767280578613,1920,17,5,500000,1000,,442001.0,0.6776041388511658,0.5840292572975159,0.6520833373069763,0.6207119226455688,2239,606590071,4,5
443001,1920,6645015,850561920,23520,0.6520833373069763,128,443000,2.451068639755249,1920,17,5,500000,1000,,443001.0,0.6791666746139526,0.584027111530304,0.6520833373069763,0.6209725737571716,2243,606590071,4,5
444001,1920,6660015,852481920,23520,0.6520833373069763,128,444000,2.454791784286499,1920,17,5,500000,1000,,444001.0,0.6781250238418579,0.5840275287628174,0.6520833373069763,0.6209116578102112,2247,606590071,4,5
445001,1920,6675015,854401920,23520,0.6520833373069763,128,445000,2.4585328102111816,1920,17,5,500000,1000,,445001.0,0.6781250238418579,0.584028959274292,0.6541666388511658,0.6208600401878357,2251,606590071,4,5
446001,1920,6690015,856321920,23520,0.6541666388511658,128,446000,2.4622888565063477,1920,17,5,500000,1000,,446001.0,0.6744791865348816,0.5840282440185547,0.6499999761581421,0.6209140419960022,2255,606590071,4,5
447001,1920,6705015,858241920,23520,0.6499999761581421,128,447000,2.4660239219665527,1920,17,5,500000,1000,,447001.0,0.6770833134651184,0.5840263366699219,0.6541666388511658,0.6209152936935425,2259,606590071,4,5
448001,1920,6720015,860161920,23520,0.6541666388511658,128,448000,2.469827651977539,1920,17,5,500000,1000,,448001.0,0.6770833134651184,0.5840269923210144,0.6541666388511658,0.6208156943321228,2263,606590071,4,5
449001,1920,6735015,862081920,23520,0.6541666388511658,128,449000,2.4750025272369385,1920,17,5,500000,1000,,449001.0,0.6776041388511658,0.5840260982513428,0.6541666388511658,0.6211804747581482,2267,606590071,4,5
450001,1920,6750015,864001920,23520,0.6541666388511658,128,450000,2.478684425354004,1920,17,5,500000,1000,,450001.0,0.676562488079071,0.584028959274292,0.6541666388511658,0.6212946772575378,2271,606590071,4,5
451001,1920,6765015,865921920,23520,0.6541666388511658,128,451000,2.4845426082611084,1920,17,5,500000,1000,,451001.0,0.6786458492279053,0.5840258002281189,0.6541666388511658,0.6210963129997253,2275,606590071,4,5
452001,1920,6780015,867841920,23520,0.6541666388511658,128,452000,2.4882943630218506,1920,17,5,500000,1000,,452001.0,0.6776041388511658,0.584026575088501,0.6541666388511658,0.6208770871162415,2279,606590071,4,5
453001,1920,6795015,869761920,23520,0.6541666388511658,128,453000,2.4921512603759766,1920,17,5,500000,1000,,453001.0,0.6786458492279053,0.58402419090271,0.65625,0.6207005977630615,2283,606590071,4,5
454001,1920,6810015,871681920,23520,0.65625,128,454000,2.4959073066711426,1920,17,5,500000,1000,,454001.0,0.6786458492279053,0.584023118019104,0.6520833373069763,0.6205755472183228,2287,606590071,4,5
455001,1920,6825015,873601920,23520,0.6520833373069763,128,455000,2.4997944831848145,1920,17,5,500000,1000,,455001.0,0.6796875,0.5840215086936951,0.6541666388511658,0.620930552482605,2291,606590071,4,5
456001,1920,6840015,875521920,23520,0.6541666388511658,128,456000,2.5035455226898193,1920,17,5,500000,1000,,456001.0,0.6807291507720947,0.5840242505073547,0.6520833373069763,0.6209058165550232,2295,606590071,4,5
457001,1920,6855015,877441920,23520,0.6520833373069763,128,457000,2.5073025226593018,1920,17,5,500000,1000,,457001.0,0.6776041388511658,0.5840205550193787,0.6541666388511658,0.620814323425293,2299,606590071,4,5
458001,1920,6870015,879361920,23520,0.6541666388511658,128,458000,2.511040449142456,1920,17,5,500000,1000,,458001.0,0.6776041388511658,0.5840212106704712,0.6520833373069763,0.6207684874534607,2303,606590071,4,5
459001,1920,6885015,881281920,23520,0.6520833373069763,128,459000,2.514801263809204,1920,17,5,500000,1000,,459001.0,0.6781250238418579,0.5840216279029846,0.6541666388511658,0.6208586096763611,2307,606590071,4,5
460001,1920,6900015,883201920,23520,0.6541666388511658,128,460000,2.5185422897338867,1920,17,5,500000,1000,,460001.0,0.6781250238418579,0.5840202569961548,0.6541666388511658,0.6207169890403748,2311,606590071,4,5
461001,1920,6915015,885121920,23520,0.6541666388511658,128,461000,2.5223801136016846,1920,17,5,500000,1000,,461001.0,0.675000011920929,0.5840190649032593,0.6520833373069763,0.6207072734832764,2315,606590071,4,5
462001,1920,6930015,887041920,23520,0.6520833373069763,128,462000,2.5260770320892334,1920,17,5,500000,1000,,462001.0,0.676562488079071,0.5840172171592712,0.65625,0.6207574009895325,2319,606590071,4,5
463001,1920,6945015,888961920,23520,0.65625,128,463000,2.5297510623931885,1920,17,5,500000,1000,,463001.0,0.6770833134651184,0.5840155482292175,0.6541666388511658,0.6208340525627136,2322,606590071,4,5
464001,1920,6960015,890881920,23520,0.6541666388511658,128,464000,2.5334818363189697,1920,17,5,500000,1000,,464001.0,0.6755208373069763,0.5840200781822205,0.6520833373069763,0.6207126379013062,2327,606590071,4,5
465001,1920,6975015,892801920,23520,0.6520833373069763,128,465000,2.5372049808502197,1920,17,5,500000,1000,,465001.0,0.6770833134651184,0.5840162634849548,0.6520833373069763,0.6206614375114441,2331,606590071,4,5
466001,1920,6990015,894721920,23520,0.6520833373069763,128,466000,2.540893793106079,1920,17,5,500000,1000,,466001.0,0.6781250238418579,0.5840174555778503,0.65625,0.6207921504974365,2334,606590071,4,5
467001,1920,7005015,896641920,23520,0.65625,128,467000,2.5461618900299072,1920,17,5,500000,1000,,467001.0,0.6760416626930237,0.5840177536010742,0.6520833373069763,0.6207002997398376,2338,606590071,4,5
468001,1920,7020015,898561920,23520,0.6520833373069763,128,468000,2.549915075302124,1920,17,5,500000,1000,,468001.0,0.6755208373069763,0.5840141773223877,0.6499999761581421,0.6209570169448853,2342,606590071,4,5
469001,1920,7035015,900481920,23520,0.6499999761581421,128,469000,2.5536460876464844,1920,17,5,500000,1000,,469001.0,0.6760416626930237,0.5840167999267578,0.6520833373069763,0.6209926605224609,2346,606590071,4,5
470001,1920,7050015,902401920,23520,0.6520833373069763,128,470000,2.5575239658355713,1920,17,5,500000,1000,,470001.0,0.675000011920929,0.5840176939964294,0.6520833373069763,0.6207695007324219,2350,606590071,4,5
471001,1920,7065015,904321920,23520,0.6520833373069763,128,471000,2.5612809658050537,1920,17,5,500000,1000,,471001.0,0.6760416626930237,0.5840151309967041,0.6520833373069763,0.6207147836685181,2354,606590071,4,5
472001,1920,7080015,906241920,23520,0.6520833373069763,128,472000,2.565030813217163,1920,17,5,500000,1000,,472001.0,0.6744791865348816,0.5840157270431519,0.6520833373069763,0.6206083297729492,2358,606590071,4,5
473001,1920,7095015,908161920,23520,0.6520833373069763,128,473000,2.568723678588867,1920,17,5,500000,1000,,473001.0,0.6781250238418579,0.5840136408805847,0.6541666388511658,0.6209735870361328,2362,606590071,4,5
474001,1920,7110015,910081920,23520,0.6541666388511658,128,474000,2.572526454925537,1920,17,5,500000,1000,,474001.0,0.676562488079071,0.5840138792991638,0.6520833373069763,0.6207389235496521,2366,606590071,4,5
475001,1920,7125015,912001920,23520,0.6520833373069763,128,475000,2.5762665271759033,1920,17,5,500000,1000,,475001.0,0.6781250238418579,0.5840139985084534,0.6520833373069763,0.6208012700080872,2370,606590071,4,5
476001,1920,7140015,913921920,23520,0.6520833373069763,128,476000,2.579984664916992,1920,17,5,500000,1000,,476001.0,0.6776041388511658,0.5840118527412415,0.6541666388511658,0.6208056211471558,2374,606590071,4,5
477001,1920,7155015,915841920,23520,0.6541666388511658,128,477000,2.5837326049804688,1920,17,5,500000,1000,,477001.0,0.6760416626930237,0.5840145349502563,0.6520833373069763,0.6207834482192993,2378,606590071,4,5
478001,1920,7170015,917761920,23520,0.6520833373069763,128,478000,2.5874695777893066,1920,17,5,500000,1000,,478001.0,0.6776041388511658,0.5840147137641907,0.6541666388511658,0.6206920742988586,2382,606590071,4,5
479001,1920,7185015,919681920,23520,0.6541666388511658,128,479000,2.5913169384002686,1920,17,5,500000,1000,,479001.0,0.6744791865348816,0.5840126276016235,0.6520833373069763,0.6206537485122681,2386,606590071,4,5
480001,1920,7200015,921601920,23520,0.6520833373069763,128,480000,2.5950100421905518,1920,17,5,500000,1000,,480001.0,0.676562488079071,0.5840107202529907,0.65625,0.6206855177879333,2390,606590071,4,5
481001,1920,7215015,923521920,23520,0.65625,128,481000,2.5987420082092285,1920,17,5,500000,1000,,481001.0,0.6770833134651184,0.5840079188346863,0.6541666388511658,0.6205533742904663,2393,606590071,4,5
482001,1920,7230015,925441920,23520,0.6541666388511658,128,482000,2.602487802505493,1920,17,5,500000,1000,,482001.0,0.6776041388511658,0.5840088129043579,0.6541666388511658,0.6209047436714172,2397,606590071,4,5
483001,1920,7245015,927361920,23520,0.6541666388511658,128,483000,2.6062097549438477,1920,17,5,500000,1000,,483001.0,0.6781250238418579,0.5840104818344116,0.65625,0.6208145022392273,2401,606590071,4,5
484001,1920,7260015,929281920,23520,0.65625,128,484000,2.609907865524292,1920,17,5,500000,1000,,484001.0,0.6781250238418579,0.5840072631835938,0.65625,0.6208308339118958,2405,606590071,4,5
485001,1920,7275015,931201920,23520,0.65625,128,485000,2.6136527061462402,1920,17,5,500000,1000,,485001.0,0.6781250238418579,0.5840071439743042,0.65625,0.6207639575004578,2409,606590071,4,5
486001,1920,7290015,933121920,23520,0.65625,128,486000,2.6187915802001953,1920,17,5,500000,1000,,486001.0,0.6781250238418579,0.5840097069740295,0.6541666388511658,0.6208287477493286,2413,606590071,4,5
487001,1920,7305015,935041920,23520,0.6541666388511658,128,487000,2.622495651245117,1920,17,5,500000,1000,,487001.0,0.6791666746139526,0.5840099453926086,0.6541666388511658,0.6205753087997437,2417,606590071,4,5
488001,1920,7320015,936961920,23520,0.6541666388511658,128,488000,2.6274476051330566,1920,17,5,500000,1000,,488001.0,0.6781250238418579,0.5840092897415161,0.6541666388511658,0.6206112504005432,2421,606590071,4,5
489001,1920,7335015,938881920,23520,0.6541666388511658,128,489000,2.6311564445495605,1920,17,5,500000,1000,,489001.0,0.6781250238418579,0.5840075612068176,0.6541666388511658,0.6207548975944519,2425,606590071,4,5
490001,1920,7350015,940801920,23520,0.6541666388511658,128,490000,2.634864330291748,1920,17,5,500000,1000,,490001.0,0.6791666746139526,0.5840080380439758,0.65625,0.6208869814872742,2429,606590071,4,5
491001,1920,7365015,942721920,23520,0.65625,128,491000,2.638554334640503,1920,17,5,500000,1000,,491001.0,0.6781250238418579,0.5840064287185669,0.6541666388511658,0.6206777691841125,2433,606590071,4,5
492001,1920,7380015,944641920,23520,0.6541666388511658,128,492000,2.642287254333496,1920,17,5,500000,1000,,492001.0,0.6786458492279053,0.5840077996253967,0.6520833373069763,0.6210310459136963,2437,606590071,4,5
493001,1920,7395015,946561920,23520,0.6520833373069763,128,493000,2.646029233932495,1920,17,5,500000,1000,,493001.0,0.6796875,0.5840057134628296,0.6520833373069763,0.6208323836326599,2441,606590071,4,5
494001,1920,7410015,948481920,23520,0.6520833373069763,128,494000,2.6497621536254883,1920,17,5,500000,1000,,494001.0,0.6786458492279053,0.5840063691139221,0.6520833373069763,0.6208150386810303,2445,606590071,4,5
495001,1920,7425015,950401920,23520,0.6520833373069763,128,495000,2.6535091400146484,1920,17,5,500000,1000,,495001.0,0.6781250238418579,0.5840054154396057,0.6520833373069763,0.6208441853523254,2449,606590071,4,5
496001,1920,7440015,952321920,23520,0.6520833373069763,128,496000,2.657255172729492,1920,17,5,500000,1000,,496001.0,0.6791666746139526,0.5840017795562744,0.6541666388511658,0.6209656000137329,2453,606590071,4,5
497001,1920,7455015,954241920,23520,0.6541666388511658,128,497000,2.6609373092651367,1920,17,5,500000,1000,,497001.0,0.6776041388511658,0.5840017795562744,0.6541666388511658,0.6205149292945862,2457,606590071,4,5
498001,1920,7470015,956161920,23520,0.6541666388511658,128,498000,2.6660044193267822,1920,17,5,500000,1000,,498001.0,0.6786458492279053,0.584002673625946,0.6541666388511658,0.6208094358444214,2460,606590071,4,5
499001,1920,7485015,958081920,23520,0.6541666388511658,128,499000,2.669689655303955,1920,17,5,500000,1000,,499001.0,0.6781250238418579,0.5840038061141968,0.6541666388511658,0.6207466721534729,2464,606590071,4,5
499998,1920,7499970,959996160,23520,0.6541666388511658,128,499997,2.673670768737793,1920,17,5,500000,1000,,499998.0,0.676562488079071,0.58400559425354,0.6541666388511658,0.6208115816116333,2468,606590071,4,5
499999,1920,7499985,959998080,23520,0.6541666388511658,128,499998,2.6777217388153076,1920,17,5,500000,1000,,499999.0,0.676562488079071,0.5840055346488953,0.6541666388511658,0.620791494846344,2468,606590071,4,5
500000,1920,7500000,960000000,23520,0.6541666388511658,128,499999,2.6819307804107666,1920,17,5,500000,1000,,500000.0,0.676562488079071,0.5840054154396057,0.6541666388511658,0.6207855343818665,2468,606590071,4,5
