pf_calls,num_answers,model_updates,num_grad_comps,answers_bytes,last_score,batch_size,k,elapsed_time,train_data,n,d,max_epochs,verbose,ident,_epochs,score_train,loss_train,score_test,loss_test,_elapsed_time,seed,run_id,dim
1,1920,15,1920,23520,0.5375000238418579,128,0,0.0321040153503418,1920,17,2,500000,1000,,1.0,0.5588541626930237,0.6931472420692444,0.5645833611488342,0.6931472420692444,0,1413909127,2,2
1001,1920,15015,1921920,23520,0.5645833611488342,128,1000,0.03587007522583008,1920,17,2,500000,1000,,1001.0,0.6494791507720947,0.6298555731773376,0.637499988079071,0.6331332921981812,3,1413909127,2,2
2001,1920,30015,3841920,23520,0.637499988079071,128,2000,0.03963184356689453,1920,17,2,500000,1000,,2001.0,0.6510416865348816,0.6216785907745361,0.6583333611488342,0.6263074278831482,7,1413909127,2,2
3001,1920,45015,5761920,23520,0.6583333611488342,128,3000,0.04344987869262695,1920,17,2,500000,1000,,3001.0,0.6479166746139526,0.6189324855804443,0.643750011920929,0.6260291337966919,11,1413909127,2,2
4001,1920,60015,7681920,23520,0.643750011920929,128,4000,0.04729413986206055,1920,17,2,500000,1000,,4001.0,0.6494791507720947,0.617395281791687,0.643750011920929,0.6258178949356079,15,1413909127,2,2
5001,1920,75015,9601920,23520,0.643750011920929,128,5000,0.051071882247924805,1920,17,2,500000,1000,,5001.0,0.6520833373069763,0.6164892315864563,0.643750011920929,0.6262825131416321,19,1413909127,2,2
6001,1920,90015,11521920,23520,0.643750011920929,128,6000,0.05489206314086914,1920,17,2,500000,1000,,6001.0,0.6520833373069763,0.615929365158081,0.637499988079071,0.6271172165870667,23,1413909127,2,2
7001,1920,105015,13441920,23520,0.637499988079071,128,7000,0.05955004692077637,1920,17,2,500000,1000,,7001.0,0.651562511920929,0.6156089901924133,0.6395833492279053,0.6278020143508911,27,1413909127,2,2
8001,1920,120015,15361920,23520,0.6395833492279053,128,8000,0.0633840560913086,1920,17,2,500000,1000,,8001.0,0.6526041626930237,0.6154165863990784,0.6416666507720947,0.6284365057945251,31,1413909127,2,2
9001,1920,135015,17281920,23520,0.6416666507720947,128,9000,0.06731724739074707,1920,17,2,500000,1000,,9001.0,0.6520833373069763,0.6153077483177185,0.6395833492279053,0.6284255981445312,35,1413909127,2,2
10001,1920,150015,19201920,23520,0.6395833492279053,128,10000,0.07114791870117188,1920,17,2,500000,1000,,10001.0,0.6510416865348816,0.6152313947677612,0.6416666507720947,0.6288687586784363,40,1413909127,2,2
11001,1920,165015,21121920,23520,0.6416666507720947,128,11000,0.07491111755371094,1920,17,2,500000,1000,,11001.0,0.6499999761581421,0.6151828169822693,0.6395833492279053,0.6295288801193237,44,1413909127,2,2
12001,1920,180015,23041920,23520,0.6395833492279053,128,12000,0.07871603965759277,1920,17,2,500000,1000,,12001.0,0.6484375,0.615154504776001,0.637499988079071,0.6290286183357239,48,1413909127,2,2
13001,1920,195015,24961920,23520,0.637499988079071,128,13000,0.08266401290893555,1920,17,2,500000,1000,,13001.0,0.6499999761581421,0.615128219127655,0.6395833492279053,0.6291010975837708,52,1413909127,2,2
14001,1920,210015,26881920,23520,0.6395833492279053,128,14000,0.08642196655273438,1920,17,2,500000,1000,,14001.0,0.6499999761581421,0.6151124835014343,0.637499988079071,0.6288817524909973,56,1413909127,2,2
15001,1920,225015,28801920,23520,0.637499988079071,128,15000,0.09020209312438965,1920,17,2,500000,1000,,15001.0,0.6505208611488342,0.6150990724563599,0.637499988079071,0.6294184327125549,60,1413909127,2,2
16001,1920,240015,30721920,23520,0.637499988079071,128,16000,0.09395194053649902,1920,17,2,500000,1000,,16001.0,0.6499999761581421,0.615094780921936,0.637499988079071,0.6297647953033447,63,1413909127,2,2
17001,1920,255015,32641920,23520,0.637499988079071,128,17000,0.09788894653320312,1920,17,2,500000,1000,,17001.0,0.6494791507720947,0.6150845289230347,0.637499988079071,0.6293582320213318,67,1413909127,2,2
18001,1920,270015,34561920,23520,0.637499988079071,128,18000,0.10164189338684082,1920,17,2,500000,1000,,18001.0,0.6479166746139526,0.6150834560394287,0.637499988079071,0.6290515661239624,71,1413909127,2,2
19001,1920,285015,36481920,23520,0.637499988079071,128,19000,0.10546708106994629,1920,17,2,500000,1000,,19001.0,0.6489583253860474,0.6150815486907959,0.637499988079071,0.629409670829773,75,1413909127,2,2
20001,1920,300015,38401920,23520,0.637499988079071,128,20000,0.10922694206237793,1920,17,2,500000,1000,,20001.0,0.6489583253860474,0.6150802373886108,0.637499988079071,0.6297957897186279,79,1413909127,2,2
21001,1920,315015,40321920,23520,0.637499988079071,128,21000,0.11297798156738281,1920,17,2,500000,1000,,21001.0,0.6489583253860474,0.6150769591331482,0.637499988079071,0.6292845606803894,83,1413909127,2,2
22001,1920,330015,42241920,23520,0.637499988079071,128,22000,0.11673092842102051,1920,17,2,500000,1000,,22001.0,0.6499999761581421,0.6150733828544617,0.637499988079071,0.6295963525772095,86,1413909127,2,2
23001,1920,345015,44161920,23520,0.637499988079071,128,23000,0.12048816680908203,1920,17,2,500000,1000,,23001.0,0.6489583253860474,0.6150673031806946,0.637499988079071,0.6289947628974915,90,1413909127,2,2
24001,1920,360015,46081920,23520,0.637499988079071,128,24000,0.12429308891296387,1920,17,2,500000,1000,,24001.0,0.6479166746139526,0.6150675415992737,0.637499988079071,0.6289619207382202,94,1413909127,2,2
25001,1920,375015,48001920,23520,0.637499988079071,128,25000,0.12807321548461914,1920,17,2,500000,1000,,25001.0,0.6489583253860474,0.6150723695755005,0.637499988079071,0.6292869448661804,98,1413909127,2,2
26001,1920,390015,49921920,23520,0.637499988079071,128,26000,0.13183331489562988,1920,17,2,500000,1000,,26001.0,0.6479166746139526,0.6150692105293274,0.637499988079071,0.6291234493255615,102,1413909127,2,2
27001,1920,405015,51841920,23520,0.637499988079071,128,27000,0.13561224937438965,1920,17,2,500000,1000,,27001.0,0.6494791507720947,0.6150714755058289,0.637499988079071,0.6292272806167603,106,1413909127,2,2
28001,1920,420015,53761920,23520,0.637499988079071,128,28000,0.13940954208374023,1920,17,2,500000,1000,,28001.0,0.6468750238418579,0.615071713924408,0.637499988079071,0.628771185874939,109,1413909127,2,2
29001,1920,435015,55681920,23520,0.637499988079071,128,29000,0.14317059516906738,1920,17,2,500000,1000,,29001.0,0.6479166746139526,0.6150769591331482,0.637499988079071,0.6289704442024231,113,1413909127,2,2
30001,1920,450015,57601920,23520,0.637499988079071,128,30000,0.146958589553833,1920,17,2,500000,1000,,30001.0,0.6473958492279053,0.6150678992271423,0.637499988079071,0.6291795372962952,117,1413909127,2,2
31001,1920,465015,59521920,23520,0.637499988079071,128,31000,0.15073871612548828,1920,17,2,500000,1000,,31001.0,0.6479166746139526,0.6150704622268677,0.6395833492279053,0.6290164589881897,121,1413909127,2,2
32001,1920,480015,61441920,23520,0.6395833492279053,128,32000,0.15456867218017578,1920,17,2,500000,1000,,32001.0,0.6479166746139526,0.6150684356689453,0.637499988079071,0.629101037979126,125,1413909127,2,2
33001,1920,495015,63361920,23520,0.637499988079071,128,33000,0.15868568420410156,1920,17,2,500000,1000,,33001.0,0.6468750238418579,0.6150704026222229,0.637499988079071,0.6284704804420471,129,1413909127,2,2
34001,1920,510015,65281920,23520,0.637499988079071,128,34000,0.16243958473205566,1920,17,2,500000,1000,,34001.0,0.6510416865348816,0.6150769591331482,0.637499988079071,0.6293802857398987,133,1413909127,2,2
35001,1920,525015,67201920,23520,0.637499988079071,128,35000,0.16623663902282715,1920,17,2,500000,1000,,35001.0,0.6473958492279053,0.6150720715522766,0.6395833492279053,0.6290423274040222,137,1413909127,2,2
36001,1920,540015,69121920,23520,0.6395833492279053,128,36000,0.17090773582458496,1920,17,2,500000,1000,,36001.0,0.6463541388511658,0.6150687336921692,0.637499988079071,0.6296826601028442,142,1413909127,2,2
37001,1920,555015,71041920,23520,0.637499988079071,128,37000,0.17471098899841309,1920,17,2,500000,1000,,37001.0,0.6473958492279053,0.6150699257850647,0.637499988079071,0.6290550231933594,147,1413909127,2,2
38001,1920,570015,72961920,23520,0.637499988079071,128,38000,0.1787099838256836,1920,17,2,500000,1000,,38001.0,0.6479166746139526,0.6150681376457214,0.6395833492279053,0.6291234493255615,151,1413909127,2,2
39001,1920,585015,74881920,23520,0.6395833492279053,128,39000,0.18265604972839355,1920,17,2,500000,1000,,39001.0,0.6473958492279053,0.6150731444358826,0.637499988079071,0.6292159557342529,155,1413909127,2,2
40001,1920,600015,76801920,23520,0.637499988079071,128,40000,0.186722993850708,1920,17,2,500000,1000,,40001.0,0.6473958492279053,0.6150744557380676,0.637499988079071,0.6294506788253784,159,1413909127,2,2
41001,1920,615015,78721920,23520,0.637499988079071,128,41000,0.19051694869995117,1920,17,2,500000,1000,,41001.0,0.6473958492279053,0.6150680780410767,0.6395833492279053,0.6289620995521545,163,1413909127,2,2
42001,1920,630015,80641920,23520,0.6395833492279053,128,42000,0.19434118270874023,1920,17,2,500000,1000,,42001.0,0.6468750238418579,0.6150676012039185,0.637499988079071,0.628866970539093,167,1413909127,2,2
43001,1920,645015,82561920,23520,0.637499988079071,128,43000,0.19814133644104004,1920,17,2,500000,1000,,43001.0,0.6505208611488342,0.6150704026222229,0.637499988079071,0.6296154856681824,171,1413909127,2,2
44001,1920,660015,84481920,23520,0.637499988079071,128,44000,0.2018883228302002,1920,17,2,500000,1000,,44001.0,0.6468750238418579,0.615068256855011,0.6395833492279053,0.6293178796768188,175,1413909127,2,2
45001,1920,675015,86401920,23520,0.6395833492279053,128,45000,0.2057361602783203,1920,17,2,500000,1000,,45001.0,0.6463541388511658,0.6150773167610168,0.6395833492279053,0.6299180388450623,179,1413909127,2,2
46001,1920,690015,88321920,23520,0.6395833492279053,128,46000,0.20952916145324707,1920,17,2,500000,1000,,46001.0,0.6479166746139526,0.6150729060173035,0.637499988079071,0.6293061375617981,183,1413909127,2,2
47001,1920,705015,90241920,23520,0.637499988079071,128,47000,0.21328401565551758,1920,17,2,500000,1000,,47001.0,0.6473958492279053,0.6150678396224976,0.637499988079071,0.628963828086853,187,1413909127,2,2
48001,1920,720015,92161920,23520,0.637499988079071,128,48000,0.21706795692443848,1920,17,2,500000,1000,,48001.0,0.6473958492279053,0.6150696873664856,0.637499988079071,0.6293461918830872,191,1413909127,2,2
49001,1920,735015,94081920,23520,0.637499988079071,128,49000,0.22081398963928223,1920,17,2,500000,1000,,49001.0,0.6479166746139526,0.6150703430175781,0.637499988079071,0.6293131113052368,195,1413909127,2,2
50001,1920,750015,96001920,23520,0.637499988079071,128,50000,0.2248852252960205,1920,17,2,500000,1000,,50001.0,0.6479166746139526,0.6150713562965393,0.637499988079071,0.6292850971221924,198,1413909127,2,2
51001,1920,765015,97921920,23520,0.637499988079071,128,51000,0.22878718376159668,1920,17,2,500000,1000,,51001.0,0.6479166746139526,0.6150696873664856,0.637499988079071,0.6293505430221558,202,1413909127,2,2
52001,1920,780015,99841920,23520,0.637499988079071,128,52000,0.2325601577758789,1920,17,2,500000,1000,,52001.0,0.6479166746139526,0.6150757074356079,0.637499988079071,0.6289566159248352,206,1413909127,2,2
53001,1920,795015,101761920,23520,0.637499988079071,128,53000,0.23636984825134277,1920,17,2,500000,1000,,53001.0,0.6479166746139526,0.6150681376457214,0.637499988079071,0.6290407776832581,210,1413909127,2,2
54001,1920,810015,103681920,23520,0.637499988079071,128,54000,0.2402329444885254,1920,17,2,500000,1000,,54001.0,0.6468750238418579,0.6150680780410767,0.637499988079071,0.629285454750061,214,1413909127,2,2
55001,1920,825015,105601920,23520,0.637499988079071,128,55000,0.24397683143615723,1920,17,2,500000,1000,,55001.0,0.6484375,0.6150729656219482,0.637499988079071,0.629023551940918,218,1413909127,2,2
56001,1920,840015,107521920,23520,0.637499988079071,128,56000,0.24799275398254395,1920,17,2,500000,1000,,56001.0,0.6489583253860474,0.6150689721107483,0.637499988079071,0.6291958093643188,222,1413909127,2,2
57001,1920,855015,109441920,23520,0.637499988079071,128,57000,0.2517828941345215,1920,17,2,500000,1000,,57001.0,0.6494791507720947,0.6150733828544617,0.6395833492279053,0.6296555995941162,226,1413909127,2,2
58001,1920,870015,111361920,23520,0.6395833492279053,128,58000,0.25592470169067383,1920,17,2,500000,1000,,58001.0,0.6468750238418579,0.6150696277618408,0.637499988079071,0.6296068429946899,230,1413909127,2,2
59001,1920,885015,113281920,23520,0.637499988079071,128,59000,0.25968146324157715,1920,17,2,500000,1000,,59001.0,0.6484375,0.6150707006454468,0.637499988079071,0.6292272210121155,234,1413909127,2,2
60001,1920,900015,115201920,23520,0.637499988079071,128,60000,0.26348876953125,1920,17,2,500000,1000,,60001.0,0.6473958492279053,0.6150704622268677,0.637499988079071,0.6294035315513611,238,1413909127,2,2
61001,1920,915015,117121920,23520,0.637499988079071,128,61000,0.2672457695007324,1920,17,2,500000,1000,,61001.0,0.6479166746139526,0.6150702238082886,0.637499988079071,0.6291046738624573,241,1413909127,2,2
62001,1920,930015,119041920,23520,0.637499988079071,128,62000,0.2710387706756592,1920,17,2,500000,1000,,62001.0,0.6494791507720947,0.6150705218315125,0.637499988079071,0.6294502019882202,246,1413909127,2,2
63001,1920,945015,120961920,23520,0.637499988079071,128,63000,0.2748095989227295,1920,17,2,500000,1000,,63001.0,0.6479166746139526,0.6150678992271423,0.637499988079071,0.6292617917060852,249,1413909127,2,2
64001,1920,960015,122881920,23520,0.637499988079071,128,64000,0.27855467796325684,1920,17,2,500000,1000,,64001.0,0.6489583253860474,0.6150710582733154,0.637499988079071,0.6293014287948608,254,1413909127,2,2
65001,1920,975015,124801920,23520,0.637499988079071,128,65000,0.28232884407043457,1920,17,2,500000,1000,,65001.0,0.6479166746139526,0.6150678396224976,0.637499988079071,0.6290025115013123,257,1413909127,2,2
66001,1920,990015,126721920,23520,0.637499988079071,128,66000,0.28606200218200684,1920,17,2,500000,1000,,66001.0,0.6479166746139526,0.6150720119476318,0.637499988079071,0.6292255520820618,261,1413909127,2,2
67001,1920,1005015,128641920,23520,0.637499988079071,128,67000,0.28983116149902344,1920,17,2,500000,1000,,67001.0,0.6479166746139526,0.6150755286216736,0.637499988079071,0.628814697265625,265,1413909127,2,2
68001,1920,1020015,130561920,23520,0.637499988079071,128,68000,0.2935912609100342,1920,17,2,500000,1000,,68001.0,0.6473958492279053,0.6150691509246826,0.637499988079071,0.6289364099502563,269,1413909127,2,2
69001,1920,1035015,132481920,23520,0.637499988079071,128,69000,0.29743337631225586,1920,17,2,500000,1000,,69001.0,0.6489583253860474,0.6150727868080139,0.637499988079071,0.6295778751373291,273,1413909127,2,2
70001,1920,1050015,134401920,23520,0.637499988079071,128,70000,0.30161213874816895,1920,17,2,500000,1000,,70001.0,0.6473958492279053,0.6150707006454468,0.637499988079071,0.6296259164810181,277,1413909127,2,2
71001,1920,1065015,136321920,23520,0.637499988079071,128,71000,0.3054161071777344,1920,17,2,500000,1000,,71001.0,0.6484375,0.6150718927383423,0.637499988079071,0.629397988319397,281,1413909127,2,2
72001,1920,1080015,138241920,23520,0.637499988079071,128,72000,0.30938196182250977,1920,17,2,500000,1000,,72001.0,0.6479166746139526,0.6150696873664856,0.637499988079071,0.6290940642356873,284,1413909127,2,2
73001,1920,1095015,140161920,23520,0.637499988079071,128,73000,0.31308984756469727,1920,17,2,500000,1000,,73001.0,0.6473958492279053,0.6150696873664856,0.637499988079071,0.6296011209487915,288,1413909127,2,2
74001,1920,1110015,142081920,23520,0.637499988079071,128,74000,0.3169066905975342,1920,17,2,500000,1000,,74001.0,0.6479166746139526,0.6150672435760498,0.637499988079071,0.6294311285018921,292,1413909127,2,2
75001,1920,1125015,144001920,23520,0.637499988079071,128,75000,0.3207387924194336,1920,17,2,500000,1000,,75001.0,0.6473958492279053,0.6150713562965393,0.637499988079071,0.6293022632598877,296,1413909127,2,2
76001,1920,1140015,145921920,23520,0.637499988079071,128,76000,0.32447195053100586,1920,17,2,500000,1000,,76001.0,0.6479166746139526,0.6150754690170288,0.637499988079071,0.6294095516204834,300,1413909127,2,2
77001,1920,1155015,147841920,23520,0.637499988079071,128,77000,0.32821130752563477,1920,17,2,500000,1000,,77001.0,0.6479166746139526,0.6150709390640259,0.637499988079071,0.6291996836662292,304,1413909127,2,2
78001,1920,1170015,149761920,23520,0.637499988079071,128,78000,0.332200288772583,1920,17,2,500000,1000,,78001.0,0.6499999761581421,0.6150734424591064,0.6395833492279053,0.629512369632721,307,1413909127,2,2
79001,1920,1185015,151681920,23520,0.6395833492279053,128,79000,0.3359534740447998,1920,17,2,500000,1000,,79001.0,0.6468750238418579,0.6150667071342468,0.637499988079071,0.6287565231323242,311,1413909127,2,2
80001,1920,1200015,153601920,23520,0.637499988079071,128,80000,0.33971452713012695,1920,17,2,500000,1000,,80001.0,0.6468750238418579,0.615070104598999,0.637499988079071,0.6288010478019714,315,1413909127,2,2
81001,1920,1215015,155521920,23520,0.637499988079071,128,81000,0.34347963333129883,1920,17,2,500000,1000,,81001.0,0.6468750238418579,0.6150693893432617,0.637499988079071,0.6293332576751709,319,1413909127,2,2
82001,1920,1230015,157441920,23520,0.637499988079071,128,82000,0.34722447395324707,1920,17,2,500000,1000,,82001.0,0.6489583253860474,0.6150757670402527,0.637499988079071,0.6291592717170715,323,1413909127,2,2
83001,1920,1245015,159361920,23520,0.637499988079071,128,83000,0.3510146141052246,1920,17,2,500000,1000,,83001.0,0.6479166746139526,0.615070104598999,0.637499988079071,0.6294583082199097,327,1413909127,2,2
84001,1920,1260015,161281920,23520,0.637499988079071,128,84000,0.3547534942626953,1920,17,2,500000,1000,,84001.0,0.6479166746139526,0.6150691509246826,0.637499988079071,0.6293026208877563,330,1413909127,2,2
85001,1920,1275015,163201920,23520,0.637499988079071,128,85000,0.3585035800933838,1920,17,2,500000,1000,,85001.0,0.6489583253860474,0.6150743365287781,0.637499988079071,0.6294163465499878,334,1413909127,2,2
86001,1920,1290015,165121920,23520,0.637499988079071,128,86000,0.36232852935791016,1920,17,2,500000,1000,,86001.0,0.6479166746139526,0.61507648229599,0.637499988079071,0.6295422911643982,338,1413909127,2,2
87001,1920,1305015,167041920,23520,0.637499988079071,128,87000,0.36606359481811523,1920,17,2,500000,1000,,87001.0,0.6468750238418579,0.6150709986686707,0.637499988079071,0.6296384930610657,342,1413909127,2,2
88001,1920,1320015,168961920,23520,0.637499988079071,128,88000,0.3706696033477783,1920,17,2,500000,1000,,88001.0,0.6489583253860474,0.6150718331336975,0.6395833492279053,0.6294664144515991,346,1413909127,2,2
89001,1920,1335015,170881920,23520,0.6395833492279053,128,89000,0.37442874908447266,1920,17,2,500000,1000,,89001.0,0.6484375,0.6150715351104736,0.637499988079071,0.6291990876197815,350,1413909127,2,2
90001,1920,1350015,172801920,23520,0.637499988079071,128,90000,0.3781869411468506,1920,17,2,500000,1000,,90001.0,0.6479166746139526,0.6150693893432617,0.637499988079071,0.6291736960411072,353,1413909127,2,2
91001,1920,1365015,174721920,23520,0.637499988079071,128,91000,0.3820059299468994,1920,17,2,500000,1000,,91001.0,0.6473958492279053,0.6150715947151184,0.637499988079071,0.6287041902542114,357,1413909127,2,2
92001,1920,1380015,176641920,23520,0.637499988079071,128,92000,0.3857607841491699,1920,17,2,500000,1000,,92001.0,0.6484375,0.615071713924408,0.637499988079071,0.628816545009613,361,1413909127,2,2
93001,1920,1395015,178561920,23520,0.637499988079071,128,93000,0.38950681686401367,1920,17,2,500000,1000,,93001.0,0.6468750238418579,0.6150726675987244,0.6416666507720947,0.6294237971305847,365,1413909127,2,2
94001,1920,1410015,180481920,23520,0.6416666507720947,128,94000,0.3933086395263672,1920,17,2,500000,1000,,94001.0,0.6463541388511658,0.6150742769241333,0.6395833492279053,0.6295059323310852,369,1413909127,2,2
95001,1920,1425015,182401920,23520,0.6395833492279053,128,95000,0.3970785140991211,1920,17,2,500000,1000,,95001.0,0.6484375,0.6150752902030945,0.637499988079071,0.6291673183441162,372,1413909127,2,2
96001,1920,1440015,184321920,23520,0.637499988079071,128,96000,0.4009287357330322,1920,17,2,500000,1000,,96001.0,0.6489583253860474,0.615071713924408,0.637499988079071,0.629207193851471,376,1413909127,2,2
97001,1920,1455015,186241920,23520,0.637499988079071,128,97000,0.40473461151123047,1920,17,2,500000,1000,,97001.0,0.6468750238418579,0.6150691509246826,0.6395833492279053,0.6292635202407837,380,1413909127,2,2
98001,1920,1470015,188161920,23520,0.6395833492279053,128,98000,0.40851640701293945,1920,17,2,500000,1000,,98001.0,0.6479166746139526,0.6150707602500916,0.6395833492279053,0.6296728849411011,384,1413909127,2,2
99001,1920,1485015,190081920,23520,0.6395833492279053,128,99000,0.41226935386657715,1920,17,2,500000,1000,,99001.0,0.6479166746139526,0.6150738000869751,0.637499988079071,0.6294911503791809,388,1413909127,2,2
100001,1920,1500015,192001920,23520,0.637499988079071,128,100000,0.41601109504699707,1920,17,2,500000,1000,,100001.0,0.6463541388511658,0.6150708794593811,0.637499988079071,0.6291326284408569,391,1413909127,2,2
101001,1920,1515015,193921920,23520,0.637499988079071,128,101000,0.41976022720336914,1920,17,2,500000,1000,,101001.0,0.6494791507720947,0.6150742769241333,0.637499988079071,0.6295798420906067,395,1413909127,2,2
102001,1920,1530015,195841920,23520,0.637499988079071,128,102000,0.42349839210510254,1920,17,2,500000,1000,,102001.0,0.6473958492279053,0.6150720715522766,0.637499988079071,0.6286429166793823,399,1413909127,2,2
103001,1920,1545015,197761920,23520,0.637499988079071,128,103000,0.42726635932922363,1920,17,2,500000,1000,,103001.0,0.6489583253860474,0.615069568157196,0.637499988079071,0.6294004917144775,403,1413909127,2,2
104001,1920,1560015,199681920,23520,0.637499988079071,128,104000,0.43106651306152344,1920,17,2,500000,1000,,104001.0,0.6479166746139526,0.6150734424591064,0.637499988079071,0.6297072768211365,407,1413909127,2,2
105001,1920,1575015,201601920,23520,0.637499988079071,128,105000,0.4347825050354004,1920,17,2,500000,1000,,105001.0,0.6479166746139526,0.6150756478309631,0.637499988079071,0.6290830969810486,411,1413909127,2,2
106001,1920,1590015,203521920,23520,0.637499988079071,128,106000,0.43850159645080566,1920,17,2,500000,1000,,106001.0,0.6473958492279053,0.6150692701339722,0.637499988079071,0.6292545199394226,414,1413909127,2,2
107001,1920,1605015,205441920,23520,0.637499988079071,128,107000,0.4422454833984375,1920,17,2,500000,1000,,107001.0,0.6484375,0.6150731444358826,0.637499988079071,0.6287196278572083,418,1413909127,2,2
108001,1920,1620015,207361920,23520,0.637499988079071,128,108000,0.44600939750671387,1920,17,2,500000,1000,,108001.0,0.6468750238418579,0.615068793296814,0.637499988079071,0.6293507814407349,422,1413909127,2,2
109001,1920,1635015,209281920,23520,0.637499988079071,128,109000,0.449756383895874,1920,17,2,500000,1000,,109001.0,0.6473958492279053,0.6150702238082886,0.6395833492279053,0.6296128630638123,426,1413909127,2,2
110001,1920,1650015,211201920,23520,0.6395833492279053,128,110000,0.4535984992980957,1920,17,2,500000,1000,,110001.0,0.6479166746139526,0.615068793296814,0.637499988079071,0.6295660734176636,430,1413909127,2,2
111001,1920,1665015,213121920,23520,0.637499988079071,128,111000,0.4576563835144043,1920,17,2,500000,1000,,111001.0,0.6489583253860474,0.6150715947151184,0.637499988079071,0.6297572255134583,433,1413909127,2,2
112001,1920,1680015,215041920,23520,0.637499988079071,128,112000,0.4614396095275879,1920,17,2,500000,1000,,112001.0,0.6458333134651184,0.6150690913200378,0.637499988079071,0.6294959187507629,437,1413909127,2,2
113001,1920,1695015,216961920,23520,0.637499988079071,128,113000,0.465207576751709,1920,17,2,500000,1000,,113001.0,0.6484375,0.6150727868080139,0.637499988079071,0.6291118264198303,441,1413909127,2,2
114001,1920,1710015,218881920,23520,0.637499988079071,128,114000,0.46921539306640625,1920,17,2,500000,1000,,114001.0,0.6473958492279053,0.6150713562965393,0.637499988079071,0.6295477747917175,445,1413909127,2,2
115001,1920,1725015,220801920,23520,0.637499988079071,128,115000,0.47302818298339844,1920,17,2,500000,1000,,115001.0,0.6484375,0.6150736212730408,0.637499988079071,0.6293584704399109,449,1413909127,2,2
116001,1920,1740015,222721920,23520,0.637499988079071,128,116000,0.4767782688140869,1920,17,2,500000,1000,,116001.0,0.6473958492279053,0.6150676012039185,0.637499988079071,0.6292410492897034,453,1413909127,2,2
117001,1920,1755015,224641920,23520,0.637499988079071,128,117000,0.48051905632019043,1920,17,2,500000,1000,,117001.0,0.6499999761581421,0.6150702238082886,0.637499988079071,0.6289609670639038,456,1413909127,2,2
118001,1920,1770015,226561920,23520,0.637499988079071,128,118000,0.4842720031738281,1920,17,2,500000,1000,,118001.0,0.6473958492279053,0.6150714755058289,0.637499988079071,0.6292839050292969,460,1413909127,2,2
119001,1920,1785015,228481920,23520,0.637499988079071,128,119000,0.48801493644714355,1920,17,2,500000,1000,,119001.0,0.6479166746139526,0.6150738000869751,0.637499988079071,0.6292398571968079,464,1413909127,2,2
120001,1920,1800015,230401920,23520,0.637499988079071,128,120000,0.4918179512023926,1920,17,2,500000,1000,,120001.0,0.6468750238418579,0.6150715947151184,0.637499988079071,0.6293113827705383,468,1413909127,2,2
121001,1920,1815015,232321920,23520,0.637499988079071,128,121000,0.4956378936767578,1920,17,2,500000,1000,,121001.0,0.6468750238418579,0.6150684952735901,0.637499988079071,0.6291307806968689,472,1413909127,2,2
122001,1920,1830015,234241920,23520,0.637499988079071,128,122000,0.4993870258331299,1920,17,2,500000,1000,,122001.0,0.6484375,0.6150684356689453,0.637499988079071,0.6291910409927368,475,1413909127,2,2
123001,1920,1845015,236161920,23520,0.637499988079071,128,123000,0.5031931400299072,1920,17,2,500000,1000,,123001.0,0.6479166746139526,0.6150726675987244,0.637499988079071,0.6294076442718506,479,1413909127,2,2
124001,1920,1860015,238081920,23520,0.637499988079071,128,124000,0.50697922706604,1920,17,2,500000,1000,,124001.0,0.6489583253860474,0.6150710582733154,0.637499988079071,0.6290053129196167,483,1413909127,2,2
125001,1920,1875015,240001920,23520,0.637499988079071,128,125000,0.5107440948486328,1920,17,2,500000,1000,,125001.0,0.6494791507720947,0.6150722503662109,0.6395833492279053,0.6287583112716675,487,1413909127,2,2
126001,1920,1890015,241921920,23520,0.6395833492279053,128,126000,0.514484167098999,1920,17,2,500000,1000,,126001.0,0.6489583253860474,0.6150720715522766,0.637499988079071,0.6290823817253113,491,1413909127,2,2
127001,1920,1905015,243841920,23520,0.637499988079071,128,127000,0.5182774066925049,1920,17,2,500000,1000,,127001.0,0.6484375,0.6150698065757751,0.637499988079071,0.6290122866630554,495,1413909127,2,2
128001,1920,1920015,245761920,23520,0.637499988079071,128,128000,0.5220365524291992,1920,17,2,500000,1000,,128001.0,0.6468750238418579,0.61507248878479,0.6395833492279053,0.6293972134590149,498,1413909127,2,2
129001,1920,1935015,247681920,23520,0.6395833492279053,128,129000,0.5258026123046875,1920,17,2,500000,1000,,129001.0,0.6489583253860474,0.6150705814361572,0.637499988079071,0.629081666469574,502,1413909127,2,2
130001,1920,1950015,249601920,23520,0.637499988079071,128,130000,0.5296235084533691,1920,17,2,500000,1000,,130001.0,0.6499999761581421,0.6150710582733154,0.637499988079071,0.6293216347694397,506,1413909127,2,2
131001,1920,1965015,251521920,23520,0.637499988079071,128,131000,0.5333833694458008,1920,17,2,500000,1000,,131001.0,0.6484375,0.6150697469711304,0.637499988079071,0.6295154094696045,510,1413909127,2,2
132001,1920,1980015,253441920,23520,0.637499988079071,128,132000,0.5371363162994385,1920,17,2,500000,1000,,132001.0,0.6489583253860474,0.6150773763656616,0.637499988079071,0.6293907761573792,514,1413909127,2,2
133001,1920,1995015,255361920,23520,0.637499988079071,128,133000,0.5409350395202637,1920,17,2,500000,1000,,133001.0,0.6484375,0.6150719523429871,0.637499988079071,0.6293642520904541,517,1413909127,2,2
134001,1920,2010015,257281920,23520,0.637499988079071,128,134000,0.5447349548339844,1920,17,2,500000,1000,,134001.0,0.6489583253860474,0.6150731444358826,0.637499988079071,0.6291581392288208,521,1413909127,2,2
135001,1920,2025015,259201920,23520,0.637499988079071,128,135000,0.5484828948974609,1920,17,2,500000,1000,,135001.0,0.6463541388511658,0.6150733828544617,0.6395833492279053,0.6292482018470764,525,1413909127,2,2
136001,1920,2040015,261121920,23520,0.6395833492279053,128,136000,0.5523238182067871,1920,17,2,500000,1000,,136001.0,0.6484375,0.6150689721107483,0.637499988079071,0.6290271282196045,529,1413909127,2,2
137001,1920,2055015,263041920,23520,0.637499988079071,128,137000,0.5560698509216309,1920,17,2,500000,1000,,137001.0,0.6468750238418579,0.6150728464126587,0.637499988079071,0.6292588114738464,533,1413909127,2,2
138001,1920,2070015,264961920,23520,0.637499988079071,128,138000,0.5598456859588623,1920,17,2,500000,1000,,138001.0,0.6473958492279053,0.6150718927383423,0.637499988079071,0.6295830607414246,537,1413909127,2,2
139001,1920,2085015,266881920,23520,0.637499988079071,128,139000,0.5637638568878174,1920,17,2,500000,1000,,139001.0,0.6479166746139526,0.6150690913200378,0.637499988079071,0.6289576888084412,541,1413909127,2,2
140001,1920,2100015,268801920,23520,0.637499988079071,128,140000,0.5677056312561035,1920,17,2,500000,1000,,140001.0,0.6484375,0.6150718331336975,0.637499988079071,0.6294893622398376,544,1413909127,2,2
141001,1920,2115015,270721920,23520,0.637499988079071,128,141000,0.5715596675872803,1920,17,2,500000,1000,,141001.0,0.6473958492279053,0.6150712370872498,0.637499988079071,0.6294716000556946,548,1413909127,2,2
142001,1920,2130015,272641920,23520,0.637499988079071,128,142000,0.5753307342529297,1920,17,2,500000,1000,,142001.0,0.6463541388511658,0.6150696873664856,0.6395833492279053,0.6288172006607056,552,1413909127,2,2
143001,1920,2145015,274561920,23520,0.6395833492279053,128,143000,0.579115629196167,1920,17,2,500000,1000,,143001.0,0.6468750238418579,0.6150673627853394,0.6395833492279053,0.629311203956604,556,1413909127,2,2
144001,1920,2160015,276481920,23520,0.6395833492279053,128,144000,0.5828695297241211,1920,17,2,500000,1000,,144001.0,0.6479166746139526,0.6150703430175781,0.6395833492279053,0.6294766664505005,560,1413909127,2,2
145001,1920,2175015,278401920,23520,0.6395833492279053,128,145000,0.5866014957427979,1920,17,2,500000,1000,,145001.0,0.6479166746139526,0.6150724291801453,0.6395833492279053,0.6292944550514221,563,1413909127,2,2
146001,1920,2190015,280321920,23520,0.6395833492279053,128,146000,0.5903964042663574,1920,17,2,500000,1000,,146001.0,0.6479166746139526,0.6150695085525513,0.6395833492279053,0.6292380690574646,567,1413909127,2,2
147001,1920,2205015,282241920,23520,0.6395833492279053,128,147000,0.5941545963287354,1920,17,2,500000,1000,,147001.0,0.6468750238418579,0.6150688529014587,0.6395833492279053,0.6288903951644897,571,1413909127,2,2
148001,1920,2220015,284161920,23520,0.6395833492279053,128,148000,0.5979194641113281,1920,17,2,500000,1000,,148001.0,0.6473958492279053,0.6150735020637512,0.6395833492279053,0.6293988823890686,575,1413909127,2,2
149001,1920,2235015,286081920,23520,0.6395833492279053,128,149000,0.6016464233398438,1920,17,2,500000,1000,,149001.0,0.6468750238418579,0.6150699257850647,0.6395833492279053,0.6289567351341248,579,1413909127,2,2
150001,1920,2250015,288001920,23520,0.6395833492279053,128,150000,0.6053762435913086,1920,17,2,500000,1000,,150001.0,0.6479166746139526,0.6150676608085632,0.637499988079071,0.6289600133895874,582,1413909127,2,2
151001,1920,2265015,289921920,23520,0.637499988079071,128,151000,0.6091318130493164,1920,17,2,500000,1000,,151001.0,0.6489583253860474,0.6150707006454468,0.637499988079071,0.628973662853241,586,1413909127,2,2
152001,1920,2280015,291841920,23520,0.637499988079071,128,152000,0.6130259037017822,1920,17,2,500000,1000,,152001.0,0.6479166746139526,0.6150710582733154,0.637499988079071,0.6293957233428955,590,1413909127,2,2
153001,1920,2295015,293761920,23520,0.637499988079071,128,153000,0.616771936416626,1920,17,2,500000,1000,,153001.0,0.6489583253860474,0.6150742769241333,0.637499988079071,0.6293014287948608,594,1413909127,2,2
154001,1920,2310015,295681920,23520,0.637499988079071,128,154000,0.6205699443817139,1920,17,2,500000,1000,,154001.0,0.6494791507720947,0.6150705218315125,0.637499988079071,0.6294957399368286,598,1413909127,2,2
155001,1920,2325015,297601920,23520,0.637499988079071,128,155000,0.6245160102844238,1920,17,2,500000,1000,,155001.0,0.6479166746139526,0.6150707006454468,0.6395833492279053,0.6291704773902893,602,1413909127,2,2
156001,1920,2340015,299521920,23520,0.6395833492279053,128,156000,0.6282851696014404,1920,17,2,500000,1000,,156001.0,0.6489583253860474,0.6150671243667603,0.637499988079071,0.6293538212776184,605,1413909127,2,2
157001,1920,2355015,301441920,23520,0.637499988079071,128,157000,0.6320741176605225,1920,17,2,500000,1000,,157001.0,0.6479166746139526,0.6150680780410767,0.637499988079071,0.6295616030693054,609,1413909127,2,2
158001,1920,2370015,303361920,23520,0.637499988079071,128,158000,0.6361720561981201,1920,17,2,500000,1000,,158001.0,0.6494791507720947,0.6150677800178528,0.637499988079071,0.6293880343437195,613,1413909127,2,2
159001,1920,2385015,305281920,23520,0.637499988079071,128,159000,0.6399390697479248,1920,17,2,500000,1000,,159001.0,0.6484375,0.6150728464126587,0.637499988079071,0.6293338537216187,617,1413909127,2,2
160001,1920,2400015,307201920,23520,0.637499988079071,128,160000,0.6439530849456787,1920,17,2,500000,1000,,160001.0,0.6458333134651184,0.6150718331336975,0.637499988079071,0.6297507882118225,621,1413909127,2,2
161001,1920,2415015,309121920,23520,0.637499988079071,128,161000,0.6478040218353271,1920,17,2,500000,1000,,161001.0,0.6473958492279053,0.6150683760643005,0.637499988079071,0.6289852261543274,626,1413909127,2,2
162001,1920,2430015,311041920,23520,0.637499988079071,128,162000,0.6515939235687256,1920,17,2,500000,1000,,162001.0,0.6479166746139526,0.6150722503662109,0.637499988079071,0.6292980909347534,630,1413909127,2,2
163001,1920,2445015,312961920,23520,0.637499988079071,128,163000,0.655364990234375,1920,17,2,500000,1000,,163001.0,0.6489583253860474,0.6150686740875244,0.637499988079071,0.6290367841720581,634,1413909127,2,2
164001,1920,2460015,314881920,23520,0.637499988079071,128,164000,0.6591248512268066,1920,17,2,500000,1000,,164001.0,0.6484375,0.61507248878479,0.6395833492279053,0.6294115781784058,638,1413909127,2,2
165001,1920,2475015,316801920,23520,0.6395833492279053,128,165000,0.6628458499908447,1920,17,2,500000,1000,,165001.0,0.6479166746139526,0.6150730848312378,0.6416666507720947,0.6285266280174255,642,1413909127,2,2
166001,1920,2490015,318721920,23520,0.6416666507720947,128,166000,0.6666288375854492,1920,17,2,500000,1000,,166001.0,0.6494791507720947,0.6150693297386169,0.637499988079071,0.6294728517532349,646,1413909127,2,2
167001,1920,2505015,320641920,23520,0.637499988079071,128,167000,0.6705248355865479,1920,17,2,500000,1000,,167001.0,0.6484375,0.6150694489479065,0.637499988079071,0.629669189453125,650,1413909127,2,2
168001,1920,2520015,322561920,23520,0.637499988079071,128,168000,0.6747756004333496,1920,17,2,500000,1000,,168001.0,0.6484375,0.615067183971405,0.637499988079071,0.6292698979377747,655,1413909127,2,2
169001,1920,2535015,324481920,23520,0.637499988079071,128,169000,0.6795778274536133,1920,17,2,500000,1000,,169001.0,0.6484375,0.6150718927383423,0.637499988079071,0.6288765668869019,659,1413909127,2,2
170001,1920,2550015,326401920,23520,0.637499988079071,128,170000,0.6833739280700684,1920,17,2,500000,1000,,170001.0,0.6468750238418579,0.615069568157196,0.637499988079071,0.6290655732154846,663,1413909127,2,2
171001,1920,2565015,328321920,23520,0.637499988079071,128,171000,0.6872529983520508,1920,17,2,500000,1000,,171001.0,0.6479166746139526,0.6150681376457214,0.637499988079071,0.6295527219772339,667,1413909127,2,2
172001,1920,2580015,330241920,23520,0.637499988079071,128,172000,0.691195011138916,1920,17,2,500000,1000,,172001.0,0.6489583253860474,0.6150681972503662,0.637499988079071,0.629552960395813,672,1413909127,2,2
173001,1920,2595015,332161920,23520,0.637499988079071,128,173000,0.694990873336792,1920,17,2,500000,1000,,173001.0,0.6499999761581421,0.6150707006454468,0.637499988079071,0.6290909647941589,676,1413909127,2,2
174001,1920,2610015,334081920,23520,0.637499988079071,128,174000,0.6993408203125,1920,17,2,500000,1000,,174001.0,0.6468750238418579,0.6150691509246826,0.6395833492279053,0.6292616724967957,680,1413909127,2,2
175001,1920,2625015,336001920,23520,0.6395833492279053,128,175000,0.7030880451202393,1920,17,2,500000,1000,,175001.0,0.6484375,0.6150692701339722,0.637499988079071,0.629093587398529,684,1413909127,2,2
176001,1920,2640015,337921920,23520,0.637499988079071,128,176000,0.7069239616394043,1920,17,2,500000,1000,,176001.0,0.6468750238418579,0.6150744557380676,0.637499988079071,0.6288757920265198,688,1413909127,2,2
177001,1920,2655015,339841920,23520,0.637499988079071,128,177000,0.7107019424438477,1920,17,2,500000,1000,,177001.0,0.6468750238418579,0.6150689721107483,0.6395833492279053,0.6289457678794861,692,1413909127,2,2
178001,1920,2670015,341761920,23520,0.6395833492279053,128,178000,0.7144920825958252,1920,17,2,500000,1000,,178001.0,0.6489583253860474,0.6150703430175781,0.637499988079071,0.6290399432182312,696,1413909127,2,2
179001,1920,2685015,343681920,23520,0.637499988079071,128,179000,0.7182638645172119,1920,17,2,500000,1000,,179001.0,0.6484375,0.6150688529014587,0.637499988079071,0.6290428638458252,699,1413909127,2,2
180001,1920,2700015,345601920,23520,0.637499988079071,128,180000,0.7221736907958984,1920,17,2,500000,1000,,180001.0,0.6484375,0.6150697469711304,0.637499988079071,0.6295679807662964,703,1413909127,2,2
181001,1920,2715015,347521920,23520,0.637499988079071,128,181000,0.7260067462921143,1920,17,2,500000,1000,,181001.0,0.6479166746139526,0.6150728464126587,0.637499988079071,0.6289308071136475,707,1413909127,2,2
182001,1920,2730015,349441920,23520,0.637499988079071,128,182000,0.7298216819763184,1920,17,2,500000,1000,,182001.0,0.6489583253860474,0.6150704026222229,0.637499988079071,0.6290305852890015,711,1413909127,2,2
183001,1920,2745015,351361920,23520,0.637499988079071,128,183000,0.7335755825042725,1920,17,2,500000,1000,,183001.0,0.6484375,0.6150733232498169,0.637499988079071,0.6292828917503357,715,1413909127,2,2
184001,1920,2760015,353281920,23520,0.637499988079071,128,184000,0.7380285263061523,1920,17,2,500000,1000,,184001.0,0.6473958492279053,0.6150728464126587,0.637499988079071,0.6296945810317993,719,1413909127,2,2
185001,1920,2775015,355201920,23520,0.637499988079071,128,185000,0.7418043613433838,1920,17,2,500000,1000,,185001.0,0.6479166746139526,0.6150751709938049,0.6395833492279053,0.6292322278022766,723,1413909127,2,2
186001,1920,2790015,357121920,23520,0.6395833492279053,128,186000,0.745725154876709,1920,17,2,500000,1000,,186001.0,0.6473958492279053,0.6150702238082886,0.637499988079071,0.6291584372520447,727,1413909127,2,2
187001,1920,2805015,359041920,23520,0.637499988079071,128,187000,0.7494962215423584,1920,17,2,500000,1000,,187001.0,0.6484375,0.6150720119476318,0.6395833492279053,0.6293167471885681,731,1413909127,2,2
188001,1920,2820015,360961920,23520,0.6395833492279053,128,188000,0.7536451816558838,1920,17,2,500000,1000,,188001.0,0.6479166746139526,0.6150694489479065,0.637499988079071,0.6290081739425659,735,1413909127,2,2
189001,1920,2835015,362881920,23520,0.637499988079071,128,189000,0.7579841613769531,1920,17,2,500000,1000,,189001.0,0.6484375,0.6150740385055542,0.637499988079071,0.6294952034950256,739,1413909127,2,2
190001,1920,2850015,364801920,23520,0.637499988079071,128,190000,0.7618272304534912,1920,17,2,500000,1000,,190001.0,0.6484375,0.6150698065757751,0.637499988079071,0.6289471983909607,744,1413909127,2,2
191001,1920,2865015,366721920,23520,0.637499988079071,128,191000,0.7656245231628418,1920,17,2,500000,1000,,191001.0,0.6458333134651184,0.6150726079940796,0.637499988079071,0.6295129060745239,748,1413909127,2,2
192001,1920,2880015,368641920,23520,0.637499988079071,128,192000,0.7694575786590576,1920,17,2,500000,1000,,192001.0,0.6468750238418579,0.6150721907615662,0.6395833492279053,0.6297575831413269,752,1413909127,2,2
193001,1920,2895015,370561920,23520,0.6395833492279053,128,193000,0.7732374668121338,1920,17,2,500000,1000,,193001.0,0.6484375,0.6150695085525513,0.637499988079071,0.6290463209152222,756,1413909127,2,2
194001,1920,2910015,372481920,23520,0.637499988079071,128,194000,0.777658224105835,1920,17,2,500000,1000,,194001.0,0.6463541388511658,0.6150737404823303,0.637499988079071,0.629298210144043,759,1413909127,2,2
195001,1920,2925015,374401920,23520,0.637499988079071,128,195000,0.7814483642578125,1920,17,2,500000,1000,,195001.0,0.6458333134651184,0.6150741577148438,0.6395833492279053,0.6294050812721252,763,1413909127,2,2
196001,1920,2940015,376321920,23520,0.6395833492279053,128,196000,0.785179615020752,1920,17,2,500000,1000,,196001.0,0.6479166746139526,0.6150715947151184,0.637499988079071,0.6295919418334961,767,1413909127,2,2
197001,1920,2955015,378241920,23520,0.637499988079071,128,197000,0.7889485359191895,1920,17,2,500000,1000,,197001.0,0.6463541388511658,0.6150743961334229,0.6395833492279053,0.6289151310920715,771,1413909127,2,2
198001,1920,2970015,380161920,23520,0.6395833492279053,128,198000,0.7927112579345703,1920,17,2,500000,1000,,198001.0,0.6494791507720947,0.615074098110199,0.6395833492279053,0.6288456320762634,775,1413909127,2,2
199001,1920,2985015,382081920,23520,0.6395833492279053,128,199000,0.7964835166931152,1920,17,2,500000,1000,,199001.0,0.6479166746139526,0.6150692701339722,0.6395833492279053,0.6296113729476929,779,1413909127,2,2
200001,1920,3000015,384001920,23520,0.6395833492279053,128,200000,0.8002793788909912,1920,17,2,500000,1000,,200001.0,0.6479166746139526,0.615070104598999,0.637499988079071,0.6294643878936768,783,1413909127,2,2
201001,1920,3015015,385921920,23520,0.637499988079071,128,201000,0.8040335178375244,1920,17,2,500000,1000,,201001.0,0.6484375,0.6150720715522766,0.637499988079071,0.6297410130500793,787,1413909127,2,2
202001,1920,3030015,387841920,23520,0.637499988079071,128,202000,0.8078136444091797,1920,17,2,500000,1000,,202001.0,0.6479166746139526,0.6150711178779602,0.637499988079071,0.629031240940094,791,1413909127,2,2
203001,1920,3045015,389761920,23520,0.637499988079071,128,203000,0.8117835521697998,1920,17,2,500000,1000,,203001.0,0.6473958492279053,0.6150730848312378,0.637499988079071,0.6290972828865051,795,1413909127,2,2
204001,1920,3060015,391681920,23520,0.637499988079071,128,204000,0.8155975341796875,1920,17,2,500000,1000,,204001.0,0.6473958492279053,0.6150671243667603,0.637499988079071,0.6291344165802002,799,1413909127,2,2
205001,1920,3075015,393601920,23520,0.637499988079071,128,205000,0.8194596767425537,1920,17,2,500000,1000,,205001.0,0.6489583253860474,0.6150702238082886,0.637499988079071,0.6290531158447266,802,1413909127,2,2
206001,1920,3090015,395521920,23520,0.637499988079071,128,206000,0.8232724666595459,1920,17,2,500000,1000,,206001.0,0.6479166746139526,0.6150709986686707,0.637499988079071,0.6286785006523132,806,1413909127,2,2
207001,1920,3105015,397441920,23520,0.637499988079071,128,207000,0.8270204067230225,1920,17,2,500000,1000,,207001.0,0.6473958492279053,0.6150681972503662,0.6395833492279053,0.629332959651947,810,1413909127,2,2
208001,1920,3120015,399361920,23520,0.6395833492279053,128,208000,0.8307902812957764,1920,17,2,500000,1000,,208001.0,0.6463541388511658,0.6150690317153931,0.637499988079071,0.6290737390518188,814,1413909127,2,2
209001,1920,3135015,401281920,23520,0.637499988079071,128,209000,0.8345162868499756,1920,17,2,500000,1000,,209001.0,0.6479166746139526,0.6150712966918945,0.637499988079071,0.6290934681892395,819,1413909127,2,2
210001,1920,3150015,403201920,23520,0.637499988079071,128,210000,0.8382635116577148,1920,17,2,500000,1000,,210001.0,0.6468750238418579,0.6150711178779602,0.637499988079071,0.6293243169784546,823,1413909127,2,2
211001,1920,3165015,405121920,23520,0.637499988079071,128,211000,0.8425765037536621,1920,17,2,500000,1000,,211001.0,0.6494791507720947,0.6150704622268677,0.6395833492279053,0.6289508938789368,827,1413909127,2,2
212001,1920,3180015,407041920,23520,0.6395833492279053,128,212000,0.8465564250946045,1920,17,2,500000,1000,,212001.0,0.6489583253860474,0.615074872970581,0.637499988079071,0.628862202167511,831,1413909127,2,2
213001,1920,3195015,408961920,23520,0.637499988079071,128,213000,0.8505973815917969,1920,17,2,500000,1000,,213001.0,0.6499999761581421,0.6150720715522766,0.637499988079071,0.6296899318695068,835,1413909127,2,2
214001,1920,3210015,410881920,23520,0.637499988079071,128,214000,0.854363203048706,1920,17,2,500000,1000,,214001.0,0.6468750238418579,0.6150683760643005,0.637499988079071,0.6298865079879761,839,1413909127,2,2
215001,1920,3225015,412801920,23520,0.637499988079071,128,215000,0.858147144317627,1920,17,2,500000,1000,,215001.0,0.6468750238418579,0.6150713562965393,0.637499988079071,0.6293324828147888,843,1413909127,2,2
216001,1920,3240015,414721920,23520,0.637499988079071,128,216000,0.8619101047515869,1920,17,2,500000,1000,,216001.0,0.6479166746139526,0.6150746941566467,0.6395833492279053,0.6298389434814453,847,1413909127,2,2
217001,1920,3255015,416641920,23520,0.6395833492279053,128,217000,0.866908073425293,1920,17,2,500000,1000,,217001.0,0.6479166746139526,0.615075409412384,0.637499988079071,0.6299352049827576,851,1413909127,2,2
218001,1920,3270015,418561920,23520,0.637499988079071,128,218000,0.8729848861694336,1920,17,2,500000,1000,,218001.0,0.6479166746139526,0.6150728464126587,0.637499988079071,0.6294678449630737,855,1413909127,2,2
219001,1920,3285015,420481920,23520,0.637499988079071,128,219000,0.8767468929290771,1920,17,2,500000,1000,,219001.0,0.6473958492279053,0.6150687336921692,0.637499988079071,0.6293455362319946,859,1413909127,2,2
220001,1920,3300015,422401920,23520,0.637499988079071,128,220000,0.8805313110351562,1920,17,2,500000,1000,,220001.0,0.6468750238418579,0.6150729060173035,0.637499988079071,0.629532516002655,863,1413909127,2,2
221001,1920,3315015,424321920,23520,0.637499988079071,128,221000,0.8843381404876709,1920,17,2,500000,1000,,221001.0,0.6484375,0.6150721311569214,0.637499988079071,0.6294398903846741,867,1413909127,2,2
222001,1920,3330015,426241920,23520,0.637499988079071,128,222000,0.8881361484527588,1920,17,2,500000,1000,,222001.0,0.6479166746139526,0.6150708794593811,0.637499988079071,0.6295703649520874,871,1413909127,2,2
223001,1920,3345015,428161920,23520,0.637499988079071,128,223000,0.8919072151184082,1920,17,2,500000,1000,,223001.0,0.6473958492279053,0.6150716543197632,0.637499988079071,0.6294441223144531,875,1413909127,2,2
224001,1920,3360015,430081920,23520,0.637499988079071,128,224000,0.8956501483917236,1920,17,2,500000,1000,,224001.0,0.6463541388511658,0.6150681972503662,0.637499988079071,0.6293457746505737,879,1413909127,2,2
225001,1920,3375015,432001920,23520,0.637499988079071,128,225000,0.8994431495666504,1920,17,2,500000,1000,,225001.0,0.6468750238418579,0.6150699257850647,0.637499988079071,0.6296568512916565,883,1413909127,2,2
226001,1920,3390015,433921920,23520,0.637499988079071,128,226000,0.9032402038574219,1920,17,2,500000,1000,,226001.0,0.6473958492279053,0.6150736212730408,0.637499988079071,0.6290869116783142,886,1413909127,2,2
227001,1920,3405015,435841920,23520,0.637499988079071,128,227000,0.9070541858673096,1920,17,2,500000,1000,,227001.0,0.6494791507720947,0.6150698065757751,0.637499988079071,0.6292027831077576,891,1413909127,2,2
228001,1920,3420015,437761920,23520,0.637499988079071,128,228000,0.9108223915100098,1920,17,2,500000,1000,,228001.0,0.6463541388511658,0.6150770783424377,0.6395833492279053,0.6291230916976929,895,1413909127,2,2
229001,1920,3435015,439681920,23520,0.6395833492279053,128,229000,0.9145915508270264,1920,17,2,500000,1000,,229001.0,0.6473958492279053,0.6150748133659363,0.637499988079071,0.62894207239151,899,1413909127,2,2
230001,1920,3450015,441601920,23520,0.637499988079071,128,230000,0.9183435440063477,1920,17,2,500000,1000,,230001.0,0.6473958492279053,0.6150694489479065,0.637499988079071,0.6291723847389221,903,1413909127,2,2
231001,1920,3465015,443521920,23520,0.637499988079071,128,231000,0.9226555824279785,1920,17,2,500000,1000,,231001.0,0.6479166746139526,0.6150673031806946,0.637499988079071,0.6290516257286072,907,1413909127,2,2
232001,1920,3480015,445441920,23520,0.637499988079071,128,232000,0.926459550857544,1920,17,2,500000,1000,,232001.0,0.6473958492279053,0.6150700449943542,0.6395833492279053,0.6293102502822876,911,1413909127,2,2
233001,1920,3495015,447361920,23520,0.6395833492279053,128,233000,0.9302306175231934,1920,17,2,500000,1000,,233001.0,0.6489583253860474,0.615073025226593,0.637499988079071,0.6295701265335083,914,1413909127,2,2
234001,1920,3510015,449281920,23520,0.637499988079071,128,234000,0.9339747428894043,1920,17,2,500000,1000,,234001.0,0.6458333134651184,0.6150707006454468,0.637499988079071,0.629180908203125,918,1413909127,2,2
235001,1920,3525015,451201920,23520,0.637499988079071,128,235000,0.9382658004760742,1920,17,2,500000,1000,,235001.0,0.6489583253860474,0.6150726079940796,0.637499988079071,0.6291930079460144,922,1413909127,2,2
236001,1920,3540015,453121920,23520,0.637499988079071,128,236000,0.9423797130584717,1920,17,2,500000,1000,,236001.0,0.6499999761581421,0.6150718331336975,0.637499988079071,0.6292871832847595,926,1413909127,2,2
237001,1920,3555015,455041920,23520,0.637499988079071,128,237000,0.9463756084442139,1920,17,2,500000,1000,,237001.0,0.6468750238418579,0.615074098110199,0.637499988079071,0.6289879083633423,930,1413909127,2,2
238001,1920,3570015,456961920,23520,0.637499988079071,128,238000,0.9505770206451416,1920,17,2,500000,1000,,238001.0,0.6484375,0.6150718927383423,0.637499988079071,0.6290912628173828,934,1413909127,2,2
239001,1920,3585015,458881920,23520,0.637499988079071,128,239000,0.95452880859375,1920,17,2,500000,1000,,239001.0,0.6479166746139526,0.6150700449943542,0.637499988079071,0.6290956139564514,939,1413909127,2,2
240001,1920,3600015,460801920,23520,0.637499988079071,128,240000,0.9584507942199707,1920,17,2,500000,1000,,240001.0,0.6463541388511658,0.61507248878479,0.6354166865348816,0.6295693516731262,943,1413909127,2,2
241001,1920,3615015,462721920,23520,0.6354166865348816,128,241000,0.9629428386688232,1920,17,2,500000,1000,,241001.0,0.6484375,0.615075409412384,0.6395833492279053,0.6288052797317505,947,1413909127,2,2
242001,1920,3630015,464641920,23520,0.6395833492279053,128,242000,0.9667649269104004,1920,17,2,500000,1000,,242001.0,0.6489583253860474,0.615069568157196,0.637499988079071,0.6290784478187561,951,1413909127,2,2
243001,1920,3645015,466561920,23520,0.637499988079071,128,243000,0.9707369804382324,1920,17,2,500000,1000,,243001.0,0.6499999761581421,0.6150771379470825,0.637499988079071,0.62981116771698,955,1413909127,2,2
244001,1920,3660015,468481920,23520,0.637499988079071,128,244000,0.9757938385009766,1920,17,2,500000,1000,,244001.0,0.6499999761581421,0.6150758266448975,0.637499988079071,0.6296085715293884,959,1413909127,2,2
245001,1920,3675015,470401920,23520,0.637499988079071,128,245000,0.9802460670471191,1920,17,2,500000,1000,,245001.0,0.6473958492279053,0.615068256855011,0.6395833492279053,0.6292043328285217,963,1413909127,2,2
246001,1920,3690015,472321920,23520,0.6395833492279053,128,246000,0.9840652942657471,1920,17,2,500000,1000,,246001.0,0.6479166746139526,0.6150677800178528,0.637499988079071,0.6292800903320312,967,1413909127,2,2
247001,1920,3705015,474241920,23520,0.637499988079071,128,247000,0.987795352935791,1920,17,2,500000,1000,,247001.0,0.6473958492279053,0.6150758862495422,0.637499988079071,0.6289077997207642,971,1413909127,2,2
248001,1920,3720015,476161920,23520,0.637499988079071,128,248000,0.9916946887969971,1920,17,2,500000,1000,,248001.0,0.6479166746139526,0.6150697469711304,0.637499988079071,0.6295934319496155,975,1413909127,2,2
249001,1920,3735015,478081920,23520,0.637499988079071,128,249000,0.9958615303039551,1920,17,2,500000,1000,,249001.0,0.6489583253860474,0.6150703430175781,0.637499988079071,0.6291428208351135,979,1413909127,2,2
250001,1920,3750015,480001920,23520,0.637499988079071,128,250000,0.999645471572876,1920,17,2,500000,1000,,250001.0,0.6473958492279053,0.6150743365287781,0.637499988079071,0.6289774775505066,983,1413909127,2,2
251001,1920,3765015,481921920,23520,0.637499988079071,128,251000,1.0036203861236572,1920,17,2,500000,1000,,251001.0,0.6484375,0.6150732636451721,0.637499988079071,0.629436194896698,987,1413909127,2,2
252001,1920,3780015,483841920,23520,0.637499988079071,128,252000,1.0073823928833008,1920,17,2,500000,1000,,252001.0,0.6494791507720947,0.6150697469711304,0.637499988079071,0.6290942430496216,991,1413909127,2,2
253001,1920,3795015,485761920,23520,0.637499988079071,128,253000,1.0113253593444824,1920,17,2,500000,1000,,253001.0,0.6473958492279053,0.6150665283203125,0.637499988079071,0.6291661858558655,995,1413909127,2,2
254001,1920,3810015,487681920,23520,0.637499988079071,128,254000,1.0150713920593262,1920,17,2,500000,1000,,254001.0,0.6484375,0.6150713562965393,0.637499988079071,0.6293287873268127,998,1413909127,2,2
255001,1920,3825015,489601920,23520,0.637499988079071,128,255000,1.0190012454986572,1920,17,2,500000,1000,,255001.0,0.6463541388511658,0.615075409412384,0.6395833492279053,0.6293181777000427,1002,1413909127,2,2
256001,1920,3840015,491521920,23520,0.6395833492279053,128,256000,1.0227692127227783,1920,17,2,500000,1000,,256001.0,0.6468750238418579,0.6150705814361572,0.6354166865348816,0.6286539435386658,1006,1413909127,2,2
257001,1920,3855015,493441920,23520,0.6354166865348816,128,257000,1.0264911651611328,1920,17,2,500000,1000,,257001.0,0.6479166746139526,0.6150705218315125,0.637499988079071,0.6291897296905518,1010,1413909127,2,2
258001,1920,3870015,495361920,23520,0.637499988079071,128,258000,1.0302271842956543,1920,17,2,500000,1000,,258001.0,0.6463541388511658,0.6150739192962646,0.6395833492279053,0.6288486123085022,1014,1413909127,2,2
259001,1920,3885015,497281920,23520,0.6395833492279053,128,259000,1.034034252166748,1920,17,2,500000,1000,,259001.0,0.6468750238418579,0.6150715351104736,0.637499988079071,0.6289001703262329,1018,1413909127,2,2
260001,1920,3900015,499201920,23520,0.637499988079071,128,260000,1.037809133529663,1920,17,2,500000,1000,,260001.0,0.6484375,0.6150708794593811,0.637499988079071,0.6292088031768799,1022,1413909127,2,2
261001,1920,3915015,501121920,23520,0.637499988079071,128,261000,1.0415678024291992,1920,17,2,500000,1000,,261001.0,0.6473958492279053,0.6150710582733154,0.637499988079071,0.6294090151786804,1026,1413909127,2,2
262001,1920,3930015,503041920,23520,0.637499988079071,128,262000,1.04533052444458,1920,17,2,500000,1000,,262001.0,0.6463541388511658,0.6150751709938049,0.6395833492279053,0.6289459466934204,1030,1413909127,2,2
263001,1920,3945015,504961920,23520,0.6395833492279053,128,263000,1.0496046543121338,1920,17,2,500000,1000,,263001.0,0.6468750238418579,0.6150720119476318,0.637499988079071,0.6287243962287903,1033,1413909127,2,2
264001,1920,3960015,506881920,23520,0.637499988079071,128,264000,1.0533816814422607,1920,17,2,500000,1000,,264001.0,0.6484375,0.6150699853897095,0.637499988079071,0.6290411353111267,1037,1413909127,2,2
265001,1920,3975015,508801920,23520,0.637499988079071,128,265000,1.0584516525268555,1920,17,2,500000,1000,,265001.0,0.6473958492279053,0.6150699257850647,0.637499988079071,0.6292445659637451,1041,1413909127,2,2
266001,1920,3990015,510721920,23520,0.637499988079071,128,266000,1.062225580215454,1920,17,2,500000,1000,,266001.0,0.6484375,0.6150702238082886,0.637499988079071,0.6290597319602966,1045,1413909127,2,2
267001,1920,4005015,512641920,23520,0.637499988079071,128,267000,1.0660436153411865,1920,17,2,500000,1000,,267001.0,0.6479166746139526,0.6150684952735901,0.637499988079071,0.6288718581199646,1049,1413909127,2,2
268001,1920,4020015,514561920,23520,0.637499988079071,128,268000,1.069969654083252,1920,17,2,500000,1000,,268001.0,0.6468750238418579,0.6150705218315125,0.637499988079071,0.6288570165634155,1053,1413909127,2,2
269001,1920,4035015,516481920,23520,0.637499988079071,128,269000,1.0737483501434326,1920,17,2,500000,1000,,269001.0,0.6473958492279053,0.6150701642036438,0.637499988079071,0.6294086575508118,1057,1413909127,2,2
270001,1920,4050015,518401920,23520,0.637499988079071,128,270000,1.0775554180145264,1920,17,2,500000,1000,,270001.0,0.6463541388511658,0.6150730848312378,0.6395833492279053,0.6294856667518616,1061,1413909127,2,2
271001,1920,4065015,520321920,23520,0.6395833492279053,128,271000,1.0813093185424805,1920,17,2,500000,1000,,271001.0,0.6479166746139526,0.6150695085525513,0.637499988079071,0.6291446089744568,1064,1413909127,2,2
272001,1920,4080015,522241920,23520,0.637499988079071,128,272000,1.0851423740386963,1920,17,2,500000,1000,,272001.0,0.6458333134651184,0.6150727868080139,0.6395833492279053,0.6291080713272095,1068,1413909127,2,2
273001,1920,4095015,524161920,23520,0.6395833492279053,128,273000,1.088848352432251,1920,17,2,500000,1000,,273001.0,0.6479166746139526,0.6150721311569214,0.637499988079071,0.63011234998703,1072,1413909127,2,2
274001,1920,4110015,526081920,23520,0.637499988079071,128,274000,1.0933761596679688,1920,17,2,500000,1000,,274001.0,0.6468750238418579,0.6150741577148438,0.637499988079071,0.6290632486343384,1076,1413909127,2,2
275001,1920,4125015,528001920,23520,0.637499988079071,128,275000,1.097135066986084,1920,17,2,500000,1000,,275001.0,0.6473958492279053,0.6150713562965393,0.6395833492279053,0.6289476752281189,1080,1413909127,2,2
276001,1920,4140015,529921920,23520,0.6395833492279053,128,276000,1.100856065750122,1920,17,2,500000,1000,,276001.0,0.6468750238418579,0.6150670647621155,0.637499988079071,0.6289961338043213,1084,1413909127,2,2
277001,1920,4155015,531841920,23520,0.637499988079071,128,277000,1.104640007019043,1920,17,2,500000,1000,,277001.0,0.6468750238418579,0.6150739789009094,0.637499988079071,0.6287570595741272,1087,1413909127,2,2
278001,1920,4170015,533761920,23520,0.637499988079071,128,278000,1.1084048748016357,1920,17,2,500000,1000,,278001.0,0.6473958492279053,0.6150696277618408,0.6395833492279053,0.6292905807495117,1091,1413909127,2,2
279001,1920,4185015,535681920,23520,0.6395833492279053,128,279000,1.112135887145996,1920,17,2,500000,1000,,279001.0,0.6494791507720947,0.6150683164596558,0.637499988079071,0.6290991902351379,1095,1413909127,2,2
280001,1920,4200015,537601920,23520,0.637499988079071,128,280000,1.1160080432891846,1920,17,2,500000,1000,,280001.0,0.651562511920929,0.6150714159011841,0.637499988079071,0.628850519657135,1099,1413909127,2,2
281001,1920,4215015,539521920,23520,0.637499988079071,128,281000,1.1197741031646729,1920,17,2,500000,1000,,281001.0,0.6484375,0.6150702238082886,0.6395833492279053,0.6294451951980591,1103,1413909127,2,2
282001,1920,4230015,541441920,23520,0.6395833492279053,128,282000,1.123629093170166,1920,17,2,500000,1000,,282001.0,0.6468750238418579,0.6150720119476318,0.6395833492279053,0.6291449069976807,1107,1413909127,2,2
283001,1920,4245015,543361920,23520,0.6395833492279053,128,283000,1.1274549961090088,1920,17,2,500000,1000,,283001.0,0.6473958492279053,0.6150707006454468,0.637499988079071,0.6290460228919983,1111,1413909127,2,2
284001,1920,4260015,545281920,23520,0.637499988079071,128,284000,1.131295919418335,1920,17,2,500000,1000,,284001.0,0.6479166746139526,0.6150696873664856,0.637499988079071,0.6294196844100952,1115,1413909127,2,2
285001,1920,4275015,547201920,23520,0.637499988079071,128,285000,1.1350350379943848,1920,17,2,500000,1000,,285001.0,0.6463541388511658,0.6150713562965393,0.6395833492279053,0.6292187571525574,1119,1413909127,2,2
286001,1920,4290015,549121920,23520,0.6395833492279053,128,286000,1.1389961242675781,1920,17,2,500000,1000,,286001.0,0.6463541388511658,0.6150709986686707,0.637499988079071,0.6289076209068298,1123,1413909127,2,2
287001,1920,4305015,551041920,23520,0.637499988079071,128,287000,1.1428451538085938,1920,17,2,500000,1000,,287001.0,0.6489583253860474,0.6150700449943542,0.637499988079071,0.6293160915374756,1127,1413909127,2,2
288001,1920,4320015,552961920,23520,0.637499988079071,128,288000,1.1469647884368896,1920,17,2,500000,1000,,288001.0,0.6484375,0.6150711178779602,0.6395833492279053,0.629365861415863,1131,1413909127,2,2
289001,1920,4335015,554881920,23520,0.6395833492279053,128,289000,1.1507506370544434,1920,17,2,500000,1000,,289001.0,0.6494791507720947,0.6150774359703064,0.6395833492279053,0.6290782690048218,1135,1413909127,2,2
290001,1920,4350015,556801920,23520,0.6395833492279053,128,290000,1.1544935703277588,1920,17,2,500000,1000,,290001.0,0.6473958492279053,0.6150729060173035,0.6395833492279053,0.6295067071914673,1138,1413909127,2,2
291001,1920,4365015,558721920,23520,0.6395833492279053,128,291000,1.1592905521392822,1920,17,2,500000,1000,,291001.0,0.6489583253860474,0.6150699257850647,0.637499988079071,0.6294400691986084,1142,1413909127,2,2
292001,1920,4380015,560641920,23520,0.637499988079071,128,292000,1.1632275581359863,1920,17,2,500000,1000,,292001.0,0.6463541388511658,0.6150740385055542,0.6395833492279053,0.6296541690826416,1146,1413909127,2,2
293001,1920,4395015,562561920,23520,0.6395833492279053,128,293000,1.1672217845916748,1920,17,2,500000,1000,,293001.0,0.6468750238418579,0.615067183971405,0.637499988079071,0.6293095946311951,1150,1413909127,2,2
294001,1920,4410015,564481920,23520,0.637499988079071,128,294000,1.1709957122802734,1920,17,2,500000,1000,,294001.0,0.6484375,0.6150676608085632,0.637499988079071,0.6294927000999451,1154,1413909127,2,2
295001,1920,4425015,566401920,23520,0.637499988079071,128,295000,1.174757719039917,1920,17,2,500000,1000,,295001.0,0.6484375,0.6150766015052795,0.637499988079071,0.6295395493507385,1158,1413909127,2,2
296001,1920,4440015,568321920,23520,0.637499988079071,128,296000,1.1785218715667725,1920,17,2,500000,1000,,296001.0,0.6510416865348816,0.6150743961334229,0.637499988079071,0.6291162967681885,1162,1413909127,2,2
297001,1920,4455015,570241920,23520,0.637499988079071,128,297000,1.1823070049285889,1920,17,2,500000,1000,,297001.0,0.6510416865348816,0.6150687336921692,0.637499988079071,0.6293566226959229,1166,1413909127,2,2
298001,1920,4470015,572161920,23520,0.637499988079071,128,298000,1.1860740184783936,1920,17,2,500000,1000,,298001.0,0.6463541388511658,0.6150680184364319,0.637499988079071,0.6292765140533447,1169,1413909127,2,2
299001,1920,4485015,574081920,23520,0.637499988079071,128,299000,1.1898472309112549,1920,17,2,500000,1000,,299001.0,0.6484375,0.6150729060173035,0.637499988079071,0.6289122104644775,1173,1413909127,2,2
300001,1920,4500015,576001920,23520,0.637499988079071,128,300000,1.1935791969299316,1920,17,2,500000,1000,,300001.0,0.6473958492279053,0.6150702834129333,0.637499988079071,0.6286073923110962,1177,1413909127,2,2
301001,1920,4515015,577921920,23520,0.637499988079071,128,301000,1.1973292827606201,1920,17,2,500000,1000,,301001.0,0.6468750238418579,0.6150690317153931,0.637499988079071,0.6288490891456604,1181,1413909127,2,2
302001,1920,4530015,579841920,23520,0.637499988079071,128,302000,1.2010934352874756,1920,17,2,500000,1000,,302001.0,0.6494791507720947,0.6150712370872498,0.637499988079071,0.6291316151618958,1185,1413909127,2,2
303001,1920,4545015,581761920,23520,0.637499988079071,128,303000,1.2048475742340088,1920,17,2,500000,1000,,303001.0,0.6473958492279053,0.615071177482605,0.6395833492279053,0.629181444644928,1188,1413909127,2,2
304001,1920,4560015,583681920,23520,0.6395833492279053,128,304000,1.2087197303771973,1920,17,2,500000,1000,,304001.0,0.6479166746139526,0.6150697469711304,0.637499988079071,0.6293586492538452,1192,1413909127,2,2
305001,1920,4575015,585601920,23520,0.637499988079071,128,305000,1.212493658065796,1920,17,2,500000,1000,,305001.0,0.6463541388511658,0.6150697469711304,0.637499988079071,0.6295739412307739,1196,1413909127,2,2
306001,1920,4590015,587521920,23520,0.637499988079071,128,306000,1.2164216041564941,1920,17,2,500000,1000,,306001.0,0.6489583253860474,0.6150734424591064,0.637499988079071,0.6289257407188416,1200,1413909127,2,2
307001,1920,4605015,589441920,23520,0.637499988079071,128,307000,1.2212235927581787,1920,17,2,500000,1000,,307001.0,0.6479166746139526,0.6150681972503662,0.637499988079071,0.6292075514793396,1204,1413909127,2,2
308001,1920,4620015,591361920,23520,0.637499988079071,128,308000,1.2249555587768555,1920,17,2,500000,1000,,308001.0,0.6479166746139526,0.6150718927383423,0.6395833492279053,0.6292272806167603,1208,1413909127,2,2
309001,1920,4635015,593281920,23520,0.6395833492279053,128,309000,1.2287075519561768,1920,17,2,500000,1000,,309001.0,0.6473958492279053,0.6150668859481812,0.6395833492279053,0.6291572451591492,1211,1413909127,2,2
310001,1920,4650015,595201920,23520,0.6395833492279053,128,310000,1.2324142456054688,1920,17,2,500000,1000,,310001.0,0.6468750238418579,0.6150715947151184,0.6395833492279053,0.6294665932655334,1215,1413909127,2,2
311001,1920,4665015,597121920,23520,0.6395833492279053,128,311000,1.2362730503082275,1920,17,2,500000,1000,,311001.0,0.6494791507720947,0.6150684952735901,0.6395833492279053,0.6293809413909912,1219,1413909127,2,2
312001,1920,4680015,599041920,23520,0.6395833492279053,128,312000,1.240060806274414,1920,17,2,500000,1000,,312001.0,0.6468750238418579,0.6150686144828796,0.637499988079071,0.6291142702102661,1223,1413909127,2,2
313001,1920,4695015,600961920,23520,0.637499988079071,128,313000,1.2438507080078125,1920,17,2,500000,1000,,313001.0,0.6473958492279053,0.6150684952735901,0.637499988079071,0.629246711730957,1227,1413909127,2,2
314001,1920,4710015,602881920,23520,0.637499988079071,128,314000,1.2476325035095215,1920,17,2,500000,1000,,314001.0,0.6484375,0.6150738000869751,0.637499988079071,0.6293668150901794,1230,1413909127,2,2
315001,1920,4725015,604801920,23520,0.637499988079071,128,315000,1.2513623237609863,1920,17,2,500000,1000,,315001.0,0.6473958492279053,0.6150708794593811,0.637499988079071,0.6288033723831177,1234,1413909127,2,2
316001,1920,4740015,606721920,23520,0.637499988079071,128,316000,1.2550930976867676,1920,17,2,500000,1000,,316001.0,0.6489583253860474,0.6150736212730408,0.637499988079071,0.6293836236000061,1238,1413909127,2,2
317001,1920,4755015,608641920,23520,0.637499988079071,128,317000,1.2588820457458496,1920,17,2,500000,1000,,317001.0,0.6463541388511658,0.6150677800178528,0.6395833492279053,0.6294464468955994,1242,1413909127,2,2
318001,1920,4770015,610561920,23520,0.6395833492279053,128,318000,1.2626361846923828,1920,17,2,500000,1000,,318001.0,0.6494791507720947,0.6150705814361572,0.6395833492279053,0.6290815472602844,1246,1413909127,2,2
319001,1920,4785015,612481920,23520,0.6395833492279053,128,319000,1.266418218612671,1920,17,2,500000,1000,,319001.0,0.6479166746139526,0.6150708794593811,0.6395833492279053,0.6291808485984802,1250,1413909127,2,2
320001,1920,4800015,614401920,23520,0.6395833492279053,128,320000,1.2701923847198486,1920,17,2,500000,1000,,320001.0,0.6468750238418579,0.6150712966918945,0.637499988079071,0.6293391585350037,1253,1413909127,2,2
321001,1920,4815015,616321920,23520,0.637499988079071,128,321000,1.2740371227264404,1920,17,2,500000,1000,,321001.0,0.6484375,0.6150732636451721,0.637499988079071,0.6289586424827576,1257,1413909127,2,2
322001,1920,4830015,618241920,23520,0.637499988079071,128,322000,1.277806282043457,1920,17,2,500000,1000,,322001.0,0.6489583253860474,0.6150694489479065,0.6395833492279053,0.6292572021484375,1261,1413909127,2,2
323001,1920,4845015,620161920,23520,0.6395833492279053,128,323000,1.2821123600006104,1920,17,2,500000,1000,,323001.0,0.6463541388511658,0.6150779128074646,0.6395833492279053,0.6291810274124146,1265,1413909127,2,2
324001,1920,4860015,622081920,23520,0.6395833492279053,128,324000,1.2865464687347412,1920,17,2,500000,1000,,324001.0,0.6473958492279053,0.6150716543197632,0.637499988079071,0.6293640732765198,1269,1413909127,2,2
325001,1920,4875015,624001920,23520,0.637499988079071,128,325000,1.2903735637664795,1920,17,2,500000,1000,,325001.0,0.6473958492279053,0.6150733232498169,0.637499988079071,0.6292493939399719,1274,1413909127,2,2
326001,1920,4890015,625921920,23520,0.637499988079071,128,326000,1.2941374778747559,1920,17,2,500000,1000,,326001.0,0.6473958492279053,0.6150699257850647,0.6395833492279053,0.6291351318359375,1278,1413909127,2,2
327001,1920,4905015,627841920,23520,0.6395833492279053,128,327000,1.2980015277862549,1920,17,2,500000,1000,,327001.0,0.6463541388511658,0.6150686144828796,0.6395833492279053,0.6293834447860718,1282,1413909127,2,2
328001,1920,4920015,629761920,23520,0.6395833492279053,128,328000,1.3018136024475098,1920,17,2,500000,1000,,328001.0,0.6473958492279053,0.6150680780410767,0.637499988079071,0.6289949417114258,1286,1413909127,2,2
329001,1920,4935015,631681920,23520,0.637499988079071,128,329000,1.3055808544158936,1920,17,2,500000,1000,,329001.0,0.6468750238418579,0.6150714755058289,0.637499988079071,0.6291132569313049,1290,1413909127,2,2
330001,1920,4950015,633601920,23520,0.637499988079071,128,330000,1.3106768131256104,1920,17,2,500000,1000,,330001.0,0.6463541388511658,0.6150750517845154,0.6395833492279053,0.6287820339202881,1294,1413909127,2,2
331001,1920,4965015,635521920,23520,0.6395833492279053,128,331000,1.3220548629760742,1920,17,2,500000,1000,,331001.0,0.6484375,0.6150675415992737,0.637499988079071,0.629155158996582,1298,1413909127,2,2
332001,1920,4980015,637441920,23520,0.637499988079071,128,332000,1.325855016708374,1920,17,2,500000,1000,,332001.0,0.6479166746139526,0.6150685548782349,0.637499988079071,0.6290566921234131,1302,1413909127,2,2
333001,1920,4995015,639361920,23520,0.637499988079071,128,333000,1.3296010494232178,1920,17,2,500000,1000,,333001.0,0.6484375,0.6150698065757751,0.637499988079071,0.6291505098342896,1306,1413909127,2,2
334001,1920,5010015,641281920,23520,0.637499988079071,128,334000,1.3333628177642822,1920,17,2,500000,1000,,334001.0,0.6468750238418579,0.61507248878479,0.637499988079071,0.628955066204071,1310,1413909127,2,2
335001,1920,5025015,643201920,23520,0.637499988079071,128,335000,1.33717679977417,1920,17,2,500000,1000,,335001.0,0.6479166746139526,0.6150691509246826,0.637499988079071,0.6293615102767944,1314,1413909127,2,2
336001,1920,5040015,645121920,23520,0.637499988079071,128,336000,1.3409500122070312,1920,17,2,500000,1000,,336001.0,0.6473958492279053,0.6150698065757751,0.637499988079071,0.6289024949073792,1318,1413909127,2,2
337001,1920,5055015,647041920,23520,0.637499988079071,128,337000,1.3455700874328613,1920,17,2,500000,1000,,337001.0,0.6489583253860474,0.6150699257850647,0.637499988079071,0.6286381483078003,1322,1413909127,2,2
338001,1920,5070015,648961920,23520,0.637499988079071,128,338000,1.3496191501617432,1920,17,2,500000,1000,,338001.0,0.6473958492279053,0.6150704622268677,0.637499988079071,0.6291101574897766,1326,1413909127,2,2
339001,1920,5085015,650881920,23520,0.637499988079071,128,339000,1.3533811569213867,1920,17,2,500000,1000,,339001.0,0.6473958492279053,0.6150704026222229,0.637499988079071,0.629185676574707,1330,1413909127,2,2
340001,1920,5100015,652801920,23520,0.637499988079071,128,340000,1.3571202754974365,1920,17,2,500000,1000,,340001.0,0.6473958492279053,0.6150733828544617,0.637499988079071,0.6297400593757629,1334,1413909127,2,2
341001,1920,5115015,654721920,23520,0.637499988079071,128,341000,1.3608782291412354,1920,17,2,500000,1000,,341001.0,0.6484375,0.6150741577148438,0.637499988079071,0.6289308071136475,1338,1413909127,2,2
342001,1920,5130015,656641920,23520,0.637499988079071,128,342000,1.3648722171783447,1920,17,2,500000,1000,,342001.0,0.6484375,0.6150780916213989,0.637499988079071,0.6286105513572693,1342,1413909127,2,2
343001,1920,5145015,658561920,23520,0.637499988079071,128,343000,1.3687019348144531,1920,17,2,500000,1000,,343001.0,0.6468750238418579,0.6150680184364319,0.637499988079071,0.6292546987533569,1346,1413909127,2,2
344001,1920,5160015,660481920,23520,0.637499988079071,128,344000,1.3728108406066895,1920,17,2,500000,1000,,344001.0,0.6479166746139526,0.6150707602500916,0.637499988079071,0.6290518045425415,1350,1413909127,2,2
345001,1920,5175015,662401920,23520,0.637499988079071,128,345000,1.3766248226165771,1920,17,2,500000,1000,,345001.0,0.6468750238418579,0.6150676012039185,0.637499988079071,0.6288414001464844,1354,1413909127,2,2
346001,1920,5190015,664321920,23520,0.637499988079071,128,346000,1.3803818225860596,1920,17,2,500000,1000,,346001.0,0.6479166746139526,0.615074872970581,0.637499988079071,0.6285765767097473,1357,1413909127,2,2
347001,1920,5205015,666241920,23520,0.637499988079071,128,347000,1.3842008113861084,1920,17,2,500000,1000,,347001.0,0.6468750238418579,0.6150743961334229,0.6395833492279053,0.6290448904037476,1362,1413909127,2,2
348001,1920,5220015,668161920,23520,0.6395833492279053,128,348000,1.3883347511291504,1920,17,2,500000,1000,,348001.0,0.6463541388511658,0.6150720715522766,0.6395833492279053,0.6290285587310791,1366,1413909127,2,2
349001,1920,5235015,670081920,23520,0.6395833492279053,128,349000,1.3923406600952148,1920,17,2,500000,1000,,349001.0,0.6494791507720947,0.6150699853897095,0.637499988079071,0.6296077370643616,1370,1413909127,2,2
350001,1920,5250015,672001920,23520,0.637499988079071,128,350000,1.3961317539215088,1920,17,2,500000,1000,,350001.0,0.6473958492279053,0.6150694489479065,0.637499988079071,0.6293622255325317,1374,1413909127,2,2
351001,1920,5265015,673921920,23520,0.637499988079071,128,351000,1.399897813796997,1920,17,2,500000,1000,,351001.0,0.6468750238418579,0.6150732636451721,0.637499988079071,0.6285409331321716,1378,1413909127,2,2
352001,1920,5280015,675841920,23520,0.637499988079071,128,352000,1.4036777019500732,1920,17,2,500000,1000,,352001.0,0.6479166746139526,0.6150716543197632,0.637499988079071,0.6292469501495361,1382,1413909127,2,2
353001,1920,5295015,677761920,23520,0.637499988079071,128,353000,1.4074735641479492,1920,17,2,500000,1000,,353001.0,0.6479166746139526,0.6150726079940796,0.6354166865348816,0.629010796546936,1386,1413909127,2,2
354001,1920,5310015,679681920,23520,0.6354166865348816,128,354000,1.4116415977478027,1920,17,2,500000,1000,,354001.0,0.6473958492279053,0.6150695085525513,0.637499988079071,0.6291942596435547,1390,1413909127,2,2
355001,1920,5325015,681601920,23520,0.637499988079071,128,355000,1.4158027172088623,1920,17,2,500000,1000,,355001.0,0.6479166746139526,0.6150693893432617,0.637499988079071,0.6292411684989929,1394,1413909127,2,2
356001,1920,5340015,683521920,23520,0.637499988079071,128,356000,1.4199626445770264,1920,17,2,500000,1000,,356001.0,0.6499999761581421,0.6150774359703064,0.637499988079071,0.6290298700332642,1398,1413909127,2,2
357001,1920,5355015,685441920,23520,0.637499988079071,128,357000,1.4242615699768066,1920,17,2,500000,1000,,357001.0,0.6468750238418579,0.6150681376457214,0.637499988079071,0.6296590566635132,1402,1413909127,2,2
358001,1920,5370015,687361920,23520,0.637499988079071,128,358000,1.4285547733306885,1920,17,2,500000,1000,,358001.0,0.6484375,0.615071177482605,0.637499988079071,0.6294787526130676,1406,1413909127,2,2
359001,1920,5385015,689281920,23520,0.637499988079071,128,359000,1.4323437213897705,1920,17,2,500000,1000,,359001.0,0.6473958492279053,0.615069568157196,0.637499988079071,0.6290329098701477,1410,1413909127,2,2
360001,1920,5400015,691201920,23520,0.637499988079071,128,360000,1.4369487762451172,1920,17,2,500000,1000,,360001.0,0.6463541388511658,0.6150678992271423,0.637499988079071,0.6294742822647095,1414,1413909127,2,2
361001,1920,5415015,693121920,23520,0.637499988079071,128,361000,1.4407246112823486,1920,17,2,500000,1000,,361001.0,0.6473958492279053,0.6150699853897095,0.637499988079071,0.6292364597320557,1418,1413909127,2,2
362001,1920,5430015,695041920,23520,0.637499988079071,128,362000,1.444469690322876,1920,17,2,500000,1000,,362001.0,0.6463541388511658,0.6150704622268677,0.637499988079071,0.6293957829475403,1422,1413909127,2,2
363001,1920,5445015,696961920,23520,0.637499988079071,128,363000,1.4483747482299805,1920,17,2,500000,1000,,363001.0,0.6494791507720947,0.6150702238082886,0.637499988079071,0.6294440627098083,1426,1413909127,2,2
364001,1920,5460015,698881920,23520,0.637499988079071,128,364000,1.4521596431732178,1920,17,2,500000,1000,,364001.0,0.6473958492279053,0.6150686740875244,0.637499988079071,0.6290566921234131,1430,1413909127,2,2
365001,1920,5475015,700801920,23520,0.637499988079071,128,365000,1.4561755657196045,1920,17,2,500000,1000,,365001.0,0.6473958492279053,0.6150677800178528,0.637499988079071,0.6292087435722351,1434,1413909127,2,2
366001,1920,5490015,702721920,23520,0.637499988079071,128,366000,1.4599575996398926,1920,17,2,500000,1000,,366001.0,0.6479166746139526,0.6150738596916199,0.637499988079071,0.6299338936805725,1438,1413909127,2,2
367001,1920,5505015,704641920,23520,0.637499988079071,128,367000,1.4638795852661133,1920,17,2,500000,1000,,367001.0,0.6463541388511658,0.6150677800178528,0.637499988079071,0.6293786764144897,1442,1413909127,2,2
368001,1920,5520015,706561920,23520,0.637499988079071,128,368000,1.4676077365875244,1920,17,2,500000,1000,,368001.0,0.6479166746139526,0.6150731444358826,0.6395833492279053,0.6291509866714478,1446,1413909127,2,2
369001,1920,5535015,708481920,23520,0.6395833492279053,128,369000,1.4720866680145264,1920,17,2,500000,1000,,369001.0,0.6479166746139526,0.6150718927383423,0.637499988079071,0.6294603943824768,1450,1413909127,2,2
370001,1920,5550015,710401920,23520,0.637499988079071,128,370000,1.4760944843292236,1920,17,2,500000,1000,,370001.0,0.6479166746139526,0.6150704622268677,0.637499988079071,0.6291521787643433,1454,1413909127,2,2
371001,1920,5565015,712321920,23520,0.637499988079071,128,371000,1.4798893928527832,1920,17,2,500000,1000,,371001.0,0.6468750238418579,0.6150712370872498,0.637499988079071,0.6290718913078308,1458,1413909127,2,2
372001,1920,5580015,714241920,23520,0.637499988079071,128,372000,1.4837374687194824,1920,17,2,500000,1000,,372001.0,0.6473958492279053,0.6150690317153931,0.637499988079071,0.6288549900054932,1462,1413909127,2,2
373001,1920,5595015,716161920,23520,0.637499988079071,128,373000,1.488112449645996,1920,17,2,500000,1000,,373001.0,0.6473958492279053,0.6150714755058289,0.637499988079071,0.6296373605728149,1466,1413909127,2,2
374001,1920,5610015,718081920,23520,0.637499988079071,128,374000,1.4918975830078125,1920,17,2,500000,1000,,374001.0,0.6479166746139526,0.6150669455528259,0.637499988079071,0.6290378570556641,1470,1413909127,2,2
375001,1920,5625015,720001920,23520,0.637499988079071,128,375000,1.4956414699554443,1920,17,2,500000,1000,,375001.0,0.6489583253860474,0.6150700449943542,0.637499988079071,0.6292993426322937,1474,1413909127,2,2
376001,1920,5640015,721921920,23520,0.637499988079071,128,376000,1.4994356632232666,1920,17,2,500000,1000,,376001.0,0.6468750238418579,0.6150668859481812,0.637499988079071,0.6290751099586487,1478,1413909127,2,2
377001,1920,5655015,723841920,23520,0.637499988079071,128,377000,1.5031697750091553,1920,17,2,500000,1000,,377001.0,0.6473958492279053,0.6150646209716797,0.637499988079071,0.6291439533233643,1482,1413909127,2,2
378001,1920,5670015,725761920,23520,0.637499988079071,128,378000,1.5070829391479492,1920,17,2,500000,1000,,378001.0,0.6489583253860474,0.6150676608085632,0.6395833492279053,0.6292199492454529,1486,1413909127,2,2
379001,1920,5685015,727681920,23520,0.6395833492279053,128,379000,1.5108957290649414,1920,17,2,500000,1000,,379001.0,0.6484375,0.6150665879249573,0.637499988079071,0.6291124224662781,1490,1413909127,2,2
380001,1920,5700015,729601920,23520,0.637499988079071,128,380000,1.514793872833252,1920,17,2,500000,1000,,380001.0,0.6468750238418579,0.6150690913200378,0.6395833492279053,0.62917160987854,1494,1413909127,2,2
381001,1920,5715015,731521920,23520,0.6395833492279053,128,381000,1.518676996231079,1920,17,2,500000,1000,,381001.0,0.6489583253860474,0.6150678992271423,0.6395833492279053,0.6291723847389221,1498,1413909127,2,2
382001,1920,5730015,733441920,23520,0.6395833492279053,128,382000,1.523542881011963,1920,17,2,500000,1000,,382001.0,0.6473958492279053,0.6150686144828796,0.637499988079071,0.6294671893119812,1502,1413909127,2,2
383001,1920,5745015,735361920,23520,0.637499988079071,128,383000,1.527554988861084,1920,17,2,500000,1000,,383001.0,0.6468750238418579,0.6150707602500916,0.6395833492279053,0.629234254360199,1506,1413909127,2,2
384001,1920,5760015,737281920,23520,0.6395833492279053,128,384000,1.5312929153442383,1920,17,2,500000,1000,,384001.0,0.6473958492279053,0.6150686740875244,0.637499988079071,0.628979504108429,1510,1413909127,2,2
385001,1920,5775015,739201920,23520,0.637499988079071,128,385000,1.5357038974761963,1920,17,2,500000,1000,,385001.0,0.6494791507720947,0.6150688529014587,0.6395833492279053,0.6296862363815308,1514,1413909127,2,2
386001,1920,5790015,741121920,23520,0.6395833492279053,128,386000,1.539458990097046,1920,17,2,500000,1000,,386001.0,0.6473958492279053,0.615069568157196,0.637499988079071,0.6293227076530457,1518,1413909127,2,2
387001,1920,5805015,743041920,23520,0.637499988079071,128,387000,1.5432748794555664,1920,17,2,500000,1000,,387001.0,0.6468750238418579,0.6150723695755005,0.637499988079071,0.6295754909515381,1522,1413909127,2,2
388001,1920,5820015,744961920,23520,0.637499988079071,128,388000,1.5478489398956299,1920,17,2,500000,1000,,388001.0,0.6463541388511658,0.6150723695755005,0.637499988079071,0.6288576722145081,1526,1413909127,2,2
389001,1920,5835015,746881920,23520,0.637499988079071,128,389000,1.5515987873077393,1920,17,2,500000,1000,,389001.0,0.6479166746139526,0.6150692105293274,0.637499988079071,0.629501223564148,1530,1413909127,2,2
390001,1920,5850015,748801920,23520,0.637499988079071,128,390000,1.5556809902191162,1920,17,2,500000,1000,,390001.0,0.6473958492279053,0.615068793296814,0.637499988079071,0.62923663854599,1534,1413909127,2,2
391001,1920,5865015,750721920,23520,0.637499988079071,128,391000,1.5594377517700195,1920,17,2,500000,1000,,391001.0,0.6479166746139526,0.6150701642036438,0.637499988079071,0.6294606924057007,1538,1413909127,2,2
392001,1920,5880015,752641920,23520,0.637499988079071,128,392000,1.563194751739502,1920,17,2,500000,1000,,392001.0,0.6468750238418579,0.6150695085525513,0.6395833492279053,0.629074215888977,1542,1413909127,2,2
393001,1920,5895015,754561920,23520,0.6395833492279053,128,393000,1.5669496059417725,1920,17,2,500000,1000,,393001.0,0.6473958492279053,0.6150741577148438,0.637499988079071,0.6290014386177063,1545,1413909127,2,2
394001,1920,5910015,756481920,23520,0.637499988079071,128,394000,1.5707976818084717,1920,17,2,500000,1000,,394001.0,0.6468750238418579,0.6150676608085632,0.637499988079071,0.6287630200386047,1549,1413909127,2,2
395001,1920,5925015,758401920,23520,0.637499988079071,128,395000,1.5745995044708252,1920,17,2,500000,1000,,395001.0,0.6484375,0.6150673031806946,0.637499988079071,0.6293011903762817,1553,1413909127,2,2
396001,1920,5940015,760321920,23520,0.637499988079071,128,396000,1.5783915519714355,1920,17,2,500000,1000,,396001.0,0.6494791507720947,0.6150693893432617,0.637499988079071,0.6291683316230774,1557,1413909127,2,2
397001,1920,5955015,762241920,23520,0.637499988079071,128,397000,1.5824215412139893,1920,17,2,500000,1000,,397001.0,0.6479166746139526,0.6150773167610168,0.6354166865348816,0.6293194890022278,1561,1413909127,2,2
398001,1920,5970015,764161920,23520,0.6354166865348816,128,398000,1.5862624645233154,1920,17,2,500000,1000,,398001.0,0.6463541388511658,0.6150680184364319,0.637499988079071,0.6289440989494324,1565,1413909127,2,2
399001,1920,5985015,766081920,23520,0.637499988079071,128,399000,1.590003252029419,1920,17,2,500000,1000,,399001.0,0.6473958492279053,0.6150703430175781,0.637499988079071,0.6294853687286377,1569,1413909127,2,2
400001,1920,6000015,768001920,23520,0.637499988079071,128,400000,1.5937743186950684,1920,17,2,500000,1000,,400001.0,0.6473958492279053,0.6150742173194885,0.637499988079071,0.629879891872406,1573,1413909127,2,2
401001,1920,6015015,769921920,23520,0.637499988079071,128,401000,1.5981361865997314,1920,17,2,500000,1000,,401001.0,0.6484375,0.6150761246681213,0.6395833492279053,0.6294000744819641,1577,1413909127,2,2
402001,1920,6030015,771841920,23520,0.6395833492279053,128,402000,1.6018991470336914,1920,17,2,500000,1000,,402001.0,0.6463541388511658,0.6150704622268677,0.6416666507720947,0.6293411254882812,1580,1413909127,2,2
403001,1920,6045015,773761920,23520,0.6416666507720947,128,403000,1.6058011054992676,1920,17,2,500000,1000,,403001.0,0.6510416865348816,0.615075409412384,0.6395833492279053,0.6297842264175415,1584,1413909127,2,2
404001,1920,6060015,775681920,23520,0.6395833492279053,128,404000,1.6096913814544678,1920,17,2,500000,1000,,404001.0,0.6473958492279053,0.6150735020637512,0.637499988079071,0.6290276646614075,1588,1413909127,2,2
405001,1920,6075015,777601920,23520,0.637499988079071,128,405000,1.613490343093872,1920,17,2,500000,1000,,405001.0,0.6463541388511658,0.6150690317153931,0.637499988079071,0.6294513940811157,1592,1413909127,2,2
406001,1920,6090015,779521920,23520,0.637499988079071,128,406000,1.617302417755127,1920,17,2,500000,1000,,406001.0,0.6479166746139526,0.6150680184364319,0.6395833492279053,0.6295310854911804,1596,1413909127,2,2
407001,1920,6105015,781441920,23520,0.6395833492279053,128,407000,1.621051549911499,1920,17,2,500000,1000,,407001.0,0.6479166746139526,0.6150703430175781,0.637499988079071,0.6292477250099182,1600,1413909127,2,2
408001,1920,6120015,783361920,23520,0.637499988079071,128,408000,1.6248524188995361,1920,17,2,500000,1000,,408001.0,0.6468750238418579,0.6150723695755005,0.6395833492279053,0.6293988823890686,1604,1413909127,2,2
409001,1920,6135015,785281920,23520,0.6395833492279053,128,409000,1.6287050247192383,1920,17,2,500000,1000,,409001.0,0.6484375,0.6150729656219482,0.6416666507720947,0.6291547417640686,1608,1413909127,2,2
410001,1920,6150015,787201920,23520,0.6416666507720947,128,410000,1.6330499649047852,1920,17,2,500000,1000,,410001.0,0.6479166746139526,0.6150739192962646,0.637499988079071,0.6293153166770935,1612,1413909127,2,2
411001,1920,6165015,789121920,23520,0.637499988079071,128,411000,1.6368367671966553,1920,17,2,500000,1000,,411001.0,0.6479166746139526,0.6150723099708557,0.637499988079071,0.6293069124221802,1616,1413909127,2,2
412001,1920,6180015,791041920,23520,0.637499988079071,128,412000,1.641664743423462,1920,17,2,500000,1000,,412001.0,0.6484375,0.6150687336921692,0.637499988079071,0.6291748881340027,1620,1413909127,2,2
413001,1920,6195015,792961920,23520,0.637499988079071,128,413000,1.6454229354858398,1920,17,2,500000,1000,,413001.0,0.6494791507720947,0.6150739192962646,0.637499988079071,0.6297048330307007,1624,1413909127,2,2
414001,1920,6210015,794881920,23520,0.637499988079071,128,414000,1.649467945098877,1920,17,2,500000,1000,,414001.0,0.6479166746139526,0.6150739789009094,0.637499988079071,0.6290573477745056,1628,1413909127,2,2
415001,1920,6225015,796801920,23520,0.637499988079071,128,415000,1.65327787399292,1920,17,2,500000,1000,,415001.0,0.6468750238418579,0.6150750517845154,0.637499988079071,0.6291520595550537,1632,1413909127,2,2
416001,1920,6240015,798721920,23520,0.637499988079071,128,416000,1.6570408344268799,1920,17,2,500000,1000,,416001.0,0.6494791507720947,0.6150760650634766,0.6395833492279053,0.6297340989112854,1636,1413909127,2,2
417001,1920,6255015,800641920,23520,0.6395833492279053,128,417000,1.6613929271697998,1920,17,2,500000,1000,,417001.0,0.6473958492279053,0.6150796413421631,0.637499988079071,0.6288880705833435,1640,1413909127,2,2
418001,1920,6270015,802561920,23520,0.637499988079071,128,418000,1.6652390956878662,1920,17,2,500000,1000,,418001.0,0.6484375,0.6150720119476318,0.637499988079071,0.6288073658943176,1644,1413909127,2,2
419001,1920,6285015,804481920,23520,0.637499988079071,128,419000,1.6690349578857422,1920,17,2,500000,1000,,419001.0,0.6468750238418579,0.6150748133659363,0.637499988079071,0.6292449831962585,1648,1413909127,2,2
420001,1920,6300015,806401920,23520,0.637499988079071,128,420000,1.6728019714355469,1920,17,2,500000,1000,,420001.0,0.6484375,0.6150723695755005,0.6354166865348816,0.6290813684463501,1652,1413909127,2,2
421001,1920,6315015,808321920,23520,0.6354166865348816,128,421000,1.6765799522399902,1920,17,2,500000,1000,,421001.0,0.6468750238418579,0.6150718331336975,0.637499988079071,0.6292111873626709,1656,1413909127,2,2
422001,1920,6330015,810241920,23520,0.637499988079071,128,422000,1.6803498268127441,1920,17,2,500000,1000,,422001.0,0.6489583253860474,0.615069568157196,0.6395833492279053,0.6291270852088928,1660,1413909127,2,2
423001,1920,6345015,812161920,23520,0.6395833492279053,128,423000,1.6841137409210205,1920,17,2,500000,1000,,423001.0,0.6494791507720947,0.615071177482605,0.637499988079071,0.6290137767791748,1663,1413909127,2,2
424001,1920,6360015,814081920,23520,0.637499988079071,128,424000,1.6888015270233154,1920,17,2,500000,1000,,424001.0,0.6489583253860474,0.6150722503662109,0.637499988079071,0.6292203664779663,1667,1413909127,2,2
425001,1920,6375015,816001920,23520,0.637499988079071,128,425000,1.6926095485687256,1920,17,2,500000,1000,,425001.0,0.6484375,0.6150701642036438,0.6354166865348816,0.6292253732681274,1671,1413909127,2,2
426001,1920,6390015,817921920,23520,0.6354166865348816,128,426000,1.6963536739349365,1920,17,2,500000,1000,,426001.0,0.6479166746139526,0.6150714159011841,0.637499988079071,0.6296087503433228,1675,1413909127,2,2
427001,1920,6405015,819841920,23520,0.637499988079071,128,427000,1.7001466751098633,1920,17,2,500000,1000,,427001.0,0.6473958492279053,0.6150690913200378,0.637499988079071,0.6292219161987305,1679,1413909127,2,2
428001,1920,6420015,821761920,23520,0.637499988079071,128,428000,1.704216718673706,1920,17,2,500000,1000,,428001.0,0.6468750238418579,0.6150702834129333,0.637499988079071,0.6291048526763916,1683,1413909127,2,2
429001,1920,6435015,823681920,23520,0.637499988079071,128,429000,1.7085497379302979,1920,17,2,500000,1000,,429001.0,0.6473958492279053,0.6150708794593811,0.6395833492279053,0.6289324164390564,1687,1413909127,2,2
430001,1920,6450015,825601920,23520,0.6395833492279053,128,430000,1.7123236656188965,1920,17,2,500000,1000,,430001.0,0.6479166746139526,0.6150699853897095,0.637499988079071,0.6295471787452698,1691,1413909127,2,2
431001,1920,6465015,827521920,23520,0.637499988079071,128,431000,1.7160727977752686,1920,17,2,500000,1000,,431001.0,0.6463541388511658,0.6150684356689453,0.637499988079071,0.6293825507164001,1695,1413909127,2,2
432001,1920,6480015,829441920,23520,0.637499988079071,128,432000,1.7199087142944336,1920,17,2,500000,1000,,432001.0,0.6458333134651184,0.6150687336921692,0.637499988079071,0.6291599273681641,1699,1413909127,2,2
433001,1920,6495015,831361920,23520,0.637499988079071,128,433000,1.7237160205841064,1920,17,2,500000,1000,,433001.0,0.6479166746139526,0.615070641040802,0.637499988079071,0.6289839148521423,1703,1413909127,2,2
434001,1920,6510015,833281920,23520,0.637499988079071,128,434000,1.7275187969207764,1920,17,2,500000,1000,,434001.0,0.6479166746139526,0.6150755286216736,0.6395833492279053,0.6291627883911133,1707,1413909127,2,2
435001,1920,6525015,835201920,23520,0.6395833492279053,128,435000,1.7318298816680908,1920,17,2,500000,1000,,435001.0,0.6479166746139526,0.6150766611099243,0.6395833492279053,0.629511296749115,1711,1413909127,2,2
436001,1920,6540015,837121920,23520,0.6395833492279053,128,436000,1.7356619834899902,1920,17,2,500000,1000,,436001.0,0.6463541388511658,0.6150689721107483,0.637499988079071,0.6291849613189697,1715,1413909127,2,2
437001,1920,6555015,839041920,23520,0.637499988079071,128,437000,1.7404639720916748,1920,17,2,500000,1000,,437001.0,0.6468750238418579,0.6150718331336975,0.637499988079071,0.6290702819824219,1719,1413909127,2,2
438001,1920,6570015,840961920,23520,0.637499988079071,128,438000,1.7442681789398193,1920,17,2,500000,1000,,438001.0,0.6468750238418579,0.6150694489479065,0.637499988079071,0.6288211941719055,1723,1413909127,2,2
439001,1920,6585015,842881920,23520,0.637499988079071,128,439000,1.7479901313781738,1920,17,2,500000,1000,,439001.0,0.6494791507720947,0.6150755286216736,0.637499988079071,0.6292593479156494,1727,1413909127,2,2
440001,1920,6600015,844801920,23520,0.637499988079071,128,440000,1.7517549991607666,1920,17,2,500000,1000,,440001.0,0.6473958492279053,0.6150680780410767,0.637499988079071,0.6290895938873291,1731,1413909127,2,2
441001,1920,6615015,846721920,23520,0.637499988079071,128,441000,1.7554826736450195,1920,17,2,500000,1000,,441001.0,0.6489583253860474,0.6150707006454468,0.637499988079071,0.629365086555481,1735,1413909127,2,2
442001,1920,6630015,848641920,23520,0.637499988079071,128,442000,1.7594265937805176,1920,17,2,500000,1000,,442001.0,0.6468750238418579,0.6150686740875244,0.637499988079071,0.6290262341499329,1739,1413909127,2,2
443001,1920,6645015,850561920,23520,0.637499988079071,128,443000,1.7631933689117432,1920,17,2,500000,1000,,443001.0,0.6479166746139526,0.6150769591331482,0.637499988079071,0.6285789608955383,1743,1413909127,2,2
444001,1920,6660015,852481920,23520,0.637499988079071,128,444000,1.7672765254974365,1920,17,2,500000,1000,,444001.0,0.6484375,0.6150713562965393,0.637499988079071,0.6288942694664001,1747,1413909127,2,2
445001,1920,6675015,854401920,23520,0.637499988079071,128,445000,1.771087408065796,1920,17,2,500000,1000,,445001.0,0.6468750238418579,0.6150726079940796,0.6395833492279053,0.6291024684906006,1752,1413909127,2,2
446001,1920,6690015,856321920,23520,0.6395833492279053,128,446000,1.7749013900756836,1920,17,2,500000,1000,,446001.0,0.6479166746139526,0.6150720119476318,0.637499988079071,0.629630446434021,1756,1413909127,2,2
447001,1920,6705015,858241920,23520,0.637499988079071,128,447000,1.7790114879608154,1920,17,2,500000,1000,,447001.0,0.6463541388511658,0.6150712966918945,0.6395833492279053,0.6297481060028076,1759,1413909127,2,2
448001,1920,6720015,860161920,23520,0.6395833492279053,128,448000,1.7827625274658203,1920,17,2,500000,1000,,448001.0,0.6479166746139526,0.6150702238082886,0.637499988079071,0.6290559768676758,1763,1413909127,2,2
449001,1920,6735015,862081920,23520,0.637499988079071,128,449000,1.7865114212036133,1920,17,2,500000,1000,,449001.0,0.6479166746139526,0.6150705218315125,0.637499988079071,0.6288816928863525,1767,1413909127,2,2
450001,1920,6750015,864001920,23520,0.637499988079071,128,450000,1.7902553081512451,1920,17,2,500000,1000,,450001.0,0.6463541388511658,0.6150703430175781,0.6395833492279053,0.6292962431907654,1771,1413909127,2,2
451001,1920,6765015,865921920,23520,0.6395833492279053,128,451000,1.794037103652954,1920,17,2,500000,1000,,451001.0,0.6484375,0.615069568157196,0.637499988079071,0.6293052434921265,1775,1413909127,2,2
452001,1920,6780015,867841920,23520,0.637499988079071,128,452000,1.7977790832519531,1920,17,2,500000,1000,,452001.0,0.6473958492279053,0.6150686740875244,0.637499988079071,0.629139244556427,1779,1413909127,2,2
453001,1920,6795015,869761920,23520,0.637499988079071,128,453000,1.8015398979187012,1920,17,2,500000,1000,,453001.0,0.6489583253860474,0.6150684952735901,0.637499988079071,0.6292020678520203,1783,1413909127,2,2
454001,1920,6810015,871681920,23520,0.637499988079071,128,454000,1.8052988052368164,1920,17,2,500000,1000,,454001.0,0.6479166746139526,0.6150692701339722,0.637499988079071,0.6295526027679443,1787,1413909127,2,2
455001,1920,6825015,873601920,23520,0.637499988079071,128,455000,1.809037685394287,1920,17,2,500000,1000,,455001.0,0.6479166746139526,0.6150707006454468,0.637499988079071,0.6289784908294678,1790,1413909127,2,2
456001,1920,6840015,875521920,23520,0.637499988079071,128,456000,1.8128325939178467,1920,17,2,500000,1000,,456001.0,0.6479166746139526,0.6150709986686707,0.637499988079071,0.6290798187255859,1794,1413909127,2,2
457001,1920,6855015,877441920,23520,0.637499988079071,128,457000,1.81667160987854,1920,17,2,500000,1000,,457001.0,0.6473958492279053,0.6150686144828796,0.6395833492279053,0.6290706992149353,1798,1413909127,2,2
458001,1920,6870015,879361920,23520,0.6395833492279053,128,458000,1.8204047679901123,1920,17,2,500000,1000,,458001.0,0.6479166746139526,0.6150743365287781,0.6416666507720947,0.6287983059883118,1802,1413909127,2,2
459001,1920,6885015,881281920,23520,0.6416666507720947,128,459000,1.8241338729858398,1920,17,2,500000,1000,,459001.0,0.6468750238418579,0.6150754690170288,0.6395833492279053,0.6286810636520386,1806,1413909127,2,2
460001,1920,6900015,883201920,23520,0.6395833492279053,128,460000,1.827876091003418,1920,17,2,500000,1000,,460001.0,0.6473958492279053,0.6150734424591064,0.6395833492279053,0.6287609338760376,1810,1413909127,2,2
461001,1920,6915015,885121920,23520,0.6395833492279053,128,461000,1.8315999507904053,1920,17,2,500000,1000,,461001.0,0.6468750238418579,0.615071177482605,0.637499988079071,0.6289741396903992,1813,1413909127,2,2
462001,1920,6930015,887041920,23520,0.637499988079071,128,462000,1.8353910446166992,1920,17,2,500000,1000,,462001.0,0.6484375,0.6150705218315125,0.637499988079071,0.6287971138954163,1817,1413909127,2,2
463001,1920,6945015,888961920,23520,0.637499988079071,128,463000,1.8391828536987305,1920,17,2,500000,1000,,463001.0,0.6484375,0.6150740385055542,0.6395833492279053,0.6287816762924194,1821,1413909127,2,2
464001,1920,6960015,890881920,23520,0.6395833492279053,128,464000,1.842918872833252,1920,17,2,500000,1000,,464001.0,0.6468750238418579,0.6150705814361572,0.637499988079071,0.6285292506217957,1825,1413909127,2,2
465001,1920,6975015,892801920,23520,0.637499988079071,128,465000,1.846686601638794,1920,17,2,500000,1000,,465001.0,0.6463541388511658,0.6150714755058289,0.637499988079071,0.629010021686554,1829,1413909127,2,2
466001,1920,6990015,894721920,23520,0.637499988079071,128,466000,1.8504996299743652,1920,17,2,500000,1000,,466001.0,0.6468750238418579,0.6150723099708557,0.6395833492279053,0.6292515993118286,1833,1413909127,2,2
467001,1920,7005015,896641920,23520,0.6395833492279053,128,467000,1.8543689250946045,1920,17,2,500000,1000,,467001.0,0.6473958492279053,0.6150709986686707,0.637499988079071,0.6288802027702332,1836,1413909127,2,2
468001,1920,7020015,898561920,23520,0.637499988079071,128,468000,1.85856294631958,1920,17,2,500000,1000,,468001.0,0.6479166746139526,0.6150705814361572,0.6395833492279053,0.6285925507545471,1840,1413909127,2,2
469001,1920,7035015,900481920,23520,0.6395833492279053,128,469000,1.8628010749816895,1920,17,2,500000,1000,,469001.0,0.6489583253860474,0.6150720119476318,0.637499988079071,0.6288698315620422,1844,1413909127,2,2
470001,1920,7050015,902401920,23520,0.637499988079071,128,470000,1.8665931224822998,1920,17,2,500000,1000,,470001.0,0.6473958492279053,0.6150690317153931,0.637499988079071,0.6289292573928833,1848,1413909127,2,2
471001,1920,7065015,904321920,23520,0.637499988079071,128,471000,1.8703513145446777,1920,17,2,500000,1000,,471001.0,0.6463541388511658,0.6150731444358826,0.637499988079071,0.6292874217033386,1852,1413909127,2,2
472001,1920,7080015,906241920,23520,0.637499988079071,128,472000,1.8741064071655273,1920,17,2,500000,1000,,472001.0,0.6468750238418579,0.6150696873664856,0.637499988079071,0.629767656326294,1856,1413909127,2,2
473001,1920,7095015,908161920,23520,0.637499988079071,128,473000,1.87833833694458,1920,17,2,500000,1000,,473001.0,0.6489583253860474,0.61507248878479,0.637499988079071,0.6289740204811096,1860,1413909127,2,2
474001,1920,7110015,910081920,23520,0.637499988079071,128,474000,1.8821170330047607,1920,17,2,500000,1000,,474001.0,0.6479166746139526,0.6150705218315125,0.637499988079071,0.6294018626213074,1864,1413909127,2,2
475001,1920,7125015,912001920,23520,0.637499988079071,128,475000,1.8858668804168701,1920,17,2,500000,1000,,475001.0,0.6468750238418579,0.6150696277618408,0.637499988079071,0.6290326714515686,1868,1413909127,2,2
476001,1920,7140015,913921920,23520,0.637499988079071,128,476000,1.8897149562835693,1920,17,2,500000,1000,,476001.0,0.6484375,0.615073561668396,0.637499988079071,0.6287304162979126,1871,1413909127,2,2
477001,1920,7155015,915841920,23520,0.637499988079071,128,477000,1.8938651084899902,1920,17,2,500000,1000,,477001.0,0.6468750238418579,0.6150704026222229,0.637499988079071,0.6294001936912537,1875,1413909127,2,2
478001,1920,7170015,917761920,23520,0.637499988079071,128,478000,1.8979558944702148,1920,17,2,500000,1000,,478001.0,0.6494791507720947,0.6150745749473572,0.637499988079071,0.6294751763343811,1879,1413909127,2,2
479001,1920,7185015,919681920,23520,0.637499988079071,128,479000,1.9017367362976074,1920,17,2,500000,1000,,479001.0,0.6473958492279053,0.6150786280632019,0.637499988079071,0.6292104125022888,1883,1413909127,2,2
480001,1920,7200015,921601920,23520,0.637499988079071,128,480000,1.9055569171905518,1920,17,2,500000,1000,,480001.0,0.6484375,0.6150736212730408,0.6395833492279053,0.6289231777191162,1887,1413909127,2,2
481001,1920,7215015,923521920,23520,0.6395833492279053,128,481000,1.9093990325927734,1920,17,2,500000,1000,,481001.0,0.6479166746139526,0.6150705814361572,0.637499988079071,0.6295119524002075,1891,1413909127,2,2
482001,1920,7230015,925441920,23520,0.637499988079071,128,482000,1.9131519794464111,1920,17,2,500000,1000,,482001.0,0.6489583253860474,0.6150702238082886,0.637499988079071,0.6291366815567017,1895,1413909127,2,2
483001,1920,7245015,927361920,23520,0.637499988079071,128,483000,1.9169731140136719,1920,17,2,500000,1000,,483001.0,0.6479166746139526,0.6150724291801453,0.637499988079071,0.6291465163230896,1898,1413909127,2,2
484001,1920,7260015,929281920,23520,0.637499988079071,128,484000,1.920722246170044,1920,17,2,500000,1000,,484001.0,0.6484375,0.6150672435760498,0.637499988079071,0.6292896270751953,1902,1413909127,2,2
485001,1920,7275015,931201920,23520,0.637499988079071,128,485000,1.9244611263275146,1920,17,2,500000,1000,,485001.0,0.6479166746139526,0.6150710582733154,0.6395833492279053,0.6295438408851624,1906,1413909127,2,2
486001,1920,7290015,933121920,23520,0.6395833492279053,128,486000,1.9282078742980957,1920,17,2,500000,1000,,486001.0,0.6479166746139526,0.6150714159011841,0.6395833492279053,0.6293268203735352,1910,1413909127,2,2
487001,1920,7305015,935041920,23520,0.6395833492279053,128,487000,1.9319498538970947,1920,17,2,500000,1000,,487001.0,0.6489583253860474,0.6150705814361572,0.6395833492279053,0.6291820406913757,1914,1413909127,2,2
488001,1920,7320015,936961920,23520,0.6395833492279053,128,488000,1.9358270168304443,1920,17,2,500000,1000,,488001.0,0.6463541388511658,0.6150753498077393,0.637499988079071,0.6288853883743286,1918,1413909127,2,2
489001,1920,7335015,938881920,23520,0.637499988079071,128,489000,1.939582109451294,1920,17,2,500000,1000,,489001.0,0.6463541388511658,0.6150695085525513,0.637499988079071,0.6289430856704712,1922,1413909127,2,2
490001,1920,7350015,940801920,23520,0.637499988079071,128,490000,1.9433281421661377,1920,17,2,500000,1000,,490001.0,0.6473958492279053,0.615066647529602,0.637499988079071,0.6290624737739563,1925,1413909127,2,2
491001,1920,7365015,942721920,23520,0.637499988079071,128,491000,1.947336196899414,1920,17,2,500000,1000,,491001.0,0.6473958492279053,0.6150723695755005,0.6395833492279053,0.6293720006942749,1929,1413909127,2,2
492001,1920,7380015,944641920,23520,0.6395833492279053,128,492000,1.9510881900787354,1920,17,2,500000,1000,,492001.0,0.6468750238418579,0.6150708794593811,0.637499988079071,0.6289854645729065,1933,1413909127,2,2
493001,1920,7395015,946561920,23520,0.637499988079071,128,493000,1.954888105392456,1920,17,2,500000,1000,,493001.0,0.6458333134651184,0.6150702834129333,0.6395833492279053,0.6293250322341919,1937,1413909127,2,2
494001,1920,7410015,948481920,23520,0.6395833492279053,128,494000,1.958636999130249,1920,17,2,500000,1000,,494001.0,0.6463541388511658,0.6150715947151184,0.6395833492279053,0.6292802095413208,1941,1413909127,2,2
495001,1920,7425015,950401920,23520,0.6395833492279053,128,495000,1.9627761840820312,1920,17,2,500000,1000,,495001.0,0.6468750238418579,0.6150737404823303,0.637499988079071,0.6295984983444214,1945,1413909127,2,2
496001,1920,7440015,952321920,23520,0.637499988079071,128,496000,1.9668591022491455,1920,17,2,500000,1000,,496001.0,0.6468750238418579,0.6150720119476318,0.6395833492279053,0.6289728879928589,1949,1413909127,2,2
497001,1920,7455015,954241920,23520,0.6395833492279053,128,497000,1.9706370830535889,1920,17,2,500000,1000,,497001.0,0.6468750238418579,0.6150698065757751,0.637499988079071,0.6288191080093384,1953,1413909127,2,2
498001,1920,7470015,956161920,23520,0.637499988079071,128,498000,1.9744083881378174,1920,17,2,500000,1000,,498001.0,0.6473958492279053,0.6150720119476318,0.637499988079071,0.6291118860244751,1956,1413909127,2,2
499001,1920,7485015,958081920,23520,0.637499988079071,128,499000,1.9781923294067383,1920,17,2,500000,1000,,499001.0,0.6484375,0.6150776743888855,0.637499988079071,0.629224419593811,1960,1413909127,2,2
499998,1920,7499970,959996160,23520,0.637499988079071,128,499997,1.9819512367248535,1920,17,2,500000,1000,,499998.0,0.6479166746139526,0.6150677800178528,0.637499988079071,0.6289928555488586,1964,1413909127,2,2
499999,1920,7499985,959998080,23520,0.637499988079071,128,499998,1.9862611293792725,1920,17,2,500000,1000,,499999.0,0.6479166746139526,0.6150674223899841,0.637499988079071,0.6290302276611328,1964,1413909127,2,2
500000,1920,7500000,960000000,23520,0.637499988079071,128,499999,1.990577220916748,1920,17,2,500000,1000,,500000.0,0.6484375,0.6150672435760498,0.637499988079071,0.6290218830108643,1964,1413909127,2,2
