pf_calls,num_answers,model_updates,num_grad_comps,answers_bytes,last_score,batch_size,k,elapsed_time,train_data,n,d,max_epochs,verbose,ident,_epochs,score_train,loss_train,score_test,loss_test,_elapsed_time,seed,run_id,dim
1,1920,15,1920,23520,0.47708332538604736,128,0,0.020758867263793945,1920,17,3,500000,1000,,1.0,0.5218750238418579,0.6931471228599548,0.49166667461395264,0.6931472420692444,0,101905492,5,3
1001,1920,15015,1921920,23520,0.49166667461395264,128,1000,0.024562597274780273,1920,17,3,500000,1000,,1001.0,0.6520833373069763,0.6194186806678772,0.6020833253860474,0.6531782746315002,3,101905492,5,3
2001,1920,30015,3841920,23520,0.6020833253860474,128,2000,0.028389453887939453,1920,17,3,500000,1000,,2001.0,0.6880208253860474,0.6013370156288147,0.6083333492279053,0.6489837765693665,7,101905492,5,3
3001,1920,45015,5761920,23520,0.6083333492279053,128,3000,0.03221750259399414,1920,17,3,500000,1000,,3001.0,0.6895833611488342,0.5946102142333984,0.612500011920929,0.6471054553985596,11,101905492,5,3
4001,1920,60015,7681920,23520,0.612500011920929,128,4000,0.03600049018859863,1920,17,3,500000,1000,,4001.0,0.6859375238418579,0.591678261756897,0.6083333492279053,0.6470844149589539,15,101905492,5,3
5001,1920,75015,9601920,23520,0.6083333492279053,128,5000,0.039797306060791016,1920,17,3,500000,1000,,5001.0,0.6895833611488342,0.5899868607521057,0.6104166507720947,0.6469757556915283,19,101905492,5,3
6001,1920,90015,11521920,23520,0.6104166507720947,128,6000,0.0436093807220459,1920,17,3,500000,1000,,6001.0,0.690625011920929,0.5888985395431519,0.6104166507720947,0.6475040912628174,22,101905492,5,3
7001,1920,105015,13441920,23520,0.6104166507720947,128,7000,0.04829120635986328,1920,17,3,500000,1000,,7001.0,0.6864583492279053,0.5881508588790894,0.6104166507720947,0.64730304479599,26,101905492,5,3
8001,1920,120015,15361920,23520,0.6104166507720947,128,8000,0.05206727981567383,1920,17,3,500000,1000,,8001.0,0.6895833611488342,0.5875962376594543,0.6083333492279053,0.6477940678596497,31,101905492,5,3
9001,1920,135015,17281920,23520,0.6083333492279053,128,9000,0.05598616600036621,1920,17,3,500000,1000,,9001.0,0.6942708492279053,0.5871734619140625,0.6104166507720947,0.6482646465301514,35,101905492,5,3
10001,1920,150015,19201920,23520,0.6104166507720947,128,10000,0.060343265533447266,1920,17,3,500000,1000,,10001.0,0.6942708492279053,0.5868337154388428,0.6104166507720947,0.6483232378959656,38,101905492,5,3
11001,1920,165015,21121920,23520,0.6104166507720947,128,11000,0.06449508666992188,1920,17,3,500000,1000,,11001.0,0.6932291388511658,0.5865498185157776,0.6104166507720947,0.6487680077552795,42,101905492,5,3
12001,1920,180015,23041920,23520,0.6104166507720947,128,12000,0.06827330589294434,1920,17,3,500000,1000,,12001.0,0.6937500238418579,0.5863268375396729,0.6104166507720947,0.6483087539672852,46,101905492,5,3
13001,1920,195015,24961920,23520,0.6104166507720947,128,13000,0.07206130027770996,1920,17,3,500000,1000,,13001.0,0.6927083134651184,0.5861307978630066,0.612500011920929,0.6488566994667053,50,101905492,5,3
14001,1920,210015,26881920,23520,0.612500011920929,128,14000,0.07582426071166992,1920,17,3,500000,1000,,14001.0,0.6932291388511658,0.585957944393158,0.6104166507720947,0.6487237215042114,54,101905492,5,3
15001,1920,225015,28801920,23520,0.6104166507720947,128,15000,0.08006048202514648,1920,17,3,500000,1000,,15001.0,0.6932291388511658,0.5858122110366821,0.6104166507720947,0.6489656567573547,58,101905492,5,3
16001,1920,240015,30721920,23520,0.6104166507720947,128,16000,0.08385658264160156,1920,17,3,500000,1000,,16001.0,0.692187488079071,0.5856906175613403,0.6104166507720947,0.6491430997848511,63,101905492,5,3
17001,1920,255015,32641920,23520,0.6104166507720947,128,17000,0.08782529830932617,1920,17,3,500000,1000,,17001.0,0.6911458373069763,0.5855751633644104,0.6104166507720947,0.6493184566497803,67,101905492,5,3
18001,1920,270015,34561920,23520,0.6104166507720947,128,18000,0.09175515174865723,1920,17,3,500000,1000,,18001.0,0.6927083134651184,0.5854756832122803,0.6145833134651184,0.6494892239570618,71,101905492,5,3
19001,1920,285015,36481920,23520,0.6145833134651184,128,19000,0.09552311897277832,1920,17,3,500000,1000,,19001.0,0.6932291388511658,0.5853864550590515,0.612500011920929,0.649423360824585,75,101905492,5,3
20001,1920,300015,38401920,23520,0.612500011920929,128,20000,0.09945225715637207,1920,17,3,500000,1000,,20001.0,0.6916666626930237,0.5853044986724854,0.612500011920929,0.6496328711509705,79,101905492,5,3
21001,1920,315015,40321920,23520,0.612500011920929,128,21000,0.10331320762634277,1920,17,3,500000,1000,,21001.0,0.6937500238418579,0.5852310061454773,0.6083333492279053,0.6494163274765015,82,101905492,5,3
22001,1920,330015,42241920,23520,0.6083333492279053,128,22000,0.10727405548095703,1920,17,3,500000,1000,,22001.0,0.692187488079071,0.5851649641990662,0.612500011920929,0.6495268940925598,86,101905492,5,3
23001,1920,345015,44161920,23520,0.612500011920929,128,23000,0.11133909225463867,1920,17,3,500000,1000,,23001.0,0.6927083134651184,0.5851057767868042,0.6104166507720947,0.6500320434570312,90,101905492,5,3
24001,1920,360015,46081920,23520,0.6104166507720947,128,24000,0.11515522003173828,1920,17,3,500000,1000,,24001.0,0.692187488079071,0.5850438475608826,0.612500011920929,0.6498420238494873,94,101905492,5,3
25001,1920,375015,48001920,23520,0.612500011920929,128,25000,0.11932206153869629,1920,17,3,500000,1000,,25001.0,0.6927083134651184,0.5849912762641907,0.6145833134651184,0.6498051881790161,98,101905492,5,3
26001,1920,390015,49921920,23520,0.6145833134651184,128,26000,0.12319302558898926,1920,17,3,500000,1000,,26001.0,0.6927083134651184,0.5849425196647644,0.6145833134651184,0.6499109268188477,102,101905492,5,3
27001,1920,405015,51841920,23520,0.6145833134651184,128,27000,0.12764310836791992,1920,17,3,500000,1000,,27001.0,0.6932291388511658,0.5849011540412903,0.612500011920929,0.6501299738883972,106,101905492,5,3
28001,1920,420015,53761920,23520,0.612500011920929,128,28000,0.13138818740844727,1920,17,3,500000,1000,,28001.0,0.6927083134651184,0.5848511457443237,0.6145833134651184,0.6499611735343933,110,101905492,5,3
29001,1920,435015,55681920,23520,0.6145833134651184,128,29000,0.13527417182922363,1920,17,3,500000,1000,,29001.0,0.6927083134651184,0.5848163962364197,0.612500011920929,0.6502769589424133,114,101905492,5,3
30001,1920,450015,57601920,23520,0.612500011920929,128,30000,0.13907790184020996,1920,17,3,500000,1000,,30001.0,0.6927083134651184,0.5847745537757874,0.6145833134651184,0.650304913520813,118,101905492,5,3
31001,1920,465015,59521920,23520,0.6145833134651184,128,31000,0.14284205436706543,1920,17,3,500000,1000,,31001.0,0.6927083134651184,0.5847388505935669,0.612500011920929,0.650201141834259,122,101905492,5,3
32001,1920,480015,61441920,23520,0.612500011920929,128,32000,0.14664411544799805,1920,17,3,500000,1000,,32001.0,0.6916666626930237,0.5847044587135315,0.6166666746139526,0.6501402258872986,126,101905492,5,3
33001,1920,495015,63361920,23520,0.6166666746139526,128,33000,0.15044808387756348,1920,17,3,500000,1000,,33001.0,0.6932291388511658,0.5846736431121826,0.612500011920929,0.6501271724700928,129,101905492,5,3
34001,1920,510015,65281920,23520,0.612500011920929,128,34000,0.15428805351257324,1920,17,3,500000,1000,,34001.0,0.6927083134651184,0.5846420526504517,0.6104166507720947,0.6505107879638672,133,101905492,5,3
35001,1920,525015,67201920,23520,0.6104166507720947,128,35000,0.1583719253540039,1920,17,3,500000,1000,,35001.0,0.692187488079071,0.5846143960952759,0.6166666746139526,0.6501851677894592,137,101905492,5,3
36001,1920,540015,69121920,23520,0.6166666746139526,128,36000,0.1624298095703125,1920,17,3,500000,1000,,36001.0,0.6947916746139526,0.5845890045166016,0.6104166507720947,0.650577962398529,141,101905492,5,3
37001,1920,555015,71041920,23520,0.6104166507720947,128,37000,0.16617870330810547,1920,17,3,500000,1000,,37001.0,0.6937500238418579,0.5845625400543213,0.6104166507720947,0.6506351232528687,145,101905492,5,3
38001,1920,570015,72961920,23520,0.6104166507720947,128,38000,0.17026877403259277,1920,17,3,500000,1000,,38001.0,0.6927083134651184,0.5845351815223694,0.6145833134651184,0.650787353515625,149,101905492,5,3
39001,1920,585015,74881920,23520,0.6145833134651184,128,39000,0.17402386665344238,1920,17,3,500000,1000,,39001.0,0.6937500238418579,0.5845129489898682,0.612500011920929,0.65074223279953,153,101905492,5,3
40001,1920,600015,76801920,23520,0.612500011920929,128,40000,0.17789793014526367,1920,17,3,500000,1000,,40001.0,0.6942708492279053,0.5844945907592773,0.6166666746139526,0.6507254242897034,157,101905492,5,3
41001,1920,615015,78721920,23520,0.6166666746139526,128,41000,0.1821298599243164,1920,17,3,500000,1000,,41001.0,0.6937500238418579,0.5844739079475403,0.6166666746139526,0.6508104801177979,161,101905492,5,3
42001,1920,630015,80641920,23520,0.6166666746139526,128,42000,0.18588805198669434,1920,17,3,500000,1000,,42001.0,0.6953125,0.5844517946243286,0.6145833134651184,0.6511634588241577,165,101905492,5,3
43001,1920,645015,82561920,23520,0.6145833134651184,128,43000,0.18969011306762695,1920,17,3,500000,1000,,43001.0,0.6942708492279053,0.5844362378120422,0.6104166507720947,0.6512405276298523,169,101905492,5,3
44001,1920,660015,84481920,23520,0.6104166507720947,128,44000,0.19346189498901367,1920,17,3,500000,1000,,44001.0,0.6947916746139526,0.5844150185585022,0.6104166507720947,0.651079535484314,172,101905492,5,3
45001,1920,675015,86401920,23520,0.6104166507720947,128,45000,0.19725799560546875,1920,17,3,500000,1000,,45001.0,0.6953125,0.58439701795578,0.6104166507720947,0.6511011123657227,176,101905492,5,3
46001,1920,690015,88321920,23520,0.6104166507720947,128,46000,0.20104408264160156,1920,17,3,500000,1000,,46001.0,0.6942708492279053,0.5843801498413086,0.6208333373069763,0.6509951949119568,180,101905492,5,3
47001,1920,705015,90241920,23520,0.6208333373069763,128,47000,0.20502495765686035,1920,17,3,500000,1000,,47001.0,0.6947916746139526,0.5843660235404968,0.6145833134651184,0.6511773467063904,184,101905492,5,3
48001,1920,720015,92161920,23520,0.6145833134651184,128,48000,0.20895004272460938,1920,17,3,500000,1000,,48001.0,0.6947916746139526,0.5843504071235657,0.6145833134651184,0.6511091589927673,188,101905492,5,3
49001,1920,735015,94081920,23520,0.6145833134651184,128,49000,0.21280384063720703,1920,17,3,500000,1000,,49001.0,0.6953125,0.584332287311554,0.6145833134651184,0.6513595581054688,192,101905492,5,3
50001,1920,750015,96001920,23520,0.6145833134651184,128,50000,0.2165358066558838,1920,17,3,500000,1000,,50001.0,0.6942708492279053,0.5843192934989929,0.6145833134651184,0.6510191559791565,196,101905492,5,3
51001,1920,765015,97921920,23520,0.6145833134651184,128,51000,0.22028374671936035,1920,17,3,500000,1000,,51001.0,0.6937500238418579,0.5843029022216797,0.612500011920929,0.6510090231895447,200,101905492,5,3
52001,1920,780015,99841920,23520,0.612500011920929,128,52000,0.22422266006469727,1920,17,3,500000,1000,,52001.0,0.6937500238418579,0.5842921137809753,0.6145833134651184,0.6513291597366333,204,101905492,5,3
53001,1920,795015,101761920,23520,0.6145833134651184,128,53000,0.22832655906677246,1920,17,3,500000,1000,,53001.0,0.6942708492279053,0.5842784643173218,0.6104166507720947,0.6511945128440857,208,101905492,5,3
54001,1920,810015,103681920,23520,0.6104166507720947,128,54000,0.2328355312347412,1920,17,3,500000,1000,,54001.0,0.6947916746139526,0.5842638611793518,0.612500011920929,0.6516309380531311,212,101905492,5,3
55001,1920,825015,105601920,23520,0.612500011920929,128,55000,0.23676037788391113,1920,17,3,500000,1000,,55001.0,0.6942708492279053,0.5842536687850952,0.6145833134651184,0.6514890789985657,217,101905492,5,3
56001,1920,840015,107521920,23520,0.6145833134651184,128,56000,0.2405712604522705,1920,17,3,500000,1000,,56001.0,0.6937500238418579,0.5842401385307312,0.6104166507720947,0.6514192223548889,221,101905492,5,3
57001,1920,855015,109441920,23520,0.6104166507720947,128,57000,0.24436330795288086,1920,17,3,500000,1000,,57001.0,0.6942708492279053,0.5842282176017761,0.6104166507720947,0.6516124606132507,225,101905492,5,3
58001,1920,870015,111361920,23520,0.6104166507720947,128,58000,0.24821949005126953,1920,17,3,500000,1000,,58001.0,0.6953125,0.5842210650444031,0.612500011920929,0.6519791483879089,229,101905492,5,3
59001,1920,885015,113281920,23520,0.612500011920929,128,59000,0.2522404193878174,1920,17,3,500000,1000,,59001.0,0.6942708492279053,0.5842097997665405,0.612500011920929,0.6516811847686768,233,101905492,5,3
60001,1920,900015,115201920,23520,0.612500011920929,128,60000,0.2561831474304199,1920,17,3,500000,1000,,60001.0,0.6953125,0.5842011570930481,0.612500011920929,0.6513201594352722,237,101905492,5,3
61001,1920,915015,117121920,23520,0.612500011920929,128,61000,0.25997114181518555,1920,17,3,500000,1000,,61001.0,0.6958333253860474,0.5841888785362244,0.6145833134651184,0.6518595814704895,241,101905492,5,3
62001,1920,930015,119041920,23520,0.6145833134651184,128,62000,0.26439929008483887,1920,17,3,500000,1000,,62001.0,0.6958333253860474,0.5841777920722961,0.612500011920929,0.6516122221946716,245,101905492,5,3
63001,1920,945015,120961920,23520,0.612500011920929,128,63000,0.2683861255645752,1920,17,3,500000,1000,,63001.0,0.6963541507720947,0.5841712951660156,0.6145833134651184,0.6515487432479858,249,101905492,5,3
64001,1920,960015,122881920,23520,0.6145833134651184,128,64000,0.27228736877441406,1920,17,3,500000,1000,,64001.0,0.6953125,0.584162175655365,0.6145833134651184,0.6516110897064209,253,101905492,5,3
65001,1920,975015,124801920,23520,0.6145833134651184,128,65000,0.27620434761047363,1920,17,3,500000,1000,,65001.0,0.6942708492279053,0.5841529369354248,0.6145833134651184,0.6512787342071533,257,101905492,5,3
66001,1920,990015,126721920,23520,0.6145833134651184,128,66000,0.2799663543701172,1920,17,3,500000,1000,,66001.0,0.6958333253860474,0.584144651889801,0.612500011920929,0.6518594026565552,261,101905492,5,3
67001,1920,1005015,128641920,23520,0.612500011920929,128,67000,0.28370094299316406,1920,17,3,500000,1000,,67001.0,0.6947916746139526,0.5841317772865295,0.6145833134651184,0.6515580415725708,264,101905492,5,3
68001,1920,1020015,130561920,23520,0.6145833134651184,128,68000,0.2874767780303955,1920,17,3,500000,1000,,68001.0,0.6947916746139526,0.5841243863105774,0.6145833134651184,0.6516332030296326,268,101905492,5,3
69001,1920,1035015,132481920,23520,0.6145833134651184,128,69000,0.2913486957550049,1920,17,3,500000,1000,,69001.0,0.6947916746139526,0.584117591381073,0.612500011920929,0.6519065499305725,272,101905492,5,3
70001,1920,1050015,134401920,23520,0.612500011920929,128,70000,0.295421838760376,1920,17,3,500000,1000,,70001.0,0.6932291388511658,0.5841071605682373,0.6187499761581421,0.6516625285148621,276,101905492,5,3
71001,1920,1065015,136321920,23520,0.6187499761581421,128,71000,0.29921579360961914,1920,17,3,500000,1000,,71001.0,0.6963541507720947,0.5840968489646912,0.612500011920929,0.6518926620483398,280,101905492,5,3
72001,1920,1080015,138241920,23520,0.612500011920929,128,72000,0.30350565910339355,1920,17,3,500000,1000,,72001.0,0.6942708492279053,0.5840915441513062,0.6145833134651184,0.652066171169281,284,101905492,5,3
73001,1920,1095015,140161920,23520,0.6145833134651184,128,73000,0.3074915409088135,1920,17,3,500000,1000,,73001.0,0.6953125,0.5840865969657898,0.6187499761581421,0.6515955328941345,288,101905492,5,3
74001,1920,1110015,142081920,23520,0.6187499761581421,128,74000,0.311267614364624,1920,17,3,500000,1000,,74001.0,0.6947916746139526,0.584079384803772,0.6166666746139526,0.6517253518104553,292,101905492,5,3
75001,1920,1125015,144001920,23520,0.6166666746139526,128,75000,0.315138578414917,1920,17,3,500000,1000,,75001.0,0.6958333253860474,0.5840751528739929,0.6145833134651184,0.6518974304199219,296,101905492,5,3
76001,1920,1140015,145921920,23520,0.6145833134651184,128,76000,0.31888270378112793,1920,17,3,500000,1000,,76001.0,0.6942708492279053,0.5840643048286438,0.6145833134651184,0.6519669890403748,300,101905492,5,3
77001,1920,1155015,147841920,23520,0.6145833134651184,128,77000,0.3226313591003418,1920,17,3,500000,1000,,77001.0,0.6937500238418579,0.5840590596199036,0.6145833134651184,0.6515362858772278,304,101905492,5,3
78001,1920,1170015,149761920,23520,0.6145833134651184,128,78000,0.3263883590698242,1920,17,3,500000,1000,,78001.0,0.6937500238418579,0.584053099155426,0.612500011920929,0.651682436466217,308,101905492,5,3
79001,1920,1185015,151681920,23520,0.612500011920929,128,79000,0.3301272392272949,1920,17,3,500000,1000,,79001.0,0.6942708492279053,0.5840479731559753,0.612500011920929,0.6519765853881836,312,101905492,5,3
80001,1920,1200015,153601920,23520,0.612500011920929,128,80000,0.3340291976928711,1920,17,3,500000,1000,,80001.0,0.6958333253860474,0.5840374231338501,0.6145833134651184,0.6521117091178894,316,101905492,5,3
81001,1920,1215015,155521920,23520,0.6145833134651184,128,81000,0.33782339096069336,1920,17,3,500000,1000,,81001.0,0.6947916746139526,0.5840371251106262,0.606249988079071,0.6518297791481018,320,101905492,5,3
82001,1920,1230015,157441920,23520,0.606249988079071,128,82000,0.34174227714538574,1920,17,3,500000,1000,,82001.0,0.6947916746139526,0.5840300917625427,0.6104166507720947,0.6518825888633728,324,101905492,5,3
83001,1920,1245015,159361920,23520,0.6104166507720947,128,83000,0.34554624557495117,1920,17,3,500000,1000,,83001.0,0.6953125,0.5840194225311279,0.612500011920929,0.6522045731544495,328,101905492,5,3
84001,1920,1260015,161281920,23520,0.612500011920929,128,84000,0.34935998916625977,1920,17,3,500000,1000,,84001.0,0.6942708492279053,0.5840156078338623,0.612500011920929,0.652077853679657,332,101905492,5,3
85001,1920,1275015,163201920,23520,0.612500011920929,128,85000,0.35311198234558105,1920,17,3,500000,1000,,85001.0,0.6937500238418579,0.5840147733688354,0.6145833134651184,0.6518283486366272,336,101905492,5,3
86001,1920,1290015,165121920,23520,0.6145833134651184,128,86000,0.35687804222106934,1920,17,3,500000,1000,,86001.0,0.6947916746139526,0.5840034484863281,0.612500011920929,0.6522466540336609,340,101905492,5,3
87001,1920,1305015,167041920,23520,0.612500011920929,128,87000,0.3606421947479248,1920,17,3,500000,1000,,87001.0,0.6953125,0.5840033292770386,0.612500011920929,0.6520801186561584,343,101905492,5,3
88001,1920,1320015,168961920,23520,0.612500011920929,128,88000,0.3644254207611084,1920,17,3,500000,1000,,88001.0,0.6937500238418579,0.5839937329292297,0.6145833134651184,0.6519867181777954,347,101905492,5,3
89001,1920,1335015,170881920,23520,0.6145833134651184,128,89000,0.368241548538208,1920,17,3,500000,1000,,89001.0,0.6958333253860474,0.5839879512786865,0.6145833134651184,0.6521273255348206,351,101905492,5,3
90001,1920,1350015,172801920,23520,0.6145833134651184,128,90000,0.3726675510406494,1920,17,3,500000,1000,,90001.0,0.6953125,0.5839786529541016,0.612500011920929,0.6523301601409912,355,101905492,5,3
91001,1920,1365015,174721920,23520,0.612500011920929,128,91000,0.37669849395751953,1920,17,3,500000,1000,,91001.0,0.6958333253860474,0.583973228931427,0.6145833134651184,0.6521837711334229,359,101905492,5,3
92001,1920,1380015,176641920,23520,0.6145833134651184,128,92000,0.38048553466796875,1920,17,3,500000,1000,,92001.0,0.6947916746139526,0.5839710235595703,0.6145833134651184,0.6521817445755005,363,101905492,5,3
93001,1920,1395015,178561920,23520,0.6145833134651184,128,93000,0.38428664207458496,1920,17,3,500000,1000,,93001.0,0.6958333253860474,0.5839699506759644,0.6145833134651184,0.6520746350288391,367,101905492,5,3
94001,1920,1410015,180481920,23520,0.6145833134651184,128,94000,0.3880486488342285,1920,17,3,500000,1000,,94001.0,0.6947916746139526,0.5839669704437256,0.6104166507720947,0.6522136926651001,371,101905492,5,3
95001,1920,1425015,182401920,23520,0.6104166507720947,128,95000,0.3918156623840332,1920,17,3,500000,1000,,95001.0,0.6937500238418579,0.5839559435844421,0.6166666746139526,0.6521353125572205,375,101905492,5,3
96001,1920,1440015,184321920,23520,0.6166666746139526,128,96000,0.39557576179504395,1920,17,3,500000,1000,,96001.0,0.6932291388511658,0.5839566588401794,0.6166666746139526,0.6521080136299133,379,101905492,5,3
97001,1920,1455015,186241920,23520,0.6166666746139526,128,97000,0.3997025489807129,1920,17,3,500000,1000,,97001.0,0.6947916746139526,0.5839490294456482,0.6145833134651184,0.6524528861045837,383,101905492,5,3
98001,1920,1470015,188161920,23520,0.6145833134651184,128,98000,0.40346670150756836,1920,17,3,500000,1000,,98001.0,0.6942708492279053,0.5839394330978394,0.6145833134651184,0.6522471308708191,387,101905492,5,3
99001,1920,1485015,190081920,23520,0.6145833134651184,128,99000,0.4072275161743164,1920,17,3,500000,1000,,99001.0,0.6947916746139526,0.5839398503303528,0.6145833134651184,0.6522306799888611,390,101905492,5,3
100001,1920,1500015,192001920,23520,0.6145833134651184,128,100000,0.4116513729095459,1920,17,3,500000,1000,,100001.0,0.6937500238418579,0.583932638168335,0.6166666746139526,0.6524856090545654,394,101905492,5,3
101001,1920,1515015,193921920,23520,0.6166666746139526,128,101000,0.4157273769378662,1920,17,3,500000,1000,,101001.0,0.6958333253860474,0.5839328765869141,0.6104166507720947,0.6526583433151245,398,101905492,5,3
102001,1920,1530015,195841920,23520,0.6104166507720947,128,102000,0.4194934368133545,1920,17,3,500000,1000,,102001.0,0.6947916746139526,0.5839269161224365,0.6104166507720947,0.6522802114486694,402,101905492,5,3
103001,1920,1545015,197761920,23520,0.6104166507720947,128,103000,0.4233245849609375,1920,17,3,500000,1000,,103001.0,0.6942708492279053,0.5839235782623291,0.6145833134651184,0.6524078249931335,406,101905492,5,3
104001,1920,1560015,199681920,23520,0.6145833134651184,128,104000,0.4272286891937256,1920,17,3,500000,1000,,104001.0,0.6953125,0.5839192271232605,0.6104166507720947,0.6526351571083069,410,101905492,5,3
105001,1920,1575015,201601920,23520,0.6104166507720947,128,105000,0.43094682693481445,1920,17,3,500000,1000,,105001.0,0.6937500238418579,0.5839172005653381,0.6145833134651184,0.6527449488639832,414,101905492,5,3
106001,1920,1590015,203521920,23520,0.6145833134651184,128,106000,0.43471670150756836,1920,17,3,500000,1000,,106001.0,0.6937500238418579,0.5839153528213501,0.6208333373069763,0.6524019837379456,418,101905492,5,3
107001,1920,1605015,205441920,23520,0.6208333373069763,128,107000,0.43860459327697754,1920,17,3,500000,1000,,107001.0,0.6947916746139526,0.5839082598686218,0.6145833134651184,0.6522850394248962,422,101905492,5,3
108001,1920,1620015,207361920,23520,0.6145833134651184,128,108000,0.44237852096557617,1920,17,3,500000,1000,,108001.0,0.6942708492279053,0.5839106440544128,0.6187499761581421,0.6524952054023743,426,101905492,5,3
109001,1920,1635015,209281920,23520,0.6187499761581421,128,109000,0.4461536407470703,1920,17,3,500000,1000,,109001.0,0.6947916746139526,0.5838966965675354,0.6208333373069763,0.6525607705116272,430,101905492,5,3
110001,1920,1650015,211201920,23520,0.6208333373069763,128,110000,0.4498906135559082,1920,17,3,500000,1000,,110001.0,0.6947916746139526,0.583899199962616,0.612500011920929,0.6526660919189453,434,101905492,5,3
111001,1920,1665015,213121920,23520,0.612500011920929,128,111000,0.4537055492401123,1920,17,3,500000,1000,,111001.0,0.6937500238418579,0.5838918685913086,0.6145833134651184,0.6526424288749695,438,101905492,5,3
112001,1920,1680015,215041920,23520,0.6145833134651184,128,112000,0.45748257637023926,1920,17,3,500000,1000,,112001.0,0.6947916746139526,0.5838872790336609,0.6187499761581421,0.6526102423667908,441,101905492,5,3
113001,1920,1695015,216961920,23520,0.6187499761581421,128,113000,0.46131062507629395,1920,17,3,500000,1000,,113001.0,0.6942708492279053,0.5838878750801086,0.6145833134651184,0.6524744629859924,445,101905492,5,3
114001,1920,1710015,218881920,23520,0.6145833134651184,128,114000,0.4651203155517578,1920,17,3,500000,1000,,114001.0,0.6942708492279053,0.5838835835456848,0.612500011920929,0.6524458527565002,449,101905492,5,3
115001,1920,1725015,220801920,23520,0.612500011920929,128,115000,0.4690694808959961,1920,17,3,500000,1000,,115001.0,0.6942708492279053,0.5838773846626282,0.612500011920929,0.6524370908737183,453,101905492,5,3
116001,1920,1740015,222721920,23520,0.612500011920929,128,116000,0.47282862663269043,1920,17,3,500000,1000,,116001.0,0.6953125,0.5838747620582581,0.6145833134651184,0.6522126793861389,457,101905492,5,3
117001,1920,1755015,224641920,23520,0.6145833134651184,128,117000,0.4765894412994385,1920,17,3,500000,1000,,117001.0,0.6942708492279053,0.5838690400123596,0.6166666746139526,0.6525264978408813,461,101905492,5,3
118001,1920,1770015,226561920,23520,0.6166666746139526,128,118000,0.48036932945251465,1920,17,3,500000,1000,,118001.0,0.6947916746139526,0.5838666558265686,0.6187499761581421,0.6523147821426392,465,101905492,5,3
119001,1920,1785015,228481920,23520,0.6187499761581421,128,119000,0.4841341972351074,1920,17,3,500000,1000,,119001.0,0.6947916746139526,0.5838639140129089,0.612500011920929,0.6529738306999207,469,101905492,5,3
120001,1920,1800015,230401920,23520,0.612500011920929,128,120000,0.48810625076293945,1920,17,3,500000,1000,,120001.0,0.6942708492279053,0.5838650465011597,0.6083333492279053,0.6526297926902771,472,101905492,5,3
121001,1920,1815015,232321920,23520,0.6083333492279053,128,121000,0.49195218086242676,1920,17,3,500000,1000,,121001.0,0.6953125,0.5838621854782104,0.6104166507720947,0.65253084897995,476,101905492,5,3
122001,1920,1830015,234241920,23520,0.6104166507720947,128,122000,0.49593424797058105,1920,17,3,500000,1000,,122001.0,0.6963541507720947,0.5838566422462463,0.612500011920929,0.6525062918663025,480,101905492,5,3
123001,1920,1845015,236161920,23520,0.612500011920929,128,123000,0.4997382164001465,1920,17,3,500000,1000,,123001.0,0.6947916746139526,0.5838516354560852,0.6187499761581421,0.652684211730957,484,101905492,5,3
124001,1920,1860015,238081920,23520,0.6187499761581421,128,124000,0.5035622119903564,1920,17,3,500000,1000,,124001.0,0.6947916746139526,0.5838489532470703,0.612500011920929,0.6526303887367249,488,101905492,5,3
125001,1920,1875015,240001920,23520,0.612500011920929,128,125000,0.5072991847991943,1920,17,3,500000,1000,,125001.0,0.6942708492279053,0.5838477611541748,0.6166666746139526,0.6526440978050232,492,101905492,5,3
126001,1920,1890015,241921920,23520,0.6166666746139526,128,126000,0.5110743045806885,1920,17,3,500000,1000,,126001.0,0.6953125,0.5838459134101868,0.6145833134651184,0.6523910164833069,496,101905492,5,3
127001,1920,1905015,243841920,23520,0.6145833134651184,128,127000,0.5148522853851318,1920,17,3,500000,1000,,127001.0,0.6942708492279053,0.5838438868522644,0.612500011920929,0.6526591181755066,500,101905492,5,3
128001,1920,1920015,245761920,23520,0.612500011920929,128,128000,0.5186383724212646,1920,17,3,500000,1000,,128001.0,0.6953125,0.5838424563407898,0.612500011920929,0.652525007724762,503,101905492,5,3
129001,1920,1935015,247681920,23520,0.612500011920929,128,129000,0.522397518157959,1920,17,3,500000,1000,,129001.0,0.6947916746139526,0.5838373899459839,0.612500011920929,0.6525965332984924,507,101905492,5,3
130001,1920,1950015,249601920,23520,0.612500011920929,128,130000,0.5262224674224854,1920,17,3,500000,1000,,130001.0,0.6953125,0.583832323551178,0.612500011920929,0.6527893543243408,511,101905492,5,3
131001,1920,1965015,251521920,23520,0.612500011920929,128,131000,0.5300147533416748,1920,17,3,500000,1000,,131001.0,0.6947916746139526,0.5838319063186646,0.6166666746139526,0.6527317762374878,515,101905492,5,3
132001,1920,1980015,253441920,23520,0.6166666746139526,128,132000,0.5337607860565186,1920,17,3,500000,1000,,132001.0,0.6953125,0.58382648229599,0.6166666746139526,0.6529322862625122,519,101905492,5,3
133001,1920,1995015,255361920,23520,0.6166666746139526,128,133000,0.5377509593963623,1920,17,3,500000,1000,,133001.0,0.6947916746139526,0.5838253498077393,0.6145833134651184,0.6530959010124207,523,101905492,5,3
134001,1920,2010015,257281920,23520,0.6145833134651184,128,134000,0.5416018962860107,1920,17,3,500000,1000,,134001.0,0.6968749761581421,0.5838203430175781,0.612500011920929,0.6528269052505493,527,101905492,5,3
135001,1920,2025015,259201920,23520,0.612500011920929,128,135000,0.5466508865356445,1920,17,3,500000,1000,,135001.0,0.6953125,0.5838189721107483,0.6145833134651184,0.652859628200531,531,101905492,5,3
136001,1920,2040015,261121920,23520,0.6145833134651184,128,136000,0.550447940826416,1920,17,3,500000,1000,,136001.0,0.6937500238418579,0.58381587266922,0.6187499761581421,0.6528164148330688,535,101905492,5,3
137001,1920,2055015,263041920,23520,0.6187499761581421,128,137000,0.554811954498291,1920,17,3,500000,1000,,137001.0,0.6947916746139526,0.5838162899017334,0.6187499761581421,0.652733564376831,539,101905492,5,3
138001,1920,2070015,264961920,23520,0.6187499761581421,128,138000,0.5586438179016113,1920,17,3,500000,1000,,138001.0,0.6947916746139526,0.5838106274604797,0.6187499761581421,0.6523738503456116,543,101905492,5,3
139001,1920,2085015,266881920,23520,0.6187499761581421,128,139000,0.5624070167541504,1920,17,3,500000,1000,,139001.0,0.6958333253860474,0.5838093161582947,0.6145833134651184,0.6527795791625977,547,101905492,5,3
140001,1920,2100015,268801920,23520,0.6145833134651184,128,140000,0.5662441253662109,1920,17,3,500000,1000,,140001.0,0.6953125,0.5838080644607544,0.6208333373069763,0.6525647044181824,551,101905492,5,3
141001,1920,2115015,270721920,23520,0.6208333373069763,128,141000,0.5700411796569824,1920,17,3,500000,1000,,141001.0,0.6937500238418579,0.5838045477867126,0.612500011920929,0.6526421308517456,555,101905492,5,3
142001,1920,2130015,272641920,23520,0.612500011920929,128,142000,0.5741193294525146,1920,17,3,500000,1000,,142001.0,0.6963541507720947,0.5838019847869873,0.6145833134651184,0.6530948281288147,559,101905492,5,3
143001,1920,2145015,274561920,23520,0.6145833134651184,128,143000,0.5780794620513916,1920,17,3,500000,1000,,143001.0,0.6947916746139526,0.5838043093681335,0.6187499761581421,0.653028130531311,563,101905492,5,3
144001,1920,2160015,276481920,23520,0.6187499761581421,128,144000,0.5818581581115723,1920,17,3,500000,1000,,144001.0,0.6963541507720947,0.5837997198104858,0.6187499761581421,0.6528297066688538,567,101905492,5,3
145001,1920,2175015,278401920,23520,0.6187499761581421,128,145000,0.5855810642242432,1920,17,3,500000,1000,,145001.0,0.6937500238418579,0.5837985873222351,0.6145833134651184,0.6527189612388611,571,101905492,5,3
146001,1920,2190015,280321920,23520,0.6145833134651184,128,146000,0.589317798614502,1920,17,3,500000,1000,,146001.0,0.6953125,0.5837984085083008,0.6145833134651184,0.6525222659111023,574,101905492,5,3
147001,1920,2205015,282241920,23520,0.6145833134651184,128,147000,0.5930638313293457,1920,17,3,500000,1000,,147001.0,0.6937500238418579,0.5837938785552979,0.6187499761581421,0.6528597474098206,578,101905492,5,3
148001,1920,2220015,284161920,23520,0.6187499761581421,128,148000,0.5968198776245117,1920,17,3,500000,1000,,148001.0,0.6947916746139526,0.5837886333465576,0.6104166507720947,0.6530153751373291,582,101905492,5,3
149001,1920,2235015,286081920,23520,0.6104166507720947,128,149000,0.6007809638977051,1920,17,3,500000,1000,,149001.0,0.6963541507720947,0.5837862491607666,0.6104166507720947,0.6530975699424744,586,101905492,5,3
150001,1920,2250015,288001920,23520,0.6104166507720947,128,150000,0.6045386791229248,1920,17,3,500000,1000,,150001.0,0.6958333253860474,0.5837827324867249,0.612500011920929,0.6528107523918152,590,101905492,5,3
151001,1920,2265015,289921920,23520,0.612500011920929,128,151000,0.6082897186279297,1920,17,3,500000,1000,,151001.0,0.6963541507720947,0.5837852954864502,0.6104166507720947,0.6530337929725647,594,101905492,5,3
152001,1920,2280015,291841920,23520,0.6104166507720947,128,152000,0.6120774745941162,1920,17,3,500000,1000,,152001.0,0.6958333253860474,0.5837836861610413,0.6166666746139526,0.6528946757316589,598,101905492,5,3
153001,1920,2295015,293761920,23520,0.6166666746139526,128,153000,0.6159012317657471,1920,17,3,500000,1000,,153001.0,0.6968749761581421,0.583780825138092,0.612500011920929,0.652889609336853,601,101905492,5,3
154001,1920,2310015,295681920,23520,0.612500011920929,128,154000,0.6196510791778564,1920,17,3,500000,1000,,154001.0,0.6937500238418579,0.5837798714637756,0.612500011920929,0.6533350348472595,605,101905492,5,3
155001,1920,2325015,297601920,23520,0.612500011920929,128,155000,0.6234040260314941,1920,17,3,500000,1000,,155001.0,0.6963541507720947,0.5837741494178772,0.612500011920929,0.6532477140426636,609,101905492,5,3
156001,1920,2340015,299521920,23520,0.612500011920929,128,156000,0.6271600723266602,1920,17,3,500000,1000,,156001.0,0.6947916746139526,0.5837744474411011,0.6145833134651184,0.6532482504844666,613,101905492,5,3
157001,1920,2355015,301441920,23520,0.6145833134651184,128,157000,0.630878210067749,1920,17,3,500000,1000,,157001.0,0.6958333253860474,0.5837753415107727,0.6083333492279053,0.6531238555908203,617,101905492,5,3
158001,1920,2370015,303361920,23520,0.6083333492279053,128,158000,0.6346073150634766,1920,17,3,500000,1000,,158001.0,0.6963541507720947,0.5837716460227966,0.6145833134651184,0.6529517769813538,621,101905492,5,3
159001,1920,2385015,305281920,23520,0.6145833134651184,128,159000,0.638371467590332,1920,17,3,500000,1000,,159001.0,0.6953125,0.5837700366973877,0.6145833134651184,0.653030514717102,625,101905492,5,3
160001,1920,2400015,307201920,23520,0.6145833134651184,128,160000,0.6421394348144531,1920,17,3,500000,1000,,160001.0,0.6953125,0.5837699174880981,0.6145833134651184,0.652823269367218,629,101905492,5,3
161001,1920,2415015,309121920,23520,0.6145833134651184,128,161000,0.6460225582122803,1920,17,3,500000,1000,,161001.0,0.6953125,0.5837714672088623,0.6166666746139526,0.6530879139900208,633,101905492,5,3
162001,1920,2430015,311041920,23520,0.6166666746139526,128,162000,0.6499934196472168,1920,17,3,500000,1000,,162001.0,0.6937500238418579,0.5837661623954773,0.6166666746139526,0.6529941558837891,636,101905492,5,3
163001,1920,2445015,312961920,23520,0.6166666746139526,128,163000,0.6537494659423828,1920,17,3,500000,1000,,163001.0,0.6942708492279053,0.5837621092796326,0.612500011920929,0.6530258655548096,640,101905492,5,3
164001,1920,2460015,314881920,23520,0.612500011920929,128,164000,0.6575405597686768,1920,17,3,500000,1000,,164001.0,0.6937500238418579,0.5837650895118713,0.6145833134651184,0.652936577796936,644,101905492,5,3
165001,1920,2475015,316801920,23520,0.6145833134651184,128,165000,0.6613116264343262,1920,17,3,500000,1000,,165001.0,0.6947916746139526,0.5837587714195251,0.6145833134651184,0.6531304717063904,648,101905492,5,3
166001,1920,2490015,318721920,23520,0.6145833134651184,128,166000,0.6651055812835693,1920,17,3,500000,1000,,166001.0,0.6963541507720947,0.5837574005126953,0.6145833134651184,0.6528856754302979,652,101905492,5,3
167001,1920,2505015,320641920,23520,0.6145833134651184,128,167000,0.6688964366912842,1920,17,3,500000,1000,,167001.0,0.6947916746139526,0.5837539434432983,0.6145833134651184,0.6532600522041321,656,101905492,5,3
168001,1920,2520015,322561920,23520,0.6145833134651184,128,168000,0.6727066040039062,1920,17,3,500000,1000,,168001.0,0.6958333253860474,0.5837515592575073,0.6145833134651184,0.652949869632721,660,101905492,5,3
169001,1920,2535015,324481920,23520,0.6145833134651184,128,169000,0.6764495372772217,1920,17,3,500000,1000,,169001.0,0.6942708492279053,0.583751380443573,0.612500011920929,0.6528321504592896,664,101905492,5,3
170001,1920,2550015,326401920,23520,0.612500011920929,128,170000,0.6805827617645264,1920,17,3,500000,1000,,170001.0,0.6947916746139526,0.5837472677230835,0.6187499761581421,0.6529034972190857,667,101905492,5,3
171001,1920,2565015,328321920,23520,0.6187499761581421,128,171000,0.684544563293457,1920,17,3,500000,1000,,171001.0,0.6942708492279053,0.58375084400177,0.6166666746139526,0.6529213786125183,671,101905492,5,3
172001,1920,2580015,330241920,23520,0.6166666746139526,128,172000,0.6883156299591064,1920,17,3,500000,1000,,172001.0,0.6947916746139526,0.5837449431419373,0.6166666746139526,0.6529126763343811,675,101905492,5,3
173001,1920,2595015,332161920,23520,0.6166666746139526,128,173000,0.6920576095581055,1920,17,3,500000,1000,,173001.0,0.6947916746139526,0.5837474465370178,0.612500011920929,0.6528056859970093,679,101905492,5,3
174001,1920,2610015,334081920,23520,0.612500011920929,128,174000,0.6958358287811279,1920,17,3,500000,1000,,174001.0,0.6937500238418579,0.5837429165840149,0.6187499761581421,0.6529315114021301,683,101905492,5,3
175001,1920,2625015,336001920,23520,0.6187499761581421,128,175000,0.6996049880981445,1920,17,3,500000,1000,,175001.0,0.6937500238418579,0.583741307258606,0.6187499761581421,0.6530271172523499,687,101905492,5,3
176001,1920,2640015,337921920,23520,0.6187499761581421,128,176000,0.7033627033233643,1920,17,3,500000,1000,,176001.0,0.6953125,0.5837398767471313,0.6104166507720947,0.6531981229782104,691,101905492,5,3
177001,1920,2655015,339841920,23520,0.6104166507720947,128,177000,0.7074906826019287,1920,17,3,500000,1000,,177001.0,0.6953125,0.5837390422821045,0.6145833134651184,0.6531322598457336,695,101905492,5,3
178001,1920,2670015,341761920,23520,0.6145833134651184,128,178000,0.7113537788391113,1920,17,3,500000,1000,,178001.0,0.6942708492279053,0.5837383270263672,0.612500011920929,0.6533066630363464,698,101905492,5,3
179001,1920,2685015,343681920,23520,0.612500011920929,128,179000,0.7151198387145996,1920,17,3,500000,1000,,179001.0,0.6942708492279053,0.5837414860725403,0.612500011920929,0.6534013748168945,702,101905492,5,3
180001,1920,2700015,345601920,23520,0.612500011920929,128,180000,0.7188968658447266,1920,17,3,500000,1000,,180001.0,0.6953125,0.5837339758872986,0.612500011920929,0.6530434489250183,706,101905492,5,3
181001,1920,2715015,347521920,23520,0.612500011920929,128,181000,0.7227127552032471,1920,17,3,500000,1000,,181001.0,0.6942708492279053,0.5837329030036926,0.612500011920929,0.6531937718391418,710,101905492,5,3
182001,1920,2730015,349441920,23520,0.612500011920929,128,182000,0.7264666557312012,1920,17,3,500000,1000,,182001.0,0.6942708492279053,0.5837328433990479,0.6145833134651184,0.6532253623008728,714,101905492,5,3
183001,1920,2745015,351361920,23520,0.6145833134651184,128,183000,0.730400800704956,1920,17,3,500000,1000,,183001.0,0.6963541507720947,0.5837257504463196,0.612500011920929,0.6531144380569458,718,101905492,5,3
184001,1920,2760015,353281920,23520,0.612500011920929,128,184000,0.7341518402099609,1920,17,3,500000,1000,,184001.0,0.6958333253860474,0.583725094795227,0.612500011920929,0.6530321836471558,722,101905492,5,3
185001,1920,2775015,355201920,23520,0.612500011920929,128,185000,0.7378847599029541,1920,17,3,500000,1000,,185001.0,0.6953125,0.5837262868881226,0.6145833134651184,0.6529386639595032,726,101905492,5,3
186001,1920,2790015,357121920,23520,0.6145833134651184,128,186000,0.7417268753051758,1920,17,3,500000,1000,,186001.0,0.6958333253860474,0.5837220549583435,0.6145833134651184,0.6530444025993347,729,101905492,5,3
187001,1920,2805015,359041920,23520,0.6145833134651184,128,187000,0.745509147644043,1920,17,3,500000,1000,,187001.0,0.6937500238418579,0.5837217569351196,0.6166666746139526,0.6533368825912476,733,101905492,5,3
188001,1920,2820015,360961920,23520,0.6166666746139526,128,188000,0.7492952346801758,1920,17,3,500000,1000,,188001.0,0.6953125,0.5837203860282898,0.612500011920929,0.6529516577720642,737,101905492,5,3
189001,1920,2835015,362881920,23520,0.612500011920929,128,189000,0.7531113624572754,1920,17,3,500000,1000,,189001.0,0.6963541507720947,0.583720862865448,0.6104166507720947,0.6529795527458191,741,101905492,5,3
190001,1920,2850015,364801920,23520,0.6104166507720947,128,190000,0.7569315433502197,1920,17,3,500000,1000,,190001.0,0.6942708492279053,0.5837207436561584,0.6166666746139526,0.6529285311698914,745,101905492,5,3
191001,1920,2865015,366721920,23520,0.6166666746139526,128,191000,0.7607736587524414,1920,17,3,500000,1000,,191001.0,0.6968749761581421,0.5837146043777466,0.612500011920929,0.6529965996742249,749,101905492,5,3
192001,1920,2880015,368641920,23520,0.612500011920929,128,192000,0.764744758605957,1920,17,3,500000,1000,,192001.0,0.6968749761581421,0.5837157368659973,0.6145833134651184,0.6530851125717163,753,101905492,5,3
193001,1920,2895015,370561920,23520,0.6145833134651184,128,193000,0.7685446739196777,1920,17,3,500000,1000,,193001.0,0.6953125,0.583717942237854,0.6104166507720947,0.6528952121734619,757,101905492,5,3
194001,1920,2910015,372481920,23520,0.6104166507720947,128,194000,0.7725017070770264,1920,17,3,500000,1000,,194001.0,0.6947916746139526,0.5837138891220093,0.612500011920929,0.6530393958091736,761,101905492,5,3
195001,1920,2925015,374401920,23520,0.612500011920929,128,195000,0.7763044834136963,1920,17,3,500000,1000,,195001.0,0.6947916746139526,0.583713710308075,0.6166666746139526,0.6529819369316101,765,101905492,5,3
196001,1920,2940015,376321920,23520,0.6166666746139526,128,196000,0.7801182270050049,1920,17,3,500000,1000,,196001.0,0.6958333253860474,0.5837113857269287,0.6083333492279053,0.6532599329948425,769,101905492,5,3
197001,1920,2955015,378241920,23520,0.6083333492279053,128,197000,0.7838683128356934,1920,17,3,500000,1000,,197001.0,0.6947916746139526,0.5837106108665466,0.6166666746139526,0.6532347202301025,772,101905492,5,3
198001,1920,2970015,380161920,23520,0.6166666746139526,128,198000,0.7875781059265137,1920,17,3,500000,1000,,198001.0,0.6953125,0.5837098360061646,0.6145833134651184,0.6532377004623413,776,101905492,5,3
199001,1920,2985015,382081920,23520,0.6145833134651184,128,199000,0.7913432121276855,1920,17,3,500000,1000,,199001.0,0.6947916746139526,0.5837073922157288,0.6166666746139526,0.6531204581260681,780,101905492,5,3
200001,1920,3000015,384001920,23520,0.6166666746139526,128,200000,0.7951040267944336,1920,17,3,500000,1000,,200001.0,0.6963541507720947,0.5837053060531616,0.612500011920929,0.6529615521430969,784,101905492,5,3
201001,1920,3015015,385921920,23520,0.612500011920929,128,201000,0.7998850345611572,1920,17,3,500000,1000,,201001.0,0.6958333253860474,0.5837042331695557,0.612500011920929,0.6531341671943665,788,101905492,5,3
202001,1920,3030015,387841920,23520,0.612500011920929,128,202000,0.8036351203918457,1920,17,3,500000,1000,,202001.0,0.6953125,0.5837053060531616,0.6104166507720947,0.6529427170753479,792,101905492,5,3
203001,1920,3045015,389761920,23520,0.6104166507720947,128,203000,0.8073809146881104,1920,17,3,500000,1000,,203001.0,0.6953125,0.5837059617042542,0.6104166507720947,0.652960479259491,796,101905492,5,3
204001,1920,3060015,391681920,23520,0.6104166507720947,128,204000,0.811121940612793,1920,17,3,500000,1000,,204001.0,0.6958333253860474,0.583701491355896,0.612500011920929,0.6530023813247681,800,101905492,5,3
205001,1920,3075015,393601920,23520,0.612500011920929,128,205000,0.8148841857910156,1920,17,3,500000,1000,,205001.0,0.6958333253860474,0.5836977362632751,0.612500011920929,0.6531791687011719,804,101905492,5,3
206001,1920,3090015,395521920,23520,0.612500011920929,128,206000,0.8186428546905518,1920,17,3,500000,1000,,206001.0,0.6947916746139526,0.583699107170105,0.6145833134651184,0.6531388759613037,807,101905492,5,3
207001,1920,3105015,397441920,23520,0.6145833134651184,128,207000,0.8223860263824463,1920,17,3,500000,1000,,207001.0,0.6963541507720947,0.5836957693099976,0.612500011920929,0.6535251140594482,811,101905492,5,3
208001,1920,3120015,399361920,23520,0.612500011920929,128,208000,0.8261361122131348,1920,17,3,500000,1000,,208001.0,0.6953125,0.5836955904960632,0.6145833134651184,0.6531922221183777,815,101905492,5,3
209001,1920,3135015,401281920,23520,0.6145833134651184,128,209000,0.830120325088501,1920,17,3,500000,1000,,209001.0,0.6953125,0.583694577217102,0.6145833134651184,0.653238832950592,819,101905492,5,3
210001,1920,3150015,403201920,23520,0.6145833134651184,128,210000,0.8338460922241211,1920,17,3,500000,1000,,210001.0,0.6947916746139526,0.5836944580078125,0.612500011920929,0.6531514525413513,823,101905492,5,3
211001,1920,3165015,405121920,23520,0.612500011920929,128,211000,0.8378100395202637,1920,17,3,500000,1000,,211001.0,0.6958333253860474,0.5836904644966125,0.6145833134651184,0.6530659794807434,827,101905492,5,3
212001,1920,3180015,407041920,23520,0.6145833134651184,128,212000,0.8416199684143066,1920,17,3,500000,1000,,212001.0,0.6968749761581421,0.5836942791938782,0.6083333492279053,0.6535203456878662,831,101905492,5,3
213001,1920,3195015,408961920,23520,0.6083333492279053,128,213000,0.8453760147094727,1920,17,3,500000,1000,,213001.0,0.6958333253860474,0.583690881729126,0.6083333492279053,0.6531686782836914,835,101905492,5,3
214001,1920,3210015,410881920,23520,0.6083333492279053,128,214000,0.8491880893707275,1920,17,3,500000,1000,,214001.0,0.6963541507720947,0.5836906433105469,0.612500011920929,0.653153657913208,838,101905492,5,3
215001,1920,3225015,412801920,23520,0.612500011920929,128,215000,0.8529181480407715,1920,17,3,500000,1000,,215001.0,0.6963541507720947,0.5836908221244812,0.6145833134651184,0.653232216835022,842,101905492,5,3
216001,1920,3240015,414721920,23520,0.6145833134651184,128,216000,0.8566493988037109,1920,17,3,500000,1000,,216001.0,0.6947916746139526,0.5836872458457947,0.6187499761581421,0.6531978845596313,846,101905492,5,3
217001,1920,3255015,416641920,23520,0.6187499761581421,128,217000,0.8604464530944824,1920,17,3,500000,1000,,217001.0,0.6947916746139526,0.5836890935897827,0.612500011920929,0.6532992124557495,850,101905492,5,3
218001,1920,3270015,418561920,23520,0.612500011920929,128,218000,0.8642115592956543,1920,17,3,500000,1000,,218001.0,0.6947916746139526,0.5836872458457947,0.6104166507720947,0.6533869504928589,854,101905492,5,3
219001,1920,3285015,420481920,23520,0.6104166507720947,128,219000,0.8681318759918213,1920,17,3,500000,1000,,219001.0,0.6958333253860474,0.5836851596832275,0.6145833134651184,0.6532419919967651,858,101905492,5,3
220001,1920,3300015,422401920,23520,0.6145833134651184,128,220000,0.8719320297241211,1920,17,3,500000,1000,,220001.0,0.6958333253860474,0.5836801528930664,0.612500011920929,0.653337299823761,862,101905492,5,3
221001,1920,3315015,424321920,23520,0.612500011920929,128,221000,0.8758771419525146,1920,17,3,500000,1000,,221001.0,0.6953125,0.5836793780326843,0.612500011920929,0.6532650589942932,866,101905492,5,3
222001,1920,3330015,426241920,23520,0.612500011920929,128,222000,0.8796520233154297,1920,17,3,500000,1000,,222001.0,0.6963541507720947,0.5836819410324097,0.612500011920929,0.653254508972168,870,101905492,5,3
223001,1920,3345015,428161920,23520,0.612500011920929,128,223000,0.8848810195922852,1920,17,3,500000,1000,,223001.0,0.6968749761581421,0.5836831331253052,0.6104166507720947,0.6531652808189392,874,101905492,5,3
224001,1920,3360015,430081920,23520,0.6104166507720947,128,224000,0.8886597156524658,1920,17,3,500000,1000,,224001.0,0.6958333253860474,0.5836760997772217,0.612500011920929,0.6534296870231628,878,101905492,5,3
225001,1920,3375015,432001920,23520,0.612500011920929,128,225000,0.892533540725708,1920,17,3,500000,1000,,225001.0,0.6958333253860474,0.583676278591156,0.612500011920929,0.6534193754196167,882,101905492,5,3
226001,1920,3390015,433921920,23520,0.612500011920929,128,226000,0.8962674140930176,1920,17,3,500000,1000,,226001.0,0.6963541507720947,0.5836794376373291,0.6104166507720947,0.6530205011367798,885,101905492,5,3
227001,1920,3405015,435841920,23520,0.6104166507720947,128,227000,0.9001331329345703,1920,17,3,500000,1000,,227001.0,0.6958333253860474,0.583678126335144,0.6104166507720947,0.6532248258590698,889,101905492,5,3
228001,1920,3420015,437761920,23520,0.6104166507720947,128,228000,0.9039163589477539,1920,17,3,500000,1000,,228001.0,0.6968749761581421,0.5836750268936157,0.612500011920929,0.653235137462616,893,101905492,5,3
229001,1920,3435015,439681920,23520,0.612500011920929,128,229000,0.9077112674713135,1920,17,3,500000,1000,,229001.0,0.6958333253860474,0.5836737751960754,0.612500011920929,0.6531311273574829,897,101905492,5,3
230001,1920,3450015,441601920,23520,0.612500011920929,128,230000,0.9115254878997803,1920,17,3,500000,1000,,230001.0,0.6947916746139526,0.5836766362190247,0.6166666746139526,0.6531360745429993,901,101905492,5,3
231001,1920,3465015,443521920,23520,0.6166666746139526,128,231000,0.915257453918457,1920,17,3,500000,1000,,231001.0,0.6942708492279053,0.5836724638938904,0.6145833134651184,0.6532598733901978,905,101905492,5,3
232001,1920,3480015,445441920,23520,0.6145833134651184,128,232000,0.9190733432769775,1920,17,3,500000,1000,,232001.0,0.6942708492279053,0.5836724638938904,0.612500011920929,0.6532351970672607,909,101905492,5,3
233001,1920,3495015,447361920,23520,0.612500011920929,128,233000,0.9228453636169434,1920,17,3,500000,1000,,233001.0,0.6947916746139526,0.5836705565452576,0.6166666746139526,0.6534735560417175,913,101905492,5,3
234001,1920,3510015,449281920,23520,0.6166666746139526,128,234000,0.9266021251678467,1920,17,3,500000,1000,,234001.0,0.6958333253860474,0.5836676955223083,0.612500011920929,0.6532126665115356,916,101905492,5,3
235001,1920,3525015,451201920,23520,0.612500011920929,128,235000,0.9303550720214844,1920,17,3,500000,1000,,235001.0,0.6968749761581421,0.5836706161499023,0.606249988079071,0.653354287147522,920,101905492,5,3
236001,1920,3540015,453121920,23520,0.606249988079071,128,236000,0.9341170787811279,1920,17,3,500000,1000,,236001.0,0.6953125,0.5836682915687561,0.612500011920929,0.6532189846038818,924,101905492,5,3
237001,1920,3555015,455041920,23520,0.612500011920929,128,237000,0.9379222393035889,1920,17,3,500000,1000,,237001.0,0.6968749761581421,0.5836685299873352,0.6104166507720947,0.6535090208053589,928,101905492,5,3
238001,1920,3570015,456961920,23520,0.6104166507720947,128,238000,0.9417002201080322,1920,17,3,500000,1000,,238001.0,0.6963541507720947,0.5836681723594666,0.6104166507720947,0.6530497074127197,932,101905492,5,3
239001,1920,3585015,458881920,23520,0.6104166507720947,128,239000,0.9454824924468994,1920,17,3,500000,1000,,239001.0,0.6958333253860474,0.5836650729179382,0.6104166507720947,0.6531693339347839,936,101905492,5,3
240001,1920,3600015,460801920,23520,0.6104166507720947,128,240000,0.9492805004119873,1920,17,3,500000,1000,,240001.0,0.6953125,0.5836649537086487,0.612500011920929,0.6533907651901245,940,101905492,5,3
241001,1920,3615015,462721920,23520,0.612500011920929,128,241000,0.9530985355377197,1920,17,3,500000,1000,,241001.0,0.6947916746139526,0.5836613178253174,0.612500011920929,0.6533650159835815,944,101905492,5,3
242001,1920,3630015,464641920,23520,0.612500011920929,128,242000,0.9568524360656738,1920,17,3,500000,1000,,242001.0,0.6958333253860474,0.5836642980575562,0.612500011920929,0.6532853245735168,948,101905492,5,3
243001,1920,3645015,466561920,23520,0.612500011920929,128,243000,0.9607803821563721,1920,17,3,500000,1000,,243001.0,0.6968749761581421,0.5836610198020935,0.6104166507720947,0.6531287431716919,951,101905492,5,3
244001,1920,3660015,468481920,23520,0.6104166507720947,128,244000,0.9645402431488037,1920,17,3,500000,1000,,244001.0,0.6968749761581421,0.5836637020111084,0.6104166507720947,0.6532829403877258,955,101905492,5,3
245001,1920,3675015,470401920,23520,0.6104166507720947,128,245000,0.9687259197235107,1920,17,3,500000,1000,,245001.0,0.6963541507720947,0.5836585164070129,0.612500011920929,0.653313398361206,959,101905492,5,3
246001,1920,3690015,472321920,23520,0.612500011920929,128,246000,0.9724788665771484,1920,17,3,500000,1000,,246001.0,0.6963541507720947,0.5836573839187622,0.612500011920929,0.6534168720245361,963,101905492,5,3
247001,1920,3705015,474241920,23520,0.612500011920929,128,247000,0.9762165546417236,1920,17,3,500000,1000,,247001.0,0.6953125,0.5836555361747742,0.6145833134651184,0.6534324884414673,967,101905492,5,3
248001,1920,3720015,476161920,23520,0.6145833134651184,128,248000,0.980050802230835,1920,17,3,500000,1000,,248001.0,0.6958333253860474,0.5836578011512756,0.612500011920929,0.6534032225608826,971,101905492,5,3
249001,1920,3735015,478081920,23520,0.612500011920929,128,249000,0.9839897155761719,1920,17,3,500000,1000,,249001.0,0.6947916746139526,0.5836563110351562,0.6145833134651184,0.6533814072608948,975,101905492,5,3
250001,1920,3750015,480001920,23520,0.6145833134651184,128,250000,0.9880659580230713,1920,17,3,500000,1000,,250001.0,0.6942708492279053,0.5836542844772339,0.6166666746139526,0.653300940990448,978,101905492,5,3
251001,1920,3765015,481921920,23520,0.6166666746139526,128,251000,0.9918620586395264,1920,17,3,500000,1000,,251001.0,0.6947916746139526,0.5836559534072876,0.6145833134651184,0.652979850769043,982,101905492,5,3
252001,1920,3780015,483841920,23520,0.6145833134651184,128,252000,0.9955892562866211,1920,17,3,500000,1000,,252001.0,0.6958333253860474,0.5836526155471802,0.6104166507720947,0.6534362435340881,986,101905492,5,3
253001,1920,3795015,485761920,23520,0.6104166507720947,128,253000,0.9994254112243652,1920,17,3,500000,1000,,253001.0,0.6973958611488342,0.5836560130119324,0.612500011920929,0.6533597707748413,990,101905492,5,3
254001,1920,3810015,487681920,23520,0.612500011920929,128,254000,1.0031983852386475,1920,17,3,500000,1000,,254001.0,0.6968749761581421,0.583657443523407,0.6104166507720947,0.6530971527099609,994,101905492,5,3
255001,1920,3825015,489601920,23520,0.6104166507720947,128,255000,1.0070075988769531,1920,17,3,500000,1000,,255001.0,0.6973958611488342,0.5836535096168518,0.6083333492279053,0.6534797549247742,998,101905492,5,3
256001,1920,3840015,491521920,23520,0.6083333492279053,128,256000,1.010765552520752,1920,17,3,500000,1000,,256001.0,0.6968749761581421,0.5836514830589294,0.6104166507720947,0.6534384489059448,1002,101905492,5,3
257001,1920,3855015,493441920,23520,0.6104166507720947,128,257000,1.014871597290039,1920,17,3,500000,1000,,257001.0,0.6958333253860474,0.5836488008499146,0.6104166507720947,0.6533913016319275,1006,101905492,5,3
258001,1920,3870015,495361920,23520,0.6104166507720947,128,258000,1.0186526775360107,1920,17,3,500000,1000,,258001.0,0.6968749761581421,0.5836466550827026,0.6104166507720947,0.6537714004516602,1010,101905492,5,3
259001,1920,3885015,497281920,23520,0.6104166507720947,128,259000,1.0224335193634033,1920,17,3,500000,1000,,259001.0,0.6947916746139526,0.5836473107337952,0.6145833134651184,0.6535242795944214,1013,101905492,5,3
260001,1920,3900015,499201920,23520,0.6145833134651184,128,260000,1.0264575481414795,1920,17,3,500000,1000,,260001.0,0.6958333253860474,0.5836474299430847,0.6145833134651184,0.6534892916679382,1017,101905492,5,3
261001,1920,3915015,501121920,23520,0.6145833134651184,128,261000,1.030240774154663,1920,17,3,500000,1000,,261001.0,0.6963541507720947,0.5836437344551086,0.6104166507720947,0.6535933017730713,1021,101905492,5,3
262001,1920,3930015,503041920,23520,0.6104166507720947,128,262000,1.034562587738037,1920,17,3,500000,1000,,262001.0,0.6968749761581421,0.5836428999900818,0.6104166507720947,0.6535186767578125,1025,101905492,5,3
263001,1920,3945015,504961920,23520,0.6104166507720947,128,263000,1.0384063720703125,1920,17,3,500000,1000,,263001.0,0.6947916746139526,0.5836422443389893,0.6083333492279053,0.6534583568572998,1029,101905492,5,3
264001,1920,3960015,506881920,23520,0.6083333492279053,128,264000,1.042201280593872,1920,17,3,500000,1000,,264001.0,0.6958333253860474,0.5836396813392639,0.6145833134651184,0.6533759236335754,1033,101905492,5,3
265001,1920,3975015,508801920,23520,0.6145833134651184,128,265000,1.0459363460540771,1920,17,3,500000,1000,,265001.0,0.6958333253860474,0.583642303943634,0.6145833134651184,0.6532851457595825,1037,101905492,5,3
266001,1920,3990015,510721920,23520,0.6145833134651184,128,266000,1.0497303009033203,1920,17,3,500000,1000,,266001.0,0.6953125,0.583642840385437,0.6104166507720947,0.6532592177391052,1040,101905492,5,3
267001,1920,4005015,512641920,23520,0.6104166507720947,128,267000,1.053504467010498,1920,17,3,500000,1000,,267001.0,0.6953125,0.5836392045021057,0.612500011920929,0.6534464359283447,1044,101905492,5,3
268001,1920,4020015,514561920,23520,0.612500011920929,128,268000,1.0572984218597412,1920,17,3,500000,1000,,268001.0,0.6963541507720947,0.5836457014083862,0.6104166507720947,0.6532156467437744,1048,101905492,5,3
269001,1920,4035015,516481920,23520,0.6104166507720947,128,269000,1.061119556427002,1920,17,3,500000,1000,,269001.0,0.6968749761581421,0.5836371183395386,0.6104166507720947,0.6533868908882141,1052,101905492,5,3
270001,1920,4050015,518401920,23520,0.6104166507720947,128,270000,1.064870834350586,1920,17,3,500000,1000,,270001.0,0.6953125,0.5836368203163147,0.6145833134651184,0.6534257531166077,1056,101905492,5,3
271001,1920,4065015,520321920,23520,0.6145833134651184,128,271000,1.068652868270874,1920,17,3,500000,1000,,271001.0,0.6958333253860474,0.5836353898048401,0.6145833134651184,0.6533907055854797,1060,101905492,5,3
272001,1920,4080015,522241920,23520,0.6145833134651184,128,272000,1.0724246501922607,1920,17,3,500000,1000,,272001.0,0.6968749761581421,0.583635687828064,0.612500011920929,0.6534267663955688,1064,101905492,5,3
273001,1920,4095015,524161920,23520,0.612500011920929,128,273000,1.0762407779693604,1920,17,3,500000,1000,,273001.0,0.6958333253860474,0.5836374163627625,0.612500011920929,0.6533489227294922,1068,101905492,5,3
274001,1920,4110015,526081920,23520,0.612500011920929,128,274000,1.0801677703857422,1920,17,3,500000,1000,,274001.0,0.6953125,0.5836368799209595,0.6104166507720947,0.6535199880599976,1071,101905492,5,3
275001,1920,4125015,528001920,23520,0.6104166507720947,128,275000,1.0841846466064453,1920,17,3,500000,1000,,275001.0,0.6958333253860474,0.5836357474327087,0.612500011920929,0.6535732746124268,1075,101905492,5,3
276001,1920,4140015,529921920,23520,0.612500011920929,128,276000,1.0879936218261719,1920,17,3,500000,1000,,276001.0,0.6947916746139526,0.5836353302001953,0.6145833134651184,0.6535594463348389,1079,101905492,5,3
277001,1920,4155015,531841920,23520,0.6145833134651184,128,277000,1.091766595840454,1920,17,3,500000,1000,,277001.0,0.6947916746139526,0.5836346745491028,0.612500011920929,0.6535091996192932,1083,101905492,5,3
278001,1920,4170015,533761920,23520,0.612500011920929,128,278000,1.095543622970581,1920,17,3,500000,1000,,278001.0,0.6947916746139526,0.5836354494094849,0.6145833134651184,0.6533858776092529,1087,101905492,5,3
279001,1920,4185015,535681920,23520,0.6145833134651184,128,279000,1.0997865200042725,1920,17,3,500000,1000,,279001.0,0.6953125,0.5836391448974609,0.6145833134651184,0.6536956429481506,1091,101905492,5,3
280001,1920,4200015,537601920,23520,0.6145833134651184,128,280000,1.103609561920166,1920,17,3,500000,1000,,280001.0,0.6942708492279053,0.5836362838745117,0.6145833134651184,0.6535699367523193,1095,101905492,5,3
281001,1920,4215015,539521920,23520,0.6145833134651184,128,281000,1.1080007553100586,1920,17,3,500000,1000,,281001.0,0.6973958611488342,0.583635151386261,0.6083333492279053,0.6533214449882507,1099,101905492,5,3
282001,1920,4230015,541441920,23520,0.6083333492279053,128,282000,1.1119329929351807,1920,17,3,500000,1000,,282001.0,0.6958333253860474,0.5836315751075745,0.6083333492279053,0.6533511281013489,1103,101905492,5,3
283001,1920,4245015,543361920,23520,0.6083333492279053,128,283000,1.115699052810669,1920,17,3,500000,1000,,283001.0,0.6958333253860474,0.5836317539215088,0.612500011920929,0.6536085605621338,1107,101905492,5,3
284001,1920,4260015,545281920,23520,0.612500011920929,128,284000,1.119959831237793,1920,17,3,500000,1000,,284001.0,0.6979166865348816,0.5836294293403625,0.6083333492279053,0.6534625291824341,1111,101905492,5,3
285001,1920,4275015,547201920,23520,0.6083333492279053,128,285000,1.123918056488037,1920,17,3,500000,1000,,285001.0,0.6958333253860474,0.5836288928985596,0.612500011920929,0.6533766984939575,1115,101905492,5,3
286001,1920,4290015,549121920,23520,0.612500011920929,128,286000,1.1276798248291016,1920,17,3,500000,1000,,286001.0,0.6958333253860474,0.5836260318756104,0.612500011920929,0.6537673473358154,1119,101905492,5,3
287001,1920,4305015,551041920,23520,0.612500011920929,128,287000,1.131469488143921,1920,17,3,500000,1000,,287001.0,0.6958333253860474,0.5836309790611267,0.606249988079071,0.6532925963401794,1122,101905492,5,3
288001,1920,4320015,552961920,23520,0.606249988079071,128,288000,1.1352264881134033,1920,17,3,500000,1000,,288001.0,0.6947916746139526,0.5836347937583923,0.612500011920929,0.65325528383255,1126,101905492,5,3
289001,1920,4335015,554881920,23520,0.612500011920929,128,289000,1.1389994621276855,1920,17,3,500000,1000,,289001.0,0.6947916746139526,0.5836248397827148,0.6104166507720947,0.6537471413612366,1130,101905492,5,3
290001,1920,4350015,556801920,23520,0.6104166507720947,128,290000,1.1427254676818848,1920,17,3,500000,1000,,290001.0,0.6942708492279053,0.583625853061676,0.6145833134651184,0.6533308029174805,1134,101905492,5,3
291001,1920,4365015,558721920,23520,0.6145833134651184,128,291000,1.1470885276794434,1920,17,3,500000,1000,,291001.0,0.6958333253860474,0.5836242437362671,0.6145833134651184,0.653782069683075,1138,101905492,5,3
292001,1920,4380015,560641920,23520,0.6145833134651184,128,292000,1.1508886814117432,1920,17,3,500000,1000,,292001.0,0.6953125,0.5836237072944641,0.6166666746139526,0.6536906361579895,1142,101905492,5,3
293001,1920,4395015,562561920,23520,0.6166666746139526,128,293000,1.1546876430511475,1920,17,3,500000,1000,,293001.0,0.6973958611488342,0.5836227536201477,0.6145833134651184,0.6535176634788513,1146,101905492,5,3
294001,1920,4410015,564481920,23520,0.6145833134651184,128,294000,1.1584837436676025,1920,17,3,500000,1000,,294001.0,0.6963541507720947,0.5836220383644104,0.612500011920929,0.6535985469818115,1150,101905492,5,3
295001,1920,4425015,566401920,23520,0.612500011920929,128,295000,1.1626248359680176,1920,17,3,500000,1000,,295001.0,0.6973958611488342,0.583629846572876,0.6104166507720947,0.6533989310264587,1154,101905492,5,3
296001,1920,4440015,568321920,23520,0.6104166507720947,128,296000,1.166383981704712,1920,17,3,500000,1000,,296001.0,0.6953125,0.5836217403411865,0.6187499761581421,0.6534858345985413,1157,101905492,5,3
297001,1920,4455015,570241920,23520,0.6187499761581421,128,297000,1.1701033115386963,1920,17,3,500000,1000,,297001.0,0.6963541507720947,0.5836210250854492,0.612500011920929,0.6537324786186218,1161,101905492,5,3
298001,1920,4470015,572161920,23520,0.612500011920929,128,298000,1.1738393306732178,1920,17,3,500000,1000,,298001.0,0.6963541507720947,0.5836220979690552,0.6083333492279053,0.653619647026062,1165,101905492,5,3
299001,1920,4485015,574081920,23520,0.6083333492279053,128,299000,1.1779115200042725,1920,17,3,500000,1000,,299001.0,0.6942708492279053,0.5836219191551208,0.6145833134651184,0.6539118885993958,1169,101905492,5,3
300001,1920,4500015,576001920,23520,0.6145833134651184,128,300000,1.1816654205322266,1920,17,3,500000,1000,,300001.0,0.6947916746139526,0.5836157202720642,0.612500011920929,0.6536864638328552,1173,101905492,5,3
301001,1920,4515015,577921920,23520,0.612500011920929,128,301000,1.18544340133667,1920,17,3,500000,1000,,301001.0,0.6953125,0.5836185216903687,0.6104166507720947,0.6538364887237549,1177,101905492,5,3
302001,1920,4530015,579841920,23520,0.6104166507720947,128,302000,1.190206527709961,1920,17,3,500000,1000,,302001.0,0.6963541507720947,0.5836166739463806,0.6145833134651184,0.6535264253616333,1181,101905492,5,3
303001,1920,4545015,581761920,23520,0.6145833134651184,128,303000,1.1940665245056152,1920,17,3,500000,1000,,303001.0,0.698437511920929,0.5836181044578552,0.6104166507720947,0.6538618206977844,1184,101905492,5,3
304001,1920,4560015,583681920,23520,0.6104166507720947,128,304000,1.1978545188903809,1920,17,3,500000,1000,,304001.0,0.6953125,0.5836187601089478,0.6104166507720947,0.6536871194839478,1188,101905492,5,3
305001,1920,4575015,585601920,23520,0.6104166507720947,128,305000,1.2015864849090576,1920,17,3,500000,1000,,305001.0,0.6947916746139526,0.5836181640625,0.6104166507720947,0.6535099744796753,1192,101905492,5,3
306001,1920,4590015,587521920,23520,0.6104166507720947,128,306000,1.2053515911102295,1920,17,3,500000,1000,,306001.0,0.6953125,0.5836138129234314,0.612500011920929,0.6537830829620361,1196,101905492,5,3
307001,1920,4605015,589441920,23520,0.612500011920929,128,307000,1.2091014385223389,1920,17,3,500000,1000,,307001.0,0.6958333253860474,0.5836140513420105,0.6104166507720947,0.6535444259643555,1200,101905492,5,3
308001,1920,4620015,591361920,23520,0.6104166507720947,128,308000,1.2128634452819824,1920,17,3,500000,1000,,308001.0,0.6942708492279053,0.5836144685745239,0.6083333492279053,0.6536678671836853,1204,101905492,5,3
309001,1920,4635015,593281920,23520,0.6083333492279053,128,309000,1.216799259185791,1920,17,3,500000,1000,,309001.0,0.6953125,0.5836143493652344,0.6083333492279053,0.653826117515564,1207,101905492,5,3
310001,1920,4650015,595201920,23520,0.6083333492279053,128,310000,1.2205584049224854,1920,17,3,500000,1000,,310001.0,0.6963541507720947,0.5836146473884583,0.612500011920929,0.6535990238189697,1211,101905492,5,3
311001,1920,4665015,597121920,23520,0.612500011920929,128,311000,1.2244763374328613,1920,17,3,500000,1000,,311001.0,0.6937500238418579,0.583618700504303,0.612500011920929,0.6538559198379517,1215,101905492,5,3
312001,1920,4680015,599041920,23520,0.612500011920929,128,312000,1.2282583713531494,1920,17,3,500000,1000,,312001.0,0.6947916746139526,0.5836138129234314,0.612500011920929,0.6536336541175842,1219,101905492,5,3
313001,1920,4695015,600961920,23520,0.612500011920929,128,313000,1.2320103645324707,1920,17,3,500000,1000,,313001.0,0.6947916746139526,0.5836134552955627,0.612500011920929,0.6537582278251648,1223,101905492,5,3
314001,1920,4710015,602881920,23520,0.612500011920929,128,314000,1.2358214855194092,1920,17,3,500000,1000,,314001.0,0.6953125,0.5836099982261658,0.6145833134651184,0.6535785794258118,1227,101905492,5,3
315001,1920,4725015,604801920,23520,0.6145833134651184,128,315000,1.2399864196777344,1920,17,3,500000,1000,,315001.0,0.6963541507720947,0.5836111903190613,0.6104166507720947,0.6536381244659424,1231,101905492,5,3
316001,1920,4740015,606721920,23520,0.6104166507720947,128,316000,1.2437472343444824,1920,17,3,500000,1000,,316001.0,0.6947916746139526,0.5836102962493896,0.612500011920929,0.6537810564041138,1235,101905492,5,3
317001,1920,4755015,608641920,23520,0.612500011920929,128,317000,1.2476859092712402,1920,17,3,500000,1000,,317001.0,0.6947916746139526,0.5836107730865479,0.6104166507720947,0.6534424424171448,1240,101905492,5,3
318001,1920,4770015,610561920,23520,0.6104166507720947,128,318000,1.2514331340789795,1920,17,3,500000,1000,,318001.0,0.6942708492279053,0.5836135149002075,0.6166666746139526,0.6535179018974304,1243,101905492,5,3
319001,1920,4785015,612481920,23520,0.6166666746139526,128,319000,1.255218267440796,1920,17,3,500000,1000,,319001.0,0.6958333253860474,0.583608865737915,0.6187499761581421,0.6533715128898621,1247,101905492,5,3
320001,1920,4800015,614401920,23520,0.6187499761581421,128,320000,1.2590162754058838,1920,17,3,500000,1000,,320001.0,0.6963541507720947,0.5836067199707031,0.6145833134651184,0.6536962389945984,1251,101905492,5,3
321001,1920,4815015,616321920,23520,0.6145833134651184,128,321000,1.2628681659698486,1920,17,3,500000,1000,,321001.0,0.6963541507720947,0.583608865737915,0.6145833134651184,0.6535965800285339,1255,101905492,5,3
322001,1920,4830015,618241920,23520,0.6145833134651184,128,322000,1.2666711807250977,1920,17,3,500000,1000,,322001.0,0.6963541507720947,0.5836040377616882,0.612500011920929,0.653685450553894,1259,101905492,5,3
323001,1920,4845015,620161920,23520,0.612500011920929,128,323000,1.2704083919525146,1920,17,3,500000,1000,,323001.0,0.6937500238418579,0.5836076736450195,0.612500011920929,0.6538062691688538,1263,101905492,5,3
324001,1920,4860015,622081920,23520,0.612500011920929,128,324000,1.2741544246673584,1920,17,3,500000,1000,,324001.0,0.6953125,0.583602786064148,0.6166666746139526,0.6535856127738953,1267,101905492,5,3
325001,1920,4875015,624001920,23520,0.6166666746139526,128,325000,1.2780053615570068,1920,17,3,500000,1000,,325001.0,0.6953125,0.5836044549942017,0.612500011920929,0.6536436676979065,1270,101905492,5,3
326001,1920,4890015,625921920,23520,0.612500011920929,128,326000,1.2818353176116943,1920,17,3,500000,1000,,326001.0,0.6973958611488342,0.5836058855056763,0.6104166507720947,0.6535269618034363,1274,101905492,5,3
327001,1920,4905015,627841920,23520,0.6104166507720947,128,327000,1.2855923175811768,1920,17,3,500000,1000,,327001.0,0.6937500238418579,0.5836076736450195,0.612500011920929,0.6540144085884094,1278,101905492,5,3
328001,1920,4920015,629761920,23520,0.612500011920929,128,328000,1.289377212524414,1920,17,3,500000,1000,,328001.0,0.6953125,0.5836028456687927,0.612500011920929,0.6537542343139648,1282,101905492,5,3
329001,1920,4935015,631681920,23520,0.612500011920929,128,329000,1.2931768894195557,1920,17,3,500000,1000,,329001.0,0.6947916746139526,0.5836037397384644,0.612500011920929,0.6537318825721741,1286,101905492,5,3
330001,1920,4950015,633601920,23520,0.612500011920929,128,330000,1.2969858646392822,1920,17,3,500000,1000,,330001.0,0.6953125,0.5836025476455688,0.6145833134651184,0.6537045240402222,1290,101905492,5,3
331001,1920,4965015,635521920,23520,0.6145833134651184,128,331000,1.300779104232788,1920,17,3,500000,1000,,331001.0,0.6953125,0.5836047530174255,0.6083333492279053,0.6536152958869934,1294,101905492,5,3
332001,1920,4980015,637441920,23520,0.6083333492279053,128,332000,1.3045539855957031,1920,17,3,500000,1000,,332001.0,0.6947916746139526,0.583602249622345,0.612500011920929,0.6534465551376343,1297,101905492,5,3
333001,1920,4995015,639361920,23520,0.612500011920929,128,333000,1.3082830905914307,1920,17,3,500000,1000,,333001.0,0.6963541507720947,0.5835993885993958,0.6104166507720947,0.6536052227020264,1301,101905492,5,3
334001,1920,5010015,641281920,23520,0.6104166507720947,128,334000,1.3120942115783691,1920,17,3,500000,1000,,334001.0,0.6963541507720947,0.5835983157157898,0.6145833134651184,0.653644859790802,1305,101905492,5,3
335001,1920,5025015,643201920,23520,0.6145833134651184,128,335000,1.315843105316162,1920,17,3,500000,1000,,335001.0,0.6942708492279053,0.5836014151573181,0.612500011920929,0.6538189053535461,1309,101905492,5,3
336001,1920,5040015,645121920,23520,0.612500011920929,128,336000,1.3196511268615723,1920,17,3,500000,1000,,336001.0,0.6953125,0.5835992693901062,0.6104166507720947,0.6536263823509216,1313,101905492,5,3
337001,1920,5055015,647041920,23520,0.6104166507720947,128,337000,1.3235023021697998,1920,17,3,500000,1000,,337001.0,0.6958333253860474,0.5835974812507629,0.612500011920929,0.6534998416900635,1317,101905492,5,3
338001,1920,5070015,648961920,23520,0.612500011920929,128,338000,1.327256202697754,1920,17,3,500000,1000,,338001.0,0.6968749761581421,0.5835990905761719,0.612500011920929,0.6534957885742188,1320,101905492,5,3
339001,1920,5085015,650881920,23520,0.612500011920929,128,339000,1.3319413661956787,1920,17,3,500000,1000,,339001.0,0.6947916746139526,0.5835973620414734,0.6145833134651184,0.6537204384803772,1324,101905492,5,3
340001,1920,5100015,652801920,23520,0.6145833134651184,128,340000,1.3356952667236328,1920,17,3,500000,1000,,340001.0,0.6947916746139526,0.5835936665534973,0.612500011920929,0.6535136103630066,1328,101905492,5,3
341001,1920,5115015,654721920,23520,0.612500011920929,128,341000,1.3394520282745361,1920,17,3,500000,1000,,341001.0,0.6953125,0.5835968255996704,0.6145833134651184,0.6537066102027893,1332,101905492,5,3
342001,1920,5130015,656641920,23520,0.6145833134651184,128,342000,1.3436172008514404,1920,17,3,500000,1000,,342001.0,0.6963541507720947,0.583598256111145,0.612500011920929,0.6536813974380493,1336,101905492,5,3
343001,1920,5145015,658561920,23520,0.612500011920929,128,343000,1.3474562168121338,1920,17,3,500000,1000,,343001.0,0.6937500238418579,0.5836001634597778,0.612500011920929,0.6538093090057373,1340,101905492,5,3
344001,1920,5160015,660481920,23520,0.612500011920929,128,344000,1.3513731956481934,1920,17,3,500000,1000,,344001.0,0.6963541507720947,0.5835952162742615,0.606249988079071,0.6538349390029907,1344,101905492,5,3
345001,1920,5175015,662401920,23520,0.606249988079071,128,345000,1.3551580905914307,1920,17,3,500000,1000,,345001.0,0.6953125,0.5835968255996704,0.6083333492279053,0.6536726355552673,1347,101905492,5,3
346001,1920,5190015,664321920,23520,0.6083333492279053,128,346000,1.3588769435882568,1920,17,3,500000,1000,,346001.0,0.6979166865348816,0.5835931301116943,0.606249988079071,0.6535648107528687,1351,101905492,5,3
347001,1920,5205015,666241920,23520,0.606249988079071,128,347000,1.3626689910888672,1920,17,3,500000,1000,,347001.0,0.6953125,0.5835931301116943,0.6104166507720947,0.6535839438438416,1355,101905492,5,3
348001,1920,5220015,668161920,23520,0.6104166507720947,128,348000,1.3664166927337646,1920,17,3,500000,1000,,348001.0,0.6963541507720947,0.5835931301116943,0.6104166507720947,0.6536216139793396,1359,101905492,5,3
349001,1920,5235015,670081920,23520,0.6104166507720947,128,349000,1.3703386783599854,1920,17,3,500000,1000,,349001.0,0.6953125,0.5835942029953003,0.612500011920929,0.6534913182258606,1363,101905492,5,3
350001,1920,5250015,672001920,23520,0.612500011920929,128,350000,1.3740944862365723,1920,17,3,500000,1000,,350001.0,0.6968749761581421,0.5835925340652466,0.612500011920929,0.6534955501556396,1367,101905492,5,3
351001,1920,5265015,673921920,23520,0.612500011920929,128,351000,1.3778796195983887,1920,17,3,500000,1000,,351001.0,0.6953125,0.5835898518562317,0.612500011920929,0.6536914706230164,1371,101905492,5,3
352001,1920,5280015,675841920,23520,0.612500011920929,128,352000,1.3816657066345215,1920,17,3,500000,1000,,352001.0,0.6947916746139526,0.5835897922515869,0.612500011920929,0.6536363959312439,1374,101905492,5,3
353001,1920,5295015,677761920,23520,0.612500011920929,128,353000,1.385636568069458,1920,17,3,500000,1000,,353001.0,0.6942708492279053,0.5835928320884705,0.612500011920929,0.6537889242172241,1378,101905492,5,3
354001,1920,5310015,679681920,23520,0.612500011920929,128,354000,1.38942289352417,1920,17,3,500000,1000,,354001.0,0.6947916746139526,0.5835896730422974,0.6145833134651184,0.6535398960113525,1382,101905492,5,3
355001,1920,5325015,681601920,23520,0.6145833134651184,128,355000,1.3932068347930908,1920,17,3,500000,1000,,355001.0,0.6947916746139526,0.5835925340652466,0.6145833134651184,0.6532971858978271,1386,101905492,5,3
356001,1920,5340015,683521920,23520,0.6145833134651184,128,356000,1.3970019817352295,1920,17,3,500000,1000,,356001.0,0.6963541507720947,0.5835890173912048,0.6104166507720947,0.6534857153892517,1390,101905492,5,3
357001,1920,5355015,685441920,23520,0.6104166507720947,128,357000,1.4007210731506348,1920,17,3,500000,1000,,357001.0,0.6937500238418579,0.5835915803909302,0.6083333492279053,0.6537241339683533,1394,101905492,5,3
358001,1920,5370015,687361920,23520,0.6083333492279053,128,358000,1.4045071601867676,1920,17,3,500000,1000,,358001.0,0.6947916746139526,0.5835880041122437,0.612500011920929,0.6535249352455139,1398,101905492,5,3
359001,1920,5385015,689281920,23520,0.612500011920929,128,359000,1.4083099365234375,1920,17,3,500000,1000,,359001.0,0.6947916746139526,0.5835866928100586,0.6145833134651184,0.6537848114967346,1401,101905492,5,3
360001,1920,5400015,691201920,23520,0.6145833134651184,128,360000,1.4120838642120361,1920,17,3,500000,1000,,360001.0,0.6942708492279053,0.5835855603218079,0.6104166507720947,0.6536818146705627,1405,101905492,5,3
361001,1920,5415015,693121920,23520,0.6104166507720947,128,361000,1.4158568382263184,1920,17,3,500000,1000,,361001.0,0.6937500238418579,0.5835895538330078,0.612500011920929,0.6536306738853455,1409,101905492,5,3
362001,1920,5430015,695041920,23520,0.612500011920929,128,362000,1.419628620147705,1920,17,3,500000,1000,,362001.0,0.6947916746139526,0.5835893750190735,0.612500011920929,0.6536146402359009,1413,101905492,5,3
363001,1920,5445015,696961920,23520,0.612500011920929,128,363000,1.423412799835205,1920,17,3,500000,1000,,363001.0,0.6947916746139526,0.5835864543914795,0.612500011920929,0.6539535522460938,1417,101905492,5,3
364001,1920,5460015,698881920,23520,0.612500011920929,128,364000,1.427198886871338,1920,17,3,500000,1000,,364001.0,0.6942708492279053,0.5835856199264526,0.612500011920929,0.6537413001060486,1421,101905492,5,3
365001,1920,5475015,700801920,23520,0.612500011920929,128,365000,1.4309728145599365,1920,17,3,500000,1000,,365001.0,0.6947916746139526,0.5835860967636108,0.6145833134651184,0.6534789800643921,1425,101905492,5,3
366001,1920,5490015,702721920,23520,0.6145833134651184,128,366000,1.4347636699676514,1920,17,3,500000,1000,,366001.0,0.6947916746139526,0.5835885405540466,0.612500011920929,0.6534869074821472,1429,101905492,5,3
367001,1920,5505015,704641920,23520,0.612500011920929,128,367000,1.4385275840759277,1920,17,3,500000,1000,,367001.0,0.6953125,0.5835858583450317,0.612500011920929,0.6539326310157776,1433,101905492,5,3
368001,1920,5520015,706561920,23520,0.612500011920929,128,368000,1.442394495010376,1920,17,3,500000,1000,,368001.0,0.6958333253860474,0.5835867524147034,0.612500011920929,0.6537345051765442,1437,101905492,5,3
369001,1920,5535015,708481920,23520,0.612500011920929,128,369000,1.4461486339569092,1920,17,3,500000,1000,,369001.0,0.6947916746139526,0.5835849642753601,0.612500011920929,0.6536842584609985,1441,101905492,5,3
370001,1920,5550015,710401920,23520,0.612500011920929,128,370000,1.4502079486846924,1920,17,3,500000,1000,,370001.0,0.6968749761581421,0.5835838317871094,0.6104166507720947,0.6536442041397095,1444,101905492,5,3
371001,1920,5565015,712321920,23520,0.6104166507720947,128,371000,1.454014778137207,1920,17,3,500000,1000,,371001.0,0.6958333253860474,0.5835826992988586,0.6083333492279053,0.6537321209907532,1448,101905492,5,3
372001,1920,5580015,714241920,23520,0.6083333492279053,128,372000,1.4580025672912598,1920,17,3,500000,1000,,372001.0,0.6953125,0.5835826992988586,0.6104166507720947,0.6536006331443787,1452,101905492,5,3
373001,1920,5595015,716161920,23520,0.6104166507720947,128,373000,1.4620487689971924,1920,17,3,500000,1000,,373001.0,0.6947916746139526,0.5835819840431213,0.6104166507720947,0.6534825563430786,1456,101905492,5,3
374001,1920,5610015,718081920,23520,0.6104166507720947,128,374000,1.4658699035644531,1920,17,3,500000,1000,,374001.0,0.6958333253860474,0.5835854411125183,0.6104166507720947,0.6536298394203186,1460,101905492,5,3
375001,1920,5625015,720001920,23520,0.6104166507720947,128,375000,1.4696409702301025,1920,17,3,500000,1000,,375001.0,0.6958333253860474,0.5835798978805542,0.6145833134651184,0.6539046168327332,1464,101905492,5,3
376001,1920,5640015,721921920,23520,0.6145833134651184,128,376000,1.4737999439239502,1920,17,3,500000,1000,,376001.0,0.6958333253860474,0.5835834741592407,0.6145833134651184,0.6535541415214539,1468,101905492,5,3
377001,1920,5655015,723841920,23520,0.6145833134651184,128,377000,1.4775991439819336,1920,17,3,500000,1000,,377001.0,0.6958333253860474,0.5835824608802795,0.6145833134651184,0.6536027193069458,1473,101905492,5,3
378001,1920,5670015,725761920,23520,0.6145833134651184,128,378000,1.4814960956573486,1920,17,3,500000,1000,,378001.0,0.6963541507720947,0.5835801362991333,0.6145833134651184,0.6534079313278198,1477,101905492,5,3
379001,1920,5685015,727681920,23520,0.6145833134651184,128,379000,1.485243320465088,1920,17,3,500000,1000,,379001.0,0.6968749761581421,0.58358234167099,0.6145833134651184,0.6534624099731445,1481,101905492,5,3
380001,1920,5700015,729601920,23520,0.6145833134651184,128,380000,1.4890282154083252,1920,17,3,500000,1000,,380001.0,0.6958333253860474,0.5835791826248169,0.6145833134651184,0.6537052392959595,1485,101905492,5,3
381001,1920,5715015,731521920,23520,0.6145833134651184,128,381000,1.4940812587738037,1920,17,3,500000,1000,,381001.0,0.6937500238418579,0.5835798978805542,0.6166666746139526,0.6534704566001892,1489,101905492,5,3
382001,1920,5730015,733441920,23520,0.6166666746139526,128,382000,1.4978032112121582,1920,17,3,500000,1000,,382001.0,0.6958333253860474,0.5835802555084229,0.6166666746139526,0.6536064743995667,1493,101905492,5,3
383001,1920,5745015,735361920,23520,0.6166666746139526,128,383000,1.501542091369629,1920,17,3,500000,1000,,383001.0,0.6963541507720947,0.5835779905319214,0.612500011920929,0.6536502838134766,1497,101905492,5,3
384001,1920,5760015,737281920,23520,0.612500011920929,128,384000,1.5052978992462158,1920,17,3,500000,1000,,384001.0,0.6947916746139526,0.5835831761360168,0.6145833134651184,0.6531115174293518,1501,101905492,5,3
385001,1920,5775015,739201920,23520,0.6145833134651184,128,385000,1.509634017944336,1920,17,3,500000,1000,,385001.0,0.6953125,0.5835767388343811,0.6104166507720947,0.6534785628318787,1504,101905492,5,3
386001,1920,5790015,741121920,23520,0.6104166507720947,128,386000,1.5134220123291016,1920,17,3,500000,1000,,386001.0,0.6942708492279053,0.5835777521133423,0.6104166507720947,0.6535117030143738,1508,101905492,5,3
387001,1920,5805015,743041920,23520,0.6104166507720947,128,387000,1.5172381401062012,1920,17,3,500000,1000,,387001.0,0.6947916746139526,0.5835794806480408,0.612500011920929,0.6535940170288086,1512,101905492,5,3
388001,1920,5820015,744961920,23520,0.612500011920929,128,388000,1.5209732055664062,1920,17,3,500000,1000,,388001.0,0.6963541507720947,0.5835743546485901,0.6104166507720947,0.6536485552787781,1516,101905492,5,3
389001,1920,5835015,746881920,23520,0.6104166507720947,128,389000,1.5247321128845215,1920,17,3,500000,1000,,389001.0,0.6942708492279053,0.5835794806480408,0.6166666746139526,0.6536411046981812,1520,101905492,5,3
390001,1920,5850015,748801920,23520,0.6166666746139526,128,390000,1.5285851955413818,1920,17,3,500000,1000,,390001.0,0.6947916746139526,0.5835758447647095,0.6145833134651184,0.6534416079521179,1524,101905492,5,3
391001,1920,5865015,750721920,23520,0.6145833134651184,128,391000,1.5323779582977295,1920,17,3,500000,1000,,391001.0,0.6958333253860474,0.5835722088813782,0.6145833134651184,0.6539396047592163,1528,101905492,5,3
392001,1920,5880015,752641920,23520,0.6145833134651184,128,392000,1.5361299514770508,1920,17,3,500000,1000,,392001.0,0.6953125,0.5835726857185364,0.6145833134651184,0.6540245413780212,1532,101905492,5,3
393001,1920,5895015,754561920,23520,0.6145833134651184,128,393000,1.5398790836334229,1920,17,3,500000,1000,,393001.0,0.6973958611488342,0.5835742354393005,0.6104166507720947,0.6539742946624756,1536,101905492,5,3
394001,1920,5910015,756481920,23520,0.6104166507720947,128,394000,1.544311285018921,1920,17,3,500000,1000,,394001.0,0.6963541507720947,0.5835758447647095,0.6145833134651184,0.653788149356842,1539,101905492,5,3
395001,1920,5925015,758401920,23520,0.6145833134651184,128,395000,1.5483553409576416,1920,17,3,500000,1000,,395001.0,0.6958333253860474,0.5835802555084229,0.6145833134651184,0.6537579894065857,1543,101905492,5,3
396001,1920,5940015,760321920,23520,0.6145833134651184,128,396000,1.5527174472808838,1920,17,3,500000,1000,,396001.0,0.6932291388511658,0.5835780501365662,0.6104166507720947,0.6535142064094543,1548,101905492,5,3
397001,1920,5955015,762241920,23520,0.6104166507720947,128,397000,1.5565354824066162,1920,17,3,500000,1000,,397001.0,0.6953125,0.5835726857185364,0.612500011920929,0.6536327600479126,1552,101905492,5,3
398001,1920,5970015,764161920,23520,0.612500011920929,128,398000,1.5605814456939697,1920,17,3,500000,1000,,398001.0,0.6953125,0.5835703015327454,0.612500011920929,0.6536566019058228,1556,101905492,5,3
399001,1920,5985015,766081920,23520,0.612500011920929,128,399000,1.5643925666809082,1920,17,3,500000,1000,,399001.0,0.6947916746139526,0.5835739374160767,0.6166666746139526,0.6536710858345032,1560,101905492,5,3
400001,1920,6000015,768001920,23520,0.6166666746139526,128,400000,1.568406581878662,1920,17,3,500000,1000,,400001.0,0.6963541507720947,0.5835707187652588,0.6166666746139526,0.6536464095115662,1564,101905492,5,3
401001,1920,6015015,769921920,23520,0.6166666746139526,128,401000,1.5721776485443115,1920,17,3,500000,1000,,401001.0,0.6963541507720947,0.5835676193237305,0.612500011920929,0.6535168886184692,1567,101905492,5,3
402001,1920,6030015,771841920,23520,0.612500011920929,128,402000,1.5762474536895752,1920,17,3,500000,1000,,402001.0,0.6947916746139526,0.5835710167884827,0.6104166507720947,0.6536904573440552,1571,101905492,5,3
403001,1920,6045015,773761920,23520,0.6104166507720947,128,403000,1.5800564289093018,1920,17,3,500000,1000,,403001.0,0.6963541507720947,0.5835722088813782,0.6083333492279053,0.6534275412559509,1575,101905492,5,3
404001,1920,6060015,775681920,23520,0.6083333492279053,128,404000,1.584134578704834,1920,17,3,500000,1000,,404001.0,0.6973958611488342,0.5835670232772827,0.6104166507720947,0.6537966132164001,1579,101905492,5,3
405001,1920,6075015,777601920,23520,0.6104166507720947,128,405000,1.587869644165039,1920,17,3,500000,1000,,405001.0,0.6947916746139526,0.583569347858429,0.612500011920929,0.6539070010185242,1583,101905492,5,3
406001,1920,6090015,779521920,23520,0.612500011920929,128,406000,1.5916354656219482,1920,17,3,500000,1000,,406001.0,0.6953125,0.5835686326026917,0.6104166507720947,0.6539451479911804,1587,101905492,5,3
407001,1920,6105015,781441920,23520,0.6104166507720947,128,407000,1.5954325199127197,1920,17,3,500000,1000,,407001.0,0.6968749761581421,0.5835669636726379,0.6104166507720947,0.6536862254142761,1591,101905492,5,3
408001,1920,6120015,783361920,23520,0.6104166507720947,128,408000,1.5993282794952393,1920,17,3,500000,1000,,408001.0,0.6937500238418579,0.5835711359977722,0.612500011920929,0.6536535024642944,1595,101905492,5,3
409001,1920,6135015,785281920,23520,0.612500011920929,128,409000,1.6034204959869385,1920,17,3,500000,1000,,409001.0,0.6958333253860474,0.5835694670677185,0.612500011920929,0.6536819338798523,1599,101905492,5,3
410001,1920,6150015,787201920,23520,0.612500011920929,128,410000,1.6073262691497803,1920,17,3,500000,1000,,410001.0,0.6942708492279053,0.5835673213005066,0.6145833134651184,0.6536347270011902,1603,101905492,5,3
411001,1920,6165015,789121920,23520,0.6145833134651184,128,411000,1.6110992431640625,1920,17,3,500000,1000,,411001.0,0.6958333253860474,0.5835638046264648,0.612500011920929,0.6535266041755676,1607,101905492,5,3
412001,1920,6180015,791041920,23520,0.612500011920929,128,412000,1.6148500442504883,1920,17,3,500000,1000,,412001.0,0.6968749761581421,0.5835660099983215,0.612500011920929,0.6535689830780029,1611,101905492,5,3
413001,1920,6195015,792961920,23520,0.612500011920929,128,413000,1.6186151504516602,1920,17,3,500000,1000,,413001.0,0.6942708492279053,0.5835646986961365,0.6166666746139526,0.6535009145736694,1615,101905492,5,3
414001,1920,6210015,794881920,23520,0.6166666746139526,128,414000,1.6223652362823486,1920,17,3,500000,1000,,414001.0,0.6942708492279053,0.5835639238357544,0.6104166507720947,0.6536394953727722,1618,101905492,5,3
415001,1920,6225015,796801920,23520,0.6104166507720947,128,415000,1.6263625621795654,1920,17,3,500000,1000,,415001.0,0.6942708492279053,0.5835673213005066,0.6104166507720947,0.653674304485321,1622,101905492,5,3
416001,1920,6240015,798721920,23520,0.6104166507720947,128,416000,1.6301186084747314,1920,17,3,500000,1000,,416001.0,0.6937500238418579,0.5835651159286499,0.6145833134651184,0.6534960269927979,1626,101905492,5,3
417001,1920,6255015,800641920,23520,0.6145833134651184,128,417000,1.6340384483337402,1920,17,3,500000,1000,,417001.0,0.6942708492279053,0.5835682153701782,0.612500011920929,0.6537923812866211,1630,101905492,5,3
418001,1920,6270015,802561920,23520,0.612500011920929,128,418000,1.6380326747894287,1920,17,3,500000,1000,,418001.0,0.6963541507720947,0.5835676789283752,0.612500011920929,0.6537359356880188,1634,101905492,5,3
419001,1920,6285015,804481920,23520,0.612500011920929,128,419000,1.6420254707336426,1920,17,3,500000,1000,,419001.0,0.6968749761581421,0.5835638046264648,0.612500011920929,0.6538674831390381,1638,101905492,5,3
420001,1920,6300015,806401920,23520,0.612500011920929,128,420000,1.6459314823150635,1920,17,3,500000,1000,,420001.0,0.6953125,0.5835639834403992,0.6104166507720947,0.6539793610572815,1642,101905492,5,3
421001,1920,6315015,808321920,23520,0.6104166507720947,128,421000,1.649723768234253,1920,17,3,500000,1000,,421001.0,0.6958333253860474,0.5835622549057007,0.6083333492279053,0.6541044116020203,1646,101905492,5,3
422001,1920,6330015,810241920,23520,0.6083333492279053,128,422000,1.6535167694091797,1920,17,3,500000,1000,,422001.0,0.6958333253860474,0.5835631489753723,0.6166666746139526,0.6538904905319214,1650,101905492,5,3
423001,1920,6345015,812161920,23520,0.6166666746139526,128,423000,1.657317876815796,1920,17,3,500000,1000,,423001.0,0.6953125,0.58356773853302,0.6166666746139526,0.6538133025169373,1654,101905492,5,3
424001,1920,6360015,814081920,23520,0.6166666746139526,128,424000,1.6612157821655273,1920,17,3,500000,1000,,424001.0,0.6953125,0.5835632681846619,0.6145833134651184,0.6538591980934143,1658,101905492,5,3
425001,1920,6375015,816001920,23520,0.6145833134651184,128,425000,1.6649706363677979,1920,17,3,500000,1000,,425001.0,0.6963541507720947,0.5835639834403992,0.612500011920929,0.653874933719635,1662,101905492,5,3
426001,1920,6390015,817921920,23520,0.612500011920929,128,426000,1.6686925888061523,1920,17,3,500000,1000,,426001.0,0.6953125,0.5835623145103455,0.6145833134651184,0.6538087725639343,1666,101905492,5,3
427001,1920,6405015,819841920,23520,0.6145833134651184,128,427000,1.6724586486816406,1920,17,3,500000,1000,,427001.0,0.6942708492279053,0.5835612416267395,0.6145833134651184,0.6537008285522461,1670,101905492,5,3
428001,1920,6420015,821761920,23520,0.6145833134651184,128,428000,1.676309585571289,1920,17,3,500000,1000,,428001.0,0.6953125,0.5835613012313843,0.612500011920929,0.6538286209106445,1674,101905492,5,3
429001,1920,6435015,823681920,23520,0.612500011920929,128,429000,1.680133581161499,1920,17,3,500000,1000,,429001.0,0.6953125,0.5835614800453186,0.612500011920929,0.6538676619529724,1678,101905492,5,3
430001,1920,6450015,825601920,23520,0.612500011920929,128,430000,1.6839306354522705,1920,17,3,500000,1000,,430001.0,0.6963541507720947,0.5835641622543335,0.6104166507720947,0.6538784503936768,1682,101905492,5,3
431001,1920,6465015,827521920,23520,0.6104166507720947,128,431000,1.6876788139343262,1920,17,3,500000,1000,,431001.0,0.6979166865348816,0.583558201789856,0.612500011920929,0.6539666056632996,1686,101905492,5,3
432001,1920,6480015,829441920,23520,0.612500011920929,128,432000,1.6914808750152588,1920,17,3,500000,1000,,432001.0,0.6968749761581421,0.5835609436035156,0.612500011920929,0.6537501811981201,1689,101905492,5,3
433001,1920,6495015,831361920,23520,0.612500011920929,128,433000,1.695279836654663,1920,17,3,500000,1000,,433001.0,0.6968749761581421,0.5835607051849365,0.6145833134651184,0.6535918116569519,1693,101905492,5,3
434001,1920,6510015,833281920,23520,0.6145833134651184,128,434000,1.6990349292755127,1920,17,3,500000,1000,,434001.0,0.6963541507720947,0.5835588574409485,0.6145833134651184,0.6536909937858582,1697,101905492,5,3
435001,1920,6525015,835201920,23520,0.6145833134651184,128,435000,1.703610897064209,1920,17,3,500000,1000,,435001.0,0.6958333253860474,0.5835574865341187,0.612500011920929,0.6537802219390869,1701,101905492,5,3
436001,1920,6540015,837121920,23520,0.612500011920929,128,436000,1.7079267501831055,1920,17,3,500000,1000,,436001.0,0.6953125,0.5835574269294739,0.6145833134651184,0.6539894342422485,1705,101905492,5,3
437001,1920,6555015,839041920,23520,0.6145833134651184,128,437000,1.7118799686431885,1920,17,3,500000,1000,,437001.0,0.6947916746139526,0.5835592746734619,0.612500011920929,0.6540616154670715,1709,101905492,5,3
438001,1920,6570015,840961920,23520,0.612500011920929,128,438000,1.715667963027954,1920,17,3,500000,1000,,438001.0,0.6942708492279053,0.5835587978363037,0.6145833134651184,0.6540175080299377,1713,101905492,5,3
439001,1920,6585015,842881920,23520,0.6145833134651184,128,439000,1.7197399139404297,1920,17,3,500000,1000,,439001.0,0.6958333253860474,0.5835603475570679,0.612500011920929,0.6537361145019531,1717,101905492,5,3
440001,1920,6600015,844801920,23520,0.612500011920929,128,440000,1.7237067222595215,1920,17,3,500000,1000,,440001.0,0.6973958611488342,0.5835584998130798,0.612500011920929,0.6537084579467773,1721,101905492,5,3
441001,1920,6615015,846721920,23520,0.612500011920929,128,441000,1.7279136180877686,1920,17,3,500000,1000,,441001.0,0.6947916746139526,0.583558976650238,0.6145833134651184,0.6536481380462646,1725,101905492,5,3
442001,1920,6630015,848641920,23520,0.6145833134651184,128,442000,1.7316946983337402,1920,17,3,500000,1000,,442001.0,0.6963541507720947,0.5835565328598022,0.612500011920929,0.6538498997688293,1729,101905492,5,3
443001,1920,6645015,850561920,23520,0.612500011920929,128,443000,1.7355327606201172,1920,17,3,500000,1000,,443001.0,0.6958333253860474,0.5835593342781067,0.6166666746139526,0.653488039970398,1733,101905492,5,3
444001,1920,6660015,852481920,23520,0.6166666746139526,128,444000,1.7395908832550049,1920,17,3,500000,1000,,444001.0,0.6963541507720947,0.5835593938827515,0.612500011920929,0.6537600159645081,1737,101905492,5,3
445001,1920,6675015,854401920,23520,0.612500011920929,128,445000,1.7433879375457764,1920,17,3,500000,1000,,445001.0,0.6963541507720947,0.5835549235343933,0.6145833134651184,0.6536543965339661,1741,101905492,5,3
446001,1920,6690015,856321920,23520,0.6145833134651184,128,446000,1.7474236488342285,1920,17,3,500000,1000,,446001.0,0.6958333253860474,0.5835577845573425,0.612500011920929,0.6538413166999817,1745,101905492,5,3
447001,1920,6705015,858241920,23520,0.612500011920929,128,447000,1.751401662826538,1920,17,3,500000,1000,,447001.0,0.6947916746139526,0.5835562944412231,0.6145833134651184,0.6535370945930481,1749,101905492,5,3
448001,1920,6720015,860161920,23520,0.6145833134651184,128,448000,1.7552344799041748,1920,17,3,500000,1000,,448001.0,0.6947916746139526,0.5835568904876709,0.6145833134651184,0.6538594365119934,1753,101905492,5,3
449001,1920,6735015,862081920,23520,0.6145833134651184,128,449000,1.7590456008911133,1920,17,3,500000,1000,,449001.0,0.6963541507720947,0.583556056022644,0.612500011920929,0.6537020206451416,1757,101905492,5,3
450001,1920,6750015,864001920,23520,0.612500011920929,128,450000,1.7628016471862793,1920,17,3,500000,1000,,450001.0,0.6973958611488342,0.583555281162262,0.6083333492279053,0.6536235809326172,1761,101905492,5,3
451001,1920,6765015,865921920,23520,0.6083333492279053,128,451000,1.7668254375457764,1920,17,3,500000,1000,,451001.0,0.6963541507720947,0.5835567712783813,0.612500011920929,0.6538345217704773,1764,101905492,5,3
452001,1920,6780015,867841920,23520,0.612500011920929,128,452000,1.7706995010375977,1920,17,3,500000,1000,,452001.0,0.6958333253860474,0.5835545659065247,0.6145833134651184,0.6539754271507263,1768,101905492,5,3
453001,1920,6795015,869761920,23520,0.6145833134651184,128,453000,1.7747604846954346,1920,17,3,500000,1000,,453001.0,0.6973958611488342,0.5835537314414978,0.6104166507720947,0.6537984013557434,1772,101905492,5,3
454001,1920,6810015,871681920,23520,0.6104166507720947,128,454000,1.7785303592681885,1920,17,3,500000,1000,,454001.0,0.6953125,0.5835558772087097,0.6145833134651184,0.6539266109466553,1776,101905492,5,3
455001,1920,6825015,873601920,23520,0.6145833134651184,128,455000,1.7824251651763916,1920,17,3,500000,1000,,455001.0,0.6942708492279053,0.5835546851158142,0.6145833134651184,0.6539198160171509,1780,101905492,5,3
456001,1920,6840015,875521920,23520,0.6145833134651184,128,456000,1.7861912250518799,1920,17,3,500000,1000,,456001.0,0.6953125,0.5835524201393127,0.612500011920929,0.653850257396698,1784,101905492,5,3
457001,1920,6855015,877441920,23520,0.612500011920929,128,457000,1.7899909019470215,1920,17,3,500000,1000,,457001.0,0.6942708492279053,0.5835564136505127,0.612500011920929,0.653856635093689,1788,101905492,5,3
458001,1920,6870015,879361920,23520,0.612500011920929,128,458000,1.7937407493591309,1920,17,3,500000,1000,,458001.0,0.6942708492279053,0.5835554003715515,0.612500011920929,0.6536771059036255,1792,101905492,5,3
459001,1920,6885015,881281920,23520,0.612500011920929,128,459000,1.7975046634674072,1920,17,3,500000,1000,,459001.0,0.6963541507720947,0.5835521817207336,0.612500011920929,0.6536769270896912,1796,101905492,5,3
460001,1920,6900015,883201920,23520,0.612500011920929,128,460000,1.8012886047363281,1920,17,3,500000,1000,,460001.0,0.6958333253860474,0.5835514068603516,0.612500011920929,0.6538161635398865,1800,101905492,5,3
461001,1920,6915015,885121920,23520,0.612500011920929,128,461000,1.805173635482788,1920,17,3,500000,1000,,461001.0,0.6958333253860474,0.5835511088371277,0.612500011920929,0.6537505388259888,1804,101905492,5,3
462001,1920,6930015,887041920,23520,0.612500011920929,128,462000,1.8089606761932373,1920,17,3,500000,1000,,462001.0,0.6963541507720947,0.5835517048835754,0.612500011920929,0.6538092494010925,1807,101905492,5,3
463001,1920,6945015,888961920,23520,0.612500011920929,128,463000,1.8128046989440918,1920,17,3,500000,1000,,463001.0,0.6953125,0.5835520625114441,0.612500011920929,0.6538869142532349,1811,101905492,5,3
464001,1920,6960015,890881920,23520,0.612500011920929,128,464000,1.8166327476501465,1920,17,3,500000,1000,,464001.0,0.6942708492279053,0.5835524201393127,0.6104166507720947,0.6540656685829163,1815,101905492,5,3
465001,1920,6975015,892801920,23520,0.6104166507720947,128,465000,1.8204176425933838,1920,17,3,500000,1000,,465001.0,0.6942708492279053,0.5835508704185486,0.612500011920929,0.6539973616600037,1819,101905492,5,3
466001,1920,6990015,894721920,23520,0.612500011920929,128,466000,1.824232578277588,1920,17,3,500000,1000,,466001.0,0.6953125,0.5835498571395874,0.6145833134651184,0.6538004279136658,1823,101905492,5,3
467001,1920,7005015,896641920,23520,0.6145833134651184,128,467000,1.8280165195465088,1920,17,3,500000,1000,,467001.0,0.6953125,0.5835506319999695,0.612500011920929,0.6538117527961731,1827,101905492,5,3
468001,1920,7020015,898561920,23520,0.612500011920929,128,468000,1.831937313079834,1920,17,3,500000,1000,,468001.0,0.6963541507720947,0.5835490822792053,0.6104166507720947,0.6540035009384155,1831,101905492,5,3
469001,1920,7035015,900481920,23520,0.6104166507720947,128,469000,1.8360261917114258,1920,17,3,500000,1000,,469001.0,0.6963541507720947,0.5835505127906799,0.6104166507720947,0.6538527607917786,1835,101905492,5,3
470001,1920,7050015,902401920,23520,0.6104166507720947,128,470000,1.839975118637085,1920,17,3,500000,1000,,470001.0,0.6968749761581421,0.5835508704185486,0.6104166507720947,0.6538305282592773,1839,101905492,5,3
471001,1920,7065015,904321920,23520,0.6104166507720947,128,471000,1.8437459468841553,1920,17,3,500000,1000,,471001.0,0.6942708492279053,0.5835527181625366,0.612500011920929,0.6538404226303101,1843,101905492,5,3
472001,1920,7080015,906241920,23520,0.612500011920929,128,472000,1.8475227355957031,1920,17,3,500000,1000,,472001.0,0.6958333253860474,0.5835517644882202,0.612500011920929,0.6538397669792175,1847,101905492,5,3
473001,1920,7095015,908161920,23520,0.612500011920929,128,473000,1.851309061050415,1920,17,3,500000,1000,,473001.0,0.6973958611488342,0.583547055721283,0.612500011920929,0.6538397669792175,1851,101905492,5,3
474001,1920,7110015,910081920,23520,0.612500011920929,128,474000,1.855334997177124,1920,17,3,500000,1000,,474001.0,0.6953125,0.583547055721283,0.6145833134651184,0.6534785628318787,1855,101905492,5,3
475001,1920,7125015,912001920,23520,0.6145833134651184,128,475000,1.8592548370361328,1920,17,3,500000,1000,,475001.0,0.6947916746139526,0.5835466980934143,0.6145833134651184,0.6538514494895935,1859,101905492,5,3
476001,1920,7140015,913921920,23520,0.6145833134651184,128,476000,1.8629727363586426,1920,17,3,500000,1000,,476001.0,0.6963541507720947,0.5835479497909546,0.612500011920929,0.6537624001502991,1863,101905492,5,3
477001,1920,7155015,915841920,23520,0.612500011920929,128,477000,1.8669116497039795,1920,17,3,500000,1000,,477001.0,0.6968749761581421,0.5835488438606262,0.612500011920929,0.6537448763847351,1867,101905492,5,3
478001,1920,7170015,917761920,23520,0.612500011920929,128,478000,1.8707664012908936,1920,17,3,500000,1000,,478001.0,0.6973958611488342,0.5835482478141785,0.6083333492279053,0.6538670659065247,1871,101905492,5,3
479001,1920,7185015,919681920,23520,0.6083333492279053,128,479000,1.8745522499084473,1920,17,3,500000,1000,,479001.0,0.6953125,0.5835490822792053,0.6145833134651184,0.6536978483200073,1875,101905492,5,3
480001,1920,7200015,921601920,23520,0.6145833134651184,128,480000,1.8784451484680176,1920,17,3,500000,1000,,480001.0,0.6953125,0.5835514068603516,0.606249988079071,0.6539412140846252,1879,101905492,5,3
481001,1920,7215015,923521920,23520,0.606249988079071,128,481000,1.882404088973999,1920,17,3,500000,1000,,481001.0,0.6947916746139526,0.583545446395874,0.612500011920929,0.6536311507225037,1883,101905492,5,3
482001,1920,7230015,925441920,23520,0.612500011920929,128,482000,1.8861653804779053,1920,17,3,500000,1000,,482001.0,0.6947916746139526,0.5835479497909546,0.612500011920929,0.6537467837333679,1886,101905492,5,3
483001,1920,7245015,927361920,23520,0.612500011920929,128,483000,1.8899362087249756,1920,17,3,500000,1000,,483001.0,0.6942708492279053,0.5835466980934143,0.6083333492279053,0.6540180444717407,1890,101905492,5,3
484001,1920,7260015,929281920,23520,0.6083333492279053,128,484000,1.893883228302002,1920,17,3,500000,1000,,484001.0,0.6947916746139526,0.5835464596748352,0.6083333492279053,0.654056966304779,1894,101905492,5,3
485001,1920,7275015,931201920,23520,0.6083333492279053,128,485000,1.8978071212768555,1920,17,3,500000,1000,,485001.0,0.6979166865348816,0.5835475325584412,0.612500011920929,0.6540274024009705,1898,101905492,5,3
486001,1920,7290015,933121920,23520,0.612500011920929,128,486000,1.9015648365020752,1920,17,3,500000,1000,,486001.0,0.6973958611488342,0.5835455656051636,0.612500011920929,0.65384840965271,1902,101905492,5,3
487001,1920,7305015,935041920,23520,0.612500011920929,128,487000,1.9053900241851807,1920,17,3,500000,1000,,487001.0,0.6953125,0.583547830581665,0.612500011920929,0.6537061929702759,1906,101905492,5,3
488001,1920,7320015,936961920,23520,0.612500011920929,128,488000,1.9091527462005615,1920,17,3,500000,1000,,488001.0,0.6958333253860474,0.5835475921630859,0.612500011920929,0.6538475751876831,1910,101905492,5,3
489001,1920,7335015,938881920,23520,0.612500011920929,128,489000,1.9128799438476562,1920,17,3,500000,1000,,489001.0,0.6963541507720947,0.5835484266281128,0.6145833134651184,0.6538736820220947,1914,101905492,5,3
490001,1920,7350015,940801920,23520,0.6145833134651184,128,490000,1.9166460037231445,1920,17,3,500000,1000,,490001.0,0.6947916746139526,0.5835508108139038,0.612500011920929,0.6539821624755859,1918,101905492,5,3
491001,1920,7365015,942721920,23520,0.612500011920929,128,491000,1.9203999042510986,1920,17,3,500000,1000,,491001.0,0.6953125,0.5835464000701904,0.612500011920929,0.6542184352874756,1922,101905492,5,3
492001,1920,7380015,944641920,23520,0.612500011920929,128,492000,1.9241719245910645,1920,17,3,500000,1000,,492001.0,0.6942708492279053,0.5835479497909546,0.612500011920929,0.6537177562713623,1926,101905492,5,3
493001,1920,7395015,946561920,23520,0.612500011920929,128,493000,1.927945852279663,1920,17,3,500000,1000,,493001.0,0.6958333253860474,0.58354252576828,0.6145833134651184,0.6537268757820129,1930,101905492,5,3
494001,1920,7410015,948481920,23520,0.6145833134651184,128,494000,1.931729793548584,1920,17,3,500000,1000,,494001.0,0.6937500238418579,0.5835418105125427,0.6104166507720947,0.6542534232139587,1934,101905492,5,3
495001,1920,7425015,950401920,23520,0.6104166507720947,128,495000,1.9355337619781494,1920,17,3,500000,1000,,495001.0,0.6953125,0.5835445523262024,0.6145833134651184,0.6538130640983582,1938,101905492,5,3
496001,1920,7440015,952321920,23520,0.6145833134651184,128,496000,1.9394738674163818,1920,17,3,500000,1000,,496001.0,0.6942708492279053,0.58354651927948,0.6104166507720947,0.6541087031364441,1942,101905492,5,3
497001,1920,7455015,954241920,23520,0.6104166507720947,128,497000,1.9434330463409424,1920,17,3,500000,1000,,497001.0,0.6953125,0.5835468769073486,0.6104166507720947,0.6541105508804321,1946,101905492,5,3
498001,1920,7470015,956161920,23520,0.6104166507720947,128,498000,1.9473121166229248,1920,17,3,500000,1000,,498001.0,0.6937500238418579,0.5835434794425964,0.612500011920929,0.6539726257324219,1950,101905492,5,3
499001,1920,7485015,958081920,23520,0.612500011920929,128,499000,1.9511022567749023,1920,17,3,500000,1000,,499001.0,0.6937500238418579,0.5835444927215576,0.612500011920929,0.6540443301200867,1954,101905492,5,3
499998,1920,7499970,959996160,23520,0.612500011920929,128,499997,1.9548711776733398,1920,17,3,500000,1000,,499998.0,0.6953125,0.5835427045822144,0.6104166507720947,0.6540120244026184,1958,101905492,5,3
499999,1920,7499985,959998080,23520,0.6104166507720947,128,499998,1.9590470790863037,1920,17,3,500000,1000,,499999.0,0.6953125,0.5835428237915039,0.6104166507720947,0.6540212035179138,1958,101905492,5,3
500000,1920,7500000,960000000,23520,0.6104166507720947,128,499999,1.963083028793335,1920,17,3,500000,1000,,500000.0,0.6953125,0.5835427641868591,0.6104166507720947,0.6540061831474304,1958,101905492,5,3
