pf_calls,num_answers,model_updates,num_grad_comps,answers_bytes,last_score,batch_size,k,elapsed_time,train_data,n,d,max_epochs,verbose,ident,_epochs,score_train,loss_train,score_test,loss_test,_elapsed_time,seed,run_id,dim
1,1920,15,1920,23520,0.45625001192092896,128,0,0.027332067489624023,1920,17,3,500000,1000,,1.0,0.4947916567325592,0.6931472420692444,0.4583333432674408,0.6931472420692444,0,1154469502,3,3
1001,1920,15015,1921920,23520,0.4583333432674408,128,1000,0.031068801879882812,1920,17,3,500000,1000,,1001.0,0.660937488079071,0.6200352311134338,0.6291666626930237,0.6298057436943054,4,1154469502,3,3
2001,1920,30015,3841920,23520,0.6291666626930237,128,2000,0.034764766693115234,1920,17,3,500000,1000,,2001.0,0.6630208492279053,0.6076263189315796,0.65625,0.6195213794708252,8,1154469502,3,3
3001,1920,45015,5761920,23520,0.65625,128,3000,0.038687705993652344,1920,17,3,500000,1000,,3001.0,0.6588541865348816,0.6034718751907349,0.643750011920929,0.6159730553627014,12,1154469502,3,3
4001,1920,60015,7681920,23520,0.643750011920929,128,4000,0.0424647331237793,1920,17,3,500000,1000,,4001.0,0.6645833253860474,0.6016134023666382,0.6520833373069763,0.6137573719024658,17,1154469502,3,3
5001,1920,75015,9601920,23520,0.6520833373069763,128,5000,0.04636669158935547,1920,17,3,500000,1000,,5001.0,0.6656249761581421,0.6005392074584961,0.6541666388511658,0.6123129725456238,22,1154469502,3,3
6001,1920,90015,11521920,23520,0.6541666388511658,128,6000,0.05296754837036133,1920,17,3,500000,1000,,6001.0,0.6677083373069763,0.5998784303665161,0.65625,0.6119623184204102,28,1154469502,3,3
7001,1920,105015,13441920,23520,0.65625,128,7000,0.05686664581298828,1920,17,3,500000,1000,,7001.0,0.667187511920929,0.5993994474411011,0.6604166626930237,0.6114999055862427,32,1154469502,3,3
8001,1920,120015,15361920,23520,0.6604166626930237,128,8000,0.060596466064453125,1920,17,3,500000,1000,,8001.0,0.6666666865348816,0.5990520715713501,0.6645833253860474,0.6113808751106262,37,1154469502,3,3
9001,1920,135015,17281920,23520,0.6645833253860474,128,9000,0.06431961059570312,1920,17,3,500000,1000,,9001.0,0.6651041507720947,0.5987907648086548,0.6625000238418579,0.6112464666366577,42,1154469502,3,3
10001,1920,150015,19201920,23520,0.6625000238418579,128,10000,0.06803035736083984,1920,17,3,500000,1000,,10001.0,0.6635416746139526,0.5985952019691467,0.6604166626930237,0.6110641360282898,45,1154469502,3,3
11001,1920,165015,21121920,23520,0.6604166626930237,128,11000,0.07174444198608398,1920,17,3,500000,1000,,11001.0,0.6640625,0.5984253287315369,0.6604166626930237,0.6109481453895569,49,1154469502,3,3
12001,1920,180015,23041920,23520,0.6604166626930237,128,12000,0.07541942596435547,1920,17,3,500000,1000,,12001.0,0.6640625,0.5982925891876221,0.6604166626930237,0.6109000444412231,53,1154469502,3,3
13001,1920,195015,24961920,23520,0.6604166626930237,128,13000,0.07914924621582031,1920,17,3,500000,1000,,13001.0,0.6656249761581421,0.5981870293617249,0.6666666865348816,0.6106232404708862,57,1154469502,3,3
14001,1920,210015,26881920,23520,0.6666666865348816,128,14000,0.082916259765625,1920,17,3,500000,1000,,14001.0,0.6661458611488342,0.5980929136276245,0.6625000238418579,0.6109551787376404,61,1154469502,3,3
15001,1920,225015,28801920,23520,0.6625000238418579,128,15000,0.08850741386413574,1920,17,3,500000,1000,,15001.0,0.6661458611488342,0.5980125665664673,0.6625000238418579,0.6109345555305481,65,1154469502,3,3
16001,1920,240015,30721920,23520,0.6625000238418579,128,16000,0.09222006797790527,1920,17,3,500000,1000,,16001.0,0.6661458611488342,0.5979480743408203,0.6666666865348816,0.6107162833213806,68,1154469502,3,3
17001,1920,255015,32641920,23520,0.6666666865348816,128,17000,0.095947265625,1920,17,3,500000,1000,,17001.0,0.6640625,0.5978853106498718,0.6666666865348816,0.6104490756988525,72,1154469502,3,3
18001,1920,270015,34561920,23520,0.6666666865348816,128,18000,0.09969043731689453,1920,17,3,500000,1000,,18001.0,0.6656249761581421,0.5978332161903381,0.6645833253860474,0.6105481386184692,76,1154469502,3,3
19001,1920,285015,36481920,23520,0.6645833253860474,128,19000,0.10340547561645508,1920,17,3,500000,1000,,19001.0,0.6656249761581421,0.5977848172187805,0.6625000238418579,0.6108913421630859,80,1154469502,3,3
20001,1920,300015,38401920,23520,0.6625000238418579,128,20000,0.1071465015411377,1920,17,3,500000,1000,,20001.0,0.6651041507720947,0.5977462530136108,0.6645833253860474,0.6106893420219421,84,1154469502,3,3
21001,1920,315015,40321920,23520,0.6645833253860474,128,21000,0.11093449592590332,1920,17,3,500000,1000,,21001.0,0.6677083373069763,0.5977061986923218,0.6625000238418579,0.610739529132843,88,1154469502,3,3
22001,1920,330015,42241920,23520,0.6625000238418579,128,22000,0.11464357376098633,1920,17,3,500000,1000,,22001.0,0.6661458611488342,0.5976741909980774,0.6666666865348816,0.6105509996414185,92,1154469502,3,3
23001,1920,345015,44161920,23520,0.6666666865348816,128,23000,0.11838364601135254,1920,17,3,500000,1000,,23001.0,0.6661458611488342,0.5976439118385315,0.6645833253860474,0.6107181906700134,95,1154469502,3,3
24001,1920,360015,46081920,23520,0.6645833253860474,128,24000,0.12206649780273438,1920,17,3,500000,1000,,24001.0,0.6666666865348816,0.5976250171661377,0.6625000238418579,0.6108114719390869,99,1154469502,3,3
25001,1920,375015,48001920,23520,0.6625000238418579,128,25000,0.12578558921813965,1920,17,3,500000,1000,,25001.0,0.6666666865348816,0.5975940823554993,0.6645833253860474,0.6107768416404724,103,1154469502,3,3
26001,1920,390015,49921920,23520,0.6645833253860474,128,26000,0.12950444221496582,1920,17,3,500000,1000,,26001.0,0.6661458611488342,0.5975727438926697,0.6645833253860474,0.6108867526054382,107,1154469502,3,3
27001,1920,405015,51841920,23520,0.6645833253860474,128,27000,0.1332404613494873,1920,17,3,500000,1000,,27001.0,0.6666666865348816,0.597554624080658,0.6645833253860474,0.6105570197105408,111,1154469502,3,3
28001,1920,420015,53761920,23520,0.6645833253860474,128,28000,0.1369783878326416,1920,17,3,500000,1000,,28001.0,0.6666666865348816,0.5975381731987,0.6666666865348816,0.6108407974243164,115,1154469502,3,3
29001,1920,435015,55681920,23520,0.6666666865348816,128,29000,0.14304161071777344,1920,17,3,500000,1000,,29001.0,0.6666666865348816,0.5975217819213867,0.6645833253860474,0.6108165383338928,120,1154469502,3,3
30001,1920,450015,57601920,23520,0.6645833253860474,128,30000,0.14734554290771484,1920,17,3,500000,1000,,30001.0,0.667187511920929,0.5975032448768616,0.6625000238418579,0.6108300685882568,124,1154469502,3,3
31001,1920,465015,59521920,23520,0.6625000238418579,128,31000,0.15149354934692383,1920,17,3,500000,1000,,31001.0,0.6677083373069763,0.5974856019020081,0.6645833253860474,0.6105315089225769,128,1154469502,3,3
32001,1920,480015,61441920,23520,0.6645833253860474,128,32000,0.15521454811096191,1920,17,3,500000,1000,,32001.0,0.6666666865348816,0.5974708795547485,0.6645833253860474,0.61029052734375,139,1154469502,3,3
33001,1920,495015,63361920,23520,0.6645833253860474,128,33000,0.158949613571167,1920,17,3,500000,1000,,33001.0,0.6661458611488342,0.5974580645561218,0.6645833253860474,0.6106780171394348,142,1154469502,3,3
34001,1920,510015,65281920,23520,0.6645833253860474,128,34000,0.16274380683898926,1920,17,3,500000,1000,,34001.0,0.6666666865348816,0.597445547580719,0.6666666865348816,0.61075758934021,146,1154469502,3,3
35001,1920,525015,67201920,23520,0.6666666865348816,128,35000,0.16655588150024414,1920,17,3,500000,1000,,35001.0,0.6661458611488342,0.5974323153495789,0.668749988079071,0.6107174158096313,150,1154469502,3,3
36001,1920,540015,69121920,23520,0.668749988079071,128,36000,0.1706857681274414,1920,17,3,500000,1000,,36001.0,0.6666666865348816,0.5974265336990356,0.668749988079071,0.6109673976898193,154,1154469502,3,3
37001,1920,555015,71041920,23520,0.668749988079071,128,37000,0.17476868629455566,1920,17,3,500000,1000,,37001.0,0.6656249761581421,0.5974147915840149,0.6666666865348816,0.6108589172363281,158,1154469502,3,3
38001,1920,570015,72961920,23520,0.6666666865348816,128,38000,0.17848896980285645,1920,17,3,500000,1000,,38001.0,0.6661458611488342,0.5974048972129822,0.668749988079071,0.6109459400177002,163,1154469502,3,3
39001,1920,585015,74881920,23520,0.668749988079071,128,39000,0.18298101425170898,1920,17,3,500000,1000,,39001.0,0.6645833253860474,0.5973950028419495,0.6666666865348816,0.6107842922210693,167,1154469502,3,3
40001,1920,600015,76801920,23520,0.6666666865348816,128,40000,0.1867990493774414,1920,17,3,500000,1000,,40001.0,0.6661458611488342,0.5973895192146301,0.6666666865348816,0.6106604337692261,171,1154469502,3,3
41001,1920,615015,78721920,23520,0.6666666865348816,128,41000,0.19061899185180664,1920,17,3,500000,1000,,41001.0,0.6666666865348816,0.5973748564720154,0.668749988079071,0.6106131076812744,175,1154469502,3,3
42001,1920,630015,80641920,23520,0.668749988079071,128,42000,0.1944410800933838,1920,17,3,500000,1000,,42001.0,0.6661458611488342,0.5973711609840393,0.668749988079071,0.6106809973716736,179,1154469502,3,3
43001,1920,645015,82561920,23520,0.668749988079071,128,43000,0.19827914237976074,1920,17,3,500000,1000,,43001.0,0.6661458611488342,0.5973682403564453,0.6666666865348816,0.6108143925666809,183,1154469502,3,3
44001,1920,660015,84481920,23520,0.6666666865348816,128,44000,0.20590710639953613,1920,17,3,500000,1000,,44001.0,0.6656249761581421,0.597357988357544,0.6645833253860474,0.610640823841095,187,1154469502,3,3
45001,1920,675015,86401920,23520,0.6645833253860474,128,45000,0.21051025390625,1920,17,3,500000,1000,,45001.0,0.6682291626930237,0.5973487496376038,0.668749988079071,0.6107654571533203,191,1154469502,3,3
46001,1920,690015,88321920,23520,0.668749988079071,128,46000,0.21463418006896973,1920,17,3,500000,1000,,46001.0,0.6656249761581421,0.5973445773124695,0.6708333492279053,0.6105111241340637,196,1154469502,3,3
47001,1920,705015,90241920,23520,0.6708333492279053,128,47000,0.21837186813354492,1920,17,3,500000,1000,,47001.0,0.6697916388511658,0.597342848777771,0.6708333492279053,0.6106640696525574,199,1154469502,3,3
48001,1920,720015,92161920,23520,0.6708333492279053,128,48000,0.22220993041992188,1920,17,3,500000,1000,,48001.0,0.6666666865348816,0.5973326563835144,0.6666666865348816,0.6107608079910278,203,1154469502,3,3
49001,1920,735015,94081920,23520,0.6666666865348816,128,49000,0.22620296478271484,1920,17,3,500000,1000,,49001.0,0.6661458611488342,0.5973305106163025,0.668749988079071,0.6107779741287231,207,1154469502,3,3
50001,1920,750015,96001920,23520,0.668749988079071,128,50000,0.23018097877502441,1920,17,3,500000,1000,,50001.0,0.6703125238418579,0.5973215103149414,0.6666666865348816,0.6108923554420471,211,1154469502,3,3
51001,1920,765015,97921920,23520,0.6666666865348816,128,51000,0.23398995399475098,1920,17,3,500000,1000,,51001.0,0.6661458611488342,0.59731525182724,0.6666666865348816,0.6107398867607117,215,1154469502,3,3
52001,1920,780015,99841920,23520,0.6666666865348816,128,52000,0.23783302307128906,1920,17,3,500000,1000,,52001.0,0.6682291626930237,0.5973107218742371,0.6666666865348816,0.6107833385467529,219,1154469502,3,3
53001,1920,795015,101761920,23520,0.6666666865348816,128,53000,0.2417011260986328,1920,17,3,500000,1000,,53001.0,0.668749988079071,0.5973083972930908,0.6708333492279053,0.6106036901473999,223,1154469502,3,3
54001,1920,810015,103681920,23520,0.6708333492279053,128,54000,0.2455000877380371,1920,17,3,500000,1000,,54001.0,0.6697916388511658,0.5972992777824402,0.668749988079071,0.6107683777809143,226,1154469502,3,3
55001,1920,825015,105601920,23520,0.668749988079071,128,55000,0.2495419979095459,1920,17,3,500000,1000,,55001.0,0.6661458611488342,0.5972989201545715,0.6645833253860474,0.6106840968132019,230,1154469502,3,3
56001,1920,840015,107521920,23520,0.6645833253860474,128,56000,0.25354504585266113,1920,17,3,500000,1000,,56001.0,0.6682291626930237,0.5972979664802551,0.668749988079071,0.6109392642974854,234,1154469502,3,3
57001,1920,855015,109441920,23520,0.668749988079071,128,57000,0.25745606422424316,1920,17,3,500000,1000,,57001.0,0.6677083373069763,0.5972901582717896,0.6666666865348816,0.6108337640762329,238,1154469502,3,3
58001,1920,870015,111361920,23520,0.6666666865348816,128,58000,0.261199951171875,1920,17,3,500000,1000,,58001.0,0.6677083373069763,0.5972829461097717,0.668749988079071,0.6107591986656189,242,1154469502,3,3
59001,1920,885015,113281920,23520,0.668749988079071,128,59000,0.26494407653808594,1920,17,3,500000,1000,,59001.0,0.6677083373069763,0.5972877740859985,0.668749988079071,0.61072838306427,246,1154469502,3,3
60001,1920,900015,115201920,23520,0.668749988079071,128,60000,0.2687053680419922,1920,17,3,500000,1000,,60001.0,0.6682291626930237,0.5972827076911926,0.6666666865348816,0.610785186290741,250,1154469502,3,3
61001,1920,915015,117121920,23520,0.6666666865348816,128,61000,0.2728312015533447,1920,17,3,500000,1000,,61001.0,0.668749988079071,0.5972755551338196,0.6666666865348816,0.6106597781181335,254,1154469502,3,3
62001,1920,930015,119041920,23520,0.6666666865348816,128,62000,0.27704811096191406,1920,17,3,500000,1000,,62001.0,0.6692708134651184,0.59727543592453,0.6708333492279053,0.6107833981513977,258,1154469502,3,3
63001,1920,945015,120961920,23520,0.6708333492279053,128,63000,0.2807643413543701,1920,17,3,500000,1000,,63001.0,0.6708333492279053,0.5972715616226196,0.668749988079071,0.6107532382011414,262,1154469502,3,3
64001,1920,960015,122881920,23520,0.668749988079071,128,64000,0.2845275402069092,1920,17,3,500000,1000,,64001.0,0.6697916388511658,0.5972661375999451,0.6708333492279053,0.6105101704597473,266,1154469502,3,3
65001,1920,975015,124801920,23520,0.6708333492279053,128,65000,0.28827357292175293,1920,17,3,500000,1000,,65001.0,0.6697916388511658,0.5972672700881958,0.668749988079071,0.6107709407806396,270,1154469502,3,3
66001,1920,990015,126721920,23520,0.668749988079071,128,66000,0.29208946228027344,1920,17,3,500000,1000,,66001.0,0.6692708134651184,0.5972634553909302,0.668749988079071,0.6106201410293579,273,1154469502,3,3
67001,1920,1005015,128641920,23520,0.668749988079071,128,67000,0.29639649391174316,1920,17,3,500000,1000,,67001.0,0.6682291626930237,0.5972592830657959,0.668749988079071,0.6106135249137878,277,1154469502,3,3
68001,1920,1020015,130561920,23520,0.668749988079071,128,68000,0.30030226707458496,1920,17,3,500000,1000,,68001.0,0.6703125238418579,0.5972594022750854,0.6729166507720947,0.6107541918754578,281,1154469502,3,3
69001,1920,1035015,132481920,23520,0.6729166507720947,128,69000,0.3040952682495117,1920,17,3,500000,1000,,69001.0,0.6692708134651184,0.5972558259963989,0.6708333492279053,0.6106114983558655,285,1154469502,3,3
70001,1920,1050015,134401920,23520,0.6708333492279053,128,70000,0.3080923557281494,1920,17,3,500000,1000,,70001.0,0.668749988079071,0.5972553491592407,0.6666666865348816,0.6106814742088318,289,1154469502,3,3
71001,1920,1065015,136321920,23520,0.6666666865348816,128,71000,0.3118152618408203,1920,17,3,500000,1000,,71001.0,0.6697916388511658,0.5972523093223572,0.6729166507720947,0.6106085181236267,293,1154469502,3,3
72001,1920,1080015,138241920,23520,0.6729166507720947,128,72000,0.3155486583709717,1920,17,3,500000,1000,,72001.0,0.6692708134651184,0.5972511768341064,0.668749988079071,0.6106454730033875,297,1154469502,3,3
73001,1920,1095015,140161920,23520,0.668749988079071,128,73000,0.31931471824645996,1920,17,3,500000,1000,,73001.0,0.6661458611488342,0.5972493290901184,0.668749988079071,0.6107455492019653,300,1154469502,3,3
74001,1920,1110015,142081920,23520,0.668749988079071,128,74000,0.3231625556945801,1920,17,3,500000,1000,,74001.0,0.668749988079071,0.5972462892532349,0.668749988079071,0.6107466220855713,304,1154469502,3,3
75001,1920,1125015,144001920,23520,0.668749988079071,128,75000,0.3434913158416748,1920,17,3,500000,1000,,75001.0,0.6682291626930237,0.5972425937652588,0.6666666865348816,0.6104407906532288,308,1154469502,3,3
76001,1920,1140015,145921920,23520,0.6666666865348816,128,76000,0.34725332260131836,1920,17,3,500000,1000,,76001.0,0.6692708134651184,0.5972394943237305,0.6625000238418579,0.6107978224754333,312,1154469502,3,3
77001,1920,1155015,147841920,23520,0.6625000238418579,128,77000,0.35104942321777344,1920,17,3,500000,1000,,77001.0,0.6682291626930237,0.5972394943237305,0.668749988079071,0.6109316349029541,316,1154469502,3,3
78001,1920,1170015,149761920,23520,0.668749988079071,128,78000,0.354783296585083,1920,17,3,500000,1000,,78001.0,0.6677083373069763,0.597235381603241,0.6666666865348816,0.61100834608078,320,1154469502,3,3
79001,1920,1185015,151681920,23520,0.6666666865348816,128,79000,0.358931303024292,1920,17,3,500000,1000,,79001.0,0.6682291626930237,0.5972363948822021,0.6666666865348816,0.6112070679664612,324,1154469502,3,3
80001,1920,1200015,153601920,23520,0.6666666865348816,128,80000,0.36289048194885254,1920,17,3,500000,1000,,80001.0,0.6682291626930237,0.5972340106964111,0.6645833253860474,0.6110288500785828,328,1154469502,3,3
81001,1920,1215015,155521920,23520,0.6645833253860474,128,81000,0.36672544479370117,1920,17,3,500000,1000,,81001.0,0.667187511920929,0.5972300171852112,0.6666666865348816,0.6109426617622375,332,1154469502,3,3
82001,1920,1230015,157441920,23520,0.6666666865348816,128,82000,0.37053346633911133,1920,17,3,500000,1000,,82001.0,0.668749988079071,0.5972309112548828,0.668749988079071,0.6110385656356812,336,1154469502,3,3
83001,1920,1245015,159361920,23520,0.668749988079071,128,83000,0.3744475841522217,1920,17,3,500000,1000,,83001.0,0.667187511920929,0.5972261428833008,0.6645833253860474,0.6109746098518372,340,1154469502,3,3
84001,1920,1260015,161281920,23520,0.6645833253860474,128,84000,0.37819957733154297,1920,17,3,500000,1000,,84001.0,0.6661458611488342,0.5972256064414978,0.668749988079071,0.6108725666999817,343,1154469502,3,3
85001,1920,1275015,163201920,23520,0.668749988079071,128,85000,0.3823986053466797,1920,17,3,500000,1000,,85001.0,0.6661458611488342,0.5972270369529724,0.6604166626930237,0.6109620332717896,347,1154469502,3,3
86001,1920,1290015,165121920,23520,0.6604166626930237,128,86000,0.38638973236083984,1920,17,3,500000,1000,,86001.0,0.667187511920929,0.5972200036048889,0.6666666865348816,0.6108399629592896,351,1154469502,3,3
87001,1920,1305015,167041920,23520,0.6666666865348816,128,87000,0.39014196395874023,1920,17,3,500000,1000,,87001.0,0.667187511920929,0.5972201824188232,0.6666666865348816,0.6108621954917908,355,1154469502,3,3
88001,1920,1320015,168961920,23520,0.6666666865348816,128,88000,0.39394187927246094,1920,17,3,500000,1000,,88001.0,0.6666666865348816,0.5972244143486023,0.6645833253860474,0.6107240319252014,359,1154469502,3,3
89001,1920,1335015,170881920,23520,0.6645833253860474,128,89000,0.3977069854736328,1920,17,3,500000,1000,,89001.0,0.6656249761581421,0.5972239375114441,0.668749988079071,0.6107326149940491,363,1154469502,3,3
90001,1920,1350015,172801920,23520,0.668749988079071,128,90000,0.40202999114990234,1920,17,3,500000,1000,,90001.0,0.6666666865348816,0.5972201824188232,0.6666666865348816,0.610936164855957,367,1154469502,3,3
91001,1920,1365015,174721920,23520,0.6666666865348816,128,91000,0.4057929515838623,1920,17,3,500000,1000,,91001.0,0.667187511920929,0.5972142815589905,0.6645833253860474,0.6105744242668152,371,1154469502,3,3
92001,1920,1380015,176641920,23520,0.6645833253860474,128,92000,0.4096038341522217,1920,17,3,500000,1000,,92001.0,0.668749988079071,0.5972149968147278,0.6666666865348816,0.6106595993041992,374,1154469502,3,3
93001,1920,1395015,178561920,23520,0.6666666865348816,128,93000,0.4133579730987549,1920,17,3,500000,1000,,93001.0,0.6682291626930237,0.5972141623497009,0.6666666865348816,0.6104738116264343,378,1154469502,3,3
94001,1920,1410015,180481920,23520,0.6666666865348816,128,94000,0.417874813079834,1920,17,3,500000,1000,,94001.0,0.6677083373069763,0.5972127318382263,0.6645833253860474,0.6109378933906555,382,1154469502,3,3
95001,1920,1425015,182401920,23520,0.6645833253860474,128,95000,0.4216609001159668,1920,17,3,500000,1000,,95001.0,0.6677083373069763,0.5972076058387756,0.6666666865348816,0.6108308434486389,386,1154469502,3,3
96001,1920,1440015,184321920,23520,0.6666666865348816,128,96000,0.4254577159881592,1920,17,3,500000,1000,,96001.0,0.6682291626930237,0.5972104668617249,0.668749988079071,0.6109725832939148,390,1154469502,3,3
97001,1920,1455015,186241920,23520,0.668749988079071,128,97000,0.4292147159576416,1920,17,3,500000,1000,,97001.0,0.6677083373069763,0.5972096920013428,0.6625000238418579,0.6107707619667053,394,1154469502,3,3
98001,1920,1470015,188161920,23520,0.6625000238418579,128,98000,0.43294572830200195,1920,17,3,500000,1000,,98001.0,0.6682291626930237,0.5972082018852234,0.6625000238418579,0.6109670996665955,397,1154469502,3,3
99001,1920,1485015,190081920,23520,0.6625000238418579,128,99000,0.43671560287475586,1920,17,3,500000,1000,,99001.0,0.6692708134651184,0.5972096920013428,0.6645833253860474,0.6110268831253052,401,1154469502,3,3
100001,1920,1500015,192001920,23520,0.6645833253860474,128,100000,0.44046950340270996,1920,17,3,500000,1000,,100001.0,0.6682291626930237,0.5972051620483398,0.6625000238418579,0.6108468770980835,405,1154469502,3,3
101001,1920,1515015,193921920,23520,0.6625000238418579,128,101000,0.4442934989929199,1920,17,3,500000,1000,,101001.0,0.668749988079071,0.5972035527229309,0.6666666865348816,0.6108076572418213,409,1154469502,3,3
102001,1920,1530015,195841920,23520,0.6666666865348816,128,102000,0.448014497756958,1920,17,3,500000,1000,,102001.0,0.6697916388511658,0.5972065329551697,0.6708333492279053,0.6111870408058167,413,1154469502,3,3
103001,1920,1545015,197761920,23520,0.6708333492279053,128,103000,0.45174169540405273,1920,17,3,500000,1000,,103001.0,0.6677083373069763,0.5972006320953369,0.6666666865348816,0.6111223101615906,416,1154469502,3,3
104001,1920,1560015,199681920,23520,0.6666666865348816,128,104000,0.45557475090026855,1920,17,3,500000,1000,,104001.0,0.6661458611488342,0.5972033739089966,0.6625000238418579,0.6111053824424744,420,1154469502,3,3
105001,1920,1575015,201601920,23520,0.6625000238418579,128,105000,0.4593367576599121,1920,17,3,500000,1000,,105001.0,0.6677083373069763,0.5972000360488892,0.6604166626930237,0.6107572317123413,424,1154469502,3,3
106001,1920,1590015,203521920,23520,0.6604166626930237,128,106000,0.4630744457244873,1920,17,3,500000,1000,,106001.0,0.6677083373069763,0.597203254699707,0.6645833253860474,0.6105270385742188,428,1154469502,3,3
107001,1920,1605015,205441920,23520,0.6645833253860474,128,107000,0.46683835983276367,1920,17,3,500000,1000,,107001.0,0.6682291626930237,0.5971997976303101,0.6645833253860474,0.610496461391449,432,1154469502,3,3
108001,1920,1620015,207361920,23520,0.6645833253860474,128,108000,0.47060441970825195,1920,17,3,500000,1000,,108001.0,0.668749988079071,0.5972018837928772,0.6645833253860474,0.610587477684021,436,1154469502,3,3
109001,1920,1635015,209281920,23520,0.6645833253860474,128,109000,0.474428653717041,1920,17,3,500000,1000,,109001.0,0.668749988079071,0.5971986055374146,0.6625000238418579,0.6106244325637817,439,1154469502,3,3
110001,1920,1650015,211201920,23520,0.6625000238418579,128,110000,0.4782097339630127,1920,17,3,500000,1000,,110001.0,0.6677083373069763,0.5971958637237549,0.6645833253860474,0.6106699705123901,443,1154469502,3,3
111001,1920,1665015,213121920,23520,0.6645833253860474,128,111000,0.48194265365600586,1920,17,3,500000,1000,,111001.0,0.6682291626930237,0.5971952080726624,0.6625000238418579,0.6107794642448425,447,1154469502,3,3
112001,1920,1680015,215041920,23520,0.6625000238418579,128,112000,0.4856758117675781,1920,17,3,500000,1000,,112001.0,0.668749988079071,0.5971968770027161,0.6666666865348816,0.6107900142669678,451,1154469502,3,3
113001,1920,1695015,216961920,23520,0.6666666865348816,128,113000,0.48944592475891113,1920,17,3,500000,1000,,113001.0,0.6677083373069763,0.5971994400024414,0.668749988079071,0.6109468936920166,455,1154469502,3,3
114001,1920,1710015,218881920,23520,0.668749988079071,128,114000,0.4932410717010498,1920,17,3,500000,1000,,114001.0,0.6682291626930237,0.5971964001655579,0.6666666865348816,0.6107973456382751,458,1154469502,3,3
115001,1920,1725015,220801920,23520,0.6666666865348816,128,115000,0.4970369338989258,1920,17,3,500000,1000,,115001.0,0.6692708134651184,0.5971957445144653,0.6666666865348816,0.6107112169265747,462,1154469502,3,3
116001,1920,1740015,222721920,23520,0.6666666865348816,128,116000,0.5007879734039307,1920,17,3,500000,1000,,116001.0,0.6677083373069763,0.5971964001655579,0.6645833253860474,0.6109082102775574,466,1154469502,3,3
117001,1920,1755015,224641920,23520,0.6645833253860474,128,117000,0.5045549869537354,1920,17,3,500000,1000,,117001.0,0.6677083373069763,0.5971917510032654,0.6625000238418579,0.6110044121742249,470,1154469502,3,3
118001,1920,1770015,226561920,23520,0.6625000238418579,128,118000,0.5084578990936279,1920,17,3,500000,1000,,118001.0,0.6666666865348816,0.5971906185150146,0.6625000238418579,0.6109116077423096,474,1154469502,3,3
119001,1920,1785015,228481920,23520,0.6625000238418579,128,119000,0.512218713760376,1920,17,3,500000,1000,,119001.0,0.6677083373069763,0.5971891283988953,0.6604166626930237,0.6107937097549438,477,1154469502,3,3
120001,1920,1800015,230401920,23520,0.6604166626930237,128,120000,0.5159926414489746,1920,17,3,500000,1000,,120001.0,0.6677083373069763,0.5971915125846863,0.6645833253860474,0.610865592956543,481,1154469502,3,3
121001,1920,1815015,232321920,23520,0.6645833253860474,128,121000,0.5197765827178955,1920,17,3,500000,1000,,121001.0,0.6677083373069763,0.5971883535385132,0.6625000238418579,0.610833466053009,485,1154469502,3,3
122001,1920,1830015,234241920,23520,0.6625000238418579,128,122000,0.5235304832458496,1920,17,3,500000,1000,,122001.0,0.6677083373069763,0.5971904993057251,0.6604166626930237,0.6108375787734985,489,1154469502,3,3
123001,1920,1845015,236161920,23520,0.6604166626930237,128,123000,0.5273265838623047,1920,17,3,500000,1000,,123001.0,0.6703125238418579,0.5971874594688416,0.6645833253860474,0.6110103726387024,493,1154469502,3,3
124001,1920,1860015,238081920,23520,0.6645833253860474,128,124000,0.534308671951294,1920,17,3,500000,1000,,124001.0,0.6692708134651184,0.5971860885620117,0.6625000238418579,0.6109243631362915,497,1154469502,3,3
125001,1920,1875015,240001920,23520,0.6625000238418579,128,125000,0.5380916595458984,1920,17,3,500000,1000,,125001.0,0.6682291626930237,0.5971865057945251,0.6666666865348816,0.6109602451324463,501,1154469502,3,3
126001,1920,1890015,241921920,23520,0.6666666865348816,128,126000,0.5418567657470703,1920,17,3,500000,1000,,126001.0,0.668749988079071,0.5971878170967102,0.6625000238418579,0.6107375025749207,504,1154469502,3,3
127001,1920,1905015,243841920,23520,0.6625000238418579,128,127000,0.5457677841186523,1920,17,3,500000,1000,,127001.0,0.668749988079071,0.5971890091896057,0.6604166626930237,0.6109625101089478,508,1154469502,3,3
128001,1920,1920015,245761920,23520,0.6604166626930237,128,128000,0.549534797668457,1920,17,3,500000,1000,,128001.0,0.6692708134651184,0.5971865057945251,0.668749988079071,0.6109508872032166,512,1154469502,3,3
129001,1920,1935015,247681920,23520,0.668749988079071,128,129000,0.5532770156860352,1920,17,3,500000,1000,,129001.0,0.6682291626930237,0.5971860289573669,0.6625000238418579,0.6108477115631104,516,1154469502,3,3
130001,1920,1950015,249601920,23520,0.6625000238418579,128,130000,0.557075023651123,1920,17,3,500000,1000,,130001.0,0.6692708134651184,0.5971848964691162,0.6625000238418579,0.6110595464706421,520,1154469502,3,3
131001,1920,1965015,251521920,23520,0.6625000238418579,128,131000,0.5608689785003662,1920,17,3,500000,1000,,131001.0,0.6692708134651184,0.5971803665161133,0.6625000238418579,0.6111560463905334,523,1154469502,3,3
132001,1920,1980015,253441920,23520,0.6625000238418579,128,132000,0.5646369457244873,1920,17,3,500000,1000,,132001.0,0.6697916388511658,0.5971837639808655,0.6666666865348816,0.6109723448753357,527,1154469502,3,3
133001,1920,1995015,255361920,23520,0.6666666865348816,128,133000,0.5685520172119141,1920,17,3,500000,1000,,133001.0,0.6692708134651184,0.5971843600273132,0.668749988079071,0.6110537052154541,531,1154469502,3,3
134001,1920,2010015,257281920,23520,0.668749988079071,128,134000,0.5723898410797119,1920,17,3,500000,1000,,134001.0,0.668749988079071,0.5971854329109192,0.668749988079071,0.6108014583587646,535,1154469502,3,3
135001,1920,2025015,259201920,23520,0.668749988079071,128,135000,0.5761668682098389,1920,17,3,500000,1000,,135001.0,0.668749988079071,0.597183108329773,0.6583333611488342,0.611065685749054,539,1154469502,3,3
136001,1920,2040015,261121920,23520,0.6583333611488342,128,136000,0.5799188613891602,1920,17,3,500000,1000,,136001.0,0.668749988079071,0.5971800684928894,0.6625000238418579,0.6110142469406128,543,1154469502,3,3
137001,1920,2055015,263041920,23520,0.6625000238418579,128,137000,0.5836396217346191,1920,17,3,500000,1000,,137001.0,0.668749988079071,0.5971775650978088,0.6604166626930237,0.6111289858818054,546,1154469502,3,3
138001,1920,2070015,264961920,23520,0.6604166626930237,128,138000,0.5875236988067627,1920,17,3,500000,1000,,138001.0,0.6677083373069763,0.5971781611442566,0.6625000238418579,0.6112282872200012,550,1154469502,3,3
139001,1920,2085015,266881920,23520,0.6625000238418579,128,139000,0.5912735462188721,1920,17,3,500000,1000,,139001.0,0.6703125238418579,0.5971787571907043,0.6604166626930237,0.6112431883811951,554,1154469502,3,3
140001,1920,2100015,268801920,23520,0.6604166626930237,128,140000,0.5957586765289307,1920,17,3,500000,1000,,140001.0,0.6692708134651184,0.5971795916557312,0.6625000238418579,0.6113881468772888,558,1154469502,3,3
141001,1920,2115015,270721920,23520,0.6625000238418579,128,141000,0.5995397567749023,1920,17,3,500000,1000,,141001.0,0.6682291626930237,0.597173810005188,0.6645833253860474,0.6111012101173401,562,1154469502,3,3
142001,1920,2130015,272641920,23520,0.6645833253860474,128,142000,0.6033098697662354,1920,17,3,500000,1000,,142001.0,0.6682291626930237,0.5971744656562805,0.6645833253860474,0.611125111579895,566,1154469502,3,3
143001,1920,2145015,274561920,23520,0.6645833253860474,128,143000,0.6070346832275391,1920,17,3,500000,1000,,143001.0,0.6677083373069763,0.5971758365631104,0.6625000238418579,0.6113521456718445,570,1154469502,3,3
144001,1920,2160015,276481920,23520,0.6625000238418579,128,144000,0.6107785701751709,1920,17,3,500000,1000,,144001.0,0.6682291626930237,0.5971766710281372,0.6583333611488342,0.611179530620575,573,1154469502,3,3
145001,1920,2175015,278401920,23520,0.6583333611488342,128,145000,0.6145267486572266,1920,17,3,500000,1000,,145001.0,0.6682291626930237,0.5971742868423462,0.6583333611488342,0.6111263632774353,577,1154469502,3,3
146001,1920,2190015,280321920,23520,0.6583333611488342,128,146000,0.6182856559753418,1920,17,3,500000,1000,,146001.0,0.6692708134651184,0.5971777439117432,0.6604166626930237,0.6111629009246826,581,1154469502,3,3
147001,1920,2205015,282241920,23520,0.6604166626930237,128,147000,0.6220238208770752,1920,17,3,500000,1000,,147001.0,0.6682291626930237,0.5971746444702148,0.6583333611488342,0.6111726760864258,585,1154469502,3,3
148001,1920,2220015,284161920,23520,0.6583333611488342,128,148000,0.6257708072662354,1920,17,3,500000,1000,,148001.0,0.6682291626930237,0.5971771478652954,0.6583333611488342,0.6112657189369202,589,1154469502,3,3
149001,1920,2235015,286081920,23520,0.6583333611488342,128,149000,0.6295750141143799,1920,17,3,500000,1000,,149001.0,0.667187511920929,0.5971774458885193,0.6625000238418579,0.6110285520553589,592,1154469502,3,3
150001,1920,2250015,288001920,23520,0.6625000238418579,128,150000,0.6333808898925781,1920,17,3,500000,1000,,150001.0,0.6682291626930237,0.5971788167953491,0.6604166626930237,0.6113251447677612,596,1154469502,3,3
151001,1920,2265015,289921920,23520,0.6604166626930237,128,151000,0.6371970176696777,1920,17,3,500000,1000,,151001.0,0.6692708134651184,0.5971757173538208,0.6645833253860474,0.6110622882843018,600,1154469502,3,3
152001,1920,2280015,291841920,23520,0.6645833253860474,128,152000,0.6409420967102051,1920,17,3,500000,1000,,152001.0,0.6703125238418579,0.5971754789352417,0.6645833253860474,0.6110939383506775,604,1154469502,3,3
153001,1920,2295015,293761920,23520,0.6645833253860474,128,153000,0.6450009346008301,1920,17,3,500000,1000,,153001.0,0.6697916388511658,0.5971688032150269,0.6625000238418579,0.6109319925308228,608,1154469502,3,3
154001,1920,2310015,295681920,23520,0.6625000238418579,128,154000,0.6488020420074463,1920,17,3,500000,1000,,154001.0,0.6692708134651184,0.5971816182136536,0.6625000238418579,0.6108711957931519,612,1154469502,3,3
155001,1920,2325015,297601920,23520,0.6625000238418579,128,155000,0.6525909900665283,1920,17,3,500000,1000,,155001.0,0.668749988079071,0.5971702933311462,0.6604166626930237,0.6106374263763428,615,1154469502,3,3
156001,1920,2340015,299521920,23520,0.6604166626930237,128,156000,0.6568069458007812,1920,17,3,500000,1000,,156001.0,0.6682291626930237,0.5971715450286865,0.6625000238418579,0.6108921766281128,620,1154469502,3,3
157001,1920,2355015,301441920,23520,0.6625000238418579,128,157000,0.6609618663787842,1920,17,3,500000,1000,,157001.0,0.668749988079071,0.59716796875,0.6604166626930237,0.6107558608055115,624,1154469502,3,3
158001,1920,2370015,303361920,23520,0.6604166626930237,128,158000,0.6650609970092773,1920,17,3,500000,1000,,158001.0,0.6677083373069763,0.5971719026565552,0.6625000238418579,0.6108300685882568,628,1154469502,3,3
159001,1920,2385015,305281920,23520,0.6625000238418579,128,159000,0.6688361167907715,1920,17,3,500000,1000,,159001.0,0.668749988079071,0.597175657749176,0.6625000238418579,0.6109217405319214,632,1154469502,3,3
160001,1920,2400015,307201920,23520,0.6625000238418579,128,160000,0.6726000308990479,1920,17,3,500000,1000,,160001.0,0.6692708134651184,0.5971729159355164,0.6645833253860474,0.6105737686157227,635,1154469502,3,3
161001,1920,2415015,309121920,23520,0.6645833253860474,128,161000,0.6763200759887695,1920,17,3,500000,1000,,161001.0,0.6692708134651184,0.5971678495407104,0.6625000238418579,0.6106859445571899,639,1154469502,3,3
162001,1920,2430015,311041920,23520,0.6625000238418579,128,162000,0.6801230907440186,1920,17,3,500000,1000,,162001.0,0.667187511920929,0.5971691012382507,0.6604166626930237,0.6108224987983704,643,1154469502,3,3
163001,1920,2445015,312961920,23520,0.6604166626930237,128,163000,0.684009313583374,1920,17,3,500000,1000,,163001.0,0.667187511920929,0.5971709489822388,0.6666666865348816,0.610686182975769,647,1154469502,3,3
164001,1920,2460015,314881920,23520,0.6666666865348816,128,164000,0.6878194808959961,1920,17,3,500000,1000,,164001.0,0.6682291626930237,0.5971667766571045,0.6625000238418579,0.6109371781349182,651,1154469502,3,3
165001,1920,2475015,316801920,23520,0.6625000238418579,128,165000,0.6915645599365234,1920,17,3,500000,1000,,165001.0,0.6692708134651184,0.5971704125404358,0.6625000238418579,0.6110618114471436,654,1154469502,3,3
166001,1920,2490015,318721920,23520,0.6625000238418579,128,166000,0.6952686309814453,1920,17,3,500000,1000,,166001.0,0.668749988079071,0.5971668362617493,0.6645833253860474,0.6112759113311768,658,1154469502,3,3
167001,1920,2505015,320641920,23520,0.6645833253860474,128,167000,0.6990675926208496,1920,17,3,500000,1000,,167001.0,0.6697916388511658,0.5971688628196716,0.6604166626930237,0.6113109588623047,662,1154469502,3,3
168001,1920,2520015,322561920,23520,0.6604166626930237,128,168000,0.7027716636657715,1920,17,3,500000,1000,,168001.0,0.668749988079071,0.5971657037734985,0.6604166626930237,0.6111387014389038,666,1154469502,3,3
169001,1920,2535015,324481920,23520,0.6604166626930237,128,169000,0.7070424556732178,1920,17,3,500000,1000,,169001.0,0.6692708134651184,0.5971662998199463,0.6604166626930237,0.6111871004104614,670,1154469502,3,3
170001,1920,2550015,326401920,23520,0.6604166626930237,128,170000,0.710944414138794,1920,17,3,500000,1000,,170001.0,0.6677083373069763,0.5971671342849731,0.6604166626930237,0.6112720966339111,674,1154469502,3,3
171001,1920,2565015,328321920,23520,0.6604166626930237,128,171000,0.714836597442627,1920,17,3,500000,1000,,171001.0,0.6682291626930237,0.5971654653549194,0.6645833253860474,0.6109405755996704,678,1154469502,3,3
172001,1920,2580015,330241920,23520,0.6645833253860474,128,172000,0.7185726165771484,1920,17,3,500000,1000,,172001.0,0.6666666865348816,0.5971676111221313,0.6604166626930237,0.6112832427024841,682,1154469502,3,3
173001,1920,2595015,332161920,23520,0.6604166626930237,128,173000,0.7223684787750244,1920,17,3,500000,1000,,173001.0,0.6682291626930237,0.5971652865409851,0.6604166626930237,0.6109569668769836,686,1154469502,3,3
174001,1920,2610015,334081920,23520,0.6604166626930237,128,174000,0.7262015342712402,1920,17,3,500000,1000,,174001.0,0.668749988079071,0.5971667170524597,0.65625,0.6111494302749634,689,1154469502,3,3
175001,1920,2625015,336001920,23520,0.65625,128,175000,0.7299373149871826,1920,17,3,500000,1000,,175001.0,0.6697916388511658,0.5971682071685791,0.6666666865348816,0.6108075976371765,693,1154469502,3,3
176001,1920,2640015,337921920,23520,0.6666666865348816,128,176000,0.7336373329162598,1920,17,3,500000,1000,,176001.0,0.6703125238418579,0.5971656441688538,0.6604166626930237,0.6108481287956238,697,1154469502,3,3
177001,1920,2655015,339841920,23520,0.6604166626930237,128,177000,0.7373840808868408,1920,17,3,500000,1000,,177001.0,0.6682291626930237,0.5971651673316956,0.6625000238418579,0.6110331416130066,701,1154469502,3,3
178001,1920,2670015,341761920,23520,0.6625000238418579,128,178000,0.7411458492279053,1920,17,3,500000,1000,,178001.0,0.668749988079071,0.597162127494812,0.6625000238418579,0.6109468340873718,705,1154469502,3,3
179001,1920,2685015,343681920,23520,0.6625000238418579,128,179000,0.7448756694793701,1920,17,3,500000,1000,,179001.0,0.668749988079071,0.597166895866394,0.6583333611488342,0.6110399961471558,709,1154469502,3,3
180001,1920,2700015,345601920,23520,0.6583333611488342,128,180000,0.7486546039581299,1920,17,3,500000,1000,,180001.0,0.668749988079071,0.5971677303314209,0.6645833253860474,0.6110341548919678,712,1154469502,3,3
181001,1920,2715015,347521920,23520,0.6645833253860474,128,181000,0.7523725032806396,1920,17,3,500000,1000,,181001.0,0.668749988079071,0.5971629619598389,0.6625000238418579,0.610822856426239,716,1154469502,3,3
182001,1920,2730015,349441920,23520,0.6625000238418579,128,182000,0.7561764717102051,1920,17,3,500000,1000,,182001.0,0.6692708134651184,0.5971622467041016,0.6625000238418579,0.6108553409576416,720,1154469502,3,3
183001,1920,2745015,351361920,23520,0.6625000238418579,128,183000,0.7602026462554932,1920,17,3,500000,1000,,183001.0,0.6697916388511658,0.5971642732620239,0.6625000238418579,0.6108211278915405,724,1154469502,3,3
184001,1920,2760015,353281920,23520,0.6625000238418579,128,184000,0.7639236450195312,1920,17,3,500000,1000,,184001.0,0.6703125238418579,0.59716796875,0.6604166626930237,0.6110818386077881,728,1154469502,3,3
185001,1920,2775015,355201920,23520,0.6604166626930237,128,185000,0.7677226066589355,1920,17,3,500000,1000,,185001.0,0.668749988079071,0.5971645712852478,0.6604166626930237,0.6111581325531006,732,1154469502,3,3
186001,1920,2790015,357121920,23520,0.6604166626930237,128,186000,0.7715268135070801,1920,17,3,500000,1000,,186001.0,0.6703125238418579,0.5971620082855225,0.6625000238418579,0.610987663269043,736,1154469502,3,3
187001,1920,2805015,359041920,23520,0.6625000238418579,128,187000,0.7755968570709229,1920,17,3,500000,1000,,187001.0,0.668749988079071,0.5971645712852478,0.6625000238418579,0.6109122037887573,739,1154469502,3,3
188001,1920,2820015,360961920,23520,0.6625000238418579,128,188000,0.7793309688568115,1920,17,3,500000,1000,,188001.0,0.6692708134651184,0.5971638560295105,0.6625000238418579,0.6106318235397339,743,1154469502,3,3
189001,1920,2835015,362881920,23520,0.6625000238418579,128,189000,0.7830660343170166,1920,17,3,500000,1000,,189001.0,0.6692708134651184,0.5971626043319702,0.6625000238418579,0.6108608841896057,747,1154469502,3,3
190001,1920,2850015,364801920,23520,0.6625000238418579,128,190000,0.7868471145629883,1920,17,3,500000,1000,,190001.0,0.668749988079071,0.5971632599830627,0.6604166626930237,0.610923171043396,751,1154469502,3,3
191001,1920,2865015,366721920,23520,0.6604166626930237,128,191000,0.7914121150970459,1920,17,3,500000,1000,,191001.0,0.668749988079071,0.5971603393554688,0.6625000238418579,0.6107579469680786,755,1154469502,3,3
192001,1920,2880015,368641920,23520,0.6625000238418579,128,192000,0.795147180557251,1920,17,3,500000,1000,,192001.0,0.6682291626930237,0.5971633791923523,0.6625000238418579,0.6107429265975952,759,1154469502,3,3
193001,1920,2895015,370561920,23520,0.6625000238418579,128,193000,0.7989633083343506,1920,17,3,500000,1000,,193001.0,0.6697916388511658,0.5971599817276001,0.6645833253860474,0.6106700897216797,762,1154469502,3,3
194001,1920,2910015,372481920,23520,0.6645833253860474,128,194000,0.8027665615081787,1920,17,3,500000,1000,,194001.0,0.668749988079071,0.5971630215644836,0.6604166626930237,0.6107578873634338,766,1154469502,3,3
195001,1920,2925015,374401920,23520,0.6604166626930237,128,195000,0.8067476749420166,1920,17,3,500000,1000,,195001.0,0.6692708134651184,0.5971634387969971,0.6625000238418579,0.6109305024147034,770,1154469502,3,3
196001,1920,2940015,376321920,23520,0.6625000238418579,128,196000,0.8104536533355713,1920,17,3,500000,1000,,196001.0,0.6692708134651184,0.5971612930297852,0.6604166626930237,0.6109791994094849,774,1154469502,3,3
197001,1920,2955015,378241920,23520,0.6604166626930237,128,197000,0.8142035007476807,1920,17,3,500000,1000,,197001.0,0.6692708134651184,0.5971594452857971,0.6625000238418579,0.6108598113059998,778,1154469502,3,3
198001,1920,2970015,380161920,23520,0.6625000238418579,128,198000,0.8179693222045898,1920,17,3,500000,1000,,198001.0,0.6703125238418579,0.5971595644950867,0.6583333611488342,0.6109550595283508,782,1154469502,3,3
199001,1920,2985015,382081920,23520,0.6583333611488342,128,199000,0.821709394454956,1920,17,3,500000,1000,,199001.0,0.6697916388511658,0.5971584916114807,0.6604166626930237,0.6111707091331482,786,1154469502,3,3
200001,1920,3000015,384001920,23520,0.6604166626930237,128,200000,0.8254876136779785,1920,17,3,500000,1000,,200001.0,0.6697916388511658,0.5971601009368896,0.6625000238418579,0.6111388802528381,789,1154469502,3,3
201001,1920,3015015,385921920,23520,0.6625000238418579,128,201000,0.8292148113250732,1920,17,3,500000,1000,,201001.0,0.6692708134651184,0.5971603393554688,0.6604166626930237,0.6111786365509033,793,1154469502,3,3
202001,1920,3030015,387841920,23520,0.6604166626930237,128,202000,0.8330795764923096,1920,17,3,500000,1000,,202001.0,0.6692708134651184,0.5971571803092957,0.6604166626930237,0.6112701892852783,797,1154469502,3,3
203001,1920,3045015,389761920,23520,0.6604166626930237,128,203000,0.8370237350463867,1920,17,3,500000,1000,,203001.0,0.668749988079071,0.5971583127975464,0.6604166626930237,0.6113579869270325,801,1154469502,3,3
204001,1920,3060015,391681920,23520,0.6604166626930237,128,204000,0.8407635688781738,1920,17,3,500000,1000,,204001.0,0.6703125238418579,0.5971609354019165,0.6604166626930237,0.6114587783813477,805,1154469502,3,3
205001,1920,3075015,393601920,23520,0.6604166626930237,128,205000,0.8445734977722168,1920,17,3,500000,1000,,205001.0,0.6692708134651184,0.5971614718437195,0.6604166626930237,0.6113808751106262,809,1154469502,3,3
206001,1920,3090015,395521920,23520,0.6604166626930237,128,206000,0.8484103679656982,1920,17,3,500000,1000,,206001.0,0.6703125238418579,0.5971601605415344,0.6625000238418579,0.6114665865898132,813,1154469502,3,3
207001,1920,3105015,397441920,23520,0.6625000238418579,128,207000,0.8521795272827148,1920,17,3,500000,1000,,207001.0,0.6703125238418579,0.5971572995185852,0.6645833253860474,0.6114673018455505,817,1154469502,3,3
208001,1920,3120015,399361920,23520,0.6645833253860474,128,208000,0.8566699028015137,1920,17,3,500000,1000,,208001.0,0.668749988079071,0.5971631407737732,0.6666666865348816,0.6113365292549133,821,1154469502,3,3
209001,1920,3135015,401281920,23520,0.6666666865348816,128,209000,0.8606009483337402,1920,17,3,500000,1000,,209001.0,0.6682291626930237,0.597154974937439,0.6604166626930237,0.6111519932746887,825,1154469502,3,3
210001,1920,3150015,403201920,23520,0.6604166626930237,128,210000,0.8646018505096436,1920,17,3,500000,1000,,210001.0,0.6692708134651184,0.5971544981002808,0.6604166626930237,0.6113463044166565,829,1154469502,3,3
211001,1920,3165015,405121920,23520,0.6604166626930237,128,211000,0.8684706687927246,1920,17,3,500000,1000,,211001.0,0.6682291626930237,0.597156286239624,0.6604166626930237,0.6115150451660156,833,1154469502,3,3
212001,1920,3180015,407041920,23520,0.6604166626930237,128,212000,0.8722727298736572,1920,17,3,500000,1000,,212001.0,0.6697916388511658,0.5971571803092957,0.6604166626930237,0.6113976240158081,836,1154469502,3,3
213001,1920,3195015,408961920,23520,0.6604166626930237,128,213000,0.8760755062103271,1920,17,3,500000,1000,,213001.0,0.6703125238418579,0.597154974937439,0.6625000238418579,0.6113704442977905,840,1154469502,3,3
214001,1920,3210015,410881920,23520,0.6625000238418579,128,214000,0.8798625469207764,1920,17,3,500000,1000,,214001.0,0.668749988079071,0.5971583724021912,0.6625000238418579,0.611208975315094,844,1154469502,3,3
215001,1920,3225015,412801920,23520,0.6625000238418579,128,215000,0.8865635395050049,1920,17,3,500000,1000,,215001.0,0.668749988079071,0.5971548557281494,0.6604166626930237,0.6114553809165955,848,1154469502,3,3
216001,1920,3240015,414721920,23520,0.6604166626930237,128,216000,0.8903656005859375,1920,17,3,500000,1000,,216001.0,0.6703125238418579,0.5971538424491882,0.6625000238418579,0.6110811829566956,852,1154469502,3,3
217001,1920,3255015,416641920,23520,0.6625000238418579,128,217000,0.8942224979400635,1920,17,3,500000,1000,,217001.0,0.6697916388511658,0.5971564054489136,0.6625000238418579,0.6113450527191162,856,1154469502,3,3
218001,1920,3270015,418561920,23520,0.6625000238418579,128,218000,0.8980965614318848,1920,17,3,500000,1000,,218001.0,0.6703125238418579,0.5971549153327942,0.6625000238418579,0.61118483543396,860,1154469502,3,3
219001,1920,3285015,420481920,23520,0.6625000238418579,128,219000,0.9018337726593018,1920,17,3,500000,1000,,219001.0,0.6692708134651184,0.5971571207046509,0.6625000238418579,0.6110019683837891,864,1154469502,3,3
220001,1920,3300015,422401920,23520,0.6625000238418579,128,220000,0.9055757522583008,1920,17,3,500000,1000,,220001.0,0.6703125238418579,0.5971546769142151,0.6625000238418579,0.6111034154891968,868,1154469502,3,3
221001,1920,3315015,424321920,23520,0.6625000238418579,128,221000,0.9093008041381836,1920,17,3,500000,1000,,221001.0,0.6677083373069763,0.5971572995185852,0.6625000238418579,0.6115849614143372,872,1154469502,3,3
222001,1920,3330015,426241920,23520,0.6625000238418579,128,222000,0.9152638912200928,1920,17,3,500000,1000,,222001.0,0.6682291626930237,0.5971549153327942,0.6583333611488342,0.6113563776016235,876,1154469502,3,3
223001,1920,3345015,428161920,23520,0.6583333611488342,128,223000,0.9222640991210938,1920,17,3,500000,1000,,223001.0,0.6692708134651184,0.5971609950065613,0.6583333611488342,0.611247181892395,880,1154469502,3,3
224001,1920,3360015,430081920,23520,0.6583333611488342,128,224000,0.9259579181671143,1920,17,3,500000,1000,,224001.0,0.6697916388511658,0.5971515774726868,0.6583333611488342,0.6110823154449463,883,1154469502,3,3
225001,1920,3375015,432001920,23520,0.6583333611488342,128,225000,0.9297430515289307,1920,17,3,500000,1000,,225001.0,0.6697916388511658,0.597154974937439,0.6604166626930237,0.6111204624176025,887,1154469502,3,3
226001,1920,3390015,433921920,23520,0.6604166626930237,128,226000,0.9335188865661621,1920,17,3,500000,1000,,226001.0,0.6677083373069763,0.5971536636352539,0.6604166626930237,0.6111834049224854,891,1154469502,3,3
227001,1920,3405015,435841920,23520,0.6604166626930237,128,227000,0.9372258186340332,1920,17,3,500000,1000,,227001.0,0.6703125238418579,0.5971536636352539,0.6645833253860474,0.6111268997192383,895,1154469502,3,3
228001,1920,3420015,437761920,23520,0.6645833253860474,128,228000,0.9409937858581543,1920,17,3,500000,1000,,228001.0,0.668749988079071,0.5971539616584778,0.6645833253860474,0.6111689805984497,899,1154469502,3,3
229001,1920,3435015,439681920,23520,0.6645833253860474,128,229000,0.9447917938232422,1920,17,3,500000,1000,,229001.0,0.6708333492279053,0.5971559882164001,0.6604166626930237,0.6109021902084351,903,1154469502,3,3
230001,1920,3450015,441601920,23520,0.6604166626930237,128,230000,0.9492056369781494,1920,17,3,500000,1000,,230001.0,0.6708333492279053,0.5971530675888062,0.6604166626930237,0.6113525629043579,907,1154469502,3,3
231001,1920,3465015,443521920,23520,0.6604166626930237,128,231000,0.9530415534973145,1920,17,3,500000,1000,,231001.0,0.6692708134651184,0.5971524715423584,0.6604166626930237,0.6110804080963135,911,1154469502,3,3
232001,1920,3480015,445441920,23520,0.6604166626930237,128,232000,0.956831693649292,1920,17,3,500000,1000,,232001.0,0.6692708134651184,0.5971542596817017,0.6625000238418579,0.6108364462852478,915,1154469502,3,3
233001,1920,3495015,447361920,23520,0.6625000238418579,128,233000,0.960547685623169,1920,17,3,500000,1000,,233001.0,0.6703125238418579,0.5971534848213196,0.6625000238418579,0.610783040523529,919,1154469502,3,3
234001,1920,3510015,449281920,23520,0.6625000238418579,128,234000,0.9643898010253906,1920,17,3,500000,1000,,234001.0,0.6703125238418579,0.5971535444259644,0.6625000238418579,0.6110131740570068,922,1154469502,3,3
235001,1920,3525015,451201920,23520,0.6625000238418579,128,235000,0.96816086769104,1920,17,3,500000,1000,,235001.0,0.6697916388511658,0.597155749797821,0.6625000238418579,0.6110575199127197,926,1154469502,3,3
236001,1920,3540015,453121920,23520,0.6625000238418579,128,236000,0.9719498157501221,1920,17,3,500000,1000,,236001.0,0.6703125238418579,0.5971561670303345,0.6625000238418579,0.6110145449638367,930,1154469502,3,3
237001,1920,3555015,455041920,23520,0.6625000238418579,128,237000,0.9757452011108398,1920,17,3,500000,1000,,237001.0,0.6697916388511658,0.5971524715423584,0.6604166626930237,0.6111461520195007,935,1154469502,3,3
238001,1920,3570015,456961920,23520,0.6604166626930237,128,238000,0.9795284271240234,1920,17,3,500000,1000,,238001.0,0.668749988079071,0.597152829170227,0.6583333611488342,0.6110416054725647,939,1154469502,3,3
239001,1920,3585015,458881920,23520,0.6583333611488342,128,239000,0.9832146167755127,1920,17,3,500000,1000,,239001.0,0.6703125238418579,0.5971516966819763,0.6604166626930237,0.6111737489700317,942,1154469502,3,3
240001,1920,3600015,460801920,23520,0.6604166626930237,128,240000,0.9870016574859619,1920,17,3,500000,1000,,240001.0,0.6703125238418579,0.5971540808677673,0.6625000238418579,0.611070454120636,946,1154469502,3,3
241001,1920,3615015,462721920,23520,0.6625000238418579,128,241000,0.9907886981964111,1920,17,3,500000,1000,,241001.0,0.6692708134651184,0.5971506834030151,0.6604166626930237,0.6110680103302002,950,1154469502,3,3
242001,1920,3630015,464641920,23520,0.6604166626930237,128,242000,0.9945507049560547,1920,17,3,500000,1000,,242001.0,0.6692708134651184,0.5971512198448181,0.6604166626930237,0.6111344695091248,954,1154469502,3,3
243001,1920,3645015,466561920,23520,0.6604166626930237,128,243000,0.9989445209503174,1920,17,3,500000,1000,,243001.0,0.6692708134651184,0.5971593260765076,0.6604166626930237,0.6110981702804565,958,1154469502,3,3
244001,1920,3660015,468481920,23520,0.6604166626930237,128,244000,1.0026366710662842,1920,17,3,500000,1000,,244001.0,0.6703125238418579,0.5971522927284241,0.6625000238418579,0.6109376549720764,962,1154469502,3,3
245001,1920,3675015,470401920,23520,0.6625000238418579,128,245000,1.0063726902008057,1920,17,3,500000,1000,,245001.0,0.6692708134651184,0.597150444984436,0.6625000238418579,0.6112150549888611,966,1154469502,3,3
246001,1920,3690015,472321920,23520,0.6625000238418579,128,246000,1.0107448101043701,1920,17,3,500000,1000,,246001.0,0.6703125238418579,0.5971532464027405,0.6583333611488342,0.6115444898605347,970,1154469502,3,3
247001,1920,3705015,474241920,23520,0.6583333611488342,128,247000,1.0150806903839111,1920,17,3,500000,1000,,247001.0,0.6703125238418579,0.5971556901931763,0.6604166626930237,0.6110421419143677,973,1154469502,3,3
248001,1920,3720015,476161920,23520,0.6604166626930237,128,248000,1.0188848972320557,1920,17,3,500000,1000,,248001.0,0.6697916388511658,0.5971544981002808,0.6583333611488342,0.61130690574646,977,1154469502,3,3
249001,1920,3735015,478081920,23520,0.6583333611488342,128,249000,1.0227231979370117,1920,17,3,500000,1000,,249001.0,0.668749988079071,0.5971500277519226,0.6604166626930237,0.611132025718689,981,1154469502,3,3
250001,1920,3750015,480001920,23520,0.6604166626930237,128,250000,1.0265600681304932,1920,17,3,500000,1000,,250001.0,0.6697916388511658,0.5971501469612122,0.6604166626930237,0.6113178133964539,986,1154469502,3,3
251001,1920,3765015,481921920,23520,0.6604166626930237,128,251000,1.0303781032562256,1920,17,3,500000,1000,,251001.0,0.6692708134651184,0.5971514582633972,0.6645833253860474,0.6111674904823303,990,1154469502,3,3
252001,1920,3780015,483841920,23520,0.6645833253860474,128,252000,1.0341053009033203,1920,17,3,500000,1000,,252001.0,0.6692708134651184,0.5971562266349792,0.6625000238418579,0.6112281084060669,994,1154469502,3,3
253001,1920,3795015,485761920,23520,0.6625000238418579,128,253000,1.0378823280334473,1920,17,3,500000,1000,,253001.0,0.6682291626930237,0.5971532464027405,0.6583333611488342,0.6112658977508545,997,1154469502,3,3
254001,1920,3810015,487681920,23520,0.6583333611488342,128,254000,1.0415873527526855,1920,17,3,500000,1000,,254001.0,0.6697916388511658,0.5971514582633972,0.6625000238418579,0.6112524271011353,1001,1154469502,3,3
255001,1920,3825015,489601920,23520,0.6625000238418579,128,255000,1.0453033447265625,1920,17,3,500000,1000,,255001.0,0.6692708134651184,0.5971499085426331,0.6604166626930237,0.611286997795105,1005,1154469502,3,3
256001,1920,3840015,491521920,23520,0.6604166626930237,128,256000,1.0492334365844727,1920,17,3,500000,1000,,256001.0,0.668749988079071,0.5971529483795166,0.6604166626930237,0.6114646196365356,1009,1154469502,3,3
257001,1920,3855015,493441920,23520,0.6604166626930237,128,257000,1.0528943538665771,1920,17,3,500000,1000,,257001.0,0.6692708134651184,0.5971500873565674,0.6625000238418579,0.611263632774353,1013,1154469502,3,3
258001,1920,3870015,495361920,23520,0.6625000238418579,128,258000,1.0566442012786865,1920,17,3,500000,1000,,258001.0,0.6692708134651184,0.5971536040306091,0.6604166626930237,0.6115595698356628,1017,1154469502,3,3
259001,1920,3885015,497281920,23520,0.6604166626930237,128,259000,1.0603342056274414,1920,17,3,500000,1000,,259001.0,0.6692708134651184,0.5971559286117554,0.6625000238418579,0.6112585067749023,1021,1154469502,3,3
260001,1920,3900015,499201920,23520,0.6625000238418579,128,260000,1.0640604496002197,1920,17,3,500000,1000,,260001.0,0.6703125238418579,0.5971473455429077,0.6625000238418579,0.6112332940101624,1025,1154469502,3,3
261001,1920,3915015,501121920,23520,0.6625000238418579,128,261000,1.06779146194458,1920,17,3,500000,1000,,261001.0,0.6677083373069763,0.5971499085426331,0.6583333611488342,0.6112214922904968,1029,1154469502,3,3
262001,1920,3930015,503041920,23520,0.6583333611488342,128,262000,1.0715253353118896,1920,17,3,500000,1000,,262001.0,0.6682291626930237,0.597152590751648,0.6583333611488342,0.6114603281021118,1033,1154469502,3,3
263001,1920,3945015,504961920,23520,0.6583333611488342,128,263000,1.0753333568572998,1920,17,3,500000,1000,,263001.0,0.6697916388511658,0.5971500873565674,0.6604166626930237,0.6116777658462524,1036,1154469502,3,3
264001,1920,3960015,506881920,23520,0.6604166626930237,128,264000,1.079066276550293,1920,17,3,500000,1000,,264001.0,0.668749988079071,0.5971481204032898,0.6625000238418579,0.6115378141403198,1040,1154469502,3,3
265001,1920,3975015,508801920,23520,0.6625000238418579,128,265000,1.0828852653503418,1920,17,3,500000,1000,,265001.0,0.668749988079071,0.597149133682251,0.6604166626930237,0.6115344762802124,1044,1154469502,3,3
266001,1920,3990015,510721920,23520,0.6604166626930237,128,266000,1.0866162776947021,1920,17,3,500000,1000,,266001.0,0.6677083373069763,0.5971499085426331,0.6583333611488342,0.6112164258956909,1048,1154469502,3,3
267001,1920,4005015,512641920,23520,0.6583333611488342,128,267000,1.090278148651123,1920,17,3,500000,1000,,267001.0,0.6692708134651184,0.5971478819847107,0.6604166626930237,0.6114684343338013,1052,1154469502,3,3
268001,1920,4020015,514561920,23520,0.6604166626930237,128,268000,1.0939900875091553,1920,17,3,500000,1000,,268001.0,0.668749988079071,0.5971487760543823,0.6604166626930237,0.6113073825836182,1056,1154469502,3,3
269001,1920,4035015,516481920,23520,0.6604166626930237,128,269000,1.0977191925048828,1920,17,3,500000,1000,,269001.0,0.6692708134651184,0.5971476435661316,0.6625000238418579,0.6113919615745544,1059,1154469502,3,3
270001,1920,4050015,518401920,23520,0.6625000238418579,128,270000,1.1014480590820312,1920,17,3,500000,1000,,270001.0,0.6697916388511658,0.5971469879150391,0.6604166626930237,0.6113131046295166,1063,1154469502,3,3
271001,1920,4065015,520321920,23520,0.6604166626930237,128,271000,1.1051630973815918,1920,17,3,500000,1000,,271001.0,0.6682291626930237,0.597149133682251,0.6604166626930237,0.6112169623374939,1067,1154469502,3,3
272001,1920,4080015,522241920,23520,0.6604166626930237,128,272000,1.108882188796997,1920,17,3,500000,1000,,272001.0,0.6697916388511658,0.5971472263336182,0.6583333611488342,0.6112842559814453,1071,1154469502,3,3
273001,1920,4095015,524161920,23520,0.6583333611488342,128,273000,1.1126000881195068,1920,17,3,500000,1000,,273001.0,0.668749988079071,0.5971486568450928,0.6625000238418579,0.6114939451217651,1075,1154469502,3,3
274001,1920,4110015,526081920,23520,0.6625000238418579,128,274000,1.1163151264190674,1920,17,3,500000,1000,,274001.0,0.6703125238418579,0.5971477031707764,0.6625000238418579,0.6114529967308044,1079,1154469502,3,3
275001,1920,4125015,528001920,23520,0.6625000238418579,128,275000,1.1200511455535889,1920,17,3,500000,1000,,275001.0,0.6703125238418579,0.597148060798645,0.6625000238418579,0.6112827062606812,1082,1154469502,3,3
276001,1920,4140015,529921920,23520,0.6625000238418579,128,276000,1.123765230178833,1920,17,3,500000,1000,,276001.0,0.6692708134651184,0.5971492528915405,0.6625000238418579,0.6114048361778259,1086,1154469502,3,3
277001,1920,4155015,531841920,23520,0.6625000238418579,128,277000,1.127495288848877,1920,17,3,500000,1000,,277001.0,0.6692708134651184,0.5971514582633972,0.6604166626930237,0.6113121509552002,1090,1154469502,3,3
278001,1920,4170015,533761920,23520,0.6604166626930237,128,278000,1.1312181949615479,1920,17,3,500000,1000,,278001.0,0.6692708134651184,0.5971532464027405,0.6604166626930237,0.6113636493682861,1094,1154469502,3,3
279001,1920,4185015,535681920,23520,0.6604166626930237,128,279000,1.1349411010742188,1920,17,3,500000,1000,,279001.0,0.668749988079071,0.5971515774726868,0.6625000238418579,0.6114197373390198,1098,1154469502,3,3
280001,1920,4200015,537601920,23520,0.6625000238418579,128,280000,1.1386070251464844,1920,17,3,500000,1000,,280001.0,0.6682291626930237,0.597148060798645,0.6625000238418579,0.6116564273834229,1102,1154469502,3,3
281001,1920,4215015,539521920,23520,0.6625000238418579,128,281000,1.1423778533935547,1920,17,3,500000,1000,,281001.0,0.6682291626930237,0.5971500873565674,0.6604166626930237,0.6115637421607971,1106,1154469502,3,3
282001,1920,4230015,541441920,23520,0.6604166626930237,128,282000,1.1460597515106201,1920,17,3,500000,1000,,282001.0,0.6682291626930237,0.5971522927284241,0.6625000238418579,0.6113965511322021,1110,1154469502,3,3
283001,1920,4245015,543361920,23520,0.6625000238418579,128,283000,1.149789810180664,1920,17,3,500000,1000,,283001.0,0.6682291626930237,0.5971477627754211,0.6604166626930237,0.6113981604576111,1113,1154469502,3,3
284001,1920,4260015,545281920,23520,0.6604166626930237,128,284000,1.1535179615020752,1920,17,3,500000,1000,,284001.0,0.6703125238418579,0.5971489548683167,0.6604166626930237,0.6114943027496338,1117,1154469502,3,3
285001,1920,4275015,547201920,23520,0.6604166626930237,128,285000,1.1572399139404297,1920,17,3,500000,1000,,285001.0,0.6666666865348816,0.597152054309845,0.6604166626930237,0.6114109754562378,1121,1154469502,3,3
286001,1920,4290015,549121920,23520,0.6604166626930237,128,286000,1.1611239910125732,1920,17,3,500000,1000,,286001.0,0.6682291626930237,0.5971477627754211,0.6604166626930237,0.6113211512565613,1125,1154469502,3,3
287001,1920,4305015,551041920,23520,0.6604166626930237,128,287000,1.164802074432373,1920,17,3,500000,1000,,287001.0,0.6682291626930237,0.597149133682251,0.6625000238418579,0.6114053726196289,1129,1154469502,3,3
288001,1920,4320015,552961920,23520,0.6625000238418579,128,288000,1.168532133102417,1920,17,3,500000,1000,,288001.0,0.6682291626930237,0.5971487760543823,0.6625000238418579,0.6115962266921997,1133,1154469502,3,3
289001,1920,4335015,554881920,23520,0.6625000238418579,128,289000,1.175279140472412,1920,17,3,500000,1000,,289001.0,0.6682291626930237,0.5971451997756958,0.6625000238418579,0.611528217792511,1137,1154469502,3,3
290001,1920,4350015,556801920,23520,0.6625000238418579,128,290000,1.179089069366455,1920,17,3,500000,1000,,290001.0,0.668749988079071,0.5971472263336182,0.6604166626930237,0.6115232706069946,1141,1154469502,3,3
291001,1920,4365015,558721920,23520,0.6604166626930237,128,291000,1.1827962398529053,1920,17,3,500000,1000,,291001.0,0.6692708134651184,0.5971463322639465,0.6625000238418579,0.6116694211959839,1144,1154469502,3,3
292001,1920,4380015,560641920,23520,0.6625000238418579,128,292000,1.186462163925171,1920,17,3,500000,1000,,292001.0,0.668749988079071,0.5971463918685913,0.6625000238418579,0.6111438274383545,1148,1154469502,3,3
293001,1920,4395015,562561920,23520,0.6625000238418579,128,293000,1.190199375152588,1920,17,3,500000,1000,,293001.0,0.6697916388511658,0.5971464514732361,0.6625000238418579,0.6109692454338074,1152,1154469502,3,3
294001,1920,4410015,564481920,23520,0.6625000238418579,128,294000,1.1939163208007812,1920,17,3,500000,1000,,294001.0,0.6692708134651184,0.5971461534500122,0.6645833253860474,0.6111437678337097,1156,1154469502,3,3
295001,1920,4425015,566401920,23520,0.6645833253860474,128,295000,1.1976945400238037,1920,17,3,500000,1000,,295001.0,0.6692708134651184,0.5971465706825256,0.6625000238418579,0.6112523674964905,1160,1154469502,3,3
296001,1920,4440015,568321920,23520,0.6625000238418579,128,296000,1.2014274597167969,1920,17,3,500000,1000,,296001.0,0.6682291626930237,0.5971486568450928,0.6604166626930237,0.6113062500953674,1164,1154469502,3,3
297001,1920,4455015,570241920,23520,0.6604166626930237,128,297000,1.2051446437835693,1920,17,3,500000,1000,,297001.0,0.6682291626930237,0.5971494317054749,0.6604166626930237,0.6114729046821594,1168,1154469502,3,3
298001,1920,4470015,572161920,23520,0.6604166626930237,128,298000,1.208864688873291,1920,17,3,500000,1000,,298001.0,0.668749988079071,0.5971459746360779,0.6604166626930237,0.611419141292572,1172,1154469502,3,3
299001,1920,4485015,574081920,23520,0.6604166626930237,128,299000,1.2127666473388672,1920,17,3,500000,1000,,299001.0,0.6682291626930237,0.5971460938453674,0.6583333611488342,0.611113429069519,1176,1154469502,3,3
300001,1920,4500015,576001920,23520,0.6583333611488342,128,300000,1.2164897918701172,1920,17,3,500000,1000,,300001.0,0.6682291626930237,0.5971478819847107,0.6604166626930237,0.6110818386077881,1179,1154469502,3,3
301001,1920,4515015,577921920,23520,0.6604166626930237,128,301000,1.2201826572418213,1920,17,3,500000,1000,,301001.0,0.668749988079071,0.5971464514732361,0.6625000238418579,0.6113561987876892,1183,1154469502,3,3
302001,1920,4530015,579841920,23520,0.6625000238418579,128,302000,1.2239124774932861,1920,17,3,500000,1000,,302001.0,0.6692708134651184,0.5971515774726868,0.6625000238418579,0.6109898090362549,1187,1154469502,3,3
303001,1920,4545015,581761920,23520,0.6625000238418579,128,303000,1.2276406288146973,1920,17,3,500000,1000,,303001.0,0.6677083373069763,0.5971468687057495,0.6604166626930237,0.6110793948173523,1191,1154469502,3,3
304001,1920,4560015,583681920,23520,0.6604166626930237,128,304000,1.231407642364502,1920,17,3,500000,1000,,304001.0,0.668749988079071,0.5971490144729614,0.6625000238418579,0.6110097169876099,1195,1154469502,3,3
305001,1920,4575015,585601920,23520,0.6625000238418579,128,305000,1.2351436614990234,1920,17,3,500000,1000,,305001.0,0.6677083373069763,0.5971466898918152,0.65625,0.6111562848091125,1199,1154469502,3,3
306001,1920,4590015,587521920,23520,0.65625,128,306000,1.2388575077056885,1920,17,3,500000,1000,,306001.0,0.6682291626930237,0.5971476435661316,0.6625000238418579,0.6112987995147705,1203,1154469502,3,3
307001,1920,4605015,589441920,23520,0.6625000238418579,128,307000,1.2439894676208496,1920,17,3,500000,1000,,307001.0,0.6682291626930237,0.5971449017524719,0.6604166626930237,0.6113337874412537,1207,1154469502,3,3
308001,1920,4620015,591361920,23520,0.6604166626930237,128,308000,1.2477083206176758,1920,17,3,500000,1000,,308001.0,0.6677083373069763,0.5971464514732361,0.6604166626930237,0.6112887263298035,1211,1154469502,3,3
309001,1920,4635015,593281920,23520,0.6604166626930237,128,309000,1.2514312267303467,1920,17,3,500000,1000,,309001.0,0.668749988079071,0.5971447229385376,0.6625000238418579,0.6113167405128479,1215,1154469502,3,3
310001,1920,4650015,595201920,23520,0.6625000238418579,128,310000,1.2565762996673584,1920,17,3,500000,1000,,310001.0,0.6697916388511658,0.5971457958221436,0.6625000238418579,0.611248254776001,1218,1154469502,3,3
311001,1920,4665015,597121920,23520,0.6625000238418579,128,311000,1.2604541778564453,1920,17,3,500000,1000,,311001.0,0.668749988079071,0.5971440672874451,0.6625000238418579,0.6114374995231628,1222,1154469502,3,3
312001,1920,4680015,599041920,23520,0.6625000238418579,128,312000,1.264153003692627,1920,17,3,500000,1000,,312001.0,0.6677083373069763,0.597147524356842,0.6625000238418579,0.6113690733909607,1226,1154469502,3,3
313001,1920,4695015,600961920,23520,0.6625000238418579,128,313000,1.2678120136260986,1920,17,3,500000,1000,,313001.0,0.668749988079071,0.5971460938453674,0.6625000238418579,0.6113988161087036,1230,1154469502,3,3
314001,1920,4710015,602881920,23520,0.6625000238418579,128,314000,1.2717130184173584,1920,17,3,500000,1000,,314001.0,0.6677083373069763,0.5971440076828003,0.6604166626930237,0.61139976978302,1234,1154469502,3,3
315001,1920,4725015,604801920,23520,0.6604166626930237,128,315000,1.275467872619629,1920,17,3,500000,1000,,315001.0,0.6682291626930237,0.5971466302871704,0.6604166626930237,0.6114320158958435,1238,1154469502,3,3
316001,1920,4740015,606721920,23520,0.6604166626930237,128,316000,1.279209852218628,1920,17,3,500000,1000,,316001.0,0.6677083373069763,0.5971437692642212,0.6645833253860474,0.6112753748893738,1242,1154469502,3,3
317001,1920,4755015,608641920,23520,0.6645833253860474,128,317000,1.2829318046569824,1920,17,3,500000,1000,,317001.0,0.6692708134651184,0.5971451997756958,0.6625000238418579,0.6115120649337769,1246,1154469502,3,3
318001,1920,4770015,610561920,23520,0.6625000238418579,128,318000,1.286620855331421,1920,17,3,500000,1000,,318001.0,0.6682291626930237,0.5971486568450928,0.6604166626930237,0.6115353107452393,1249,1154469502,3,3
319001,1920,4785015,612481920,23520,0.6604166626930237,128,319000,1.2903697490692139,1920,17,3,500000,1000,,319001.0,0.6677083373069763,0.5971430540084839,0.6604166626930237,0.6114444732666016,1254,1154469502,3,3
320001,1920,4800015,614401920,23520,0.6604166626930237,128,320000,1.2941467761993408,1920,17,3,500000,1000,,320001.0,0.668749988079071,0.5971468687057495,0.6625000238418579,0.6114267706871033,1257,1154469502,3,3
321001,1920,4815015,616321920,23520,0.6625000238418579,128,321000,1.2978696823120117,1920,17,3,500000,1000,,321001.0,0.668749988079071,0.5971415042877197,0.6625000238418579,0.6115008592605591,1261,1154469502,3,3
322001,1920,4830015,618241920,23520,0.6625000238418579,128,322000,1.3015906810760498,1920,17,3,500000,1000,,322001.0,0.6692708134651184,0.5971439480781555,0.6625000238418579,0.611503541469574,1265,1154469502,3,3
323001,1920,4845015,620161920,23520,0.6625000238418579,128,323000,1.3052988052368164,1920,17,3,500000,1000,,323001.0,0.6682291626930237,0.5971443057060242,0.6604166626930237,0.6113843321800232,1269,1154469502,3,3
324001,1920,4860015,622081920,23520,0.6604166626930237,128,324000,1.308966875076294,1920,17,3,500000,1000,,324001.0,0.667187511920929,0.5971466302871704,0.6604166626930237,0.6112506985664368,1273,1154469502,3,3
325001,1920,4875015,624001920,23520,0.6604166626930237,128,325000,1.3127250671386719,1920,17,3,500000,1000,,325001.0,0.6692708134651184,0.5971499085426331,0.6625000238418579,0.6115754246711731,1277,1154469502,3,3
326001,1920,4890015,625921920,23520,0.6625000238418579,128,326000,1.3164541721343994,1920,17,3,500000,1000,,326001.0,0.6682291626930237,0.5971481800079346,0.6625000238418579,0.6114138960838318,1280,1154469502,3,3
327001,1920,4905015,627841920,23520,0.6625000238418579,128,327000,1.3201673030853271,1920,17,3,500000,1000,,327001.0,0.6692708134651184,0.5971449017524719,0.6625000238418579,0.6114262938499451,1284,1154469502,3,3
328001,1920,4920015,629761920,23520,0.6625000238418579,128,328000,1.3238966464996338,1920,17,3,500000,1000,,328001.0,0.668749988079071,0.5971472859382629,0.6604166626930237,0.6114883422851562,1288,1154469502,3,3
329001,1920,4935015,631681920,23520,0.6604166626930237,128,329000,1.3276097774505615,1920,17,3,500000,1000,,329001.0,0.6682291626930237,0.5971415042877197,0.6604166626930237,0.611484944820404,1292,1154469502,3,3
330001,1920,4950015,633601920,23520,0.6604166626930237,128,330000,1.331338882446289,1920,17,3,500000,1000,,330001.0,0.6697916388511658,0.5971444845199585,0.6604166626930237,0.6113232970237732,1296,1154469502,3,3
331001,1920,4965015,635521920,23520,0.6604166626930237,128,331000,1.3350639343261719,1920,17,3,500000,1000,,331001.0,0.6692708134651184,0.5971437096595764,0.6625000238418579,0.6114242076873779,1300,1154469502,3,3
332001,1920,4980015,637441920,23520,0.6625000238418579,128,332000,1.3387658596038818,1920,17,3,500000,1000,,332001.0,0.6697916388511658,0.5971468687057495,0.6625000238418579,0.611123263835907,1303,1154469502,3,3
333001,1920,4995015,639361920,23520,0.6625000238418579,128,333000,1.3424887657165527,1920,17,3,500000,1000,,333001.0,0.668749988079071,0.5971444249153137,0.6604166626930237,0.6112267374992371,1307,1154469502,3,3
334001,1920,5010015,641281920,23520,0.6604166626930237,128,334000,1.346193552017212,1920,17,3,500000,1000,,334001.0,0.668749988079071,0.597143828868866,0.6583333611488342,0.6111409664154053,1311,1154469502,3,3
335001,1920,5025015,643201920,23520,0.6583333611488342,128,335000,1.34991455078125,1920,17,3,500000,1000,,335001.0,0.6703125238418579,0.597140908241272,0.6625000238418579,0.6113136410713196,1315,1154469502,3,3
336001,1920,5040015,645121920,23520,0.6625000238418579,128,336000,1.3536686897277832,1920,17,3,500000,1000,,336001.0,0.6697916388511658,0.5971431732177734,0.6625000238418579,0.6110836267471313,1319,1154469502,3,3
337001,1920,5055015,647041920,23520,0.6625000238418579,128,337000,1.357379674911499,1920,17,3,500000,1000,,337001.0,0.6703125238418579,0.5971418023109436,0.6625000238418579,0.6112152338027954,1323,1154469502,3,3
338001,1920,5070015,648961920,23520,0.6625000238418579,128,338000,1.3612008094787598,1920,17,3,500000,1000,,338001.0,0.6682291626930237,0.5971441864967346,0.6604166626930237,0.6113022565841675,1327,1154469502,3,3
339001,1920,5085015,650881920,23520,0.6604166626930237,128,339000,1.3649296760559082,1920,17,3,500000,1000,,339001.0,0.668749988079071,0.5971483588218689,0.6604166626930237,0.6114419102668762,1331,1154469502,3,3
340001,1920,5100015,652801920,23520,0.6604166626930237,128,340000,1.36867356300354,1920,17,3,500000,1000,,340001.0,0.668749988079071,0.5971449017524719,0.6604166626930237,0.6111376881599426,1335,1154469502,3,3
341001,1920,5115015,654721920,23520,0.6604166626930237,128,341000,1.3724687099456787,1920,17,3,500000,1000,,341001.0,0.6692708134651184,0.5971464514732361,0.6625000238418579,0.6111460328102112,1339,1154469502,3,3
342001,1920,5130015,656641920,23520,0.6625000238418579,128,342000,1.3762085437774658,1920,17,3,500000,1000,,342001.0,0.6692708134651184,0.5971447825431824,0.6604166626930237,0.6112281680107117,1343,1154469502,3,3
343001,1920,5145015,658561920,23520,0.6604166626930237,128,343000,1.3799257278442383,1920,17,3,500000,1000,,343001.0,0.6692708134651184,0.5971429347991943,0.6604166626930237,0.6112223267555237,1346,1154469502,3,3
344001,1920,5160015,660481920,23520,0.6604166626930237,128,344000,1.3836116790771484,1920,17,3,500000,1000,,344001.0,0.668749988079071,0.5971457958221436,0.6583333611488342,0.611290693283081,1350,1154469502,3,3
345001,1920,5175015,662401920,23520,0.6583333611488342,128,345000,1.3873436450958252,1920,17,3,500000,1000,,345001.0,0.668749988079071,0.59714275598526,0.6625000238418579,0.6114938259124756,1354,1154469502,3,3
346001,1920,5190015,664321920,23520,0.6625000238418579,128,346000,1.391986608505249,1920,17,3,500000,1000,,346001.0,0.668749988079071,0.5971459746360779,0.6625000238418579,0.6114397644996643,1358,1154469502,3,3
347001,1920,5205015,666241920,23520,0.6625000238418579,128,347000,1.3957273960113525,1920,17,3,500000,1000,,347001.0,0.668749988079071,0.5971418023109436,0.6604166626930237,0.6114694476127625,1362,1154469502,3,3
348001,1920,5220015,668161920,23520,0.6604166626930237,128,348000,1.399444341659546,1920,17,3,500000,1000,,348001.0,0.6692708134651184,0.5971406698226929,0.6625000238418579,0.6115196347236633,1366,1154469502,3,3
349001,1920,5235015,670081920,23520,0.6625000238418579,128,349000,1.4031834602355957,1920,17,3,500000,1000,,349001.0,0.6692708134651184,0.5971437692642212,0.6604166626930237,0.6115136742591858,1370,1154469502,3,3
350001,1920,5250015,672001920,23520,0.6604166626930237,128,350000,1.4069182872772217,1920,17,3,500000,1000,,350001.0,0.6692708134651184,0.5971403121948242,0.6625000238418579,0.6115036606788635,1374,1154469502,3,3
351001,1920,5265015,673921920,23520,0.6625000238418579,128,351000,1.4106030464172363,1920,17,3,500000,1000,,351001.0,0.6692708134651184,0.5971428751945496,0.6625000238418579,0.6115613579750061,1378,1154469502,3,3
352001,1920,5280015,675841920,23520,0.6625000238418579,128,352000,1.4143292903900146,1920,17,3,500000,1000,,352001.0,0.6697916388511658,0.5971397161483765,0.6583333611488342,0.6112629771232605,1382,1154469502,3,3
353001,1920,5295015,677761920,23520,0.6583333611488342,128,353000,1.4180700778961182,1920,17,3,500000,1000,,353001.0,0.6697916388511658,0.5971415042877197,0.6604166626930237,0.6112968325614929,1385,1154469502,3,3
354001,1920,5310015,679681920,23520,0.6604166626930237,128,354000,1.4217631816864014,1920,17,3,500000,1000,,354001.0,0.6703125238418579,0.5971410870552063,0.6604166626930237,0.6111268997192383,1389,1154469502,3,3
355001,1920,5325015,681601920,23520,0.6604166626930237,128,355000,1.4255061149597168,1920,17,3,500000,1000,,355001.0,0.6682291626930237,0.5971438884735107,0.6583333611488342,0.611542820930481,1393,1154469502,3,3
356001,1920,5340015,683521920,23520,0.6583333611488342,128,356000,1.4292821884155273,1920,17,3,500000,1000,,356001.0,0.6692708134651184,0.5971433520317078,0.6583333611488342,0.6113174557685852,1397,1154469502,3,3
357001,1920,5355015,685441920,23520,0.6583333611488342,128,357000,1.4330081939697266,1920,17,3,500000,1000,,357001.0,0.668749988079071,0.5971403121948242,0.6604166626930237,0.6110241413116455,1401,1154469502,3,3
358001,1920,5370015,687361920,23520,0.6604166626930237,128,358000,1.4367022514343262,1920,17,3,500000,1000,,358001.0,0.668749988079071,0.5971411466598511,0.6604166626930237,0.6113383769989014,1405,1154469502,3,3
359001,1920,5385015,689281920,23520,0.6604166626930237,128,359000,1.4404373168945312,1920,17,3,500000,1000,,359001.0,0.668749988079071,0.5971419215202332,0.6604166626930237,0.6113386750221252,1409,1154469502,3,3
360001,1920,5400015,691201920,23520,0.6604166626930237,128,360000,1.4441454410552979,1920,17,3,500000,1000,,360001.0,0.6682291626930237,0.5971407294273376,0.6604166626930237,0.6113746166229248,1413,1154469502,3,3
361001,1920,5415015,693121920,23520,0.6604166626930237,128,361000,1.4479212760925293,1920,17,3,500000,1000,,361001.0,0.6692708134651184,0.5971398949623108,0.6604166626930237,0.6114659905433655,1416,1154469502,3,3
362001,1920,5430015,695041920,23520,0.6604166626930237,128,362000,1.4521222114562988,1920,17,3,500000,1000,,362001.0,0.6703125238418579,0.5971421599388123,0.6625000238418579,0.611403226852417,1420,1154469502,3,3
363001,1920,5445015,696961920,23520,0.6625000238418579,128,363000,1.4558262825012207,1920,17,3,500000,1000,,363001.0,0.6692708134651184,0.5971441864967346,0.6625000238418579,0.6113952398300171,1424,1154469502,3,3
364001,1920,5460015,698881920,23520,0.6625000238418579,128,364000,1.45955228805542,1920,17,3,500000,1000,,364001.0,0.668749988079071,0.5971431136131287,0.6625000238418579,0.6115230917930603,1428,1154469502,3,3
365001,1920,5475015,700801920,23520,0.6625000238418579,128,365000,1.4638452529907227,1920,17,3,500000,1000,,365001.0,0.668749988079071,0.5971402525901794,0.6604166626930237,0.6112060546875,1432,1154469502,3,3
366001,1920,5490015,702721920,23520,0.6604166626930237,128,366000,1.467696189880371,1920,17,3,500000,1000,,366001.0,0.6682291626930237,0.5971446633338928,0.6604166626930237,0.6114131212234497,1436,1154469502,3,3
367001,1920,5505015,704641920,23520,0.6604166626930237,128,367000,1.4714832305908203,1920,17,3,500000,1000,,367001.0,0.6697916388511658,0.5971429347991943,0.6604166626930237,0.6112750172615051,1440,1154469502,3,3
368001,1920,5520015,706561920,23520,0.6604166626930237,128,368000,1.4752061367034912,1920,17,3,500000,1000,,368001.0,0.668749988079071,0.5971440672874451,0.6604166626930237,0.6115151643753052,1443,1154469502,3,3
369001,1920,5535015,708481920,23520,0.6604166626930237,128,369000,1.478931188583374,1920,17,3,500000,1000,,369001.0,0.6682291626930237,0.5971441864967346,0.6583333611488342,0.611060380935669,1447,1154469502,3,3
370001,1920,5550015,710401920,23520,0.6583333611488342,128,370000,1.4850239753723145,1920,17,3,500000,1000,,370001.0,0.668749988079071,0.5971421003341675,0.6625000238418579,0.6110202074050903,1451,1154469502,3,3
371001,1920,5565015,712321920,23520,0.6625000238418579,128,371000,1.4886958599090576,1920,17,3,500000,1000,,371001.0,0.6666666865348816,0.5971435904502869,0.6604166626930237,0.6112105250358582,1455,1154469502,3,3
372001,1920,5580015,714241920,23520,0.6604166626930237,128,372000,1.4925169944763184,1920,17,3,500000,1000,,372001.0,0.6677083373069763,0.597146213054657,0.6604166626930237,0.6113272309303284,1459,1154469502,3,3
373001,1920,5595015,716161920,23520,0.6604166626930237,128,373000,1.4966769218444824,1920,17,3,500000,1000,,373001.0,0.6692708134651184,0.597141444683075,0.6583333611488342,0.6111322045326233,1463,1154469502,3,3
374001,1920,5610015,718081920,23520,0.6583333611488342,128,374000,1.5003807544708252,1920,17,3,500000,1000,,374001.0,0.6692708134651184,0.5971408486366272,0.6604166626930237,0.61113440990448,1467,1154469502,3,3
375001,1920,5625015,720001920,23520,0.6604166626930237,128,375000,1.5040314197540283,1920,17,3,500000,1000,,375001.0,0.6703125238418579,0.5971428155899048,0.6625000238418579,0.6111099720001221,1470,1154469502,3,3
376001,1920,5640015,721921920,23520,0.6625000238418579,128,376000,1.507753610610962,1920,17,3,500000,1000,,376001.0,0.6703125238418579,0.5971441268920898,0.6604166626930237,0.6111943125724792,1474,1154469502,3,3
377001,1920,5655015,723841920,23520,0.6604166626930237,128,377000,1.5114717483520508,1920,17,3,500000,1000,,377001.0,0.6703125238418579,0.5971463918685913,0.6604166626930237,0.6113027930259705,1478,1154469502,3,3
378001,1920,5670015,725761920,23520,0.6604166626930237,128,378000,1.5151729583740234,1920,17,3,500000,1000,,378001.0,0.6697916388511658,0.5971431136131287,0.6583333611488342,0.6112082600593567,1482,1154469502,3,3
379001,1920,5685015,727681920,23520,0.6583333611488342,128,379000,1.5188922882080078,1920,17,3,500000,1000,,379001.0,0.6697916388511658,0.5971439480781555,0.6583333611488342,0.6111562848091125,1486,1154469502,3,3
380001,1920,5700015,729601920,23520,0.6583333611488342,128,380000,1.5226213932037354,1920,17,3,500000,1000,,380001.0,0.6692708134651184,0.597141444683075,0.6604166626930237,0.6114829182624817,1490,1154469502,3,3
381001,1920,5715015,731521920,23520,0.6604166626930237,128,381000,1.5263583660125732,1920,17,3,500000,1000,,381001.0,0.6692708134651184,0.5971429347991943,0.6625000238418579,0.6115732789039612,1493,1154469502,3,3
382001,1920,5730015,733441920,23520,0.6625000238418579,128,382000,1.5316364765167236,1920,17,3,500000,1000,,382001.0,0.6682291626930237,0.5971421599388123,0.6604166626930237,0.6116091012954712,1497,1154469502,3,3
383001,1920,5745015,735361920,23520,0.6604166626930237,128,383000,1.5358214378356934,1920,17,3,500000,1000,,383001.0,0.6677083373069763,0.5971435308456421,0.6604166626930237,0.6114704012870789,1501,1154469502,3,3
384001,1920,5760015,737281920,23520,0.6604166626930237,128,384000,1.5396463871002197,1920,17,3,500000,1000,,384001.0,0.6682291626930237,0.5971419215202332,0.6604166626930237,0.6114056706428528,1505,1154469502,3,3
385001,1920,5775015,739201920,23520,0.6604166626930237,128,385000,1.5434165000915527,1920,17,3,500000,1000,,385001.0,0.6697916388511658,0.5971429347991943,0.6604166626930237,0.6114711165428162,1509,1154469502,3,3
386001,1920,5790015,741121920,23520,0.6604166626930237,128,386000,1.5471675395965576,1920,17,3,500000,1000,,386001.0,0.6692708134651184,0.5971403121948242,0.6583333611488342,0.6114175915718079,1513,1154469502,3,3
387001,1920,5805015,743041920,23520,0.6583333611488342,128,387000,1.5508763790130615,1920,17,3,500000,1000,,387001.0,0.6697916388511658,0.5971447229385376,0.6604166626930237,0.6112997531890869,1517,1154469502,3,3
388001,1920,5820015,744961920,23520,0.6604166626930237,128,388000,1.5546083450317383,1920,17,3,500000,1000,,388001.0,0.6697916388511658,0.597142219543457,0.6604166626930237,0.6114267706871033,1521,1154469502,3,3
389001,1920,5835015,746881920,23520,0.6604166626930237,128,389000,1.5583992004394531,1920,17,3,500000,1000,,389001.0,0.6692708134651184,0.597144365310669,0.6604166626930237,0.6118913888931274,1525,1154469502,3,3
390001,1920,5850015,748801920,23520,0.6604166626930237,128,390000,1.56223726272583,1920,17,3,500000,1000,,390001.0,0.6692708134651184,0.5971469879150391,0.6625000238418579,0.6111809015274048,1529,1154469502,3,3
391001,1920,5865015,750721920,23520,0.6625000238418579,128,391000,1.5660102367401123,1920,17,3,500000,1000,,391001.0,0.6682291626930237,0.5971412658691406,0.6625000238418579,0.6112868189811707,1532,1154469502,3,3
392001,1920,5880015,752641920,23520,0.6625000238418579,128,392000,1.5697290897369385,1920,17,3,500000,1000,,392001.0,0.6692708134651184,0.5971397161483765,0.6604166626930237,0.6112512350082397,1536,1154469502,3,3
393001,1920,5895015,754561920,23520,0.6604166626930237,128,393000,1.5734491348266602,1920,17,3,500000,1000,,393001.0,0.668749988079071,0.5971410274505615,0.6604166626930237,0.6115313172340393,1540,1154469502,3,3
394001,1920,5910015,756481920,23520,0.6604166626930237,128,394000,1.577146053314209,1920,17,3,500000,1000,,394001.0,0.6697916388511658,0.5971440076828003,0.6604166626930237,0.6115051507949829,1544,1154469502,3,3
395001,1920,5925015,758401920,23520,0.6604166626930237,128,395000,1.580871820449829,1920,17,3,500000,1000,,395001.0,0.668749988079071,0.5971425175666809,0.6625000238418579,0.6115916967391968,1548,1154469502,3,3
396001,1920,5940015,760321920,23520,0.6625000238418579,128,396000,1.5846059322357178,1920,17,3,500000,1000,,396001.0,0.668749988079071,0.5971410274505615,0.6625000238418579,0.6113883256912231,1552,1154469502,3,3
397001,1920,5955015,762241920,23520,0.6625000238418579,128,397000,1.5883240699768066,1920,17,3,500000,1000,,397001.0,0.668749988079071,0.5971415638923645,0.6604166626930237,0.6113750338554382,1556,1154469502,3,3
398001,1920,5970015,764161920,23520,0.6604166626930237,128,398000,1.5920171737670898,1920,17,3,500000,1000,,398001.0,0.668749988079071,0.5971400141716003,0.6625000238418579,0.6115460991859436,1559,1154469502,3,3
399001,1920,5985015,766081920,23520,0.6625000238418579,128,399000,1.5957200527191162,1920,17,3,500000,1000,,399001.0,0.6692708134651184,0.5971425175666809,0.6604166626930237,0.6114204525947571,1563,1154469502,3,3
400001,1920,6000015,768001920,23520,0.6604166626930237,128,400000,1.5994558334350586,1920,17,3,500000,1000,,400001.0,0.668749988079071,0.5971420407295227,0.6625000238418579,0.6114630103111267,1567,1154469502,3,3
401001,1920,6015015,769921920,23520,0.6625000238418579,128,401000,1.6031639575958252,1920,17,3,500000,1000,,401001.0,0.6682291626930237,0.5971451997756958,0.6604166626930237,0.6114740967750549,1571,1154469502,3,3
402001,1920,6030015,771841920,23520,0.6604166626930237,128,402000,1.606910228729248,1920,17,3,500000,1000,,402001.0,0.6682291626930237,0.5971451997756958,0.6583333611488342,0.6113281846046448,1575,1154469502,3,3
403001,1920,6045015,773761920,23520,0.6583333611488342,128,403000,1.6106362342834473,1920,17,3,500000,1000,,403001.0,0.6692708134651184,0.5971401333808899,0.6604166626930237,0.6114282011985779,1578,1154469502,3,3
404001,1920,6060015,775681920,23520,0.6604166626930237,128,404000,1.6143519878387451,1920,17,3,500000,1000,,404001.0,0.668749988079071,0.5971413254737854,0.6604166626930237,0.6112605333328247,1582,1154469502,3,3
405001,1920,6075015,777601920,23520,0.6604166626930237,128,405000,1.6181020736694336,1920,17,3,500000,1000,,405001.0,0.6692708134651184,0.5971398949623108,0.6625000238418579,0.6113141775131226,1586,1154469502,3,3
406001,1920,6090015,779521920,23520,0.6625000238418579,128,406000,1.6218223571777344,1920,17,3,500000,1000,,406001.0,0.668749988079071,0.5971415042877197,0.6583333611488342,0.6113319396972656,1590,1154469502,3,3
407001,1920,6105015,781441920,23520,0.6583333611488342,128,407000,1.6255533695220947,1920,17,3,500000,1000,,407001.0,0.6692708134651184,0.597140908241272,0.6604166626930237,0.6116531491279602,1594,1154469502,3,3
408001,1920,6120015,783361920,23520,0.6604166626930237,128,408000,1.6292552947998047,1920,17,3,500000,1000,,408001.0,0.6692708134651184,0.5971413850784302,0.6583333611488342,0.611405074596405,1598,1154469502,3,3
409001,1920,6135015,785281920,23520,0.6583333611488342,128,409000,1.6352732181549072,1920,17,3,500000,1000,,409001.0,0.6697916388511658,0.5971393585205078,0.6604166626930237,0.6114271879196167,1602,1154469502,3,3
410001,1920,6150015,787201920,23520,0.6604166626930237,128,410000,1.6389710903167725,1920,17,3,500000,1000,,410001.0,0.668749988079071,0.5971418023109436,0.6604166626930237,0.6114174723625183,1605,1154469502,3,3
411001,1920,6165015,789121920,23520,0.6604166626930237,128,411000,1.6428110599517822,1920,17,3,500000,1000,,411001.0,0.668749988079071,0.5971400737762451,0.6583333611488342,0.6116277575492859,1609,1154469502,3,3
412001,1920,6180015,791041920,23520,0.6583333611488342,128,412000,1.6466319561004639,1920,17,3,500000,1000,,412001.0,0.6682291626930237,0.597140371799469,0.65625,0.6115259528160095,1613,1154469502,3,3
413001,1920,6195015,792961920,23520,0.65625,128,413000,1.6530699729919434,1920,17,3,500000,1000,,413001.0,0.668749988079071,0.5971412658691406,0.6604166626930237,0.6113331317901611,1617,1154469502,3,3
414001,1920,6210015,794881920,23520,0.6604166626930237,128,414000,1.6567847728729248,1920,17,3,500000,1000,,414001.0,0.6692708134651184,0.5971401333808899,0.6645833253860474,0.611545979976654,1621,1154469502,3,3
415001,1920,6225015,796801920,23520,0.6645833253860474,128,415000,1.6605076789855957,1920,17,3,500000,1000,,415001.0,0.668749988079071,0.5971402525901794,0.6604166626930237,0.6113782525062561,1625,1154469502,3,3
416001,1920,6240015,798721920,23520,0.6604166626930237,128,416000,1.6642446517944336,1920,17,3,500000,1000,,416001.0,0.6697916388511658,0.5971425175666809,0.6583333611488342,0.611281156539917,1629,1154469502,3,3
417001,1920,6255015,800641920,23520,0.6583333611488342,128,417000,1.667926549911499,1920,17,3,500000,1000,,417001.0,0.668749988079071,0.5971422791481018,0.6604166626930237,0.6110812425613403,1633,1154469502,3,3
418001,1920,6270015,802561920,23520,0.6604166626930237,128,418000,1.6716268062591553,1920,17,3,500000,1000,,418001.0,0.6692708134651184,0.5971411466598511,0.6583333611488342,0.6112426519393921,1637,1154469502,3,3
419001,1920,6285015,804481920,23520,0.6583333611488342,128,419000,1.6753168106079102,1920,17,3,500000,1000,,419001.0,0.6697916388511658,0.5971401929855347,0.6625000238418579,0.6111154556274414,1641,1154469502,3,3
420001,1920,6300015,806401920,23520,0.6625000238418579,128,420000,1.6797740459442139,1920,17,3,500000,1000,,420001.0,0.6692708134651184,0.5971403121948242,0.6625000238418579,0.6110798120498657,1644,1154469502,3,3
421001,1920,6315015,808321920,23520,0.6625000238418579,128,421000,1.6835458278656006,1920,17,3,500000,1000,,421001.0,0.6692708134651184,0.5971382260322571,0.6625000238418579,0.611235499382019,1648,1154469502,3,3
422001,1920,6330015,810241920,23520,0.6625000238418579,128,422000,1.6872246265411377,1920,17,3,500000,1000,,422001.0,0.6677083373069763,0.5971424579620361,0.65625,0.6112868785858154,1652,1154469502,3,3
423001,1920,6345015,812161920,23520,0.65625,128,423000,1.6908776760101318,1920,17,3,500000,1000,,423001.0,0.6692708134651184,0.5971413254737854,0.6604166626930237,0.6113801598548889,1656,1154469502,3,3
424001,1920,6360015,814081920,23520,0.6604166626930237,128,424000,1.6945676803588867,1920,17,3,500000,1000,,424001.0,0.668749988079071,0.5971400737762451,0.6583333611488342,0.6113622188568115,1661,1154469502,3,3
425001,1920,6375015,816001920,23520,0.6583333611488342,128,425000,1.6983387470245361,1920,17,3,500000,1000,,425001.0,0.6697916388511658,0.5971407294273376,0.6604166626930237,0.6114184856414795,1665,1154469502,3,3
426001,1920,6390015,817921920,23520,0.6604166626930237,128,426000,1.702111005783081,1920,17,3,500000,1000,,426001.0,0.6692708134651184,0.5971384048461914,0.6625000238418579,0.6112405061721802,1669,1154469502,3,3
427001,1920,6405015,819841920,23520,0.6625000238418579,128,427000,1.7058300971984863,1920,17,3,500000,1000,,427001.0,0.6697916388511658,0.5971424579620361,0.6604166626930237,0.6114025115966797,1672,1154469502,3,3
428001,1920,6420015,821761920,23520,0.6604166626930237,128,428000,1.7095422744750977,1920,17,3,500000,1000,,428001.0,0.668749988079071,0.5971413254737854,0.6625000238418579,0.6115350723266602,1676,1154469502,3,3
429001,1920,6435015,823681920,23520,0.6625000238418579,128,429000,1.7132470607757568,1920,17,3,500000,1000,,429001.0,0.668749988079071,0.5971401333808899,0.6604166626930237,0.6114102602005005,1680,1154469502,3,3
430001,1920,6450015,825601920,23520,0.6604166626930237,128,430000,1.7170252799987793,1920,17,3,500000,1000,,430001.0,0.668749988079071,0.5971399545669556,0.6604166626930237,0.6114652156829834,1684,1154469502,3,3
431001,1920,6465015,827521920,23520,0.6604166626930237,128,431000,1.7207283973693848,1920,17,3,500000,1000,,431001.0,0.668749988079071,0.5971373915672302,0.6604166626930237,0.6113244295120239,1688,1154469502,3,3
432001,1920,6480015,829441920,23520,0.6604166626930237,128,432000,1.7244393825531006,1920,17,3,500000,1000,,432001.0,0.6682291626930237,0.5971382260322571,0.6604166626930237,0.6113428473472595,1692,1154469502,3,3
433001,1920,6495015,831361920,23520,0.6604166626930237,128,433000,1.7282943725585938,1920,17,3,500000,1000,,433001.0,0.668749988079071,0.5971450209617615,0.6604166626930237,0.6113999485969543,1695,1154469502,3,3
434001,1920,6510015,833281920,23520,0.6604166626930237,128,434000,1.7319633960723877,1920,17,3,500000,1000,,434001.0,0.6692708134651184,0.5971429944038391,0.6604166626930237,0.6112410426139832,1699,1154469502,3,3
435001,1920,6525015,835201920,23520,0.6604166626930237,128,435000,1.7357032299041748,1920,17,3,500000,1000,,435001.0,0.6703125238418579,0.5971384644508362,0.6625000238418579,0.611078143119812,1703,1154469502,3,3
436001,1920,6540015,837121920,23520,0.6625000238418579,128,436000,1.7394564151763916,1920,17,3,500000,1000,,436001.0,0.6692708134651184,0.5971430540084839,0.6625000238418579,0.6111080646514893,1707,1154469502,3,3
437001,1920,6555015,839041920,23520,0.6625000238418579,128,437000,1.743105411529541,1920,17,3,500000,1000,,437001.0,0.6697916388511658,0.5971409678459167,0.6625000238418579,0.6113563179969788,1711,1154469502,3,3
438001,1920,6570015,840961920,23520,0.6625000238418579,128,438000,1.7468233108520508,1920,17,3,500000,1000,,438001.0,0.6703125238418579,0.5971424579620361,0.6604166626930237,0.6115318536758423,1715,1154469502,3,3
439001,1920,6585015,842881920,23520,0.6604166626930237,128,439000,1.7504971027374268,1920,17,3,500000,1000,,439001.0,0.668749988079071,0.5971419811248779,0.6604166626930237,0.611376166343689,1718,1154469502,3,3
440001,1920,6600015,844801920,23520,0.6604166626930237,128,440000,1.7542309761047363,1920,17,3,500000,1000,,440001.0,0.6692708134651184,0.5971393585205078,0.6625000238418579,0.6111816763877869,1722,1154469502,3,3
441001,1920,6615015,846721920,23520,0.6625000238418579,128,441000,1.7581000328063965,1920,17,3,500000,1000,,441001.0,0.668749988079071,0.5971421599388123,0.6604166626930237,0.611440896987915,1726,1154469502,3,3
442001,1920,6630015,848641920,23520,0.6604166626930237,128,442000,1.7619249820709229,1920,17,3,500000,1000,,442001.0,0.668749988079071,0.5971413850784302,0.6604166626930237,0.6115163564682007,1730,1154469502,3,3
443001,1920,6645015,850561920,23520,0.6604166626930237,128,443000,1.7656450271606445,1920,17,3,500000,1000,,443001.0,0.668749988079071,0.5971396565437317,0.6583333611488342,0.6114220023155212,1734,1154469502,3,3
444001,1920,6660015,852481920,23520,0.6583333611488342,128,444000,1.7693722248077393,1920,17,3,500000,1000,,444001.0,0.6682291626930237,0.5971406698226929,0.6583333611488342,0.6111398339271545,1738,1154469502,3,3
445001,1920,6675015,854401920,23520,0.6583333611488342,128,445000,1.7730331420898438,1920,17,3,500000,1000,,445001.0,0.668749988079071,0.5971390008926392,0.6625000238418579,0.6112719774246216,1742,1154469502,3,3
446001,1920,6690015,856321920,23520,0.6625000238418579,128,446000,1.7767608165740967,1920,17,3,500000,1000,,446001.0,0.6692708134651184,0.5971419811248779,0.6625000238418579,0.611596405506134,1745,1154469502,3,3
447001,1920,6705015,858241920,23520,0.6625000238418579,128,447000,1.780472755432129,1920,17,3,500000,1000,,447001.0,0.667187511920929,0.5971397161483765,0.65625,0.6114448308944702,1749,1154469502,3,3
448001,1920,6720015,860161920,23520,0.65625,128,448000,1.7841877937316895,1920,17,3,500000,1000,,448001.0,0.6692708134651184,0.5971397161483765,0.6625000238418579,0.6114747524261475,1753,1154469502,3,3
449001,1920,6735015,862081920,23520,0.6625000238418579,128,449000,1.787916660308838,1920,17,3,500000,1000,,449001.0,0.6708333492279053,0.5971373319625854,0.6604166626930237,0.6112977266311646,1757,1154469502,3,3
450001,1920,6750015,864001920,23520,0.6604166626930237,128,450000,1.7916626930236816,1920,17,3,500000,1000,,450001.0,0.6697916388511658,0.5971411466598511,0.6625000238418579,0.6115623116493225,1761,1154469502,3,3
451001,1920,6765015,865921920,23520,0.6625000238418579,128,451000,1.7955760955810547,1920,17,3,500000,1000,,451001.0,0.6692708134651184,0.5971395969390869,0.6625000238418579,0.6112542748451233,1765,1154469502,3,3
452001,1920,6780015,867841920,23520,0.6625000238418579,128,452000,1.799281120300293,1920,17,3,500000,1000,,452001.0,0.6692708134651184,0.5971346497535706,0.6625000238418579,0.6113727688789368,1769,1154469502,3,3
453001,1920,6795015,869761920,23520,0.6625000238418579,128,453000,1.8031482696533203,1920,17,3,500000,1000,,453001.0,0.6692708134651184,0.5971410274505615,0.6625000238418579,0.6113478541374207,1772,1154469502,3,3
454001,1920,6810015,871681920,23520,0.6625000238418579,128,454000,1.8068773746490479,1920,17,3,500000,1000,,454001.0,0.6692708134651184,0.5971384644508362,0.6604166626930237,0.6113855242729187,1776,1154469502,3,3
455001,1920,6825015,873601920,23520,0.6604166626930237,128,455000,1.8105952739715576,1920,17,3,500000,1000,,455001.0,0.668749988079071,0.5971385836601257,0.6604166626930237,0.6115974187850952,1780,1154469502,3,3
456001,1920,6840015,875521920,23520,0.6604166626930237,128,456000,1.814319133758545,1920,17,3,500000,1000,,456001.0,0.6682291626930237,0.5971416234970093,0.6604166626930237,0.6114875674247742,1784,1154469502,3,3
457001,1920,6855015,877441920,23520,0.6604166626930237,128,457000,1.8193519115447998,1920,17,3,500000,1000,,457001.0,0.6682291626930237,0.5971425175666809,0.6604166626930237,0.6113220453262329,1788,1154469502,3,3
458001,1920,6870015,879361920,23520,0.6604166626930237,128,458000,1.8230769634246826,1920,17,3,500000,1000,,458001.0,0.6682291626930237,0.5971377491950989,0.6583333611488342,0.611588716506958,1792,1154469502,3,3
459001,1920,6885015,881281920,23520,0.6583333611488342,128,459000,1.8268241882324219,1920,17,3,500000,1000,,459001.0,0.668749988079071,0.5971413254737854,0.6604166626930237,0.6112068295478821,1795,1154469502,3,3
460001,1920,6900015,883201920,23520,0.6604166626930237,128,460000,1.830543041229248,1920,17,3,500000,1000,,460001.0,0.668749988079071,0.5971419215202332,0.6583333611488342,0.6113880276679993,1799,1154469502,3,3
461001,1920,6915015,885121920,23520,0.6583333611488342,128,461000,1.8342080116271973,1920,17,3,500000,1000,,461001.0,0.6697916388511658,0.5971386432647705,0.6625000238418579,0.611682653427124,1803,1154469502,3,3
462001,1920,6930015,887041920,23520,0.6625000238418579,128,462000,1.8379456996917725,1920,17,3,500000,1000,,462001.0,0.6677083373069763,0.5971429944038391,0.6645833253860474,0.6115882992744446,1807,1154469502,3,3
463001,1920,6945015,888961920,23520,0.6645833253860474,128,463000,1.8416428565979004,1920,17,3,500000,1000,,463001.0,0.6697916388511658,0.5971397161483765,0.6625000238418579,0.6114504337310791,1811,1154469502,3,3
464001,1920,6960015,890881920,23520,0.6625000238418579,128,464000,1.8453090190887451,1920,17,3,500000,1000,,464001.0,0.6692708134651184,0.5971384644508362,0.6625000238418579,0.611444890499115,1815,1154469502,3,3
465001,1920,6975015,892801920,23520,0.6625000238418579,128,465000,1.8491451740264893,1920,17,3,500000,1000,,465001.0,0.6692708134651184,0.5971389412879944,0.6604166626930237,0.6112474203109741,1819,1154469502,3,3
466001,1920,6990015,894721920,23520,0.6604166626930237,128,466000,1.8528721332550049,1920,17,3,500000,1000,,466001.0,0.6692708134651184,0.5971382260322571,0.6604166626930237,0.6114475131034851,1822,1154469502,3,3
467001,1920,7005015,896641920,23520,0.6604166626930237,128,467000,1.8566291332244873,1920,17,3,500000,1000,,467001.0,0.6703125238418579,0.5971395373344421,0.6625000238418579,0.6115761399269104,1826,1154469502,3,3
468001,1920,7020015,898561920,23520,0.6625000238418579,128,468000,1.8603689670562744,1920,17,3,500000,1000,,468001.0,0.6682291626930237,0.5971431732177734,0.6625000238418579,0.6114760637283325,1830,1154469502,3,3
469001,1920,7035015,900481920,23520,0.6625000238418579,128,469000,1.8640708923339844,1920,17,3,500000,1000,,469001.0,0.668749988079071,0.5971487760543823,0.6645833253860474,0.6115009188652039,1834,1154469502,3,3
470001,1920,7050015,902401920,23520,0.6645833253860474,128,470000,1.8677897453308105,1920,17,3,500000,1000,,470001.0,0.6692708134651184,0.5971430540084839,0.6604166626930237,0.611606240272522,1838,1154469502,3,3
471001,1920,7065015,904321920,23520,0.6604166626930237,128,471000,1.8714995384216309,1920,17,3,500000,1000,,471001.0,0.668749988079071,0.5971433520317078,0.6604166626930237,0.6113923788070679,1842,1154469502,3,3
472001,1920,7080015,906241920,23520,0.6604166626930237,128,472000,1.8752284049987793,1920,17,3,500000,1000,,472001.0,0.6682291626930237,0.597140371799469,0.6604166626930237,0.6114423871040344,1846,1154469502,3,3
473001,1920,7095015,908161920,23520,0.6604166626930237,128,473000,1.878962516784668,1920,17,3,500000,1000,,473001.0,0.6692708134651184,0.5971385836601257,0.6625000238418579,0.6113241314888,1850,1154469502,3,3
474001,1920,7110015,910081920,23520,0.6625000238418579,128,474000,1.8826653957366943,1920,17,3,500000,1000,,474001.0,0.668749988079071,0.5971410274505615,0.6625000238418579,0.6113423109054565,1853,1154469502,3,3
475001,1920,7125015,912001920,23520,0.6625000238418579,128,475000,1.8863956928253174,1920,17,3,500000,1000,,475001.0,0.6692708134651184,0.5971411466598511,0.6604166626930237,0.6113724112510681,1857,1154469502,3,3
476001,1920,7140015,913921920,23520,0.6604166626930237,128,476000,1.890096664428711,1920,17,3,500000,1000,,476001.0,0.6692708134651184,0.5971381664276123,0.6625000238418579,0.6114576458930969,1861,1154469502,3,3
477001,1920,7155015,915841920,23520,0.6625000238418579,128,477000,1.8938264846801758,1920,17,3,500000,1000,,477001.0,0.6692708134651184,0.5971413850784302,0.6625000238418579,0.6113665103912354,1865,1154469502,3,3
478001,1920,7170015,917761920,23520,0.6625000238418579,128,478000,1.8974745273590088,1920,17,3,500000,1000,,478001.0,0.668749988079071,0.597140371799469,0.6625000238418579,0.6112549901008606,1869,1154469502,3,3
479001,1920,7185015,919681920,23520,0.6625000238418579,128,479000,1.9011774063110352,1920,17,3,500000,1000,,479001.0,0.668749988079071,0.5971385836601257,0.6604166626930237,0.6116437315940857,1872,1154469502,3,3
480001,1920,7200015,921601920,23520,0.6604166626930237,128,480000,1.9048774242401123,1920,17,3,500000,1000,,480001.0,0.668749988079071,0.5971412658691406,0.65625,0.6115082502365112,1876,1154469502,3,3
481001,1920,7215015,923521920,23520,0.65625,128,481000,1.908602237701416,1920,17,3,500000,1000,,481001.0,0.6703125238418579,0.5971397161483765,0.6625000238418579,0.6113844513893127,1880,1154469502,3,3
482001,1920,7230015,925441920,23520,0.6625000238418579,128,482000,1.9123272895812988,1920,17,3,500000,1000,,482001.0,0.6697916388511658,0.5971415638923645,0.6604166626930237,0.6113684177398682,1884,1154469502,3,3
483001,1920,7245015,927361920,23520,0.6604166626930237,128,483000,1.916013479232788,1920,17,3,500000,1000,,483001.0,0.6697916388511658,0.5971397757530212,0.6604166626930237,0.6113224029541016,1888,1154469502,3,3
484001,1920,7260015,929281920,23520,0.6604166626930237,128,484000,1.919722318649292,1920,17,3,500000,1000,,484001.0,0.6697916388511658,0.5971392393112183,0.6625000238418579,0.6115033626556396,1892,1154469502,3,3
485001,1920,7275015,931201920,23520,0.6625000238418579,128,485000,1.9234542846679688,1920,17,3,500000,1000,,485001.0,0.6692708134651184,0.5971370935440063,0.6583333611488342,0.6115743517875671,1895,1154469502,3,3
486001,1920,7290015,933121920,23520,0.6583333611488342,128,486000,1.9272480010986328,1920,17,3,500000,1000,,486001.0,0.6692708134651184,0.5971384048461914,0.6625000238418579,0.6114899516105652,1899,1154469502,3,3
487001,1920,7305015,935041920,23520,0.6625000238418579,128,487000,1.9309728145599365,1920,17,3,500000,1000,,487001.0,0.6692708134651184,0.5971378684043884,0.6625000238418579,0.6115724444389343,1903,1154469502,3,3
488001,1920,7320015,936961920,23520,0.6625000238418579,128,488000,1.9347848892211914,1920,17,3,500000,1000,,488001.0,0.6682291626930237,0.5971354842185974,0.6604166626930237,0.6114885807037354,1907,1154469502,3,3
489001,1920,7335015,938881920,23520,0.6604166626930237,128,489000,1.938499927520752,1920,17,3,500000,1000,,489001.0,0.6677083373069763,0.5971385836601257,0.6604166626930237,0.6116928458213806,1911,1154469502,3,3
490001,1920,7350015,940801920,23520,0.6604166626930237,128,490000,1.9422240257263184,1920,17,3,500000,1000,,490001.0,0.668749988079071,0.5971377491950989,0.6625000238418579,0.6115687489509583,1915,1154469502,3,3
491001,1920,7365015,942721920,23520,0.6625000238418579,128,491000,1.9459469318389893,1920,17,3,500000,1000,,491001.0,0.668749988079071,0.5971380472183228,0.6604166626930237,0.6115894317626953,1919,1154469502,3,3
492001,1920,7380015,944641920,23520,0.6604166626930237,128,492000,1.949720859527588,1920,17,3,500000,1000,,492001.0,0.6692708134651184,0.5971400141716003,0.6604166626930237,0.6114571690559387,1923,1154469502,3,3
493001,1920,7395015,946561920,23520,0.6604166626930237,128,493000,1.9534709453582764,1920,17,3,500000,1000,,493001.0,0.6692708134651184,0.5971376895904541,0.6625000238418579,0.611537754535675,1927,1154469502,3,3
494001,1920,7410015,948481920,23520,0.6625000238418579,128,494000,1.9571850299835205,1920,17,3,500000,1000,,494001.0,0.6692708134651184,0.5971357822418213,0.6625000238418579,0.6114394664764404,1930,1154469502,3,3
495001,1920,7425015,950401920,23520,0.6625000238418579,128,495000,1.9609050750732422,1920,17,3,500000,1000,,495001.0,0.668749988079071,0.5971382856369019,0.6583333611488342,0.6113966107368469,1934,1154469502,3,3
496001,1920,7440015,952321920,23520,0.6583333611488342,128,496000,1.9646148681640625,1920,17,3,500000,1000,,496001.0,0.6682291626930237,0.5971411466598511,0.6604166626930237,0.6112343072891235,1938,1154469502,3,3
497001,1920,7455015,954241920,23520,0.6604166626930237,128,497000,1.968303918838501,1920,17,3,500000,1000,,497001.0,0.6697916388511658,0.597137987613678,0.6604166626930237,0.6114357113838196,1942,1154469502,3,3
498001,1920,7470015,956161920,23520,0.6604166626930237,128,498000,1.9720559120178223,1920,17,3,500000,1000,,498001.0,0.668749988079071,0.5971394777297974,0.6583333611488342,0.6114218235015869,1946,1154469502,3,3
499001,1920,7485015,958081920,23520,0.6583333611488342,128,499000,1.975775957107544,1920,17,3,500000,1000,,499001.0,0.6682291626930237,0.5971435904502869,0.65625,0.611389696598053,1950,1154469502,3,3
499998,1920,7499970,959996160,23520,0.65625,128,499997,1.979517936706543,1920,17,3,500000,1000,,499998.0,0.668749988079071,0.5971376895904541,0.6604166626930237,0.6114514470100403,1953,1154469502,3,3
499999,1920,7499985,959998080,23520,0.6604166626930237,128,499998,1.983555793762207,1920,17,3,500000,1000,,499999.0,0.668749988079071,0.5971378087997437,0.6604166626930237,0.6114477515220642,1953,1154469502,3,3
500000,1920,7500000,960000000,23520,0.6604166626930237,128,499999,1.9875905513763428,1920,17,3,500000,1000,,500000.0,0.668749988079071,0.5971378087997437,0.6604166626930237,0.6114391088485718,1953,1154469502,3,3
