pf_calls,num_answers,model_updates,num_grad_comps,answers_bytes,last_score,batch_size,k,elapsed_time,train_data,n,d,max_epochs,verbose,ident,_epochs,score_train,loss_train,score_test,loss_test,_elapsed_time,seed,run_id,dim
1,1920,15,1920,23520,0.512499988079071,128,0,0.02518010139465332,1920,17,2,500000,1000,,1.0,0.5166666507720947,0.6931472420692444,0.5416666865348816,0.6931472420692444,0,515066062,5,2
1001,1920,15015,1921920,23520,0.5416666865348816,128,1000,0.028924226760864258,1920,17,2,500000,1000,,1001.0,0.6499999761581421,0.636694610118866,0.6312500238418579,0.640029788017273,3,515066062,5,2
2001,1920,30015,3841920,23520,0.6312500238418579,128,2000,0.03285717964172363,1920,17,2,500000,1000,,2001.0,0.6557291746139526,0.6229486465454102,0.6666666865348816,0.6263110041618347,7,515066062,5,2
3001,1920,45015,5761920,23520,0.6666666865348816,128,3000,0.03668618202209473,1920,17,2,500000,1000,,3001.0,0.6546875238418579,0.6191501617431641,0.6499999761581421,0.6264468431472778,12,515066062,5,2
4001,1920,60015,7681920,23520,0.6499999761581421,128,4000,0.041149139404296875,1920,17,2,500000,1000,,4001.0,0.6546875238418579,0.617916464805603,0.6333333253860474,0.6276470422744751,16,515066062,5,2
5001,1920,75015,9601920,23520,0.6333333253860474,128,5000,0.04569530487060547,1920,17,2,500000,1000,,5001.0,0.6583333611488342,0.617397665977478,0.6312500238418579,0.62845778465271,20,515066062,5,2
6001,1920,90015,11521920,23520,0.6312500238418579,128,6000,0.049532413482666016,1920,17,2,500000,1000,,6001.0,0.6583333611488342,0.6171371340751648,0.625,0.6287011504173279,24,515066062,5,2
7001,1920,105015,13441920,23520,0.625,128,7000,0.0537412166595459,1920,17,2,500000,1000,,7001.0,0.6572916507720947,0.6169999837875366,0.6291666626930237,0.6294055581092834,28,515066062,5,2
8001,1920,120015,15361920,23520,0.6291666626930237,128,8000,0.058274269104003906,1920,17,2,500000,1000,,8001.0,0.6583333611488342,0.6169150471687317,0.6291666626930237,0.62992262840271,32,515066062,5,2
9001,1920,135015,17281920,23520,0.6291666626930237,128,9000,0.062035322189331055,1920,17,2,500000,1000,,9001.0,0.6578124761581421,0.6168705224990845,0.6312500238418579,0.629976212978363,36,515066062,5,2
10001,1920,150015,19201920,23520,0.6312500238418579,128,10000,0.06582331657409668,1920,17,2,500000,1000,,10001.0,0.6572916507720947,0.6168392896652222,0.6291666626930237,0.6297152042388916,40,515066062,5,2
11001,1920,165015,21121920,23520,0.6291666626930237,128,11000,0.06958460807800293,1920,17,2,500000,1000,,11001.0,0.6598958373069763,0.6168161630630493,0.6312500238418579,0.6299896240234375,44,515066062,5,2
12001,1920,180015,23041920,23520,0.6312500238418579,128,12000,0.07336950302124023,1920,17,2,500000,1000,,12001.0,0.6583333611488342,0.6168116927146912,0.6312500238418579,0.6302549242973328,47,515066062,5,2
13001,1920,195015,24961920,23520,0.6312500238418579,128,13000,0.07715272903442383,1920,17,2,500000,1000,,13001.0,0.6578124761581421,0.6168009042739868,0.6312500238418579,0.63014155626297,51,515066062,5,2
14001,1920,210015,26881920,23520,0.6312500238418579,128,14000,0.08093881607055664,1920,17,2,500000,1000,,14001.0,0.6572916507720947,0.6168016791343689,0.6312500238418579,0.6304306387901306,55,515066062,5,2
15001,1920,225015,28801920,23520,0.6312500238418579,128,15000,0.08489990234375,1920,17,2,500000,1000,,15001.0,0.659375011920929,0.6167969107627869,0.6312500238418579,0.6305602788925171,59,515066062,5,2
16001,1920,240015,30721920,23520,0.6312500238418579,128,16000,0.08923983573913574,1920,17,2,500000,1000,,16001.0,0.6588541865348816,0.6167914271354675,0.6312500238418579,0.6304829120635986,63,515066062,5,2
17001,1920,255015,32641920,23520,0.6312500238418579,128,17000,0.09315752983093262,1920,17,2,500000,1000,,17001.0,0.6583333611488342,0.6167994141578674,0.6312500238418579,0.6303022503852844,67,515066062,5,2
18001,1920,270015,34561920,23520,0.6312500238418579,128,18000,0.09691739082336426,1920,17,2,500000,1000,,18001.0,0.6578124761581421,0.6167994141578674,0.6312500238418579,0.6304076313972473,71,515066062,5,2
19001,1920,285015,36481920,23520,0.6312500238418579,128,19000,0.10077261924743652,1920,17,2,500000,1000,,19001.0,0.6578124761581421,0.6167909502983093,0.6312500238418579,0.6304036974906921,75,515066062,5,2
20001,1920,300015,38401920,23520,0.6312500238418579,128,20000,0.10478854179382324,1920,17,2,500000,1000,,20001.0,0.6578124761581421,0.6167938709259033,0.6312500238418579,0.6308072209358215,79,515066062,5,2
21001,1920,315015,40321920,23520,0.6312500238418579,128,21000,0.10875558853149414,1920,17,2,500000,1000,,21001.0,0.6572916507720947,0.6167930364608765,0.6333333253860474,0.6309298872947693,83,515066062,5,2
22001,1920,330015,42241920,23520,0.6333333253860474,128,22000,0.112548828125,1920,17,2,500000,1000,,22001.0,0.6572916507720947,0.616797149181366,0.6333333253860474,0.6304407119750977,87,515066062,5,2
23001,1920,345015,44161920,23520,0.6333333253860474,128,23000,0.11679363250732422,1920,17,2,500000,1000,,23001.0,0.6578124761581421,0.6167967319488525,0.6312500238418579,0.6302328109741211,91,515066062,5,2
24001,1920,360015,46081920,23520,0.6312500238418579,128,24000,0.12093853950500488,1920,17,2,500000,1000,,24001.0,0.6588541865348816,0.6167994141578674,0.6291666626930237,0.6302785873413086,95,515066062,5,2
25001,1920,375015,48001920,23520,0.6291666626930237,128,25000,0.1258983612060547,1920,17,2,500000,1000,,25001.0,0.6572916507720947,0.6167905926704407,0.6333333253860474,0.6308945417404175,99,515066062,5,2
26001,1920,390015,49921920,23520,0.6333333253860474,128,26000,0.12967824935913086,1920,17,2,500000,1000,,26001.0,0.6578124761581421,0.6167939901351929,0.6312500238418579,0.6308803558349609,103,515066062,5,2
27001,1920,405015,51841920,23520,0.6312500238418579,128,27000,0.13341736793518066,1920,17,2,500000,1000,,27001.0,0.6583333611488342,0.6167979836463928,0.6291666626930237,0.63068687915802,107,515066062,5,2
28001,1920,420015,53761920,23520,0.6291666626930237,128,28000,0.13721847534179688,1920,17,2,500000,1000,,28001.0,0.6572916507720947,0.6167953014373779,0.6333333253860474,0.6312090754508972,111,515066062,5,2
29001,1920,435015,55681920,23520,0.6333333253860474,128,29000,0.14096832275390625,1920,17,2,500000,1000,,29001.0,0.6572916507720947,0.6167954802513123,0.6312500238418579,0.6307647824287415,115,515066062,5,2
30001,1920,450015,57601920,23520,0.6312500238418579,128,30000,0.1447305679321289,1920,17,2,500000,1000,,30001.0,0.659375011920929,0.6167961359024048,0.6291666626930237,0.6309393048286438,119,515066062,5,2
31001,1920,465015,59521920,23520,0.6291666626930237,128,31000,0.14847350120544434,1920,17,2,500000,1000,,31001.0,0.660937488079071,0.6167984008789062,0.6312500238418579,0.6310374736785889,122,515066062,5,2
32001,1920,480015,61441920,23520,0.6312500238418579,128,32000,0.1522388458251953,1920,17,2,500000,1000,,32001.0,0.659375011920929,0.6167991757392883,0.6312500238418579,0.6307108998298645,126,515066062,5,2
33001,1920,495015,63361920,23520,0.6312500238418579,128,33000,0.15607309341430664,1920,17,2,500000,1000,,33001.0,0.6578124761581421,0.6167926788330078,0.6312500238418579,0.630584180355072,130,515066062,5,2
34001,1920,510015,65281920,23520,0.6312500238418579,128,34000,0.1598341464996338,1920,17,2,500000,1000,,34001.0,0.6578124761581421,0.6167954802513123,0.6312500238418579,0.63066565990448,134,515066062,5,2
35001,1920,525015,67201920,23520,0.6312500238418579,128,35000,0.16359496116638184,1920,17,2,500000,1000,,35001.0,0.6578124761581421,0.6167929768562317,0.6312500238418579,0.6309778094291687,138,515066062,5,2
36001,1920,540015,69121920,23520,0.6312500238418579,128,36000,0.16760015487670898,1920,17,2,500000,1000,,36001.0,0.6583333611488342,0.6167967319488525,0.6312500238418579,0.630782425403595,142,515066062,5,2
37001,1920,555015,71041920,23520,0.6312500238418579,128,37000,0.1714949607849121,1920,17,2,500000,1000,,37001.0,0.6598958373069763,0.6167951822280884,0.6312500238418579,0.6303996443748474,146,515066062,5,2
38001,1920,570015,72961920,23520,0.6312500238418579,128,38000,0.17523503303527832,1920,17,2,500000,1000,,38001.0,0.6578124761581421,0.6167948246002197,0.6333333253860474,0.6308521628379822,150,515066062,5,2
39001,1920,585015,74881920,23520,0.6333333253860474,128,39000,0.1790180206298828,1920,17,2,500000,1000,,39001.0,0.6572916507720947,0.6167914867401123,0.6333333253860474,0.6309226751327515,154,515066062,5,2
40001,1920,600015,76801920,23520,0.6333333253860474,128,40000,0.18282294273376465,1920,17,2,500000,1000,,40001.0,0.6567708253860474,0.6167952418327332,0.6333333253860474,0.6306189298629761,158,515066062,5,2
41001,1920,615015,78721920,23520,0.6333333253860474,128,41000,0.1869049072265625,1920,17,2,500000,1000,,41001.0,0.659375011920929,0.6167942881584167,0.6312500238418579,0.6307974457740784,162,515066062,5,2
42001,1920,630015,80641920,23520,0.6312500238418579,128,42000,0.19074487686157227,1920,17,2,500000,1000,,42001.0,0.6567708253860474,0.6167978644371033,0.6333333253860474,0.6307525038719177,166,515066062,5,2
43001,1920,645015,82561920,23520,0.6333333253860474,128,43000,0.1946866512298584,1920,17,2,500000,1000,,43001.0,0.6578124761581421,0.6167933344841003,0.6291666626930237,0.630720853805542,170,515066062,5,2
44001,1920,660015,84481920,23520,0.6291666626930237,128,44000,0.19842863082885742,1920,17,2,500000,1000,,44001.0,0.659375011920929,0.6167934536933899,0.6312500238418579,0.6305444240570068,174,515066062,5,2
45001,1920,675015,86401920,23520,0.6312500238418579,128,45000,0.2023305892944336,1920,17,2,500000,1000,,45001.0,0.6572916507720947,0.6167959570884705,0.6333333253860474,0.6306686997413635,177,515066062,5,2
46001,1920,690015,88321920,23520,0.6333333253860474,128,46000,0.20613336563110352,1920,17,2,500000,1000,,46001.0,0.6578124761581421,0.6167958378791809,0.6291666626930237,0.6305444240570068,181,515066062,5,2
47001,1920,705015,90241920,23520,0.6291666626930237,128,47000,0.20985651016235352,1920,17,2,500000,1000,,47001.0,0.6583333611488342,0.6168020963668823,0.6291666626930237,0.6305797696113586,185,515066062,5,2
48001,1920,720015,92161920,23520,0.6291666626930237,128,48000,0.2138354778289795,1920,17,2,500000,1000,,48001.0,0.6588541865348816,0.6167973875999451,0.6312500238418579,0.630870521068573,189,515066062,5,2
49001,1920,735015,94081920,23520,0.6312500238418579,128,49000,0.21768760681152344,1920,17,2,500000,1000,,49001.0,0.6567708253860474,0.6168067455291748,0.6291666626930237,0.6307057738304138,193,515066062,5,2
50001,1920,750015,96001920,23520,0.6291666626930237,128,50000,0.22178053855895996,1920,17,2,500000,1000,,50001.0,0.6588541865348816,0.616799533367157,0.6312500238418579,0.6304599046707153,198,515066062,5,2
51001,1920,765015,97921920,23520,0.6312500238418579,128,51000,0.22574663162231445,1920,17,2,500000,1000,,51001.0,0.6572916507720947,0.6167929172515869,0.6312500238418579,0.6302874684333801,201,515066062,5,2
52001,1920,780015,99841920,23520,0.6312500238418579,128,52000,0.2296285629272461,1920,17,2,500000,1000,,52001.0,0.6583333611488342,0.6167976260185242,0.6312500238418579,0.6301451921463013,205,515066062,5,2
53001,1920,795015,101761920,23520,0.6312500238418579,128,53000,0.23346352577209473,1920,17,2,500000,1000,,53001.0,0.6583333611488342,0.6167945861816406,0.6312500238418579,0.6305882930755615,209,515066062,5,2
54001,1920,810015,103681920,23520,0.6312500238418579,128,54000,0.23751378059387207,1920,17,2,500000,1000,,54001.0,0.6567708253860474,0.6167937517166138,0.6312500238418579,0.6304592490196228,213,515066062,5,2
55001,1920,825015,105601920,23520,0.6312500238418579,128,55000,0.24123692512512207,1920,17,2,500000,1000,,55001.0,0.6583333611488342,0.6167975664138794,0.6312500238418579,0.631004273891449,217,515066062,5,2
56001,1920,840015,107521920,23520,0.6312500238418579,128,56000,0.24562311172485352,1920,17,2,500000,1000,,56001.0,0.6578124761581421,0.6167939305305481,0.6312500238418579,0.6309530735015869,221,515066062,5,2
57001,1920,855015,109441920,23520,0.6312500238418579,128,57000,0.24938702583312988,1920,17,2,500000,1000,,57001.0,0.6567708253860474,0.616793692111969,0.6333333253860474,0.6306068301200867,225,515066062,5,2
58001,1920,870015,111361920,23520,0.6333333253860474,128,58000,0.25353193283081055,1920,17,2,500000,1000,,58001.0,0.6572916507720947,0.6167923808097839,0.6333333253860474,0.6307516098022461,229,515066062,5,2
59001,1920,885015,113281920,23520,0.6333333253860474,128,59000,0.25762486457824707,1920,17,2,500000,1000,,59001.0,0.65625,0.6167920231819153,0.6312500238418579,0.6304973363876343,233,515066062,5,2
60001,1920,900015,115201920,23520,0.6312500238418579,128,60000,0.26139163970947266,1920,17,2,500000,1000,,60001.0,0.6572916507720947,0.6167976260185242,0.6333333253860474,0.6305695176124573,237,515066062,5,2
61001,1920,915015,117121920,23520,0.6333333253860474,128,61000,0.265338659286499,1920,17,2,500000,1000,,61001.0,0.6567708253860474,0.6167953610420227,0.6333333253860474,0.6306321024894714,241,515066062,5,2
62001,1920,930015,119041920,23520,0.6333333253860474,128,62000,0.26907849311828613,1920,17,2,500000,1000,,62001.0,0.6588541865348816,0.6167938113212585,0.6291666626930237,0.6307457685470581,244,515066062,5,2
63001,1920,945015,120961920,23520,0.6291666626930237,128,63000,0.2729175090789795,1920,17,2,500000,1000,,63001.0,0.65625,0.6167967319488525,0.6333333253860474,0.6305598616600037,248,515066062,5,2
64001,1920,960015,122881920,23520,0.6333333253860474,128,64000,0.27669739723205566,1920,17,2,500000,1000,,64001.0,0.6578124761581421,0.6167935729026794,0.6312500238418579,0.6308039426803589,252,515066062,5,2
65001,1920,975015,124801920,23520,0.6312500238418579,128,65000,0.28070735931396484,1920,17,2,500000,1000,,65001.0,0.6567708253860474,0.6167981028556824,0.6312500238418579,0.6310339570045471,256,515066062,5,2
66001,1920,990015,126721920,23520,0.6312500238418579,128,66000,0.28470945358276367,1920,17,2,500000,1000,,66001.0,0.6588541865348816,0.616795003414154,0.6312500238418579,0.6306260228157043,260,515066062,5,2
67001,1920,1005015,128641920,23520,0.6312500238418579,128,67000,0.2884654998779297,1920,17,2,500000,1000,,67001.0,0.659375011920929,0.6167933344841003,0.6312500238418579,0.6307087540626526,264,515066062,5,2
68001,1920,1020015,130561920,23520,0.6312500238418579,128,68000,0.2923552989959717,1920,17,2,500000,1000,,68001.0,0.6583333611488342,0.6167944669723511,0.6312500238418579,0.6311205625534058,268,515066062,5,2
69001,1920,1035015,132481920,23520,0.6312500238418579,128,69000,0.29673337936401367,1920,17,2,500000,1000,,69001.0,0.6588541865348816,0.6167930364608765,0.6312500238418579,0.6307348608970642,272,515066062,5,2
70001,1920,1050015,134401920,23520,0.6312500238418579,128,70000,0.30049729347229004,1920,17,2,500000,1000,,70001.0,0.6588541865348816,0.61679607629776,0.6312500238418579,0.6310341954231262,276,515066062,5,2
71001,1920,1065015,136321920,23520,0.6312500238418579,128,71000,0.30423641204833984,1920,17,2,500000,1000,,71001.0,0.659375011920929,0.6167978644371033,0.6312500238418579,0.6309221386909485,280,515066062,5,2
72001,1920,1080015,138241920,23520,0.6312500238418579,128,72000,0.30832362174987793,1920,17,2,500000,1000,,72001.0,0.6583333611488342,0.6167947053909302,0.6312500238418579,0.6311228275299072,284,515066062,5,2
73001,1920,1095015,140161920,23520,0.6312500238418579,128,73000,0.31298184394836426,1920,17,2,500000,1000,,73001.0,0.6572916507720947,0.6167919635772705,0.6291666626930237,0.6308228969573975,288,515066062,5,2
74001,1920,1110015,142081920,23520,0.6291666626930237,128,74000,0.31673312187194824,1920,17,2,500000,1000,,74001.0,0.6598958373069763,0.6167959570884705,0.6291666626930237,0.6306333541870117,292,515066062,5,2
75001,1920,1125015,144001920,23520,0.6291666626930237,128,75000,0.32045507431030273,1920,17,2,500000,1000,,75001.0,0.65625,0.6167939305305481,0.6312500238418579,0.6306480169296265,295,515066062,5,2
76001,1920,1140015,145921920,23520,0.6312500238418579,128,76000,0.3242049217224121,1920,17,2,500000,1000,,76001.0,0.6578124761581421,0.6167959570884705,0.6333333253860474,0.6307756304740906,299,515066062,5,2
77001,1920,1155015,147841920,23520,0.6333333253860474,128,77000,0.32797789573669434,1920,17,2,500000,1000,,77001.0,0.6578124761581421,0.616794228553772,0.6333333253860474,0.630436897277832,303,515066062,5,2
78001,1920,1170015,149761920,23520,0.6333333253860474,128,78000,0.332385778427124,1920,17,2,500000,1000,,78001.0,0.6572916507720947,0.6167985200881958,0.6312500238418579,0.6309838891029358,307,515066062,5,2
79001,1920,1185015,151681920,23520,0.6312500238418579,128,79000,0.3366396427154541,1920,17,2,500000,1000,,79001.0,0.65625,0.6167925000190735,0.6333333253860474,0.6310709714889526,311,515066062,5,2
80001,1920,1200015,153601920,23520,0.6333333253860474,128,80000,0.3407425880432129,1920,17,2,500000,1000,,80001.0,0.6567708253860474,0.6167946457862854,0.6312500238418579,0.6308563947677612,316,515066062,5,2
81001,1920,1215015,155521920,23520,0.6312500238418579,128,81000,0.3448314666748047,1920,17,2,500000,1000,,81001.0,0.6572916507720947,0.616801917552948,0.6312500238418579,0.6308721303939819,320,515066062,5,2
82001,1920,1230015,157441920,23520,0.6312500238418579,128,82000,0.34889745712280273,1920,17,2,500000,1000,,82001.0,0.659375011920929,0.6167947053909302,0.6333333253860474,0.6307719945907593,324,515066062,5,2
83001,1920,1245015,159361920,23520,0.6333333253860474,128,83000,0.35334134101867676,1920,17,2,500000,1000,,83001.0,0.6588541865348816,0.6167969107627869,0.6333333253860474,0.6311846375465393,329,515066062,5,2
84001,1920,1260015,161281920,23520,0.6333333253860474,128,84000,0.3572506904602051,1920,17,2,500000,1000,,84001.0,0.659375011920929,0.6167983412742615,0.6312500238418579,0.6309999227523804,333,515066062,5,2
85001,1920,1275015,163201920,23520,0.6312500238418579,128,85000,0.3612067699432373,1920,17,2,500000,1000,,85001.0,0.6578124761581421,0.6167936325073242,0.6312500238418579,0.6305676102638245,337,515066062,5,2
86001,1920,1290015,165121920,23520,0.6312500238418579,128,86000,0.36547374725341797,1920,17,2,500000,1000,,86001.0,0.659375011920929,0.6167962551116943,0.6291666626930237,0.6308298707008362,342,515066062,5,2
87001,1920,1305015,167041920,23520,0.6291666626930237,128,87000,0.36929869651794434,1920,17,2,500000,1000,,87001.0,0.6578124761581421,0.616797149181366,0.6291666626930237,0.631036639213562,346,515066062,5,2
88001,1920,1320015,168961920,23520,0.6291666626930237,128,88000,0.37309980392456055,1920,17,2,500000,1000,,88001.0,0.659375011920929,0.6167991757392883,0.6312500238418579,0.6306765675544739,350,515066062,5,2
89001,1920,1335015,170881920,23520,0.6312500238418579,128,89000,0.3779177665710449,1920,17,2,500000,1000,,89001.0,0.6588541865348816,0.6167972683906555,0.6312500238418579,0.6306368112564087,354,515066062,5,2
90001,1920,1350015,172801920,23520,0.6312500238418579,128,90000,0.38168954849243164,1920,17,2,500000,1000,,90001.0,0.6583333611488342,0.6167930364608765,0.6312500238418579,0.6311392188072205,358,515066062,5,2
91001,1920,1365015,174721920,23520,0.6312500238418579,128,91000,0.3859236240386963,1920,17,2,500000,1000,,91001.0,0.6578124761581421,0.6167976260185242,0.6312500238418579,0.6306408047676086,362,515066062,5,2
92001,1920,1380015,176641920,23520,0.6312500238418579,128,92000,0.39020466804504395,1920,17,2,500000,1000,,92001.0,0.6567708253860474,0.6167914271354675,0.6312500238418579,0.630629301071167,366,515066062,5,2
93001,1920,1395015,178561920,23520,0.6312500238418579,128,93000,0.39396166801452637,1920,17,2,500000,1000,,93001.0,0.6567708253860474,0.6167938709259033,0.6312500238418579,0.6305392384529114,370,515066062,5,2
94001,1920,1410015,180481920,23520,0.6312500238418579,128,94000,0.39779162406921387,1920,17,2,500000,1000,,94001.0,0.65625,0.6167943477630615,0.6312500238418579,0.6302947998046875,374,515066062,5,2
95001,1920,1425015,182401920,23520,0.6312500238418579,128,95000,0.40166163444519043,1920,17,2,500000,1000,,95001.0,0.6572916507720947,0.6167926788330078,0.6333333253860474,0.6306505799293518,378,515066062,5,2
96001,1920,1440015,184321920,23520,0.6333333253860474,128,96000,0.40565061569213867,1920,17,2,500000,1000,,96001.0,0.6572916507720947,0.6167963147163391,0.6312500238418579,0.6304972767829895,383,515066062,5,2
97001,1920,1455015,186241920,23520,0.6312500238418579,128,97000,0.4095604419708252,1920,17,2,500000,1000,,97001.0,0.6557291746139526,0.616792619228363,0.6333333253860474,0.6307723522186279,387,515066062,5,2
98001,1920,1470015,188161920,23520,0.6333333253860474,128,98000,0.4138202667236328,1920,17,2,500000,1000,,98001.0,0.6598958373069763,0.6167948246002197,0.6291666626930237,0.630610466003418,391,515066062,5,2
99001,1920,1485015,190081920,23520,0.6291666626930237,128,99000,0.42003512382507324,1920,17,2,500000,1000,,99001.0,0.6572916507720947,0.6167988181114197,0.6333333253860474,0.6303987503051758,395,515066062,5,2
100001,1920,1500015,192001920,23520,0.6333333253860474,128,100000,0.4242994785308838,1920,17,2,500000,1000,,100001.0,0.6588541865348816,0.6167962551116943,0.6291666626930237,0.6306297183036804,399,515066062,5,2
101001,1920,1515015,193921920,23520,0.6291666626930237,128,101000,0.42807865142822266,1920,17,2,500000,1000,,101001.0,0.6567708253860474,0.6167944669723511,0.6333333253860474,0.6306071877479553,403,515066062,5,2
102001,1920,1530015,195841920,23520,0.6333333253860474,128,102000,0.4319026470184326,1920,17,2,500000,1000,,102001.0,0.6567708253860474,0.6167924404144287,0.6333333253860474,0.6305754780769348,407,515066062,5,2
103001,1920,1545015,197761920,23520,0.6333333253860474,128,103000,0.4357945919036865,1920,17,2,500000,1000,,103001.0,0.6578124761581421,0.6167967319488525,0.6312500238418579,0.6304641366004944,411,515066062,5,2
104001,1920,1560015,199681920,23520,0.6312500238418579,128,104000,0.4396703243255615,1920,17,2,500000,1000,,104001.0,0.6578124761581421,0.616798460483551,0.6312500238418579,0.6305902600288391,415,515066062,5,2
105001,1920,1575015,201601920,23520,0.6312500238418579,128,105000,0.4434022903442383,1920,17,2,500000,1000,,105001.0,0.6578124761581421,0.6167987585067749,0.6312500238418579,0.6306493282318115,419,515066062,5,2
106001,1920,1590015,203521920,23520,0.6312500238418579,128,106000,0.44951415061950684,1920,17,2,500000,1000,,106001.0,0.6583333611488342,0.6167920827865601,0.6312500238418579,0.6305389404296875,423,515066062,5,2
107001,1920,1605015,205441920,23520,0.6312500238418579,128,107000,0.4532780647277832,1920,17,2,500000,1000,,107001.0,0.6572916507720947,0.6167911887168884,0.6312500238418579,0.6308504343032837,427,515066062,5,2
108001,1920,1620015,207361920,23520,0.6312500238418579,128,108000,0.4570930004119873,1920,17,2,500000,1000,,108001.0,0.6567708253860474,0.6167957186698914,0.6291666626930237,0.6304282546043396,431,515066062,5,2
109001,1920,1635015,209281920,23520,0.6291666626930237,128,109000,0.4611947536468506,1920,17,2,500000,1000,,109001.0,0.6588541865348816,0.6167949438095093,0.6312500238418579,0.6309306025505066,435,515066062,5,2
110001,1920,1650015,211201920,23520,0.6312500238418579,128,110000,0.4649827480316162,1920,17,2,500000,1000,,110001.0,0.6572916507720947,0.6167951226234436,0.6333333253860474,0.6310751438140869,439,515066062,5,2
111001,1920,1665015,213121920,23520,0.6333333253860474,128,111000,0.4687356948852539,1920,17,2,500000,1000,,111001.0,0.65625,0.6167932748794556,0.6333333253860474,0.631158173084259,443,515066062,5,2
112001,1920,1680015,215041920,23520,0.6333333253860474,128,112000,0.472475528717041,1920,17,2,500000,1000,,112001.0,0.6578124761581421,0.6167951822280884,0.6312500238418579,0.6308047771453857,446,515066062,5,2
113001,1920,1695015,216961920,23520,0.6312500238418579,128,113000,0.4762547016143799,1920,17,2,500000,1000,,113001.0,0.6588541865348816,0.616795539855957,0.6312500238418579,0.6304274797439575,450,515066062,5,2
114001,1920,1710015,218881920,23520,0.6312500238418579,128,114000,0.4800586700439453,1920,17,2,500000,1000,,114001.0,0.6583333611488342,0.6167974472045898,0.6312500238418579,0.6306761503219604,454,515066062,5,2
115001,1920,1725015,220801920,23520,0.6312500238418579,128,115000,0.48381686210632324,1920,17,2,500000,1000,,115001.0,0.6578124761581421,0.6167980432510376,0.6312500238418579,0.6311990022659302,458,515066062,5,2
116001,1920,1740015,222721920,23520,0.6312500238418579,128,116000,0.4875469207763672,1920,17,2,500000,1000,,116001.0,0.6578124761581421,0.6167958974838257,0.6312500238418579,0.6311032772064209,462,515066062,5,2
117001,1920,1755015,224641920,23520,0.6312500238418579,128,117000,0.49131011962890625,1920,17,2,500000,1000,,117001.0,0.6598958373069763,0.6167964339256287,0.6312500238418579,0.631001353263855,466,515066062,5,2
118001,1920,1770015,226561920,23520,0.6312500238418579,128,118000,0.49567222595214844,1920,17,2,500000,1000,,118001.0,0.6578124761581421,0.6167963743209839,0.6312500238418579,0.6310020089149475,470,515066062,5,2
119001,1920,1785015,228481920,23520,0.6312500238418579,128,119000,0.4994640350341797,1920,17,2,500000,1000,,119001.0,0.6572916507720947,0.6167919039726257,0.6333333253860474,0.6310123205184937,474,515066062,5,2
120001,1920,1800015,230401920,23520,0.6333333253860474,128,120000,0.5031909942626953,1920,17,2,500000,1000,,120001.0,0.6578124761581421,0.6167940497398376,0.6312500238418579,0.6306857466697693,478,515066062,5,2
121001,1920,1815015,232321920,23520,0.6312500238418579,128,121000,0.507209062576294,1920,17,2,500000,1000,,121001.0,0.65625,0.6167936325073242,0.6333333253860474,0.6309855580329895,482,515066062,5,2
122001,1920,1830015,234241920,23520,0.6333333253860474,128,122000,0.511160135269165,1920,17,2,500000,1000,,122001.0,0.6583333611488342,0.6167961359024048,0.6312500238418579,0.6309025287628174,486,515066062,5,2
123001,1920,1845015,236161920,23520,0.6312500238418579,128,123000,0.5149011611938477,1920,17,2,500000,1000,,123001.0,0.659375011920929,0.6167999505996704,0.6312500238418579,0.6306072473526001,490,515066062,5,2
124001,1920,1860015,238081920,23520,0.6312500238418579,128,124000,0.5189793109893799,1920,17,2,500000,1000,,124001.0,0.6588541865348816,0.6167965531349182,0.6312500238418579,0.6310756802558899,493,515066062,5,2
125001,1920,1875015,240001920,23520,0.6312500238418579,128,125000,0.5227203369140625,1920,17,2,500000,1000,,125001.0,0.6583333611488342,0.6167967915534973,0.6333333253860474,0.6310639977455139,497,515066062,5,2
126001,1920,1890015,241921920,23520,0.6333333253860474,128,126000,0.5264732837677002,1920,17,2,500000,1000,,126001.0,0.65625,0.6167956590652466,0.6312500238418579,0.6308048963546753,501,515066062,5,2
127001,1920,1905015,243841920,23520,0.6312500238418579,128,127000,0.5304710865020752,1920,17,2,500000,1000,,127001.0,0.6583333611488342,0.6167973875999451,0.6312500238418579,0.6308701634407043,505,515066062,5,2
128001,1920,1920015,245761920,23520,0.6312500238418579,128,128000,0.5342411994934082,1920,17,2,500000,1000,,128001.0,0.6572916507720947,0.6167975068092346,0.6312500238418579,0.6310040354728699,509,515066062,5,2
129001,1920,1935015,247681920,23520,0.6312500238418579,128,129000,0.5380780696868896,1920,17,2,500000,1000,,129001.0,0.65625,0.6167977452278137,0.6333333253860474,0.6309896111488342,513,515066062,5,2
130001,1920,1950015,249601920,23520,0.6333333253860474,128,130000,0.5419020652770996,1920,17,2,500000,1000,,130001.0,0.65625,0.616793692111969,0.6333333253860474,0.6311201453208923,517,515066062,5,2
131001,1920,1965015,251521920,23520,0.6333333253860474,128,131000,0.5456430912017822,1920,17,2,500000,1000,,131001.0,0.6567708253860474,0.616795003414154,0.6312500238418579,0.6307603716850281,520,515066062,5,2
132001,1920,1980015,253441920,23520,0.6312500238418579,128,132000,0.5493803024291992,1920,17,2,500000,1000,,132001.0,0.659375011920929,0.616797149181366,0.6312500238418579,0.6313419342041016,524,515066062,5,2
133001,1920,1995015,255361920,23520,0.6312500238418579,128,133000,0.5532381534576416,1920,17,2,500000,1000,,133001.0,0.659375011920929,0.6167968511581421,0.6312500238418579,0.6313770413398743,528,515066062,5,2
134001,1920,2010015,257281920,23520,0.6312500238418579,128,134000,0.557060956954956,1920,17,2,500000,1000,,134001.0,0.6578124761581421,0.6167911887168884,0.6312500238418579,0.631089448928833,532,515066062,5,2
135001,1920,2025015,259201920,23520,0.6312500238418579,128,135000,0.5607960224151611,1920,17,2,500000,1000,,135001.0,0.6583333611488342,0.6167943477630615,0.6312500238418579,0.631214439868927,536,515066062,5,2
136001,1920,2040015,261121920,23520,0.6312500238418579,128,136000,0.5646040439605713,1920,17,2,500000,1000,,136001.0,0.6567708253860474,0.6167932748794556,0.6312500238418579,0.6307221055030823,540,515066062,5,2
137001,1920,2055015,263041920,23520,0.6312500238418579,128,137000,0.5683250427246094,1920,17,2,500000,1000,,137001.0,0.6583333611488342,0.6167924404144287,0.6312500238418579,0.6306014657020569,543,515066062,5,2
138001,1920,2070015,264961920,23520,0.6312500238418579,128,138000,0.5720610618591309,1920,17,2,500000,1000,,138001.0,0.6567708253860474,0.6167925596237183,0.6333333253860474,0.6307299137115479,547,515066062,5,2
139001,1920,2085015,266881920,23520,0.6333333253860474,128,139000,0.5757882595062256,1920,17,2,500000,1000,,139001.0,0.6572916507720947,0.6167925596237183,0.6333333253860474,0.6308243870735168,551,515066062,5,2
140001,1920,2100015,268801920,23520,0.6333333253860474,128,140000,0.5795180797576904,1920,17,2,500000,1000,,140001.0,0.6572916507720947,0.616793692111969,0.6333333253860474,0.6302874088287354,555,515066062,5,2
141001,1920,2115015,270721920,23520,0.6333333253860474,128,141000,0.5833382606506348,1920,17,2,500000,1000,,141001.0,0.659375011920929,0.6167917251586914,0.6291666626930237,0.6307337284088135,559,515066062,5,2
142001,1920,2130015,272641920,23520,0.6291666626930237,128,142000,0.5871362686157227,1920,17,2,500000,1000,,142001.0,0.6578124761581421,0.6168006658554077,0.6312500238418579,0.6300567388534546,563,515066062,5,2
143001,1920,2145015,274561920,23520,0.6312500238418579,128,143000,0.5909402370452881,1920,17,2,500000,1000,,143001.0,0.6567708253860474,0.6167984008789062,0.6312500238418579,0.6304081082344055,566,515066062,5,2
144001,1920,2160015,276481920,23520,0.6312500238418579,128,144000,0.5948171615600586,1920,17,2,500000,1000,,144001.0,0.6567708253860474,0.616795003414154,0.6312500238418579,0.6307476758956909,570,515066062,5,2
145001,1920,2175015,278401920,23520,0.6312500238418579,128,145000,0.5986709594726562,1920,17,2,500000,1000,,145001.0,0.6578124761581421,0.6167948246002197,0.6291666626930237,0.6309137344360352,574,515066062,5,2
146001,1920,2190015,280321920,23520,0.6291666626930237,128,146000,0.6024389266967773,1920,17,2,500000,1000,,146001.0,0.6578124761581421,0.6167933344841003,0.6312500238418579,0.6308534145355225,578,515066062,5,2
147001,1920,2205015,282241920,23520,0.6312500238418579,128,147000,0.6062428951263428,1920,17,2,500000,1000,,147001.0,0.6572916507720947,0.6167904734611511,0.6333333253860474,0.6306436061859131,582,515066062,5,2
148001,1920,2220015,284161920,23520,0.6333333253860474,128,148000,0.610048770904541,1920,17,2,500000,1000,,148001.0,0.65625,0.6167964935302734,0.6333333253860474,0.6305587291717529,586,515066062,5,2
149001,1920,2235015,286081920,23520,0.6333333253860474,128,149000,0.6138999462127686,1920,17,2,500000,1000,,149001.0,0.6588541865348816,0.6167935132980347,0.6312500238418579,0.6309976577758789,590,515066062,5,2
150001,1920,2250015,288001920,23520,0.6312500238418579,128,150000,0.6187682151794434,1920,17,2,500000,1000,,150001.0,0.6572916507720947,0.6167938709259033,0.6354166865348816,0.6307880878448486,593,515066062,5,2
151001,1920,2265015,289921920,23520,0.6354166865348816,128,151000,0.6225595474243164,1920,17,2,500000,1000,,151001.0,0.6588541865348816,0.6167952418327332,0.6312500238418579,0.6308687329292297,597,515066062,5,2
152001,1920,2280015,291841920,23520,0.6312500238418579,128,152000,0.6263027191162109,1920,17,2,500000,1000,,152001.0,0.6567708253860474,0.61679607629776,0.6333333253860474,0.6308735609054565,601,515066062,5,2
153001,1920,2295015,293761920,23520,0.6333333253860474,128,153000,0.6300876140594482,1920,17,2,500000,1000,,153001.0,0.6583333611488342,0.616793692111969,0.6312500238418579,0.6306046843528748,605,515066062,5,2
154001,1920,2310015,295681920,23520,0.6312500238418579,128,154000,0.6338627338409424,1920,17,2,500000,1000,,154001.0,0.6588541865348816,0.6167945861816406,0.6312500238418579,0.6307296752929688,609,515066062,5,2
155001,1920,2325015,297601920,23520,0.6312500238418579,128,155000,0.6376206874847412,1920,17,2,500000,1000,,155001.0,0.6588541865348816,0.616795539855957,0.6333333253860474,0.6312857866287231,613,515066062,5,2
156001,1920,2340015,299521920,23520,0.6333333253860474,128,156000,0.641371488571167,1920,17,2,500000,1000,,156001.0,0.6598958373069763,0.6167951822280884,0.6291666626930237,0.6312097311019897,616,515066062,5,2
157001,1920,2355015,301441920,23520,0.6291666626930237,128,157000,0.6453554630279541,1920,17,2,500000,1000,,157001.0,0.6583333611488342,0.6167953014373779,0.6312500238418579,0.6314582824707031,620,515066062,5,2
158001,1920,2370015,303361920,23520,0.6312500238418579,128,158000,0.6491854190826416,1920,17,2,500000,1000,,158001.0,0.6572916507720947,0.6167964935302734,0.6312500238418579,0.6310815215110779,624,515066062,5,2
159001,1920,2385015,305281920,23520,0.6312500238418579,128,159000,0.6536462306976318,1920,17,2,500000,1000,,159001.0,0.6572916507720947,0.6167964935302734,0.6354166865348816,0.6308034062385559,628,515066062,5,2
160001,1920,2400015,307201920,23520,0.6354166865348816,128,160000,0.6576583385467529,1920,17,2,500000,1000,,160001.0,0.6583333611488342,0.6167976260185242,0.6333333253860474,0.630823016166687,632,515066062,5,2
161001,1920,2415015,309121920,23520,0.6333333253860474,128,161000,0.6615071296691895,1920,17,2,500000,1000,,161001.0,0.6552083492279053,0.616798460483551,0.6333333253860474,0.6307029724121094,636,515066062,5,2
162001,1920,2430015,311041920,23520,0.6333333253860474,128,162000,0.6654231548309326,1920,17,2,500000,1000,,162001.0,0.6557291746139526,0.6167975068092346,0.6333333253860474,0.6306424736976624,640,515066062,5,2
163001,1920,2445015,312961920,23520,0.6333333253860474,128,163000,0.6696813106536865,1920,17,2,500000,1000,,163001.0,0.6567708253860474,0.6167995929718018,0.6312500238418579,0.63100266456604,644,515066062,5,2
164001,1920,2460015,314881920,23520,0.6312500238418579,128,164000,0.6734521389007568,1920,17,2,500000,1000,,164001.0,0.6572916507720947,0.6168021559715271,0.6312500238418579,0.6309705376625061,648,515066062,5,2
165001,1920,2475015,316801920,23520,0.6312500238418579,128,165000,0.6776032447814941,1920,17,2,500000,1000,,165001.0,0.6578124761581421,0.6167944669723511,0.6312500238418579,0.630467414855957,652,515066062,5,2
166001,1920,2490015,318721920,23520,0.6312500238418579,128,166000,0.6816191673278809,1920,17,2,500000,1000,,166001.0,0.659375011920929,0.6167982220649719,0.6291666626930237,0.6306346654891968,655,515066062,5,2
167001,1920,2505015,320641920,23520,0.6291666626930237,128,167000,0.6853280067443848,1920,17,2,500000,1000,,167001.0,0.6567708253860474,0.6167926788330078,0.6333333253860474,0.6310555338859558,659,515066062,5,2
168001,1920,2520015,322561920,23520,0.6333333253860474,128,168000,0.6896858215332031,1920,17,2,500000,1000,,168001.0,0.6578124761581421,0.6167938113212585,0.6312500238418579,0.6305448412895203,663,515066062,5,2
169001,1920,2535015,324481920,23520,0.6312500238418579,128,169000,0.6936328411102295,1920,17,2,500000,1000,,169001.0,0.65625,0.6167958378791809,0.6333333253860474,0.6307077407836914,667,515066062,5,2
170001,1920,2550015,326401920,23520,0.6333333253860474,128,170000,0.6973998546600342,1920,17,2,500000,1000,,170001.0,0.6572916507720947,0.6167973279953003,0.6312500238418579,0.6303649544715881,671,515066062,5,2
171001,1920,2565015,328321920,23520,0.6312500238418579,128,171000,0.701138973236084,1920,17,2,500000,1000,,171001.0,0.6578124761581421,0.6167967319488525,0.6291666626930237,0.6304925680160522,675,515066062,5,2
172001,1920,2580015,330241920,23520,0.6291666626930237,128,172000,0.7048749923706055,1920,17,2,500000,1000,,172001.0,0.6567708253860474,0.6167967319488525,0.6312500238418579,0.6310920715332031,679,515066062,5,2
173001,1920,2595015,332161920,23520,0.6312500238418579,128,173000,0.708991289138794,1920,17,2,500000,1000,,173001.0,0.6583333611488342,0.616797149181366,0.6312500238418579,0.6309958696365356,683,515066062,5,2
174001,1920,2610015,334081920,23520,0.6312500238418579,128,174000,0.7130162715911865,1920,17,2,500000,1000,,174001.0,0.6578124761581421,0.616796612739563,0.6312500238418579,0.6309303641319275,687,515066062,5,2
175001,1920,2625015,336001920,23520,0.6312500238418579,128,175000,0.7172040939331055,1920,17,2,500000,1000,,175001.0,0.6578124761581421,0.6167920827865601,0.6333333253860474,0.6309343576431274,691,515066062,5,2
176001,1920,2640015,337921920,23520,0.6333333253860474,128,176000,0.7214431762695312,1920,17,2,500000,1000,,176001.0,0.6578124761581421,0.6167910099029541,0.6312500238418579,0.6309203505516052,695,515066062,5,2
177001,1920,2655015,339841920,23520,0.6312500238418579,128,177000,0.7252259254455566,1920,17,2,500000,1000,,177001.0,0.659375011920929,0.6167985796928406,0.6312500238418579,0.6313343048095703,699,515066062,5,2
178001,1920,2670015,341761920,23520,0.6312500238418579,128,178000,0.7290089130401611,1920,17,2,500000,1000,,178001.0,0.6588541865348816,0.6168004870414734,0.6312500238418579,0.6311375498771667,703,515066062,5,2
179001,1920,2685015,343681920,23520,0.6312500238418579,128,179000,0.7327427864074707,1920,17,2,500000,1000,,179001.0,0.6598958373069763,0.6167948842048645,0.6312500238418579,0.6310193538665771,707,515066062,5,2
180001,1920,2700015,345601920,23520,0.6312500238418579,128,180000,0.736635684967041,1920,17,2,500000,1000,,180001.0,0.6572916507720947,0.6167953610420227,0.6312500238418579,0.6306155323982239,711,515066062,5,2
181001,1920,2715015,347521920,23520,0.6312500238418579,128,181000,0.7404189109802246,1920,17,2,500000,1000,,181001.0,0.6588541865348816,0.6167935729026794,0.6291666626930237,0.6311636567115784,715,515066062,5,2
182001,1920,2730015,349441920,23520,0.6291666626930237,128,182000,0.7446482181549072,1920,17,2,500000,1000,,182001.0,0.6588541865348816,0.6167963147163391,0.6312500238418579,0.6305224299430847,720,515066062,5,2
183001,1920,2745015,351361920,23520,0.6312500238418579,128,183000,0.748462438583374,1920,17,2,500000,1000,,183001.0,0.6572916507720947,0.6167954802513123,0.6333333253860474,0.6305685639381409,724,515066062,5,2
184001,1920,2760015,353281920,23520,0.6333333253860474,128,184000,0.7522563934326172,1920,17,2,500000,1000,,184001.0,0.6583333611488342,0.6167922616004944,0.6312500238418579,0.6305129528045654,728,515066062,5,2
185001,1920,2775015,355201920,23520,0.6312500238418579,128,185000,0.7560455799102783,1920,17,2,500000,1000,,185001.0,0.6557291746139526,0.6167965531349182,0.6333333253860474,0.6305335164070129,731,515066062,5,2
186001,1920,2790015,357121920,23520,0.6333333253860474,128,186000,0.7599174976348877,1920,17,2,500000,1000,,186001.0,0.6552083492279053,0.616797149181366,0.6333333253860474,0.6309484839439392,735,515066062,5,2
187001,1920,2805015,359041920,23520,0.6333333253860474,128,187000,0.7640964984893799,1920,17,2,500000,1000,,187001.0,0.6578124761581421,0.6167966723442078,0.6312500238418579,0.6307257413864136,740,515066062,5,2
188001,1920,2820015,360961920,23520,0.6312500238418579,128,188000,0.7679018974304199,1920,17,2,500000,1000,,188001.0,0.6588541865348816,0.6167938113212585,0.6291666626930237,0.630721390247345,744,515066062,5,2
189001,1920,2835015,362881920,23520,0.6291666626930237,128,189000,0.7716937065124512,1920,17,2,500000,1000,,189001.0,0.6572916507720947,0.6167945861816406,0.6333333253860474,0.6306465864181519,748,515066062,5,2
190001,1920,2850015,364801920,23520,0.6333333253860474,128,190000,0.7756705284118652,1920,17,2,500000,1000,,190001.0,0.6588541865348816,0.6167974472045898,0.6291666626930237,0.6306149959564209,751,515066062,5,2
191001,1920,2865015,366721920,23520,0.6291666626930237,128,191000,0.7793996334075928,1920,17,2,500000,1000,,191001.0,0.6588541865348816,0.6167961359024048,0.6312500238418579,0.6309999823570251,755,515066062,5,2
192001,1920,2880015,368641920,23520,0.6312500238418579,128,192000,0.783179521560669,1920,17,2,500000,1000,,192001.0,0.6572916507720947,0.6167934536933899,0.6333333253860474,0.6312714219093323,759,515066062,5,2
193001,1920,2895015,370561920,23520,0.6333333253860474,128,193000,0.7873873710632324,1920,17,2,500000,1000,,193001.0,0.6578124761581421,0.6167970895767212,0.6312500238418579,0.6309853792190552,763,515066062,5,2
194001,1920,2910015,372481920,23520,0.6312500238418579,128,194000,0.7915060520172119,1920,17,2,500000,1000,,194001.0,0.6567708253860474,0.6167962551116943,0.6312500238418579,0.6304520964622498,768,515066062,5,2
195001,1920,2925015,374401920,23520,0.6312500238418579,128,195000,0.7954270839691162,1920,17,2,500000,1000,,195001.0,0.6567708253860474,0.6167984008789062,0.6312500238418579,0.6303339600563049,772,515066062,5,2
196001,1920,2940015,376321920,23520,0.6312500238418579,128,196000,0.7995870113372803,1920,17,2,500000,1000,,196001.0,0.659375011920929,0.6167985200881958,0.6312500238418579,0.6311023235321045,776,515066062,5,2
197001,1920,2955015,378241920,23520,0.6312500238418579,128,197000,0.803325891494751,1920,17,2,500000,1000,,197001.0,0.6583333611488342,0.6168020963668823,0.6312500238418579,0.6309941411018372,780,515066062,5,2
198001,1920,2970015,380161920,23520,0.6312500238418579,128,198000,0.8070898056030273,1920,17,2,500000,1000,,198001.0,0.6578124761581421,0.6167927980422974,0.6312500238418579,0.6309201121330261,784,515066062,5,2
199001,1920,2985015,382081920,23520,0.6312500238418579,128,199000,0.8108727931976318,1920,17,2,500000,1000,,199001.0,0.6583333611488342,0.6167951226234436,0.6291666626930237,0.6304737329483032,788,515066062,5,2
200001,1920,3000015,384001920,23520,0.6291666626930237,128,200000,0.8147237300872803,1920,17,2,500000,1000,,200001.0,0.659375011920929,0.6167985200881958,0.6312500238418579,0.6304424405097961,792,515066062,5,2
201001,1920,3015015,385921920,23520,0.6312500238418579,128,201000,0.8188247680664062,1920,17,2,500000,1000,,201001.0,0.6572916507720947,0.6167947053909302,0.6312500238418579,0.63079833984375,795,515066062,5,2
202001,1920,3030015,387841920,23520,0.6312500238418579,128,202000,0.8230109214782715,1920,17,2,500000,1000,,202001.0,0.6572916507720947,0.6168012619018555,0.6333333253860474,0.6307300925254822,799,515066062,5,2
203001,1920,3045015,389761920,23520,0.6333333253860474,128,203000,0.8270208835601807,1920,17,2,500000,1000,,203001.0,0.6572916507720947,0.6167970895767212,0.6333333253860474,0.630937397480011,803,515066062,5,2
204001,1920,3060015,391681920,23520,0.6333333253860474,128,204000,0.8308639526367188,1920,17,2,500000,1000,,204001.0,0.6578124761581421,0.6167933344841003,0.6312500238418579,0.630825400352478,807,515066062,5,2
205001,1920,3075015,393601920,23520,0.6312500238418579,128,205000,0.8351759910583496,1920,17,2,500000,1000,,205001.0,0.6604166626930237,0.6167940497398376,0.6291666626930237,0.6308894753456116,811,515066062,5,2
206001,1920,3090015,395521920,23520,0.6291666626930237,128,206000,0.8391950130462646,1920,17,2,500000,1000,,206001.0,0.6583333611488342,0.6167947053909302,0.6312500238418579,0.6310041546821594,815,515066062,5,2
207001,1920,3105015,397441920,23520,0.6312500238418579,128,207000,0.842933177947998,1920,17,2,500000,1000,,207001.0,0.659375011920929,0.6167979836463928,0.6291666626930237,0.6307086944580078,819,515066062,5,2
208001,1920,3120015,399361920,23520,0.6291666626930237,128,208000,0.8466932773590088,1920,17,2,500000,1000,,208001.0,0.6598958373069763,0.6167938709259033,0.6312500238418579,0.6309364438056946,823,515066062,5,2
209001,1920,3135015,401281920,23520,0.6312500238418579,128,209000,0.8504581451416016,1920,17,2,500000,1000,,209001.0,0.6588541865348816,0.6167951226234436,0.6291666626930237,0.630459189414978,827,515066062,5,2
210001,1920,3150015,403201920,23520,0.6291666626930237,128,210000,0.8547170162200928,1920,17,2,500000,1000,,210001.0,0.6578124761581421,0.6167927384376526,0.6312500238418579,0.6307643055915833,831,515066062,5,2
211001,1920,3165015,405121920,23520,0.6312500238418579,128,211000,0.858515739440918,1920,17,2,500000,1000,,211001.0,0.6567708253860474,0.6167973279953003,0.6333333253860474,0.6308325529098511,835,515066062,5,2
212001,1920,3180015,407041920,23520,0.6333333253860474,128,212000,0.8623278141021729,1920,17,2,500000,1000,,212001.0,0.6583333611488342,0.616794228553772,0.6291666626930237,0.6308444738388062,839,515066062,5,2
213001,1920,3195015,408961920,23520,0.6291666626930237,128,213000,0.8663597106933594,1920,17,2,500000,1000,,213001.0,0.6598958373069763,0.6167992949485779,0.6291666626930237,0.6310523152351379,843,515066062,5,2
214001,1920,3210015,410881920,23520,0.6291666626930237,128,214000,0.8701446056365967,1920,17,2,500000,1000,,214001.0,0.659375011920929,0.6167930960655212,0.6312500238418579,0.631026029586792,847,515066062,5,2
215001,1920,3225015,412801920,23520,0.6312500238418579,128,215000,0.8741428852081299,1920,17,2,500000,1000,,215001.0,0.6588541865348816,0.6167963743209839,0.6312500238418579,0.6309337615966797,851,515066062,5,2
216001,1920,3240015,414721920,23520,0.6312500238418579,128,216000,0.8783507347106934,1920,17,2,500000,1000,,216001.0,0.6598958373069763,0.6168012619018555,0.6312500238418579,0.6309477090835571,855,515066062,5,2
217001,1920,3255015,416641920,23520,0.6312500238418579,128,217000,0.8820796012878418,1920,17,2,500000,1000,,217001.0,0.6598958373069763,0.6167938709259033,0.6312500238418579,0.6308510303497314,859,515066062,5,2
218001,1920,3270015,418561920,23520,0.6312500238418579,128,218000,0.8858456611633301,1920,17,2,500000,1000,,218001.0,0.6604166626930237,0.6167968511581421,0.6291666626930237,0.631088137626648,863,515066062,5,2
219001,1920,3285015,420481920,23520,0.6291666626930237,128,219000,0.8898909091949463,1920,17,2,500000,1000,,219001.0,0.6578124761581421,0.6168001890182495,0.6312500238418579,0.6303197145462036,866,515066062,5,2
220001,1920,3300015,422401920,23520,0.6312500238418579,128,220000,0.8936779499053955,1920,17,2,500000,1000,,220001.0,0.6578124761581421,0.6167973875999451,0.6333333253860474,0.6307510733604431,870,515066062,5,2
221001,1920,3315015,424321920,23520,0.6333333253860474,128,221000,0.8975958824157715,1920,17,2,500000,1000,,221001.0,0.6583333611488342,0.6167917847633362,0.6312500238418579,0.6306615471839905,874,515066062,5,2
222001,1920,3330015,426241920,23520,0.6312500238418579,128,222000,0.9020440578460693,1920,17,2,500000,1000,,222001.0,0.6572916507720947,0.6167906522750854,0.6291666626930237,0.6307656764984131,878,515066062,5,2
223001,1920,3345015,428161920,23520,0.6291666626930237,128,223000,0.9057879447937012,1920,17,2,500000,1000,,223001.0,0.6588541865348816,0.616790771484375,0.6312500238418579,0.6309702396392822,882,515066062,5,2
224001,1920,3360015,430081920,23520,0.6312500238418579,128,224000,0.9095239639282227,1920,17,2,500000,1000,,224001.0,0.6578124761581421,0.616791307926178,0.6312500238418579,0.6305078864097595,886,515066062,5,2
225001,1920,3375015,432001920,23520,0.6312500238418579,128,225000,0.9132978916168213,1920,17,2,500000,1000,,225001.0,0.6578124761581421,0.6167914271354675,0.6312500238418579,0.6309342980384827,890,515066062,5,2
226001,1920,3390015,433921920,23520,0.6312500238418579,128,226000,0.9172589778900146,1920,17,2,500000,1000,,226001.0,0.6578124761581421,0.6167932152748108,0.6312500238418579,0.6307367086410522,894,515066062,5,2
227001,1920,3405015,435841920,23520,0.6312500238418579,128,227000,0.9210910797119141,1920,17,2,500000,1000,,227001.0,0.6567708253860474,0.6167961955070496,0.6312500238418579,0.6305202841758728,898,515066062,5,2
228001,1920,3420015,437761920,23520,0.6312500238418579,128,228000,0.9250741004943848,1920,17,2,500000,1000,,228001.0,0.6572916507720947,0.6167961359024048,0.6312500238418579,0.6306737661361694,902,515066062,5,2
229001,1920,3435015,439681920,23520,0.6312500238418579,128,229000,0.9291551113128662,1920,17,2,500000,1000,,229001.0,0.6583333611488342,0.6167935729026794,0.6312500238418579,0.6305334568023682,906,515066062,5,2
230001,1920,3450015,441601920,23520,0.6312500238418579,128,230000,0.9329490661621094,1920,17,2,500000,1000,,230001.0,0.6557291746139526,0.6167921423912048,0.6333333253860474,0.6305001378059387,910,515066062,5,2
231001,1920,3465015,443521920,23520,0.6333333253860474,128,231000,0.9366960525512695,1920,17,2,500000,1000,,231001.0,0.6578124761581421,0.6167940497398376,0.6312500238418579,0.630717396736145,915,515066062,5,2
232001,1920,3480015,445441920,23520,0.6312500238418579,128,232000,0.9410293102264404,1920,17,2,500000,1000,,232001.0,0.6572916507720947,0.6167963743209839,0.6312500238418579,0.6304155588150024,918,515066062,5,2
233001,1920,3495015,447361920,23520,0.6312500238418579,128,233000,0.945014476776123,1920,17,2,500000,1000,,233001.0,0.6588541865348816,0.616794228553772,0.6312500238418579,0.6305752992630005,922,515066062,5,2
234001,1920,3510015,449281920,23520,0.6312500238418579,128,234000,0.9488365650177002,1920,17,2,500000,1000,,234001.0,0.6583333611488342,0.6167925596237183,0.6312500238418579,0.6308701038360596,926,515066062,5,2
235001,1920,3525015,451201920,23520,0.6312500238418579,128,235000,0.9528055191040039,1920,17,2,500000,1000,,235001.0,0.6578124761581421,0.6167935132980347,0.6312500238418579,0.6308123469352722,931,515066062,5,2
236001,1920,3540015,453121920,23520,0.6312500238418579,128,236000,0.956735372543335,1920,17,2,500000,1000,,236001.0,0.6583333611488342,0.6167919635772705,0.6312500238418579,0.6311187148094177,935,515066062,5,2
237001,1920,3555015,455041920,23520,0.6312500238418579,128,237000,0.9615414142608643,1920,17,2,500000,1000,,237001.0,0.6583333611488342,0.6167967915534973,0.6333333253860474,0.6309652924537659,939,515066062,5,2
238001,1920,3570015,456961920,23520,0.6333333253860474,128,238000,0.96553635597229,1920,17,2,500000,1000,,238001.0,0.6604166626930237,0.6167974472045898,0.6312500238418579,0.6309154629707336,943,515066062,5,2
239001,1920,3585015,458881920,23520,0.6312500238418579,128,239000,0.9693875312805176,1920,17,2,500000,1000,,239001.0,0.6588541865348816,0.6167984008789062,0.6312500238418579,0.630470335483551,947,515066062,5,2
240001,1920,3600015,460801920,23520,0.6312500238418579,128,240000,0.9735324382781982,1920,17,2,500000,1000,,240001.0,0.6572916507720947,0.6167953610420227,0.6312500238418579,0.6302116513252258,951,515066062,5,2
241001,1920,3615015,462721920,23520,0.6312500238418579,128,241000,0.9779083728790283,1920,17,2,500000,1000,,241001.0,0.659375011920929,0.6167935132980347,0.6312500238418579,0.6306499242782593,955,515066062,5,2
242001,1920,3630015,464641920,23520,0.6312500238418579,128,242000,0.981682300567627,1920,17,2,500000,1000,,242001.0,0.6572916507720947,0.6167947053909302,0.6354166865348816,0.6304916143417358,959,515066062,5,2
243001,1920,3645015,466561920,23520,0.6354166865348816,128,243000,0.9862062931060791,1920,17,2,500000,1000,,243001.0,0.659375011920929,0.6167987585067749,0.6333333253860474,0.6306684017181396,963,515066062,5,2
244001,1920,3660015,468481920,23520,0.6333333253860474,128,244000,0.9906730651855469,1920,17,2,500000,1000,,244001.0,0.6567708253860474,0.6167894601821899,0.6312500238418579,0.630975067615509,967,515066062,5,2
245001,1920,3675015,470401920,23520,0.6312500238418579,128,245000,0.9951279163360596,1920,17,2,500000,1000,,245001.0,0.6572916507720947,0.6167911291122437,0.6312500238418579,0.6309531331062317,971,515066062,5,2
246001,1920,3690015,472321920,23520,0.6312500238418579,128,246000,0.9991028308868408,1920,17,2,500000,1000,,246001.0,0.65625,0.6167924404144287,0.6333333253860474,0.6306043863296509,975,515066062,5,2
247001,1920,3705015,474241920,23520,0.6333333253860474,128,247000,1.0029399394989014,1920,17,2,500000,1000,,247001.0,0.6567708253860474,0.6167985796928406,0.6312500238418579,0.6305638551712036,979,515066062,5,2
248001,1920,3720015,476161920,23520,0.6312500238418579,128,248000,1.0082321166992188,1920,17,2,500000,1000,,248001.0,0.6578124761581421,0.6167934536933899,0.6312500238418579,0.6307012438774109,983,515066062,5,2
249001,1920,3735015,478081920,23520,0.6312500238418579,128,249000,1.0124099254608154,1920,17,2,500000,1000,,249001.0,0.65625,0.6168058514595032,0.6333333253860474,0.6312187314033508,987,515066062,5,2
250001,1920,3750015,480001920,23520,0.6333333253860474,128,250000,1.0167350769042969,1920,17,2,500000,1000,,250001.0,0.6583333611488342,0.6168010830879211,0.6312500238418579,0.6306658387184143,991,515066062,5,2
251001,1920,3765015,481921920,23520,0.6312500238418579,128,251000,1.0212452411651611,1920,17,2,500000,1000,,251001.0,0.659375011920929,0.6167948246002197,0.6312500238418579,0.6310529708862305,995,515066062,5,2
252001,1920,3780015,483841920,23520,0.6312500238418579,128,252000,1.024989128112793,1920,17,2,500000,1000,,252001.0,0.659375011920929,0.6167978644371033,0.6312500238418579,0.6309834122657776,999,515066062,5,2
253001,1920,3795015,485761920,23520,0.6312500238418579,128,253000,1.028996467590332,1920,17,2,500000,1000,,253001.0,0.65625,0.6167972683906555,0.6333333253860474,0.6308022737503052,1003,515066062,5,2
254001,1920,3810015,487681920,23520,0.6333333253860474,128,254000,1.0328655242919922,1920,17,2,500000,1000,,254001.0,0.6583333611488342,0.6167992353439331,0.6312500238418579,0.6313086748123169,1007,515066062,5,2
255001,1920,3825015,489601920,23520,0.6312500238418579,128,255000,1.0371384620666504,1920,17,2,500000,1000,,255001.0,0.659375011920929,0.616799533367157,0.6312500238418579,0.6309805512428284,1011,515066062,5,2
256001,1920,3840015,491521920,23520,0.6312500238418579,128,256000,1.0408613681793213,1920,17,2,500000,1000,,256001.0,0.6578124761581421,0.6167916655540466,0.6312500238418579,0.6308950781822205,1015,515066062,5,2
257001,1920,3855015,493441920,23520,0.6312500238418579,128,257000,1.0447735786437988,1920,17,2,500000,1000,,257001.0,0.6578124761581421,0.6167920231819153,0.6312500238418579,0.6313022971153259,1019,515066062,5,2
258001,1920,3870015,495361920,23520,0.6312500238418579,128,258000,1.0489153861999512,1920,17,2,500000,1000,,258001.0,0.6572916507720947,0.6167925596237183,0.6333333253860474,0.6308627724647522,1023,515066062,5,2
259001,1920,3885015,497281920,23520,0.6333333253860474,128,259000,1.0526695251464844,1920,17,2,500000,1000,,259001.0,0.6567708253860474,0.6167916059494019,0.6312500238418579,0.6308361291885376,1027,515066062,5,2
260001,1920,3900015,499201920,23520,0.6312500238418579,128,260000,1.0564236640930176,1920,17,2,500000,1000,,260001.0,0.659375011920929,0.6168057918548584,0.6312500238418579,0.6310240626335144,1031,515066062,5,2
261001,1920,3915015,501121920,23520,0.6312500238418579,128,261000,1.0602517127990723,1920,17,2,500000,1000,,261001.0,0.6578124761581421,0.6167913675308228,0.6312500238418579,0.6308799982070923,1035,515066062,5,2
262001,1920,3930015,503041920,23520,0.6312500238418579,128,262000,1.0640769004821777,1920,17,2,500000,1000,,262001.0,0.6588541865348816,0.6167948842048645,0.6312500238418579,0.6308996081352234,1039,515066062,5,2
263001,1920,3945015,504961920,23520,0.6312500238418579,128,263000,1.067976951599121,1920,17,2,500000,1000,,263001.0,0.6578124761581421,0.6167967915534973,0.6312500238418579,0.630749523639679,1043,515066062,5,2
264001,1920,3960015,506881920,23520,0.6312500238418579,128,264000,1.0717639923095703,1920,17,2,500000,1000,,264001.0,0.6583333611488342,0.6167947053909302,0.6312500238418579,0.6311551928520203,1047,515066062,5,2
265001,1920,3975015,508801920,23520,0.6312500238418579,128,265000,1.0755720138549805,1920,17,2,500000,1000,,265001.0,0.6578124761581421,0.6167917251586914,0.6312500238418579,0.6307020783424377,1051,515066062,5,2
266001,1920,3990015,510721920,23520,0.6312500238418579,128,266000,1.0793662071228027,1920,17,2,500000,1000,,266001.0,0.6578124761581421,0.6167938113212585,0.6312500238418579,0.6306880116462708,1055,515066062,5,2
267001,1920,4005015,512641920,23520,0.6312500238418579,128,267000,1.0831410884857178,1920,17,2,500000,1000,,267001.0,0.65625,0.6167922616004944,0.6333333253860474,0.63075852394104,1059,515066062,5,2
268001,1920,4020015,514561920,23520,0.6333333253860474,128,268000,1.0873258113861084,1920,17,2,500000,1000,,268001.0,0.6578124761581421,0.6167920827865601,0.6333333253860474,0.6311172246932983,1063,515066062,5,2
269001,1920,4035015,516481920,23520,0.6333333253860474,128,269000,1.0910320281982422,1920,17,2,500000,1000,,269001.0,0.65625,0.6167965531349182,0.6333333253860474,0.6304301023483276,1067,515066062,5,2
270001,1920,4050015,518401920,23520,0.6333333253860474,128,270000,1.0949389934539795,1920,17,2,500000,1000,,270001.0,0.6583333611488342,0.6167954802513123,0.6312500238418579,0.6305176019668579,1071,515066062,5,2
271001,1920,4065015,520321920,23520,0.6312500238418579,128,271000,1.0988898277282715,1920,17,2,500000,1000,,271001.0,0.6578124761581421,0.6167948842048645,0.6312500238418579,0.6311625242233276,1075,515066062,5,2
272001,1920,4080015,522241920,23520,0.6312500238418579,128,272000,1.1030638217926025,1920,17,2,500000,1000,,272001.0,0.6567708253860474,0.6167927980422974,0.6333333253860474,0.6308615207672119,1079,515066062,5,2
273001,1920,4095015,524161920,23520,0.6333333253860474,128,273000,1.1068425178527832,1920,17,2,500000,1000,,273001.0,0.6578124761581421,0.6167988181114197,0.6333333253860474,0.630821943283081,1083,515066062,5,2
274001,1920,4110015,526081920,23520,0.6333333253860474,128,274000,1.110837459564209,1920,17,2,500000,1000,,274001.0,0.6578124761581421,0.616794764995575,0.6333333253860474,0.6304829120635986,1087,515066062,5,2
275001,1920,4125015,528001920,23520,0.6333333253860474,128,275000,1.115133285522461,1920,17,2,500000,1000,,275001.0,0.6578124761581421,0.6167983412742615,0.6333333253860474,0.6310526728630066,1091,515066062,5,2
276001,1920,4140015,529921920,23520,0.6333333253860474,128,276000,1.119206190109253,1920,17,2,500000,1000,,276001.0,0.6572916507720947,0.6167970299720764,0.6312500238418579,0.6309918761253357,1095,515066062,5,2
277001,1920,4155015,531841920,23520,0.6312500238418579,128,277000,1.1234369277954102,1920,17,2,500000,1000,,277001.0,0.6567708253860474,0.6167925596237183,0.6312500238418579,0.630797266960144,1099,515066062,5,2
278001,1920,4170015,533761920,23520,0.6312500238418579,128,278000,1.1272151470184326,1920,17,2,500000,1000,,278001.0,0.6572916507720947,0.6167932152748108,0.6333333253860474,0.6307616829872131,1103,515066062,5,2
279001,1920,4185015,535681920,23520,0.6333333253860474,128,279000,1.131047248840332,1920,17,2,500000,1000,,279001.0,0.65625,0.6167925000190735,0.6333333253860474,0.6307401061058044,1107,515066062,5,2
280001,1920,4200015,537601920,23520,0.6333333253860474,128,280000,1.134831190109253,1920,17,2,500000,1000,,280001.0,0.6567708253860474,0.6167927980422974,0.6312500238418579,0.6308256983757019,1111,515066062,5,2
281001,1920,4215015,539521920,23520,0.6312500238418579,128,281000,1.1387970447540283,1920,17,2,500000,1000,,281001.0,0.6583333611488342,0.6167916655540466,0.6312500238418579,0.6304536461830139,1115,515066062,5,2
282001,1920,4230015,541441920,23520,0.6312500238418579,128,282000,1.1426191329956055,1920,17,2,500000,1000,,282001.0,0.65625,0.616790771484375,0.6333333253860474,0.6306318640708923,1119,515066062,5,2
283001,1920,4245015,543361920,23520,0.6333333253860474,128,283000,1.1467812061309814,1920,17,2,500000,1000,,283001.0,0.6578124761581421,0.6167928576469421,0.6312500238418579,0.6305482387542725,1123,515066062,5,2
284001,1920,4260015,545281920,23520,0.6312500238418579,128,284000,1.1505730152130127,1920,17,2,500000,1000,,284001.0,0.6557291746139526,0.616797685623169,0.6333333253860474,0.6310247778892517,1127,515066062,5,2
285001,1920,4275015,547201920,23520,0.6333333253860474,128,285000,1.154541015625,1920,17,2,500000,1000,,285001.0,0.6567708253860474,0.6167977452278137,0.6312500238418579,0.6302873492240906,1132,515066062,5,2
286001,1920,4290015,549121920,23520,0.6312500238418579,128,286000,1.1585147380828857,1920,17,2,500000,1000,,286001.0,0.659375011920929,0.6168021559715271,0.6291666626930237,0.6305686831474304,1135,515066062,5,2
287001,1920,4305015,551041920,23520,0.6291666626930237,128,287000,1.1622555255889893,1920,17,2,500000,1000,,287001.0,0.6578124761581421,0.6167932748794556,0.6312500238418579,0.6306151151657104,1140,515066062,5,2
288001,1920,4320015,552961920,23520,0.6312500238418579,128,288000,1.166034460067749,1920,17,2,500000,1000,,288001.0,0.6583333611488342,0.6167905926704407,0.6291666626930237,0.6306481957435608,1144,515066062,5,2
289001,1920,4335015,554881920,23520,0.6291666626930237,128,289000,1.169804334640503,1920,17,2,500000,1000,,289001.0,0.6588541865348816,0.6167968511581421,0.6312500238418579,0.6308146119117737,1148,515066062,5,2
290001,1920,4350015,556801920,23520,0.6312500238418579,128,290000,1.1736035346984863,1920,17,2,500000,1000,,290001.0,0.659375011920929,0.6167972087860107,0.6291666626930237,0.630648672580719,1152,515066062,5,2
291001,1920,4365015,558721920,23520,0.6291666626930237,128,291000,1.1778993606567383,1920,17,2,500000,1000,,291001.0,0.6572916507720947,0.6167921423912048,0.6333333253860474,0.6304270029067993,1156,515066062,5,2
292001,1920,4380015,560641920,23520,0.6333333253860474,128,292000,1.182260513305664,1920,17,2,500000,1000,,292001.0,0.6583333611488342,0.6167967319488525,0.6291666626930237,0.6307127475738525,1160,515066062,5,2
293001,1920,4395015,562561920,23520,0.6291666626930237,128,293000,1.1860249042510986,1920,17,2,500000,1000,,293001.0,0.6583333611488342,0.6167977452278137,0.6312500238418579,0.6309976577758789,1164,515066062,5,2
294001,1920,4410015,564481920,23520,0.6312500238418579,128,294000,1.1898276805877686,1920,17,2,500000,1000,,294001.0,0.6588541865348816,0.6167958378791809,0.6291666626930237,0.6304847598075867,1168,515066062,5,2
295001,1920,4425015,566401920,23520,0.6291666626930237,128,295000,1.1935758590698242,1920,17,2,500000,1000,,295001.0,0.659375011920929,0.6167958378791809,0.6312500238418579,0.6313212513923645,1171,515066062,5,2
296001,1920,4440015,568321920,23520,0.6312500238418579,128,296000,1.1974616050720215,1920,17,2,500000,1000,,296001.0,0.6583333611488342,0.6167923212051392,0.6312500238418579,0.6307840943336487,1176,515066062,5,2
297001,1920,4455015,570241920,23520,0.6312500238418579,128,297000,1.201197624206543,1920,17,2,500000,1000,,297001.0,0.6583333611488342,0.616794228553772,0.6312500238418579,0.6308765411376953,1179,515066062,5,2
298001,1920,4470015,572161920,23520,0.6312500238418579,128,298000,1.20530366897583,1920,17,2,500000,1000,,298001.0,0.6567708253860474,0.616793692111969,0.6312500238418579,0.6304847002029419,1183,515066062,5,2
299001,1920,4485015,574081920,23520,0.6312500238418579,128,299000,1.2091176509857178,1920,17,2,500000,1000,,299001.0,0.6583333611488342,0.6167978048324585,0.6312500238418579,0.6303085088729858,1187,515066062,5,2
300001,1920,4500015,576001920,23520,0.6312500238418579,128,300000,1.2135136127471924,1920,17,2,500000,1000,,300001.0,0.6572916507720947,0.6167957186698914,0.6333333253860474,0.6306451559066772,1191,515066062,5,2
301001,1920,4515015,577921920,23520,0.6333333253860474,128,301000,1.2173895835876465,1920,17,2,500000,1000,,301001.0,0.6588541865348816,0.6167932152748108,0.6312500238418579,0.630946934223175,1195,515066062,5,2
302001,1920,4530015,579841920,23520,0.6312500238418579,128,302000,1.2211556434631348,1920,17,2,500000,1000,,302001.0,0.6572916507720947,0.6167954802513123,0.6312500238418579,0.6309369206428528,1199,515066062,5,2
303001,1920,4545015,581761920,23520,0.6312500238418579,128,303000,1.225224494934082,1920,17,2,500000,1000,,303001.0,0.6567708253860474,0.6167995929718018,0.6333333253860474,0.6306847929954529,1203,515066062,5,2
304001,1920,4560015,583681920,23520,0.6333333253860474,128,304000,1.229163408279419,1920,17,2,500000,1000,,304001.0,0.6567708253860474,0.6167967319488525,0.6312500238418579,0.6307591795921326,1207,515066062,5,2
305001,1920,4575015,585601920,23520,0.6312500238418579,128,305000,1.23323655128479,1920,17,2,500000,1000,,305001.0,0.6557291746139526,0.6167938113212585,0.6312500238418579,0.6306072473526001,1211,515066062,5,2
306001,1920,4590015,587521920,23520,0.6312500238418579,128,306000,1.2372186183929443,1920,17,2,500000,1000,,306001.0,0.6578124761581421,0.6167966723442078,0.6312500238418579,0.6306047439575195,1215,515066062,5,2
307001,1920,4605015,589441920,23520,0.6312500238418579,128,307000,1.2410435676574707,1920,17,2,500000,1000,,307001.0,0.6588541865348816,0.6167949438095093,0.6312500238418579,0.6306836605072021,1219,515066062,5,2
308001,1920,4620015,591361920,23520,0.6312500238418579,128,308000,1.2448616027832031,1920,17,2,500000,1000,,308001.0,0.6567708253860474,0.6167948246002197,0.6333333253860474,0.6310174465179443,1223,515066062,5,2
309001,1920,4635015,593281920,23520,0.6333333253860474,128,309000,1.249072790145874,1920,17,2,500000,1000,,309001.0,0.6578124761581421,0.6167970299720764,0.6333333253860474,0.6309002041816711,1227,515066062,5,2
310001,1920,4650015,595201920,23520,0.6333333253860474,128,310000,1.2530937194824219,1920,17,2,500000,1000,,310001.0,0.6572916507720947,0.6167932748794556,0.6312500238418579,0.6308068633079529,1231,515066062,5,2
311001,1920,4665015,597121920,23520,0.6312500238418579,128,311000,1.2568387985229492,1920,17,2,500000,1000,,311001.0,0.6572916507720947,0.616795003414154,0.6333333253860474,0.6309133172035217,1235,515066062,5,2
312001,1920,4680015,599041920,23520,0.6333333253860474,128,312000,1.2605946063995361,1920,17,2,500000,1000,,312001.0,0.65625,0.6167947053909302,0.6312500238418579,0.6307497620582581,1239,515066062,5,2
313001,1920,4695015,600961920,23520,0.6312500238418579,128,313000,1.2646856307983398,1920,17,2,500000,1000,,313001.0,0.6598958373069763,0.6167947053909302,0.6312500238418579,0.6307308077812195,1242,515066062,5,2
314001,1920,4710015,602881920,23520,0.6312500238418579,128,314000,1.2685718536376953,1920,17,2,500000,1000,,314001.0,0.6567708253860474,0.6167948842048645,0.6333333253860474,0.6310054063796997,1246,515066062,5,2
315001,1920,4725015,604801920,23520,0.6333333253860474,128,315000,1.2729017734527588,1920,17,2,500000,1000,,315001.0,0.6583333611488342,0.6167990565299988,0.6312500238418579,0.6307141184806824,1250,515066062,5,2
316001,1920,4740015,606721920,23520,0.6312500238418579,128,316000,1.2769176959991455,1920,17,2,500000,1000,,316001.0,0.6567708253860474,0.6167961955070496,0.6291666626930237,0.6310977935791016,1254,515066062,5,2
317001,1920,4755015,608641920,23520,0.6291666626930237,128,317000,1.2806806564331055,1920,17,2,500000,1000,,317001.0,0.6572916507720947,0.616795003414154,0.6333333253860474,0.6312382817268372,1258,515066062,5,2
318001,1920,4770015,610561920,23520,0.6333333253860474,128,318000,1.2844974994659424,1920,17,2,500000,1000,,318001.0,0.6572916507720947,0.6167916059494019,0.6333333253860474,0.630521833896637,1262,515066062,5,2
319001,1920,4785015,612481920,23520,0.6333333253860474,128,319000,1.288334608078003,1920,17,2,500000,1000,,319001.0,0.6557291746139526,0.6167962551116943,0.6333333253860474,0.6303262114524841,1266,515066062,5,2
320001,1920,4800015,614401920,23520,0.6333333253860474,128,320000,1.2924275398254395,1920,17,2,500000,1000,,320001.0,0.6567708253860474,0.6167924404144287,0.6333333253860474,0.6303447484970093,1270,515066062,5,2
321001,1920,4815015,616321920,23520,0.6333333253860474,128,321000,1.2968902587890625,1920,17,2,500000,1000,,321001.0,0.65625,0.6167930364608765,0.6333333253860474,0.6304271221160889,1274,515066062,5,2
322001,1920,4830015,618241920,23520,0.6333333253860474,128,322000,1.3007102012634277,1920,17,2,500000,1000,,322001.0,0.65625,0.6167946457862854,0.6333333253860474,0.6305666565895081,1278,515066062,5,2
323001,1920,4845015,620161920,23520,0.6333333253860474,128,323000,1.3051981925964355,1920,17,2,500000,1000,,323001.0,0.65625,0.6167944073677063,0.6333333253860474,0.6307207942008972,1282,515066062,5,2
324001,1920,4860015,622081920,23520,0.6333333253860474,128,324000,1.3089892864227295,1920,17,2,500000,1000,,324001.0,0.6567708253860474,0.6167946457862854,0.6333333253860474,0.6306133270263672,1286,515066062,5,2
325001,1920,4875015,624001920,23520,0.6333333253860474,128,325000,1.3129422664642334,1920,17,2,500000,1000,,325001.0,0.6578124761581421,0.6167919039726257,0.6312500238418579,0.630504310131073,1290,515066062,5,2
326001,1920,4890015,625921920,23520,0.6312500238418579,128,326000,1.3169751167297363,1920,17,2,500000,1000,,326001.0,0.6583333611488342,0.6168073415756226,0.6333333253860474,0.6306713819503784,1294,515066062,5,2
327001,1920,4905015,627841920,23520,0.6333333253860474,128,327000,1.321019172668457,1920,17,2,500000,1000,,327001.0,0.6572916507720947,0.6167997717857361,0.6333333253860474,0.6307713389396667,1298,515066062,5,2
328001,1920,4920015,629761920,23520,0.6333333253860474,128,328000,1.324794054031372,1920,17,2,500000,1000,,328001.0,0.6572916507720947,0.6167984008789062,0.6312500238418579,0.6306400299072266,1302,515066062,5,2
329001,1920,4935015,631681920,23520,0.6312500238418579,128,329000,1.328606128692627,1920,17,2,500000,1000,,329001.0,0.6578124761581421,0.616793692111969,0.6312500238418579,0.6307637691497803,1306,515066062,5,2
330001,1920,4950015,633601920,23520,0.6312500238418579,128,330000,1.3325810432434082,1920,17,2,500000,1000,,330001.0,0.6588541865348816,0.6168028116226196,0.6312500238418579,0.6310223937034607,1310,515066062,5,2
331001,1920,4965015,635521920,23520,0.6312500238418579,128,331000,1.3365352153778076,1920,17,2,500000,1000,,331001.0,0.659375011920929,0.6168041229248047,0.6312500238418579,0.6310303807258606,1314,515066062,5,2
332001,1920,4980015,637441920,23520,0.6312500238418579,128,332000,1.340362310409546,1920,17,2,500000,1000,,332001.0,0.6583333611488342,0.6167928576469421,0.6312500238418579,0.6311718225479126,1318,515066062,5,2
333001,1920,4995015,639361920,23520,0.6312500238418579,128,333000,1.3445935249328613,1920,17,2,500000,1000,,333001.0,0.6578124761581421,0.6167920827865601,0.6333333253860474,0.6312161087989807,1322,515066062,5,2
334001,1920,5010015,641281920,23520,0.6333333253860474,128,334000,1.348604440689087,1920,17,2,500000,1000,,334001.0,0.6578124761581421,0.6168015003204346,0.6333333253860474,0.6310728192329407,1326,515066062,5,2
335001,1920,5025015,643201920,23520,0.6333333253860474,128,335000,1.3526511192321777,1920,17,2,500000,1000,,335001.0,0.6583333611488342,0.6168001890182495,0.6312500238418579,0.6311780214309692,1331,515066062,5,2
336001,1920,5040015,645121920,23520,0.6312500238418579,128,336000,1.3567359447479248,1920,17,2,500000,1000,,336001.0,0.6578124761581421,0.6167935132980347,0.6333333253860474,0.6305775046348572,1335,515066062,5,2
337001,1920,5055015,647041920,23520,0.6333333253860474,128,337000,1.3605709075927734,1920,17,2,500000,1000,,337001.0,0.6567708253860474,0.6167945861816406,0.6312500238418579,0.6307857632637024,1339,515066062,5,2
338001,1920,5070015,648961920,23520,0.6312500238418579,128,338000,1.3645358085632324,1920,17,2,500000,1000,,338001.0,0.6578124761581421,0.6167951226234436,0.6312500238418579,0.6307581663131714,1343,515066062,5,2
339001,1920,5085015,650881920,23520,0.6312500238418579,128,339000,1.368647813796997,1920,17,2,500000,1000,,339001.0,0.6583333611488342,0.6167904734611511,0.6312500238418579,0.6305848360061646,1347,515066062,5,2
340001,1920,5100015,652801920,23520,0.6312500238418579,128,340000,1.372523546218872,1920,17,2,500000,1000,,340001.0,0.6583333611488342,0.616793692111969,0.6333333253860474,0.6309468150138855,1352,515066062,5,2
341001,1920,5115015,654721920,23520,0.6333333253860474,128,341000,1.3763136863708496,1920,17,2,500000,1000,,341001.0,0.6604166626930237,0.6167985796928406,0.6312500238418579,0.6307663321495056,1356,515066062,5,2
342001,1920,5130015,656641920,23520,0.6312500238418579,128,342000,1.380354881286621,1920,17,2,500000,1000,,342001.0,0.6572916507720947,0.6167916655540466,0.6333333253860474,0.6308159232139587,1360,515066062,5,2
343001,1920,5145015,658561920,23520,0.6333333253860474,128,343000,1.401803970336914,1920,17,2,500000,1000,,343001.0,0.6598958373069763,0.616799533367157,0.6312500238418579,0.6309618353843689,1364,515066062,5,2
344001,1920,5160015,660481920,23520,0.6312500238418579,128,344000,1.4057159423828125,1920,17,2,500000,1000,,344001.0,0.6588541865348816,0.6167929768562317,0.6291666626930237,0.6308220624923706,1368,515066062,5,2
345001,1920,5175015,662401920,23520,0.6291666626930237,128,345000,1.4095218181610107,1920,17,2,500000,1000,,345001.0,0.6572916507720947,0.6167925000190735,0.6333333253860474,0.6310140490531921,1372,515066062,5,2
346001,1920,5190015,664321920,23520,0.6333333253860474,128,346000,1.413543939590454,1920,17,2,500000,1000,,346001.0,0.65625,0.6167962551116943,0.6333333253860474,0.6304147243499756,1376,515066062,5,2
347001,1920,5205015,666241920,23520,0.6333333253860474,128,347000,1.4174339771270752,1920,17,2,500000,1000,,347001.0,0.6552083492279053,0.6167925000190735,0.6354166865348816,0.6307557225227356,1380,515066062,5,2
348001,1920,5220015,668161920,23520,0.6354166865348816,128,348000,1.4212079048156738,1920,17,2,500000,1000,,348001.0,0.6567708253860474,0.6167979836463928,0.637499988079071,0.63092041015625,1384,515066062,5,2
349001,1920,5235015,670081920,23520,0.637499988079071,128,349000,1.4251246452331543,1920,17,2,500000,1000,,349001.0,0.6572916507720947,0.6167933344841003,0.6333333253860474,0.6309610605239868,1388,515066062,5,2
350001,1920,5250015,672001920,23520,0.6333333253860474,128,350000,1.428891897201538,1920,17,2,500000,1000,,350001.0,0.6578124761581421,0.6167964935302734,0.6312500238418579,0.6303053498268127,1392,515066062,5,2
351001,1920,5265015,673921920,23520,0.6312500238418579,128,351000,1.4326608180999756,1920,17,2,500000,1000,,351001.0,0.6572916507720947,0.6167957186698914,0.6333333253860474,0.6304909586906433,1396,515066062,5,2
352001,1920,5280015,675841920,23520,0.6333333253860474,128,352000,1.4364309310913086,1920,17,2,500000,1000,,352001.0,0.6588541865348816,0.616795003414154,0.6312500238418579,0.6309979557991028,1400,515066062,5,2
353001,1920,5295015,677761920,23520,0.6312500238418579,128,353000,1.4403009414672852,1920,17,2,500000,1000,,353001.0,0.6572916507720947,0.616795003414154,0.6333333253860474,0.631039023399353,1404,515066062,5,2
354001,1920,5310015,679681920,23520,0.6333333253860474,128,354000,1.444126844406128,1920,17,2,500000,1000,,354001.0,0.6578124761581421,0.6167915463447571,0.6333333253860474,0.6308744549751282,1408,515066062,5,2
355001,1920,5325015,681601920,23520,0.6333333253860474,128,355000,1.448368787765503,1920,17,2,500000,1000,,355001.0,0.659375011920929,0.616798460483551,0.6312500238418579,0.6307498216629028,1412,515066062,5,2
356001,1920,5340015,683521920,23520,0.6312500238418579,128,356000,1.4527359008789062,1920,17,2,500000,1000,,356001.0,0.6583333611488342,0.6167952418327332,0.6333333253860474,0.6307014226913452,1416,515066062,5,2
357001,1920,5355015,685441920,23520,0.6333333253860474,128,357000,1.4564740657806396,1920,17,2,500000,1000,,357001.0,0.6567708253860474,0.6167948246002197,0.6312500238418579,0.630994975566864,1420,515066062,5,2
358001,1920,5370015,687361920,23520,0.6312500238418579,128,358000,1.460343360900879,1920,17,2,500000,1000,,358001.0,0.6557291746139526,0.6167932152748108,0.6333333253860474,0.6306979060173035,1424,515066062,5,2
359001,1920,5385015,689281920,23520,0.6333333253860474,128,359000,1.4641063213348389,1920,17,2,500000,1000,,359001.0,0.6578124761581421,0.6167948246002197,0.6333333253860474,0.6308149099349976,1428,515066062,5,2
360001,1920,5400015,691201920,23520,0.6333333253860474,128,360000,1.4683010578155518,1920,17,2,500000,1000,,360001.0,0.659375011920929,0.6167968511581421,0.6312500238418579,0.6307450532913208,1432,515066062,5,2
361001,1920,5415015,693121920,23520,0.6312500238418579,128,361000,1.472217082977295,1920,17,2,500000,1000,,361001.0,0.6572916507720947,0.6167975068092346,0.6291666626930237,0.6306663751602173,1436,515066062,5,2
362001,1920,5430015,695041920,23520,0.6291666626930237,128,362000,1.476227045059204,1920,17,2,500000,1000,,362001.0,0.65625,0.6167916059494019,0.6312500238418579,0.6307483911514282,1440,515066062,5,2
363001,1920,5445015,696961920,23520,0.6312500238418579,128,363000,1.4803283214569092,1920,17,2,500000,1000,,363001.0,0.659375011920929,0.61679607629776,0.6312500238418579,0.6310470104217529,1444,515066062,5,2
364001,1920,5460015,698881920,23520,0.6312500238418579,128,364000,1.484426498413086,1920,17,2,500000,1000,,364001.0,0.6557291746139526,0.6167956590652466,0.6333333253860474,0.6306319832801819,1448,515066062,5,2
365001,1920,5475015,700801920,23520,0.6333333253860474,128,365000,1.4883832931518555,1920,17,2,500000,1000,,365001.0,0.6572916507720947,0.6167932748794556,0.6291666626930237,0.630433201789856,1452,515066062,5,2
366001,1920,5490015,702721920,23520,0.6291666626930237,128,366000,1.4923934936523438,1920,17,2,500000,1000,,366001.0,0.6572916507720947,0.6167933344841003,0.6333333253860474,0.6305685043334961,1456,515066062,5,2
367001,1920,5505015,704641920,23520,0.6333333253860474,128,367000,1.496687650680542,1920,17,2,500000,1000,,367001.0,0.6572916507720947,0.6167910099029541,0.6333333253860474,0.6307594180107117,1460,515066062,5,2
368001,1920,5520015,706561920,23520,0.6333333253860474,128,368000,1.5007905960083008,1920,17,2,500000,1000,,368001.0,0.6588541865348816,0.6167947053909302,0.6291666626930237,0.6308490037918091,1464,515066062,5,2
369001,1920,5535015,708481920,23520,0.6291666626930237,128,369000,1.5052363872528076,1920,17,2,500000,1000,,369001.0,0.6578124761581421,0.6167916655540466,0.6312500238418579,0.6309012174606323,1467,515066062,5,2
370001,1920,5550015,710401920,23520,0.6312500238418579,128,370000,1.5089983940124512,1920,17,2,500000,1000,,370001.0,0.6588541865348816,0.6167925000190735,0.6312500238418579,0.6309858560562134,1471,515066062,5,2
371001,1920,5565015,712321920,23520,0.6312500238418579,128,371000,1.5129814147949219,1920,17,2,500000,1000,,371001.0,0.6578124761581421,0.6167919635772705,0.6312500238418579,0.630751371383667,1475,515066062,5,2
372001,1920,5580015,714241920,23520,0.6312500238418579,128,372000,1.5167396068572998,1920,17,2,500000,1000,,372001.0,0.6588541865348816,0.6167969107627869,0.6312500238418579,0.6309137940406799,1479,515066062,5,2
373001,1920,5595015,716161920,23520,0.6312500238418579,128,373000,1.5207014083862305,1920,17,2,500000,1000,,373001.0,0.659375011920929,0.6167976260185242,0.6291666626930237,0.6310651302337646,1483,515066062,5,2
374001,1920,5610015,718081920,23520,0.6291666626930237,128,374000,1.5244643688201904,1920,17,2,500000,1000,,374001.0,0.6588541865348816,0.6167982220649719,0.6312500238418579,0.6307363510131836,1487,515066062,5,2
375001,1920,5625015,720001920,23520,0.6312500238418579,128,375000,1.5292375087738037,1920,17,2,500000,1000,,375001.0,0.6572916507720947,0.6167895197868347,0.6312500238418579,0.630891740322113,1491,515066062,5,2
376001,1920,5640015,721921920,23520,0.6312500238418579,128,376000,1.5334246158599854,1920,17,2,500000,1000,,376001.0,0.6578124761581421,0.6167967915534973,0.6312500238418579,0.6306199431419373,1495,515066062,5,2
377001,1920,5655015,723841920,23520,0.6312500238418579,128,377000,1.5371875762939453,1920,17,2,500000,1000,,377001.0,0.6578124761581421,0.6167933940887451,0.6312500238418579,0.6306551694869995,1499,515066062,5,2
378001,1920,5670015,725761920,23520,0.6312500238418579,128,378000,1.541104793548584,1920,17,2,500000,1000,,378001.0,0.6567708253860474,0.6167923212051392,0.6333333253860474,0.6306344866752625,1503,515066062,5,2
379001,1920,5685015,727681920,23520,0.6333333253860474,128,379000,1.544919490814209,1920,17,2,500000,1000,,379001.0,0.6572916507720947,0.6167982816696167,0.6291666626930237,0.6313655972480774,1507,515066062,5,2
380001,1920,5700015,729601920,23520,0.6291666626930237,128,380000,1.5486817359924316,1920,17,2,500000,1000,,380001.0,0.6578124761581421,0.6167975068092346,0.6333333253860474,0.6307860612869263,1511,515066062,5,2
381001,1920,5715015,731521920,23520,0.6333333253860474,128,381000,1.5526607036590576,1920,17,2,500000,1000,,381001.0,0.6567708253860474,0.6167980432510376,0.6312500238418579,0.6307852268218994,1515,515066062,5,2
382001,1920,5730015,733441920,23520,0.6312500238418579,128,382000,1.556457757949829,1920,17,2,500000,1000,,382001.0,0.6578124761581421,0.616794228553772,0.6312500238418579,0.6306505799293518,1519,515066062,5,2
383001,1920,5745015,735361920,23520,0.6312500238418579,128,383000,1.560410737991333,1920,17,2,500000,1000,,383001.0,0.6572916507720947,0.6167961955070496,0.6333333253860474,0.6305986642837524,1523,515066062,5,2
384001,1920,5760015,737281920,23520,0.6333333253860474,128,384000,1.5644447803497314,1920,17,2,500000,1000,,384001.0,0.65625,0.6167991757392883,0.6333333253860474,0.6308922171592712,1527,515066062,5,2
385001,1920,5775015,739201920,23520,0.6333333253860474,128,385000,1.5685086250305176,1920,17,2,500000,1000,,385001.0,0.6567708253860474,0.6167953610420227,0.6312500238418579,0.6304528713226318,1531,515066062,5,2
386001,1920,5790015,741121920,23520,0.6312500238418579,128,386000,1.5727243423461914,1920,17,2,500000,1000,,386001.0,0.6567708253860474,0.6167954206466675,0.6312500238418579,0.630344569683075,1535,515066062,5,2
387001,1920,5805015,743041920,23520,0.6312500238418579,128,387000,1.5770184993743896,1920,17,2,500000,1000,,387001.0,0.6578124761581421,0.616797149181366,0.6291666626930237,0.6307060718536377,1539,515066062,5,2
388001,1920,5820015,744961920,23520,0.6291666626930237,128,388000,1.5810003280639648,1920,17,2,500000,1000,,388001.0,0.6567708253860474,0.6167944669723511,0.6312500238418579,0.6307559609413147,1543,515066062,5,2
389001,1920,5835015,746881920,23520,0.6312500238418579,128,389000,1.5850543975830078,1920,17,2,500000,1000,,389001.0,0.6588541865348816,0.6167944669723511,0.6291666626930237,0.6303802132606506,1547,515066062,5,2
390001,1920,5850015,748801920,23520,0.6291666626930237,128,390000,1.588822603225708,1920,17,2,500000,1000,,390001.0,0.6583333611488342,0.6167944669723511,0.6291666626930237,0.6303964257240295,1551,515066062,5,2
391001,1920,5865015,750721920,23520,0.6291666626930237,128,391000,1.5926587581634521,1920,17,2,500000,1000,,391001.0,0.6572916507720947,0.6168015599250793,0.6312500238418579,0.6304088234901428,1555,515066062,5,2
392001,1920,5880015,752641920,23520,0.6312500238418579,128,392000,1.5964298248291016,1920,17,2,500000,1000,,392001.0,0.6578124761581421,0.616791307926178,0.6312500238418579,0.6305072903633118,1559,515066062,5,2
393001,1920,5895015,754561920,23520,0.6312500238418579,128,393000,1.600311040878296,1920,17,2,500000,1000,,393001.0,0.6588541865348816,0.6167967319488525,0.6312500238418579,0.6307094693183899,1563,515066062,5,2
394001,1920,5910015,756481920,23520,0.6312500238418579,128,394000,1.604452133178711,1920,17,2,500000,1000,,394001.0,0.6572916507720947,0.6167959570884705,0.6312500238418579,0.6307493448257446,1567,515066062,5,2
395001,1920,5925015,758401920,23520,0.6312500238418579,128,395000,1.6089909076690674,1920,17,2,500000,1000,,395001.0,0.6578124761581421,0.6167921423912048,0.6333333253860474,0.6308316588401794,1571,515066062,5,2
396001,1920,5940015,760321920,23520,0.6333333253860474,128,396000,1.6132748126983643,1920,17,2,500000,1000,,396001.0,0.6578124761581421,0.6167940497398376,0.6333333253860474,0.6311457753181458,1575,515066062,5,2
397001,1920,5955015,762241920,23520,0.6333333253860474,128,397000,1.617337942123413,1920,17,2,500000,1000,,397001.0,0.6578124761581421,0.6167932748794556,0.6333333253860474,0.6312509775161743,1579,515066062,5,2
398001,1920,5970015,764161920,23520,0.6333333253860474,128,398000,1.6211698055267334,1920,17,2,500000,1000,,398001.0,0.6583333611488342,0.616795539855957,0.6333333253860474,0.6308211088180542,1583,515066062,5,2
399001,1920,5985015,766081920,23520,0.6333333253860474,128,399000,1.625014066696167,1920,17,2,500000,1000,,399001.0,0.6578124761581421,0.6167987585067749,0.6312500238418579,0.6305580139160156,1587,515066062,5,2
400001,1920,6000015,768001920,23520,0.6312500238418579,128,400000,1.6290581226348877,1920,17,2,500000,1000,,400001.0,0.6578124761581421,0.6167977452278137,0.6312500238418579,0.6309327483177185,1591,515066062,5,2
401001,1920,6015015,769921920,23520,0.6312500238418579,128,401000,1.6328659057617188,1920,17,2,500000,1000,,401001.0,0.6578124761581421,0.6167944669723511,0.6312500238418579,0.6307151317596436,1595,515066062,5,2
402001,1920,6030015,771841920,23520,0.6312500238418579,128,402000,1.637044906616211,1920,17,2,500000,1000,,402001.0,0.6567708253860474,0.6167936325073242,0.6333333253860474,0.6306127309799194,1599,515066062,5,2
403001,1920,6045015,773761920,23520,0.6333333253860474,128,403000,1.6412906646728516,1920,17,2,500000,1000,,403001.0,0.6578124761581421,0.6167946457862854,0.6312500238418579,0.6305784583091736,1603,515066062,5,2
404001,1920,6060015,775681920,23520,0.6312500238418579,128,404000,1.6452457904815674,1920,17,2,500000,1000,,404001.0,0.6578124761581421,0.6167946457862854,0.6312500238418579,0.6306803822517395,1607,515066062,5,2
405001,1920,6075015,777601920,23520,0.6312500238418579,128,405000,1.649425983428955,1920,17,2,500000,1000,,405001.0,0.659375011920929,0.616790235042572,0.6312500238418579,0.6311792135238647,1610,515066062,5,2
406001,1920,6090015,779521920,23520,0.6312500238418579,128,406000,1.65321683883667,1920,17,2,500000,1000,,406001.0,0.6583333611488342,0.6167951822280884,0.6312500238418579,0.6308115124702454,1614,515066062,5,2
407001,1920,6105015,781441920,23520,0.6312500238418579,128,407000,1.6574115753173828,1920,17,2,500000,1000,,407001.0,0.6583333611488342,0.6167978048324585,0.6312500238418579,0.6305428743362427,1618,515066062,5,2
408001,1920,6120015,783361920,23520,0.6312500238418579,128,408000,1.6614935398101807,1920,17,2,500000,1000,,408001.0,0.6572916507720947,0.6167917847633362,0.6312500238418579,0.6306840777397156,1622,515066062,5,2
409001,1920,6135015,785281920,23520,0.6312500238418579,128,409000,1.6652815341949463,1920,17,2,500000,1000,,409001.0,0.6578124761581421,0.6167992949485779,0.6312500238418579,0.6314069032669067,1626,515066062,5,2
410001,1920,6150015,787201920,23520,0.6312500238418579,128,410000,1.6692163944244385,1920,17,2,500000,1000,,410001.0,0.6578124761581421,0.6167929768562317,0.6312500238418579,0.630956768989563,1630,515066062,5,2
411001,1920,6165015,789121920,23520,0.6312500238418579,128,411000,1.6730074882507324,1920,17,2,500000,1000,,411001.0,0.6567708253860474,0.6167968511581421,0.6312500238418579,0.6310664415359497,1634,515066062,5,2
412001,1920,6180015,791041920,23520,0.6312500238418579,128,412000,1.676950454711914,1920,17,2,500000,1000,,412001.0,0.659375011920929,0.6167969107627869,0.6312500238418579,0.6306853890419006,1638,515066062,5,2
413001,1920,6195015,792961920,23520,0.6312500238418579,128,413000,1.6807494163513184,1920,17,2,500000,1000,,413001.0,0.6598958373069763,0.6167955994606018,0.6291666626930237,0.630827784538269,1642,515066062,5,2
414001,1920,6210015,794881920,23520,0.6291666626930237,128,414000,1.6845355033874512,1920,17,2,500000,1000,,414001.0,0.6572916507720947,0.6167987585067749,0.6312500238418579,0.630851686000824,1646,515066062,5,2
415001,1920,6225015,796801920,23520,0.6312500238418579,128,415000,1.688321590423584,1920,17,2,500000,1000,,415001.0,0.6588541865348816,0.6167973279953003,0.6312500238418579,0.6305258274078369,1650,515066062,5,2
416001,1920,6240015,798721920,23520,0.6312500238418579,128,416000,1.6922004222869873,1920,17,2,500000,1000,,416001.0,0.6578124761581421,0.6167970299720764,0.6312500238418579,0.6307972073554993,1654,515066062,5,2
417001,1920,6255015,800641920,23520,0.6312500238418579,128,417000,1.696399450302124,1920,17,2,500000,1000,,417001.0,0.659375011920929,0.6167975068092346,0.6291666626930237,0.6306889653205872,1658,515066062,5,2
418001,1920,6270015,802561920,23520,0.6291666626930237,128,418000,1.7002384662628174,1920,17,2,500000,1000,,418001.0,0.6588541865348816,0.6167974472045898,0.6291666626930237,0.6305816769599915,1662,515066062,5,2
419001,1920,6285015,804481920,23520,0.6291666626930237,128,419000,1.7040214538574219,1920,17,2,500000,1000,,419001.0,0.6588541865348816,0.6167941689491272,0.6312500238418579,0.6312255263328552,1666,515066062,5,2
420001,1920,6300015,806401920,23520,0.6312500238418579,128,420000,1.7078444957733154,1920,17,2,500000,1000,,420001.0,0.6583333611488342,0.6167944669723511,0.6291666626930237,0.6308726072311401,1670,515066062,5,2
421001,1920,6315015,808321920,23520,0.6291666626930237,128,421000,1.712080478668213,1920,17,2,500000,1000,,421001.0,0.6572916507720947,0.6167938709259033,0.6333333253860474,0.6305407881736755,1674,515066062,5,2
422001,1920,6330015,810241920,23520,0.6333333253860474,128,422000,1.7170217037200928,1920,17,2,500000,1000,,422001.0,0.6578124761581421,0.6167957186698914,0.6312500238418579,0.630729079246521,1678,515066062,5,2
423001,1920,6345015,812161920,23520,0.6312500238418579,128,423000,1.7207834720611572,1920,17,2,500000,1000,,423001.0,0.6578124761581421,0.6167937517166138,0.6333333253860474,0.6308301687240601,1682,515066062,5,2
424001,1920,6360015,814081920,23520,0.6333333253860474,128,424000,1.7246055603027344,1920,17,2,500000,1000,,424001.0,0.6578124761581421,0.6167933344841003,0.6312500238418579,0.6308532357215881,1686,515066062,5,2
425001,1920,6375015,816001920,23520,0.6312500238418579,128,425000,1.7283732891082764,1920,17,2,500000,1000,,425001.0,0.6583333611488342,0.6167938113212585,0.6291666626930237,0.6307002902030945,1690,515066062,5,2
426001,1920,6390015,817921920,23520,0.6291666626930237,128,426000,1.732250452041626,1920,17,2,500000,1000,,426001.0,0.6583333611488342,0.6167991161346436,0.6291666626930237,0.6304487586021423,1694,515066062,5,2
427001,1920,6405015,819841920,23520,0.6291666626930237,128,427000,1.7359964847564697,1920,17,2,500000,1000,,427001.0,0.6578124761581421,0.6168010830879211,0.6312500238418579,0.6308774352073669,1698,515066062,5,2
428001,1920,6420015,821761920,23520,0.6312500238418579,128,428000,1.7397396564483643,1920,17,2,500000,1000,,428001.0,0.6598958373069763,0.6167939305305481,0.6312500238418579,0.6312353014945984,1702,515066062,5,2
429001,1920,6435015,823681920,23520,0.6312500238418579,128,429000,1.7434957027435303,1920,17,2,500000,1000,,429001.0,0.6578124761581421,0.6167962551116943,0.6333333253860474,0.6312083005905151,1706,515066062,5,2
430001,1920,6450015,825601920,23520,0.6333333253860474,128,430000,1.74745774269104,1920,17,2,500000,1000,,430001.0,0.6588541865348816,0.6168044805526733,0.6333333253860474,0.6306484341621399,1710,515066062,5,2
431001,1920,6465015,827521920,23520,0.6333333253860474,128,431000,1.7512338161468506,1920,17,2,500000,1000,,431001.0,0.6572916507720947,0.6167919039726257,0.6312500238418579,0.6307708024978638,1714,515066062,5,2
432001,1920,6480015,829441920,23520,0.6312500238418579,128,432000,1.7551918029785156,1920,17,2,500000,1000,,432001.0,0.6572916507720947,0.6167953014373779,0.6312500238418579,0.6306002140045166,1718,515066062,5,2
433001,1920,6495015,831361920,23520,0.6312500238418579,128,433000,1.7590627670288086,1920,17,2,500000,1000,,433001.0,0.6583333611488342,0.6167963743209839,0.6312500238418579,0.630927324295044,1722,515066062,5,2
434001,1920,6510015,833281920,23520,0.6312500238418579,128,434000,1.7630116939544678,1920,17,2,500000,1000,,434001.0,0.6567708253860474,0.616793692111969,0.6312500238418579,0.6308013796806335,1726,515066062,5,2
435001,1920,6525015,835201920,23520,0.6312500238418579,128,435000,1.7668075561523438,1920,17,2,500000,1000,,435001.0,0.6578124761581421,0.6167944073677063,0.6333333253860474,0.6305443048477173,1730,515066062,5,2
436001,1920,6540015,837121920,23520,0.6333333253860474,128,436000,1.770568609237671,1920,17,2,500000,1000,,436001.0,0.6578124761581421,0.6167940497398376,0.6312500238418579,0.6309736967086792,1734,515066062,5,2
437001,1920,6555015,839041920,23520,0.6312500238418579,128,437000,1.7745654582977295,1920,17,2,500000,1000,,437001.0,0.6567708253860474,0.616798996925354,0.6333333253860474,0.6306803226470947,1738,515066062,5,2
438001,1920,6570015,840961920,23520,0.6333333253860474,128,438000,1.7785794734954834,1920,17,2,500000,1000,,438001.0,0.6552083492279053,0.616794764995575,0.6333333253860474,0.630872368812561,1742,515066062,5,2
439001,1920,6585015,842881920,23520,0.6333333253860474,128,439000,1.782799243927002,1920,17,2,500000,1000,,439001.0,0.6567708253860474,0.6167944669723511,0.6333333253860474,0.6309787034988403,1746,515066062,5,2
440001,1920,6600015,844801920,23520,0.6333333253860474,128,440000,1.7870023250579834,1920,17,2,500000,1000,,440001.0,0.6557291746139526,0.6167930364608765,0.6333333253860474,0.6308362483978271,1750,515066062,5,2
441001,1920,6615015,846721920,23520,0.6333333253860474,128,441000,1.7909765243530273,1920,17,2,500000,1000,,441001.0,0.6588541865348816,0.6167981028556824,0.6312500238418579,0.6309239268302917,1754,515066062,5,2
442001,1920,6630015,848641920,23520,0.6312500238418579,128,442000,1.7948334217071533,1920,17,2,500000,1000,,442001.0,0.6572916507720947,0.616794764995575,0.6312500238418579,0.6304839849472046,1758,515066062,5,2
443001,1920,6645015,850561920,23520,0.6312500238418579,128,443000,1.7988383769989014,1920,17,2,500000,1000,,443001.0,0.6578124761581421,0.6167953610420227,0.6333333253860474,0.6310034990310669,1762,515066062,5,2
444001,1920,6660015,852481920,23520,0.6333333253860474,128,444000,1.8032102584838867,1920,17,2,500000,1000,,444001.0,0.6557291746139526,0.6168068647384644,0.6333333253860474,0.6306664943695068,1766,515066062,5,2
445001,1920,6675015,854401920,23520,0.6333333253860474,128,445000,1.8073863983154297,1920,17,2,500000,1000,,445001.0,0.6567708253860474,0.6167944073677063,0.6312500238418579,0.6309149861335754,1770,515066062,5,2
446001,1920,6690015,856321920,23520,0.6312500238418579,128,446000,1.811591386795044,1920,17,2,500000,1000,,446001.0,0.6578124761581421,0.6168004870414734,0.6291666626930237,0.6307202577590942,1774,515066062,5,2
447001,1920,6705015,858241920,23520,0.6291666626930237,128,447000,1.815742015838623,1920,17,2,500000,1000,,447001.0,0.6572916507720947,0.616794228553772,0.6312500238418579,0.6308838725090027,1778,515066062,5,2
448001,1920,6720015,860161920,23520,0.6312500238418579,128,448000,1.8195149898529053,1920,17,2,500000,1000,,448001.0,0.6583333611488342,0.6167954206466675,0.6312500238418579,0.6308985352516174,1782,515066062,5,2
449001,1920,6735015,862081920,23520,0.6312500238418579,128,449000,1.8235349655151367,1920,17,2,500000,1000,,449001.0,0.6578124761581421,0.6167933344841003,0.6354166865348816,0.6308103799819946,1786,515066062,5,2
450001,1920,6750015,864001920,23520,0.6354166865348816,128,450000,1.8273372650146484,1920,17,2,500000,1000,,450001.0,0.6572916507720947,0.616797685623169,0.6354166865348816,0.631393551826477,1790,515066062,5,2
451001,1920,6765015,865921920,23520,0.6354166865348816,128,451000,1.831695556640625,1920,17,2,500000,1000,,451001.0,0.6572916507720947,0.6167983412742615,0.6333333253860474,0.6313104033470154,1794,515066062,5,2
452001,1920,6780015,867841920,23520,0.6333333253860474,128,452000,1.8363397121429443,1920,17,2,500000,1000,,452001.0,0.6583333611488342,0.6167941689491272,0.6354166865348816,0.6310576796531677,1798,515066062,5,2
453001,1920,6795015,869761920,23520,0.6354166865348816,128,453000,1.8401429653167725,1920,17,2,500000,1000,,453001.0,0.6583333611488342,0.61680006980896,0.6312500238418579,0.6311290860176086,1802,515066062,5,2
454001,1920,6810015,871681920,23520,0.6312500238418579,128,454000,1.8447740077972412,1920,17,2,500000,1000,,454001.0,0.6583333611488342,0.6167951226234436,0.6354166865348816,0.6309877634048462,1806,515066062,5,2
455001,1920,6825015,873601920,23520,0.6354166865348816,128,455000,1.8489680290222168,1920,17,2,500000,1000,,455001.0,0.6567708253860474,0.6167964339256287,0.6312500238418579,0.6310105919837952,1810,515066062,5,2
456001,1920,6840015,875521920,23520,0.6312500238418579,128,456000,1.8532397747039795,1920,17,2,500000,1000,,456001.0,0.6583333611488342,0.6167981028556824,0.6291666626930237,0.6306834816932678,1814,515066062,5,2
457001,1920,6855015,877441920,23520,0.6291666626930237,128,457000,1.8578758239746094,1920,17,2,500000,1000,,457001.0,0.6583333611488342,0.6167951822280884,0.6291666626930237,0.630915641784668,1818,515066062,5,2
458001,1920,6870015,879361920,23520,0.6291666626930237,128,458000,1.8623640537261963,1920,17,2,500000,1000,,458001.0,0.6598958373069763,0.6167959570884705,0.6312500238418579,0.6309486627578735,1822,515066062,5,2
459001,1920,6885015,881281920,23520,0.6312500238418579,128,459000,1.866145133972168,1920,17,2,500000,1000,,459001.0,0.6578124761581421,0.6167926788330078,0.6354166865348816,0.6307268738746643,1826,515066062,5,2
460001,1920,6900015,883201920,23520,0.6354166865348816,128,460000,1.8703279495239258,1920,17,2,500000,1000,,460001.0,0.6578124761581421,0.6167948246002197,0.6333333253860474,0.6308765411376953,1830,515066062,5,2
461001,1920,6915015,885121920,23520,0.6333333253860474,128,461000,1.8741497993469238,1920,17,2,500000,1000,,461001.0,0.65625,0.6167949438095093,0.6333333253860474,0.6310699582099915,1834,515066062,5,2
462001,1920,6930015,887041920,23520,0.6333333253860474,128,462000,1.8779566287994385,1920,17,2,500000,1000,,462001.0,0.6567708253860474,0.6167932152748108,0.6333333253860474,0.6311375498771667,1838,515066062,5,2
463001,1920,6945015,888961920,23520,0.6333333253860474,128,463000,1.8824245929718018,1920,17,2,500000,1000,,463001.0,0.6567708253860474,0.6167981624603271,0.6333333253860474,0.6309341788291931,1842,515066062,5,2
464001,1920,6960015,890881920,23520,0.6333333253860474,128,464000,1.886521577835083,1920,17,2,500000,1000,,464001.0,0.6572916507720947,0.6167992353439331,0.6333333253860474,0.6308173537254333,1846,515066062,5,2
465001,1920,6975015,892801920,23520,0.6333333253860474,128,465000,1.890512466430664,1920,17,2,500000,1000,,465001.0,0.6583333611488342,0.6168006658554077,0.6333333253860474,0.6307629942893982,1850,515066062,5,2
466001,1920,6990015,894721920,23520,0.6333333253860474,128,466000,1.8943147659301758,1920,17,2,500000,1000,,466001.0,0.6567708253860474,0.6167947053909302,0.6312500238418579,0.6309993863105774,1854,515066062,5,2
467001,1920,7005015,896641920,23520,0.6312500238418579,128,467000,1.8983330726623535,1920,17,2,500000,1000,,467001.0,0.6588541865348816,0.6168010234832764,0.6312500238418579,0.630752682685852,1858,515066062,5,2
468001,1920,7020015,898561920,23520,0.6312500238418579,128,468000,1.9025511741638184,1920,17,2,500000,1000,,468001.0,0.6598958373069763,0.6167981028556824,0.6312500238418579,0.6311458349227905,1862,515066062,5,2
469001,1920,7035015,900481920,23520,0.6312500238418579,128,469000,1.9062893390655518,1920,17,2,500000,1000,,469001.0,0.6583333611488342,0.6167957186698914,0.6312500238418579,0.6307914853096008,1866,515066062,5,2
470001,1920,7050015,902401920,23520,0.6312500238418579,128,470000,1.910064458847046,1920,17,2,500000,1000,,470001.0,0.6598958373069763,0.6167959570884705,0.6291666626930237,0.6310005187988281,1870,515066062,5,2
471001,1920,7065015,904321920,23520,0.6291666626930237,128,471000,1.9141614437103271,1920,17,2,500000,1000,,471001.0,0.6567708253860474,0.6167955994606018,0.6333333253860474,0.6309561133384705,1874,515066062,5,2
472001,1920,7080015,906241920,23520,0.6333333253860474,128,472000,1.9187533855438232,1920,17,2,500000,1000,,472001.0,0.6583333611488342,0.6167952418327332,0.6312500238418579,0.6308349967002869,1878,515066062,5,2
473001,1920,7095015,908161920,23520,0.6312500238418579,128,473000,1.922595500946045,1920,17,2,500000,1000,,473001.0,0.6578124761581421,0.6167978644371033,0.6312500238418579,0.6305056810379028,1882,515066062,5,2
474001,1920,7110015,910081920,23520,0.6312500238418579,128,474000,1.9267513751983643,1920,17,2,500000,1000,,474001.0,0.6578124761581421,0.6167933344841003,0.6333333253860474,0.6306585073471069,1886,515066062,5,2
475001,1920,7125015,912001920,23520,0.6333333253860474,128,475000,1.930570363998413,1920,17,2,500000,1000,,475001.0,0.6578124761581421,0.6167926788330078,0.6333333253860474,0.6309566497802734,1890,515066062,5,2
476001,1920,7140015,913921920,23520,0.6333333253860474,128,476000,1.9351511001586914,1920,17,2,500000,1000,,476001.0,0.6588541865348816,0.6167915463447571,0.6333333253860474,0.6307663321495056,1894,515066062,5,2
477001,1920,7155015,915841920,23520,0.6333333253860474,128,477000,1.9388930797576904,1920,17,2,500000,1000,,477001.0,0.6578124761581421,0.6167966723442078,0.6312500238418579,0.6309270262718201,1898,515066062,5,2
478001,1920,7170015,917761920,23520,0.6312500238418579,128,478000,1.942671298980713,1920,17,2,500000,1000,,478001.0,0.6572916507720947,0.6167941689491272,0.6312500238418579,0.6306516528129578,1902,515066062,5,2
479001,1920,7185015,919681920,23520,0.6312500238418579,128,479000,1.9470274448394775,1920,17,2,500000,1000,,479001.0,0.6572916507720947,0.6167973279953003,0.6354166865348816,0.6308119297027588,1906,515066062,5,2
480001,1920,7200015,921601920,23520,0.6354166865348816,128,480000,1.9508564472198486,1920,17,2,500000,1000,,480001.0,0.6578124761581421,0.6167989373207092,0.6354166865348816,0.6308157444000244,1910,515066062,5,2
481001,1920,7215015,923521920,23520,0.6354166865348816,128,481000,1.9553284645080566,1920,17,2,500000,1000,,481001.0,0.659375011920929,0.6167943477630615,0.6312500238418579,0.6309455037117004,1914,515066062,5,2
482001,1920,7230015,925441920,23520,0.6312500238418579,128,482000,1.9590914249420166,1920,17,2,500000,1000,,482001.0,0.6578124761581421,0.6167946457862854,0.6354166865348816,0.6309195160865784,1918,515066062,5,2
483001,1920,7245015,927361920,23520,0.6354166865348816,128,483000,1.962949514389038,1920,17,2,500000,1000,,483001.0,0.6567708253860474,0.616792619228363,0.6333333253860474,0.6310080885887146,1922,515066062,5,2
484001,1920,7260015,929281920,23520,0.6333333253860474,128,484000,1.966963529586792,1920,17,2,500000,1000,,484001.0,0.6567708253860474,0.6167925000190735,0.6333333253860474,0.6310247778892517,1926,515066062,5,2
485001,1920,7275015,931201920,23520,0.6333333253860474,128,485000,1.9707775115966797,1920,17,2,500000,1000,,485001.0,0.6578124761581421,0.6167929768562317,0.6354166865348816,0.6310814023017883,1930,515066062,5,2
486001,1920,7290015,933121920,23520,0.6354166865348816,128,486000,1.9746174812316895,1920,17,2,500000,1000,,486001.0,0.6598958373069763,0.616796612739563,0.6333333253860474,0.6310325860977173,1934,515066062,5,2
487001,1920,7305015,935041920,23520,0.6333333253860474,128,487000,1.9784414768218994,1920,17,2,500000,1000,,487001.0,0.6588541865348816,0.6167968511581421,0.6312500238418579,0.6310070753097534,1938,515066062,5,2
488001,1920,7320015,936961920,23520,0.6312500238418579,128,488000,1.9827263355255127,1920,17,2,500000,1000,,488001.0,0.6578124761581421,0.6168017983436584,0.6312500238418579,0.6308298707008362,1942,515066062,5,2
489001,1920,7335015,938881920,23520,0.6312500238418579,128,489000,1.9869234561920166,1920,17,2,500000,1000,,489001.0,0.6578124761581421,0.6167929172515869,0.6312500238418579,0.630367636680603,1946,515066062,5,2
490001,1920,7350015,940801920,23520,0.6312500238418579,128,490000,1.9907844066619873,1920,17,2,500000,1000,,490001.0,0.6572916507720947,0.6167926788330078,0.6312500238418579,0.6307293176651001,1950,515066062,5,2
491001,1920,7365015,942721920,23520,0.6312500238418579,128,491000,1.9959893226623535,1920,17,2,500000,1000,,491001.0,0.6572916507720947,0.6167952418327332,0.6333333253860474,0.6307840943336487,1954,515066062,5,2
492001,1920,7380015,944641920,23520,0.6333333253860474,128,492000,1.999990463256836,1920,17,2,500000,1000,,492001.0,0.6583333611488342,0.616800844669342,0.6312500238418579,0.6307603120803833,1958,515066062,5,2
493001,1920,7395015,946561920,23520,0.6312500238418579,128,493000,2.0038514137268066,1920,17,2,500000,1000,,493001.0,0.6583333611488342,0.6167942881584167,0.6333333253860474,0.630809485912323,1962,515066062,5,2
494001,1920,7410015,948481920,23520,0.6333333253860474,128,494000,2.007841110229492,1920,17,2,500000,1000,,494001.0,0.6598958373069763,0.6167973279953003,0.6312500238418579,0.630906343460083,1966,515066062,5,2
495001,1920,7425015,950401920,23520,0.6312500238418579,128,495000,2.011639356613159,1920,17,2,500000,1000,,495001.0,0.6588541865348816,0.6167983412742615,0.6312500238418579,0.6307284235954285,1970,515066062,5,2
496001,1920,7440015,952321920,23520,0.6312500238418579,128,496000,2.0155584812164307,1920,17,2,500000,1000,,496001.0,0.659375011920929,0.6167944669723511,0.6312500238418579,0.6306563019752502,1974,515066062,5,2
497001,1920,7455015,954241920,23520,0.6312500238418579,128,497000,2.019322633743286,1920,17,2,500000,1000,,497001.0,0.6583333611488342,0.6167921423912048,0.6312500238418579,0.6308643221855164,1978,515066062,5,2
498001,1920,7470015,956161920,23520,0.6312500238418579,128,498000,2.0230793952941895,1920,17,2,500000,1000,,498001.0,0.6598958373069763,0.6167979836463928,0.6312500238418579,0.6308408379554749,1982,515066062,5,2
499001,1920,7485015,958081920,23520,0.6312500238418579,128,499000,2.027113437652588,1920,17,2,500000,1000,,499001.0,0.6583333611488342,0.6167947053909302,0.6333333253860474,0.631123423576355,1985,515066062,5,2
499998,1920,7499970,959996160,23520,0.6333333253860474,128,499997,2.0310516357421875,1920,17,2,500000,1000,,499998.0,0.6572916507720947,0.6167922616004944,0.6333333253860474,0.6309983134269714,1989,515066062,5,2
499999,1920,7499985,959998080,23520,0.6333333253860474,128,499998,2.035379409790039,1920,17,2,500000,1000,,499999.0,0.6567708253860474,0.6167924404144287,0.6333333253860474,0.630992591381073,1989,515066062,5,2
500000,1920,7500000,960000000,23520,0.6333333253860474,128,499999,2.0395874977111816,1920,17,2,500000,1000,,500000.0,0.6567708253860474,0.6167925596237183,0.6333333253860474,0.6309987902641296,1989,515066062,5,2
