pf_calls,num_answers,model_updates,num_grad_comps,answers_bytes,last_score,batch_size,k,elapsed_time,train_data,n,d,max_epochs,verbose,ident,_epochs,score_train,loss_train,score_test,loss_test,_elapsed_time,seed,run_id,dim
1,1920,15,1920,23520,0.5083333253860474,128,0,0.0504000186920166,1920,17,1,500000,1000,,1.0,0.5177083611488342,0.6931472420692444,0.5145833492279053,0.6931472420692444,0,351242861,5,1
1001,1920,15015,1921920,23520,0.5145833492279053,128,1000,0.05403590202331543,1920,17,1,500000,1000,,1001.0,0.621874988079071,0.6558637619018555,0.612500011920929,0.6643990874290466,4,351242861,5,1
2001,1920,30015,3841920,23520,0.612500011920929,128,2000,0.0607757568359375,1920,17,1,500000,1000,,2001.0,0.6286458373069763,0.6513913869857788,0.6020833253860474,0.6586527228355408,9,351242861,5,1
3001,1920,45015,5761920,23520,0.6020833253860474,128,3000,0.0643455982208252,1920,17,1,500000,1000,,3001.0,0.6265624761581421,0.6507418155670166,0.6000000238418579,0.6576272249221802,14,351242861,5,1
4001,1920,60015,7681920,23520,0.6000000238418579,128,4000,0.06981468200683594,1920,17,1,500000,1000,,4001.0,0.6265624761581421,0.6506245732307434,0.6020833253860474,0.6576017141342163,18,351242861,5,1
5001,1920,75015,9601920,23520,0.6020833253860474,128,5000,0.07340574264526367,1920,17,1,500000,1000,,5001.0,0.6265624761581421,0.6506029963493347,0.5979166626930237,0.6575207114219666,22,351242861,5,1
6001,1920,90015,11521920,23520,0.5979166626930237,128,6000,0.07765865325927734,1920,17,1,500000,1000,,6001.0,0.6260416507720947,0.6505972743034363,0.5979166626930237,0.657501220703125,27,351242861,5,1
7001,1920,105015,13441920,23520,0.5979166626930237,128,7000,0.08114862442016602,1920,17,1,500000,1000,,7001.0,0.625,0.6506050825119019,0.5958333611488342,0.6576829552650452,31,351242861,5,1
8001,1920,120015,15361920,23520,0.5958333611488342,128,8000,0.0847315788269043,1920,17,1,500000,1000,,8001.0,0.625,0.650606095790863,0.6020833253860474,0.6573898196220398,35,351242861,5,1
9001,1920,135015,17281920,23520,0.6020833253860474,128,9000,0.08841466903686523,1920,17,1,500000,1000,,9001.0,0.6255208253860474,0.6505987644195557,0.6000000238418579,0.6572313904762268,40,351242861,5,1
10001,1920,150015,19201920,23520,0.6000000238418579,128,10000,0.09223461151123047,1920,17,1,500000,1000,,10001.0,0.6244791746139526,0.650602400302887,0.5979166626930237,0.6575248837471008,45,351242861,5,1
11001,1920,165015,21121920,23520,0.5979166626930237,128,11000,0.09586572647094727,1920,17,1,500000,1000,,11001.0,0.6260416507720947,0.6505998373031616,0.5979166626930237,0.6571236252784729,49,351242861,5,1
12001,1920,180015,23041920,23520,0.5979166626930237,128,12000,0.09938979148864746,1920,17,1,500000,1000,,12001.0,0.6255208253860474,0.6505995392799377,0.5979166626930237,0.6577795743942261,54,351242861,5,1
13001,1920,195015,24961920,23520,0.5979166626930237,128,13000,0.10298562049865723,1920,17,1,500000,1000,,13001.0,0.6255208253860474,0.6506033539772034,0.5979166626930237,0.6578934192657471,58,351242861,5,1
14001,1920,210015,26881920,23520,0.5979166626930237,128,14000,0.10676050186157227,1920,17,1,500000,1000,,14001.0,0.625,0.6506025195121765,0.5958333611488342,0.6576324105262756,62,351242861,5,1
15001,1920,225015,28801920,23520,0.5958333611488342,128,15000,0.1103672981262207,1920,17,1,500000,1000,,15001.0,0.6270833611488342,0.6506054997444153,0.5979166626930237,0.6575230956077576,66,351242861,5,1
16001,1920,240015,30721920,23520,0.5979166626930237,128,16000,0.11392331123352051,1920,17,1,500000,1000,,16001.0,0.6260416507720947,0.650606095790863,0.5958333611488342,0.6575697064399719,70,351242861,5,1
17001,1920,255015,32641920,23520,0.5958333611488342,128,17000,0.11746621131896973,1920,17,1,500000,1000,,17001.0,0.6255208253860474,0.6506112813949585,0.6000000238418579,0.6577869057655334,74,351242861,5,1
18001,1920,270015,34561920,23520,0.6000000238418579,128,18000,0.12104105949401855,1920,17,1,500000,1000,,18001.0,0.625,0.6506109833717346,0.5958333611488342,0.6578620672225952,77,351242861,5,1
19001,1920,285015,36481920,23520,0.5958333611488342,128,19000,0.12461614608764648,1920,17,1,500000,1000,,19001.0,0.6260416507720947,0.6506063342094421,0.5979166626930237,0.6580843329429626,81,351242861,5,1
20001,1920,300015,38401920,23520,0.5979166626930237,128,20000,0.12813711166381836,1920,17,1,500000,1000,,20001.0,0.6255208253860474,0.6506048440933228,0.5979166626930237,0.6579201817512512,85,351242861,5,1
21001,1920,315015,40321920,23520,0.5979166626930237,128,21000,0.1317610740661621,1920,17,1,500000,1000,,21001.0,0.6265624761581421,0.6506003141403198,0.5979166626930237,0.6575658321380615,88,351242861,5,1
22001,1920,330015,42241920,23520,0.5979166626930237,128,22000,0.13655996322631836,1920,17,1,500000,1000,,22001.0,0.6260416507720947,0.650600790977478,0.5979166626930237,0.6577107310295105,92,351242861,5,1
23001,1920,345015,44161920,23520,0.5979166626930237,128,23000,0.14015507698059082,1920,17,1,500000,1000,,23001.0,0.6260416507720947,0.6506003141403198,0.5979166626930237,0.6576856374740601,96,351242861,5,1
24001,1920,360015,46081920,23520,0.5979166626930237,128,24000,0.1437230110168457,1920,17,1,500000,1000,,24001.0,0.6265624761581421,0.6506019830703735,0.5979166626930237,0.6573933362960815,99,351242861,5,1
25001,1920,375015,48001920,23520,0.5979166626930237,128,25000,0.1472797393798828,1920,17,1,500000,1000,,25001.0,0.6260416507720947,0.6505993604660034,0.5979166626930237,0.6574718952178955,103,351242861,5,1
26001,1920,390015,49921920,23520,0.5979166626930237,128,26000,0.15082478523254395,1920,17,1,500000,1000,,26001.0,0.6260416507720947,0.6506004333496094,0.5979166626930237,0.6580199003219604,107,351242861,5,1
27001,1920,405015,51841920,23520,0.5979166626930237,128,27000,0.15437984466552734,1920,17,1,500000,1000,,27001.0,0.6255208253860474,0.6506056189537048,0.5979166626930237,0.6576356887817383,110,351242861,5,1
28001,1920,420015,53761920,23520,0.5979166626930237,128,28000,0.15792298316955566,1920,17,1,500000,1000,,28001.0,0.6260416507720947,0.6506000757217407,0.5979166626930237,0.657745361328125,114,351242861,5,1
29001,1920,435015,55681920,23520,0.5979166626930237,128,29000,0.16150593757629395,1920,17,1,500000,1000,,29001.0,0.625,0.6506022810935974,0.5958333611488342,0.6574336886405945,118,351242861,5,1
30001,1920,450015,57601920,23520,0.5958333611488342,128,30000,0.16515088081359863,1920,17,1,500000,1000,,30001.0,0.6260416507720947,0.6506054997444153,0.5979166626930237,0.6578971147537231,122,351242861,5,1
31001,1920,465015,59521920,23520,0.5979166626930237,128,31000,0.168989896774292,1920,17,1,500000,1000,,31001.0,0.6260416507720947,0.6506016850471497,0.5979166626930237,0.6574867963790894,125,351242861,5,1
32001,1920,480015,61441920,23520,0.5979166626930237,128,32000,0.17255091667175293,1920,17,1,500000,1000,,32001.0,0.625,0.6506073474884033,0.6020833253860474,0.6573196649551392,129,351242861,5,1
33001,1920,495015,63361920,23520,0.6020833253860474,128,33000,0.17656993865966797,1920,17,1,500000,1000,,33001.0,0.6244791746139526,0.6506012678146362,0.5979166626930237,0.657967209815979,132,351242861,5,1
34001,1920,510015,65281920,23520,0.5979166626930237,128,34000,0.18013811111450195,1920,17,1,500000,1000,,34001.0,0.6255208253860474,0.6505986452102661,0.5979166626930237,0.657505214214325,136,351242861,5,1
35001,1920,525015,67201920,23520,0.5979166626930237,128,35000,0.18367314338684082,1920,17,1,500000,1000,,35001.0,0.6255208253860474,0.650598406791687,0.5979166626930237,0.6579068303108215,140,351242861,5,1
36001,1920,540015,69121920,23520,0.5979166626930237,128,36000,0.18721914291381836,1920,17,1,500000,1000,,36001.0,0.625,0.6506028771400452,0.5979166626930237,0.6577499508857727,144,351242861,5,1
37001,1920,555015,71041920,23520,0.5979166626930237,128,37000,0.19153332710266113,1920,17,1,500000,1000,,37001.0,0.625,0.6506074666976929,0.5979166626930237,0.6579877138137817,147,351242861,5,1
38001,1920,570015,72961920,23520,0.5979166626930237,128,38000,0.19620132446289062,1920,17,1,500000,1000,,38001.0,0.6260416507720947,0.6506038904190063,0.6000000238418579,0.6570942401885986,151,351242861,5,1
39001,1920,585015,74881920,23520,0.6000000238418579,128,39000,0.199876070022583,1920,17,1,500000,1000,,39001.0,0.6265624761581421,0.6506040096282959,0.5979166626930237,0.6573116183280945,155,351242861,5,1
40001,1920,600015,76801920,23520,0.5979166626930237,128,40000,0.20370101928710938,1920,17,1,500000,1000,,40001.0,0.625,0.6505975127220154,0.5979166626930237,0.6574769616127014,158,351242861,5,1
41001,1920,615015,78721920,23520,0.5979166626930237,128,41000,0.20728111267089844,1920,17,1,500000,1000,,41001.0,0.6255208253860474,0.6506073474884033,0.6000000238418579,0.6577826738357544,162,351242861,5,1
42001,1920,630015,80641920,23520,0.6000000238418579,128,42000,0.2108461856842041,1920,17,1,500000,1000,,42001.0,0.6255208253860474,0.6505991220474243,0.5979166626930237,0.6575172543525696,166,351242861,5,1
43001,1920,645015,82561920,23520,0.5979166626930237,128,43000,0.21436619758605957,1920,17,1,500000,1000,,43001.0,0.6244791746139526,0.6506022214889526,0.5979166626930237,0.6576167941093445,169,351242861,5,1
44001,1920,660015,84481920,23520,0.5979166626930237,128,44000,0.21787333488464355,1920,17,1,500000,1000,,44001.0,0.6239583492279053,0.6506044864654541,0.5979166626930237,0.6575916409492493,173,351242861,5,1
45001,1920,675015,86401920,23520,0.5979166626930237,128,45000,0.2214362621307373,1920,17,1,500000,1000,,45001.0,0.6239583492279053,0.6506021618843079,0.5979166626930237,0.6573000550270081,177,351242861,5,1
46001,1920,690015,88321920,23520,0.5979166626930237,128,46000,0.22495627403259277,1920,17,1,500000,1000,,46001.0,0.6260416507720947,0.6505991220474243,0.5979166626930237,0.6574530005455017,180,351242861,5,1
47001,1920,705015,90241920,23520,0.5979166626930237,128,47000,0.22847533226013184,1920,17,1,500000,1000,,47001.0,0.6255208253860474,0.6505998969078064,0.5979166626930237,0.6572123169898987,184,351242861,5,1
48001,1920,720015,92161920,23520,0.5979166626930237,128,48000,0.23199009895324707,1920,17,1,500000,1000,,48001.0,0.6260416507720947,0.6506012082099915,0.5958333611488342,0.6571778655052185,188,351242861,5,1
49001,1920,735015,94081920,23520,0.5958333611488342,128,49000,0.23556113243103027,1920,17,1,500000,1000,,49001.0,0.625,0.6506012082099915,0.5979166626930237,0.6573140025138855,192,351242861,5,1
50001,1920,750015,96001920,23520,0.5979166626930237,128,50000,0.23910999298095703,1920,17,1,500000,1000,,50001.0,0.6260416507720947,0.6506055593490601,0.5979166626930237,0.6572043895721436,195,351242861,5,1
51001,1920,765015,97921920,23520,0.5979166626930237,128,51000,0.24267125129699707,1920,17,1,500000,1000,,51001.0,0.6265624761581421,0.6506026983261108,0.5979166626930237,0.6573419570922852,199,351242861,5,1
52001,1920,780015,99841920,23520,0.5979166626930237,128,52000,0.24620914459228516,1920,17,1,500000,1000,,52001.0,0.6260416507720947,0.6506044864654541,0.5979166626930237,0.6573408842086792,203,351242861,5,1
53001,1920,795015,101761920,23520,0.5979166626930237,128,53000,0.24978208541870117,1920,17,1,500000,1000,,53001.0,0.6260416507720947,0.6506030559539795,0.5979166626930237,0.6580825448036194,206,351242861,5,1
54001,1920,810015,103681920,23520,0.5979166626930237,128,54000,0.25332212448120117,1920,17,1,500000,1000,,54001.0,0.6255208253860474,0.6506051421165466,0.5958333611488342,0.6579397320747375,210,351242861,5,1
55001,1920,825015,105601920,23520,0.5958333611488342,128,55000,0.256885290145874,1920,17,1,500000,1000,,55001.0,0.6255208253860474,0.6506006717681885,0.5979166626930237,0.6575812101364136,214,351242861,5,1
56001,1920,840015,107521920,23520,0.5979166626930237,128,56000,0.26046133041381836,1920,17,1,500000,1000,,56001.0,0.6265624761581421,0.6506006717681885,0.5979166626930237,0.657608151435852,217,351242861,5,1
57001,1920,855015,109441920,23520,0.5979166626930237,128,57000,0.26403164863586426,1920,17,1,500000,1000,,57001.0,0.6255208253860474,0.6506023406982422,0.5979166626930237,0.6577480435371399,221,351242861,5,1
58001,1920,870015,111361920,23520,0.5979166626930237,128,58000,0.26758360862731934,1920,17,1,500000,1000,,58001.0,0.6260416507720947,0.6505973935127258,0.5979166626930237,0.6574285626411438,225,351242861,5,1
59001,1920,885015,113281920,23520,0.5979166626930237,128,59000,0.27130961418151855,1920,17,1,500000,1000,,59001.0,0.6265624761581421,0.6505986452102661,0.5979166626930237,0.657520592212677,229,351242861,5,1
60001,1920,900015,115201920,23520,0.5979166626930237,128,60000,0.2748594284057617,1920,17,1,500000,1000,,60001.0,0.625,0.6506044864654541,0.5979166626930237,0.6573975086212158,232,351242861,5,1
61001,1920,915015,117121920,23520,0.5979166626930237,128,61000,0.27871060371398926,1920,17,1,500000,1000,,61001.0,0.6255208253860474,0.650600790977478,0.5979166626930237,0.6573993563652039,236,351242861,5,1
62001,1920,930015,119041920,23520,0.5979166626930237,128,62000,0.28227972984313965,1920,17,1,500000,1000,,62001.0,0.6255208253860474,0.6506054997444153,0.5958333611488342,0.6574829816818237,240,351242861,5,1
63001,1920,945015,120961920,23520,0.5958333611488342,128,63000,0.28597450256347656,1920,17,1,500000,1000,,63001.0,0.625,0.6506030559539795,0.5958333611488342,0.657830536365509,244,351242861,5,1
64001,1920,960015,122881920,23520,0.5958333611488342,128,64000,0.2895486354827881,1920,17,1,500000,1000,,64001.0,0.6234375238418579,0.6506052613258362,0.5979166626930237,0.6574986577033997,248,351242861,5,1
65001,1920,975015,124801920,23520,0.5979166626930237,128,65000,0.2930617332458496,1920,17,1,500000,1000,,65001.0,0.6244791746139526,0.6506034731864929,0.5958333611488342,0.6578096747398376,251,351242861,5,1
66001,1920,990015,126721920,23520,0.5958333611488342,128,66000,0.29667186737060547,1920,17,1,500000,1000,,66001.0,0.6276041865348816,0.65060955286026,0.5979166626930237,0.6570970416069031,255,351242861,5,1
67001,1920,1005015,128641920,23520,0.5979166626930237,128,67000,0.30033397674560547,1920,17,1,500000,1000,,67001.0,0.6244791746139526,0.6506019830703735,0.6000000238418579,0.6572879552841187,259,351242861,5,1
68001,1920,1020015,130561920,23520,0.6000000238418579,128,68000,0.3039431571960449,1920,17,1,500000,1000,,68001.0,0.6260416507720947,0.650599479675293,0.5979166626930237,0.6575078964233398,262,351242861,5,1
69001,1920,1035015,132481920,23520,0.5979166626930237,128,69000,0.3075120449066162,1920,17,1,500000,1000,,69001.0,0.625,0.6506054401397705,0.5979166626930237,0.6575585603713989,266,351242861,5,1
70001,1920,1050015,134401920,23520,0.5979166626930237,128,70000,0.3110530376434326,1920,17,1,500000,1000,,70001.0,0.625,0.6506031155586243,0.5979166626930237,0.6574270129203796,270,351242861,5,1
71001,1920,1065015,136321920,23520,0.5979166626930237,128,71000,0.3145880699157715,1920,17,1,500000,1000,,71001.0,0.6260416507720947,0.6505995392799377,0.5979166626930237,0.6576706171035767,273,351242861,5,1
72001,1920,1080015,138241920,23520,0.5979166626930237,128,72000,0.3186349868774414,1920,17,1,500000,1000,,72001.0,0.6244791746139526,0.6505988836288452,0.5979166626930237,0.6571714878082275,277,351242861,5,1
73001,1920,1095015,140161920,23520,0.5979166626930237,128,73000,0.32219791412353516,1920,17,1,500000,1000,,73001.0,0.6260416507720947,0.6506019830703735,0.5958333611488342,0.657137930393219,280,351242861,5,1
74001,1920,1110015,142081920,23520,0.5958333611488342,128,74000,0.32598090171813965,1920,17,1,500000,1000,,74001.0,0.6255208253860474,0.650601327419281,0.5958333611488342,0.6575120091438293,284,351242861,5,1
75001,1920,1125015,144001920,23520,0.5958333611488342,128,75000,0.32982683181762695,1920,17,1,500000,1000,,75001.0,0.625,0.6506006717681885,0.5979166626930237,0.6574714779853821,288,351242861,5,1
76001,1920,1140015,145921920,23520,0.5979166626930237,128,76000,0.333371639251709,1920,17,1,500000,1000,,76001.0,0.6255208253860474,0.6505978107452393,0.5979166626930237,0.6578053832054138,291,351242861,5,1
77001,1920,1155015,147841920,23520,0.5979166626930237,128,77000,0.33692264556884766,1920,17,1,500000,1000,,77001.0,0.6255208253860474,0.6506006717681885,0.5979166626930237,0.6571547985076904,295,351242861,5,1
78001,1920,1170015,149761920,23520,0.5979166626930237,128,78000,0.34046363830566406,1920,17,1,500000,1000,,78001.0,0.6255208253860474,0.6506043076515198,0.6020833253860474,0.6579066514968872,299,351242861,5,1
79001,1920,1185015,151681920,23520,0.6020833253860474,128,79000,0.343977689743042,1920,17,1,500000,1000,,79001.0,0.625,0.650600016117096,0.5979166626930237,0.6572116613388062,302,351242861,5,1
80001,1920,1200015,153601920,23520,0.5979166626930237,128,80000,0.3475193977355957,1920,17,1,500000,1000,,80001.0,0.6260416507720947,0.6506003737449646,0.5979166626930237,0.6575790047645569,306,351242861,5,1
81001,1920,1215015,155521920,23520,0.5979166626930237,128,81000,0.3513002395629883,1920,17,1,500000,1000,,81001.0,0.6255208253860474,0.6506051421165466,0.5979166626930237,0.6579349637031555,310,351242861,5,1
82001,1920,1230015,157441920,23520,0.5979166626930237,128,82000,0.3551623821258545,1920,17,1,500000,1000,,82001.0,0.6265624761581421,0.6506036520004272,0.5979166626930237,0.6572058200836182,313,351242861,5,1
83001,1920,1245015,159361920,23520,0.5979166626930237,128,83000,0.3587043285369873,1920,17,1,500000,1000,,83001.0,0.6260416507720947,0.6506035327911377,0.5979166626930237,0.6574487090110779,317,351242861,5,1
84001,1920,1260015,161281920,23520,0.5979166626930237,128,84000,0.3622584342956543,1920,17,1,500000,1000,,84001.0,0.6255208253860474,0.6506012082099915,0.6000000238418579,0.6573712229728699,321,351242861,5,1
85001,1920,1275015,163201920,23520,0.6000000238418579,128,85000,0.366213321685791,1920,17,1,500000,1000,,85001.0,0.6265624761581421,0.6506031155586243,0.5979166626930237,0.6575747132301331,324,351242861,5,1
86001,1920,1290015,165121920,23520,0.5979166626930237,128,86000,0.3697352409362793,1920,17,1,500000,1000,,86001.0,0.6255208253860474,0.6506017446517944,0.5979166626930237,0.6573325395584106,328,351242861,5,1
87001,1920,1305015,167041920,23520,0.5979166626930237,128,87000,0.3733100891113281,1920,17,1,500000,1000,,87001.0,0.6255208253860474,0.650608479976654,0.5979166626930237,0.6573101878166199,332,351242861,5,1
88001,1920,1320015,168961920,23520,0.5979166626930237,128,88000,0.37781524658203125,1920,17,1,500000,1000,,88001.0,0.6255208253860474,0.6506035923957825,0.5979166626930237,0.6571839451789856,335,351242861,5,1
89001,1920,1335015,170881920,23520,0.5979166626930237,128,89000,0.3813290596008301,1920,17,1,500000,1000,,89001.0,0.625,0.6506011486053467,0.5979166626930237,0.6572475433349609,339,351242861,5,1
90001,1920,1350015,172801920,23520,0.5979166626930237,128,90000,0.3849220275878906,1920,17,1,500000,1000,,90001.0,0.6260416507720947,0.6506026983261108,0.5979166626930237,0.6575577855110168,343,351242861,5,1
91001,1920,1365015,174721920,23520,0.5979166626930237,128,91000,0.38849711418151855,1920,17,1,500000,1000,,91001.0,0.6255208253860474,0.6506024599075317,0.5979166626930237,0.6571034789085388,346,351242861,5,1
92001,1920,1380015,176641920,23520,0.5979166626930237,128,92000,0.39261937141418457,1920,17,1,500000,1000,,92001.0,0.625,0.6506026983261108,0.5979166626930237,0.6577306985855103,350,351242861,5,1
93001,1920,1395015,178561920,23520,0.5979166626930237,128,93000,0.3961954116821289,1920,17,1,500000,1000,,93001.0,0.6265624761581421,0.6506030559539795,0.5958333611488342,0.657282292842865,354,351242861,5,1
94001,1920,1410015,180481920,23520,0.5958333611488342,128,94000,0.3997666835784912,1920,17,1,500000,1000,,94001.0,0.6265624761581421,0.6506083607673645,0.5958333611488342,0.6574179530143738,357,351242861,5,1
95001,1920,1425015,182401920,23520,0.5958333611488342,128,95000,0.40331077575683594,1920,17,1,500000,1000,,95001.0,0.6244791746139526,0.6506058573722839,0.5958333611488342,0.6573073863983154,361,351242861,5,1
96001,1920,1440015,184321920,23520,0.5958333611488342,128,96000,0.4068946838378906,1920,17,1,500000,1000,,96001.0,0.6255208253860474,0.6506004929542542,0.5979166626930237,0.657321035861969,365,351242861,5,1
97001,1920,1455015,186241920,23520,0.5979166626930237,128,97000,0.4105556011199951,1920,17,1,500000,1000,,97001.0,0.6255208253860474,0.6506006121635437,0.5979166626930237,0.6572839617729187,368,351242861,5,1
98001,1920,1470015,188161920,23520,0.5979166626930237,128,98000,0.41407251358032227,1920,17,1,500000,1000,,98001.0,0.625,0.6505993008613586,0.5979166626930237,0.6574261784553528,372,351242861,5,1
99001,1920,1485015,190081920,23520,0.5979166626930237,128,99000,0.41764378547668457,1920,17,1,500000,1000,,99001.0,0.6265624761581421,0.6505981087684631,0.5979166626930237,0.6577596664428711,377,351242861,5,1
100001,1920,1500015,192001920,23520,0.5979166626930237,128,100000,0.4212508201599121,1920,17,1,500000,1000,,100001.0,0.625,0.6506025791168213,0.5979166626930237,0.6575941443443298,381,351242861,5,1
101001,1920,1515015,193921920,23520,0.5979166626930237,128,101000,0.4257187843322754,1920,17,1,500000,1000,,101001.0,0.625,0.6506012678146362,0.6000000238418579,0.6570968627929688,385,351242861,5,1
102001,1920,1530015,195841920,23520,0.6000000238418579,128,102000,0.4292149543762207,1920,17,1,500000,1000,,102001.0,0.6255208253860474,0.6505988240242004,0.5979166626930237,0.6574370265007019,389,351242861,5,1
103001,1920,1545015,197761920,23520,0.5979166626930237,128,103000,0.4327700138092041,1920,17,1,500000,1000,,103001.0,0.6276041865348816,0.650602400302887,0.5958333611488342,0.657848596572876,393,351242861,5,1
104001,1920,1560015,199681920,23520,0.5958333611488342,128,104000,0.43629002571105957,1920,17,1,500000,1000,,104001.0,0.6255208253860474,0.650600254535675,0.5979166626930237,0.6575738787651062,396,351242861,5,1
105001,1920,1575015,201601920,23520,0.5979166626930237,128,105000,0.43983006477355957,1920,17,1,500000,1000,,105001.0,0.6239583492279053,0.650606095790863,0.5979166626930237,0.6575176119804382,400,351242861,5,1
106001,1920,1590015,203521920,23520,0.5979166626930237,128,106000,0.44335389137268066,1920,17,1,500000,1000,,106001.0,0.6255208253860474,0.6505997180938721,0.5979166626930237,0.6575979590415955,404,351242861,5,1
107001,1920,1605015,205441920,23520,0.5979166626930237,128,107000,0.44692111015319824,1920,17,1,500000,1000,,107001.0,0.6260416507720947,0.6506035923957825,0.5979166626930237,0.6574549078941345,407,351242861,5,1
108001,1920,1620015,207361920,23520,0.5979166626930237,128,108000,0.4504978656768799,1920,17,1,500000,1000,,108001.0,0.6255208253860474,0.6506019830703735,0.6020833253860474,0.657421886920929,411,351242861,5,1
109001,1920,1635015,209281920,23520,0.6020833253860474,128,109000,0.4540729522705078,1920,17,1,500000,1000,,109001.0,0.6255208253860474,0.6506019830703735,0.5979166626930237,0.6571743488311768,415,351242861,5,1
110001,1920,1650015,211201920,23520,0.5979166626930237,128,110000,0.45763492584228516,1920,17,1,500000,1000,,110001.0,0.6244791746139526,0.6506032347679138,0.5979166626930237,0.6572557091712952,418,351242861,5,1
111001,1920,1665015,213121920,23520,0.5979166626930237,128,111000,0.4614379405975342,1920,17,1,500000,1000,,111001.0,0.6260416507720947,0.6505985856056213,0.5979166626930237,0.6573134660720825,422,351242861,5,1
112001,1920,1680015,215041920,23520,0.5979166626930237,128,112000,0.46498894691467285,1920,17,1,500000,1000,,112001.0,0.6260416507720947,0.6506020426750183,0.5979166626930237,0.6579111218452454,425,351242861,5,1
113001,1920,1695015,216961920,23520,0.5979166626930237,128,113000,0.46853184700012207,1920,17,1,500000,1000,,113001.0,0.6260416507720947,0.650600016117096,0.5979166626930237,0.6573382019996643,429,351242861,5,1
114001,1920,1710015,218881920,23520,0.5979166626930237,128,114000,0.4721107482910156,1920,17,1,500000,1000,,114001.0,0.6244791746139526,0.650603175163269,0.5979166626930237,0.6576194763183594,433,351242861,5,1
115001,1920,1725015,220801920,23520,0.5979166626930237,128,115000,0.4756810665130615,1920,17,1,500000,1000,,115001.0,0.6260416507720947,0.6506016254425049,0.5979166626930237,0.6573246717453003,436,351242861,5,1
116001,1920,1740015,222721920,23520,0.5979166626930237,128,116000,0.4792451858520508,1920,17,1,500000,1000,,116001.0,0.6265624761581421,0.6506004333496094,0.5979166626930237,0.6576054096221924,440,351242861,5,1
117001,1920,1755015,224641920,23520,0.5979166626930237,128,117000,0.48284125328063965,1920,17,1,500000,1000,,117001.0,0.6260416507720947,0.6506003141403198,0.5979166626930237,0.6574428677558899,444,351242861,5,1
118001,1920,1770015,226561920,23520,0.5979166626930237,128,118000,0.48638129234313965,1920,17,1,500000,1000,,118001.0,0.6255208253860474,0.6506013870239258,0.5979166626930237,0.6576929092407227,447,351242861,5,1
119001,1920,1785015,228481920,23520,0.5979166626930237,128,119000,0.48993659019470215,1920,17,1,500000,1000,,119001.0,0.625,0.650604248046875,0.5979166626930237,0.6570006012916565,451,351242861,5,1
120001,1920,1800015,230401920,23520,0.5979166626930237,128,120000,0.4934415817260742,1920,17,1,500000,1000,,120001.0,0.6244791746139526,0.6505995392799377,0.5979166626930237,0.6574950814247131,455,351242861,5,1
121001,1920,1815015,232321920,23520,0.5979166626930237,128,121000,0.4970383644104004,1920,17,1,500000,1000,,121001.0,0.625,0.6506025791168213,0.5979166626930237,0.6572054624557495,458,351242861,5,1
122001,1920,1830015,234241920,23520,0.5979166626930237,128,122000,0.5005464553833008,1920,17,1,500000,1000,,122001.0,0.6265624761581421,0.6506040096282959,0.5979166626930237,0.6577896475791931,462,351242861,5,1
123001,1920,1845015,236161920,23520,0.5979166626930237,128,123000,0.5041015148162842,1920,17,1,500000,1000,,123001.0,0.6255208253860474,0.6506026983261108,0.5979166626930237,0.6577731370925903,465,351242861,5,1
124001,1920,1860015,238081920,23520,0.5979166626930237,128,124000,0.5076475143432617,1920,17,1,500000,1000,,124001.0,0.6260416507720947,0.6506043672561646,0.5979166626930237,0.6578628420829773,469,351242861,5,1
125001,1920,1875015,240001920,23520,0.5979166626930237,128,125000,0.5111804008483887,1920,17,1,500000,1000,,125001.0,0.6260416507720947,0.6505991220474243,0.5979166626930237,0.6575114130973816,473,351242861,5,1
126001,1920,1890015,241921920,23520,0.5979166626930237,128,126000,0.5146884918212891,1920,17,1,500000,1000,,126001.0,0.6239583492279053,0.6506030559539795,0.5979166626930237,0.6578817963600159,476,351242861,5,1
127001,1920,1905015,243841920,23520,0.5979166626930237,128,127000,0.5182485580444336,1920,17,1,500000,1000,,127001.0,0.6255208253860474,0.6506051421165466,0.5979166626930237,0.6575841307640076,480,351242861,5,1
128001,1920,1920015,245761920,23520,0.5979166626930237,128,128000,0.5217995643615723,1920,17,1,500000,1000,,128001.0,0.625,0.6506001949310303,0.5979166626930237,0.6575638651847839,484,351242861,5,1
129001,1920,1935015,247681920,23520,0.5979166626930237,128,129000,0.5253896713256836,1920,17,1,500000,1000,,129001.0,0.6255208253860474,0.6506006717681885,0.5979166626930237,0.6574011445045471,488,351242861,5,1
130001,1920,1950015,249601920,23520,0.5979166626930237,128,130000,0.5289387702941895,1920,17,1,500000,1000,,130001.0,0.6260416507720947,0.6506012082099915,0.5979166626930237,0.6574246883392334,491,351242861,5,1
131001,1920,1965015,251521920,23520,0.5979166626930237,128,131000,0.5324957370758057,1920,17,1,500000,1000,,131001.0,0.6265624761581421,0.6506017446517944,0.5958333611488342,0.6573951244354248,495,351242861,5,1
132001,1920,1980015,253441920,23520,0.5958333611488342,128,132000,0.5360507965087891,1920,17,1,500000,1000,,132001.0,0.6260416507720947,0.6506032943725586,0.5958333611488342,0.6575362682342529,499,351242861,5,1
133001,1920,1995015,255361920,23520,0.5958333611488342,128,133000,0.5398938655853271,1920,17,1,500000,1000,,133001.0,0.6276041865348816,0.6506022810935974,0.5979166626930237,0.6576270461082458,502,351242861,5,1
134001,1920,2010015,257281920,23520,0.5979166626930237,128,134000,0.5434598922729492,1920,17,1,500000,1000,,134001.0,0.6265624761581421,0.6506052017211914,0.6041666865348816,0.6579392552375793,506,351242861,5,1
135001,1920,2025015,259201920,23520,0.6041666865348816,128,135000,0.5472259521484375,1920,17,1,500000,1000,,135001.0,0.6244791746139526,0.6506018042564392,0.5979166626930237,0.6571223139762878,509,351242861,5,1
136001,1920,2040015,261121920,23520,0.5979166626930237,128,136000,0.5508031845092773,1920,17,1,500000,1000,,136001.0,0.6255208253860474,0.650604784488678,0.5979166626930237,0.6569613814353943,513,351242861,5,1
137001,1920,2055015,263041920,23520,0.5979166626930237,128,137000,0.5545780658721924,1920,17,1,500000,1000,,137001.0,0.625,0.6506045460700989,0.5979166626930237,0.657548189163208,517,351242861,5,1
138001,1920,2070015,264961920,23520,0.5979166626930237,128,138000,0.5586051940917969,1920,17,1,500000,1000,,138001.0,0.6255208253860474,0.6506048440933228,0.6000000238418579,0.6580072641372681,520,351242861,5,1
139001,1920,2085015,266881920,23520,0.6000000238418579,128,139000,0.5621614456176758,1920,17,1,500000,1000,,139001.0,0.6276041865348816,0.6506041288375854,0.5979166626930237,0.6575405597686768,524,351242861,5,1
140001,1920,2100015,268801920,23520,0.5979166626930237,128,140000,0.5656595230102539,1920,17,1,500000,1000,,140001.0,0.6244791746139526,0.6506046652793884,0.5979166626930237,0.6575987339019775,528,351242861,5,1
141001,1920,2115015,270721920,23520,0.5979166626930237,128,141000,0.5692224502563477,1920,17,1,500000,1000,,141001.0,0.6244791746139526,0.650603175163269,0.5979166626930237,0.6579398512840271,531,351242861,5,1
142001,1920,2130015,272641920,23520,0.5979166626930237,128,142000,0.5727765560150146,1920,17,1,500000,1000,,142001.0,0.6260416507720947,0.6506057381629944,0.5958333611488342,0.6570128798484802,535,351242861,5,1
143001,1920,2145015,274561920,23520,0.5958333611488342,128,143000,0.5762934684753418,1920,17,1,500000,1000,,143001.0,0.6260416507720947,0.6506027579307556,0.5979166626930237,0.6575902700424194,539,351242861,5,1
144001,1920,2160015,276481920,23520,0.5979166626930237,128,144000,0.5798745155334473,1920,17,1,500000,1000,,144001.0,0.6265624761581421,0.6505987048149109,0.5979166626930237,0.6576303839683533,542,351242861,5,1
145001,1920,2175015,278401920,23520,0.5979166626930237,128,145000,0.5835356712341309,1920,17,1,500000,1000,,145001.0,0.625,0.6506051421165466,0.5979166626930237,0.6572034358978271,546,351242861,5,1
146001,1920,2190015,280321920,23520,0.5979166626930237,128,146000,0.5871155261993408,1920,17,1,500000,1000,,146001.0,0.6229166388511658,0.6506004333496094,0.5979166626930237,0.6575559377670288,550,351242861,5,1
147001,1920,2205015,282241920,23520,0.5979166626930237,128,147000,0.590672492980957,1920,17,1,500000,1000,,147001.0,0.625,0.6506069302558899,0.6020833253860474,0.6569785475730896,553,351242861,5,1
148001,1920,2220015,284161920,23520,0.6020833253860474,128,148000,0.5942165851593018,1920,17,1,500000,1000,,148001.0,0.625,0.6506033539772034,0.5979166626930237,0.6577634215354919,557,351242861,5,1
149001,1920,2235015,286081920,23520,0.5979166626930237,128,149000,0.5977764129638672,1920,17,1,500000,1000,,149001.0,0.6265624761581421,0.6505976319313049,0.5958333611488342,0.6576064825057983,561,351242861,5,1
150001,1920,2250015,288001920,23520,0.5958333611488342,128,150000,0.6013674736022949,1920,17,1,500000,1000,,150001.0,0.625,0.6506013870239258,0.5979166626930237,0.6574417948722839,564,351242861,5,1
151001,1920,2265015,289921920,23520,0.5979166626930237,128,151000,0.6059844493865967,1920,17,1,500000,1000,,151001.0,0.6260416507720947,0.6506038904190063,0.6000000238418579,0.6570854187011719,568,351242861,5,1
152001,1920,2280015,291841920,23520,0.6000000238418579,128,152000,0.6107971668243408,1920,17,1,500000,1000,,152001.0,0.625,0.6506007313728333,0.6020833253860474,0.6575947403907776,572,351242861,5,1
153001,1920,2295015,293761920,23520,0.6020833253860474,128,153000,0.6143198013305664,1920,17,1,500000,1000,,153001.0,0.625,0.6506032347679138,0.5979166626930237,0.6575042605400085,575,351242861,5,1
154001,1920,2310015,295681920,23520,0.5979166626930237,128,154000,0.6178874969482422,1920,17,1,500000,1000,,154001.0,0.6265624761581421,0.6506012082099915,0.5958333611488342,0.6576763391494751,579,351242861,5,1
155001,1920,2325015,297601920,23520,0.5958333611488342,128,155000,0.6244685649871826,1920,17,1,500000,1000,,155001.0,0.6244791746139526,0.6505985260009766,0.5979166626930237,0.657513439655304,582,351242861,5,1
156001,1920,2340015,299521920,23520,0.5979166626930237,128,156000,0.6280646324157715,1920,17,1,500000,1000,,156001.0,0.6270833611488342,0.6506052017211914,0.6000000238418579,0.6576326489448547,586,351242861,5,1
157001,1920,2355015,301441920,23520,0.6000000238418579,128,157000,0.6316215991973877,1920,17,1,500000,1000,,157001.0,0.6265624761581421,0.6506059765815735,0.5979166626930237,0.6575578451156616,590,351242861,5,1
158001,1920,2370015,303361920,23520,0.5979166626930237,128,158000,0.6352267265319824,1920,17,1,500000,1000,,158001.0,0.6265624761581421,0.6506040096282959,0.5958333611488342,0.6579512357711792,593,351242861,5,1
159001,1920,2385015,305281920,23520,0.5958333611488342,128,159000,0.6387577056884766,1920,17,1,500000,1000,,159001.0,0.6255208253860474,0.6505995988845825,0.5979166626930237,0.6575504541397095,597,351242861,5,1
160001,1920,2400015,307201920,23520,0.5979166626930237,128,160000,0.6422855854034424,1920,17,1,500000,1000,,160001.0,0.6260416507720947,0.6505971550941467,0.5979166626930237,0.6577337384223938,601,351242861,5,1
161001,1920,2415015,309121920,23520,0.5979166626930237,128,161000,0.6458606719970703,1920,17,1,500000,1000,,161001.0,0.625,0.6506000757217407,0.5979166626930237,0.657354474067688,604,351242861,5,1
162001,1920,2430015,311041920,23520,0.5979166626930237,128,162000,0.6494207382202148,1920,17,1,500000,1000,,162001.0,0.625,0.6506049036979675,0.59375,0.6571838855743408,608,351242861,5,1
163001,1920,2445015,312961920,23520,0.59375,128,163000,0.6529266834259033,1920,17,1,500000,1000,,163001.0,0.6244791746139526,0.6506014466285706,0.5979166626930237,0.6578900218009949,612,351242861,5,1
164001,1920,2460015,314881920,23520,0.5979166626930237,128,164000,0.6564550399780273,1920,17,1,500000,1000,,164001.0,0.6260416507720947,0.6506031155586243,0.6041666865348816,0.6577818989753723,615,351242861,5,1
165001,1920,2475015,316801920,23520,0.6041666865348816,128,165000,0.6599538326263428,1920,17,1,500000,1000,,165001.0,0.6244791746139526,0.6506038904190063,0.5958333611488342,0.6575477123260498,619,351242861,5,1
166001,1920,2490015,318721920,23520,0.5958333611488342,128,166000,0.6634886264801025,1920,17,1,500000,1000,,166001.0,0.625,0.6506006717681885,0.5979166626930237,0.6574094891548157,623,351242861,5,1
167001,1920,2505015,320641920,23520,0.5979166626930237,128,167000,0.6670515537261963,1920,17,1,500000,1000,,167001.0,0.625,0.6506039500236511,0.6000000238418579,0.6576634645462036,626,351242861,5,1
168001,1920,2520015,322561920,23520,0.6000000238418579,128,168000,0.6705925464630127,1920,17,1,500000,1000,,168001.0,0.625,0.6506060361862183,0.5979166626930237,0.6578500270843506,630,351242861,5,1
169001,1920,2535015,324481920,23520,0.5979166626930237,128,169000,0.6741247177124023,1920,17,1,500000,1000,,169001.0,0.6270833611488342,0.6506056189537048,0.6000000238418579,0.6581143140792847,634,351242861,5,1
170001,1920,2550015,326401920,23520,0.6000000238418579,128,170000,0.6776528358459473,1920,17,1,500000,1000,,170001.0,0.6244791746139526,0.6506081819534302,0.6020833253860474,0.6580407619476318,637,351242861,5,1
171001,1920,2565015,328321920,23520,0.6020833253860474,128,171000,0.6831727027893066,1920,17,1,500000,1000,,171001.0,0.6265624761581421,0.6506019830703735,0.5958333611488342,0.6577023863792419,641,351242861,5,1
172001,1920,2580015,330241920,23520,0.5958333611488342,128,172000,0.6867387294769287,1920,17,1,500000,1000,,172001.0,0.625,0.6506061553955078,0.5979166626930237,0.657512903213501,645,351242861,5,1
173001,1920,2595015,332161920,23520,0.5979166626930237,128,173000,0.6903057098388672,1920,17,1,500000,1000,,173001.0,0.625,0.6505993008613586,0.5979166626930237,0.6575056910514832,648,351242861,5,1
174001,1920,2610015,334081920,23520,0.5979166626930237,128,174000,0.6938848495483398,1920,17,1,500000,1000,,174001.0,0.6260416507720947,0.6505987644195557,0.5979166626930237,0.6572985053062439,652,351242861,5,1
175001,1920,2625015,336001920,23520,0.5979166626930237,128,175000,0.697376012802124,1920,17,1,500000,1000,,175001.0,0.6255208253860474,0.6506054997444153,0.5979166626930237,0.6576637029647827,656,351242861,5,1
176001,1920,2640015,337921920,23520,0.5979166626930237,128,176000,0.7010190486907959,1920,17,1,500000,1000,,176001.0,0.6260416507720947,0.6506006717681885,0.5979166626930237,0.6577876806259155,659,351242861,5,1
177001,1920,2655015,339841920,23520,0.5979166626930237,128,177000,0.7056741714477539,1920,17,1,500000,1000,,177001.0,0.6265624761581421,0.650599479675293,0.5979166626930237,0.6575527787208557,663,351242861,5,1
178001,1920,2670015,341761920,23520,0.5979166626930237,128,178000,0.7093381881713867,1920,17,1,500000,1000,,178001.0,0.6255208253860474,0.6506023406982422,0.5979166626930237,0.6576091647148132,667,351242861,5,1
179001,1920,2685015,343681920,23520,0.5979166626930237,128,179000,0.7130942344665527,1920,17,1,500000,1000,,179001.0,0.6255208253860474,0.6505987048149109,0.5979166626930237,0.6577678918838501,670,351242861,5,1
180001,1920,2700015,345601920,23520,0.5979166626930237,128,180000,0.7169933319091797,1920,17,1,500000,1000,,180001.0,0.6265624761581421,0.6505981087684631,0.5979166626930237,0.6572936177253723,674,351242861,5,1
181001,1920,2715015,347521920,23520,0.5979166626930237,128,181000,0.7205932140350342,1920,17,1,500000,1000,,181001.0,0.6239583492279053,0.6506004333496094,0.5979166626930237,0.6572977900505066,678,351242861,5,1
182001,1920,2730015,349441920,23520,0.5979166626930237,128,182000,0.7241570949554443,1920,17,1,500000,1000,,182001.0,0.6255208253860474,0.6506035327911377,0.6000000238418579,0.6573541760444641,681,351242861,5,1
183001,1920,2745015,351361920,23520,0.6000000238418579,128,183000,0.7277171611785889,1920,17,1,500000,1000,,183001.0,0.6265624761581421,0.6506072282791138,0.5979166626930237,0.657696545124054,685,351242861,5,1
184001,1920,2760015,353281920,23520,0.5979166626930237,128,184000,0.7313051223754883,1920,17,1,500000,1000,,184001.0,0.6260416507720947,0.6506001949310303,0.5979166626930237,0.6575757265090942,688,351242861,5,1
185001,1920,2775015,355201920,23520,0.5979166626930237,128,185000,0.7348651885986328,1920,17,1,500000,1000,,185001.0,0.6255208253860474,0.6506040692329407,0.5979166626930237,0.6570767164230347,692,351242861,5,1
186001,1920,2790015,357121920,23520,0.5979166626930237,128,186000,0.7384033203125,1920,17,1,500000,1000,,186001.0,0.6260416507720947,0.6506052613258362,0.5958333611488342,0.6574829816818237,696,351242861,5,1
187001,1920,2805015,359041920,23520,0.5958333611488342,128,187000,0.7419393062591553,1920,17,1,500000,1000,,187001.0,0.6260416507720947,0.6505994200706482,0.5958333611488342,0.6576615571975708,699,351242861,5,1
188001,1920,2820015,360961920,23520,0.5958333611488342,128,188000,0.7456052303314209,1920,17,1,500000,1000,,188001.0,0.625,0.6506004929542542,0.5979166626930237,0.6571630835533142,703,351242861,5,1
189001,1920,2835015,362881920,23520,0.5979166626930237,128,189000,0.7491202354431152,1920,17,1,500000,1000,,189001.0,0.6244791746139526,0.6506015658378601,0.5979166626930237,0.6573623418807983,707,351242861,5,1
190001,1920,2850015,364801920,23520,0.5979166626930237,128,190000,0.7526669502258301,1920,17,1,500000,1000,,190001.0,0.6255208253860474,0.650598406791687,0.5979166626930237,0.6578550934791565,710,351242861,5,1
191001,1920,2865015,366721920,23520,0.5979166626930237,128,191000,0.7564129829406738,1920,17,1,500000,1000,,191001.0,0.6260416507720947,0.6506015658378601,0.5979166626930237,0.6577208638191223,714,351242861,5,1
192001,1920,2880015,368641920,23520,0.5979166626930237,128,192000,0.759993314743042,1920,17,1,500000,1000,,192001.0,0.6255208253860474,0.6506004333496094,0.5979166626930237,0.6573890447616577,718,351242861,5,1
193001,1920,2895015,370561920,23520,0.5979166626930237,128,193000,0.7635772228240967,1920,17,1,500000,1000,,193001.0,0.6255208253860474,0.6506009697914124,0.5979166626930237,0.6577966213226318,721,351242861,5,1
194001,1920,2910015,372481920,23520,0.5979166626930237,128,194000,0.7671585083007812,1920,17,1,500000,1000,,194001.0,0.625,0.6506052017211914,0.5979166626930237,0.6573091745376587,725,351242861,5,1
195001,1920,2925015,374401920,23520,0.5979166626930237,128,195000,0.7707436084747314,1920,17,1,500000,1000,,195001.0,0.625,0.6506098508834839,0.5979166626930237,0.6571816205978394,729,351242861,5,1
196001,1920,2940015,376321920,23520,0.5979166626930237,128,196000,0.7742855548858643,1920,17,1,500000,1000,,196001.0,0.625,0.650599479675293,0.5979166626930237,0.6572248935699463,732,351242861,5,1
197001,1920,2955015,378241920,23520,0.5979166626930237,128,197000,0.7779507637023926,1920,17,1,500000,1000,,197001.0,0.6260416507720947,0.6506040096282959,0.5958333611488342,0.6575286984443665,736,351242861,5,1
198001,1920,2970015,380161920,23520,0.5958333611488342,128,198000,0.7831206321716309,1920,17,1,500000,1000,,198001.0,0.6265624761581421,0.6506072282791138,0.5979166626930237,0.6577675938606262,740,351242861,5,1
199001,1920,2985015,382081920,23520,0.5979166626930237,128,199000,0.7868897914886475,1920,17,1,500000,1000,,199001.0,0.625,0.6506050825119019,0.5958333611488342,0.6573333740234375,744,351242861,5,1
200001,1920,3000015,384001920,23520,0.5958333611488342,128,200000,0.8149118423461914,1920,17,1,500000,1000,,200001.0,0.6244791746139526,0.6506084203720093,0.5979166626930237,0.6575672030448914,748,351242861,5,1
201001,1920,3015015,385921920,23520,0.5979166626930237,128,201000,0.8192789554595947,1920,17,1,500000,1000,,201001.0,0.6265624761581421,0.6506056189537048,0.5979166626930237,0.6578344702720642,752,351242861,5,1
202001,1920,3030015,387841920,23520,0.5979166626930237,128,202000,0.822843074798584,1920,17,1,500000,1000,,202001.0,0.625,0.6505986452102661,0.5979166626930237,0.6575139164924622,756,351242861,5,1
203001,1920,3045015,389761920,23520,0.5979166626930237,128,203000,0.826423168182373,1920,17,1,500000,1000,,203001.0,0.6255208253860474,0.6506004929542542,0.5979166626930237,0.6574952602386475,760,351242861,5,1
204001,1920,3060015,391681920,23520,0.5979166626930237,128,204000,0.8299729824066162,1920,17,1,500000,1000,,204001.0,0.6239583492279053,0.6506038904190063,0.5979166626930237,0.6575687527656555,763,351242861,5,1
205001,1920,3075015,393601920,23520,0.5979166626930237,128,205000,0.8334710597991943,1920,17,1,500000,1000,,205001.0,0.6265624761581421,0.6506015658378601,0.6000000238418579,0.657491147518158,767,351242861,5,1
206001,1920,3090015,395521920,23520,0.6000000238418579,128,206000,0.8370201587677002,1920,17,1,500000,1000,,206001.0,0.6239583492279053,0.6505988240242004,0.5979166626930237,0.6574662923812866,771,351242861,5,1
207001,1920,3105015,397441920,23520,0.5979166626930237,128,207000,0.8407642841339111,1920,17,1,500000,1000,,207001.0,0.625,0.6506078243255615,0.5979166626930237,0.657739520072937,774,351242861,5,1
208001,1920,3120015,399361920,23520,0.5979166626930237,128,208000,0.8443105220794678,1920,17,1,500000,1000,,208001.0,0.6260416507720947,0.6506033539772034,0.5979166626930237,0.6577666997909546,778,351242861,5,1
209001,1920,3135015,401281920,23520,0.5979166626930237,128,209000,0.8478055000305176,1920,17,1,500000,1000,,209001.0,0.6255208253860474,0.6506022214889526,0.5979166626930237,0.6577279567718506,782,351242861,5,1
210001,1920,3150015,403201920,23520,0.5979166626930237,128,210000,0.8514115810394287,1920,17,1,500000,1000,,210001.0,0.6260416507720947,0.6506018042564392,0.5979166626930237,0.6570127606391907,785,351242861,5,1
211001,1920,3165015,405121920,23520,0.5979166626930237,128,211000,0.8549363613128662,1920,17,1,500000,1000,,211001.0,0.625,0.6505970358848572,0.5979166626930237,0.6572919487953186,789,351242861,5,1
212001,1920,3180015,407041920,23520,0.5979166626930237,128,212000,0.8584563732147217,1920,17,1,500000,1000,,212001.0,0.6260416507720947,0.6506025195121765,0.5958333611488342,0.6574144959449768,793,351242861,5,1
213001,1920,3195015,408961920,23520,0.5958333611488342,128,213000,0.8619852066040039,1920,17,1,500000,1000,,213001.0,0.625,0.6506019830703735,0.5979166626930237,0.6573286056518555,796,351242861,5,1
214001,1920,3210015,410881920,23520,0.5979166626930237,128,214000,0.8655240535736084,1920,17,1,500000,1000,,214001.0,0.6270833611488342,0.6506048440933228,0.5979166626930237,0.6571419835090637,800,351242861,5,1
215001,1920,3225015,412801920,23520,0.5979166626930237,128,215000,0.8690760135650635,1920,17,1,500000,1000,,215001.0,0.6255208253860474,0.6506012678146362,0.5979166626930237,0.6575847268104553,804,351242861,5,1
216001,1920,3240015,414721920,23520,0.5979166626930237,128,216000,0.8726212978363037,1920,17,1,500000,1000,,216001.0,0.6255208253860474,0.6506000757217407,0.5979166626930237,0.657427191734314,807,351242861,5,1
217001,1920,3255015,416641920,23520,0.5979166626930237,128,217000,0.8761575222015381,1920,17,1,500000,1000,,217001.0,0.6255208253860474,0.6506040096282959,0.5979166626930237,0.6573315858840942,811,351242861,5,1
218001,1920,3270015,418561920,23520,0.5979166626930237,128,218000,0.879713773727417,1920,17,1,500000,1000,,218001.0,0.6260416507720947,0.6506030559539795,0.6020833253860474,0.6576641798019409,814,351242861,5,1
219001,1920,3285015,420481920,23520,0.6020833253860474,128,219000,0.8833868503570557,1920,17,1,500000,1000,,219001.0,0.6239583492279053,0.6506012678146362,0.5958333611488342,0.65748131275177,818,351242861,5,1
220001,1920,3300015,422401920,23520,0.5958333611488342,128,220000,0.8869409561157227,1920,17,1,500000,1000,,220001.0,0.6255208253860474,0.6506010293960571,0.5979166626930237,0.6575650572776794,822,351242861,5,1
221001,1920,3315015,424321920,23520,0.5979166626930237,128,221000,0.8904669284820557,1920,17,1,500000,1000,,221001.0,0.6255208253860474,0.6505995392799377,0.5979166626930237,0.6574904322624207,825,351242861,5,1
222001,1920,3330015,426241920,23520,0.5979166626930237,128,222000,0.8940482139587402,1920,17,1,500000,1000,,222001.0,0.6239583492279053,0.6506094336509705,0.5958333611488342,0.6571508646011353,829,351242861,5,1
223001,1920,3345015,428161920,23520,0.5958333611488342,128,223000,0.8975892066955566,1920,17,1,500000,1000,,223001.0,0.6255208253860474,0.6506029963493347,0.5979166626930237,0.6572849750518799,833,351242861,5,1
224001,1920,3360015,430081920,23520,0.5979166626930237,128,224000,0.9011454582214355,1920,17,1,500000,1000,,224001.0,0.6255208253860474,0.6506004333496094,0.5979166626930237,0.6573185324668884,836,351242861,5,1
225001,1920,3375015,432001920,23520,0.5979166626930237,128,225000,0.9047095775604248,1920,17,1,500000,1000,,225001.0,0.6260416507720947,0.6505996584892273,0.6000000238418579,0.6577824950218201,840,351242861,5,1
226001,1920,3390015,433921920,23520,0.6000000238418579,128,226000,0.9082074165344238,1920,17,1,500000,1000,,226001.0,0.6260416507720947,0.6505987048149109,0.5979166626930237,0.6577050685882568,844,351242861,5,1
227001,1920,3405015,435841920,23520,0.5979166626930237,128,227000,0.9117295742034912,1920,17,1,500000,1000,,227001.0,0.6255208253860474,0.6506021618843079,0.5958333611488342,0.657396674156189,847,351242861,5,1
228001,1920,3420015,437761920,23520,0.5958333611488342,128,228000,0.9154946804046631,1920,17,1,500000,1000,,228001.0,0.625,0.6506080627441406,0.5979166626930237,0.6581528782844543,851,351242861,5,1
229001,1920,3435015,439681920,23520,0.5979166626930237,128,229000,0.9190526008605957,1920,17,1,500000,1000,,229001.0,0.6260416507720947,0.650608241558075,0.6000000238418579,0.6579148769378662,855,351242861,5,1
230001,1920,3450015,441601920,23520,0.6000000238418579,128,230000,0.9226205348968506,1920,17,1,500000,1000,,230001.0,0.6265624761581421,0.6506018042564392,0.5979166626930237,0.6578239798545837,858,351242861,5,1
231001,1920,3465015,443521920,23520,0.5979166626930237,128,231000,0.9261965751647949,1920,17,1,500000,1000,,231001.0,0.6255208253860474,0.650604248046875,0.5979166626930237,0.6578925848007202,862,351242861,5,1
232001,1920,3480015,445441920,23520,0.5979166626930237,128,232000,0.9309494495391846,1920,17,1,500000,1000,,232001.0,0.625,0.6506007313728333,0.5958333611488342,0.6577272415161133,866,351242861,5,1
233001,1920,3495015,447361920,23520,0.5958333611488342,128,233000,0.9345054626464844,1920,17,1,500000,1000,,233001.0,0.6255208253860474,0.650603175163269,0.5979166626930237,0.657894492149353,869,351242861,5,1
234001,1920,3510015,449281920,23520,0.5979166626930237,128,234000,0.9380104541778564,1920,17,1,500000,1000,,234001.0,0.6260416507720947,0.6506025195121765,0.5979166626930237,0.6579409837722778,873,351242861,5,1
235001,1920,3525015,451201920,23520,0.5979166626930237,128,235000,0.9415552616119385,1920,17,1,500000,1000,,235001.0,0.6270833611488342,0.6506032943725586,0.5979166626930237,0.6573026180267334,877,351242861,5,1
236001,1920,3540015,453121920,23520,0.5979166626930237,128,236000,0.945136308670044,1920,17,1,500000,1000,,236001.0,0.6265624761581421,0.6506019234657288,0.5979166626930237,0.6575754880905151,880,351242861,5,1
237001,1920,3555015,455041920,23520,0.5979166626930237,128,237000,0.9486820697784424,1920,17,1,500000,1000,,237001.0,0.6260416507720947,0.6505992412567139,0.5979166626930237,0.6574980616569519,884,351242861,5,1
238001,1920,3570015,456961920,23520,0.5979166626930237,128,238000,0.9524850845336914,1920,17,1,500000,1000,,238001.0,0.6260416507720947,0.6506031155586243,0.5979166626930237,0.6578001379966736,888,351242861,5,1
239001,1920,3585015,458881920,23520,0.5979166626930237,128,239000,0.9561429023742676,1920,17,1,500000,1000,,239001.0,0.625,0.6506041884422302,0.5958333611488342,0.6575968265533447,891,351242861,5,1
240001,1920,3600015,460801920,23520,0.5958333611488342,128,240000,0.9596569538116455,1920,17,1,500000,1000,,240001.0,0.625,0.650603175163269,0.5979166626930237,0.6577202677726746,895,351242861,5,1
241001,1920,3615015,462721920,23520,0.5979166626930237,128,241000,0.9637010097503662,1920,17,1,500000,1000,,241001.0,0.6239583492279053,0.6506019830703735,0.5979166626930237,0.6576871275901794,899,351242861,5,1
242001,1920,3630015,464641920,23520,0.5979166626930237,128,242000,0.967271089553833,1920,17,1,500000,1000,,242001.0,0.6239583492279053,0.6506018042564392,0.6000000238418579,0.6573805212974548,902,351242861,5,1
243001,1920,3645015,466561920,23520,0.6000000238418579,128,243000,0.9708442687988281,1920,17,1,500000,1000,,243001.0,0.6255208253860474,0.6506010293960571,0.5979166626930237,0.6573181748390198,906,351242861,5,1
244001,1920,3660015,468481920,23520,0.5979166626930237,128,244000,0.9744040966033936,1920,17,1,500000,1000,,244001.0,0.6255208253860474,0.6505998373031616,0.5979166626930237,0.6574848294258118,910,351242861,5,1
245001,1920,3675015,470401920,23520,0.5979166626930237,128,245000,0.9779503345489502,1920,17,1,500000,1000,,245001.0,0.6255208253860474,0.650600016117096,0.5979166626930237,0.6574162244796753,914,351242861,5,1
246001,1920,3690015,472321920,23520,0.5979166626930237,128,246000,0.98148512840271,1920,17,1,500000,1000,,246001.0,0.6260416507720947,0.6506027579307556,0.5979166626930237,0.657637357711792,917,351242861,5,1
247001,1920,3705015,474241920,23520,0.5979166626930237,128,247000,0.9850273132324219,1920,17,1,500000,1000,,247001.0,0.625,0.6506057381629944,0.5958333611488342,0.6575973629951477,921,351242861,5,1
248001,1920,3720015,476161920,23520,0.5958333611488342,128,248000,0.9885642528533936,1920,17,1,500000,1000,,248001.0,0.625,0.6506012678146362,0.5979166626930237,0.6573784351348877,925,351242861,5,1
249001,1920,3735015,478081920,23520,0.5979166626930237,128,249000,0.9920961856842041,1920,17,1,500000,1000,,249001.0,0.625,0.6505985260009766,0.5958333611488342,0.6575499773025513,928,351242861,5,1
250001,1920,3750015,480001920,23520,0.5958333611488342,128,250000,0.995671272277832,1920,17,1,500000,1000,,250001.0,0.6260416507720947,0.6506009697914124,0.5979166626930237,0.657690703868866,932,351242861,5,1
251001,1920,3765015,481921920,23520,0.5979166626930237,128,251000,0.9992642402648926,1920,17,1,500000,1000,,251001.0,0.6255208253860474,0.6506040692329407,0.5979166626930237,0.6573638319969177,935,351242861,5,1
252001,1920,3780015,483841920,23520,0.5979166626930237,128,252000,1.0027830600738525,1920,17,1,500000,1000,,252001.0,0.6260416507720947,0.6506035327911377,0.5958333611488342,0.6574038863182068,939,351242861,5,1
253001,1920,3795015,485761920,23520,0.5958333611488342,128,253000,1.0063700675964355,1920,17,1,500000,1000,,253001.0,0.6260416507720947,0.6506059765815735,0.5979166626930237,0.6578868627548218,943,351242861,5,1
254001,1920,3810015,487681920,23520,0.5979166626930237,128,254000,1.0102899074554443,1920,17,1,500000,1000,,254001.0,0.625,0.650600254535675,0.5979166626930237,0.6578451991081238,946,351242861,5,1
255001,1920,3825015,489601920,23520,0.5979166626930237,128,255000,1.0138609409332275,1920,17,1,500000,1000,,255001.0,0.6260416507720947,0.6506038904190063,0.5979166626930237,0.657194972038269,950,351242861,5,1
256001,1920,3840015,491521920,23520,0.5979166626930237,128,256000,1.017366886138916,1920,17,1,500000,1000,,256001.0,0.6255208253860474,0.6506032347679138,0.5979166626930237,0.6577314734458923,954,351242861,5,1
257001,1920,3855015,493441920,23520,0.5979166626930237,128,257000,1.0209319591522217,1920,17,1,500000,1000,,257001.0,0.6244791746139526,0.6506000757217407,0.5979166626930237,0.6573220491409302,957,351242861,5,1
258001,1920,3870015,495361920,23520,0.5979166626930237,128,258000,1.0244998931884766,1920,17,1,500000,1000,,258001.0,0.6260416507720947,0.6506016850471497,0.6020833253860474,0.6576640605926514,961,351242861,5,1
259001,1920,3885015,497281920,23520,0.6020833253860474,128,259000,1.0280671119689941,1920,17,1,500000,1000,,259001.0,0.6260416507720947,0.650603711605072,0.5958333611488342,0.6577377319335938,965,351242861,5,1
260001,1920,3900015,499201920,23520,0.5958333611488342,128,260000,1.0316081047058105,1920,17,1,500000,1000,,260001.0,0.6260416507720947,0.6506035327911377,0.5979166626930237,0.6580499410629272,968,351242861,5,1
261001,1920,3915015,501121920,23520,0.5979166626930237,128,261000,1.0351381301879883,1920,17,1,500000,1000,,261001.0,0.625,0.6505995392799377,0.5958333611488342,0.6575316786766052,972,351242861,5,1
262001,1920,3930015,503041920,23520,0.5958333611488342,128,262000,1.0388140678405762,1920,17,1,500000,1000,,262001.0,0.6265624761581421,0.6506029367446899,0.5979166626930237,0.6578471660614014,976,351242861,5,1
263001,1920,3945015,504961920,23520,0.5979166626930237,128,263000,1.0423681735992432,1920,17,1,500000,1000,,263001.0,0.6260416507720947,0.6506008505821228,0.5979166626930237,0.6577394008636475,979,351242861,5,1
264001,1920,3960015,506881920,23520,0.5979166626930237,128,264000,1.0461432933807373,1920,17,1,500000,1000,,264001.0,0.6255208253860474,0.6506022810935974,0.5979166626930237,0.6576827168464661,983,351242861,5,1
265001,1920,3975015,508801920,23520,0.5979166626930237,128,265000,1.049699306488037,1920,17,1,500000,1000,,265001.0,0.6255208253860474,0.6506068110466003,0.5979166626930237,0.6581085920333862,987,351242861,5,1
266001,1920,3990015,510721920,23520,0.5979166626930237,128,266000,1.0532660484313965,1920,17,1,500000,1000,,266001.0,0.6265624761581421,0.6506052017211914,0.5979166626930237,0.6579500436782837,990,351242861,5,1
267001,1920,4005015,512641920,23520,0.5979166626930237,128,267000,1.056788682937622,1920,17,1,500000,1000,,267001.0,0.6255208253860474,0.650604248046875,0.5979166626930237,0.6573764085769653,994,351242861,5,1
268001,1920,4020015,514561920,23520,0.5979166626930237,128,268000,1.060351848602295,1920,17,1,500000,1000,,268001.0,0.625,0.6506022810935974,0.5979166626930237,0.6571951508522034,998,351242861,5,1
269001,1920,4035015,516481920,23520,0.5979166626930237,128,269000,1.06390380859375,1920,17,1,500000,1000,,269001.0,0.6255208253860474,0.6506000757217407,0.5979166626930237,0.6577805280685425,1001,351242861,5,1
270001,1920,4050015,518401920,23520,0.5979166626930237,128,270000,1.0674595832824707,1920,17,1,500000,1000,,270001.0,0.6244791746139526,0.6506040096282959,0.5958333611488342,0.6574878096580505,1005,351242861,5,1
271001,1920,4065015,520321920,23520,0.5958333611488342,128,271000,1.0710337162017822,1920,17,1,500000,1000,,271001.0,0.6244791746139526,0.6506077647209167,0.5979166626930237,0.6575729250907898,1008,351242861,5,1
272001,1920,4080015,522241920,23520,0.5979166626930237,128,272000,1.074596643447876,1920,17,1,500000,1000,,272001.0,0.6260416507720947,0.6506033539772034,0.5979166626930237,0.6571294665336609,1012,351242861,5,1
273001,1920,4095015,524161920,23520,0.5979166626930237,128,273000,1.0781545639038086,1920,17,1,500000,1000,,273001.0,0.6255208253860474,0.6506021022796631,0.5958333611488342,0.6574389338493347,1016,351242861,5,1
274001,1920,4110015,526081920,23520,0.5958333611488342,128,274000,1.0817317962646484,1920,17,1,500000,1000,,274001.0,0.6260416507720947,0.6505995988845825,0.5979166626930237,0.6579272150993347,1019,351242861,5,1
275001,1920,4125015,528001920,23520,0.5979166626930237,128,275000,1.0852859020233154,1920,17,1,500000,1000,,275001.0,0.6255208253860474,0.6506026387214661,0.5979166626930237,0.6572158932685852,1023,351242861,5,1
276001,1920,4140015,529921920,23520,0.5979166626930237,128,276000,1.0898308753967285,1920,17,1,500000,1000,,276001.0,0.6260416507720947,0.6506015062332153,0.5979166626930237,0.6575139760971069,1027,351242861,5,1
277001,1920,4155015,531841920,23520,0.5979166626930237,128,277000,1.0933959484100342,1920,17,1,500000,1000,,277001.0,0.6265624761581421,0.6506013870239258,0.5979166626930237,0.6574833393096924,1030,351242861,5,1
278001,1920,4170015,533761920,23520,0.5979166626930237,128,278000,1.0969688892364502,1920,17,1,500000,1000,,278001.0,0.6244791746139526,0.6506029963493347,0.5958333611488342,0.6577416062355042,1034,351242861,5,1
279001,1920,4185015,535681920,23520,0.5958333611488342,128,279000,1.1005339622497559,1920,17,1,500000,1000,,279001.0,0.6239583492279053,0.6506054401397705,0.6000000238418579,0.6578068137168884,1038,351242861,5,1
280001,1920,4200015,537601920,23520,0.6000000238418579,128,280000,1.1040890216827393,1920,17,1,500000,1000,,280001.0,0.6265624761581421,0.6506021618843079,0.5979166626930237,0.657379686832428,1041,351242861,5,1
281001,1920,4215015,539521920,23520,0.5979166626930237,128,281000,1.1076416969299316,1920,17,1,500000,1000,,281001.0,0.6244791746139526,0.6506040096282959,0.5958333611488342,0.6572203040122986,1045,351242861,5,1
282001,1920,4230015,541441920,23520,0.5958333611488342,128,282000,1.1111984252929688,1920,17,1,500000,1000,,282001.0,0.625,0.6506003141403198,0.6000000238418579,0.657539427280426,1049,351242861,5,1
283001,1920,4245015,543361920,23520,0.6000000238418579,128,283000,1.1147682666778564,1920,17,1,500000,1000,,283001.0,0.6255208253860474,0.6506010293960571,0.5958333611488342,0.6571462154388428,1052,351242861,5,1
284001,1920,4260015,545281920,23520,0.5958333611488342,128,284000,1.1183114051818848,1920,17,1,500000,1000,,284001.0,0.6255208253860474,0.6506012082099915,0.5979166626930237,0.6579353213310242,1056,351242861,5,1
285001,1920,4275015,547201920,23520,0.5979166626930237,128,285000,1.121847152709961,1920,17,1,500000,1000,,285001.0,0.6255208253860474,0.6506107449531555,0.6020833253860474,0.6573364734649658,1059,351242861,5,1
286001,1920,4290015,549121920,23520,0.6020833253860474,128,286000,1.1259732246398926,1920,17,1,500000,1000,,286001.0,0.6244791746139526,0.6506010890007019,0.5958333611488342,0.6574422717094421,1063,351242861,5,1
287001,1920,4305015,551041920,23520,0.5958333611488342,128,287000,1.1296162605285645,1920,17,1,500000,1000,,287001.0,0.6265624761581421,0.6506014466285706,0.5958333611488342,0.6577386260032654,1067,351242861,5,1
288001,1920,4320015,552961920,23520,0.5958333611488342,128,288000,1.1331863403320312,1920,17,1,500000,1000,,288001.0,0.6260416507720947,0.6505975723266602,0.5979166626930237,0.6575409173965454,1070,351242861,5,1
289001,1920,4335015,554881920,23520,0.5979166626930237,128,289000,1.136723279953003,1920,17,1,500000,1000,,289001.0,0.6255208253860474,0.6506005525588989,0.5979166626930237,0.6576644778251648,1074,351242861,5,1
290001,1920,4350015,556801920,23520,0.5979166626930237,128,290000,1.140303134918213,1920,17,1,500000,1000,,290001.0,0.625,0.6506031155586243,0.5979166626930237,0.6575182676315308,1078,351242861,5,1
291001,1920,4365015,558721920,23520,0.5979166626930237,128,291000,1.1438241004943848,1920,17,1,500000,1000,,291001.0,0.6239583492279053,0.6506035923957825,0.5958333611488342,0.6571197509765625,1081,351242861,5,1
292001,1920,4380015,560641920,23520,0.5958333611488342,128,292000,1.1504170894622803,1920,17,1,500000,1000,,292001.0,0.6255208253860474,0.6506072878837585,0.5979166626930237,0.657767653465271,1085,351242861,5,1
293001,1920,4395015,562561920,23520,0.5979166626930237,128,293000,1.1539900302886963,1920,17,1,500000,1000,,293001.0,0.625,0.650603711605072,0.5958333611488342,0.6574649214744568,1089,351242861,5,1
294001,1920,4410015,564481920,23520,0.5958333611488342,128,294000,1.1575679779052734,1920,17,1,500000,1000,,294001.0,0.6255208253860474,0.650600254535675,0.5979166626930237,0.6575373411178589,1092,351242861,5,1
295001,1920,4425015,566401920,23520,0.5979166626930237,128,295000,1.16127610206604,1920,17,1,500000,1000,,295001.0,0.6244791746139526,0.6505982279777527,0.5979166626930237,0.6574916243553162,1097,351242861,5,1
296001,1920,4440015,568321920,23520,0.5979166626930237,128,296000,1.1648221015930176,1920,17,1,500000,1000,,296001.0,0.625,0.650602400302887,0.6020833253860474,0.6577816009521484,1102,351242861,5,1
297001,1920,4455015,570241920,23520,0.6020833253860474,128,297000,1.168750286102295,1920,17,1,500000,1000,,297001.0,0.6244791746139526,0.6506055593490601,0.5979166626930237,0.6574335694313049,1107,351242861,5,1
298001,1920,4470015,572161920,23520,0.5979166626930237,128,298000,1.172349452972412,1920,17,1,500000,1000,,298001.0,0.6255208253860474,0.650600790977478,0.5979166626930237,0.6576941013336182,1111,351242861,5,1
299001,1920,4485015,574081920,23520,0.5979166626930237,128,299000,1.175896406173706,1920,17,1,500000,1000,,299001.0,0.6255208253860474,0.6506022810935974,0.5958333611488342,0.657543420791626,1115,351242861,5,1
300001,1920,4500015,576001920,23520,0.5958333611488342,128,300000,1.1794095039367676,1920,17,1,500000,1000,,300001.0,0.6244791746139526,0.6506070494651794,0.5979166626930237,0.6571550369262695,1119,351242861,5,1
301001,1920,4515015,577921920,23520,0.5979166626930237,128,301000,1.1832027435302734,1920,17,1,500000,1000,,301001.0,0.6265624761581421,0.6506029963493347,0.6000000238418579,0.6573022603988647,1123,351242861,5,1
302001,1920,4530015,579841920,23520,0.6000000238418579,128,302000,1.1867477893829346,1920,17,1,500000,1000,,302001.0,0.6265624761581421,0.6506105661392212,0.5979166626930237,0.6573554277420044,1126,351242861,5,1
303001,1920,4545015,581761920,23520,0.5979166626930237,128,303000,1.1903185844421387,1920,17,1,500000,1000,,303001.0,0.6255208253860474,0.6506055593490601,0.5979166626930237,0.6582171320915222,1130,351242861,5,1
304001,1920,4560015,583681920,23520,0.5979166626930237,128,304000,1.1938796043395996,1920,17,1,500000,1000,,304001.0,0.6260416507720947,0.6505978107452393,0.5979166626930237,0.6576194763183594,1134,351242861,5,1
305001,1920,4575015,585601920,23520,0.5979166626930237,128,305000,1.1974756717681885,1920,17,1,500000,1000,,305001.0,0.6276041865348816,0.6506044268608093,0.5979166626930237,0.6572036147117615,1137,351242861,5,1
306001,1920,4590015,587521920,23520,0.5979166626930237,128,306000,1.2010486125946045,1920,17,1,500000,1000,,306001.0,0.6255208253860474,0.6506028771400452,0.5979166626930237,0.6576985716819763,1141,351242861,5,1
307001,1920,4605015,589441920,23520,0.5979166626930237,128,307000,1.2045865058898926,1920,17,1,500000,1000,,307001.0,0.6239583492279053,0.6505997776985168,0.5979166626930237,0.6576569080352783,1145,351242861,5,1
308001,1920,4620015,591361920,23520,0.5979166626930237,128,308000,1.2081594467163086,1920,17,1,500000,1000,,308001.0,0.6265624761581421,0.650600790977478,0.5979166626930237,0.6574143767356873,1149,351242861,5,1
309001,1920,4635015,593281920,23520,0.5979166626930237,128,309000,1.2118113040924072,1920,17,1,500000,1000,,309001.0,0.6255208253860474,0.6506026983261108,0.5979166626930237,0.6576805710792542,1152,351242861,5,1
310001,1920,4650015,595201920,23520,0.5979166626930237,128,310000,1.2153701782226562,1920,17,1,500000,1000,,310001.0,0.6255208253860474,0.6505991220474243,0.5979166626930237,0.6576114892959595,1156,351242861,5,1
311001,1920,4665015,597121920,23520,0.5979166626930237,128,311000,1.2189602851867676,1920,17,1,500000,1000,,311001.0,0.6255208253860474,0.6505986452102661,0.5979166626930237,0.6576710939407349,1160,351242861,5,1
312001,1920,4680015,599041920,23520,0.5979166626930237,128,312000,1.2243754863739014,1920,17,1,500000,1000,,312001.0,0.625,0.6506065130233765,0.5958333611488342,0.6580682396888733,1163,351242861,5,1
313001,1920,4695015,600961920,23520,0.5958333611488342,128,313000,1.2279253005981445,1920,17,1,500000,1000,,313001.0,0.6260416507720947,0.6506006717681885,0.5979166626930237,0.657547652721405,1167,351242861,5,1
314001,1920,4710015,602881920,23520,0.5979166626930237,128,314000,1.2315282821655273,1920,17,1,500000,1000,,314001.0,0.6260416507720947,0.6506035923957825,0.5979166626930237,0.6573450565338135,1171,351242861,5,1
315001,1920,4725015,604801920,23520,0.5979166626930237,128,315000,1.2351133823394775,1920,17,1,500000,1000,,315001.0,0.6255208253860474,0.6506028771400452,0.5979166626930237,0.657970666885376,1175,351242861,5,1
316001,1920,4740015,606721920,23520,0.5979166626930237,128,316000,1.2386815547943115,1920,17,1,500000,1000,,316001.0,0.6260416507720947,0.650602400302887,0.5979166626930237,0.6573526859283447,1178,351242861,5,1
317001,1920,4755015,608641920,23520,0.5979166626930237,128,317000,1.2422335147857666,1920,17,1,500000,1000,,317001.0,0.625,0.6506018042564392,0.5979166626930237,0.6575058102607727,1183,351242861,5,1
318001,1920,4770015,610561920,23520,0.5979166626930237,128,318000,1.2457637786865234,1920,17,1,500000,1000,,318001.0,0.6265624761581421,0.6505996584892273,0.5958333611488342,0.6575683355331421,1186,351242861,5,1
319001,1920,4785015,612481920,23520,0.5958333611488342,128,319000,1.2493395805358887,1920,17,1,500000,1000,,319001.0,0.625,0.6506025791168213,0.5958333611488342,0.6576946377754211,1190,351242861,5,1
320001,1920,4800015,614401920,23520,0.5958333611488342,128,320000,1.2528915405273438,1920,17,1,500000,1000,,320001.0,0.6255208253860474,0.6506058573722839,0.5979166626930237,0.6572652459144592,1194,351242861,5,1
321001,1920,4815015,616321920,23520,0.5979166626930237,128,321000,1.2565433979034424,1920,17,1,500000,1000,,321001.0,0.625,0.650600016117096,0.5979166626930237,0.6573151350021362,1198,351242861,5,1
322001,1920,4830015,618241920,23520,0.5979166626930237,128,322000,1.2600946426391602,1920,17,1,500000,1000,,322001.0,0.6265624761581421,0.6506046056747437,0.5979166626930237,0.6574023962020874,1201,351242861,5,1
323001,1920,4845015,620161920,23520,0.5979166626930237,128,323000,1.263587474822998,1920,17,1,500000,1000,,323001.0,0.6255208253860474,0.650600790977478,0.5979166626930237,0.6577752232551575,1205,351242861,5,1
324001,1920,4860015,622081920,23520,0.5979166626930237,128,324000,1.2670984268188477,1920,17,1,500000,1000,,324001.0,0.6239583492279053,0.6506069302558899,0.5979166626930237,0.6576150059700012,1209,351242861,5,1
325001,1920,4875015,624001920,23520,0.5979166626930237,128,325000,1.2706365585327148,1920,17,1,500000,1000,,325001.0,0.6255208253860474,0.6506028771400452,0.5979166626930237,0.658035933971405,1213,351242861,5,1
326001,1920,4890015,625921920,23520,0.5979166626930237,128,326000,1.2741754055023193,1920,17,1,500000,1000,,326001.0,0.625,0.6506032347679138,0.5979166626930237,0.6572445631027222,1216,351242861,5,1
327001,1920,4905015,627841920,23520,0.5979166626930237,128,327000,1.277815341949463,1920,17,1,500000,1000,,327001.0,0.6239583492279053,0.6506025195121765,0.5979166626930237,0.6578109264373779,1220,351242861,5,1
328001,1920,4920015,629761920,23520,0.5979166626930237,128,328000,1.2813832759857178,1920,17,1,500000,1000,,328001.0,0.6260416507720947,0.6506025791168213,0.5979166626930237,0.6577152013778687,1224,351242861,5,1
329001,1920,4935015,631681920,23520,0.5979166626930237,128,329000,1.2863543033599854,1920,17,1,500000,1000,,329001.0,0.6265624761581421,0.650601327419281,0.5979166626930237,0.6575528979301453,1227,351242861,5,1
330001,1920,4950015,633601920,23520,0.5979166626930237,128,330000,1.2898733615875244,1920,17,1,500000,1000,,330001.0,0.6255208253860474,0.6506021022796631,0.5979166626930237,0.6575201749801636,1231,351242861,5,1
331001,1920,4965015,635521920,23520,0.5979166626930237,128,331000,1.293419361114502,1920,17,1,500000,1000,,331001.0,0.6255208253860474,0.6506004333496094,0.5979166626930237,0.6573389172554016,1235,351242861,5,1
332001,1920,4980015,637441920,23520,0.5979166626930237,128,332000,1.2969765663146973,1920,17,1,500000,1000,,332001.0,0.625,0.6506065726280212,0.5979166626930237,0.6572673320770264,1239,351242861,5,1
333001,1920,4995015,639361920,23520,0.5979166626930237,128,333000,1.3005075454711914,1920,17,1,500000,1000,,333001.0,0.6265624761581421,0.6506004333496094,0.5958333611488342,0.6576957106590271,1242,351242861,5,1
334001,1920,5010015,641281920,23520,0.5958333611488342,128,334000,1.3040995597839355,1920,17,1,500000,1000,,334001.0,0.6265624761581421,0.6506010890007019,0.5979166626930237,0.6575036644935608,1246,351242861,5,1
335001,1920,5025015,643201920,23520,0.5979166626930237,128,335000,1.3076465129852295,1920,17,1,500000,1000,,335001.0,0.6255208253860474,0.6506016254425049,0.5979166626930237,0.6579824090003967,1250,351242861,5,1
336001,1920,5040015,645121920,23520,0.5979166626930237,128,336000,1.3112444877624512,1920,17,1,500000,1000,,336001.0,0.625,0.6506018042564392,0.5979166626930237,0.6577119827270508,1253,351242861,5,1
337001,1920,5055015,647041920,23520,0.5979166626930237,128,337000,1.3148295879364014,1920,17,1,500000,1000,,337001.0,0.625,0.6505977511405945,0.5979166626930237,0.6576036810874939,1257,351242861,5,1
338001,1920,5070015,648961920,23520,0.5979166626930237,128,338000,1.318406581878662,1920,17,1,500000,1000,,338001.0,0.6260416507720947,0.6506019830703735,0.5979166626930237,0.6573984622955322,1261,351242861,5,1
339001,1920,5085015,650881920,23520,0.5979166626930237,128,339000,1.321995496749878,1920,17,1,500000,1000,,339001.0,0.6260416507720947,0.6506010890007019,0.5979166626930237,0.6576650738716125,1264,351242861,5,1
340001,1920,5100015,652801920,23520,0.5979166626930237,128,340000,1.3255746364593506,1920,17,1,500000,1000,,340001.0,0.6255208253860474,0.6506005525588989,0.5979166626930237,0.6577128171920776,1268,351242861,5,1
341001,1920,5115015,654721920,23520,0.5979166626930237,128,341000,1.3291575908660889,1920,17,1,500000,1000,,341001.0,0.625,0.6506059765815735,0.5979166626930237,0.6575269103050232,1272,351242861,5,1
342001,1920,5130015,656641920,23520,0.5979166626930237,128,342000,1.3327398300170898,1920,17,1,500000,1000,,342001.0,0.6255208253860474,0.650604248046875,0.5979166626930237,0.6572198271751404,1275,351242861,5,1
343001,1920,5145015,658561920,23520,0.5979166626930237,128,343000,1.3363080024719238,1920,17,1,500000,1000,,343001.0,0.6260416507720947,0.650605320930481,0.6020833253860474,0.6574922204017639,1279,351242861,5,1
344001,1920,5160015,660481920,23520,0.6020833253860474,128,344000,1.3398568630218506,1920,17,1,500000,1000,,344001.0,0.6265624761581421,0.6506083011627197,0.5958333611488342,0.6582435369491577,1283,351242861,5,1
345001,1920,5175015,662401920,23520,0.5958333611488342,128,345000,1.3434059619903564,1920,17,1,500000,1000,,345001.0,0.6265624761581421,0.6506003141403198,0.5979166626930237,0.6577078700065613,1286,351242861,5,1
346001,1920,5190015,664321920,23520,0.5979166626930237,128,346000,1.3470289707183838,1920,17,1,500000,1000,,346001.0,0.6260416507720947,0.6506021618843079,0.5979166626930237,0.6575144529342651,1290,351242861,5,1
347001,1920,5205015,666241920,23520,0.5979166626930237,128,347000,1.350759744644165,1920,17,1,500000,1000,,347001.0,0.6255208253860474,0.6506088972091675,0.5979166626930237,0.6570083498954773,1294,351242861,5,1
348001,1920,5220015,668161920,23520,0.5979166626930237,128,348000,1.3542778491973877,1920,17,1,500000,1000,,348001.0,0.6244791746139526,0.6506059169769287,0.59375,0.6574041247367859,1297,351242861,5,1
349001,1920,5235015,670081920,23520,0.59375,128,349000,1.3578479290008545,1920,17,1,500000,1000,,349001.0,0.6234375238418579,0.6506034135818481,0.5979166626930237,0.6575964093208313,1301,351242861,5,1
350001,1920,5250015,672001920,23520,0.5979166626930237,128,350000,1.361567735671997,1920,17,1,500000,1000,,350001.0,0.6255208253860474,0.6506016850471497,0.5958333611488342,0.6574521660804749,1305,351242861,5,1
351001,1920,5265015,673921920,23520,0.5958333611488342,128,351000,1.3650996685028076,1920,17,1,500000,1000,,351001.0,0.6260416507720947,0.6506000757217407,0.5979166626930237,0.6574550867080688,1308,351242861,5,1
352001,1920,5280015,675841920,23520,0.5979166626930237,128,352000,1.3686656951904297,1920,17,1,500000,1000,,352001.0,0.6255208253860474,0.650599479675293,0.5979166626930237,0.6572163701057434,1312,351242861,5,1
353001,1920,5295015,677761920,23520,0.5979166626930237,128,353000,1.3722548484802246,1920,17,1,500000,1000,,353001.0,0.6270833611488342,0.6506060361862183,0.5958333611488342,0.6571727395057678,1316,351242861,5,1
354001,1920,5310015,679681920,23520,0.5958333611488342,128,354000,1.3757529258728027,1920,17,1,500000,1000,,354001.0,0.6260416507720947,0.650598406791687,0.5979166626930237,0.6574427485466003,1319,351242861,5,1
355001,1920,5325015,681601920,23520,0.5979166626930237,128,355000,1.379364013671875,1920,17,1,500000,1000,,355001.0,0.6255208253860474,0.6505997776985168,0.5979166626930237,0.6572872996330261,1323,351242861,5,1
356001,1920,5340015,683521920,23520,0.5979166626930237,128,356000,1.383105993270874,1920,17,1,500000,1000,,356001.0,0.6260416507720947,0.6505996584892273,0.5979166626930237,0.6577548384666443,1327,351242861,5,1
357001,1920,5355015,685441920,23520,0.5979166626930237,128,357000,1.3866968154907227,1920,17,1,500000,1000,,357001.0,0.6255208253860474,0.6506021022796631,0.5979166626930237,0.6576067805290222,1330,351242861,5,1
358001,1920,5370015,687361920,23520,0.5979166626930237,128,358000,1.3902578353881836,1920,17,1,500000,1000,,358001.0,0.6244791746139526,0.6506016850471497,0.6000000238418579,0.6576380133628845,1334,351242861,5,1
359001,1920,5385015,689281920,23520,0.6000000238418579,128,359000,1.3938508033752441,1920,17,1,500000,1000,,359001.0,0.6244791746139526,0.6506021618843079,0.5979166626930237,0.6573240756988525,1338,351242861,5,1
360001,1920,5400015,691201920,23520,0.5979166626930237,128,360000,1.3974237442016602,1920,17,1,500000,1000,,360001.0,0.6244791746139526,0.6506015658378601,0.5979166626930237,0.657120406627655,1341,351242861,5,1
361001,1920,5415015,693121920,23520,0.5979166626930237,128,361000,1.4010117053985596,1920,17,1,500000,1000,,361001.0,0.625,0.6506007313728333,0.5958333611488342,0.6572222113609314,1345,351242861,5,1
362001,1920,5430015,695041920,23520,0.5958333611488342,128,362000,1.4046061038970947,1920,17,1,500000,1000,,362001.0,0.6255208253860474,0.6506040096282959,0.5958333611488342,0.6577255725860596,1349,351242861,5,1
363001,1920,5445015,696961920,23520,0.5958333611488342,128,363000,1.4081733226776123,1920,17,1,500000,1000,,363001.0,0.6260416507720947,0.6506065130233765,0.6020833253860474,0.6572760343551636,1352,351242861,5,1
364001,1920,5460015,698881920,23520,0.6020833253860474,128,364000,1.411750316619873,1920,17,1,500000,1000,,364001.0,0.6265624761581421,0.650601327419281,0.5979166626930237,0.6576364040374756,1356,351242861,5,1
365001,1920,5475015,700801920,23520,0.5979166626930237,128,365000,1.4153213500976562,1920,17,1,500000,1000,,365001.0,0.6255208253860474,0.6506018042564392,0.5958333611488342,0.6574252843856812,1360,351242861,5,1
366001,1920,5490015,702721920,23520,0.5958333611488342,128,366000,1.418882131576538,1920,17,1,500000,1000,,366001.0,0.6265624761581421,0.6505987644195557,0.5979166626930237,0.6572068333625793,1364,351242861,5,1
367001,1920,5505015,704641920,23520,0.5979166626930237,128,367000,1.4224941730499268,1920,17,1,500000,1000,,367001.0,0.6234375238418579,0.6506019234657288,0.5979166626930237,0.6575309634208679,1367,351242861,5,1
368001,1920,5520015,706561920,23520,0.5979166626930237,128,368000,1.426077127456665,1920,17,1,500000,1000,,368001.0,0.625,0.6506065726280212,0.5979166626930237,0.6575135588645935,1371,351242861,5,1
369001,1920,5535015,708481920,23520,0.5979166626930237,128,369000,1.429638147354126,1920,17,1,500000,1000,,369001.0,0.6260416507720947,0.6506006121635437,0.5979166626930237,0.6573837995529175,1375,351242861,5,1
370001,1920,5550015,710401920,23520,0.5979166626930237,128,370000,1.4334251880645752,1920,17,1,500000,1000,,370001.0,0.625,0.6506066918373108,0.6020833253860474,0.6571855545043945,1378,351242861,5,1
371001,1920,5565015,712321920,23520,0.6020833253860474,128,371000,1.4369761943817139,1920,17,1,500000,1000,,371001.0,0.625,0.6506007313728333,0.5979166626930237,0.6577267050743103,1382,351242861,5,1
372001,1920,5580015,714241920,23520,0.5979166626930237,128,372000,1.442554235458374,1920,17,1,500000,1000,,372001.0,0.625,0.6506052613258362,0.5958333611488342,0.6574704647064209,1386,351242861,5,1
373001,1920,5595015,716161920,23520,0.5958333611488342,128,373000,1.4646472930908203,1920,17,1,500000,1000,,373001.0,0.6260416507720947,0.6506001949310303,0.5979166626930237,0.6578693389892578,1391,351242861,5,1
374001,1920,5610015,718081920,23520,0.5979166626930237,128,374000,1.4682142734527588,1920,17,1,500000,1000,,374001.0,0.6260416507720947,0.6506050825119019,0.5958333611488342,0.6579714417457581,1394,351242861,5,1
375001,1920,5625015,720001920,23520,0.5958333611488342,128,375000,1.4718081951141357,1920,17,1,500000,1000,,375001.0,0.625,0.650600790977478,0.5979166626930237,0.6574640870094299,1398,351242861,5,1
376001,1920,5640015,721921920,23520,0.5979166626930237,128,376000,1.4753823280334473,1920,17,1,500000,1000,,376001.0,0.6260416507720947,0.6505988836288452,0.5958333611488342,0.6575431227684021,1402,351242861,5,1
377001,1920,5655015,723841920,23520,0.5958333611488342,128,377000,1.4789783954620361,1920,17,1,500000,1000,,377001.0,0.6260416507720947,0.6506011486053467,0.5979166626930237,0.6578951478004456,1405,351242861,5,1
378001,1920,5670015,725761920,23520,0.5979166626930237,128,378000,1.4825055599212646,1920,17,1,500000,1000,,378001.0,0.6255208253860474,0.6505996584892273,0.5979166626930237,0.6579615473747253,1409,351242861,5,1
379001,1920,5685015,727681920,23520,0.5979166626930237,128,379000,1.4860925674438477,1920,17,1,500000,1000,,379001.0,0.6260416507720947,0.6506018042564392,0.5979166626930237,0.6573450565338135,1413,351242861,5,1
380001,1920,5700015,729601920,23520,0.5979166626930237,128,380000,1.489673376083374,1920,17,1,500000,1000,,380001.0,0.6260416507720947,0.650598406791687,0.5979166626930237,0.657697856426239,1416,351242861,5,1
381001,1920,5715015,731521920,23520,0.5979166626930237,128,381000,1.4932494163513184,1920,17,1,500000,1000,,381001.0,0.6260416507720947,0.6506040096282959,0.5979166626930237,0.6573129892349243,1420,351242861,5,1
382001,1920,5730015,733441920,23520,0.5979166626930237,128,382000,1.4972033500671387,1920,17,1,500000,1000,,382001.0,0.6260416507720947,0.6505981683731079,0.5979166626930237,0.6576489210128784,1425,351242861,5,1
383001,1920,5745015,735361920,23520,0.5979166626930237,128,383000,1.5007944107055664,1920,17,1,500000,1000,,383001.0,0.6260416507720947,0.6506049036979675,0.6020833253860474,0.657512903213501,1431,351242861,5,1
384001,1920,5760015,737281920,23520,0.6020833253860474,128,384000,1.5043983459472656,1920,17,1,500000,1000,,384001.0,0.6260416507720947,0.6505969166755676,0.5979166626930237,0.6575183272361755,1435,351242861,5,1
385001,1920,5775015,739201920,23520,0.5979166626930237,128,385000,1.5082383155822754,1920,17,1,500000,1000,,385001.0,0.6265624761581421,0.6506039500236511,0.5979166626930237,0.6572311520576477,1440,351242861,5,1
386001,1920,5790015,741121920,23520,0.5979166626930237,128,386000,1.5118234157562256,1920,17,1,500000,1000,,386001.0,0.6244791746139526,0.6506009697914124,0.5958333611488342,0.65776526927948,1443,351242861,5,1
387001,1920,5805015,743041920,23520,0.5958333611488342,128,387000,1.5157055854797363,1920,17,1,500000,1000,,387001.0,0.6260416507720947,0.6506088376045227,0.6041666865348816,0.6567044854164124,1447,351242861,5,1
388001,1920,5820015,744961920,23520,0.6041666865348816,128,388000,1.5192837715148926,1920,17,1,500000,1000,,388001.0,0.625,0.6506040096282959,0.5979166626930237,0.6576035618782043,1451,351242861,5,1
389001,1920,5835015,746881920,23520,0.5979166626930237,128,389000,1.5228328704833984,1920,17,1,500000,1000,,389001.0,0.6260416507720947,0.6505995988845825,0.5958333611488342,0.6575878858566284,1455,351242861,5,1
390001,1920,5850015,748801920,23520,0.5958333611488342,128,390000,1.526477575302124,1920,17,1,500000,1000,,390001.0,0.6239583492279053,0.6506064534187317,0.59375,0.6572315692901611,1459,351242861,5,1
391001,1920,5865015,750721920,23520,0.59375,128,391000,1.530228853225708,1920,17,1,500000,1000,,391001.0,0.6244791746139526,0.6506041884422302,0.5958333611488342,0.6575302481651306,1463,351242861,5,1
392001,1920,5880015,752641920,23520,0.5958333611488342,128,392000,1.533789873123169,1920,17,1,500000,1000,,392001.0,0.6270833611488342,0.6506005525588989,0.5979166626930237,0.6578726172447205,1467,351242861,5,1
393001,1920,5895015,754561920,23520,0.5979166626930237,128,393000,1.537343978881836,1920,17,1,500000,1000,,393001.0,0.6270833611488342,0.6506034731864929,0.5958333611488342,0.6578692197799683,1471,351242861,5,1
394001,1920,5910015,756481920,23520,0.5958333611488342,128,394000,1.5411067008972168,1920,17,1,500000,1000,,394001.0,0.6260416507720947,0.6506060361862183,0.5979166626930237,0.6577273011207581,1480,351242861,5,1
395001,1920,5925015,758401920,23520,0.5979166626930237,128,395000,1.5446724891662598,1920,17,1,500000,1000,,395001.0,0.6265624761581421,0.6506012678146362,0.5958333611488342,0.6573607921600342,1491,351242861,5,1
396001,1920,5940015,760321920,23520,0.5958333611488342,128,396000,1.5482676029205322,1920,17,1,500000,1000,,396001.0,0.6255208253860474,0.6506032347679138,0.5979166626930237,0.6577263474464417,1495,351242861,5,1
397001,1920,5955015,762241920,23520,0.5979166626930237,128,397000,1.5518343448638916,1920,17,1,500000,1000,,397001.0,0.6265624761581421,0.6506016850471497,0.6000000238418579,0.6575164198875427,1499,351242861,5,1
398001,1920,5970015,764161920,23520,0.6000000238418579,128,398000,1.5554015636444092,1920,17,1,500000,1000,,398001.0,0.6255208253860474,0.6506009697914124,0.5979166626930237,0.6575508713722229,1503,351242861,5,1
399001,1920,5985015,766081920,23520,0.5979166626930237,128,399000,1.5589547157287598,1920,17,1,500000,1000,,399001.0,0.6255208253860474,0.6506043076515198,0.5958333611488342,0.6575297117233276,1508,351242861,5,1
400001,1920,6000015,768001920,23520,0.5958333611488342,128,400000,1.5625176429748535,1920,17,1,500000,1000,,400001.0,0.6260416507720947,0.6506022810935974,0.5979166626930237,0.6577374339103699,1512,351242861,5,1
401001,1920,6015015,769921920,23520,0.5979166626930237,128,401000,1.5722079277038574,1920,17,1,500000,1000,,401001.0,0.6255208253860474,0.6506041288375854,0.5979166626930237,0.6578447222709656,1516,351242861,5,1
402001,1920,6030015,771841920,23520,0.5979166626930237,128,402000,1.575725793838501,1920,17,1,500000,1000,,402001.0,0.6260416507720947,0.6506027579307556,0.5979166626930237,0.6575379967689514,1519,351242861,5,1
403001,1920,6045015,773761920,23520,0.5979166626930237,128,403000,1.5794508457183838,1920,17,1,500000,1000,,403001.0,0.6260416507720947,0.6505985260009766,0.5979166626930237,0.6574249267578125,1523,351242861,5,1
404001,1920,6060015,775681920,23520,0.5979166626930237,128,404000,1.582974910736084,1920,17,1,500000,1000,,404001.0,0.6260416507720947,0.650605320930481,0.5979166626930237,0.657704770565033,1527,351242861,5,1
405001,1920,6075015,777601920,23520,0.5979166626930237,128,405000,1.5867137908935547,1920,17,1,500000,1000,,405001.0,0.6244791746139526,0.6506081223487854,0.5979166626930237,0.65789794921875,1530,351242861,5,1
406001,1920,6090015,779521920,23520,0.5979166626930237,128,406000,1.5902957916259766,1920,17,1,500000,1000,,406001.0,0.6260416507720947,0.6506057381629944,0.5958333611488342,0.657305121421814,1534,351242861,5,1
407001,1920,6105015,781441920,23520,0.5958333611488342,128,407000,1.5938730239868164,1920,17,1,500000,1000,,407001.0,0.625,0.6506018042564392,0.5979166626930237,0.6573171019554138,1538,351242861,5,1
408001,1920,6120015,783361920,23520,0.5979166626930237,128,408000,1.5974681377410889,1920,17,1,500000,1000,,408001.0,0.6265624761581421,0.6506017446517944,0.5979166626930237,0.6576462984085083,1541,351242861,5,1
409001,1920,6135015,785281920,23520,0.5979166626930237,128,409000,1.600973129272461,1920,17,1,500000,1000,,409001.0,0.6260416507720947,0.650598406791687,0.5979166626930237,0.6578810214996338,1545,351242861,5,1
410001,1920,6150015,787201920,23520,0.5979166626930237,128,410000,1.6045069694519043,1920,17,1,500000,1000,,410001.0,0.6260416507720947,0.6505998969078064,0.5979166626930237,0.6575233936309814,1549,351242861,5,1
411001,1920,6165015,789121920,23520,0.5979166626930237,128,411000,1.6080780029296875,1920,17,1,500000,1000,,411001.0,0.6260416507720947,0.6506015658378601,0.5979166626930237,0.6579007506370544,1552,351242861,5,1
412001,1920,6180015,791041920,23520,0.5979166626930237,128,412000,1.6116666793823242,1920,17,1,500000,1000,,412001.0,0.625,0.6506050825119019,0.5979166626930237,0.6575262546539307,1556,351242861,5,1
413001,1920,6195015,792961920,23520,0.5979166626930237,128,413000,1.615238904953003,1920,17,1,500000,1000,,413001.0,0.6260416507720947,0.6506022810935974,0.5979166626930237,0.6578797101974487,1560,351242861,5,1
414001,1920,6210015,794881920,23520,0.5979166626930237,128,414000,1.6190228462219238,1920,17,1,500000,1000,,414001.0,0.6260416507720947,0.6506026983261108,0.5979166626930237,0.6577845215797424,1563,351242861,5,1
415001,1920,6225015,796801920,23520,0.5979166626930237,128,415000,1.6226837635040283,1920,17,1,500000,1000,,415001.0,0.6260416507720947,0.6506050229072571,0.59375,0.658452570438385,1567,351242861,5,1
416001,1920,6240015,798721920,23520,0.59375,128,416000,1.6262567043304443,1920,17,1,500000,1000,,416001.0,0.6255208253860474,0.6506044268608093,0.5958333611488342,0.6577430367469788,1570,351242861,5,1
417001,1920,6255015,800641920,23520,0.5958333611488342,128,417000,1.6298418045043945,1920,17,1,500000,1000,,417001.0,0.625,0.6506023406982422,0.6020833253860474,0.6574835181236267,1574,351242861,5,1
418001,1920,6270015,802561920,23520,0.6020833253860474,128,418000,1.6334021091461182,1920,17,1,500000,1000,,418001.0,0.6260416507720947,0.6505977511405945,0.5979166626930237,0.6574605107307434,1578,351242861,5,1
419001,1920,6285015,804481920,23520,0.5979166626930237,128,419000,1.6369168758392334,1920,17,1,500000,1000,,419001.0,0.6260416507720947,0.6505969762802124,0.5979166626930237,0.6576874852180481,1582,351242861,5,1
420001,1920,6300015,806401920,23520,0.5979166626930237,128,420000,1.6420328617095947,1920,17,1,500000,1000,,420001.0,0.625,0.6506053805351257,0.5958333611488342,0.6577941179275513,1585,351242861,5,1
421001,1920,6315015,808321920,23520,0.5958333611488342,128,421000,1.6456232070922852,1920,17,1,500000,1000,,421001.0,0.6255208253860474,0.6506033539772034,0.5979166626930237,0.6576197743415833,1589,351242861,5,1
422001,1920,6330015,810241920,23520,0.5979166626930237,128,422000,1.6492161750793457,1920,17,1,500000,1000,,422001.0,0.6260416507720947,0.6506020426750183,0.5979166626930237,0.6576269268989563,1593,351242861,5,1
423001,1920,6345015,812161920,23520,0.5979166626930237,128,423000,1.6527938842773438,1920,17,1,500000,1000,,423001.0,0.6265624761581421,0.6506022214889526,0.6000000238418579,0.6575173735618591,1597,351242861,5,1
424001,1920,6360015,814081920,23520,0.6000000238418579,128,424000,1.6563961505889893,1920,17,1,500000,1000,,424001.0,0.6260416507720947,0.6506010890007019,0.5979166626930237,0.6571692228317261,1600,351242861,5,1
425001,1920,6375015,816001920,23520,0.5979166626930237,128,425000,1.65997314453125,1920,17,1,500000,1000,,425001.0,0.6255208253860474,0.6506069302558899,0.5979166626930237,0.6574564576148987,1604,351242861,5,1
426001,1920,6390015,817921920,23520,0.5979166626930237,128,426000,1.663492202758789,1920,17,1,500000,1000,,426001.0,0.6260416507720947,0.6506097316741943,0.6000000238418579,0.6568643450737,1608,351242861,5,1
427001,1920,6405015,819841920,23520,0.6000000238418579,128,427000,1.6670763492584229,1920,17,1,500000,1000,,427001.0,0.6260416507720947,0.6506035923957825,0.5958333611488342,0.6573631763458252,1611,351242861,5,1
428001,1920,6420015,821761920,23520,0.5958333611488342,128,428000,1.6716833114624023,1920,17,1,500000,1000,,428001.0,0.6265624761581421,0.6506041288375854,0.6000000238418579,0.6571845412254333,1615,351242861,5,1
429001,1920,6435015,823681920,23520,0.6000000238418579,128,429000,1.6752080917358398,1920,17,1,500000,1000,,429001.0,0.625,0.6506004929542542,0.5979166626930237,0.6575857996940613,1619,351242861,5,1
430001,1920,6450015,825601920,23520,0.5979166626930237,128,430000,1.6788053512573242,1920,17,1,500000,1000,,430001.0,0.625,0.650603711605072,0.5979166626930237,0.6578355431556702,1622,351242861,5,1
431001,1920,6465015,827521920,23520,0.5979166626930237,128,431000,1.6823763847351074,1920,17,1,500000,1000,,431001.0,0.6255208253860474,0.6506016850471497,0.5979166626930237,0.657476544380188,1626,351242861,5,1
432001,1920,6480015,829441920,23520,0.5979166626930237,128,432000,1.6859421730041504,1920,17,1,500000,1000,,432001.0,0.6260416507720947,0.6506044268608093,0.5979166626930237,0.657622218132019,1630,351242861,5,1
433001,1920,6495015,831361920,23520,0.5979166626930237,128,433000,1.689540147781372,1920,17,1,500000,1000,,433001.0,0.6260416507720947,0.6505986452102661,0.5979166626930237,0.6574369072914124,1633,351242861,5,1
434001,1920,6510015,833281920,23520,0.5979166626930237,128,434000,1.6931262016296387,1920,17,1,500000,1000,,434001.0,0.6239583492279053,0.6506074070930481,0.5958333611488342,0.657311737537384,1637,351242861,5,1
435001,1920,6525015,835201920,23520,0.5958333611488342,128,435000,1.6966822147369385,1920,17,1,500000,1000,,435001.0,0.6234375238418579,0.6506054997444153,0.5979166626930237,0.6575719118118286,1641,351242861,5,1
436001,1920,6540015,837121920,23520,0.5979166626930237,128,436000,1.7003002166748047,1920,17,1,500000,1000,,436001.0,0.6255208253860474,0.6506021618843079,0.5979166626930237,0.65779048204422,1644,351242861,5,1
437001,1920,6555015,839041920,23520,0.5979166626930237,128,437000,1.7038192749023438,1920,17,1,500000,1000,,437001.0,0.6255208253860474,0.6506007313728333,0.5979166626930237,0.657429575920105,1648,351242861,5,1
438001,1920,6570015,840961920,23520,0.5979166626930237,128,438000,1.7073922157287598,1920,17,1,500000,1000,,438001.0,0.625,0.6505997776985168,0.5979166626930237,0.6574808955192566,1652,351242861,5,1
439001,1920,6585015,842881920,23520,0.5979166626930237,128,439000,1.7109389305114746,1920,17,1,500000,1000,,439001.0,0.625,0.6506026983261108,0.6000000238418579,0.6569976806640625,1655,351242861,5,1
440001,1920,6600015,844801920,23520,0.6000000238418579,128,440000,1.7145071029663086,1920,17,1,500000,1000,,440001.0,0.6260416507720947,0.6506006717681885,0.5958333611488342,0.6571388840675354,1659,351242861,5,1
441001,1920,6615015,846721920,23520,0.5958333611488342,128,441000,1.7180263996124268,1920,17,1,500000,1000,,441001.0,0.6265624761581421,0.6506065130233765,0.5979166626930237,0.6580296158790588,1663,351242861,5,1
442001,1920,6630015,848641920,23520,0.5979166626930237,128,442000,1.722562551498413,1920,17,1,500000,1000,,442001.0,0.6260416507720947,0.6506026983261108,0.5979166626930237,0.6576679348945618,1666,351242861,5,1
443001,1920,6645015,850561920,23520,0.5979166626930237,128,443000,1.7261228561401367,1920,17,1,500000,1000,,443001.0,0.625,0.6506044864654541,0.5979166626930237,0.6573962569236755,1670,351242861,5,1
444001,1920,6660015,852481920,23520,0.5979166626930237,128,444000,1.7297029495239258,1920,17,1,500000,1000,,444001.0,0.6239583492279053,0.6506015658378601,0.5979166626930237,0.657816469669342,1674,351242861,5,1
445001,1920,6675015,854401920,23520,0.5979166626930237,128,445000,1.7332708835601807,1920,17,1,500000,1000,,445001.0,0.6260416507720947,0.6506046056747437,0.5979166626930237,0.6578513979911804,1677,351242861,5,1
446001,1920,6690015,856321920,23520,0.5979166626930237,128,446000,1.7368450164794922,1920,17,1,500000,1000,,446001.0,0.6260416507720947,0.6506006717681885,0.5979166626930237,0.6576688885688782,1681,351242861,5,1
447001,1920,6705015,858241920,23520,0.5979166626930237,128,447000,1.7404322624206543,1920,17,1,500000,1000,,447001.0,0.6255208253860474,0.6506009697914124,0.5979166626930237,0.6570475101470947,1685,351242861,5,1
448001,1920,6720015,860161920,23520,0.5979166626930237,128,448000,1.7439963817596436,1920,17,1,500000,1000,,448001.0,0.625,0.6506054401397705,0.5979166626930237,0.6573325991630554,1688,351242861,5,1
449001,1920,6735015,862081920,23520,0.5979166626930237,128,449000,1.7475385665893555,1920,17,1,500000,1000,,449001.0,0.625,0.6506035923957825,0.5979166626930237,0.6579505205154419,1692,351242861,5,1
450001,1920,6750015,864001920,23520,0.5979166626930237,128,450000,1.7510757446289062,1920,17,1,500000,1000,,450001.0,0.6244791746139526,0.6506009697914124,0.5979166626930237,0.657543957233429,1696,351242861,5,1
451001,1920,6765015,865921920,23520,0.5979166626930237,128,451000,1.7549140453338623,1920,17,1,500000,1000,,451001.0,0.6255208253860474,0.6506031155586243,0.5979166626930237,0.6575037240982056,1699,351242861,5,1
452001,1920,6780015,867841920,23520,0.5979166626930237,128,452000,1.759002923965454,1920,17,1,500000,1000,,452001.0,0.6260416507720947,0.6506001353263855,0.5979166626930237,0.6575446724891663,1703,351242861,5,1
453001,1920,6795015,869761920,23520,0.5979166626930237,128,453000,1.7625617980957031,1920,17,1,500000,1000,,453001.0,0.625,0.6506024599075317,0.5979166626930237,0.6571763753890991,1707,351242861,5,1
454001,1920,6810015,871681920,23520,0.5979166626930237,128,454000,1.7661137580871582,1920,17,1,500000,1000,,454001.0,0.6239583492279053,0.6506019830703735,0.5979166626930237,0.6575180292129517,1710,351242861,5,1
455001,1920,6825015,873601920,23520,0.5979166626930237,128,455000,1.7697055339813232,1920,17,1,500000,1000,,455001.0,0.6265624761581421,0.6506029963493347,0.6000000238418579,0.657196581363678,1714,351242861,5,1
456001,1920,6840015,875521920,23520,0.6000000238418579,128,456000,1.77329683303833,1920,17,1,500000,1000,,456001.0,0.6265624761581421,0.6506012082099915,0.5979166626930237,0.6575504541397095,1718,351242861,5,1
457001,1920,6855015,877441920,23520,0.5979166626930237,128,457000,1.776871919631958,1920,17,1,500000,1000,,457001.0,0.625,0.6506014466285706,0.5979166626930237,0.6577050685882568,1721,351242861,5,1
458001,1920,6870015,879361920,23520,0.5979166626930237,128,458000,1.7804129123687744,1920,17,1,500000,1000,,458001.0,0.6265624761581421,0.6506016850471497,0.6000000238418579,0.6578814387321472,1725,351242861,5,1
459001,1920,6885015,881281920,23520,0.6000000238418579,128,459000,1.784388780593872,1920,17,1,500000,1000,,459001.0,0.6260416507720947,0.6505998373031616,0.5979166626930237,0.6577290296554565,1729,351242861,5,1
460001,1920,6900015,883201920,23520,0.5979166626930237,128,460000,1.7879438400268555,1920,17,1,500000,1000,,460001.0,0.625,0.6506015658378601,0.5979166626930237,0.6578329205513,1732,351242861,5,1
461001,1920,6915015,885121920,23520,0.5979166626930237,128,461000,1.7917888164520264,1920,17,1,500000,1000,,461001.0,0.6260416507720947,0.6505977511405945,0.5979166626930237,0.6575874090194702,1736,351242861,5,1
462001,1920,6930015,887041920,23520,0.5979166626930237,128,462000,1.7953424453735352,1920,17,1,500000,1000,,462001.0,0.6260416507720947,0.6506018042564392,0.5979166626930237,0.6575637459754944,1741,351242861,5,1
463001,1920,6945015,888961920,23520,0.5979166626930237,128,463000,1.7991676330566406,1920,17,1,500000,1000,,463001.0,0.6255208253860474,0.650605320930481,0.5979166626930237,0.6574535369873047,1745,351242861,5,1
464001,1920,6960015,890881920,23520,0.5979166626930237,128,464000,1.8026916980743408,1920,17,1,500000,1000,,464001.0,0.6244791746139526,0.6506030559539795,0.5979166626930237,0.6571224331855774,1749,351242861,5,1
465001,1920,6975015,892801920,23520,0.5979166626930237,128,465000,1.8089687824249268,1920,17,1,500000,1000,,465001.0,0.6244791746139526,0.6506011486053467,0.5979166626930237,0.657714307308197,1752,351242861,5,1
466001,1920,6990015,894721920,23520,0.5979166626930237,128,466000,1.812504768371582,1920,17,1,500000,1000,,466001.0,0.6265624761581421,0.6506022810935974,0.6000000238418579,0.6576191186904907,1756,351242861,5,1
467001,1920,7005015,896641920,23520,0.6000000238418579,128,467000,1.81607985496521,1920,17,1,500000,1000,,467001.0,0.625,0.6505990624427795,0.5979166626930237,0.6578240990638733,1760,351242861,5,1
468001,1920,7020015,898561920,23520,0.5979166626930237,128,468000,1.819624900817871,1920,17,1,500000,1000,,468001.0,0.6255208253860474,0.6505995988845825,0.5958333611488342,0.6578108668327332,1764,351242861,5,1
469001,1920,7035015,900481920,23520,0.5958333611488342,128,469000,1.823373556137085,1920,17,1,500000,1000,,469001.0,0.6255208253860474,0.6506014466285706,0.5979166626930237,0.6575087308883667,1767,351242861,5,1
470001,1920,7050015,902401920,23520,0.5979166626930237,128,470000,1.8268983364105225,1920,17,1,500000,1000,,470001.0,0.6265624761581421,0.6506034135818481,0.5958333611488342,0.6574819087982178,1771,351242861,5,1
471001,1920,7065015,904321920,23520,0.5958333611488342,128,471000,1.8304781913757324,1920,17,1,500000,1000,,471001.0,0.6244791746139526,0.6506019234657288,0.59375,0.6577212810516357,1775,351242861,5,1
472001,1920,7080015,906241920,23520,0.59375,128,472000,1.8340239524841309,1920,17,1,500000,1000,,472001.0,0.6234375238418579,0.6506056189537048,0.5916666388511658,0.6571865081787109,1778,351242861,5,1
473001,1920,7095015,908161920,23520,0.5916666388511658,128,473000,1.8376209735870361,1920,17,1,500000,1000,,473001.0,0.6265624761581421,0.6506064534187317,0.5958333611488342,0.6581428050994873,1782,351242861,5,1
474001,1920,7110015,910081920,23520,0.5958333611488342,128,474000,1.8420789241790771,1920,17,1,500000,1000,,474001.0,0.6260416507720947,0.6506006717681885,0.5979166626930237,0.6579813361167908,1786,351242861,5,1
475001,1920,7125015,912001920,23520,0.5979166626930237,128,475000,1.8456459045410156,1920,17,1,500000,1000,,475001.0,0.625,0.6506032943725586,0.5979166626930237,0.6573161482810974,1789,351242861,5,1
476001,1920,7140015,913921920,23520,0.5979166626930237,128,476000,1.8491909503936768,1920,17,1,500000,1000,,476001.0,0.6255208253860474,0.6506020426750183,0.5979166626930237,0.6573023200035095,1793,351242861,5,1
477001,1920,7155015,915841920,23520,0.5979166626930237,128,477000,1.8527069091796875,1920,17,1,500000,1000,,477001.0,0.6260416507720947,0.6505987048149109,0.6000000238418579,0.6575073599815369,1797,351242861,5,1
478001,1920,7170015,917761920,23520,0.6000000238418579,128,478000,1.8562648296356201,1920,17,1,500000,1000,,478001.0,0.6265624761581421,0.6505997776985168,0.5979166626930237,0.6576272249221802,1800,351242861,5,1
479001,1920,7185015,919681920,23520,0.5979166626930237,128,479000,1.859811782836914,1920,17,1,500000,1000,,479001.0,0.6260416507720947,0.650599479675293,0.5979166626930237,0.6576293706893921,1804,351242861,5,1
480001,1920,7200015,921601920,23520,0.5979166626930237,128,480000,1.8633997440338135,1920,17,1,500000,1000,,480001.0,0.6244791746139526,0.6505998969078064,0.5979166626930237,0.6576255559921265,1809,351242861,5,1
481001,1920,7215015,923521920,23520,0.5979166626930237,128,481000,1.8669297695159912,1920,17,1,500000,1000,,481001.0,0.625,0.6506046652793884,0.5979166626930237,0.6575302481651306,1813,351242861,5,1
482001,1920,7230015,925441920,23520,0.5979166626930237,128,482000,1.8704948425292969,1920,17,1,500000,1000,,482001.0,0.6260416507720947,0.6505992412567139,0.5979166626930237,0.6577791571617126,1818,351242861,5,1
483001,1920,7245015,927361920,23520,0.5979166626930237,128,483000,1.8740248680114746,1920,17,1,500000,1000,,483001.0,0.6255208253860474,0.6505982875823975,0.5979166626930237,0.6576002240180969,1823,351242861,5,1
484001,1920,7260015,929281920,23520,0.5979166626930237,128,484000,1.878209114074707,1920,17,1,500000,1000,,484001.0,0.6255208253860474,0.6506048440933228,0.6020833253860474,0.6579491496086121,1827,351242861,5,1
485001,1920,7275015,931201920,23520,0.6020833253860474,128,485000,1.8817970752716064,1920,17,1,500000,1000,,485001.0,0.6260416507720947,0.6506087183952332,0.5958333611488342,0.6575876474380493,1830,351242861,5,1
486001,1920,7290015,933121920,23520,0.5958333611488342,128,486000,1.8853211402893066,1920,17,1,500000,1000,,486001.0,0.6260416507720947,0.6506039500236511,0.6000000238418579,0.6578356027603149,1834,351242861,5,1
487001,1920,7305015,935041920,23520,0.6000000238418579,128,487000,1.8890941143035889,1920,17,1,500000,1000,,487001.0,0.625,0.650601327419281,0.5979166626930237,0.6576246619224548,1838,351242861,5,1
488001,1920,7320015,936961920,23520,0.5979166626930237,128,488000,1.8926630020141602,1920,17,1,500000,1000,,488001.0,0.625,0.6506003737449646,0.5979166626930237,0.6574966311454773,1841,351242861,5,1
489001,1920,7335015,938881920,23520,0.5979166626930237,128,489000,1.8962159156799316,1920,17,1,500000,1000,,489001.0,0.625,0.6506038308143616,0.5979166626930237,0.6574462056159973,1845,351242861,5,1
490001,1920,7350015,940801920,23520,0.5979166626930237,128,490000,1.899744987487793,1920,17,1,500000,1000,,490001.0,0.6255208253860474,0.6506046056747437,0.5979166626930237,0.657440721988678,1849,351242861,5,1
491001,1920,7365015,942721920,23520,0.5979166626930237,128,491000,1.9035050868988037,1920,17,1,500000,1000,,491001.0,0.6255208253860474,0.6505977511405945,0.5979166626930237,0.6573815941810608,1853,351242861,5,1
492001,1920,7380015,944641920,23520,0.5979166626930237,128,492000,1.909034013748169,1920,17,1,500000,1000,,492001.0,0.6260416507720947,0.6505962014198303,0.5979166626930237,0.6577042937278748,1856,351242861,5,1
493001,1920,7395015,946561920,23520,0.5979166626930237,128,493000,1.9127581119537354,1920,17,1,500000,1000,,493001.0,0.6260416507720947,0.6506035923957825,0.5958333611488342,0.6574615836143494,1860,351242861,5,1
494001,1920,7410015,948481920,23520,0.5958333611488342,128,494000,1.9163131713867188,1920,17,1,500000,1000,,494001.0,0.6255208253860474,0.6506013870239258,0.5979166626930237,0.6577581763267517,1864,351242861,5,1
495001,1920,7425015,950401920,23520,0.5979166626930237,128,495000,1.9198694229125977,1920,17,1,500000,1000,,495001.0,0.6270833611488342,0.6506011486053467,0.5958333611488342,0.6577492356300354,1867,351242861,5,1
496001,1920,7440015,952321920,23520,0.5958333611488342,128,496000,1.923452377319336,1920,17,1,500000,1000,,496001.0,0.625,0.6506054997444153,0.6020833253860474,0.6578163504600525,1871,351242861,5,1
497001,1920,7455015,954241920,23520,0.6020833253860474,128,497000,1.9270434379577637,1920,17,1,500000,1000,,497001.0,0.6265624761581421,0.6505998373031616,0.5979166626930237,0.6574609279632568,1875,351242861,5,1
498001,1920,7470015,956161920,23520,0.5979166626930237,128,498000,1.9306085109710693,1920,17,1,500000,1000,,498001.0,0.6260416507720947,0.6505993008613586,0.5979166626930237,0.6574566960334778,1878,351242861,5,1
499001,1920,7485015,958081920,23520,0.5979166626930237,128,499000,1.9346425533294678,1920,17,1,500000,1000,,499001.0,0.6260416507720947,0.6505987048149109,0.5979166626930237,0.657724142074585,1882,351242861,5,1
499998,1920,7499970,959996160,23520,0.5979166626930237,128,499997,1.9381506443023682,1920,17,1,500000,1000,,499998.0,0.6260416507720947,0.6505981683731079,0.5979166626930237,0.6575101017951965,1886,351242861,5,1
499999,1920,7499985,959998080,23520,0.5979166626930237,128,499998,1.9419963359832764,1920,17,1,500000,1000,,499999.0,0.6260416507720947,0.6505981683731079,0.5979166626930237,0.6575261950492859,1886,351242861,5,1
500000,1920,7500000,960000000,23520,0.5979166626930237,128,499999,1.9455933570861816,1920,17,1,500000,1000,,500000.0,0.6260416507720947,0.6505979895591736,0.5979166626930237,0.6575561761856079,1886,351242861,5,1
