pf_calls,num_answers,model_updates,num_grad_comps,answers_bytes,last_score,batch_size,k,elapsed_time,train_data,n,d,max_epochs,verbose,ident,_epochs,score_train,loss_train,score_test,loss_test,_elapsed_time,seed,run_id,dim
1,1920,15,1920,23520,0.5333333611488342,128,0,0.024023056030273438,1920,17,5,500000,1000,,1.0,0.5333333611488342,0.6931470632553101,0.5479166507720947,0.6931471228599548,0,1753699274,3,5
1001,1920,15015,1921920,23520,0.5479166507720947,128,1000,0.027760982513427734,1920,17,5,500000,1000,,1001.0,0.6755208373069763,0.6109974980354309,0.65625,0.6184867024421692,4,1753699274,3,5
2001,1920,30015,3841920,23520,0.65625,128,2000,0.03148198127746582,1920,17,5,500000,1000,,2001.0,0.6776041388511658,0.5987910628318787,0.6625000238418579,0.60679030418396,10,1753699274,3,5
3001,1920,45015,5761920,23520,0.6625000238418579,128,3000,0.03521609306335449,1920,17,5,500000,1000,,3001.0,0.6796875,0.5952178835868835,0.6583333611488342,0.6034824252128601,14,1753699274,3,5
4001,1920,60015,7681920,23520,0.6583333611488342,128,4000,0.04096198081970215,1920,17,5,500000,1000,,4001.0,0.6833333373069763,0.5934654474258423,0.6666666865348816,0.601710855960846,20,1753699274,3,5
5001,1920,75015,9601920,23520,0.6666666865348816,128,5000,0.04498100280761719,1920,17,5,500000,1000,,5001.0,0.6859375238418579,0.5923524498939514,0.6645833253860474,0.6005907654762268,27,1753699274,3,5
6001,1920,90015,11521920,23520,0.6645833253860474,128,6000,0.05277204513549805,1920,17,5,500000,1000,,6001.0,0.6854166388511658,0.591602087020874,0.6666666865348816,0.5999643206596375,32,1753699274,3,5
7001,1920,105015,13441920,23520,0.6666666865348816,128,7000,0.05659008026123047,1920,17,5,500000,1000,,7001.0,0.6848958134651184,0.5910345911979675,0.668749988079071,0.599520742893219,36,1753699274,3,5
8001,1920,120015,15361920,23520,0.668749988079071,128,8000,0.09088015556335449,1920,17,5,500000,1000,,8001.0,0.6859375238418579,0.5905879139900208,0.668749988079071,0.599930465221405,41,1753699274,3,5
9001,1920,135015,17281920,23520,0.668749988079071,128,9000,0.09455299377441406,1920,17,5,500000,1000,,9001.0,0.6869791746139526,0.5902291536331177,0.6708333492279053,0.5995050072669983,45,1753699274,3,5
10001,1920,150015,19201920,23520,0.6708333492279053,128,10000,0.09824299812316895,1920,17,5,500000,1000,,10001.0,0.6864583492279053,0.5899330377578735,0.6729166507720947,0.5992899537086487,49,1753699274,3,5
11001,1920,165015,21121920,23520,0.6729166507720947,128,11000,0.1022951602935791,1920,17,5,500000,1000,,11001.0,0.6859375238418579,0.5896837115287781,0.6729166507720947,0.5994406342506409,53,1753699274,3,5
12001,1920,180015,23041920,23520,0.6729166507720947,128,12000,0.10612344741821289,1920,17,5,500000,1000,,12001.0,0.6869791746139526,0.5894685387611389,0.6729166507720947,0.5989596247673035,58,1753699274,3,5
13001,1920,195015,24961920,23520,0.6729166507720947,128,13000,0.11034059524536133,1920,17,5,500000,1000,,13001.0,0.6890624761581421,0.5892819762229919,0.6729166507720947,0.5988912582397461,62,1753699274,3,5
14001,1920,210015,26881920,23520,0.6729166507720947,128,14000,0.11408472061157227,1920,17,5,500000,1000,,14001.0,0.6864583492279053,0.5891218185424805,0.6708333492279053,0.5988255143165588,66,1753699274,3,5
15001,1920,225015,28801920,23520,0.6708333492279053,128,15000,0.1179497241973877,1920,17,5,500000,1000,,15001.0,0.6880208253860474,0.5889785885810852,0.6729166507720947,0.5989418625831604,70,1753699274,3,5
16001,1920,240015,30721920,23520,0.6729166507720947,128,16000,0.12172889709472656,1920,17,5,500000,1000,,16001.0,0.6880208253860474,0.58885657787323,0.6729166507720947,0.599134624004364,74,1753699274,3,5
17001,1920,255015,32641920,23520,0.6729166507720947,128,17000,0.12552094459533691,1920,17,5,500000,1000,,17001.0,0.6895833611488342,0.588742196559906,0.6729166507720947,0.5989446640014648,78,1753699274,3,5
18001,1920,270015,34561920,23520,0.6729166507720947,128,18000,0.12934184074401855,1920,17,5,500000,1000,,18001.0,0.6885416507720947,0.5886468291282654,0.675000011920929,0.5987058877944946,82,1753699274,3,5
19001,1920,285015,36481920,23520,0.675000011920929,128,19000,0.13307881355285645,1920,17,5,500000,1000,,19001.0,0.6895833611488342,0.5885537266731262,0.6708333492279053,0.5991892218589783,86,1753699274,3,5
20001,1920,300015,38401920,23520,0.6708333492279053,128,20000,0.13680291175842285,1920,17,5,500000,1000,,20001.0,0.6885416507720947,0.5884721279144287,0.6729166507720947,0.598964512348175,89,1753699274,3,5
21001,1920,315015,40321920,23520,0.6729166507720947,128,21000,0.1406230926513672,1920,17,5,500000,1000,,21001.0,0.6880208253860474,0.5884006023406982,0.6729166507720947,0.5986519455909729,93,1753699274,3,5
22001,1920,330015,42241920,23520,0.6729166507720947,128,22000,0.14453697204589844,1920,17,5,500000,1000,,22001.0,0.6880208253860474,0.588327169418335,0.6729166507720947,0.5989784598350525,97,1753699274,3,5
23001,1920,345015,44161920,23520,0.6729166507720947,128,23000,0.14831995964050293,1920,17,5,500000,1000,,23001.0,0.6890624761581421,0.5882638096809387,0.6729166507720947,0.5989418029785156,101,1753699274,3,5
24001,1920,360015,46081920,23520,0.6729166507720947,128,24000,0.15215206146240234,1920,17,5,500000,1000,,24001.0,0.6875,0.5882049798965454,0.6729166507720947,0.5985860228538513,105,1753699274,3,5
25001,1920,375015,48001920,23520,0.6729166507720947,128,25000,0.15597319602966309,1920,17,5,500000,1000,,25001.0,0.6875,0.588146448135376,0.6729166507720947,0.5985625386238098,109,1753699274,3,5
26001,1920,390015,49921920,23520,0.6729166507720947,128,26000,0.15974807739257812,1920,17,5,500000,1000,,26001.0,0.6880208253860474,0.588098406791687,0.6729166507720947,0.5985066294670105,113,1753699274,3,5
27001,1920,405015,51841920,23520,0.6729166507720947,128,27000,0.1635148525238037,1920,17,5,500000,1000,,27001.0,0.6885416507720947,0.5880508422851562,0.6729166507720947,0.5984773635864258,116,1753699274,3,5
28001,1920,420015,53761920,23520,0.6729166507720947,128,28000,0.16727375984191895,1920,17,5,500000,1000,,28001.0,0.6880208253860474,0.588003933429718,0.6729166507720947,0.5984923243522644,120,1753699274,3,5
29001,1920,435015,55681920,23520,0.6729166507720947,128,29000,0.1712658405303955,1920,17,5,500000,1000,,29001.0,0.6895833611488342,0.5879625082015991,0.6729166507720947,0.5982300043106079,124,1753699274,3,5
30001,1920,450015,57601920,23520,0.6729166507720947,128,30000,0.1751399040222168,1920,17,5,500000,1000,,30001.0,0.6895833611488342,0.5879164338111877,0.6729166507720947,0.5984943509101868,128,1753699274,3,5
31001,1920,465015,59521920,23520,0.6729166507720947,128,31000,0.17893171310424805,1920,17,5,500000,1000,,31001.0,0.6895833611488342,0.587878406047821,0.6729166507720947,0.598318338394165,132,1753699274,3,5
32001,1920,480015,61441920,23520,0.6729166507720947,128,32000,0.18277692794799805,1920,17,5,500000,1000,,32001.0,0.6885416507720947,0.5878412127494812,0.6729166507720947,0.5985403656959534,136,1753699274,3,5
33001,1920,495015,63361920,23520,0.6729166507720947,128,33000,0.18676018714904785,1920,17,5,500000,1000,,33001.0,0.6880208253860474,0.5878063440322876,0.6729166507720947,0.5985165238380432,140,1753699274,3,5
34001,1920,510015,65281920,23520,0.6729166507720947,128,34000,0.19059038162231445,1920,17,5,500000,1000,,34001.0,0.6875,0.5877788662910461,0.675000011920929,0.5985649824142456,144,1753699274,3,5
35001,1920,525015,67201920,23520,0.675000011920929,128,35000,0.19434738159179688,1920,17,5,500000,1000,,35001.0,0.6885416507720947,0.5877441167831421,0.6729166507720947,0.598419189453125,148,1753699274,3,5
36001,1920,540015,69121920,23520,0.6729166507720947,128,36000,0.198134183883667,1920,17,5,500000,1000,,36001.0,0.6916666626930237,0.587715208530426,0.6729166507720947,0.5982933640480042,151,1753699274,3,5
37001,1920,555015,71041920,23520,0.6729166507720947,128,37000,0.20216822624206543,1920,17,5,500000,1000,,37001.0,0.6895833611488342,0.5876851677894592,0.6729166507720947,0.5985535383224487,155,1753699274,3,5
38001,1920,570015,72961920,23520,0.6729166507720947,128,38000,0.20597434043884277,1920,17,5,500000,1000,,38001.0,0.6890624761581421,0.5876656770706177,0.6729166507720947,0.5984179973602295,159,1753699274,3,5
39001,1920,585015,74881920,23520,0.6729166507720947,128,39000,0.2097766399383545,1920,17,5,500000,1000,,39001.0,0.690625011920929,0.587636411190033,0.6729166507720947,0.5985718369483948,163,1753699274,3,5
40001,1920,600015,76801920,23520,0.6729166507720947,128,40000,0.21371078491210938,1920,17,5,500000,1000,,40001.0,0.6890624761581421,0.58761066198349,0.675000011920929,0.5984593629837036,167,1753699274,3,5
41001,1920,615015,78721920,23520,0.675000011920929,128,41000,0.21747279167175293,1920,17,5,500000,1000,,41001.0,0.6895833611488342,0.5875886678695679,0.675000011920929,0.5985792279243469,171,1753699274,3,5
42001,1920,630015,80641920,23520,0.675000011920929,128,42000,0.22119879722595215,1920,17,5,500000,1000,,42001.0,0.6895833611488342,0.5875636339187622,0.6729166507720947,0.5984258055686951,175,1753699274,3,5
43001,1920,645015,82561920,23520,0.6729166507720947,128,43000,0.2250058650970459,1920,17,5,500000,1000,,43001.0,0.6895833611488342,0.587540864944458,0.6729166507720947,0.5985063314437866,178,1753699274,3,5
44001,1920,660015,84481920,23520,0.6729166507720947,128,44000,0.2288980484008789,1920,17,5,500000,1000,,44001.0,0.6901041865348816,0.587518572807312,0.6729166507720947,0.5986302495002747,182,1753699274,3,5
45001,1920,675015,86401920,23520,0.6729166507720947,128,45000,0.23273301124572754,1920,17,5,500000,1000,,45001.0,0.6895833611488342,0.5875038504600525,0.675000011920929,0.5984612107276917,186,1753699274,3,5
46001,1920,690015,88321920,23520,0.675000011920929,128,46000,0.23658490180969238,1920,17,5,500000,1000,,46001.0,0.6911458373069763,0.5874820947647095,0.6729166507720947,0.5983667969703674,190,1753699274,3,5
47001,1920,705015,90241920,23520,0.6729166507720947,128,47000,0.2410120964050293,1920,17,5,500000,1000,,47001.0,0.6901041865348816,0.5874679684638977,0.6708333492279053,0.5983054637908936,194,1753699274,3,5
48001,1920,720015,92161920,23520,0.6708333492279053,128,48000,0.24476408958435059,1920,17,5,500000,1000,,48001.0,0.6890624761581421,0.5874446630477905,0.6729166507720947,0.5987614393234253,198,1753699274,3,5
49001,1920,735015,94081920,23520,0.6729166507720947,128,49000,0.2486581802368164,1920,17,5,500000,1000,,49001.0,0.690625011920929,0.5874279737472534,0.6729166507720947,0.5986214876174927,202,1753699274,3,5
50001,1920,750015,96001920,23520,0.6729166507720947,128,50000,0.25252223014831543,1920,17,5,500000,1000,,50001.0,0.6901041865348816,0.5874094367027283,0.675000011920929,0.5985650420188904,206,1753699274,3,5
51001,1920,765015,97921920,23520,0.675000011920929,128,51000,0.25635814666748047,1920,17,5,500000,1000,,51001.0,0.6885416507720947,0.587392270565033,0.6729166507720947,0.5983720421791077,210,1753699274,3,5
52001,1920,780015,99841920,23520,0.6729166507720947,128,52000,0.2601313591003418,1920,17,5,500000,1000,,52001.0,0.6901041865348816,0.5873761773109436,0.675000011920929,0.5982910394668579,213,1753699274,3,5
53001,1920,795015,101761920,23520,0.675000011920929,128,53000,0.2640347480773926,1920,17,5,500000,1000,,53001.0,0.6885416507720947,0.5873634219169617,0.6729166507720947,0.5984113812446594,217,1753699274,3,5
54001,1920,810015,103681920,23520,0.6729166507720947,128,54000,0.2678978443145752,1920,17,5,500000,1000,,54001.0,0.6901041865348816,0.5873444676399231,0.6708333492279053,0.5983741879463196,221,1753699274,3,5
55001,1920,825015,105601920,23520,0.6708333492279053,128,55000,0.27187085151672363,1920,17,5,500000,1000,,55001.0,0.6885416507720947,0.5873326659202576,0.6708333492279053,0.598172128200531,225,1753699274,3,5
56001,1920,840015,107521920,23520,0.6708333492279053,128,56000,0.27562499046325684,1920,17,5,500000,1000,,56001.0,0.6885416507720947,0.5873175263404846,0.675000011920929,0.5981703400611877,229,1753699274,3,5
57001,1920,855015,109441920,23520,0.675000011920929,128,57000,0.27944111824035645,1920,17,5,500000,1000,,57001.0,0.6885416507720947,0.587306022644043,0.6729166507720947,0.5982185006141663,233,1753699274,3,5
58001,1920,870015,111361920,23520,0.6729166507720947,128,58000,0.2834131717681885,1920,17,5,500000,1000,,58001.0,0.6885416507720947,0.5872934460639954,0.675000011920929,0.5980727672576904,237,1753699274,3,5
59001,1920,885015,113281920,23520,0.675000011920929,128,59000,0.2873201370239258,1920,17,5,500000,1000,,59001.0,0.6890624761581421,0.5872803926467896,0.675000011920929,0.5982010364532471,241,1753699274,3,5
60001,1920,900015,115201920,23520,0.675000011920929,128,60000,0.29131126403808594,1920,17,5,500000,1000,,60001.0,0.690625011920929,0.5872673392295837,0.6770833134651184,0.5982401371002197,245,1753699274,3,5
61001,1920,915015,117121920,23520,0.6770833134651184,128,61000,0.29537248611450195,1920,17,5,500000,1000,,61001.0,0.6880208253860474,0.587252676486969,0.6708333492279053,0.5980437994003296,249,1753699274,3,5
62001,1920,930015,119041920,23520,0.6708333492279053,128,62000,0.2992362976074219,1920,17,5,500000,1000,,62001.0,0.6885416507720947,0.5872430801391602,0.675000011920929,0.5981584191322327,253,1753699274,3,5
63001,1920,945015,120961920,23520,0.675000011920929,128,63000,0.3030712604522705,1920,17,5,500000,1000,,63001.0,0.6901041865348816,0.587231457233429,0.6729166507720947,0.598297655582428,257,1753699274,3,5
64001,1920,960015,122881920,23520,0.6729166507720947,128,64000,0.30692505836486816,1920,17,5,500000,1000,,64001.0,0.690625011920929,0.5872175097465515,0.6729166507720947,0.5984398126602173,261,1753699274,3,5
65001,1920,975015,124801920,23520,0.6729166507720947,128,65000,0.31076812744140625,1920,17,5,500000,1000,,65001.0,0.6890624761581421,0.5872071981430054,0.675000011920929,0.5983868837356567,265,1753699274,3,5
66001,1920,990015,126721920,23520,0.675000011920929,128,66000,0.31462597846984863,1920,17,5,500000,1000,,66001.0,0.6885416507720947,0.5871986150741577,0.675000011920929,0.5981017351150513,269,1753699274,3,5
67001,1920,1005015,128641920,23520,0.675000011920929,128,67000,0.3183572292327881,1920,17,5,500000,1000,,67001.0,0.6895833611488342,0.5871896147727966,0.6729166507720947,0.5980193614959717,273,1753699274,3,5
68001,1920,1020015,130561920,23520,0.6729166507720947,128,68000,0.3221890926361084,1920,17,5,500000,1000,,68001.0,0.6890624761581421,0.5871797800064087,0.675000011920929,0.5980955958366394,278,1753699274,3,5
69001,1920,1035015,132481920,23520,0.675000011920929,128,69000,0.32614898681640625,1920,17,5,500000,1000,,69001.0,0.690625011920929,0.5871679186820984,0.6708333492279053,0.5981510281562805,282,1753699274,3,5
70001,1920,1050015,134401920,23520,0.6708333492279053,128,70000,0.33083510398864746,1920,17,5,500000,1000,,70001.0,0.690625011920929,0.5871535539627075,0.6729166507720947,0.5983600616455078,286,1753699274,3,5
71001,1920,1065015,136321920,23520,0.6729166507720947,128,71000,0.33464503288269043,1920,17,5,500000,1000,,71001.0,0.6901041865348816,0.5871433019638062,0.6708333492279053,0.5984410047531128,290,1753699274,3,5
72001,1920,1080015,138241920,23520,0.6708333492279053,128,72000,0.3611629009246826,1920,17,5,500000,1000,,72001.0,0.6901041865348816,0.5871355533599854,0.6729166507720947,0.5981219410896301,294,1753699274,3,5
73001,1920,1095015,140161920,23520,0.6729166507720947,128,73000,0.3649587631225586,1920,17,5,500000,1000,,73001.0,0.690625011920929,0.5871292948722839,0.6708333492279053,0.5984885096549988,298,1753699274,3,5
74001,1920,1110015,142081920,23520,0.6708333492279053,128,74000,0.36877894401550293,1920,17,5,500000,1000,,74001.0,0.6901041865348816,0.5871209502220154,0.6729166507720947,0.5984592437744141,302,1753699274,3,5
75001,1920,1125015,144001920,23520,0.6729166507720947,128,75000,0.37319016456604004,1920,17,5,500000,1000,,75001.0,0.6895833611488342,0.5871144533157349,0.6708333492279053,0.5982472896575928,306,1753699274,3,5
76001,1920,1140015,145921920,23520,0.6708333492279053,128,76000,0.37708210945129395,1920,17,5,500000,1000,,76001.0,0.6895833611488342,0.5871078968048096,0.6708333492279053,0.5981974005699158,310,1753699274,3,5
77001,1920,1155015,147841920,23520,0.6708333492279053,128,77000,0.3808870315551758,1920,17,5,500000,1000,,77001.0,0.6895833611488342,0.5870997309684753,0.675000011920929,0.5981696844100952,314,1753699274,3,5
78001,1920,1170015,149761920,23520,0.675000011920929,128,78000,0.38465285301208496,1920,17,5,500000,1000,,78001.0,0.690625011920929,0.5870872735977173,0.675000011920929,0.5981910228729248,318,1753699274,3,5
79001,1920,1185015,151681920,23520,0.675000011920929,128,79000,0.3886759281158447,1920,17,5,500000,1000,,79001.0,0.690625011920929,0.5870827436447144,0.6708333492279053,0.5984950661659241,322,1753699274,3,5
80001,1920,1200015,153601920,23520,0.6708333492279053,128,80000,0.39244580268859863,1920,17,5,500000,1000,,80001.0,0.6890624761581421,0.5870733857154846,0.6729166507720947,0.5984535813331604,326,1753699274,3,5
81001,1920,1215015,155521920,23520,0.6729166507720947,128,81000,0.39649367332458496,1920,17,5,500000,1000,,81001.0,0.6880208253860474,0.5870686173439026,0.6729166507720947,0.5983702540397644,330,1753699274,3,5
82001,1920,1230015,157441920,23520,0.6729166507720947,128,82000,0.40050363540649414,1920,17,5,500000,1000,,82001.0,0.6895833611488342,0.5870570540428162,0.675000011920929,0.598313570022583,333,1753699274,3,5
83001,1920,1245015,159361920,23520,0.675000011920929,128,83000,0.4042954444885254,1920,17,5,500000,1000,,83001.0,0.6895833611488342,0.5870512127876282,0.6708333492279053,0.5982546210289001,337,1753699274,3,5
84001,1920,1260015,161281920,23520,0.6708333492279053,128,84000,0.40825748443603516,1920,17,5,500000,1000,,84001.0,0.6895833611488342,0.5870426893234253,0.6729166507720947,0.5982639193534851,341,1753699274,3,5
85001,1920,1275015,163201920,23520,0.6729166507720947,128,85000,0.41203856468200684,1920,17,5,500000,1000,,85001.0,0.6890624761581421,0.5870352983474731,0.6708333492279053,0.5980885624885559,345,1753699274,3,5
86001,1920,1290015,165121920,23520,0.6708333492279053,128,86000,0.4158055782318115,1920,17,5,500000,1000,,86001.0,0.6895833611488342,0.5870319604873657,0.6729166507720947,0.5983580350875854,349,1753699274,3,5
87001,1920,1305015,167041920,23520,0.6729166507720947,128,87000,0.419597864151001,1920,17,5,500000,1000,,87001.0,0.6895833611488342,0.587026059627533,0.6729166507720947,0.5983158349990845,353,1753699274,3,5
88001,1920,1320015,168961920,23520,0.6729166507720947,128,88000,0.4233529567718506,1920,17,5,500000,1000,,88001.0,0.6895833611488342,0.5870150327682495,0.6729166507720947,0.5980983376502991,357,1753699274,3,5
89001,1920,1335015,170881920,23520,0.6729166507720947,128,89000,0.4272878170013428,1920,17,5,500000,1000,,89001.0,0.6901041865348816,0.5870111584663391,0.6729166507720947,0.5979982614517212,361,1753699274,3,5
90001,1920,1350015,172801920,23520,0.6729166507720947,128,90000,0.43118977546691895,1920,17,5,500000,1000,,90001.0,0.690625011920929,0.5870060324668884,0.6729166507720947,0.5980292558670044,365,1753699274,3,5
91001,1920,1365015,174721920,23520,0.6729166507720947,128,91000,0.4349386692047119,1920,17,5,500000,1000,,91001.0,0.6901041865348816,0.5869988203048706,0.6708333492279053,0.5981759428977966,368,1753699274,3,5
92001,1920,1380015,176641920,23520,0.6708333492279053,128,92000,0.4387485980987549,1920,17,5,500000,1000,,92001.0,0.6885416507720947,0.5869954228401184,0.6729166507720947,0.5982237458229065,372,1753699274,3,5
93001,1920,1395015,178561920,23520,0.6729166507720947,128,93000,0.44249868392944336,1920,17,5,500000,1000,,93001.0,0.6885416507720947,0.5869842171669006,0.675000011920929,0.5979583263397217,376,1753699274,3,5
94001,1920,1410015,180481920,23520,0.675000011920929,128,94000,0.4462296962738037,1920,17,5,500000,1000,,94001.0,0.6890624761581421,0.5869840383529663,0.675000011920929,0.5982083678245544,380,1753699274,3,5
95001,1920,1425015,182401920,23520,0.675000011920929,128,95000,0.45020151138305664,1920,17,5,500000,1000,,95001.0,0.6901041865348816,0.5869776606559753,0.6729166507720947,0.5982152223587036,384,1753699274,3,5
96001,1920,1440015,184321920,23520,0.6729166507720947,128,96000,0.45395541191101074,1920,17,5,500000,1000,,96001.0,0.6895833611488342,0.5869703888893127,0.6729166507720947,0.5980570316314697,388,1753699274,3,5
97001,1920,1455015,186241920,23520,0.6729166507720947,128,97000,0.4577665328979492,1920,17,5,500000,1000,,97001.0,0.6895833611488342,0.5869662165641785,0.6708333492279053,0.5980389714241028,392,1753699274,3,5
98001,1920,1470015,188161920,23520,0.6708333492279053,128,98000,0.4615182876586914,1920,17,5,500000,1000,,98001.0,0.6895833611488342,0.5869618058204651,0.6729166507720947,0.5981938242912292,395,1753699274,3,5
99001,1920,1485015,190081920,23520,0.6729166507720947,128,99000,0.46531128883361816,1920,17,5,500000,1000,,99001.0,0.6895833611488342,0.586955726146698,0.6708333492279053,0.5984069108963013,399,1753699274,3,5
100001,1920,1500015,192001920,23520,0.6708333492279053,128,100000,0.46912455558776855,1920,17,5,500000,1000,,100001.0,0.6895833611488342,0.5869489908218384,0.6708333492279053,0.5980691909790039,403,1753699274,3,5
101001,1920,1515015,193921920,23520,0.6708333492279053,128,101000,0.4728412628173828,1920,17,5,500000,1000,,101001.0,0.6895833611488342,0.5869436264038086,0.6729166507720947,0.5978755950927734,407,1753699274,3,5
102001,1920,1530015,195841920,23520,0.6729166507720947,128,102000,0.4766073226928711,1920,17,5,500000,1000,,102001.0,0.6911458373069763,0.5869374871253967,0.6708333492279053,0.5981878638267517,411,1753699274,3,5
103001,1920,1545015,197761920,23520,0.6708333492279053,128,103000,0.48036718368530273,1920,17,5,500000,1000,,103001.0,0.6890624761581421,0.5869359970092773,0.6729166507720947,0.5979982614517212,415,1753699274,3,5
104001,1920,1560015,199681920,23520,0.6729166507720947,128,104000,0.4844191074371338,1920,17,5,500000,1000,,104001.0,0.6890624761581421,0.5869290828704834,0.675000011920929,0.5979405641555786,419,1753699274,3,5
105001,1920,1575015,201601920,23520,0.675000011920929,128,105000,0.488173246383667,1920,17,5,500000,1000,,105001.0,0.6895833611488342,0.58692467212677,0.6729166507720947,0.597884476184845,423,1753699274,3,5
106001,1920,1590015,203521920,23520,0.6729166507720947,128,106000,0.49191999435424805,1920,17,5,500000,1000,,106001.0,0.6895833611488342,0.5869144797325134,0.6729166507720947,0.5980064868927002,427,1753699274,3,5
107001,1920,1605015,205441920,23520,0.6729166507720947,128,107000,0.4959828853607178,1920,17,5,500000,1000,,107001.0,0.690625011920929,0.5869140625,0.6708333492279053,0.5978075265884399,431,1753699274,3,5
108001,1920,1620015,207361920,23520,0.6708333492279053,128,108000,0.49970293045043945,1920,17,5,500000,1000,,108001.0,0.6895833611488342,0.5869060754776001,0.6708333492279053,0.5981312394142151,435,1753699274,3,5
109001,1920,1635015,209281920,23520,0.6708333492279053,128,109000,0.5034799575805664,1920,17,5,500000,1000,,109001.0,0.690625011920929,0.5869020819664001,0.675000011920929,0.5981529355049133,438,1753699274,3,5
110001,1920,1650015,211201920,23520,0.675000011920929,128,110000,0.5072979927062988,1920,17,5,500000,1000,,110001.0,0.690625011920929,0.5868984460830688,0.6729166507720947,0.5980250239372253,442,1753699274,3,5
111001,1920,1665015,213121920,23520,0.6729166507720947,128,111000,0.5111000537872314,1920,17,5,500000,1000,,111001.0,0.6885416507720947,0.5869017243385315,0.6729166507720947,0.5977526903152466,446,1753699274,3,5
112001,1920,1680015,215041920,23520,0.6729166507720947,128,112000,0.5148179531097412,1920,17,5,500000,1000,,112001.0,0.6890624761581421,0.5868898034095764,0.6729166507720947,0.5981513857841492,450,1753699274,3,5
113001,1920,1695015,216961920,23520,0.6729166507720947,128,113000,0.5185840129852295,1920,17,5,500000,1000,,113001.0,0.6895833611488342,0.5868861675262451,0.6729166507720947,0.5981572866439819,454,1753699274,3,5
114001,1920,1710015,218881920,23520,0.6729166507720947,128,114000,0.5229048728942871,1920,17,5,500000,1000,,114001.0,0.6901041865348816,0.5868847966194153,0.6729166507720947,0.5979470610618591,458,1753699274,3,5
115001,1920,1725015,220801920,23520,0.6729166507720947,128,115000,0.5266819000244141,1920,17,5,500000,1000,,115001.0,0.6901041865348816,0.5868822932243347,0.6708333492279053,0.5981169939041138,461,1753699274,3,5
116001,1920,1740015,222721920,23520,0.6708333492279053,128,116000,0.5307140350341797,1920,17,5,500000,1000,,116001.0,0.6895833611488342,0.5868756175041199,0.6729166507720947,0.598088800907135,466,1753699274,3,5
117001,1920,1755015,224641920,23520,0.6729166507720947,128,117000,0.5344350337982178,1920,17,5,500000,1000,,117001.0,0.6890624761581421,0.5868704319000244,0.6729166507720947,0.5982437133789062,470,1753699274,3,5
118001,1920,1770015,226561920,23520,0.6729166507720947,128,118000,0.5387270450592041,1920,17,5,500000,1000,,118001.0,0.6901041865348816,0.5868642330169678,0.6729166507720947,0.5982816219329834,474,1753699274,3,5
119001,1920,1785015,228481920,23520,0.6729166507720947,128,119000,0.5430431365966797,1920,17,5,500000,1000,,119001.0,0.6895833611488342,0.5868620276451111,0.675000011920929,0.5980774760246277,477,1753699274,3,5
120001,1920,1800015,230401920,23520,0.675000011920929,128,120000,0.5469582080841064,1920,17,5,500000,1000,,120001.0,0.6890624761581421,0.5868605375289917,0.6729166507720947,0.598298192024231,482,1753699274,3,5
121001,1920,1815015,232321920,23520,0.6729166507720947,128,121000,0.550678014755249,1920,17,5,500000,1000,,121001.0,0.690625011920929,0.5868545174598694,0.6729166507720947,0.5982506275177002,486,1753699274,3,5
122001,1920,1830015,234241920,23520,0.6729166507720947,128,122000,0.5544431209564209,1920,17,5,500000,1000,,122001.0,0.6895833611488342,0.5868551135063171,0.675000011920929,0.5980473160743713,490,1753699274,3,5
123001,1920,1845015,236161920,23520,0.675000011920929,128,123000,0.5582201480865479,1920,17,5,500000,1000,,123001.0,0.6895833611488342,0.5868492126464844,0.6729166507720947,0.5978121161460876,493,1753699274,3,5
124001,1920,1860015,238081920,23520,0.6729166507720947,128,124000,0.5619959831237793,1920,17,5,500000,1000,,124001.0,0.6901041865348816,0.5868460536003113,0.6729166507720947,0.5981760025024414,497,1753699274,3,5
125001,1920,1875015,240001920,23520,0.6729166507720947,128,125000,0.5657572746276855,1920,17,5,500000,1000,,125001.0,0.6901041865348816,0.5868404507637024,0.6729166507720947,0.598156213760376,501,1753699274,3,5
126001,1920,1890015,241921920,23520,0.6729166507720947,128,126000,0.569556474685669,1920,17,5,500000,1000,,126001.0,0.6885416507720947,0.5868377089500427,0.675000011920929,0.5980141758918762,505,1753699274,3,5
127001,1920,1905015,243841920,23520,0.675000011920929,128,127000,0.5733904838562012,1920,17,5,500000,1000,,127001.0,0.6885416507720947,0.5868321061134338,0.6729166507720947,0.5980523228645325,509,1753699274,3,5
128001,1920,1920015,245761920,23520,0.6729166507720947,128,128000,0.57745361328125,1920,17,5,500000,1000,,128001.0,0.6885416507720947,0.5868312120437622,0.6729166507720947,0.5980346202850342,513,1753699274,3,5
129001,1920,1935015,247681920,23520,0.6729166507720947,128,129000,0.5812697410583496,1920,17,5,500000,1000,,129001.0,0.6890624761581421,0.5868244171142578,0.6729166507720947,0.598035454750061,517,1753699274,3,5
130001,1920,1950015,249601920,23520,0.6729166507720947,128,130000,0.5850429534912109,1920,17,5,500000,1000,,130001.0,0.6901041865348816,0.5868226885795593,0.6708333492279053,0.5979761481285095,521,1753699274,3,5
131001,1920,1965015,251521920,23520,0.6708333492279053,128,131000,0.5888299942016602,1920,17,5,500000,1000,,131001.0,0.6901041865348816,0.5868198871612549,0.6708333492279053,0.5980431437492371,525,1753699274,3,5
132001,1920,1980015,253441920,23520,0.6708333492279053,128,132000,0.5930571556091309,1920,17,5,500000,1000,,132001.0,0.6895833611488342,0.5868135690689087,0.6729166507720947,0.5983630418777466,529,1753699274,3,5
133001,1920,1995015,255361920,23520,0.6729166507720947,128,133000,0.5968620777130127,1920,17,5,500000,1000,,133001.0,0.6885416507720947,0.586819052696228,0.6729166507720947,0.5984208583831787,533,1753699274,3,5
134001,1920,2010015,257281920,23520,0.6729166507720947,128,134000,0.6006360054016113,1920,17,5,500000,1000,,134001.0,0.6885416507720947,0.5868093967437744,0.6729166507720947,0.5981833338737488,537,1753699274,3,5
135001,1920,2025015,259201920,23520,0.6729166507720947,128,135000,0.6044142246246338,1920,17,5,500000,1000,,135001.0,0.6901041865348816,0.5868047475814819,0.6708333492279053,0.5984059572219849,541,1753699274,3,5
136001,1920,2040015,261121920,23520,0.6708333492279053,128,136000,0.6082582473754883,1920,17,5,500000,1000,,136001.0,0.690625011920929,0.5868035554885864,0.6708333492279053,0.5981850028038025,545,1753699274,3,5
137001,1920,2055015,263041920,23520,0.6708333492279053,128,137000,0.6120615005493164,1920,17,5,500000,1000,,137001.0,0.6895833611488342,0.5868061184883118,0.6708333492279053,0.5981127619743347,549,1753699274,3,5
138001,1920,2070015,264961920,23520,0.6708333492279053,128,138000,0.6158814430236816,1920,17,5,500000,1000,,138001.0,0.6895833611488342,0.5867969393730164,0.6729166507720947,0.5982028841972351,552,1753699274,3,5
139001,1920,2085015,266881920,23520,0.6729166507720947,128,139000,0.6199185848236084,1920,17,5,500000,1000,,139001.0,0.6901041865348816,0.586791455745697,0.6708333492279053,0.5982230305671692,556,1753699274,3,5
140001,1920,2100015,268801920,23520,0.6708333492279053,128,140000,0.6236677169799805,1920,17,5,500000,1000,,140001.0,0.6885416507720947,0.5867903232574463,0.6729166507720947,0.5980040431022644,560,1753699274,3,5
141001,1920,2115015,270721920,23520,0.6729166507720947,128,141000,0.6274456977844238,1920,17,5,500000,1000,,141001.0,0.6890624761581421,0.5867911577224731,0.6708333492279053,0.5979392528533936,564,1753699274,3,5
142001,1920,2130015,272641920,23520,0.6708333492279053,128,142000,0.6311655044555664,1920,17,5,500000,1000,,142001.0,0.6895833611488342,0.5867881178855896,0.6729166507720947,0.5979310274124146,568,1753699274,3,5
143001,1920,2145015,274561920,23520,0.6729166507720947,128,143000,0.6350295543670654,1920,17,5,500000,1000,,143001.0,0.6895833611488342,0.5867814421653748,0.6729166507720947,0.5979307293891907,572,1753699274,3,5
144001,1920,2160015,276481920,23520,0.6729166507720947,128,144000,0.6387865543365479,1920,17,5,500000,1000,,144001.0,0.6895833611488342,0.5867796540260315,0.6729166507720947,0.5979085564613342,575,1753699274,3,5
145001,1920,2175015,278401920,23520,0.6729166507720947,128,145000,0.6426115036010742,1920,17,5,500000,1000,,145001.0,0.6901041865348816,0.5867757201194763,0.6729166507720947,0.5978294610977173,579,1753699274,3,5
146001,1920,2190015,280321920,23520,0.6729166507720947,128,146000,0.6463816165924072,1920,17,5,500000,1000,,146001.0,0.6901041865348816,0.5867728590965271,0.6729166507720947,0.597795307636261,583,1753699274,3,5
147001,1920,2205015,282241920,23520,0.6729166507720947,128,147000,0.6501076221466064,1920,17,5,500000,1000,,147001.0,0.6885416507720947,0.5867711901664734,0.675000011920929,0.5979025959968567,587,1753699274,3,5
148001,1920,2220015,284161920,23520,0.675000011920929,128,148000,0.6538865566253662,1920,17,5,500000,1000,,148001.0,0.6895833611488342,0.5867684483528137,0.6729166507720947,0.5979651808738708,591,1753699274,3,5
149001,1920,2235015,286081920,23520,0.6729166507720947,128,149000,0.6581976413726807,1920,17,5,500000,1000,,149001.0,0.6895833611488342,0.5867673754692078,0.6729166507720947,0.5980287194252014,595,1753699274,3,5
150001,1920,2250015,288001920,23520,0.6729166507720947,128,150000,0.6621174812316895,1920,17,5,500000,1000,,150001.0,0.6880208253860474,0.5867623686790466,0.6729166507720947,0.598089337348938,599,1753699274,3,5
151001,1920,2265015,289921920,23520,0.6729166507720947,128,151000,0.6661813259124756,1920,17,5,500000,1000,,151001.0,0.6890624761581421,0.5867602229118347,0.6708333492279053,0.5980379581451416,603,1753699274,3,5
152001,1920,2280015,291841920,23520,0.6708333492279053,128,152000,0.6700453758239746,1920,17,5,500000,1000,,152001.0,0.6890624761581421,0.5867577791213989,0.675000011920929,0.5979650020599365,607,1753699274,3,5
153001,1920,2295015,293761920,23520,0.675000011920929,128,153000,0.6737675666809082,1920,17,5,500000,1000,,153001.0,0.6895833611488342,0.5867597460746765,0.675000011920929,0.597953736782074,610,1753699274,3,5
154001,1920,2310015,295681920,23520,0.675000011920929,128,154000,0.6775484085083008,1920,17,5,500000,1000,,154001.0,0.6895833611488342,0.586753785610199,0.675000011920929,0.5979598760604858,614,1753699274,3,5
155001,1920,2325015,297601920,23520,0.675000011920929,128,155000,0.6814053058624268,1920,17,5,500000,1000,,155001.0,0.6890624761581421,0.5867478847503662,0.6729166507720947,0.5980733036994934,618,1753699274,3,5
156001,1920,2340015,299521920,23520,0.6729166507720947,128,156000,0.6851613521575928,1920,17,5,500000,1000,,156001.0,0.690625011920929,0.5867480039596558,0.6729166507720947,0.5980311036109924,622,1753699274,3,5
157001,1920,2355015,301441920,23520,0.6729166507720947,128,157000,0.6891090869903564,1920,17,5,500000,1000,,157001.0,0.6890624761581421,0.5867444276809692,0.6729166507720947,0.5980661511421204,626,1753699274,3,5
158001,1920,2370015,303361920,23520,0.6729166507720947,128,158000,0.6934981346130371,1920,17,5,500000,1000,,158001.0,0.6895833611488342,0.5867395997047424,0.6729166507720947,0.5979998707771301,630,1753699274,3,5
159001,1920,2385015,305281920,23520,0.6729166507720947,128,159000,0.6972942352294922,1920,17,5,500000,1000,,159001.0,0.6885416507720947,0.5867392420768738,0.6708333492279053,0.5982333421707153,634,1753699274,3,5
160001,1920,2400015,307201920,23520,0.6708333492279053,128,160000,0.7013981342315674,1920,17,5,500000,1000,,160001.0,0.6890624761581421,0.5867375135421753,0.6729166507720947,0.5979359149932861,638,1753699274,3,5
161001,1920,2415015,309121920,23520,0.6729166507720947,128,161000,0.705193042755127,1920,17,5,500000,1000,,161001.0,0.6901041865348816,0.5867335200309753,0.6729166507720947,0.597737193107605,641,1753699274,3,5
162001,1920,2430015,311041920,23520,0.6729166507720947,128,162000,0.7091531753540039,1920,17,5,500000,1000,,162001.0,0.6895833611488342,0.5867294669151306,0.6729166507720947,0.5978002548217773,645,1753699274,3,5
163001,1920,2445015,312961920,23520,0.6729166507720947,128,163000,0.7129111289978027,1920,17,5,500000,1000,,163001.0,0.6895833611488342,0.5867280960083008,0.675000011920929,0.5979947447776794,649,1753699274,3,5
164001,1920,2460015,314881920,23520,0.675000011920929,128,164000,0.716630220413208,1920,17,5,500000,1000,,164001.0,0.6885416507720947,0.5867254137992859,0.6729166507720947,0.5978894829750061,653,1753699274,3,5
165001,1920,2475015,316801920,23520,0.6729166507720947,128,165000,0.7204420566558838,1920,17,5,500000,1000,,165001.0,0.6890624761581421,0.5867254734039307,0.6729166507720947,0.5978854298591614,657,1753699274,3,5
166001,1920,2490015,318721920,23520,0.6729166507720947,128,166000,0.7251908779144287,1920,17,5,500000,1000,,166001.0,0.6885416507720947,0.5867255926132202,0.6729166507720947,0.5978491306304932,661,1753699274,3,5
167001,1920,2505015,320641920,23520,0.6729166507720947,128,167000,0.7290618419647217,1920,17,5,500000,1000,,167001.0,0.6895833611488342,0.5867204666137695,0.6729166507720947,0.5980324149131775,665,1753699274,3,5
168001,1920,2520015,322561920,23520,0.6729166507720947,128,168000,0.7328298091888428,1920,17,5,500000,1000,,168001.0,0.6895833611488342,0.5867173075675964,0.6729166507720947,0.5978912711143494,669,1753699274,3,5
169001,1920,2535015,324481920,23520,0.6729166507720947,128,169000,0.7369630336761475,1920,17,5,500000,1000,,169001.0,0.690625011920929,0.5867173075675964,0.6729166507720947,0.5978599190711975,672,1753699274,3,5
170001,1920,2550015,326401920,23520,0.6729166507720947,128,170000,0.7407081127166748,1920,17,5,500000,1000,,170001.0,0.6901041865348816,0.5867145657539368,0.6729166507720947,0.5980117321014404,676,1753699274,3,5
171001,1920,2565015,328321920,23520,0.6729166507720947,128,171000,0.7446813583374023,1920,17,5,500000,1000,,171001.0,0.6901041865348816,0.5867173671722412,0.6729166507720947,0.5980081558227539,680,1753699274,3,5
172001,1920,2580015,330241920,23520,0.6729166507720947,128,172000,0.748948335647583,1920,17,5,500000,1000,,172001.0,0.690625011920929,0.5867107510566711,0.6729166507720947,0.598116934299469,684,1753699274,3,5
173001,1920,2595015,332161920,23520,0.6729166507720947,128,173000,0.7526834011077881,1920,17,5,500000,1000,,173001.0,0.6890624761581421,0.5867079496383667,0.675000011920929,0.5980712175369263,688,1753699274,3,5
174001,1920,2610015,334081920,23520,0.675000011920929,128,174000,0.7564735412597656,1920,17,5,500000,1000,,174001.0,0.6895833611488342,0.586705207824707,0.675000011920929,0.5979558825492859,692,1753699274,3,5
175001,1920,2625015,336001920,23520,0.675000011920929,128,175000,0.7606675624847412,1920,17,5,500000,1000,,175001.0,0.6890624761581421,0.5867016315460205,0.675000011920929,0.598007082939148,696,1753699274,3,5
176001,1920,2640015,337921920,23520,0.675000011920929,128,176000,0.7644598484039307,1920,17,5,500000,1000,,176001.0,0.6895833611488342,0.5867019891738892,0.6729166507720947,0.5978953838348389,700,1753699274,3,5
177001,1920,2655015,339841920,23520,0.6729166507720947,128,177000,0.7682549953460693,1920,17,5,500000,1000,,177001.0,0.6890624761581421,0.5866981744766235,0.6729166507720947,0.59794682264328,704,1753699274,3,5
178001,1920,2670015,341761920,23520,0.6729166507720947,128,178000,0.7722470760345459,1920,17,5,500000,1000,,178001.0,0.6895833611488342,0.586697518825531,0.6729166507720947,0.5979348421096802,708,1753699274,3,5
179001,1920,2685015,343681920,23520,0.6729166507720947,128,179000,0.7760162353515625,1920,17,5,500000,1000,,179001.0,0.6895833611488342,0.5866959691047668,0.6729166507720947,0.5978528261184692,712,1753699274,3,5
180001,1920,2700015,345601920,23520,0.6729166507720947,128,180000,0.7797980308532715,1920,17,5,500000,1000,,180001.0,0.6890624761581421,0.5866945385932922,0.6729166507720947,0.5980222225189209,715,1753699274,3,5
181001,1920,2715015,347521920,23520,0.6729166507720947,128,181000,0.7835772037506104,1920,17,5,500000,1000,,181001.0,0.6880208253860474,0.5866917371749878,0.675000011920929,0.5980379581451416,719,1753699274,3,5
182001,1920,2730015,349441920,23520,0.675000011920929,128,182000,0.7873821258544922,1920,17,5,500000,1000,,182001.0,0.6895833611488342,0.5866876840591431,0.6729166507720947,0.5980177521705627,723,1753699274,3,5
183001,1920,2745015,351361920,23520,0.6729166507720947,128,183000,0.791126012802124,1920,17,5,500000,1000,,183001.0,0.6901041865348816,0.5866895914077759,0.6729166507720947,0.597904622554779,727,1753699274,3,5
184001,1920,2760015,353281920,23520,0.6729166507720947,128,184000,0.7949070930480957,1920,17,5,500000,1000,,184001.0,0.6901041865348816,0.5866879820823669,0.6729166507720947,0.598147451877594,731,1753699274,3,5
185001,1920,2775015,355201920,23520,0.6729166507720947,128,185000,0.7986788749694824,1920,17,5,500000,1000,,185001.0,0.6901041865348816,0.5866836905479431,0.6729166507720947,0.5978381633758545,735,1753699274,3,5
186001,1920,2790015,357121920,23520,0.6729166507720947,128,186000,0.8028640747070312,1920,17,5,500000,1000,,186001.0,0.6895833611488342,0.5866801738739014,0.6729166507720947,0.5979816317558289,739,1753699274,3,5
187001,1920,2805015,359041920,23520,0.6729166507720947,128,187000,0.806675910949707,1920,17,5,500000,1000,,187001.0,0.6895833611488342,0.5866808295249939,0.675000011920929,0.5979253649711609,743,1753699274,3,5
188001,1920,2820015,360961920,23520,0.675000011920929,128,188000,0.8107140064239502,1920,17,5,500000,1000,,188001.0,0.6890624761581421,0.5866765975952148,0.6729166507720947,0.5981782078742981,749,1753699274,3,5
189001,1920,2835015,362881920,23520,0.6729166507720947,128,189000,0.8183352947235107,1920,17,5,500000,1000,,189001.0,0.6895833611488342,0.5866754055023193,0.675000011920929,0.5981168150901794,754,1753699274,3,5
190001,1920,2850015,364801920,23520,0.675000011920929,128,190000,0.823291540145874,1920,17,5,500000,1000,,190001.0,0.6890624761581421,0.5866731405258179,0.675000011920929,0.5981371998786926,761,1753699274,3,5
191001,1920,2865015,366721920,23520,0.675000011920929,128,191000,0.8271486759185791,1920,17,5,500000,1000,,191001.0,0.6890624761581421,0.5866716504096985,0.675000011920929,0.5981113910675049,766,1753699274,3,5
192001,1920,2880015,368641920,23520,0.675000011920929,128,192000,0.8317227363586426,1920,17,5,500000,1000,,192001.0,0.6890624761581421,0.586670994758606,0.675000011920929,0.5979375243186951,771,1753699274,3,5
193001,1920,2895015,370561920,23520,0.675000011920929,128,193000,0.835383415222168,1920,17,5,500000,1000,,193001.0,0.6901041865348816,0.5866700410842896,0.6729166507720947,0.5978452563285828,776,1753699274,3,5
194001,1920,2910015,372481920,23520,0.6729166507720947,128,194000,0.8401334285736084,1920,17,5,500000,1000,,194001.0,0.6901041865348816,0.5866671204566956,0.6729166507720947,0.5981491208076477,781,1753699274,3,5
195001,1920,2925015,374401920,23520,0.6729166507720947,128,195000,0.8440563678741455,1920,17,5,500000,1000,,195001.0,0.6901041865348816,0.5866652131080627,0.6729166507720947,0.5980443358421326,785,1753699274,3,5
196001,1920,2940015,376321920,23520,0.6729166507720947,128,196000,0.847846269607544,1920,17,5,500000,1000,,196001.0,0.6895833611488342,0.5866653919219971,0.6729166507720947,0.5978658199310303,789,1753699274,3,5
197001,1920,2955015,378241920,23520,0.6729166507720947,128,197000,0.8516871929168701,1920,17,5,500000,1000,,197001.0,0.6885416507720947,0.5866629481315613,0.6729166507720947,0.5979108214378357,793,1753699274,3,5
198001,1920,2970015,380161920,23520,0.6729166507720947,128,198000,0.8554904460906982,1920,17,5,500000,1000,,198001.0,0.6901041865348816,0.5866653919219971,0.6708333492279053,0.5978051424026489,797,1753699274,3,5
199001,1920,2985015,382081920,23520,0.6708333492279053,128,199000,0.859276533126831,1920,17,5,500000,1000,,199001.0,0.6890624761581421,0.5866602063179016,0.6729166507720947,0.5978854298591614,801,1753699274,3,5
200001,1920,3000015,384001920,23520,0.6729166507720947,128,200000,0.8631024360656738,1920,17,5,500000,1000,,200001.0,0.6901041865348816,0.5866600275039673,0.675000011920929,0.5977736115455627,805,1753699274,3,5
201001,1920,3015015,385921920,23520,0.675000011920929,128,201000,0.8668375015258789,1920,17,5,500000,1000,,201001.0,0.690625011920929,0.5866574645042419,0.6729166507720947,0.5978749394416809,809,1753699274,3,5
202001,1920,3030015,387841920,23520,0.6729166507720947,128,202000,0.8705844879150391,1920,17,5,500000,1000,,202001.0,0.6901041865348816,0.586654782295227,0.6729166507720947,0.5978026986122131,813,1753699274,3,5
203001,1920,3045015,389761920,23520,0.6729166507720947,128,203000,0.8744964599609375,1920,17,5,500000,1000,,203001.0,0.690625011920929,0.5866538882255554,0.6708333492279053,0.5977674722671509,817,1753699274,3,5
204001,1920,3060015,391681920,23520,0.6708333492279053,128,204000,0.8782844543457031,1920,17,5,500000,1000,,204001.0,0.690625011920929,0.5866509079933167,0.6729166507720947,0.5977932214736938,820,1753699274,3,5
205001,1920,3075015,393601920,23520,0.6729166507720947,128,205000,0.882122278213501,1920,17,5,500000,1000,,205001.0,0.6895833611488342,0.5866470336914062,0.675000011920929,0.5978735089302063,824,1753699274,3,5
206001,1920,3090015,395521920,23520,0.675000011920929,128,206000,0.885892391204834,1920,17,5,500000,1000,,206001.0,0.6901041865348816,0.5866479277610779,0.6729166507720947,0.5980790853500366,828,1753699274,3,5
207001,1920,3105015,397441920,23520,0.6729166507720947,128,207000,0.8896524906158447,1920,17,5,500000,1000,,207001.0,0.6895833611488342,0.5866457223892212,0.6729166507720947,0.5978109836578369,832,1753699274,3,5
208001,1920,3120015,399361920,23520,0.6729166507720947,128,208000,0.8934116363525391,1920,17,5,500000,1000,,208001.0,0.690625011920929,0.586644172668457,0.6729166507720947,0.5978501439094543,836,1753699274,3,5
209001,1920,3135015,401281920,23520,0.6729166507720947,128,209000,0.8971595764160156,1920,17,5,500000,1000,,209001.0,0.6901041865348816,0.5866420269012451,0.6729166507720947,0.5978530645370483,840,1753699274,3,5
210001,1920,3150015,403201920,23520,0.6729166507720947,128,210000,0.9013028144836426,1920,17,5,500000,1000,,210001.0,0.6895833611488342,0.5866403579711914,0.6708333492279053,0.5978466272354126,844,1753699274,3,5
211001,1920,3165015,405121920,23520,0.6708333492279053,128,211000,0.9050617218017578,1920,17,5,500000,1000,,211001.0,0.6901041865348816,0.5866398215293884,0.6729166507720947,0.5976009368896484,848,1753699274,3,5
212001,1920,3180015,407041920,23520,0.6729166507720947,128,212000,0.9097237586975098,1920,17,5,500000,1000,,212001.0,0.6895833611488342,0.5866382122039795,0.6729166507720947,0.5977676510810852,851,1753699274,3,5
213001,1920,3195015,408961920,23520,0.6729166507720947,128,213000,0.9135096073150635,1920,17,5,500000,1000,,213001.0,0.690625011920929,0.5866371393203735,0.6729166507720947,0.5978915691375732,855,1753699274,3,5
214001,1920,3210015,410881920,23520,0.6729166507720947,128,214000,0.9172666072845459,1920,17,5,500000,1000,,214001.0,0.6901041865348816,0.5866339206695557,0.6708333492279053,0.5979844331741333,859,1753699274,3,5
215001,1920,3225015,412801920,23520,0.6708333492279053,128,215000,0.9211158752441406,1920,17,5,500000,1000,,215001.0,0.6890624761581421,0.58663409948349,0.6708333492279053,0.597765326499939,863,1753699274,3,5
216001,1920,3240015,414721920,23520,0.6708333492279053,128,216000,0.924907922744751,1920,17,5,500000,1000,,216001.0,0.6890624761581421,0.5866349339485168,0.6708333492279053,0.5978346467018127,867,1753699274,3,5
217001,1920,3255015,416641920,23520,0.6708333492279053,128,217000,0.9286596775054932,1920,17,5,500000,1000,,217001.0,0.6895833611488342,0.5866318941116333,0.6729166507720947,0.597852349281311,871,1753699274,3,5
218001,1920,3270015,418561920,23520,0.6729166507720947,128,218000,0.9324097633361816,1920,17,5,500000,1000,,218001.0,0.6890624761581421,0.5866328477859497,0.6708333492279053,0.5979686379432678,875,1753699274,3,5
219001,1920,3285015,420481920,23520,0.6708333492279053,128,219000,0.9365909099578857,1920,17,5,500000,1000,,219001.0,0.6890624761581421,0.5866283178329468,0.6729166507720947,0.5979750752449036,878,1753699274,3,5
220001,1920,3300015,422401920,23520,0.6729166507720947,128,220000,0.9403591156005859,1920,17,5,500000,1000,,220001.0,0.6901041865348816,0.5866268277168274,0.6729166507720947,0.5977583527565002,882,1753699274,3,5
221001,1920,3315015,424321920,23520,0.6729166507720947,128,221000,0.9441392421722412,1920,17,5,500000,1000,,221001.0,0.6890624761581421,0.586627185344696,0.6729166507720947,0.5977760553359985,886,1753699274,3,5
222001,1920,3330015,426241920,23520,0.6729166507720947,128,222000,0.9479551315307617,1920,17,5,500000,1000,,222001.0,0.6885416507720947,0.5866234302520752,0.6729166507720947,0.5977804660797119,890,1753699274,3,5
223001,1920,3345015,428161920,23520,0.6729166507720947,128,223000,0.9516744613647461,1920,17,5,500000,1000,,223001.0,0.6901041865348816,0.5866230726242065,0.6729166507720947,0.597940981388092,894,1753699274,3,5
224001,1920,3360015,430081920,23520,0.6729166507720947,128,224000,0.9554235935211182,1920,17,5,500000,1000,,224001.0,0.6885416507720947,0.5866233110427856,0.675000011920929,0.5980882048606873,898,1753699274,3,5
225001,1920,3375015,432001920,23520,0.675000011920929,128,225000,0.9591734409332275,1920,17,5,500000,1000,,225001.0,0.6890624761581421,0.5866180062294006,0.675000011920929,0.5979859232902527,902,1753699274,3,5
226001,1920,3390015,433921920,23520,0.675000011920929,128,226000,0.9629833698272705,1920,17,5,500000,1000,,226001.0,0.6890624761581421,0.5866147875785828,0.6729166507720947,0.5980789661407471,906,1753699274,3,5
227001,1920,3405015,435841920,23520,0.6729166507720947,128,227000,0.9667272567749023,1920,17,5,500000,1000,,227001.0,0.6895833611488342,0.5866184830665588,0.675000011920929,0.5980280041694641,909,1753699274,3,5
228001,1920,3420015,437761920,23520,0.675000011920929,128,228000,0.9707283973693848,1920,17,5,500000,1000,,228001.0,0.6895833611488342,0.5866153836250305,0.675000011920929,0.5979160070419312,913,1753699274,3,5
229001,1920,3435015,439681920,23520,0.675000011920929,128,229000,0.9744973182678223,1920,17,5,500000,1000,,229001.0,0.690625011920929,0.586614727973938,0.6708333492279053,0.5979573130607605,917,1753699274,3,5
230001,1920,3450015,441601920,23520,0.6708333492279053,128,230000,0.978276252746582,1920,17,5,500000,1000,,230001.0,0.6895833611488342,0.5866146087646484,0.6708333492279053,0.597883403301239,921,1753699274,3,5
231001,1920,3465015,443521920,23520,0.6708333492279053,128,231000,0.9820773601531982,1920,17,5,500000,1000,,231001.0,0.690625011920929,0.5866134762763977,0.6729166507720947,0.5980710387229919,925,1753699274,3,5
232001,1920,3480015,445441920,23520,0.6729166507720947,128,232000,0.9858791828155518,1920,17,5,500000,1000,,232001.0,0.6901041865348816,0.5866121649742126,0.6708333492279053,0.5979100465774536,929,1753699274,3,5
233001,1920,3495015,447361920,23520,0.6708333492279053,128,233000,0.9896042346954346,1920,17,5,500000,1000,,233001.0,0.6895833611488342,0.586608350276947,0.6729166507720947,0.5979282259941101,933,1753699274,3,5
234001,1920,3510015,449281920,23520,0.6729166507720947,128,234000,0.9938251972198486,1920,17,5,500000,1000,,234001.0,0.6895833611488342,0.5866077542304993,0.6729166507720947,0.5979130268096924,936,1753699274,3,5
235001,1920,3525015,451201920,23520,0.6729166507720947,128,235000,0.9976892471313477,1920,17,5,500000,1000,,235001.0,0.6901041865348816,0.5866047143936157,0.6729166507720947,0.5980654358863831,940,1753699274,3,5
236001,1920,3540015,453121920,23520,0.6729166507720947,128,236000,1.001465082168579,1920,17,5,500000,1000,,236001.0,0.6895833611488342,0.5866063237190247,0.6729166507720947,0.5980696082115173,944,1753699274,3,5
237001,1920,3555015,455041920,23520,0.6729166507720947,128,237000,1.0052249431610107,1920,17,5,500000,1000,,237001.0,0.6895833611488342,0.5866063237190247,0.6729166507720947,0.5980700254440308,948,1753699274,3,5
238001,1920,3570015,456961920,23520,0.6729166507720947,128,238000,1.0090360641479492,1920,17,5,500000,1000,,238001.0,0.6890624761581421,0.586602509021759,0.675000011920929,0.5978244543075562,952,1753699274,3,5
239001,1920,3585015,458881920,23520,0.675000011920929,128,239000,1.0128629207611084,1920,17,5,500000,1000,,239001.0,0.6890624761581421,0.5866048336029053,0.675000011920929,0.597849428653717,956,1753699274,3,5
240001,1920,3600015,460801920,23520,0.675000011920929,128,240000,1.0166099071502686,1920,17,5,500000,1000,,240001.0,0.6901041865348816,0.5865992903709412,0.675000011920929,0.5980039834976196,960,1753699274,3,5
241001,1920,3615015,462721920,23520,0.675000011920929,128,241000,1.0204126834869385,1920,17,5,500000,1000,,241001.0,0.6890624761581421,0.5865962505340576,0.675000011920929,0.5980448126792908,963,1753699274,3,5
242001,1920,3630015,464641920,23520,0.675000011920929,128,242000,1.0241668224334717,1920,17,5,500000,1000,,242001.0,0.6890624761581421,0.5865963697433472,0.675000011920929,0.5980689525604248,967,1753699274,3,5
243001,1920,3645015,466561920,23520,0.675000011920929,128,243000,1.0280447006225586,1920,17,5,500000,1000,,243001.0,0.6895833611488342,0.5865954160690308,0.675000011920929,0.5980721116065979,971,1753699274,3,5
244001,1920,3660015,468481920,23520,0.675000011920929,128,244000,1.0317976474761963,1920,17,5,500000,1000,,244001.0,0.6895833611488342,0.5865941643714905,0.675000011920929,0.5978983640670776,975,1753699274,3,5
245001,1920,3675015,470401920,23520,0.675000011920929,128,245000,1.0355896949768066,1920,17,5,500000,1000,,245001.0,0.6890624761581421,0.5865945219993591,0.6729166507720947,0.5978243947029114,979,1753699274,3,5
246001,1920,3690015,472321920,23520,0.6729166507720947,128,246000,1.0393338203430176,1920,17,5,500000,1000,,246001.0,0.6901041865348816,0.5865943431854248,0.6729166507720947,0.5977983474731445,983,1753699274,3,5
247001,1920,3705015,474241920,23520,0.6729166507720947,128,247000,1.0430920124053955,1920,17,5,500000,1000,,247001.0,0.6895833611488342,0.5865913033485413,0.6729166507720947,0.5978319644927979,987,1753699274,3,5
248001,1920,3720015,476161920,23520,0.6729166507720947,128,248000,1.046830177307129,1920,17,5,500000,1000,,248001.0,0.6895833611488342,0.5865919589996338,0.6729166507720947,0.5977569222450256,990,1753699274,3,5
249001,1920,3735015,478081920,23520,0.6729166507720947,128,249000,1.0505802631378174,1920,17,5,500000,1000,,249001.0,0.6901041865348816,0.5865951776504517,0.6729166507720947,0.597772479057312,994,1753699274,3,5
250001,1920,3750015,480001920,23520,0.6729166507720947,128,250000,1.054497241973877,1920,17,5,500000,1000,,250001.0,0.6895833611488342,0.58659428358078,0.6708333492279053,0.5978171825408936,998,1753699274,3,5
251001,1920,3765015,481921920,23520,0.6708333492279053,128,251000,1.058326244354248,1920,17,5,500000,1000,,251001.0,0.6895833611488342,0.586589515209198,0.6729166507720947,0.5978417992591858,1002,1753699274,3,5
252001,1920,3780015,483841920,23520,0.6729166507720947,128,252000,1.0620779991149902,1920,17,5,500000,1000,,252001.0,0.6895833611488342,0.586584746837616,0.675000011920929,0.5977811217308044,1006,1753699274,3,5
253001,1920,3795015,485761920,23520,0.675000011920929,128,253000,1.0658581256866455,1920,17,5,500000,1000,,253001.0,0.6901041865348816,0.586585283279419,0.6729166507720947,0.597856879234314,1010,1753699274,3,5
254001,1920,3810015,487681920,23520,0.6729166507720947,128,254000,1.0695850849151611,1920,17,5,500000,1000,,254001.0,0.6890624761581421,0.586585283279419,0.6729166507720947,0.5978701114654541,1013,1753699274,3,5
255001,1920,3825015,489601920,23520,0.6729166507720947,128,255000,1.073380947113037,1920,17,5,500000,1000,,255001.0,0.6885416507720947,0.5865833163261414,0.6729166507720947,0.5980290174484253,1017,1753699274,3,5
256001,1920,3840015,491521920,23520,0.6729166507720947,128,256000,1.077171802520752,1920,17,5,500000,1000,,256001.0,0.6890624761581421,0.5865793824195862,0.6729166507720947,0.5977468490600586,1021,1753699274,3,5
257001,1920,3855015,493441920,23520,0.6729166507720947,128,257000,1.0809197425842285,1920,17,5,500000,1000,,257001.0,0.6885416507720947,0.5865814685821533,0.675000011920929,0.597840428352356,1025,1753699274,3,5
258001,1920,3870015,495361920,23520,0.675000011920929,128,258000,1.0846877098083496,1920,17,5,500000,1000,,258001.0,0.6890624761581421,0.5865825414657593,0.6729166507720947,0.598018229007721,1029,1753699274,3,5
259001,1920,3885015,497281920,23520,0.6729166507720947,128,259000,1.0884857177734375,1920,17,5,500000,1000,,259001.0,0.6880208253860474,0.5865793824195862,0.6729166507720947,0.5980498194694519,1033,1753699274,3,5
260001,1920,3900015,499201920,23520,0.6729166507720947,128,260000,1.092247486114502,1920,17,5,500000,1000,,260001.0,0.6890624761581421,0.5865780115127563,0.675000011920929,0.5978994369506836,1037,1753699274,3,5
261001,1920,3915015,501121920,23520,0.675000011920929,128,261000,1.0959374904632568,1920,17,5,500000,1000,,261001.0,0.6901041865348816,0.5865765810012817,0.6729166507720947,0.5981332063674927,1040,1753699274,3,5
262001,1920,3930015,503041920,23520,0.6729166507720947,128,262000,1.0997486114501953,1920,17,5,500000,1000,,262001.0,0.6895833611488342,0.5865736603736877,0.675000011920929,0.5979586839675903,1044,1753699274,3,5
263001,1920,3945015,504961920,23520,0.675000011920929,128,263000,1.1035785675048828,1920,17,5,500000,1000,,263001.0,0.6911458373069763,0.5865755677223206,0.6729166507720947,0.5978177785873413,1048,1753699274,3,5
264001,1920,3960015,506881920,23520,0.6729166507720947,128,264000,1.1073246002197266,1920,17,5,500000,1000,,264001.0,0.6890624761581421,0.5865744948387146,0.675000011920929,0.5977945327758789,1052,1753699274,3,5
265001,1920,3975015,508801920,23520,0.675000011920929,128,265000,1.111703872680664,1920,17,5,500000,1000,,265001.0,0.6890624761581421,0.5865722894668579,0.6729166507720947,0.598039448261261,1056,1753699274,3,5
266001,1920,3990015,510721920,23520,0.6729166507720947,128,266000,1.1154909133911133,1920,17,5,500000,1000,,266001.0,0.6890624761581421,0.5865724682807922,0.675000011920929,0.5979273319244385,1059,1753699274,3,5
267001,1920,4005015,512641920,23520,0.675000011920929,128,267000,1.119251012802124,1920,17,5,500000,1000,,267001.0,0.6895833611488342,0.5865713357925415,0.6729166507720947,0.5980421304702759,1063,1753699274,3,5
268001,1920,4020015,514561920,23520,0.6729166507720947,128,268000,1.1229557991027832,1920,17,5,500000,1000,,268001.0,0.6895833611488342,0.5865709185600281,0.6729166507720947,0.5979512333869934,1067,1753699274,3,5
269001,1920,4035015,516481920,23520,0.6729166507720947,128,269000,1.1266529560089111,1920,17,5,500000,1000,,269001.0,0.6890624761581421,0.5865717530250549,0.6729166507720947,0.5979587435722351,1071,1753699274,3,5
270001,1920,4050015,518401920,23520,0.6729166507720947,128,270000,1.130483865737915,1920,17,5,500000,1000,,270001.0,0.6885416507720947,0.5865692496299744,0.675000011920929,0.5980209112167358,1075,1753699274,3,5
271001,1920,4065015,520321920,23520,0.675000011920929,128,271000,1.1341869831085205,1920,17,5,500000,1000,,271001.0,0.6890624761581421,0.5865673422813416,0.6729166507720947,0.5979021191596985,1078,1753699274,3,5
272001,1920,4080015,522241920,23520,0.6729166507720947,128,272000,1.138009786605835,1920,17,5,500000,1000,,272001.0,0.6890624761581421,0.5865651965141296,0.6729166507720947,0.597969114780426,1082,1753699274,3,5
273001,1920,4095015,524161920,23520,0.6729166507720947,128,273000,1.141751766204834,1920,17,5,500000,1000,,273001.0,0.6890624761581421,0.586564302444458,0.6729166507720947,0.5978590846061707,1086,1753699274,3,5
274001,1920,4110015,526081920,23520,0.6729166507720947,128,274000,1.1455347537994385,1920,17,5,500000,1000,,274001.0,0.6890624761581421,0.586564838886261,0.6729166507720947,0.5978557467460632,1090,1753699274,3,5
275001,1920,4125015,528001920,23520,0.6729166507720947,128,275000,1.149284839630127,1920,17,5,500000,1000,,275001.0,0.6890624761581421,0.5865628719329834,0.675000011920929,0.5978822708129883,1094,1753699274,3,5
276001,1920,4140015,529921920,23520,0.675000011920929,128,276000,1.1530377864837646,1920,17,5,500000,1000,,276001.0,0.6890624761581421,0.586560070514679,0.675000011920929,0.5977713465690613,1097,1753699274,3,5
277001,1920,4155015,531841920,23520,0.675000011920929,128,277000,1.1567597389221191,1920,17,5,500000,1000,,277001.0,0.6885416507720947,0.5865582227706909,0.675000011920929,0.5979346036911011,1101,1753699274,3,5
278001,1920,4170015,533761920,23520,0.675000011920929,128,278000,1.1606619358062744,1920,17,5,500000,1000,,278001.0,0.6901041865348816,0.5865587592124939,0.6729166507720947,0.5978609323501587,1105,1753699274,3,5
279001,1920,4185015,535681920,23520,0.6729166507720947,128,279000,1.1643691062927246,1920,17,5,500000,1000,,279001.0,0.6895833611488342,0.5865583419799805,0.675000011920929,0.5978309512138367,1109,1753699274,3,5
280001,1920,4200015,537601920,23520,0.675000011920929,128,280000,1.1682121753692627,1920,17,5,500000,1000,,280001.0,0.6895833611488342,0.5865564942359924,0.675000011920929,0.597990095615387,1113,1753699274,3,5
281001,1920,4215015,539521920,23520,0.675000011920929,128,281000,1.1724152565002441,1920,17,5,500000,1000,,281001.0,0.6890624761581421,0.5865567922592163,0.6729166507720947,0.5979602336883545,1116,1753699274,3,5
282001,1920,4230015,541441920,23520,0.6729166507720947,128,282000,1.176229476928711,1920,17,5,500000,1000,,282001.0,0.6890624761581421,0.5865562558174133,0.675000011920929,0.5981678366661072,1120,1753699274,3,5
283001,1920,4245015,543361920,23520,0.675000011920929,128,283000,1.1800453662872314,1920,17,5,500000,1000,,283001.0,0.6885416507720947,0.5865553617477417,0.675000011920929,0.5977206826210022,1124,1753699274,3,5
284001,1920,4260015,545281920,23520,0.675000011920929,128,284000,1.1837353706359863,1920,17,5,500000,1000,,284001.0,0.6895833611488342,0.5865532159805298,0.6729166507720947,0.5977250337600708,1128,1753699274,3,5
285001,1920,4275015,547201920,23520,0.6729166507720947,128,285000,1.1875324249267578,1920,17,5,500000,1000,,285001.0,0.6895833611488342,0.586551308631897,0.6729166507720947,0.5978845357894897,1132,1753699274,3,5
286001,1920,4290015,549121920,23520,0.6729166507720947,128,286000,1.191291332244873,1920,17,5,500000,1000,,286001.0,0.6890624761581421,0.5865505933761597,0.6729166507720947,0.5977652668952942,1136,1753699274,3,5
287001,1920,4305015,551041920,23520,0.6729166507720947,128,287000,1.1950831413269043,1920,17,5,500000,1000,,287001.0,0.6895833611488342,0.5865522623062134,0.6729166507720947,0.5978190302848816,1139,1753699274,3,5
288001,1920,4320015,552961920,23520,0.6729166507720947,128,288000,1.1988582611083984,1920,17,5,500000,1000,,288001.0,0.6890624761581421,0.5865500569343567,0.6729166507720947,0.5980091094970703,1143,1753699274,3,5
289001,1920,4335015,554881920,23520,0.6729166507720947,128,289000,1.2026450634002686,1920,17,5,500000,1000,,289001.0,0.6901041865348816,0.5865497589111328,0.6708333492279053,0.5978590846061707,1147,1753699274,3,5
290001,1920,4350015,556801920,23520,0.6708333492279053,128,290000,1.206451177597046,1920,17,5,500000,1000,,290001.0,0.6890624761581421,0.5865494608879089,0.6729166507720947,0.5979055762290955,1151,1753699274,3,5
291001,1920,4365015,558721920,23520,0.6729166507720947,128,291000,1.2103204727172852,1920,17,5,500000,1000,,291001.0,0.6890624761581421,0.5865471959114075,0.6729166507720947,0.59797602891922,1155,1753699274,3,5
292001,1920,4380015,560641920,23520,0.6729166507720947,128,292000,1.2140905857086182,1920,17,5,500000,1000,,292001.0,0.6890624761581421,0.5865485668182373,0.6729166507720947,0.5979778170585632,1159,1753699274,3,5
293001,1920,4395015,562561920,23520,0.6729166507720947,128,293000,1.2179374694824219,1920,17,5,500000,1000,,293001.0,0.6895833611488342,0.5865457057952881,0.675000011920929,0.5979698300361633,1163,1753699274,3,5
294001,1920,4410015,564481920,23520,0.675000011920929,128,294000,1.222151517868042,1920,17,5,500000,1000,,294001.0,0.6880208253860474,0.5865481495857239,0.675000011920929,0.5977954268455505,1166,1753699274,3,5
295001,1920,4425015,566401920,23520,0.675000011920929,128,295000,1.2265303134918213,1920,17,5,500000,1000,,295001.0,0.6890624761581421,0.5865448117256165,0.6729166507720947,0.5978384017944336,1170,1753699274,3,5
296001,1920,4440015,568321920,23520,0.6729166507720947,128,296000,1.230384349822998,1920,17,5,500000,1000,,296001.0,0.6895833611488342,0.5865433812141418,0.6729166507720947,0.5977962613105774,1174,1753699274,3,5
297001,1920,4455015,570241920,23520,0.6729166507720947,128,297000,1.2341842651367188,1920,17,5,500000,1000,,297001.0,0.6890624761581421,0.5865430235862732,0.675000011920929,0.5978515148162842,1178,1753699274,3,5
298001,1920,4470015,572161920,23520,0.675000011920929,128,298000,1.2379951477050781,1920,17,5,500000,1000,,298001.0,0.6885416507720947,0.5865404009819031,0.675000011920929,0.5979112386703491,1182,1753699274,3,5
299001,1920,4485015,574081920,23520,0.675000011920929,128,299000,1.241772174835205,1920,17,5,500000,1000,,299001.0,0.6901041865348816,0.5865421891212463,0.6729166507720947,0.597728967666626,1186,1753699274,3,5
300001,1920,4500015,576001920,23520,0.6729166507720947,128,300000,1.245509386062622,1920,17,5,500000,1000,,300001.0,0.690625011920929,0.5865395665168762,0.6729166507720947,0.5978631377220154,1190,1753699274,3,5
301001,1920,4515015,577921920,23520,0.6729166507720947,128,301000,1.2492456436157227,1920,17,5,500000,1000,,301001.0,0.6890624761581421,0.586540937423706,0.675000011920929,0.5976758599281311,1194,1753699274,3,5
302001,1920,4530015,579841920,23520,0.675000011920929,128,302000,1.253023624420166,1920,17,5,500000,1000,,302001.0,0.6895833611488342,0.5865377187728882,0.675000011920929,0.597776472568512,1197,1753699274,3,5
303001,1920,4545015,581761920,23520,0.675000011920929,128,303000,1.256833553314209,1920,17,5,500000,1000,,303001.0,0.6901041865348816,0.5865404605865479,0.6729166507720947,0.5978842973709106,1201,1753699274,3,5
304001,1920,4560015,583681920,23520,0.6729166507720947,128,304000,1.260617733001709,1920,17,5,500000,1000,,304001.0,0.6880208253860474,0.5865370035171509,0.675000011920929,0.5980643033981323,1205,1753699274,3,5
305001,1920,4575015,585601920,23520,0.675000011920929,128,305000,1.2644257545471191,1920,17,5,500000,1000,,305001.0,0.6880208253860474,0.5865334868431091,0.675000011920929,0.5980237722396851,1209,1753699274,3,5
306001,1920,4590015,587521920,23520,0.675000011920929,128,306000,1.2683029174804688,1920,17,5,500000,1000,,306001.0,0.6895833611488342,0.5865345001220703,0.675000011920929,0.5977288484573364,1213,1753699274,3,5
307001,1920,4605015,589441920,23520,0.675000011920929,128,307000,1.2720837593078613,1920,17,5,500000,1000,,307001.0,0.6885416507720947,0.586532473564148,0.675000011920929,0.5979382991790771,1217,1753699274,3,5
308001,1920,4620015,591361920,23520,0.675000011920929,128,308000,1.2759156227111816,1920,17,5,500000,1000,,308001.0,0.6880208253860474,0.5865352749824524,0.675000011920929,0.5979487895965576,1221,1753699274,3,5
309001,1920,4635015,593281920,23520,0.675000011920929,128,309000,1.2797744274139404,1920,17,5,500000,1000,,309001.0,0.6880208253860474,0.5865335464477539,0.6729166507720947,0.5978640913963318,1225,1753699274,3,5
310001,1920,4650015,595201920,23520,0.6729166507720947,128,310000,1.2835302352905273,1920,17,5,500000,1000,,310001.0,0.6885416507720947,0.5865336060523987,0.6729166507720947,0.5979296565055847,1228,1753699274,3,5
311001,1920,4665015,597121920,23520,0.6729166507720947,128,311000,1.2873103618621826,1920,17,5,500000,1000,,311001.0,0.6885416507720947,0.5865329504013062,0.675000011920929,0.5977770090103149,1232,1753699274,3,5
312001,1920,4680015,599041920,23520,0.675000011920929,128,312000,1.2910795211791992,1920,17,5,500000,1000,,312001.0,0.6885416507720947,0.5865307450294495,0.675000011920929,0.5980291962623596,1236,1753699274,3,5
313001,1920,4695015,600961920,23520,0.675000011920929,128,313000,1.295013427734375,1920,17,5,500000,1000,,313001.0,0.6890624761581421,0.5865306258201599,0.675000011920929,0.5979067087173462,1240,1753699274,3,5
314001,1920,4710015,602881920,23520,0.675000011920929,128,314000,1.298816442489624,1920,17,5,500000,1000,,314001.0,0.6885416507720947,0.5865284204483032,0.6729166507720947,0.5977672934532166,1244,1753699274,3,5
315001,1920,4725015,604801920,23520,0.6729166507720947,128,315000,1.3025882244110107,1920,17,5,500000,1000,,315001.0,0.6885416507720947,0.5865290760993958,0.675000011920929,0.5977494120597839,1248,1753699274,3,5
316001,1920,4740015,606721920,23520,0.675000011920929,128,316000,1.307035207748413,1920,17,5,500000,1000,,316001.0,0.6885416507720947,0.5865302681922913,0.675000011920929,0.597690224647522,1251,1753699274,3,5
317001,1920,4755015,608641920,23520,0.675000011920929,128,317000,1.3108222484588623,1920,17,5,500000,1000,,317001.0,0.6890624761581421,0.5865280032157898,0.6729166507720947,0.59785395860672,1255,1753699274,3,5
318001,1920,4770015,610561920,23520,0.6729166507720947,128,318000,1.3147099018096924,1920,17,5,500000,1000,,318001.0,0.6890624761581421,0.5865272879600525,0.6729166507720947,0.5977412462234497,1259,1753699274,3,5
319001,1920,4785015,612481920,23520,0.6729166507720947,128,319000,1.318760871887207,1920,17,5,500000,1000,,319001.0,0.6885416507720947,0.5865253806114197,0.6729166507720947,0.5977159142494202,1263,1753699274,3,5
320001,1920,4800015,614401920,23520,0.6729166507720947,128,320000,1.3225648403167725,1920,17,5,500000,1000,,320001.0,0.6895833611488342,0.5865240693092346,0.6729166507720947,0.5978177785873413,1267,1753699274,3,5
321001,1920,4815015,616321920,23520,0.6729166507720947,128,321000,1.3263897895812988,1920,17,5,500000,1000,,321001.0,0.6895833611488342,0.5865229368209839,0.6729166507720947,0.5977582335472107,1271,1753699274,3,5
322001,1920,4830015,618241920,23520,0.6729166507720947,128,322000,1.3302335739135742,1920,17,5,500000,1000,,322001.0,0.6895833611488342,0.5865219831466675,0.6729166507720947,0.597775399684906,1275,1753699274,3,5
323001,1920,4845015,620161920,23520,0.6729166507720947,128,323000,1.3340177536010742,1920,17,5,500000,1000,,323001.0,0.6890624761581421,0.5865212678909302,0.675000011920929,0.5978278517723083,1279,1753699274,3,5
324001,1920,4860015,622081920,23520,0.675000011920929,128,324000,1.3377330303192139,1920,17,5,500000,1000,,324001.0,0.6901041865348816,0.5865227580070496,0.6729166507720947,0.5976959466934204,1282,1753699274,3,5
325001,1920,4875015,624001920,23520,0.6729166507720947,128,325000,1.3415100574493408,1920,17,5,500000,1000,,325001.0,0.6901041865348816,0.586523175239563,0.675000011920929,0.5975601673126221,1286,1753699274,3,5
326001,1920,4890015,625921920,23520,0.675000011920929,128,326000,1.3453350067138672,1920,17,5,500000,1000,,326001.0,0.6890624761581421,0.5865203738212585,0.6729166507720947,0.5980204939842224,1290,1753699274,3,5
327001,1920,4905015,627841920,23520,0.6729166507720947,128,327000,1.349134922027588,1920,17,5,500000,1000,,327001.0,0.6890624761581421,0.5865201354026794,0.6729166507720947,0.5980595350265503,1294,1753699274,3,5
328001,1920,4920015,629761920,23520,0.6729166507720947,128,328000,1.3530848026275635,1920,17,5,500000,1000,,328001.0,0.6890624761581421,0.5865191221237183,0.6729166507720947,0.597955584526062,1298,1753699274,3,5
329001,1920,4935015,631681920,23520,0.6729166507720947,128,329000,1.3568589687347412,1920,17,5,500000,1000,,329001.0,0.6890624761581421,0.5865159630775452,0.6729166507720947,0.5979769229888916,1302,1753699274,3,5
330001,1920,4950015,633601920,23520,0.6729166507720947,128,330000,1.3606786727905273,1920,17,5,500000,1000,,330001.0,0.6890624761581421,0.5865172743797302,0.6729166507720947,0.5978057980537415,1305,1753699274,3,5
331001,1920,4965015,635521920,23520,0.6729166507720947,128,331000,1.3644185066223145,1920,17,5,500000,1000,,331001.0,0.6885416507720947,0.5865183472633362,0.6708333492279053,0.597827672958374,1309,1753699274,3,5
332001,1920,4980015,637441920,23520,0.6708333492279053,128,332000,1.3683276176452637,1920,17,5,500000,1000,,332001.0,0.6885416507720947,0.5865164995193481,0.6729166507720947,0.5979407429695129,1313,1753699274,3,5
333001,1920,4995015,639361920,23520,0.6729166507720947,128,333000,1.3721675872802734,1920,17,5,500000,1000,,333001.0,0.6895833611488342,0.5865144729614258,0.6729166507720947,0.5978037714958191,1317,1753699274,3,5
334001,1920,5010015,641281920,23520,0.6729166507720947,128,334000,1.3759276866912842,1920,17,5,500000,1000,,334001.0,0.6890624761581421,0.5865128040313721,0.675000011920929,0.5979111194610596,1321,1753699274,3,5
335001,1920,5025015,643201920,23520,0.675000011920929,128,335000,1.379805564880371,1920,17,5,500000,1000,,335001.0,0.6895833611488342,0.5865110754966736,0.6729166507720947,0.5979316234588623,1325,1753699274,3,5
336001,1920,5040015,645121920,23520,0.6729166507720947,128,336000,1.3835515975952148,1920,17,5,500000,1000,,336001.0,0.6895833611488342,0.5865116119384766,0.6729166507720947,0.5978176593780518,1329,1753699274,3,5
337001,1920,5055015,647041920,23520,0.6729166507720947,128,337000,1.3873496055603027,1920,17,5,500000,1000,,337001.0,0.6890624761581421,0.5865083336830139,0.675000011920929,0.5978100895881653,1333,1753699274,3,5
338001,1920,5070015,648961920,23520,0.675000011920929,128,338000,1.3911585807800293,1920,17,5,500000,1000,,338001.0,0.6890624761581421,0.5865107178688049,0.675000011920929,0.5978618264198303,1336,1753699274,3,5
339001,1920,5085015,650881920,23520,0.675000011920929,128,339000,1.3949646949768066,1920,17,5,500000,1000,,339001.0,0.6895833611488342,0.5865091681480408,0.6729166507720947,0.5977420806884766,1340,1753699274,3,5
340001,1920,5100015,652801920,23520,0.6729166507720947,128,340000,1.3987598419189453,1920,17,5,500000,1000,,340001.0,0.6890624761581421,0.586509644985199,0.675000011920929,0.5977793335914612,1344,1753699274,3,5
341001,1920,5115015,654721920,23520,0.675000011920929,128,341000,1.4025688171386719,1920,17,5,500000,1000,,341001.0,0.6895833611488342,0.5865069627761841,0.6729166507720947,0.597884476184845,1348,1753699274,3,5
342001,1920,5130015,656641920,23520,0.6729166507720947,128,342000,1.406336784362793,1920,17,5,500000,1000,,342001.0,0.6885416507720947,0.5865070223808289,0.675000011920929,0.597722053527832,1352,1753699274,3,5
343001,1920,5145015,658561920,23520,0.675000011920929,128,343000,1.4101178646087646,1920,17,5,500000,1000,,343001.0,0.6890624761581421,0.5865048766136169,0.6729166507720947,0.5978731513023376,1356,1753699274,3,5
344001,1920,5160015,660481920,23520,0.6729166507720947,128,344000,1.4138867855072021,1920,17,5,500000,1000,,344001.0,0.6890624761581421,0.5865069627761841,0.6729166507720947,0.5977572202682495,1360,1753699274,3,5
345001,1920,5175015,662401920,23520,0.6729166507720947,128,345000,1.4181628227233887,1920,17,5,500000,1000,,345001.0,0.6890624761581421,0.5865049958229065,0.6729166507720947,0.5979268550872803,1364,1753699274,3,5
346001,1920,5190015,664321920,23520,0.6729166507720947,128,346000,1.4219977855682373,1920,17,5,500000,1000,,346001.0,0.6895833611488342,0.5865023732185364,0.6729166507720947,0.5979270339012146,1367,1753699274,3,5
347001,1920,5205015,666241920,23520,0.6729166507720947,128,347000,1.425846815109253,1920,17,5,500000,1000,,347001.0,0.6895833611488342,0.5865013003349304,0.6729166507720947,0.5978904366493225,1371,1753699274,3,5
348001,1920,5220015,668161920,23520,0.6729166507720947,128,348000,1.4296517372131348,1920,17,5,500000,1000,,348001.0,0.6890624761581421,0.5865017771720886,0.675000011920929,0.5978860855102539,1375,1753699274,3,5
349001,1920,5235015,670081920,23520,0.675000011920929,128,349000,1.4334797859191895,1920,17,5,500000,1000,,349001.0,0.6895833611488342,0.5865031480789185,0.6729166507720947,0.5978686809539795,1379,1753699274,3,5
350001,1920,5250015,672001920,23520,0.6729166507720947,128,350000,1.4373979568481445,1920,17,5,500000,1000,,350001.0,0.6890624761581421,0.5865036845207214,0.6729166507720947,0.5979869365692139,1383,1753699274,3,5
351001,1920,5265015,673921920,23520,0.6729166507720947,128,351000,1.4412920475006104,1920,17,5,500000,1000,,351001.0,0.6895833611488342,0.5865015387535095,0.6729166507720947,0.5976606607437134,1387,1753699274,3,5
352001,1920,5280015,675841920,23520,0.6729166507720947,128,352000,1.4453308582305908,1920,17,5,500000,1000,,352001.0,0.6890624761581421,0.5865007638931274,0.675000011920929,0.5976533889770508,1391,1753699274,3,5
353001,1920,5295015,677761920,23520,0.675000011920929,128,353000,1.449246883392334,1920,17,5,500000,1000,,353001.0,0.6890624761581421,0.5865010023117065,0.675000011920929,0.5979718565940857,1395,1753699274,3,5
354001,1920,5310015,679681920,23520,0.675000011920929,128,354000,1.4530408382415771,1920,17,5,500000,1000,,354001.0,0.6885416507720947,0.5864992141723633,0.6729166507720947,0.5978581309318542,1398,1753699274,3,5
355001,1920,5325015,681601920,23520,0.6729166507720947,128,355000,1.4569199085235596,1920,17,5,500000,1000,,355001.0,0.6880208253860474,0.5864989757537842,0.675000011920929,0.5977436304092407,1402,1753699274,3,5
356001,1920,5340015,683521920,23520,0.675000011920929,128,356000,1.4607038497924805,1920,17,5,500000,1000,,356001.0,0.6895833611488342,0.5864966511726379,0.675000011920929,0.5977208614349365,1406,1753699274,3,5
357001,1920,5355015,685441920,23520,0.675000011920929,128,357000,1.4644927978515625,1920,17,5,500000,1000,,357001.0,0.6901041865348816,0.5864982008934021,0.675000011920929,0.5978264212608337,1410,1753699274,3,5
358001,1920,5370015,687361920,23520,0.675000011920929,128,358000,1.4684710502624512,1920,17,5,500000,1000,,358001.0,0.6895833611488342,0.586496889591217,0.675000011920929,0.5976717472076416,1414,1753699274,3,5
359001,1920,5385015,689281920,23520,0.675000011920929,128,359000,1.472261905670166,1920,17,5,500000,1000,,359001.0,0.6901041865348816,0.5864998698234558,0.6729166507720947,0.59755939245224,1418,1753699274,3,5
360001,1920,5400015,691201920,23520,0.6729166507720947,128,360000,1.4764299392700195,1920,17,5,500000,1000,,360001.0,0.6895833611488342,0.5864981412887573,0.6729166507720947,0.5977813601493835,1422,1753699274,3,5
361001,1920,5415015,693121920,23520,0.6729166507720947,128,361000,1.4802019596099854,1920,17,5,500000,1000,,361001.0,0.6895833611488342,0.5864944458007812,0.6729166507720947,0.5976556539535522,1425,1753699274,3,5
362001,1920,5430015,695041920,23520,0.6729166507720947,128,362000,1.484018087387085,1920,17,5,500000,1000,,362001.0,0.6901041865348816,0.5864937901496887,0.6729166507720947,0.5978628396987915,1429,1753699274,3,5
363001,1920,5445015,696961920,23520,0.6729166507720947,128,363000,1.4878849983215332,1920,17,5,500000,1000,,363001.0,0.6890624761581421,0.5864941477775574,0.675000011920929,0.5979470014572144,1433,1753699274,3,5
364001,1920,5460015,698881920,23520,0.675000011920929,128,364000,1.491687297821045,1920,17,5,500000,1000,,364001.0,0.6885416507720947,0.5864938497543335,0.675000011920929,0.5976960062980652,1437,1753699274,3,5
365001,1920,5475015,700801920,23520,0.675000011920929,128,365000,1.4954733848571777,1920,17,5,500000,1000,,365001.0,0.6885416507720947,0.5864939093589783,0.675000011920929,0.5976324081420898,1441,1753699274,3,5
366001,1920,5490015,702721920,23520,0.675000011920929,128,366000,1.4992914199829102,1920,17,5,500000,1000,,366001.0,0.6895833611488342,0.5864948034286499,0.6729166507720947,0.5976972579956055,1445,1753699274,3,5
367001,1920,5505015,704641920,23520,0.6729166507720947,128,367000,1.5030946731567383,1920,17,5,500000,1000,,367001.0,0.6890624761581421,0.5864928960800171,0.6729166507720947,0.5977243185043335,1449,1753699274,3,5
368001,1920,5520015,706561920,23520,0.6729166507720947,128,368000,1.5069255828857422,1920,17,5,500000,1000,,368001.0,0.6890624761581421,0.5864940881729126,0.6729166507720947,0.5975428223609924,1452,1753699274,3,5
369001,1920,5535015,708481920,23520,0.6729166507720947,128,369000,1.510744571685791,1920,17,5,500000,1000,,369001.0,0.6890624761581421,0.5864903330802917,0.6729166507720947,0.5978701114654541,1456,1753699274,3,5
370001,1920,5550015,710401920,23520,0.6729166507720947,128,370000,1.5145142078399658,1920,17,5,500000,1000,,370001.0,0.6895833611488342,0.5864916443824768,0.6729166507720947,0.5978254079818726,1460,1753699274,3,5
371001,1920,5565015,712321920,23520,0.6729166507720947,128,371000,1.5182814598083496,1920,17,5,500000,1000,,371001.0,0.6901041865348816,0.5864930748939514,0.6729166507720947,0.5976997017860413,1464,1753699274,3,5
372001,1920,5580015,714241920,23520,0.6729166507720947,128,372000,1.5220544338226318,1920,17,5,500000,1000,,372001.0,0.6901041865348816,0.5864899158477783,0.6729166507720947,0.5977322459220886,1468,1753699274,3,5
373001,1920,5595015,716161920,23520,0.6729166507720947,128,373000,1.5257623195648193,1920,17,5,500000,1000,,373001.0,0.6890624761581421,0.5864881277084351,0.6729166507720947,0.5978278517723083,1472,1753699274,3,5
374001,1920,5610015,718081920,23520,0.6729166507720947,128,374000,1.5296123027801514,1920,17,5,500000,1000,,374001.0,0.6890624761581421,0.5864912867546082,0.6729166507720947,0.5977864861488342,1478,1753699274,3,5
375001,1920,5625015,720001920,23520,0.6729166507720947,128,375000,1.5343804359436035,1920,17,5,500000,1000,,375001.0,0.6890624761581421,0.5864867568016052,0.6729166507720947,0.5976772904396057,1485,1753699274,3,5
376001,1920,5640015,721921920,23520,0.6729166507720947,128,376000,1.5382473468780518,1920,17,5,500000,1000,,376001.0,0.6890624761581421,0.5864880084991455,0.6729166507720947,0.5976337194442749,1490,1753699274,3,5
377001,1920,5655015,723841920,23520,0.6729166507720947,128,377000,1.5419814586639404,1920,17,5,500000,1000,,377001.0,0.6890624761581421,0.5864855647087097,0.675000011920929,0.5976175665855408,1497,1753699274,3,5
378001,1920,5670015,725761920,23520,0.675000011920929,128,378000,1.5460612773895264,1920,17,5,500000,1000,,378001.0,0.6890624761581421,0.5864856839179993,0.6729166507720947,0.5977156758308411,1502,1753699274,3,5
379001,1920,5685015,727681920,23520,0.6729166507720947,128,379000,1.5499024391174316,1920,17,5,500000,1000,,379001.0,0.6895833611488342,0.586486279964447,0.6729166507720947,0.5977116823196411,1509,1753699274,3,5
380001,1920,5700015,729601920,23520,0.6729166507720947,128,380000,1.5537245273590088,1920,17,5,500000,1000,,380001.0,0.6895833611488342,0.5864847302436829,0.6729166507720947,0.5975653529167175,1515,1753699274,3,5
381001,1920,5715015,731521920,23520,0.6729166507720947,128,381000,1.558178424835205,1920,17,5,500000,1000,,381001.0,0.6890624761581421,0.5864852666854858,0.675000011920929,0.5975599884986877,1520,1753699274,3,5
382001,1920,5730015,733441920,23520,0.675000011920929,128,382000,1.5619683265686035,1920,17,5,500000,1000,,382001.0,0.6901041865348816,0.5864841341972351,0.6708333492279053,0.597848653793335,1528,1753699274,3,5
383001,1920,5745015,735361920,23520,0.6708333492279053,128,383000,1.5656392574310303,1920,17,5,500000,1000,,383001.0,0.6885416507720947,0.5864849090576172,0.6729166507720947,0.5978453159332275,1534,1753699274,3,5
384001,1920,5760015,737281920,23520,0.6729166507720947,128,384000,1.5705983638763428,1920,17,5,500000,1000,,384001.0,0.6880208253860474,0.5864864587783813,0.6729166507720947,0.5979461669921875,1540,1753699274,3,5
385001,1920,5775015,739201920,23520,0.6729166507720947,128,385000,1.5744614601135254,1920,17,5,500000,1000,,385001.0,0.6890624761581421,0.5864863991737366,0.6729166507720947,0.5976668000221252,1547,1753699274,3,5
386001,1920,5790015,741121920,23520,0.6729166507720947,128,386000,1.5783092975616455,1920,17,5,500000,1000,,386001.0,0.6885416507720947,0.5864871144294739,0.6729166507720947,0.597621500492096,1552,1753699274,3,5
387001,1920,5805015,743041920,23520,0.6729166507720947,128,387000,1.5820872783660889,1920,17,5,500000,1000,,387001.0,0.6895833611488342,0.5864841341972351,0.6729166507720947,0.5977529883384705,1557,1753699274,3,5
388001,1920,5820015,744961920,23520,0.6729166507720947,128,388000,1.592806100845337,1920,17,5,500000,1000,,388001.0,0.6885416507720947,0.5864809155464172,0.675000011920929,0.5979369878768921,1561,1753699274,3,5
389001,1920,5835015,746881920,23520,0.675000011920929,128,389000,1.5976629257202148,1920,17,5,500000,1000,,389001.0,0.6890624761581421,0.5864858627319336,0.6729166507720947,0.597881555557251,1568,1753699274,3,5
390001,1920,5850015,748801920,23520,0.6729166507720947,128,390000,1.6015338897705078,1920,17,5,500000,1000,,390001.0,0.6890624761581421,0.586482584476471,0.675000011920929,0.5979777574539185,1574,1753699274,3,5
391001,1920,5865015,750721920,23520,0.675000011920929,128,391000,1.6052088737487793,1920,17,5,500000,1000,,391001.0,0.6890624761581421,0.5864827632904053,0.675000011920929,0.5978437662124634,1579,1753699274,3,5
392001,1920,5880015,752641920,23520,0.675000011920929,128,392000,1.6088941097259521,1920,17,5,500000,1000,,392001.0,0.6895833611488342,0.5864781737327576,0.6729166507720947,0.5978909730911255,1584,1753699274,3,5
393001,1920,5895015,754561920,23520,0.6729166507720947,128,393000,1.6126399040222168,1920,17,5,500000,1000,,393001.0,0.6895833611488342,0.5864794254302979,0.6729166507720947,0.5976805090904236,1590,1753699274,3,5
394001,1920,5910015,756481920,23520,0.6729166507720947,128,394000,1.616459846496582,1920,17,5,500000,1000,,394001.0,0.6890624761581421,0.5864785313606262,0.6729166507720947,0.597576379776001,1595,1753699274,3,5
395001,1920,5925015,758401920,23520,0.6729166507720947,128,395000,1.6211400032043457,1920,17,5,500000,1000,,395001.0,0.6890624761581421,0.5864762663841248,0.6729166507720947,0.5978609323501587,1602,1753699274,3,5
396001,1920,5940015,760321920,23520,0.6729166507720947,128,396000,1.6261787414550781,1920,17,5,500000,1000,,396001.0,0.6890624761581421,0.5864772200584412,0.6729166507720947,0.5978480577468872,1608,1753699274,3,5
397001,1920,5955015,762241920,23520,0.6729166507720947,128,397000,1.631457805633545,1920,17,5,500000,1000,,397001.0,0.6890624761581421,0.5864776372909546,0.6729166507720947,0.5976812839508057,1613,1753699274,3,5
398001,1920,5970015,764161920,23520,0.6729166507720947,128,398000,1.635279893875122,1920,17,5,500000,1000,,398001.0,0.6901041865348816,0.5864763855934143,0.6729166507720947,0.597769558429718,1621,1753699274,3,5
399001,1920,5985015,766081920,23520,0.6729166507720947,128,399000,1.6389777660369873,1920,17,5,500000,1000,,399001.0,0.6901041865348816,0.5864737033843994,0.6729166507720947,0.5977878570556641,1630,1753699274,3,5
400001,1920,6000015,768001920,23520,0.6729166507720947,128,400000,1.6428375244140625,1920,17,5,500000,1000,,400001.0,0.6890624761581421,0.5864736437797546,0.675000011920929,0.5976844429969788,1637,1753699274,3,5
401001,1920,6015015,769921920,23520,0.675000011920929,128,401000,1.6466577053070068,1920,17,5,500000,1000,,401001.0,0.6880208253860474,0.5864737629890442,0.675000011920929,0.5978889465332031,1644,1753699274,3,5
402001,1920,6030015,771841920,23520,0.675000011920929,128,402000,1.6507437229156494,1920,17,5,500000,1000,,402001.0,0.6890624761581421,0.5864741802215576,0.675000011920929,0.5977557897567749,1650,1753699274,3,5
403001,1920,6045015,773761920,23520,0.675000011920929,128,403000,1.6544299125671387,1920,17,5,500000,1000,,403001.0,0.6890624761581421,0.5864737629890442,0.675000011920929,0.5976170301437378,1657,1753699274,3,5
404001,1920,6060015,775681920,23520,0.675000011920929,128,404000,1.6590657234191895,1920,17,5,500000,1000,,404001.0,0.6885416507720947,0.5864742398262024,0.675000011920929,0.597832441329956,1667,1753699274,3,5
405001,1920,6075015,777601920,23520,0.675000011920929,128,405000,1.6631255149841309,1920,17,5,500000,1000,,405001.0,0.6895833611488342,0.5864731073379517,0.675000011920929,0.5978407263755798,1673,1753699274,3,5
406001,1920,6090015,779521920,23520,0.675000011920929,128,406000,1.669689655303955,1920,17,5,500000,1000,,406001.0,0.6890624761581421,0.5864723324775696,0.675000011920929,0.5979864001274109,1682,1753699274,3,5
407001,1920,6105015,781441920,23520,0.675000011920929,128,407000,1.6736867427825928,1920,17,5,500000,1000,,407001.0,0.6890624761581421,0.5864718556404114,0.675000011920929,0.5978600978851318,1690,1753699274,3,5
408001,1920,6120015,783361920,23520,0.675000011920929,128,408000,1.6793768405914307,1920,17,5,500000,1000,,408001.0,0.6890624761581421,0.586470901966095,0.675000011920929,0.5976947546005249,1695,1753699274,3,5
409001,1920,6135015,785281920,23520,0.675000011920929,128,409000,1.683072805404663,1920,17,5,500000,1000,,409001.0,0.6890624761581421,0.5864695310592651,0.6729166507720947,0.5976822376251221,1701,1753699274,3,5
410001,1920,6150015,787201920,23520,0.6729166507720947,128,410000,1.6868746280670166,1920,17,5,500000,1000,,410001.0,0.6890624761581421,0.5864687561988831,0.6729166507720947,0.5977322459220886,1706,1753699274,3,5
411001,1920,6165015,789121920,23520,0.6729166507720947,128,411000,1.6905455589294434,1920,17,5,500000,1000,,411001.0,0.6885416507720947,0.5864705443382263,0.675000011920929,0.5979984402656555,1713,1753699274,3,5
412001,1920,6180015,791041920,23520,0.675000011920929,128,412000,1.6964144706726074,1920,17,5,500000,1000,,412001.0,0.6890624761581421,0.5864702463150024,0.675000011920929,0.5978697538375854,1719,1753699274,3,5
413001,1920,6195015,792961920,23520,0.675000011920929,128,413000,1.7005934715270996,1920,17,5,500000,1000,,413001.0,0.6895833611488342,0.5864685773849487,0.675000011920929,0.5980938076972961,1726,1753699274,3,5
414001,1920,6210015,794881920,23520,0.675000011920929,128,414000,1.7095856666564941,1920,17,5,500000,1000,,414001.0,0.6901041865348816,0.5864704847335815,0.6729166507720947,0.5980159640312195,1732,1753699274,3,5
415001,1920,6225015,796801920,23520,0.6729166507720947,128,415000,1.713289737701416,1920,17,5,500000,1000,,415001.0,0.6901041865348816,0.5864676833152771,0.6729166507720947,0.5978079438209534,1738,1753699274,3,5
416001,1920,6240015,798721920,23520,0.6729166507720947,128,416000,1.7169785499572754,1920,17,5,500000,1000,,416001.0,0.6901041865348816,0.586466908454895,0.6729166507720947,0.5979360342025757,1743,1753699274,3,5
417001,1920,6255015,800641920,23520,0.6729166507720947,128,417000,1.7238385677337646,1920,17,5,500000,1000,,417001.0,0.6901041865348816,0.5864669680595398,0.6729166507720947,0.597739040851593,1750,1753699274,3,5
418001,1920,6270015,802561920,23520,0.6729166507720947,128,418000,1.7275125980377197,1920,17,5,500000,1000,,418001.0,0.6885416507720947,0.5864648222923279,0.675000011920929,0.5977608561515808,1756,1753699274,3,5
419001,1920,6285015,804481920,23520,0.675000011920929,128,419000,1.731245517730713,1920,17,5,500000,1000,,419001.0,0.6895833611488342,0.5864647030830383,0.675000011920929,0.5978252291679382,1762,1753699274,3,5
420001,1920,6300015,806401920,23520,0.675000011920929,128,420000,1.7360694408416748,1920,17,5,500000,1000,,420001.0,0.6901041865348816,0.5864639282226562,0.6729166507720947,0.5977248549461365,1767,1753699274,3,5
421001,1920,6315015,808321920,23520,0.6729166507720947,128,421000,1.7397441864013672,1920,17,5,500000,1000,,421001.0,0.690625011920929,0.5864651799201965,0.6729166507720947,0.5977252721786499,1772,1753699274,3,5
422001,1920,6330015,810241920,23520,0.6729166507720947,128,422000,1.7434401512145996,1920,17,5,500000,1000,,422001.0,0.6901041865348816,0.5864647030830383,0.6729166507720947,0.5978570580482483,1777,1753699274,3,5
423001,1920,6345015,812161920,23520,0.6729166507720947,128,423000,1.7473583221435547,1920,17,5,500000,1000,,423001.0,0.6890624761581421,0.5864667296409607,0.6708333492279053,0.5977643132209778,1784,1753699274,3,5
424001,1920,6360015,814081920,23520,0.6708333492279053,128,424000,1.751387596130371,1920,17,5,500000,1000,,424001.0,0.6895833611488342,0.5864661335945129,0.6729166507720947,0.5976863503456116,1789,1753699274,3,5
425001,1920,6375015,816001920,23520,0.6729166507720947,128,425000,1.7551496028900146,1920,17,5,500000,1000,,425001.0,0.6901041865348816,0.5864651203155518,0.6708333492279053,0.5977995991706848,1794,1753699274,3,5
426001,1920,6390015,817921920,23520,0.6708333492279053,128,426000,1.7588446140289307,1920,17,5,500000,1000,,426001.0,0.6901041865348816,0.5864629745483398,0.6729166507720947,0.5978913903236389,1801,1753699274,3,5
427001,1920,6405015,819841920,23520,0.6729166507720947,128,427000,1.7625226974487305,1920,17,5,500000,1000,,427001.0,0.6895833611488342,0.5864626169204712,0.6729166507720947,0.5976563692092896,1807,1753699274,3,5
428001,1920,6420015,821761920,23520,0.6729166507720947,128,428000,1.7661738395690918,1920,17,5,500000,1000,,428001.0,0.6901041865348816,0.586460292339325,0.6729166507720947,0.5977417826652527,1815,1753699274,3,5
429001,1920,6435015,823681920,23520,0.6729166507720947,128,429000,1.7698359489440918,1920,17,5,500000,1000,,429001.0,0.6895833611488342,0.5864631533622742,0.6729166507720947,0.5977803468704224,1820,1753699274,3,5
430001,1920,6450015,825601920,23520,0.6729166507720947,128,430000,1.774411916732788,1920,17,5,500000,1000,,430001.0,0.6890624761581421,0.5864604711532593,0.6729166507720947,0.5979562401771545,1829,1753699274,3,5
431001,1920,6465015,827521920,23520,0.6729166507720947,128,431000,1.7799808979034424,1920,17,5,500000,1000,,431001.0,0.6890624761581421,0.586461067199707,0.6729166507720947,0.5980491638183594,1835,1753699274,3,5
432001,1920,6480015,829441920,23520,0.6729166507720947,128,432000,1.7846157550811768,1920,17,5,500000,1000,,432001.0,0.6885416507720947,0.5864583849906921,0.675000011920929,0.5978706479072571,1843,1753699274,3,5
433001,1920,6495015,831361920,23520,0.675000011920929,128,433000,1.7887368202209473,1920,17,5,500000,1000,,433001.0,0.6895833611488342,0.5864591002464294,0.6729166507720947,0.5977648496627808,1848,1753699274,3,5
434001,1920,6510015,833281920,23520,0.6729166507720947,128,434000,1.792978048324585,1920,17,5,500000,1000,,434001.0,0.6895833611488342,0.5864574313163757,0.6729166507720947,0.5979154109954834,1853,1753699274,3,5
435001,1920,6525015,835201920,23520,0.6729166507720947,128,435000,1.796792984008789,1920,17,5,500000,1000,,435001.0,0.6890624761581421,0.5864561200141907,0.675000011920929,0.5978500247001648,1859,1753699274,3,5
436001,1920,6540015,837121920,23520,0.675000011920929,128,436000,1.800704002380371,1920,17,5,500000,1000,,436001.0,0.6890624761581421,0.5864561796188354,0.675000011920929,0.5979357957839966,1864,1753699274,3,5
437001,1920,6555015,839041920,23520,0.675000011920929,128,437000,1.8058440685272217,1920,17,5,500000,1000,,437001.0,0.6885416507720947,0.586455762386322,0.675000011920929,0.5979478359222412,1871,1753699274,3,5
438001,1920,6570015,840961920,23520,0.675000011920929,128,438000,1.8095979690551758,1920,17,5,500000,1000,,438001.0,0.6885416507720947,0.5864553451538086,0.675000011920929,0.5980652570724487,1878,1753699274,3,5
439001,1920,6585015,842881920,23520,0.675000011920929,128,439000,1.8134126663208008,1920,17,5,500000,1000,,439001.0,0.6885416507720947,0.5864563584327698,0.675000011920929,0.5977713465690613,1883,1753699274,3,5
440001,1920,6600015,844801920,23520,0.675000011920929,128,440000,1.8172187805175781,1920,17,5,500000,1000,,440001.0,0.6885416507720947,0.5864547491073608,0.675000011920929,0.5977095365524292,1889,1753699274,3,5
441001,1920,6615015,846721920,23520,0.675000011920929,128,441000,1.8212168216705322,1920,17,5,500000,1000,,441001.0,0.6890624761581421,0.5864559412002563,0.675000011920929,0.597650945186615,1896,1753699274,3,5
442001,1920,6630015,848641920,23520,0.675000011920929,128,442000,1.8272058963775635,1920,17,5,500000,1000,,442001.0,0.6890624761581421,0.5864545106887817,0.6729166507720947,0.5978137850761414,1904,1753699274,3,5
443001,1920,6645015,850561920,23520,0.6729166507720947,128,443000,1.8310587406158447,1920,17,5,500000,1000,,443001.0,0.6890624761581421,0.5864564180374146,0.6729166507720947,0.597747802734375,1908,1753699274,3,5
444001,1920,6660015,852481920,23520,0.6729166507720947,128,444000,1.8347954750061035,1920,17,5,500000,1000,,444001.0,0.6895833611488342,0.5864549279212952,0.6729166507720947,0.5976709127426147,1913,1753699274,3,5
445001,1920,6675015,854401920,23520,0.6729166507720947,128,445000,1.8389554023742676,1920,17,5,500000,1000,,445001.0,0.6890624761581421,0.5864536762237549,0.675000011920929,0.5980054140090942,1919,1753699274,3,5
446001,1920,6690015,856321920,23520,0.675000011920929,128,446000,1.8428053855895996,1920,17,5,500000,1000,,446001.0,0.6890624761581421,0.5864522457122803,0.675000011920929,0.5979818105697632,1924,1753699274,3,5
447001,1920,6705015,858241920,23520,0.675000011920929,128,447000,1.8468053340911865,1920,17,5,500000,1000,,447001.0,0.6890624761581421,0.5864511728286743,0.675000011920929,0.5979128479957581,1929,1753699274,3,5
448001,1920,6720015,860161920,23520,0.675000011920929,128,448000,1.8504831790924072,1920,17,5,500000,1000,,448001.0,0.6901041865348816,0.5864515900611877,0.6729166507720947,0.5979880094528198,1936,1753699274,3,5
449001,1920,6735015,862081920,23520,0.6729166507720947,128,449000,1.8582172393798828,1920,17,5,500000,1000,,449001.0,0.6895833611488342,0.5864485502243042,0.6729166507720947,0.5980902314186096,1942,1753699274,3,5
450001,1920,6750015,864001920,23520,0.6729166507720947,128,450000,1.861903429031372,1920,17,5,500000,1000,,450001.0,0.6890624761581421,0.5864489078521729,0.675000011920929,0.5979260802268982,1947,1753699274,3,5
451001,1920,6765015,865921920,23520,0.675000011920929,128,451000,1.865746259689331,1920,17,5,500000,1000,,451001.0,0.6890624761581421,0.5864494442939758,0.675000011920929,0.5978838205337524,1954,1753699274,3,5
452001,1920,6780015,867841920,23520,0.675000011920929,128,452000,1.8695552349090576,1920,17,5,500000,1000,,452001.0,0.6885416507720947,0.5864479541778564,0.675000011920929,0.5979526042938232,1962,1753699274,3,5
453001,1920,6795015,869761920,23520,0.675000011920929,128,453000,1.8733673095703125,1920,17,5,500000,1000,,453001.0,0.6885416507720947,0.5864498019218445,0.675000011920929,0.5978162884712219,1968,1753699274,3,5
454001,1920,6810015,871681920,23520,0.675000011920929,128,454000,1.8770451545715332,1920,17,5,500000,1000,,454001.0,0.6890624761581421,0.5864494442939758,0.675000011920929,0.5980028510093689,1973,1753699274,3,5
455001,1920,6825015,873601920,23520,0.675000011920929,128,455000,1.8808550834655762,1920,17,5,500000,1000,,455001.0,0.6890624761581421,0.5864480137825012,0.675000011920929,0.5979598760604858,1978,1753699274,3,5
456001,1920,6840015,875521920,23520,0.675000011920929,128,456000,1.884641170501709,1920,17,5,500000,1000,,456001.0,0.6890624761581421,0.5864476561546326,0.675000011920929,0.5977697968482971,1983,1753699274,3,5
457001,1920,6855015,877441920,23520,0.675000011920929,128,457000,1.8905229568481445,1920,17,5,500000,1000,,457001.0,0.6890624761581421,0.5864466428756714,0.675000011920929,0.5979653000831604,1988,1753699274,3,5
458001,1920,6870015,879361920,23520,0.675000011920929,128,458000,1.8943541049957275,1920,17,5,500000,1000,,458001.0,0.6890624761581421,0.5864472985267639,0.675000011920929,0.5979551672935486,1996,1753699274,3,5
459001,1920,6885015,881281920,23520,0.675000011920929,128,459000,1.8980259895324707,1920,17,5,500000,1000,,459001.0,0.6895833611488342,0.5864461064338684,0.675000011920929,0.5977799296379089,2000,1753699274,3,5
460001,1920,6900015,883201920,23520,0.675000011920929,128,460000,1.9017128944396973,1920,17,5,500000,1000,,460001.0,0.6895833611488342,0.5864464044570923,0.6729166507720947,0.5977931618690491,2006,1753699274,3,5
461001,1920,6915015,885121920,23520,0.6729166507720947,128,461000,1.9053881168365479,1920,17,5,500000,1000,,461001.0,0.6890624761581421,0.586445689201355,0.675000011920929,0.5978564023971558,2011,1753699274,3,5
462001,1920,6930015,887041920,23520,0.675000011920929,128,462000,1.9090602397918701,1920,17,5,500000,1000,,462001.0,0.6885416507720947,0.5864437818527222,0.675000011920929,0.5978660583496094,2016,1753699274,3,5
463001,1920,6945015,888961920,23520,0.675000011920929,128,463000,1.9127693176269531,1920,17,5,500000,1000,,463001.0,0.6890624761581421,0.5864425897598267,0.675000011920929,0.5980350971221924,2024,1753699274,3,5
464001,1920,6960015,890881920,23520,0.675000011920929,128,464000,1.9212312698364258,1920,17,5,500000,1000,,464001.0,0.6890624761581421,0.5864428281784058,0.675000011920929,0.5978165864944458,2030,1753699274,3,5
465001,1920,6975015,892801920,23520,0.675000011920929,128,465000,1.9249162673950195,1920,17,5,500000,1000,,465001.0,0.6885416507720947,0.5864457488059998,0.675000011920929,0.5980359315872192,2035,1753699274,3,5
466001,1920,6990015,894721920,23520,0.675000011920929,128,466000,1.9286470413208008,1920,17,5,500000,1000,,466001.0,0.6885416507720947,0.5864452123641968,0.675000011920929,0.5978810787200928,2040,1753699274,3,5
467001,1920,7005015,896641920,23520,0.675000011920929,128,467000,1.9335482120513916,1920,17,5,500000,1000,,467001.0,0.6885416507720947,0.5864422917366028,0.675000011920929,0.59776371717453,2046,1753699274,3,5
468001,1920,7020015,898561920,23520,0.675000011920929,128,468000,1.9373571872711182,1920,17,5,500000,1000,,468001.0,0.6885416507720947,0.5864436030387878,0.675000011920929,0.5978249311447144,2052,1753699274,3,5
469001,1920,7035015,900481920,23520,0.675000011920929,128,469000,1.9410340785980225,1920,17,5,500000,1000,,469001.0,0.6890624761581421,0.5864447951316833,0.6729166507720947,0.5977655053138733,2059,1753699274,3,5
470001,1920,7050015,902401920,23520,0.6729166507720947,128,470000,1.9473769664764404,1920,17,5,500000,1000,,470001.0,0.6885416507720947,0.5864431262016296,0.675000011920929,0.5978553295135498,2064,1753699274,3,5
471001,1920,7065015,904321920,23520,0.675000011920929,128,471000,1.9513788223266602,1920,17,5,500000,1000,,471001.0,0.6890624761581421,0.5864425897598267,0.675000011920929,0.5977501273155212,2070,1753699274,3,5
472001,1920,7080015,906241920,23520,0.675000011920929,128,472000,1.9552347660064697,1920,17,5,500000,1000,,472001.0,0.6895833611488342,0.5864444375038147,0.6729166507720947,0.5977756977081299,2076,1753699274,3,5
473001,1920,7095015,908161920,23520,0.6729166507720947,128,473000,1.9598560333251953,1920,17,5,500000,1000,,473001.0,0.6890624761581421,0.5864431262016296,0.675000011920929,0.5976508855819702,2083,1753699274,3,5
474001,1920,7110015,910081920,23520,0.675000011920929,128,474000,1.9637038707733154,1920,17,5,500000,1000,,474001.0,0.6885416507720947,0.5864422917366028,0.675000011920929,0.5976636409759521,2088,1753699274,3,5
475001,1920,7125015,912001920,23520,0.675000011920929,128,475000,1.9673728942871094,1920,17,5,500000,1000,,475001.0,0.6890624761581421,0.5864421725273132,0.675000011920929,0.5978686213493347,2094,1753699274,3,5
476001,1920,7140015,913921920,23520,0.675000011920929,128,476000,1.9711859226226807,1920,17,5,500000,1000,,476001.0,0.6895833611488342,0.586438000202179,0.6729166507720947,0.5978423953056335,2101,1753699274,3,5
477001,1920,7155015,915841920,23520,0.6729166507720947,128,477000,2.078483819961548,1920,17,5,500000,1000,,477001.0,0.6885416507720947,0.5864401459693909,0.675000011920929,0.5980252623558044,2107,1753699274,3,5
478001,1920,7170015,917761920,23520,0.675000011920929,128,478000,2.0824086666107178,1920,17,5,500000,1000,,478001.0,0.6885416507720947,0.5864400267601013,0.675000011920929,0.5975943207740784,2113,1753699274,3,5
479001,1920,7185015,919681920,23520,0.675000011920929,128,479000,2.0860795974731445,1920,17,5,500000,1000,,479001.0,0.6901041865348816,0.5864402055740356,0.675000011920929,0.5975692272186279,2122,1753699274,3,5
480001,1920,7200015,921601920,23520,0.675000011920929,128,480000,2.094177722930908,1920,17,5,500000,1000,,480001.0,0.6895833611488342,0.5864418745040894,0.6729166507720947,0.5976296067237854,2130,1753699274,3,5
481001,1920,7215015,923521920,23520,0.6729166507720947,128,481000,2.0978429317474365,1920,17,5,500000,1000,,481001.0,0.6885416507720947,0.5864407420158386,0.675000011920929,0.5977069139480591,2136,1753699274,3,5
482001,1920,7230015,925441920,23520,0.675000011920929,128,482000,2.1024351119995117,1920,17,5,500000,1000,,482001.0,0.6890624761581421,0.5864399075508118,0.6708333492279053,0.5978806018829346,2144,1753699274,3,5
483001,1920,7245015,927361920,23520,0.6708333492279053,128,483000,2.106105089187622,1920,17,5,500000,1000,,483001.0,0.6890624761581421,0.5864403247833252,0.6708333492279053,0.59782874584198,2150,1753699274,3,5
484001,1920,7260015,929281920,23520,0.6708333492279053,128,484000,2.109769105911255,1920,17,5,500000,1000,,484001.0,0.6895833611488342,0.586437463760376,0.6708333492279053,0.5978049039840698,2155,1753699274,3,5
485001,1920,7275015,931201920,23520,0.6708333492279053,128,485000,2.113456964492798,1920,17,5,500000,1000,,485001.0,0.6890624761581421,0.5864356756210327,0.675000011920929,0.5977118611335754,2161,1753699274,3,5
486001,1920,7290015,933121920,23520,0.675000011920929,128,486000,2.1173770427703857,1920,17,5,500000,1000,,486001.0,0.6885416507720947,0.5864347219467163,0.675000011920929,0.5979933142662048,2167,1753699274,3,5
487001,1920,7305015,935041920,23520,0.675000011920929,128,487000,2.1210520267486572,1920,17,5,500000,1000,,487001.0,0.6890624761581421,0.5864394903182983,0.6729166507720947,0.5979171991348267,2172,1753699274,3,5
488001,1920,7320015,936961920,23520,0.6729166507720947,128,488000,2.1297390460968018,1920,17,5,500000,1000,,488001.0,0.6885416507720947,0.5864380598068237,0.6729166507720947,0.5978268384933472,2180,1753699274,3,5
489001,1920,7335015,938881920,23520,0.6729166507720947,128,489000,2.1367008686065674,1920,17,5,500000,1000,,489001.0,0.6890624761581421,0.5864366292953491,0.6729166507720947,0.5977653861045837,2185,1753699274,3,5
490001,1920,7350015,940801920,23520,0.6729166507720947,128,490000,2.147047996520996,1920,17,5,500000,1000,,490001.0,0.6885416507720947,0.5864344239234924,0.675000011920929,0.5978227853775024,2190,1753699274,3,5
491001,1920,7365015,942721920,23520,0.675000011920929,128,491000,2.1508779525756836,1920,17,5,500000,1000,,491001.0,0.6895833611488342,0.5864351987838745,0.675000011920929,0.5979053378105164,2196,1753699274,3,5
492001,1920,7380015,944641920,23520,0.675000011920929,128,492000,2.1556777954101562,1920,17,5,500000,1000,,492001.0,0.6885416507720947,0.5864383578300476,0.675000011920929,0.5976953506469727,2201,1753699274,3,5
493001,1920,7395015,946561920,23520,0.675000011920929,128,493000,2.1593658924102783,1920,17,5,500000,1000,,493001.0,0.6885416507720947,0.5864362120628357,0.675000011920929,0.5979440212249756,2207,1753699274,3,5
494001,1920,7410015,948481920,23520,0.675000011920929,128,494000,2.163029670715332,1920,17,5,500000,1000,,494001.0,0.6885416507720947,0.5864335894584656,0.675000011920929,0.5977792143821716,2213,1753699274,3,5
495001,1920,7425015,950401920,23520,0.675000011920929,128,495000,2.1689937114715576,1920,17,5,500000,1000,,495001.0,0.6885416507720947,0.5864318013191223,0.6729166507720947,0.5978134870529175,2218,1753699274,3,5
496001,1920,7440015,952321920,23520,0.6729166507720947,128,496000,2.1726696491241455,1920,17,5,500000,1000,,496001.0,0.6895833611488342,0.586434006690979,0.6729166507720947,0.5977717041969299,2223,1753699274,3,5
497001,1920,7455015,954241920,23520,0.6729166507720947,128,497000,2.1763408184051514,1920,17,5,500000,1000,,497001.0,0.6895833611488342,0.5864313244819641,0.6729166507720947,0.5977760553359985,2228,1753699274,3,5
498001,1920,7470015,956161920,23520,0.6729166507720947,128,498000,2.1800179481506348,1920,17,5,500000,1000,,498001.0,0.6901041865348816,0.5864341855049133,0.6729166507720947,0.5978172421455383,2234,1753699274,3,5
499001,1920,7485015,958081920,23520,0.6729166507720947,128,499000,2.183692216873169,1920,17,5,500000,1000,,499001.0,0.6890624761581421,0.5864329934120178,0.6729166507720947,0.5979627966880798,2241,1753699274,3,5
499998,1920,7499970,959996160,23520,0.6729166507720947,128,499997,2.1881022453308105,1920,17,5,500000,1000,,499998.0,0.6885416507720947,0.5864328145980835,0.675000011920929,0.597733199596405,2246,1753699274,3,5
499999,1920,7499985,959998080,23520,0.675000011920929,128,499998,2.192962408065796,1920,17,5,500000,1000,,499999.0,0.6890624761581421,0.5864328145980835,0.675000011920929,0.5977417230606079,2246,1753699274,3,5
500000,1920,7500000,960000000,23520,0.675000011920929,128,499999,2.1969263553619385,1920,17,5,500000,1000,,500000.0,0.6890624761581421,0.586432695388794,0.675000011920929,0.5977412462234497,2246,1753699274,3,5
