pf_calls,num_answers,model_updates,num_grad_comps,answers_bytes,last_score,batch_size,k,elapsed_time,train_data,n,d,max_epochs,verbose,ident,_epochs,score_train,loss_train,score_test,loss_test,_elapsed_time,seed,run_id,dim
1,1920,15,1920,23520,0.5041666626930237,128,0,0.025727033615112305,1920,17,4,500000,1000,,1.0,0.5062500238418579,0.6931472420692444,0.512499988079071,0.6931471228599548,0,2004452504,3,4
1001,1920,15015,1921920,23520,0.512499988079071,128,1000,0.02947092056274414,1920,17,4,500000,1000,,1001.0,0.6625000238418579,0.6152434945106506,0.6458333134651184,0.6229591369628906,3,2004452504,3,4
2001,1920,30015,3841920,23520,0.6458333134651184,128,2000,0.03358101844787598,1920,17,4,500000,1000,,2001.0,0.6781250238418579,0.6000922322273254,0.65625,0.6136497855186462,7,2004452504,3,4
3001,1920,45015,5761920,23520,0.65625,128,3000,0.03765606880187988,1920,17,4,500000,1000,,3001.0,0.6864583492279053,0.5951951742172241,0.6541666388511658,0.6122445464134216,11,2004452504,3,4
4001,1920,60015,7681920,23520,0.6541666388511658,128,4000,0.042114973068237305,1920,17,4,500000,1000,,4001.0,0.682812511920929,0.5928220152854919,0.6645833253860474,0.6118258237838745,16,2004452504,3,4
5001,1920,75015,9601920,23520,0.6645833253860474,128,5000,0.045870065689086914,1920,17,4,500000,1000,,5001.0,0.684374988079071,0.5914021730422974,0.6645833253860474,0.6112155318260193,20,2004452504,3,4
6001,1920,90015,11521920,23520,0.6645833253860474,128,6000,0.04970121383666992,1920,17,4,500000,1000,,6001.0,0.684374988079071,0.5904414653778076,0.6625000238418579,0.6109179258346558,24,2004452504,3,4
7001,1920,105015,13441920,23520,0.6625000238418579,128,7000,0.05375313758850098,1920,17,4,500000,1000,,7001.0,0.684374988079071,0.5897315740585327,0.6604166626930237,0.6110600233078003,28,2004452504,3,4
8001,1920,120015,15361920,23520,0.6604166626930237,128,8000,0.057894229888916016,1920,17,4,500000,1000,,8001.0,0.684374988079071,0.589196503162384,0.6604166626930237,0.6111389994621277,32,2004452504,3,4
9001,1920,135015,17281920,23520,0.6604166626930237,128,9000,0.061846017837524414,1920,17,4,500000,1000,,9001.0,0.684374988079071,0.5887695550918579,0.6604166626930237,0.6110436916351318,36,2004452504,3,4
10001,1920,150015,19201920,23520,0.6604166626930237,128,10000,0.06564927101135254,1920,17,4,500000,1000,,10001.0,0.682812511920929,0.5884177088737488,0.6625000238418579,0.6103911995887756,40,2004452504,3,4
11001,1920,165015,21121920,23520,0.6625000238418579,128,11000,0.06952619552612305,1920,17,4,500000,1000,,11001.0,0.6864583492279053,0.5881221890449524,0.6583333611488342,0.6109893918037415,44,2004452504,3,4
12001,1920,180015,23041920,23520,0.6583333611488342,128,12000,0.07335710525512695,1920,17,4,500000,1000,,12001.0,0.6869791746139526,0.587873637676239,0.6604166626930237,0.6109340190887451,48,2004452504,3,4
13001,1920,195015,24961920,23520,0.6604166626930237,128,13000,0.07736730575561523,1920,17,4,500000,1000,,13001.0,0.6864583492279053,0.5876553058624268,0.6604166626930237,0.6109892725944519,52,2004452504,3,4
14001,1920,210015,26881920,23520,0.6604166626930237,128,14000,0.08249521255493164,1920,17,4,500000,1000,,14001.0,0.6859375238418579,0.5874705910682678,0.6625000238418579,0.6109225749969482,56,2004452504,3,4
15001,1920,225015,28801920,23520,0.6625000238418579,128,15000,0.08631157875061035,1920,17,4,500000,1000,,15001.0,0.6869791746139526,0.5872973203659058,0.6604166626930237,0.6112083792686462,60,2004452504,3,4
16001,1920,240015,30721920,23520,0.6604166626930237,128,16000,0.09017467498779297,1920,17,4,500000,1000,,16001.0,0.6875,0.5871382355690002,0.6625000238418579,0.6112778782844543,64,2004452504,3,4
17001,1920,255015,32641920,23520,0.6625000238418579,128,17000,0.09425973892211914,1920,17,4,500000,1000,,17001.0,0.6880208253860474,0.5870043635368347,0.6583333611488342,0.6111503839492798,68,2004452504,3,4
18001,1920,270015,34561920,23520,0.6583333611488342,128,18000,0.09807372093200684,1920,17,4,500000,1000,,18001.0,0.6864583492279053,0.5868862867355347,0.6583333611488342,0.6113564968109131,72,2004452504,3,4
19001,1920,285015,36481920,23520,0.6583333611488342,128,19000,0.10216259956359863,1920,17,4,500000,1000,,19001.0,0.6875,0.5867655277252197,0.6604166626930237,0.611199140548706,76,2004452504,3,4
20001,1920,300015,38401920,23520,0.6604166626930237,128,20000,0.1060175895690918,1920,17,4,500000,1000,,20001.0,0.6864583492279053,0.5866681337356567,0.6583333611488342,0.6110122203826904,80,2004452504,3,4
21001,1920,315015,40321920,23520,0.6583333611488342,128,21000,0.11022543907165527,1920,17,4,500000,1000,,21001.0,0.6864583492279053,0.586574137210846,0.6604166626930237,0.6114864349365234,84,2004452504,3,4
22001,1920,330015,42241920,23520,0.6604166626930237,128,22000,0.11459636688232422,1920,17,4,500000,1000,,22001.0,0.6864583492279053,0.5864838361740112,0.6604166626930237,0.6109111905097961,88,2004452504,3,4
23001,1920,345015,44161920,23520,0.6604166626930237,128,23000,0.11834931373596191,1920,17,4,500000,1000,,23001.0,0.6869791746139526,0.5864074230194092,0.65625,0.6114844679832458,92,2004452504,3,4
24001,1920,360015,46081920,23520,0.65625,128,24000,0.12215137481689453,1920,17,4,500000,1000,,24001.0,0.6875,0.5863269567489624,0.6583333611488342,0.6112119555473328,97,2004452504,3,4
25001,1920,375015,48001920,23520,0.6583333611488342,128,25000,0.12629127502441406,1920,17,4,500000,1000,,25001.0,0.6869791746139526,0.5862576365470886,0.6583333611488342,0.6111534237861633,101,2004452504,3,4
26001,1920,390015,49921920,23520,0.6583333611488342,128,26000,0.13024544715881348,1920,17,4,500000,1000,,26001.0,0.6875,0.586192786693573,0.6583333611488342,0.6111304759979248,105,2004452504,3,4
27001,1920,405015,51841920,23520,0.6583333611488342,128,27000,0.1343555450439453,1920,17,4,500000,1000,,27001.0,0.6864583492279053,0.5861338376998901,0.6541666388511658,0.6110585331916809,109,2004452504,3,4
28001,1920,420015,53761920,23520,0.6541666388511658,128,28000,0.13871049880981445,1920,17,4,500000,1000,,28001.0,0.6864583492279053,0.5860728025436401,0.6583333611488342,0.6112478971481323,113,2004452504,3,4
29001,1920,435015,55681920,23520,0.6583333611488342,128,29000,0.14330554008483887,1920,17,4,500000,1000,,29001.0,0.6864583492279053,0.5860207080841064,0.6625000238418579,0.6110169291496277,118,2004452504,3,4
30001,1920,450015,57601920,23520,0.6625000238418579,128,30000,0.14762139320373535,1920,17,4,500000,1000,,30001.0,0.6854166388511658,0.5859749913215637,0.6583333611488342,0.6109350323677063,122,2004452504,3,4
31001,1920,465015,59521920,23520,0.6583333611488342,128,31000,0.15141034126281738,1920,17,4,500000,1000,,31001.0,0.6864583492279053,0.5859220623970032,0.6583333611488342,0.6110131740570068,126,2004452504,3,4
32001,1920,480015,61441920,23520,0.6583333611488342,128,32000,0.15523505210876465,1920,17,4,500000,1000,,32001.0,0.6854166388511658,0.5858831405639648,0.6604166626930237,0.6112855076789856,129,2004452504,3,4
33001,1920,495015,63361920,23520,0.6604166626930237,128,33000,0.15906500816345215,1920,17,4,500000,1000,,33001.0,0.6875,0.5858322381973267,0.6625000238418579,0.6110964417457581,133,2004452504,3,4
34001,1920,510015,65281920,23520,0.6625000238418579,128,34000,0.16314196586608887,1920,17,4,500000,1000,,34001.0,0.6848958134651184,0.5857903957366943,0.6604166626930237,0.6111183762550354,137,2004452504,3,4
35001,1920,525015,67201920,23520,0.6604166626930237,128,35000,0.16692686080932617,1920,17,4,500000,1000,,35001.0,0.6838541626930237,0.5857452154159546,0.6583333611488342,0.6113601326942444,141,2004452504,3,4
36001,1920,540015,69121920,23520,0.6583333611488342,128,36000,0.17084670066833496,1920,17,4,500000,1000,,36001.0,0.684374988079071,0.5857117772102356,0.65625,0.6115455031394958,145,2004452504,3,4
37001,1920,555015,71041920,23520,0.65625,128,37000,0.17530369758605957,1920,17,4,500000,1000,,37001.0,0.6859375238418579,0.5856752395629883,0.6583333611488342,0.611334502696991,149,2004452504,3,4
38001,1920,570015,72961920,23520,0.6583333611488342,128,38000,0.17934870719909668,1920,17,4,500000,1000,,38001.0,0.6848958134651184,0.5856419205665588,0.6625000238418579,0.6116027235984802,153,2004452504,3,4
39001,1920,585015,74881920,23520,0.6625000238418579,128,39000,0.1832137107849121,1920,17,4,500000,1000,,39001.0,0.684374988079071,0.5856059193611145,0.6604166626930237,0.6113097667694092,157,2004452504,3,4
40001,1920,600015,76801920,23520,0.6604166626930237,128,40000,0.18725180625915527,1920,17,4,500000,1000,,40001.0,0.6848958134651184,0.5855716466903687,0.6583333611488342,0.6113575100898743,161,2004452504,3,4
41001,1920,615015,78721920,23520,0.6583333611488342,128,41000,0.1915879249572754,1920,17,4,500000,1000,,41001.0,0.6848958134651184,0.5855410695075989,0.6604166626930237,0.611637532711029,165,2004452504,3,4
42001,1920,630015,80641920,23520,0.6604166626930237,128,42000,0.19585776329040527,1920,17,4,500000,1000,,42001.0,0.6848958134651184,0.5855148434638977,0.6583333611488342,0.6115103363990784,169,2004452504,3,4
43001,1920,645015,82561920,23520,0.6583333611488342,128,43000,0.19987201690673828,1920,17,4,500000,1000,,43001.0,0.6838541626930237,0.5854858756065369,0.6583333611488342,0.6118654012680054,173,2004452504,3,4
44001,1920,660015,84481920,23520,0.6583333611488342,128,44000,0.20398902893066406,1920,17,4,500000,1000,,44001.0,0.684374988079071,0.585456907749176,0.6604166626930237,0.611684262752533,177,2004452504,3,4
45001,1920,675015,86401920,23520,0.6604166626930237,128,45000,0.20828008651733398,1920,17,4,500000,1000,,45001.0,0.6848958134651184,0.5854300260543823,0.6604166626930237,0.6115173101425171,182,2004452504,3,4
46001,1920,690015,88321920,23520,0.6604166626930237,128,46000,0.21233606338500977,1920,17,4,500000,1000,,46001.0,0.6838541626930237,0.5854077935218811,0.6583333611488342,0.6112098693847656,186,2004452504,3,4
47001,1920,705015,90241920,23520,0.6583333611488342,128,47000,0.21620893478393555,1920,17,4,500000,1000,,47001.0,0.6848958134651184,0.5853853821754456,0.6583333611488342,0.6116266846656799,190,2004452504,3,4
48001,1920,720015,92161920,23520,0.6583333611488342,128,48000,0.2203519344329834,1920,17,4,500000,1000,,48001.0,0.6864583492279053,0.5853578448295593,0.6604166626930237,0.6116055846214294,194,2004452504,3,4
49001,1920,735015,94081920,23520,0.6604166626930237,128,49000,0.22515010833740234,1920,17,4,500000,1000,,49001.0,0.6848958134651184,0.585332453250885,0.6583333611488342,0.611842155456543,198,2004452504,3,4
50001,1920,750015,96001920,23520,0.6583333611488342,128,50000,0.22900891304016113,1920,17,4,500000,1000,,50001.0,0.6848958134651184,0.5853149890899658,0.65625,0.6114509701728821,202,2004452504,3,4
51001,1920,765015,97921920,23520,0.65625,128,51000,0.23323988914489746,1920,17,4,500000,1000,,51001.0,0.6838541626930237,0.5852916836738586,0.6583333611488342,0.6117295026779175,206,2004452504,3,4
52001,1920,780015,99841920,23520,0.6583333611488342,128,52000,0.23715782165527344,1920,17,4,500000,1000,,52001.0,0.6848958134651184,0.5852729082107544,0.6583333611488342,0.6113848090171814,210,2004452504,3,4
53001,1920,795015,101761920,23520,0.6583333611488342,128,53000,0.24416375160217285,1920,17,4,500000,1000,,53001.0,0.6859375238418579,0.5852592587471008,0.6583333611488342,0.61197429895401,214,2004452504,3,4
54001,1920,810015,103681920,23520,0.6583333611488342,128,54000,0.2481396198272705,1920,17,4,500000,1000,,54001.0,0.6859375238418579,0.5852364897727966,0.6604166626930237,0.6117661595344543,218,2004452504,3,4
55001,1920,825015,105601920,23520,0.6604166626930237,128,55000,0.2522745132446289,1920,17,4,500000,1000,,55001.0,0.6848958134651184,0.5852177143096924,0.6604166626930237,0.6119272112846375,222,2004452504,3,4
56001,1920,840015,107521920,23520,0.6604166626930237,128,56000,0.2566795349121094,1920,17,4,500000,1000,,56001.0,0.6848958134651184,0.5852005481719971,0.6625000238418579,0.6116605401039124,226,2004452504,3,4
57001,1920,855015,109441920,23520,0.6625000238418579,128,57000,0.2605705261230469,1920,17,4,500000,1000,,57001.0,0.6859375238418579,0.5851824879646301,0.6625000238418579,0.611646831035614,230,2004452504,3,4
58001,1920,870015,111361920,23520,0.6625000238418579,128,58000,0.26442623138427734,1920,17,4,500000,1000,,58001.0,0.6848958134651184,0.5851629376411438,0.6604166626930237,0.6117422580718994,234,2004452504,3,4
59001,1920,885015,113281920,23520,0.6604166626930237,128,59000,0.2682163715362549,1920,17,4,500000,1000,,59001.0,0.6848958134651184,0.585145890712738,0.6625000238418579,0.611649751663208,238,2004452504,3,4
60001,1920,900015,115201920,23520,0.6625000238418579,128,60000,0.27199220657348633,1920,17,4,500000,1000,,60001.0,0.6838541626930237,0.5851309299468994,0.6604166626930237,0.6116558909416199,242,2004452504,3,4
61001,1920,915015,117121920,23520,0.6604166626930237,128,61000,0.27578210830688477,1920,17,4,500000,1000,,61001.0,0.6848958134651184,0.5851109623908997,0.6604166626930237,0.6119152307510376,246,2004452504,3,4
62001,1920,930015,119041920,23520,0.6604166626930237,128,62000,0.2796158790588379,1920,17,4,500000,1000,,62001.0,0.6854166388511658,0.5850973725318909,0.6583333611488342,0.6116803884506226,249,2004452504,3,4
63001,1920,945015,120961920,23520,0.6583333611488342,128,63000,0.2833700180053711,1920,17,4,500000,1000,,63001.0,0.6848958134651184,0.5850838422775269,0.6625000238418579,0.6118417978286743,253,2004452504,3,4
64001,1920,960015,122881920,23520,0.6625000238418579,128,64000,0.2871541976928711,1920,17,4,500000,1000,,64001.0,0.684374988079071,0.5850710272789001,0.6604166626930237,0.6120321154594421,257,2004452504,3,4
65001,1920,975015,124801920,23520,0.6604166626930237,128,65000,0.29097819328308105,1920,17,4,500000,1000,,65001.0,0.6854166388511658,0.5850550532341003,0.6583333611488342,0.611728310585022,261,2004452504,3,4
66001,1920,990015,126721920,23520,0.6583333611488342,128,66000,0.29486703872680664,1920,17,4,500000,1000,,66001.0,0.6854166388511658,0.5850402116775513,0.6604166626930237,0.6118616461753845,265,2004452504,3,4
67001,1920,1005015,128641920,23520,0.6604166626930237,128,67000,0.29874682426452637,1920,17,4,500000,1000,,67001.0,0.6848958134651184,0.5850268602371216,0.6625000238418579,0.6117390990257263,269,2004452504,3,4
68001,1920,1020015,130561920,23520,0.6625000238418579,128,68000,0.30253076553344727,1920,17,4,500000,1000,,68001.0,0.6838541626930237,0.5850139856338501,0.6583333611488342,0.6119574308395386,273,2004452504,3,4
69001,1920,1035015,132481920,23520,0.6583333611488342,128,69000,0.30629777908325195,1920,17,4,500000,1000,,69001.0,0.6848958134651184,0.5850027799606323,0.6625000238418579,0.611572802066803,277,2004452504,3,4
70001,1920,1050015,134401920,23520,0.6625000238418579,128,70000,0.31061482429504395,1920,17,4,500000,1000,,70001.0,0.6838541626930237,0.5849883556365967,0.6583333611488342,0.6117824912071228,281,2004452504,3,4
71001,1920,1065015,136321920,23520,0.6583333611488342,128,71000,0.3144257068634033,1920,17,4,500000,1000,,71001.0,0.6859375238418579,0.5849788188934326,0.6625000238418579,0.6115754246711731,285,2004452504,3,4
72001,1920,1080015,138241920,23520,0.6625000238418579,128,72000,0.3182215690612793,1920,17,4,500000,1000,,72001.0,0.6838541626930237,0.5849701166152954,0.6604166626930237,0.6118983030319214,289,2004452504,3,4
73001,1920,1095015,140161920,23520,0.6604166626930237,128,73000,0.32234740257263184,1920,17,4,500000,1000,,73001.0,0.6838541626930237,0.5849552750587463,0.6604166626930237,0.6122480630874634,293,2004452504,3,4
74001,1920,1110015,142081920,23520,0.6604166626930237,128,74000,0.3261723518371582,1920,17,4,500000,1000,,74001.0,0.6848958134651184,0.5849432349205017,0.6604166626930237,0.6121385097503662,297,2004452504,3,4
75001,1920,1125015,144001920,23520,0.6604166626930237,128,75000,0.3300163745880127,1920,17,4,500000,1000,,75001.0,0.684374988079071,0.5849292874336243,0.6625000238418579,0.6121556758880615,301,2004452504,3,4
76001,1920,1140015,145921920,23520,0.6625000238418579,128,76000,0.3338046073913574,1920,17,4,500000,1000,,76001.0,0.6848958134651184,0.5849207043647766,0.6625000238418579,0.6119641065597534,305,2004452504,3,4
77001,1920,1155015,147841920,23520,0.6625000238418579,128,77000,0.3375589847564697,1920,17,4,500000,1000,,77001.0,0.6848958134651184,0.5849087834358215,0.6625000238418579,0.6118404865264893,309,2004452504,3,4
78001,1920,1170015,149761920,23520,0.6625000238418579,128,78000,0.34132885932922363,1920,17,4,500000,1000,,78001.0,0.6854166388511658,0.5849005579948425,0.6625000238418579,0.6117851138114929,313,2004452504,3,4
79001,1920,1185015,151681920,23520,0.6625000238418579,128,79000,0.3451359272003174,1920,17,4,500000,1000,,79001.0,0.684374988079071,0.5848867297172546,0.6625000238418579,0.6117868423461914,316,2004452504,3,4
80001,1920,1200015,153601920,23520,0.6625000238418579,128,80000,0.3489367961883545,1920,17,4,500000,1000,,80001.0,0.6848958134651184,0.5848777890205383,0.6604166626930237,0.6119093298912048,320,2004452504,3,4
81001,1920,1215015,155521920,23520,0.6604166626930237,128,81000,0.35320496559143066,1920,17,4,500000,1000,,81001.0,0.6848958134651184,0.5848706960678101,0.6625000238418579,0.6118335127830505,324,2004452504,3,4
82001,1920,1230015,157441920,23520,0.6625000238418579,128,82000,0.3574199676513672,1920,17,4,500000,1000,,82001.0,0.684374988079071,0.5848598480224609,0.6625000238418579,0.611958920955658,328,2004452504,3,4
83001,1920,1245015,159361920,23520,0.6625000238418579,128,83000,0.3612020015716553,1920,17,4,500000,1000,,83001.0,0.6848958134651184,0.5848506093025208,0.6604166626930237,0.6118207573890686,332,2004452504,3,4
84001,1920,1260015,161281920,23520,0.6604166626930237,128,84000,0.36501407623291016,1920,17,4,500000,1000,,84001.0,0.6838541626930237,0.5848419070243835,0.6604166626930237,0.6120328903198242,336,2004452504,3,4
85001,1920,1275015,163201920,23520,0.6604166626930237,128,85000,0.3687779903411865,1920,17,4,500000,1000,,85001.0,0.684374988079071,0.5848307013511658,0.6625000238418579,0.6117221713066101,340,2004452504,3,4
86001,1920,1290015,165121920,23520,0.6625000238418579,128,86000,0.3726649284362793,1920,17,4,500000,1000,,86001.0,0.6838541626930237,0.5848222374916077,0.6604166626930237,0.6116612553596497,344,2004452504,3,4
87001,1920,1305015,167041920,23520,0.6604166626930237,128,87000,0.37643003463745117,1920,17,4,500000,1000,,87001.0,0.6838541626930237,0.5848137140274048,0.6604166626930237,0.6116962432861328,348,2004452504,3,4
88001,1920,1320015,168961920,23520,0.6604166626930237,128,88000,0.38021326065063477,1920,17,4,500000,1000,,88001.0,0.6854166388511658,0.5848065614700317,0.6625000238418579,0.6117643713951111,352,2004452504,3,4
89001,1920,1335015,170881920,23520,0.6625000238418579,128,89000,0.38416337966918945,1920,17,4,500000,1000,,89001.0,0.6838541626930237,0.5847973227500916,0.6583333611488342,0.6118793487548828,356,2004452504,3,4
90001,1920,1350015,172801920,23520,0.6583333611488342,128,90000,0.38790345191955566,1920,17,4,500000,1000,,90001.0,0.6854166388511658,0.584789514541626,0.6583333611488342,0.6117224097251892,360,2004452504,3,4
91001,1920,1365015,174721920,23520,0.6583333611488342,128,91000,0.39197444915771484,1920,17,4,500000,1000,,91001.0,0.6859375238418579,0.5847850441932678,0.6645833253860474,0.6121922731399536,363,2004452504,3,4
92001,1920,1380015,176641920,23520,0.6645833253860474,128,92000,0.3958444595336914,1920,17,4,500000,1000,,92001.0,0.6838541626930237,0.584774374961853,0.6604166626930237,0.6118171811103821,367,2004452504,3,4
93001,1920,1395015,178561920,23520,0.6604166626930237,128,93000,0.3996415138244629,1920,17,4,500000,1000,,93001.0,0.6848958134651184,0.5847629904747009,0.6625000238418579,0.6121305823326111,371,2004452504,3,4
94001,1920,1410015,180481920,23520,0.6625000238418579,128,94000,0.40341854095458984,1920,17,4,500000,1000,,94001.0,0.684374988079071,0.5847607851028442,0.6583333611488342,0.6121272444725037,375,2004452504,3,4
95001,1920,1425015,182401920,23520,0.6583333611488342,128,95000,0.40728282928466797,1920,17,4,500000,1000,,95001.0,0.684374988079071,0.5847508311271667,0.6625000238418579,0.6118576526641846,379,2004452504,3,4
96001,1920,1440015,184321920,23520,0.6625000238418579,128,96000,0.4110589027404785,1920,17,4,500000,1000,,96001.0,0.684374988079071,0.5847384929656982,0.6625000238418579,0.6119418740272522,383,2004452504,3,4
97001,1920,1455015,186241920,23520,0.6625000238418579,128,97000,0.41481614112854004,1920,17,4,500000,1000,,97001.0,0.684374988079071,0.5847339630126953,0.6625000238418579,0.611847460269928,387,2004452504,3,4
98001,1920,1470015,188161920,23520,0.6625000238418579,128,98000,0.4186263084411621,1920,17,4,500000,1000,,98001.0,0.684374988079071,0.5847273468971252,0.6625000238418579,0.6121450066566467,391,2004452504,3,4
99001,1920,1485015,190081920,23520,0.6625000238418579,128,99000,0.4224205017089844,1920,17,4,500000,1000,,99001.0,0.6838541626930237,0.584719717502594,0.6583333611488342,0.6120052337646484,395,2004452504,3,4
100001,1920,1500015,192001920,23520,0.6583333611488342,128,100000,0.43174052238464355,1920,17,4,500000,1000,,100001.0,0.6854166388511658,0.5847129821777344,0.6625000238418579,0.6119628548622131,399,2004452504,3,4
101001,1920,1515015,193921920,23520,0.6625000238418579,128,101000,0.4355795383453369,1920,17,4,500000,1000,,101001.0,0.6854166388511658,0.5847043991088867,0.6645833253860474,0.611626923084259,404,2004452504,3,4
102001,1920,1530015,195841920,23520,0.6645833253860474,128,102000,0.439328670501709,1920,17,4,500000,1000,,102001.0,0.684374988079071,0.5846987962722778,0.6625000238418579,0.6118074059486389,408,2004452504,3,4
103001,1920,1545015,197761920,23520,0.6625000238418579,128,103000,0.44854259490966797,1920,17,4,500000,1000,,103001.0,0.6848958134651184,0.5846934914588928,0.6604166626930237,0.6119951605796814,412,2004452504,3,4
104001,1920,1560015,199681920,23520,0.6604166626930237,128,104000,0.4523167610168457,1920,17,4,500000,1000,,104001.0,0.6854166388511658,0.5846898555755615,0.6583333611488342,0.6118525266647339,417,2004452504,3,4
105001,1920,1575015,201601920,23520,0.6583333611488342,128,105000,0.45609259605407715,1920,17,4,500000,1000,,105001.0,0.684374988079071,0.5846813917160034,0.6604166626930237,0.611937940120697,421,2004452504,3,4
106001,1920,1590015,203521920,23520,0.6604166626930237,128,106000,0.45984554290771484,1920,17,4,500000,1000,,106001.0,0.6838541626930237,0.5846754908561707,0.6604166626930237,0.6118859052658081,425,2004452504,3,4
107001,1920,1605015,205441920,23520,0.6604166626930237,128,107000,0.46352553367614746,1920,17,4,500000,1000,,107001.0,0.684374988079071,0.5846729278564453,0.6583333611488342,0.6120432019233704,429,2004452504,3,4
108001,1920,1620015,207361920,23520,0.6583333611488342,128,108000,0.46722936630249023,1920,17,4,500000,1000,,108001.0,0.684374988079071,0.5846627354621887,0.6604166626930237,0.6120213866233826,433,2004452504,3,4
109001,1920,1635015,209281920,23520,0.6604166626930237,128,109000,0.47092509269714355,1920,17,4,500000,1000,,109001.0,0.684374988079071,0.5846548676490784,0.6604166626930237,0.612170934677124,438,2004452504,3,4
110001,1920,1650015,211201920,23520,0.6604166626930237,128,110000,0.47461628913879395,1920,17,4,500000,1000,,110001.0,0.6838541626930237,0.5846486687660217,0.6604166626930237,0.6121953725814819,442,2004452504,3,4
111001,1920,1665015,213121920,23520,0.6604166626930237,128,111000,0.4783163070678711,1920,17,4,500000,1000,,111001.0,0.6838541626930237,0.5846417546272278,0.6604166626930237,0.6122023463249207,446,2004452504,3,4
112001,1920,1680015,215041920,23520,0.6604166626930237,128,112000,0.48632121086120605,1920,17,4,500000,1000,,112001.0,0.6838541626930237,0.5846415758132935,0.6604166626930237,0.6121662855148315,450,2004452504,3,4
113001,1920,1695015,216961920,23520,0.6604166626930237,128,113000,0.49013805389404297,1920,17,4,500000,1000,,113001.0,0.6838541626930237,0.5846331715583801,0.6604166626930237,0.6120992302894592,454,2004452504,3,4
114001,1920,1710015,218881920,23520,0.6604166626930237,128,114000,0.49382996559143066,1920,17,4,500000,1000,,114001.0,0.6833333373069763,0.5846251845359802,0.6583333611488342,0.6120514273643494,459,2004452504,3,4
115001,1920,1725015,220801920,23520,0.6583333611488342,128,115000,0.49750399589538574,1920,17,4,500000,1000,,115001.0,0.6838541626930237,0.5846218466758728,0.6604166626930237,0.6120750904083252,462,2004452504,3,4
116001,1920,1740015,222721920,23520,0.6604166626930237,128,116000,0.5012421607971191,1920,17,4,500000,1000,,116001.0,0.6838541626930237,0.5846191048622131,0.6604166626930237,0.6119409203529358,467,2004452504,3,4
117001,1920,1755015,224641920,23520,0.6604166626930237,128,117000,0.5048873424530029,1920,17,4,500000,1000,,117001.0,0.684374988079071,0.5846139192581177,0.6625000238418579,0.6120970845222473,471,2004452504,3,4
118001,1920,1770015,226561920,23520,0.6625000238418579,128,118000,0.508580207824707,1920,17,4,500000,1000,,118001.0,0.6838541626930237,0.5846027731895447,0.6604166626930237,0.6120836734771729,475,2004452504,3,4
119001,1920,1785015,228481920,23520,0.6604166626930237,128,119000,0.5122411251068115,1920,17,4,500000,1000,,119001.0,0.6838541626930237,0.5846003293991089,0.6604166626930237,0.6118437647819519,479,2004452504,3,4
120001,1920,1800015,230401920,23520,0.6604166626930237,128,120000,0.5174822807312012,1920,17,4,500000,1000,,120001.0,0.6838541626930237,0.584598183631897,0.6604166626930237,0.6116191148757935,483,2004452504,3,4
121001,1920,1815015,232321920,23520,0.6604166626930237,128,121000,0.5211772918701172,1920,17,4,500000,1000,,121001.0,0.6838541626930237,0.5845896005630493,0.6604166626930237,0.6120984554290771,486,2004452504,3,4
122001,1920,1830015,234241920,23520,0.6604166626930237,128,122000,0.5249152183532715,1920,17,4,500000,1000,,122001.0,0.684374988079071,0.5845841765403748,0.6625000238418579,0.6122071146965027,491,2004452504,3,4
123001,1920,1845015,236161920,23520,0.6625000238418579,128,123000,0.5285592079162598,1920,17,4,500000,1000,,123001.0,0.684374988079071,0.5845768451690674,0.6625000238418579,0.6121388673782349,495,2004452504,3,4
124001,1920,1860015,238081920,23520,0.6625000238418579,128,124000,0.5330252647399902,1920,17,4,500000,1000,,124001.0,0.684374988079071,0.5845755338668823,0.6604166626930237,0.6121490597724915,499,2004452504,3,4
125001,1920,1875015,240001920,23520,0.6604166626930237,128,125000,0.5366983413696289,1920,17,4,500000,1000,,125001.0,0.6854166388511658,0.5845729112625122,0.6604166626930237,0.612098753452301,503,2004452504,3,4
126001,1920,1890015,241921920,23520,0.6604166626930237,128,126000,0.5403482913970947,1920,17,4,500000,1000,,126001.0,0.684374988079071,0.5845639705657959,0.6625000238418579,0.6119595170021057,507,2004452504,3,4
127001,1920,1905015,243841920,23520,0.6625000238418579,128,127000,0.5440223217010498,1920,17,4,500000,1000,,127001.0,0.684374988079071,0.5845608115196228,0.6625000238418579,0.6117016077041626,511,2004452504,3,4
128001,1920,1920015,245761920,23520,0.6625000238418579,128,128000,0.5477094650268555,1920,17,4,500000,1000,,128001.0,0.684374988079071,0.5845577120780945,0.6625000238418579,0.6119347810745239,515,2004452504,3,4
129001,1920,1935015,247681920,23520,0.6625000238418579,128,129000,0.551398515701294,1920,17,4,500000,1000,,129001.0,0.684374988079071,0.5845491290092468,0.6625000238418579,0.6117958426475525,519,2004452504,3,4
130001,1920,1950015,249601920,23520,0.6625000238418579,128,130000,0.5552022457122803,1920,17,4,500000,1000,,130001.0,0.684374988079071,0.584546685218811,0.6625000238418579,0.6120157241821289,524,2004452504,3,4
131001,1920,1965015,251521920,23520,0.6625000238418579,128,131000,0.5604782104492188,1920,17,4,500000,1000,,131001.0,0.684374988079071,0.5845413208007812,0.6625000238418579,0.6121681332588196,528,2004452504,3,4
132001,1920,1980015,253441920,23520,0.6625000238418579,128,132000,0.564162015914917,1920,17,4,500000,1000,,132001.0,0.6838541626930237,0.5845339298248291,0.6604166626930237,0.6122121214866638,532,2004452504,3,4
133001,1920,1995015,255361920,23520,0.6604166626930237,128,133000,0.567918062210083,1920,17,4,500000,1000,,133001.0,0.6833333373069763,0.5845325589179993,0.6604166626930237,0.6124026775360107,537,2004452504,3,4
134001,1920,2010015,257281920,23520,0.6604166626930237,128,134000,0.5724599361419678,1920,17,4,500000,1000,,134001.0,0.684374988079071,0.584530234336853,0.6604166626930237,0.6121620535850525,540,2004452504,3,4
135001,1920,2025015,259201920,23520,0.6604166626930237,128,135000,0.5761468410491943,1920,17,4,500000,1000,,135001.0,0.6833333373069763,0.5845274329185486,0.6604166626930237,0.6122978329658508,544,2004452504,3,4
136001,1920,2040015,261121920,23520,0.6604166626930237,128,136000,0.5798029899597168,1920,17,4,500000,1000,,136001.0,0.684374988079071,0.5845186114311218,0.6625000238418579,0.6122418642044067,548,2004452504,3,4
137001,1920,2055015,263041920,23520,0.6625000238418579,128,137000,0.583488941192627,1920,17,4,500000,1000,,137001.0,0.684374988079071,0.5845157504081726,0.6625000238418579,0.6118778586387634,553,2004452504,3,4
138001,1920,2070015,264961920,23520,0.6625000238418579,128,138000,0.5871357917785645,1920,17,4,500000,1000,,138001.0,0.684374988079071,0.5845126509666443,0.6625000238418579,0.6119694113731384,557,2004452504,3,4
139001,1920,2085015,266881920,23520,0.6625000238418579,128,139000,0.5908288955688477,1920,17,4,500000,1000,,139001.0,0.6838541626930237,0.5845120549201965,0.6625000238418579,0.6122207641601562,562,2004452504,3,4
140001,1920,2100015,268801920,23520,0.6625000238418579,128,140000,0.5944960117340088,1920,17,4,500000,1000,,140001.0,0.6838541626930237,0.5845044255256653,0.6625000238418579,0.6119842529296875,566,2004452504,3,4
141001,1920,2115015,270721920,23520,0.6625000238418579,128,141000,0.598189115524292,1920,17,4,500000,1000,,141001.0,0.6838541626930237,0.5844988226890564,0.6604166626930237,0.612070620059967,570,2004452504,3,4
142001,1920,2130015,272641920,23520,0.6604166626930237,128,142000,0.6018669605255127,1920,17,4,500000,1000,,142001.0,0.6848958134651184,0.5844991207122803,0.6625000238418579,0.6123234629631042,574,2004452504,3,4
143001,1920,2145015,274561920,23520,0.6625000238418579,128,143000,0.6055819988250732,1920,17,4,500000,1000,,143001.0,0.684374988079071,0.5844946503639221,0.6625000238418579,0.6124584078788757,579,2004452504,3,4
144001,1920,2160015,276481920,23520,0.6625000238418579,128,144000,0.6092579364776611,1920,17,4,500000,1000,,144001.0,0.684374988079071,0.5844913721084595,0.6625000238418579,0.6123239398002625,583,2004452504,3,4
145001,1920,2175015,278401920,23520,0.6625000238418579,128,145000,0.6129300594329834,1920,17,4,500000,1000,,145001.0,0.6848958134651184,0.5844895839691162,0.6625000238418579,0.6121021509170532,587,2004452504,3,4
146001,1920,2190015,280321920,23520,0.6625000238418579,128,146000,0.6168370246887207,1920,17,4,500000,1000,,146001.0,0.6838541626930237,0.5844839811325073,0.6604166626930237,0.6121914386749268,591,2004452504,3,4
147001,1920,2205015,282241920,23520,0.6604166626930237,128,147000,0.6219680309295654,1920,17,4,500000,1000,,147001.0,0.6838541626930237,0.5844792723655701,0.6604166626930237,0.6122211217880249,596,2004452504,3,4
148001,1920,2220015,284161920,23520,0.6604166626930237,128,148000,0.6259760856628418,1920,17,4,500000,1000,,148001.0,0.6838541626930237,0.5844734907150269,0.6604166626930237,0.612338125705719,601,2004452504,3,4
149001,1920,2235015,286081920,23520,0.6604166626930237,128,149000,0.6296601295471191,1920,17,4,500000,1000,,149001.0,0.6838541626930237,0.5844702124595642,0.6625000238418579,0.6124202013015747,604,2004452504,3,4
150001,1920,2250015,288001920,23520,0.6625000238418579,128,150000,0.6334261894226074,1920,17,4,500000,1000,,150001.0,0.684374988079071,0.5844653844833374,0.6625000238418579,0.6121839284896851,608,2004452504,3,4
151001,1920,2265015,289921920,23520,0.6625000238418579,128,151000,0.6386322975158691,1920,17,4,500000,1000,,151001.0,0.684374988079071,0.58446204662323,0.6604166626930237,0.6123186945915222,612,2004452504,3,4
152001,1920,2280015,291841920,23520,0.6604166626930237,128,152000,0.6427512168884277,1920,17,4,500000,1000,,152001.0,0.684374988079071,0.5844668745994568,0.6604166626930237,0.6124833226203918,616,2004452504,3,4
153001,1920,2295015,293761920,23520,0.6604166626930237,128,153000,0.6464512348175049,1920,17,4,500000,1000,,153001.0,0.684374988079071,0.5844603776931763,0.6583333611488342,0.6123610138893127,621,2004452504,3,4
154001,1920,2310015,295681920,23520,0.6583333611488342,128,154000,0.6501612663269043,1920,17,4,500000,1000,,154001.0,0.684374988079071,0.5844537019729614,0.6604166626930237,0.6122351884841919,626,2004452504,3,4
155001,1920,2325015,297601920,23520,0.6604166626930237,128,155000,0.6539502143859863,1920,17,4,500000,1000,,155001.0,0.6848958134651184,0.5844549536705017,0.6625000238418579,0.6123559474945068,630,2004452504,3,4
156001,1920,2340015,299521920,23520,0.6625000238418579,128,156000,0.6600642204284668,1920,17,4,500000,1000,,156001.0,0.6838541626930237,0.5844482183456421,0.6604166626930237,0.6123433709144592,634,2004452504,3,4
157001,1920,2355015,301441920,23520,0.6604166626930237,128,157000,0.6637282371520996,1920,17,4,500000,1000,,157001.0,0.6848958134651184,0.5844439268112183,0.6604166626930237,0.6122283339500427,638,2004452504,3,4
158001,1920,2370015,303361920,23520,0.6604166626930237,128,158000,0.6674273014068604,1920,17,4,500000,1000,,158001.0,0.6848958134651184,0.5844438672065735,0.6604166626930237,0.6123831868171692,642,2004452504,3,4
159001,1920,2385015,305281920,23520,0.6604166626930237,128,159000,0.6711761951446533,1920,17,4,500000,1000,,159001.0,0.6838541626930237,0.584436297416687,0.6604166626930237,0.6122704744338989,647,2004452504,3,4
160001,1920,2400015,307201920,23520,0.6604166626930237,128,160000,0.6748180389404297,1920,17,4,500000,1000,,160001.0,0.6838541626930237,0.58443284034729,0.6604166626930237,0.6123111248016357,651,2004452504,3,4
161001,1920,2415015,309121920,23520,0.6604166626930237,128,161000,0.678612232208252,1920,17,4,500000,1000,,161001.0,0.684374988079071,0.584430456161499,0.6625000238418579,0.612140417098999,655,2004452504,3,4
162001,1920,2430015,311041920,23520,0.6625000238418579,128,162000,0.6823270320892334,1920,17,4,500000,1000,,162001.0,0.6838541626930237,0.5844280123710632,0.6604166626930237,0.6120833158493042,659,2004452504,3,4
163001,1920,2445015,312961920,23520,0.6604166626930237,128,163000,0.6914291381835938,1920,17,4,500000,1000,,163001.0,0.6838541626930237,0.5844245553016663,0.6604166626930237,0.6121112108230591,664,2004452504,3,4
164001,1920,2460015,314881920,23520,0.6604166626930237,128,164000,0.6951282024383545,1920,17,4,500000,1000,,164001.0,0.684374988079071,0.5844212174415588,0.6625000238418579,0.6121339797973633,669,2004452504,3,4
165001,1920,2475015,316801920,23520,0.6625000238418579,128,165000,0.6988301277160645,1920,17,4,500000,1000,,165001.0,0.6838541626930237,0.5844190716743469,0.6604166626930237,0.6120375990867615,673,2004452504,3,4
166001,1920,2490015,318721920,23520,0.6604166626930237,128,166000,0.7025251388549805,1920,17,4,500000,1000,,166001.0,0.6854166388511658,0.5844197869300842,0.6645833253860474,0.6119434833526611,677,2004452504,3,4
167001,1920,2505015,320641920,23520,0.6645833253860474,128,167000,0.7062029838562012,1920,17,4,500000,1000,,167001.0,0.6848958134651184,0.5844159722328186,0.6625000238418579,0.61191326379776,681,2004452504,3,4
168001,1920,2520015,322561920,23520,0.6625000238418579,128,168000,0.7098939418792725,1920,17,4,500000,1000,,168001.0,0.6854166388511658,0.5844109654426575,0.6645833253860474,0.6123653650283813,685,2004452504,3,4
169001,1920,2535015,324481920,23520,0.6645833253860474,128,169000,0.7137389183044434,1920,17,4,500000,1000,,169001.0,0.6864583492279053,0.5844079256057739,0.6645833253860474,0.6121760010719299,689,2004452504,3,4
170001,1920,2550015,326401920,23520,0.6645833253860474,128,170000,0.7176251411437988,1920,17,4,500000,1000,,170001.0,0.6859375238418579,0.5844057202339172,0.6645833253860474,0.6123146414756775,694,2004452504,3,4
171001,1920,2565015,328321920,23520,0.6645833253860474,128,171000,0.72243332862854,1920,17,4,500000,1000,,171001.0,0.6848958134651184,0.5843992233276367,0.6645833253860474,0.6124280095100403,698,2004452504,3,4
172001,1920,2580015,330241920,23520,0.6645833253860474,128,172000,0.7261271476745605,1920,17,4,500000,1000,,172001.0,0.6838541626930237,0.5843951106071472,0.6625000238418579,0.6120758056640625,703,2004452504,3,4
173001,1920,2595015,332161920,23520,0.6625000238418579,128,173000,0.7297680377960205,1920,17,4,500000,1000,,173001.0,0.6838541626930237,0.5843934416770935,0.6604166626930237,0.6123182773590088,707,2004452504,3,4
174001,1920,2610015,334081920,23520,0.6604166626930237,128,174000,0.7334589958190918,1920,17,4,500000,1000,,174001.0,0.6838541626930237,0.5843927264213562,0.6604166626930237,0.6123747229576111,711,2004452504,3,4
175001,1920,2625015,336001920,23520,0.6604166626930237,128,175000,0.7372250556945801,1920,17,4,500000,1000,,175001.0,0.6838541626930237,0.5843901038169861,0.6604166626930237,0.6121037602424622,715,2004452504,3,4
176001,1920,2640015,337921920,23520,0.6604166626930237,128,176000,0.740973949432373,1920,17,4,500000,1000,,176001.0,0.6838541626930237,0.5843864679336548,0.6604166626930237,0.6123359203338623,720,2004452504,3,4
177001,1920,2655015,339841920,23520,0.6604166626930237,128,177000,0.7446467876434326,1920,17,4,500000,1000,,177001.0,0.6838541626930237,0.5843818187713623,0.6604166626930237,0.6122432947158813,724,2004452504,3,4
178001,1920,2670015,341761920,23520,0.6604166626930237,128,178000,0.7498776912689209,1920,17,4,500000,1000,,178001.0,0.684374988079071,0.5843818783760071,0.6625000238418579,0.6122676730155945,728,2004452504,3,4
179001,1920,2685015,343681920,23520,0.6625000238418579,128,179000,0.7535727024078369,1920,17,4,500000,1000,,179001.0,0.684374988079071,0.5843784809112549,0.6604166626930237,0.612414538860321,732,2004452504,3,4
180001,1920,2700015,345601920,23520,0.6604166626930237,128,180000,0.7581579685211182,1920,17,4,500000,1000,,180001.0,0.684374988079071,0.5843766927719116,0.6625000238418579,0.6121348738670349,737,2004452504,3,4
181001,1920,2715015,347521920,23520,0.6625000238418579,128,181000,0.7618532180786133,1920,17,4,500000,1000,,181001.0,0.684374988079071,0.5843738913536072,0.6625000238418579,0.6119450926780701,741,2004452504,3,4
182001,1920,2730015,349441920,23520,0.6625000238418579,128,182000,0.7655611038208008,1920,17,4,500000,1000,,182001.0,0.6838541626930237,0.5843737125396729,0.6604166626930237,0.6120029091835022,746,2004452504,3,4
183001,1920,2745015,351361920,23520,0.6604166626930237,128,183000,0.7692451477050781,1920,17,4,500000,1000,,183001.0,0.684374988079071,0.584368884563446,0.6604166626930237,0.6123157143592834,750,2004452504,3,4
184001,1920,2760015,353281920,23520,0.6604166626930237,128,184000,0.7729020118713379,1920,17,4,500000,1000,,184001.0,0.684374988079071,0.584362268447876,0.6625000238418579,0.6123468279838562,754,2004452504,3,4
185001,1920,2775015,355201920,23520,0.6625000238418579,128,185000,0.7768571376800537,1920,17,4,500000,1000,,185001.0,0.684374988079071,0.5843608975410461,0.6625000238418579,0.6124027371406555,758,2004452504,3,4
186001,1920,2790015,357121920,23520,0.6625000238418579,128,186000,0.781705379486084,1920,17,4,500000,1000,,186001.0,0.6833333373069763,0.5843629240989685,0.6604166626930237,0.6125200986862183,762,2004452504,3,4
187001,1920,2805015,359041920,23520,0.6604166626930237,128,187000,0.7853822708129883,1920,17,4,500000,1000,,187001.0,0.684374988079071,0.5843614935874939,0.6625000238418579,0.6123325824737549,767,2004452504,3,4
188001,1920,2820015,360961920,23520,0.6625000238418579,128,188000,0.7890923023223877,1920,17,4,500000,1000,,188001.0,0.684374988079071,0.5843590497970581,0.6604166626930237,0.6121979355812073,770,2004452504,3,4
189001,1920,2835015,362881920,23520,0.6604166626930237,128,189000,0.7932815551757812,1920,17,4,500000,1000,,189001.0,0.6838541626930237,0.5843554139137268,0.6604166626930237,0.6122409701347351,775,2004452504,3,4
190001,1920,2850015,364801920,23520,0.6604166626930237,128,190000,0.796966552734375,1920,17,4,500000,1000,,190001.0,0.6838541626930237,0.5843556523323059,0.6604166626930237,0.6124559044837952,779,2004452504,3,4
191001,1920,2865015,366721920,23520,0.6604166626930237,128,191000,0.8021354675292969,1920,17,4,500000,1000,,191001.0,0.6848958134651184,0.5843515992164612,0.6604166626930237,0.612118661403656,783,2004452504,3,4
192001,1920,2880015,368641920,23520,0.6604166626930237,128,192000,0.8058364391326904,1920,17,4,500000,1000,,192001.0,0.6838541626930237,0.5843470096588135,0.6604166626930237,0.6120020151138306,787,2004452504,3,4
193001,1920,2895015,370561920,23520,0.6604166626930237,128,193000,0.8095312118530273,1920,17,4,500000,1000,,193001.0,0.6854166388511658,0.5843461155891418,0.6625000238418579,0.6123650670051575,791,2004452504,3,4
194001,1920,2910015,372481920,23520,0.6625000238418579,128,194000,0.8131740093231201,1920,17,4,500000,1000,,194001.0,0.6838541626930237,0.5843409299850464,0.6604166626930237,0.6121442317962646,795,2004452504,3,4
195001,1920,2925015,374401920,23520,0.6604166626930237,128,195000,0.816859245300293,1920,17,4,500000,1000,,195001.0,0.6833333373069763,0.5843397974967957,0.6604166626930237,0.6123020648956299,799,2004452504,3,4
196001,1920,2940015,376321920,23520,0.6604166626930237,128,196000,0.8212182521820068,1920,17,4,500000,1000,,196001.0,0.6833333373069763,0.5843373537063599,0.6604166626930237,0.6122918725013733,803,2004452504,3,4
197001,1920,2955015,378241920,23520,0.6604166626930237,128,197000,0.8253190517425537,1920,17,4,500000,1000,,197001.0,0.6833333373069763,0.5843368768692017,0.6604166626930237,0.6122685670852661,808,2004452504,3,4
198001,1920,2970015,380161920,23520,0.6604166626930237,128,198000,0.829010009765625,1920,17,4,500000,1000,,198001.0,0.6833333373069763,0.5843330025672913,0.6604166626930237,0.6123391389846802,812,2004452504,3,4
199001,1920,2985015,382081920,23520,0.6604166626930237,128,199000,0.8377878665924072,1920,17,4,500000,1000,,199001.0,0.684374988079071,0.5843315124511719,0.6625000238418579,0.612399160861969,816,2004452504,3,4
200001,1920,3000015,384001920,23520,0.6625000238418579,128,200000,0.8414678573608398,1920,17,4,500000,1000,,200001.0,0.684374988079071,0.5843316912651062,0.6625000238418579,0.6124240159988403,820,2004452504,3,4
201001,1920,3015015,385921920,23520,0.6625000238418579,128,201000,0.8452348709106445,1920,17,4,500000,1000,,201001.0,0.684374988079071,0.5843272805213928,0.6625000238418579,0.6123889684677124,824,2004452504,3,4
202001,1920,3030015,387841920,23520,0.6625000238418579,128,202000,0.8489267826080322,1920,17,4,500000,1000,,202001.0,0.6838541626930237,0.584322988986969,0.6604166626930237,0.6125125288963318,829,2004452504,3,4
203001,1920,3045015,389761920,23520,0.6604166626930237,128,203000,0.8535606861114502,1920,17,4,500000,1000,,203001.0,0.684374988079071,0.5843220949172974,0.6625000238418579,0.6122189164161682,833,2004452504,3,4
204001,1920,3060015,391681920,23520,0.6625000238418579,128,204000,0.8572657108306885,1920,17,4,500000,1000,,204001.0,0.684374988079071,0.5843223929405212,0.6625000238418579,0.6122460961341858,837,2004452504,3,4
205001,1920,3075015,393601920,23520,0.6625000238418579,128,205000,0.8612215518951416,1920,17,4,500000,1000,,205001.0,0.6854166388511658,0.584322988986969,0.6604166626930237,0.6123366951942444,841,2004452504,3,4
206001,1920,3090015,395521920,23520,0.6604166626930237,128,206000,0.8652744293212891,1920,17,4,500000,1000,,206001.0,0.6848958134651184,0.5843191742897034,0.6583333611488342,0.6123487949371338,845,2004452504,3,4
207001,1920,3105015,397441920,23520,0.6583333611488342,128,207000,0.8690042495727539,1920,17,4,500000,1000,,207001.0,0.6848958134651184,0.5843167901039124,0.6625000238418579,0.6120674014091492,849,2004452504,3,4
208001,1920,3120015,399361920,23520,0.6625000238418579,128,208000,0.8731560707092285,1920,17,4,500000,1000,,208001.0,0.6848958134651184,0.584316074848175,0.6604166626930237,0.6119984984397888,854,2004452504,3,4
209001,1920,3135015,401281920,23520,0.6604166626930237,128,209000,0.8770358562469482,1920,17,4,500000,1000,,209001.0,0.6848958134651184,0.5843121409416199,0.6625000238418579,0.6119797825813293,859,2004452504,3,4
210001,1920,3150015,403201920,23520,0.6625000238418579,128,210000,0.8807048797607422,1920,17,4,500000,1000,,210001.0,0.6838541626930237,0.5843098759651184,0.6604166626930237,0.6122131943702698,864,2004452504,3,4
211001,1920,3165015,405121920,23520,0.6604166626930237,128,211000,0.8844048976898193,1920,17,4,500000,1000,,211001.0,0.684374988079071,0.5843063592910767,0.6625000238418579,0.6124374866485596,868,2004452504,3,4
212001,1920,3180015,407041920,23520,0.6625000238418579,128,212000,0.8880600929260254,1920,17,4,500000,1000,,212001.0,0.6838541626930237,0.5843044519424438,0.6625000238418579,0.6125535368919373,872,2004452504,3,4
213001,1920,3195015,408961920,23520,0.6625000238418579,128,213000,0.89174485206604,1920,17,4,500000,1000,,213001.0,0.684374988079071,0.5843031406402588,0.6625000238418579,0.6125131845474243,876,2004452504,3,4
214001,1920,3210015,410881920,23520,0.6625000238418579,128,214000,0.8954370021820068,1920,17,4,500000,1000,,214001.0,0.684374988079071,0.5842982530593872,0.6625000238418579,0.612323522567749,880,2004452504,3,4
215001,1920,3225015,412801920,23520,0.6625000238418579,128,215000,0.8992319107055664,1920,17,4,500000,1000,,215001.0,0.684374988079071,0.5842972993850708,0.6625000238418579,0.6125890016555786,885,2004452504,3,4
216001,1920,3240015,414721920,23520,0.6625000238418579,128,216000,0.9028899669647217,1920,17,4,500000,1000,,216001.0,0.684374988079071,0.584295392036438,0.6625000238418579,0.6124187707901001,889,2004452504,3,4
217001,1920,3255015,416641920,23520,0.6625000238418579,128,217000,0.9065852165222168,1920,17,4,500000,1000,,217001.0,0.684374988079071,0.5842936038970947,0.6625000238418579,0.6124833226203918,894,2004452504,3,4
218001,1920,3270015,418561920,23520,0.6625000238418579,128,218000,0.9102551937103271,1920,17,4,500000,1000,,218001.0,0.684374988079071,0.5842918157577515,0.6625000238418579,0.6125001311302185,898,2004452504,3,4
219001,1920,3285015,420481920,23520,0.6625000238418579,128,219000,0.9139373302459717,1920,17,4,500000,1000,,219001.0,0.6838541626930237,0.5842928290367126,0.6604166626930237,0.6124127507209778,901,2004452504,3,4
220001,1920,3300015,422401920,23520,0.6604166626930237,128,220000,0.917628288269043,1920,17,4,500000,1000,,220001.0,0.6848958134651184,0.5842872262001038,0.6625000238418579,0.6123178601264954,905,2004452504,3,4
221001,1920,3315015,424321920,23520,0.6625000238418579,128,221000,0.9214730262756348,1920,17,4,500000,1000,,221001.0,0.6838541626930237,0.5842849016189575,0.6604166626930237,0.6124034523963928,909,2004452504,3,4
222001,1920,3330015,426241920,23520,0.6604166626930237,128,222000,0.9252159595489502,1920,17,4,500000,1000,,222001.0,0.6838541626930237,0.5842851996421814,0.6604166626930237,0.6121913194656372,913,2004452504,3,4
223001,1920,3345015,428161920,23520,0.6604166626930237,128,223000,0.9289121627807617,1920,17,4,500000,1000,,223001.0,0.6833333373069763,0.5842848420143127,0.6604166626930237,0.6121588349342346,917,2004452504,3,4
224001,1920,3360015,430081920,23520,0.6604166626930237,128,224000,0.9341561794281006,1920,17,4,500000,1000,,224001.0,0.6838541626930237,0.5842798352241516,0.6604166626930237,0.6122201085090637,921,2004452504,3,4
225001,1920,3375015,432001920,23520,0.6604166626930237,128,225000,0.9379482269287109,1920,17,4,500000,1000,,225001.0,0.6838541626930237,0.5842781662940979,0.6604166626930237,0.6123039722442627,926,2004452504,3,4
226001,1920,3390015,433921920,23520,0.6604166626930237,128,226000,0.9416000843048096,1920,17,4,500000,1000,,226001.0,0.6848958134651184,0.5842773914337158,0.6625000238418579,0.6120620965957642,930,2004452504,3,4
227001,1920,3405015,435841920,23520,0.6625000238418579,128,227000,0.9452652931213379,1920,17,4,500000,1000,,227001.0,0.684374988079071,0.5842741131782532,0.6625000238418579,0.6123132109642029,934,2004452504,3,4
228001,1920,3420015,437761920,23520,0.6625000238418579,128,228000,0.9489705562591553,1920,17,4,500000,1000,,228001.0,0.684374988079071,0.5842783451080322,0.6625000238418579,0.6124752163887024,938,2004452504,3,4
229001,1920,3435015,439681920,23520,0.6625000238418579,128,229000,0.9526546001434326,1920,17,4,500000,1000,,229001.0,0.684374988079071,0.5842711329460144,0.6625000238418579,0.6123010516166687,942,2004452504,3,4
230001,1920,3450015,441601920,23520,0.6625000238418579,128,230000,0.9563074111938477,1920,17,4,500000,1000,,230001.0,0.6848958134651184,0.584269642829895,0.6625000238418579,0.6123372912406921,946,2004452504,3,4
231001,1920,3465015,443521920,23520,0.6625000238418579,128,231000,0.9599943161010742,1920,17,4,500000,1000,,231001.0,0.6838541626930237,0.5842688083648682,0.6625000238418579,0.6124078631401062,950,2004452504,3,4
232001,1920,3480015,445441920,23520,0.6625000238418579,128,232000,0.9637832641601562,1920,17,4,500000,1000,,232001.0,0.6838541626930237,0.5842679142951965,0.6583333611488342,0.6124053597450256,954,2004452504,3,4
233001,1920,3495015,447361920,23520,0.6583333611488342,128,233000,0.9674789905548096,1920,17,4,500000,1000,,233001.0,0.6848958134651184,0.5842652916908264,0.6604166626930237,0.6121513247489929,958,2004452504,3,4
234001,1920,3510015,449281920,23520,0.6604166626930237,128,234000,0.9712269306182861,1920,17,4,500000,1000,,234001.0,0.6848958134651184,0.5842660665512085,0.6645833253860474,0.6123243570327759,963,2004452504,3,4
235001,1920,3525015,451201920,23520,0.6645833253860474,128,235000,0.9749107360839844,1920,17,4,500000,1000,,235001.0,0.6838541626930237,0.584265410900116,0.6604166626930237,0.6124504208564758,967,2004452504,3,4
236001,1920,3540015,453121920,23520,0.6604166626930237,128,236000,0.97857666015625,1920,17,4,500000,1000,,236001.0,0.684374988079071,0.5842627882957458,0.6604166626930237,0.6124823689460754,971,2004452504,3,4
237001,1920,3555015,455041920,23520,0.6604166626930237,128,237000,0.9832684993743896,1920,17,4,500000,1000,,237001.0,0.684374988079071,0.584257185459137,0.6625000238418579,0.6123761534690857,975,2004452504,3,4
238001,1920,3570015,456961920,23520,0.6625000238418579,128,238000,0.9869697093963623,1920,17,4,500000,1000,,238001.0,0.684374988079071,0.5842583775520325,0.6625000238418579,0.6121751666069031,980,2004452504,3,4
239001,1920,3585015,458881920,23520,0.6625000238418579,128,239000,0.9906659126281738,1920,17,4,500000,1000,,239001.0,0.6838541626930237,0.5842530131340027,0.6604166626930237,0.6122530102729797,984,2004452504,3,4
240001,1920,3600015,460801920,23520,0.6604166626930237,128,240000,0.9943599700927734,1920,17,4,500000,1000,,240001.0,0.684374988079071,0.5842520594596863,0.6625000238418579,0.6123990416526794,988,2004452504,3,4
241001,1920,3615015,462721920,23520,0.6625000238418579,128,241000,0.9981751441955566,1920,17,4,500000,1000,,241001.0,0.684374988079071,0.5842530131340027,0.6625000238418579,0.6121172308921814,992,2004452504,3,4
242001,1920,3630015,464641920,23520,0.6625000238418579,128,242000,1.001873254776001,1920,17,4,500000,1000,,242001.0,0.684374988079071,0.5842524766921997,0.6625000238418579,0.6120885014533997,997,2004452504,3,4
243001,1920,3645015,466561920,23520,0.6625000238418579,128,243000,1.0055243968963623,1920,17,4,500000,1000,,243001.0,0.6833333373069763,0.5842500329017639,0.6604166626930237,0.612421452999115,1002,2004452504,3,4
244001,1920,3660015,468481920,23520,0.6604166626930237,128,244000,1.009223461151123,1920,17,4,500000,1000,,244001.0,0.6838541626930237,0.58424973487854,0.6604166626930237,0.6124209761619568,1006,2004452504,3,4
245001,1920,3675015,470401920,23520,0.6604166626930237,128,245000,1.0131714344024658,1920,17,4,500000,1000,,245001.0,0.682812511920929,0.5842434167861938,0.6604166626930237,0.6124314665794373,1010,2004452504,3,4
246001,1920,3690015,472321920,23520,0.6604166626930237,128,246000,1.0183374881744385,1920,17,4,500000,1000,,246001.0,0.6833333373069763,0.5842447876930237,0.6604166626930237,0.6125987768173218,1014,2004452504,3,4
247001,1920,3705015,474241920,23520,0.6604166626930237,128,247000,1.0220284461975098,1920,17,4,500000,1000,,247001.0,0.6833333373069763,0.5842440128326416,0.6604166626930237,0.612472653388977,1018,2004452504,3,4
248001,1920,3720015,476161920,23520,0.6604166626930237,128,248000,1.025719404220581,1920,17,4,500000,1000,,248001.0,0.6838541626930237,0.5842391848564148,0.6604166626930237,0.612385630607605,1022,2004452504,3,4
249001,1920,3735015,478081920,23520,0.6604166626930237,128,249000,1.0294163227081299,1920,17,4,500000,1000,,249001.0,0.684374988079071,0.5842388868331909,0.6583333611488342,0.6121448874473572,1026,2004452504,3,4
250001,1920,3750015,480001920,23520,0.6583333611488342,128,250000,1.033116340637207,1920,17,4,500000,1000,,250001.0,0.6833333373069763,0.5842403769493103,0.6604166626930237,0.6121923923492432,1030,2004452504,3,4
251001,1920,3765015,481921920,23520,0.6604166626930237,128,251000,1.0368523597717285,1920,17,4,500000,1000,,251001.0,0.6838541626930237,0.5842396020889282,0.6604166626930237,0.6124889850616455,1034,2004452504,3,4
252001,1920,3780015,483841920,23520,0.6604166626930237,128,252000,1.0405423641204834,1920,17,4,500000,1000,,252001.0,0.684374988079071,0.5842365026473999,0.6625000238418579,0.612306535243988,1038,2004452504,3,4
253001,1920,3795015,485761920,23520,0.6625000238418579,128,253000,1.0442183017730713,1920,17,4,500000,1000,,253001.0,0.684374988079071,0.5842338800430298,0.6625000238418579,0.6122413277626038,1043,2004452504,3,4
254001,1920,3810015,487681920,23520,0.6625000238418579,128,254000,1.0480000972747803,1920,17,4,500000,1000,,254001.0,0.684374988079071,0.5842326879501343,0.6625000238418579,0.6123429536819458,1047,2004452504,3,4
255001,1920,3825015,489601920,23520,0.6625000238418579,128,255000,1.0517699718475342,1920,17,4,500000,1000,,255001.0,0.684374988079071,0.5842305421829224,0.6625000238418579,0.6122187376022339,1051,2004452504,3,4
256001,1920,3840015,491521920,23520,0.6625000238418579,128,256000,1.0554850101470947,1920,17,4,500000,1000,,256001.0,0.684374988079071,0.5842283964157104,0.6625000238418579,0.6125310063362122,1056,2004452504,3,4
257001,1920,3855015,493441920,23520,0.6625000238418579,128,257000,1.06119704246521,1920,17,4,500000,1000,,257001.0,0.684374988079071,0.5842267274856567,0.6625000238418579,0.6123119592666626,1060,2004452504,3,4
258001,1920,3870015,495361920,23520,0.6625000238418579,128,258000,1.065006971359253,1920,17,4,500000,1000,,258001.0,0.684374988079071,0.5842258334159851,0.6625000238418579,0.6122577786445618,1064,2004452504,3,4
259001,1920,3885015,497281920,23520,0.6625000238418579,128,259000,1.0687108039855957,1920,17,4,500000,1000,,259001.0,0.684374988079071,0.584224283695221,0.6625000238418579,0.6121490597724915,1068,2004452504,3,4
260001,1920,3900015,499201920,23520,0.6625000238418579,128,260000,1.0738680362701416,1920,17,4,500000,1000,,260001.0,0.684374988079071,0.5842233896255493,0.6625000238418579,0.6123144030570984,1072,2004452504,3,4
261001,1920,3915015,501121920,23520,0.6625000238418579,128,261000,1.0775208473205566,1920,17,4,500000,1000,,261001.0,0.684374988079071,0.5842210650444031,0.6625000238418579,0.6122903227806091,1076,2004452504,3,4
262001,1920,3930015,503041920,23520,0.6625000238418579,128,262000,1.081218957901001,1920,17,4,500000,1000,,262001.0,0.6838541626930237,0.5842199921607971,0.6625000238418579,0.6122388243675232,1080,2004452504,3,4
263001,1920,3945015,504961920,23520,0.6625000238418579,128,263000,1.0853238105773926,1920,17,4,500000,1000,,263001.0,0.684374988079071,0.5842180252075195,0.6625000238418579,0.6121981739997864,1083,2004452504,3,4
264001,1920,3960015,506881920,23520,0.6625000238418579,128,264000,1.0890867710113525,1920,17,4,500000,1000,,264001.0,0.6838541626930237,0.5842166543006897,0.6625000238418579,0.6120887398719788,1088,2004452504,3,4
265001,1920,3975015,508801920,23520,0.6625000238418579,128,265000,1.0927839279174805,1920,17,4,500000,1000,,265001.0,0.6838541626930237,0.5842146277427673,0.6625000238418579,0.6120671629905701,1092,2004452504,3,4
266001,1920,3990015,510721920,23520,0.6625000238418579,128,266000,1.096491813659668,1920,17,4,500000,1000,,266001.0,0.684374988079071,0.5842152237892151,0.6625000238418579,0.6121408343315125,1096,2004452504,3,4
267001,1920,4005015,512641920,23520,0.6625000238418579,128,267000,1.1001677513122559,1920,17,4,500000,1000,,267001.0,0.684374988079071,0.584212601184845,0.6625000238418579,0.6122353672981262,1100,2004452504,3,4
268001,1920,4020015,514561920,23520,0.6625000238418579,128,268000,1.103846788406372,1920,17,4,500000,1000,,268001.0,0.684374988079071,0.584209144115448,0.6625000238418579,0.6120395660400391,1104,2004452504,3,4
269001,1920,4035015,516481920,23520,0.6625000238418579,128,269000,1.107560634613037,1920,17,4,500000,1000,,269001.0,0.684374988079071,0.5842087864875793,0.6625000238418579,0.6124071478843689,1108,2004452504,3,4
270001,1920,4050015,518401920,23520,0.6625000238418579,128,270000,1.1112456321716309,1920,17,4,500000,1000,,270001.0,0.684374988079071,0.5842093229293823,0.6625000238418579,0.6124768853187561,1112,2004452504,3,4
271001,1920,4065015,520321920,23520,0.6625000238418579,128,271000,1.1149373054504395,1920,17,4,500000,1000,,271001.0,0.684374988079071,0.5842114090919495,0.6625000238418579,0.6123933792114258,1116,2004452504,3,4
272001,1920,4080015,522241920,23520,0.6625000238418579,128,272000,1.1186192035675049,1920,17,4,500000,1000,,272001.0,0.684374988079071,0.584208071231842,0.6625000238418579,0.6126229166984558,1121,2004452504,3,4
273001,1920,4095015,524161920,23520,0.6625000238418579,128,273000,1.1353471279144287,1920,17,4,500000,1000,,273001.0,0.6838541626930237,0.5842064023017883,0.6625000238418579,0.6124446392059326,1125,2004452504,3,4
274001,1920,4110015,526081920,23520,0.6625000238418579,128,274000,1.1395659446716309,1920,17,4,500000,1000,,274001.0,0.684374988079071,0.5842071175575256,0.6625000238418579,0.612316370010376,1129,2004452504,3,4
275001,1920,4125015,528001920,23520,0.6625000238418579,128,275000,1.143334150314331,1920,17,4,500000,1000,,275001.0,0.684374988079071,0.5842031240463257,0.6625000238418579,0.6124047636985779,1134,2004452504,3,4
276001,1920,4140015,529921920,23520,0.6625000238418579,128,276000,1.1470110416412354,1920,17,4,500000,1000,,276001.0,0.684374988079071,0.5842026472091675,0.6625000238418579,0.6124042868614197,1138,2004452504,3,4
277001,1920,4155015,531841920,23520,0.6625000238418579,128,277000,1.1506950855255127,1920,17,4,500000,1000,,277001.0,0.684374988079071,0.5842041373252869,0.6625000238418579,0.6122170090675354,1142,2004452504,3,4
278001,1920,4170015,533761920,23520,0.6625000238418579,128,278000,1.154388189315796,1920,17,4,500000,1000,,278001.0,0.6848958134651184,0.5842008590698242,0.6645833253860474,0.6123729944229126,1146,2004452504,3,4
279001,1920,4185015,535681920,23520,0.6645833253860474,128,279000,1.1583373546600342,1920,17,4,500000,1000,,279001.0,0.6838541626930237,0.5841983556747437,0.6625000238418579,0.612213134765625,1151,2004452504,3,4
280001,1920,4200015,537601920,23520,0.6625000238418579,128,280000,1.162055492401123,1920,17,4,500000,1000,,280001.0,0.684374988079071,0.5841990113258362,0.6625000238418579,0.6122357249259949,1155,2004452504,3,4
281001,1920,4215015,539521920,23520,0.6625000238418579,128,281000,1.1657896041870117,1920,17,4,500000,1000,,281001.0,0.6838541626930237,0.5841949582099915,0.6625000238418579,0.6121053099632263,1160,2004452504,3,4
282001,1920,4230015,541441920,23520,0.6625000238418579,128,282000,1.1697256565093994,1920,17,4,500000,1000,,282001.0,0.6838541626930237,0.584194540977478,0.6604166626930237,0.612311065196991,1164,2004452504,3,4
283001,1920,4245015,543361920,23520,0.6604166626930237,128,283000,1.1739277839660645,1920,17,4,500000,1000,,283001.0,0.6833333373069763,0.584194004535675,0.6604166626930237,0.6124753355979919,1168,2004452504,3,4
284001,1920,4260015,545281920,23520,0.6604166626930237,128,284000,1.178297758102417,1920,17,4,500000,1000,,284001.0,0.6838541626930237,0.5841914415359497,0.6604166626930237,0.6123307347297668,1171,2004452504,3,4
285001,1920,4275015,547201920,23520,0.6604166626930237,128,285000,1.1820178031921387,1920,17,4,500000,1000,,285001.0,0.6833333373069763,0.5841900110244751,0.6604166626930237,0.612381100654602,1175,2004452504,3,4
286001,1920,4290015,549121920,23520,0.6604166626930237,128,286000,1.1857469081878662,1920,17,4,500000,1000,,286001.0,0.6833333373069763,0.5841918587684631,0.6604166626930237,0.6123414635658264,1179,2004452504,3,4
287001,1920,4305015,551041920,23520,0.6604166626930237,128,287000,1.1895439624786377,1920,17,4,500000,1000,,287001.0,0.6838541626930237,0.584187388420105,0.6625000238418579,0.6124870181083679,1183,2004452504,3,4
288001,1920,4320015,552961920,23520,0.6625000238418579,128,288000,1.1932837963104248,1920,17,4,500000,1000,,288001.0,0.6838541626930237,0.5841850638389587,0.6625000238418579,0.6123959422111511,1187,2004452504,3,4
289001,1920,4335015,554881920,23520,0.6625000238418579,128,289000,1.1969947814941406,1920,17,4,500000,1000,,289001.0,0.6838541626930237,0.5841869115829468,0.6604166626930237,0.612400472164154,1190,2004452504,3,4
290001,1920,4350015,556801920,23520,0.6604166626930237,128,290000,1.200850486755371,1920,17,4,500000,1000,,290001.0,0.684374988079071,0.5841881036758423,0.6625000238418579,0.6122636795043945,1194,2004452504,3,4
291001,1920,4365015,558721920,23520,0.6625000238418579,128,291000,1.2045915126800537,1920,17,4,500000,1000,,291001.0,0.684374988079071,0.58418208360672,0.6625000238418579,0.6123174428939819,1198,2004452504,3,4
292001,1920,4380015,560641920,23520,0.6625000238418579,128,292000,1.2083706855773926,1920,17,4,500000,1000,,292001.0,0.684374988079071,0.5841804146766663,0.6625000238418579,0.6122846007347107,1202,2004452504,3,4
293001,1920,4395015,562561920,23520,0.6625000238418579,128,293000,1.2120928764343262,1920,17,4,500000,1000,,293001.0,0.684374988079071,0.5841811299324036,0.6625000238418579,0.6124115586280823,1206,2004452504,3,4
294001,1920,4410015,564481920,23520,0.6625000238418579,128,294000,1.2158048152923584,1920,17,4,500000,1000,,294001.0,0.684374988079071,0.5841799378395081,0.6625000238418579,0.6125815510749817,1209,2004452504,3,4
295001,1920,4425015,566401920,23520,0.6625000238418579,128,295000,1.2195420265197754,1920,17,4,500000,1000,,295001.0,0.684374988079071,0.58417809009552,0.6625000238418579,0.6124048829078674,1213,2004452504,3,4
296001,1920,4440015,568321920,23520,0.6625000238418579,128,296000,1.2232420444488525,1920,17,4,500000,1000,,296001.0,0.6848958134651184,0.5841792821884155,0.6625000238418579,0.6124562621116638,1217,2004452504,3,4
297001,1920,4455015,570241920,23520,0.6625000238418579,128,297000,1.2269871234893799,1920,17,4,500000,1000,,297001.0,0.6838541626930237,0.5841778516769409,0.6604166626930237,0.6123828291893005,1221,2004452504,3,4
298001,1920,4470015,572161920,23520,0.6604166626930237,128,298000,1.231006145477295,1920,17,4,500000,1000,,298001.0,0.684374988079071,0.58417147397995,0.6625000238418579,0.6123647689819336,1225,2004452504,3,4
299001,1920,4485015,574081920,23520,0.6625000238418579,128,299000,1.2347180843353271,1920,17,4,500000,1000,,299001.0,0.684374988079071,0.584174394607544,0.6625000238418579,0.6122688055038452,1229,2004452504,3,4
300001,1920,4500015,576001920,23520,0.6625000238418579,128,300000,1.2386980056762695,1920,17,4,500000,1000,,300001.0,0.684374988079071,0.5841741561889648,0.6625000238418579,0.6121966242790222,1232,2004452504,3,4
301001,1920,4515015,577921920,23520,0.6625000238418579,128,301000,1.2424969673156738,1920,17,4,500000,1000,,301001.0,0.684374988079071,0.5841730833053589,0.6625000238418579,0.6122742891311646,1236,2004452504,3,4
302001,1920,4530015,579841920,23520,0.6625000238418579,128,302000,1.2462146282196045,1920,17,4,500000,1000,,302001.0,0.6838541626930237,0.5841728448867798,0.6583333611488342,0.6126177310943604,1240,2004452504,3,4
303001,1920,4545015,581761920,23520,0.6583333611488342,128,303000,1.2499825954437256,1920,17,4,500000,1000,,303001.0,0.6833333373069763,0.5841686129570007,0.6604166626930237,0.6123460531234741,1244,2004452504,3,4
304001,1920,4560015,583681920,23520,0.6604166626930237,128,304000,1.2537474632263184,1920,17,4,500000,1000,,304001.0,0.6838541626930237,0.5841659307479858,0.6625000238418579,0.6122600436210632,1248,2004452504,3,4
305001,1920,4575015,585601920,23520,0.6625000238418579,128,305000,1.2574725151062012,1920,17,4,500000,1000,,305001.0,0.684374988079071,0.5841663479804993,0.6625000238418579,0.6124595403671265,1252,2004452504,3,4
306001,1920,4590015,587521920,23520,0.6625000238418579,128,306000,1.2613654136657715,1920,17,4,500000,1000,,306001.0,0.684374988079071,0.5841672420501709,0.6625000238418579,0.612476646900177,1256,2004452504,3,4
307001,1920,4605015,589441920,23520,0.6625000238418579,128,307000,1.2658162117004395,1920,17,4,500000,1000,,307001.0,0.684374988079071,0.5841662287712097,0.6625000238418579,0.6123313307762146,1259,2004452504,3,4
308001,1920,4620015,591361920,23520,0.6625000238418579,128,308000,1.2695691585540771,1920,17,4,500000,1000,,308001.0,0.684374988079071,0.5841648578643799,0.6625000238418579,0.6124929189682007,1264,2004452504,3,4
309001,1920,4635015,593281920,23520,0.6625000238418579,128,309000,1.27396821975708,1920,17,4,500000,1000,,309001.0,0.6838541626930237,0.5841643214225769,0.6625000238418579,0.6124480366706848,1268,2004452504,3,4
310001,1920,4650015,595201920,23520,0.6625000238418579,128,310000,1.2779090404510498,1920,17,4,500000,1000,,310001.0,0.684374988079071,0.584161639213562,0.6625000238418579,0.6124750971794128,1272,2004452504,3,4
311001,1920,4665015,597121920,23520,0.6625000238418579,128,311000,1.2816500663757324,1920,17,4,500000,1000,,311001.0,0.684374988079071,0.584163248538971,0.6625000238418579,0.612418532371521,1276,2004452504,3,4
312001,1920,4680015,599041920,23520,0.6625000238418579,128,312000,1.2855989933013916,1920,17,4,500000,1000,,312001.0,0.6848958134651184,0.5841605067253113,0.6625000238418579,0.6123892068862915,1280,2004452504,3,4
313001,1920,4695015,600961920,23520,0.6625000238418579,128,313000,1.289503812789917,1920,17,4,500000,1000,,313001.0,0.684374988079071,0.5841594934463501,0.6625000238418579,0.6125091314315796,1284,2004452504,3,4
314001,1920,4710015,602881920,23520,0.6625000238418579,128,314000,1.2933077812194824,1920,17,4,500000,1000,,314001.0,0.684374988079071,0.5841610431671143,0.6625000238418579,0.6125457882881165,1288,2004452504,3,4
315001,1920,4725015,604801920,23520,0.6625000238418579,128,315000,1.2970666885375977,1920,17,4,500000,1000,,315001.0,0.6848958134651184,0.5841564536094666,0.6625000238418579,0.6123047471046448,1292,2004452504,3,4
316001,1920,4740015,606721920,23520,0.6625000238418579,128,316000,1.300917625427246,1920,17,4,500000,1000,,316001.0,0.684374988079071,0.5841573476791382,0.6625000238418579,0.6121872663497925,1296,2004452504,3,4
317001,1920,4755015,608641920,23520,0.6625000238418579,128,317000,1.3047006130218506,1920,17,4,500000,1000,,317001.0,0.684374988079071,0.5841542482376099,0.6625000238418579,0.6124680042266846,1300,2004452504,3,4
318001,1920,4770015,610561920,23520,0.6625000238418579,128,318000,1.3090415000915527,1920,17,4,500000,1000,,318001.0,0.684374988079071,0.5841529965400696,0.6604166626930237,0.6127594113349915,1304,2004452504,3,4
319001,1920,4785015,612481920,23520,0.6604166626930237,128,319000,1.3129334449768066,1920,17,4,500000,1000,,319001.0,0.6848958134651184,0.5841541886329651,0.6604166626930237,0.6124787926673889,1308,2004452504,3,4
320001,1920,4800015,614401920,23520,0.6604166626930237,128,320000,1.3173394203186035,1920,17,4,500000,1000,,320001.0,0.6838541626930237,0.5841502547264099,0.6625000238418579,0.6125621795654297,1312,2004452504,3,4
321001,1920,4815015,616321920,23520,0.6625000238418579,128,321000,1.3217785358428955,1920,17,4,500000,1000,,321001.0,0.684374988079071,0.5841537117958069,0.6625000238418579,0.6125490665435791,1316,2004452504,3,4
322001,1920,4830015,618241920,23520,0.6625000238418579,128,322000,1.3256423473358154,1920,17,4,500000,1000,,322001.0,0.684374988079071,0.5841482281684875,0.6625000238418579,0.612419843673706,1320,2004452504,3,4
323001,1920,4845015,620161920,23520,0.6625000238418579,128,323000,1.3303844928741455,1920,17,4,500000,1000,,323001.0,0.684374988079071,0.5841443538665771,0.6625000238418579,0.6124373078346252,1324,2004452504,3,4
324001,1920,4860015,622081920,23520,0.6625000238418579,128,324000,1.3342514038085938,1920,17,4,500000,1000,,324001.0,0.6838541626930237,0.5841462016105652,0.6625000238418579,0.6123350262641907,1328,2004452504,3,4
325001,1920,4875015,624001920,23520,0.6625000238418579,128,325000,1.3382673263549805,1920,17,4,500000,1000,,325001.0,0.6848958134651184,0.5841467976570129,0.6625000238418579,0.6123048067092896,1332,2004452504,3,4
326001,1920,4890015,625921920,23520,0.6625000238418579,128,326000,1.3420541286468506,1920,17,4,500000,1000,,326001.0,0.684374988079071,0.5841459035873413,0.6625000238418579,0.6124305725097656,1336,2004452504,3,4
327001,1920,4905015,627841920,23520,0.6625000238418579,128,327000,1.3458411693572998,1920,17,4,500000,1000,,327001.0,0.6848958134651184,0.5841434597969055,0.6625000238418579,0.6125603914260864,1340,2004452504,3,4
328001,1920,4920015,629761920,23520,0.6625000238418579,128,328000,1.3499572277069092,1920,17,4,500000,1000,,328001.0,0.684374988079071,0.5841449499130249,0.6625000238418579,0.6129018068313599,1344,2004452504,3,4
329001,1920,4935015,631681920,23520,0.6625000238418579,128,329000,1.353727102279663,1920,17,4,500000,1000,,329001.0,0.6848958134651184,0.5841420292854309,0.6625000238418579,0.6126014590263367,1348,2004452504,3,4
330001,1920,4950015,633601920,23520,0.6625000238418579,128,330000,1.357485294342041,1920,17,4,500000,1000,,330001.0,0.684374988079071,0.5841403603553772,0.6625000238418579,0.6125847101211548,1352,2004452504,3,4
331001,1920,4965015,635521920,23520,0.6625000238418579,128,331000,1.3613834381103516,1920,17,4,500000,1000,,331001.0,0.684374988079071,0.5841392278671265,0.6625000238418579,0.6126347184181213,1356,2004452504,3,4
332001,1920,4980015,637441920,23520,0.6625000238418579,128,332000,1.3655104637145996,1920,17,4,500000,1000,,332001.0,0.684374988079071,0.5841379761695862,0.6625000238418579,0.6125670671463013,1359,2004452504,3,4
333001,1920,4995015,639361920,23520,0.6625000238418579,128,333000,1.3693525791168213,1920,17,4,500000,1000,,333001.0,0.684374988079071,0.5841368436813354,0.6625000238418579,0.6123849153518677,1363,2004452504,3,4
334001,1920,5010015,641281920,23520,0.6625000238418579,128,334000,1.3731484413146973,1920,17,4,500000,1000,,334001.0,0.684374988079071,0.5841354727745056,0.6625000238418579,0.6125564575195312,1367,2004452504,3,4
335001,1920,5025015,643201920,23520,0.6625000238418579,128,335000,1.3769605159759521,1920,17,4,500000,1000,,335001.0,0.6838541626930237,0.5841348767280579,0.6604166626930237,0.6125437617301941,1371,2004452504,3,4
336001,1920,5040015,645121920,23520,0.6604166626930237,128,336000,1.3806746006011963,1920,17,4,500000,1000,,336001.0,0.684374988079071,0.5841314792633057,0.6625000238418579,0.6124848127365112,1375,2004452504,3,4
337001,1920,5055015,647041920,23520,0.6625000238418579,128,337000,1.3843944072723389,1920,17,4,500000,1000,,337001.0,0.684374988079071,0.5841332674026489,0.6625000238418579,0.6126015186309814,1379,2004452504,3,4
338001,1920,5070015,648961920,23520,0.6625000238418579,128,338000,1.3881845474243164,1920,17,4,500000,1000,,338001.0,0.684374988079071,0.5841302275657654,0.6625000238418579,0.6123054623603821,1383,2004452504,3,4
339001,1920,5085015,650881920,23520,0.6625000238418579,128,339000,1.3919813632965088,1920,17,4,500000,1000,,339001.0,0.684374988079071,0.584131121635437,0.6625000238418579,0.6123066544532776,1386,2004452504,3,4
340001,1920,5100015,652801920,23520,0.6625000238418579,128,340000,1.39577317237854,1920,17,4,500000,1000,,340001.0,0.6833333373069763,0.5841295123100281,0.6604166626930237,0.6124365925788879,1390,2004452504,3,4
341001,1920,5115015,654721920,23520,0.6604166626930237,128,341000,1.3995473384857178,1920,17,4,500000,1000,,341001.0,0.684374988079071,0.5841286778450012,0.6625000238418579,0.6124337911605835,1394,2004452504,3,4
342001,1920,5130015,656641920,23520,0.6625000238418579,128,342000,1.403416395187378,1920,17,4,500000,1000,,342001.0,0.684374988079071,0.5841302871704102,0.6625000238418579,0.6121771931648254,1398,2004452504,3,4
343001,1920,5145015,658561920,23520,0.6625000238418579,128,343000,1.407163381576538,1920,17,4,500000,1000,,343001.0,0.684374988079071,0.5841313600540161,0.6625000238418579,0.6123072504997253,1402,2004452504,3,4
344001,1920,5160015,660481920,23520,0.6625000238418579,128,344000,1.4109222888946533,1920,17,4,500000,1000,,344001.0,0.684374988079071,0.5841280221939087,0.6625000238418579,0.6124782562255859,1406,2004452504,3,4
345001,1920,5175015,662401920,23520,0.6625000238418579,128,345000,1.4147040843963623,1920,17,4,500000,1000,,345001.0,0.684374988079071,0.5841285586357117,0.6625000238418579,0.6123353242874146,1409,2004452504,3,4
346001,1920,5190015,664321920,23520,0.6625000238418579,128,346000,1.4185380935668945,1920,17,4,500000,1000,,346001.0,0.684374988079071,0.5841270685195923,0.6625000238418579,0.6121883392333984,1413,2004452504,3,4
347001,1920,5205015,666241920,23520,0.6625000238418579,128,347000,1.4226009845733643,1920,17,4,500000,1000,,347001.0,0.6838541626930237,0.5841243863105774,0.6625000238418579,0.6122971773147583,1417,2004452504,3,4
348001,1920,5220015,668161920,23520,0.6625000238418579,128,348000,1.4263687133789062,1920,17,4,500000,1000,,348001.0,0.6833333373069763,0.5841280221939087,0.6604166626930237,0.6124428510665894,1421,2004452504,3,4
349001,1920,5235015,670081920,23520,0.6604166626930237,128,349000,1.4304547309875488,1920,17,4,500000,1000,,349001.0,0.6838541626930237,0.5841256976127625,0.6625000238418579,0.6123217344284058,1425,2004452504,3,4
350001,1920,5250015,672001920,23520,0.6625000238418579,128,350000,1.4342234134674072,1920,17,4,500000,1000,,350001.0,0.684374988079071,0.5841240286827087,0.6625000238418579,0.6125461459159851,1429,2004452504,3,4
351001,1920,5265015,673921920,23520,0.6625000238418579,128,351000,1.4380905628204346,1920,17,4,500000,1000,,351001.0,0.6838541626930237,0.5841253995895386,0.6604166626930237,0.6124703884124756,1433,2004452504,3,4
352001,1920,5280015,675841920,23520,0.6604166626930237,128,352000,1.442258596420288,1920,17,4,500000,1000,,352001.0,0.684374988079071,0.5841227173805237,0.6625000238418579,0.6125748753547668,1436,2004452504,3,4
353001,1920,5295015,677761920,23520,0.6625000238418579,128,353000,1.4460346698760986,1920,17,4,500000,1000,,353001.0,0.684374988079071,0.584121584892273,0.6625000238418579,0.612395703792572,1440,2004452504,3,4
354001,1920,5310015,679681920,23520,0.6625000238418579,128,354000,1.4498655796051025,1920,17,4,500000,1000,,354001.0,0.684374988079071,0.584120512008667,0.6625000238418579,0.6122537851333618,1444,2004452504,3,4
355001,1920,5325015,681601920,23520,0.6625000238418579,128,355000,1.4535913467407227,1920,17,4,500000,1000,,355001.0,0.684374988079071,0.5841187238693237,0.6604166626930237,0.6124952435493469,1448,2004452504,3,4
356001,1920,5340015,683521920,23520,0.6604166626930237,128,356000,1.457343339920044,1920,17,4,500000,1000,,356001.0,0.684374988079071,0.5841177105903625,0.6604166626930237,0.6125255227088928,1452,2004452504,3,4
357001,1920,5355015,685441920,23520,0.6604166626930237,128,357000,1.4613354206085205,1920,17,4,500000,1000,,357001.0,0.6838541626930237,0.5841190814971924,0.6604166626930237,0.6123270392417908,1456,2004452504,3,4
358001,1920,5370015,687361920,23520,0.6604166626930237,128,358000,1.4651212692260742,1920,17,4,500000,1000,,358001.0,0.6838541626930237,0.5841188430786133,0.6625000238418579,0.6123839020729065,1459,2004452504,3,4
359001,1920,5385015,689281920,23520,0.6625000238418579,128,359000,1.469231367111206,1920,17,4,500000,1000,,359001.0,0.684374988079071,0.5841156244277954,0.6625000238418579,0.6126024723052979,1463,2004452504,3,4
360001,1920,5400015,691201920,23520,0.6625000238418579,128,360000,1.473053216934204,1920,17,4,500000,1000,,360001.0,0.6848958134651184,0.5841158032417297,0.6604166626930237,0.612384021282196,1467,2004452504,3,4
361001,1920,5415015,693121920,23520,0.6604166626930237,128,361000,1.4769043922424316,1920,17,4,500000,1000,,361001.0,0.684374988079071,0.5841176509857178,0.6625000238418579,0.6124789118766785,1471,2004452504,3,4
362001,1920,5430015,695041920,23520,0.6625000238418579,128,362000,1.4806244373321533,1920,17,4,500000,1000,,362001.0,0.6838541626930237,0.5841166377067566,0.6604166626930237,0.6124571561813354,1475,2004452504,3,4
363001,1920,5445015,696961920,23520,0.6604166626930237,128,363000,1.4843723773956299,1920,17,4,500000,1000,,363001.0,0.684374988079071,0.5841115713119507,0.6604166626930237,0.6125727891921997,1479,2004452504,3,4
364001,1920,5460015,698881920,23520,0.6604166626930237,128,364000,1.4881813526153564,1920,17,4,500000,1000,,364001.0,0.6838541626930237,0.5841081142425537,0.6625000238418579,0.6124250292778015,1483,2004452504,3,4
365001,1920,5475015,700801920,23520,0.6625000238418579,128,365000,1.492119550704956,1920,17,4,500000,1000,,365001.0,0.6838541626930237,0.5841081142425537,0.6625000238418579,0.6124820113182068,1487,2004452504,3,4
366001,1920,5490015,702721920,23520,0.6625000238418579,128,366000,1.495823621749878,1920,17,4,500000,1000,,366001.0,0.6838541626930237,0.5841068625450134,0.6625000238418579,0.6123553514480591,1490,2004452504,3,4
367001,1920,5505015,704641920,23520,0.6625000238418579,128,367000,1.499762773513794,1920,17,4,500000,1000,,367001.0,0.684374988079071,0.5841100811958313,0.6625000238418579,0.6123962998390198,1494,2004452504,3,4
368001,1920,5520015,706561920,23520,0.6625000238418579,128,368000,1.5035247802734375,1920,17,4,500000,1000,,368001.0,0.684374988079071,0.5841098427772522,0.6625000238418579,0.6124308705329895,1498,2004452504,3,4
369001,1920,5535015,708481920,23520,0.6625000238418579,128,369000,1.507521629333496,1920,17,4,500000,1000,,369001.0,0.6838541626930237,0.5841074585914612,0.6625000238418579,0.612514853477478,1502,2004452504,3,4
370001,1920,5550015,710401920,23520,0.6625000238418579,128,370000,1.5114634037017822,1920,17,4,500000,1000,,370001.0,0.684374988079071,0.5841063261032104,0.6625000238418579,0.6123493313789368,1506,2004452504,3,4
371001,1920,5565015,712321920,23520,0.6625000238418579,128,371000,1.5152533054351807,1920,17,4,500000,1000,,371001.0,0.684374988079071,0.5841034650802612,0.6625000238418579,0.6123605966567993,1510,2004452504,3,4
372001,1920,5580015,714241920,23520,0.6625000238418579,128,372000,1.5194272994995117,1920,17,4,500000,1000,,372001.0,0.684374988079071,0.5841060876846313,0.6625000238418579,0.6123077273368835,1514,2004452504,3,4
373001,1920,5595015,716161920,23520,0.6625000238418579,128,373000,1.5233674049377441,1920,17,4,500000,1000,,373001.0,0.6833333373069763,0.5841044187545776,0.6625000238418579,0.6125237941741943,1518,2004452504,3,4
374001,1920,5610015,718081920,23520,0.6625000238418579,128,374000,1.5271153450012207,1920,17,4,500000,1000,,374001.0,0.6838541626930237,0.5841038227081299,0.6625000238418579,0.6122991442680359,1522,2004452504,3,4
375001,1920,5625015,720001920,23520,0.6625000238418579,128,375000,1.5309691429138184,1920,17,4,500000,1000,,375001.0,0.684374988079071,0.5841036438941956,0.6625000238418579,0.6123679280281067,1526,2004452504,3,4
376001,1920,5640015,721921920,23520,0.6625000238418579,128,376000,1.5346810817718506,1920,17,4,500000,1000,,376001.0,0.6838541626930237,0.5840985774993896,0.6625000238418579,0.6123504638671875,1529,2004452504,3,4
377001,1920,5655015,723841920,23520,0.6625000238418579,128,377000,1.5384697914123535,1920,17,4,500000,1000,,377001.0,0.6838541626930237,0.5840989947319031,0.6625000238418579,0.6122580170631409,1533,2004452504,3,4
378001,1920,5670015,725761920,23520,0.6625000238418579,128,378000,1.54246187210083,1920,17,4,500000,1000,,378001.0,0.684374988079071,0.5840998888015747,0.6625000238418579,0.6122493743896484,1537,2004452504,3,4
379001,1920,5685015,727681920,23520,0.6625000238418579,128,379000,1.546231746673584,1920,17,4,500000,1000,,379001.0,0.6838541626930237,0.5840981602668762,0.6625000238418579,0.6123207807540894,1541,2004452504,3,4
380001,1920,5700015,729601920,23520,0.6625000238418579,128,380000,1.5501117706298828,1920,17,4,500000,1000,,380001.0,0.6838541626930237,0.5840978622436523,0.6625000238418579,0.6123367547988892,1545,2004452504,3,4
381001,1920,5715015,731521920,23520,0.6625000238418579,128,381000,1.5538716316223145,1920,17,4,500000,1000,,381001.0,0.684374988079071,0.5840952396392822,0.6625000238418579,0.6121544241905212,1549,2004452504,3,4
382001,1920,5730015,733441920,23520,0.6625000238418579,128,382000,1.5576364994049072,1920,17,4,500000,1000,,382001.0,0.684374988079071,0.5840952396392822,0.6625000238418579,0.6124411225318909,1553,2004452504,3,4
383001,1920,5745015,735361920,23520,0.6625000238418579,128,383000,1.561385154724121,1920,17,4,500000,1000,,383001.0,0.684374988079071,0.5840955376625061,0.6625000238418579,0.6123347878456116,1557,2004452504,3,4
384001,1920,5760015,737281920,23520,0.6625000238418579,128,384000,1.56516432762146,1920,17,4,500000,1000,,384001.0,0.6838541626930237,0.5840955376625061,0.6625000238418579,0.6123996376991272,1561,2004452504,3,4
385001,1920,5775015,739201920,23520,0.6625000238418579,128,385000,1.5691564083099365,1920,17,4,500000,1000,,385001.0,0.684374988079071,0.5840952396392822,0.6625000238418579,0.6124918460845947,1564,2004452504,3,4
386001,1920,5790015,741121920,23520,0.6625000238418579,128,386000,1.5729172229766846,1920,17,4,500000,1000,,386001.0,0.6838541626930237,0.5840952396392822,0.6625000238418579,0.6125839352607727,1568,2004452504,3,4
387001,1920,5805015,743041920,23520,0.6625000238418579,128,387000,1.576667070388794,1920,17,4,500000,1000,,387001.0,0.684374988079071,0.5840919613838196,0.6625000238418579,0.6125804781913757,1572,2004452504,3,4
388001,1920,5820015,744961920,23520,0.6625000238418579,128,388000,1.580415964126587,1920,17,4,500000,1000,,388001.0,0.6838541626930237,0.5840933322906494,0.6604166626930237,0.6125819683074951,1576,2004452504,3,4
389001,1920,5835015,746881920,23520,0.6604166626930237,128,389000,1.584143877029419,1920,17,4,500000,1000,,389001.0,0.6838541626930237,0.5840915441513062,0.6625000238418579,0.6125811338424683,1580,2004452504,3,4
390001,1920,5850015,748801920,23520,0.6625000238418579,128,390000,1.5880389213562012,1920,17,4,500000,1000,,390001.0,0.6833333373069763,0.5840924382209778,0.6625000238418579,0.6125755310058594,1584,2004452504,3,4
391001,1920,5865015,750721920,23520,0.6625000238418579,128,391000,1.5917589664459229,1920,17,4,500000,1000,,391001.0,0.6838541626930237,0.5840891003608704,0.6625000238418579,0.612407386302948,1587,2004452504,3,4
392001,1920,5880015,752641920,23520,0.6625000238418579,128,392000,1.595531940460205,1920,17,4,500000,1000,,392001.0,0.6838541626930237,0.5840899348258972,0.6625000238418579,0.6125282645225525,1591,2004452504,3,4
393001,1920,5895015,754561920,23520,0.6625000238418579,128,393000,1.6002578735351562,1920,17,4,500000,1000,,393001.0,0.6848958134651184,0.5840904116630554,0.6625000238418579,0.6123274564743042,1595,2004452504,3,4
394001,1920,5910015,756481920,23520,0.6625000238418579,128,394000,1.6039750576019287,1920,17,4,500000,1000,,394001.0,0.684374988079071,0.5840890407562256,0.6625000238418579,0.6123902201652527,1599,2004452504,3,4
395001,1920,5925015,758401920,23520,0.6625000238418579,128,395000,1.60784912109375,1920,17,4,500000,1000,,395001.0,0.684374988079071,0.5840874314308167,0.6625000238418579,0.612409770488739,1603,2004452504,3,4
396001,1920,5940015,760321920,23520,0.6625000238418579,128,396000,1.6117682456970215,1920,17,4,500000,1000,,396001.0,0.684374988079071,0.5840871334075928,0.6625000238418579,0.612138032913208,1607,2004452504,3,4
397001,1920,5955015,762241920,23520,0.6625000238418579,128,397000,1.6155002117156982,1920,17,4,500000,1000,,397001.0,0.6838541626930237,0.5840834975242615,0.6625000238418579,0.6124022603034973,1611,2004452504,3,4
398001,1920,5970015,764161920,23520,0.6625000238418579,128,398000,1.6192491054534912,1920,17,4,500000,1000,,398001.0,0.6833333373069763,0.5840847492218018,0.6604166626930237,0.612610936164856,1615,2004452504,3,4
399001,1920,5985015,766081920,23520,0.6604166626930237,128,399000,1.6229891777038574,1920,17,4,500000,1000,,399001.0,0.6833333373069763,0.5840845704078674,0.6625000238418579,0.6127709150314331,1619,2004452504,3,4
400001,1920,6000015,768001920,23520,0.6625000238418579,128,400000,1.6267681121826172,1920,17,4,500000,1000,,400001.0,0.6838541626930237,0.5840822458267212,0.6625000238418579,0.6125307083129883,1623,2004452504,3,4
401001,1920,6015015,769921920,23520,0.6625000238418579,128,401000,1.6305294036865234,1920,17,4,500000,1000,,401001.0,0.6838541626930237,0.5840821862220764,0.6625000238418579,0.6123557686805725,1626,2004452504,3,4
402001,1920,6030015,771841920,23520,0.6625000238418579,128,402000,1.6342785358428955,1920,17,4,500000,1000,,402001.0,0.6838541626930237,0.5840804576873779,0.6625000238418579,0.6122614741325378,1630,2004452504,3,4
403001,1920,6045015,773761920,23520,0.6625000238418579,128,403000,1.6380226612091064,1920,17,4,500000,1000,,403001.0,0.6838541626930237,0.5840794444084167,0.6625000238418579,0.6123552918434143,1634,2004452504,3,4
404001,1920,6060015,775681920,23520,0.6625000238418579,128,404000,1.6417555809020996,1920,17,4,500000,1000,,404001.0,0.6838541626930237,0.5840804576873779,0.6625000238418579,0.6125373840332031,1638,2004452504,3,4
405001,1920,6075015,777601920,23520,0.6625000238418579,128,405000,1.645517349243164,1920,17,4,500000,1000,,405001.0,0.684374988079071,0.584081768989563,0.6625000238418579,0.6123830080032349,1642,2004452504,3,4
406001,1920,6090015,779521920,23520,0.6625000238418579,128,406000,1.6492834091186523,1920,17,4,500000,1000,,406001.0,0.684374988079071,0.5840810537338257,0.6625000238418579,0.6121655106544495,1646,2004452504,3,4
407001,1920,6105015,781441920,23520,0.6625000238418579,128,407000,1.653029203414917,1920,17,4,500000,1000,,407001.0,0.6838541626930237,0.5840780735015869,0.6625000238418579,0.6123533844947815,1649,2004452504,3,4
408001,1920,6120015,783361920,23520,0.6625000238418579,128,408000,1.657029151916504,1920,17,4,500000,1000,,408001.0,0.684374988079071,0.5840772986412048,0.6625000238418579,0.6123306155204773,1653,2004452504,3,4
409001,1920,6135015,785281920,23520,0.6625000238418579,128,409000,1.6607601642608643,1920,17,4,500000,1000,,409001.0,0.684374988079071,0.5840778350830078,0.6625000238418579,0.6122992634773254,1657,2004452504,3,4
410001,1920,6150015,787201920,23520,0.6625000238418579,128,410000,1.6644933223724365,1920,17,4,500000,1000,,410001.0,0.684374988079071,0.5840791463851929,0.6625000238418579,0.612496554851532,1661,2004452504,3,4
411001,1920,6165015,789121920,23520,0.6625000238418579,128,411000,1.6687521934509277,1920,17,4,500000,1000,,411001.0,0.6838541626930237,0.584080159664154,0.6625000238418579,0.6123889088630676,1665,2004452504,3,4
412001,1920,6180015,791041920,23520,0.6625000238418579,128,412000,1.6725921630859375,1920,17,4,500000,1000,,412001.0,0.6838541626930237,0.5840774774551392,0.6625000238418579,0.6124899387359619,1669,2004452504,3,4
413001,1920,6195015,792961920,23520,0.6625000238418579,128,413000,1.6766562461853027,1920,17,4,500000,1000,,413001.0,0.6833333373069763,0.5840755701065063,0.6625000238418579,0.6125391721725464,1673,2004452504,3,4
414001,1920,6210015,794881920,23520,0.6625000238418579,128,414000,1.6803960800170898,1920,17,4,500000,1000,,414001.0,0.6838541626930237,0.5840743780136108,0.6625000238418579,0.6122957468032837,1677,2004452504,3,4
415001,1920,6225015,796801920,23520,0.6625000238418579,128,415000,1.6841990947723389,1920,17,4,500000,1000,,415001.0,0.6838541626930237,0.5840736627578735,0.6625000238418579,0.6122869849205017,1681,2004452504,3,4
416001,1920,6240015,798721920,23520,0.6625000238418579,128,416000,1.6879332065582275,1920,17,4,500000,1000,,416001.0,0.6838541626930237,0.5840724110603333,0.6625000238418579,0.6125617623329163,1684,2004452504,3,4
417001,1920,6255015,800641920,23520,0.6625000238418579,128,417000,1.6918060779571533,1920,17,4,500000,1000,,417001.0,0.6838541626930237,0.5840707421302795,0.6625000238418579,0.6124183535575867,1688,2004452504,3,4
418001,1920,6270015,802561920,23520,0.6625000238418579,128,418000,1.6955480575561523,1920,17,4,500000,1000,,418001.0,0.6838541626930237,0.5840696096420288,0.6625000238418579,0.6124882102012634,1692,2004452504,3,4
419001,1920,6285015,804481920,23520,0.6625000238418579,128,419000,1.6993200778961182,1920,17,4,500000,1000,,419001.0,0.6838541626930237,0.5840699076652527,0.6625000238418579,0.6126359701156616,1696,2004452504,3,4
420001,1920,6300015,806401920,23520,0.6625000238418579,128,420000,1.703056812286377,1920,17,4,500000,1000,,420001.0,0.684374988079071,0.5840717554092407,0.6625000238418579,0.6126786470413208,1700,2004452504,3,4
421001,1920,6315015,808321920,23520,0.6625000238418579,128,421000,1.7069456577301025,1920,17,4,500000,1000,,421001.0,0.6833333373069763,0.5840750932693481,0.6604166626930237,0.612524151802063,1704,2004452504,3,4
422001,1920,6330015,810241920,23520,0.6604166626930237,128,422000,1.7107408046722412,1920,17,4,500000,1000,,422001.0,0.6833333373069763,0.584070086479187,0.6604166626930237,0.612643301486969,1708,2004452504,3,4
423001,1920,6345015,812161920,23520,0.6604166626930237,128,423000,1.714477777481079,1920,17,4,500000,1000,,423001.0,0.6838541626930237,0.5840712785720825,0.6625000238418579,0.6123327016830444,1711,2004452504,3,4
424001,1920,6360015,814081920,23520,0.6625000238418579,128,424000,1.7182281017303467,1920,17,4,500000,1000,,424001.0,0.684374988079071,0.5840685367584229,0.6625000238418579,0.6122961044311523,1715,2004452504,3,4
425001,1920,6375015,816001920,23520,0.6625000238418579,128,425000,1.7219951152801514,1920,17,4,500000,1000,,425001.0,0.6838541626930237,0.5840712785720825,0.6625000238418579,0.6124980449676514,1719,2004452504,3,4
426001,1920,6390015,817921920,23520,0.6625000238418579,128,426000,1.726231336593628,1920,17,4,500000,1000,,426001.0,0.6838541626930237,0.5840672850608826,0.6625000238418579,0.6124457120895386,1723,2004452504,3,4
427001,1920,6405015,819841920,23520,0.6625000238418579,128,427000,1.729985237121582,1920,17,4,500000,1000,,427001.0,0.6833333373069763,0.5840664505958557,0.6604166626930237,0.6127414107322693,1727,2004452504,3,4
428001,1920,6420015,821761920,23520,0.6604166626930237,128,428000,1.7337331771850586,1920,17,4,500000,1000,,428001.0,0.6838541626930237,0.5840650200843811,0.6625000238418579,0.6124042272567749,1731,2004452504,3,4
429001,1920,6435015,823681920,23520,0.6625000238418579,128,429000,1.7374942302703857,1920,17,4,500000,1000,,429001.0,0.6838541626930237,0.5840646028518677,0.6625000238418579,0.6125112771987915,1735,2004452504,3,4
430001,1920,6450015,825601920,23520,0.6625000238418579,128,430000,1.7413525581359863,1920,17,4,500000,1000,,430001.0,0.6833333373069763,0.5840643644332886,0.6625000238418579,0.6128485798835754,1738,2004452504,3,4
431001,1920,6465015,827521920,23520,0.6625000238418579,128,431000,1.7452614307403564,1920,17,4,500000,1000,,431001.0,0.684374988079071,0.5840628147125244,0.6625000238418579,0.6125365495681763,1742,2004452504,3,4
432001,1920,6480015,829441920,23520,0.6625000238418579,128,432000,1.7490613460540771,1920,17,4,500000,1000,,432001.0,0.6838541626930237,0.5840633511543274,0.6625000238418579,0.6127751469612122,1746,2004452504,3,4
433001,1920,6495015,831361920,23520,0.6625000238418579,128,433000,1.7528181076049805,1920,17,4,500000,1000,,433001.0,0.684374988079071,0.5840600728988647,0.6625000238418579,0.612786591053009,1750,2004452504,3,4
434001,1920,6510015,833281920,23520,0.6625000238418579,128,434000,1.7565579414367676,1920,17,4,500000,1000,,434001.0,0.6838541626930237,0.5840626955032349,0.6625000238418579,0.6127512454986572,1754,2004452504,3,4
435001,1920,6525015,835201920,23520,0.6625000238418579,128,435000,1.7604918479919434,1920,17,4,500000,1000,,435001.0,0.6838541626930237,0.5840614438056946,0.6604166626930237,0.6125127077102661,1758,2004452504,3,4
436001,1920,6540015,837121920,23520,0.6604166626930237,128,436000,1.7642228603363037,1920,17,4,500000,1000,,436001.0,0.6833333373069763,0.5840610265731812,0.6604166626930237,0.6125270128250122,1762,2004452504,3,4
437001,1920,6555015,839041920,23520,0.6604166626930237,128,437000,1.7680928707122803,1920,17,4,500000,1000,,437001.0,0.6838541626930237,0.5840615630149841,0.6604166626930237,0.6122838854789734,1766,2004452504,3,4
438001,1920,6570015,840961920,23520,0.6604166626930237,128,438000,1.7718067169189453,1920,17,4,500000,1000,,438001.0,0.6833333373069763,0.5840587615966797,0.6604166626930237,0.6124903559684753,1769,2004452504,3,4
439001,1920,6585015,842881920,23520,0.6604166626930237,128,439000,1.7756145000457764,1920,17,4,500000,1000,,439001.0,0.6833333373069763,0.5840604305267334,0.6604166626930237,0.6124303936958313,1773,2004452504,3,4
440001,1920,6600015,844801920,23520,0.6604166626930237,128,440000,1.779376745223999,1920,17,4,500000,1000,,440001.0,0.6838541626930237,0.5840590000152588,0.6625000238418579,0.6126020550727844,1777,2004452504,3,4
441001,1920,6615015,846721920,23520,0.6625000238418579,128,441000,1.7831556797027588,1920,17,4,500000,1000,,441001.0,0.6833333373069763,0.5840603113174438,0.6604166626930237,0.612558126449585,1781,2004452504,3,4
442001,1920,6630015,848641920,23520,0.6604166626930237,128,442000,1.7870087623596191,1920,17,4,500000,1000,,442001.0,0.6833333373069763,0.5840557217597961,0.6604166626930237,0.612479031085968,1785,2004452504,3,4
443001,1920,6645015,850561920,23520,0.6604166626930237,128,443000,1.7913408279418945,1920,17,4,500000,1000,,443001.0,0.6833333373069763,0.5840559601783752,0.6604166626930237,0.6125932335853577,1789,2004452504,3,4
444001,1920,6660015,852481920,23520,0.6604166626930237,128,444000,1.795257806777954,1920,17,4,500000,1000,,444001.0,0.6838541626930237,0.5840569138526917,0.6604166626930237,0.6124955415725708,1792,2004452504,3,4
445001,1920,6675015,854401920,23520,0.6604166626930237,128,445000,1.7990179061889648,1920,17,4,500000,1000,,445001.0,0.6833333373069763,0.5840542912483215,0.6604166626930237,0.6125046014785767,1796,2004452504,3,4
446001,1920,6690015,856321920,23520,0.6604166626930237,128,446000,1.8028440475463867,1920,17,4,500000,1000,,446001.0,0.6838541626930237,0.5840539932250977,0.6604166626930237,0.6125853061676025,1800,2004452504,3,4
447001,1920,6705015,858241920,23520,0.6604166626930237,128,447000,1.8065769672393799,1920,17,4,500000,1000,,447001.0,0.6833333373069763,0.5840531587600708,0.6604166626930237,0.6127671003341675,1804,2004452504,3,4
448001,1920,6720015,860161920,23520,0.6604166626930237,128,448000,1.810317039489746,1920,17,4,500000,1000,,448001.0,0.6833333373069763,0.5840514302253723,0.6604166626930237,0.6126264929771423,1808,2004452504,3,4
449001,1920,6735015,862081920,23520,0.6604166626930237,128,449000,1.8141770362854004,1920,17,4,500000,1000,,449001.0,0.6838541626930237,0.5840525031089783,0.6604166626930237,0.6125401854515076,1811,2004452504,3,4
450001,1920,6750015,864001920,23520,0.6604166626930237,128,450000,1.8179280757904053,1920,17,4,500000,1000,,450001.0,0.684374988079071,0.5840530395507812,0.6625000238418579,0.6122931838035583,1815,2004452504,3,4
451001,1920,6765015,865921920,23520,0.6625000238418579,128,451000,1.8216631412506104,1920,17,4,500000,1000,,451001.0,0.6838541626930237,0.5840523838996887,0.6625000238418579,0.612464964389801,1819,2004452504,3,4
452001,1920,6780015,867841920,23520,0.6625000238418579,128,452000,1.8253934383392334,1920,17,4,500000,1000,,452001.0,0.684374988079071,0.584050714969635,0.6625000238418579,0.6124473810195923,1823,2004452504,3,4
453001,1920,6795015,869761920,23520,0.6625000238418579,128,453000,1.829146385192871,1920,17,4,500000,1000,,453001.0,0.6838541626930237,0.5840499401092529,0.6625000238418579,0.6123568415641785,1827,2004452504,3,4
454001,1920,6810015,871681920,23520,0.6625000238418579,128,454000,1.8329102993011475,1920,17,4,500000,1000,,454001.0,0.6838541626930237,0.5840502381324768,0.6625000238418579,0.6123921871185303,1831,2004452504,3,4
455001,1920,6825015,873601920,23520,0.6625000238418579,128,455000,1.8366334438323975,1920,17,4,500000,1000,,455001.0,0.6838541626930237,0.5840515494346619,0.6625000238418579,0.6122137904167175,1835,2004452504,3,4
456001,1920,6840015,875521920,23520,0.6625000238418579,128,456000,1.840616226196289,1920,17,4,500000,1000,,456001.0,0.6848958134651184,0.5840513110160828,0.6625000238418579,0.6124850511550903,1839,2004452504,3,4
457001,1920,6855015,877441920,23520,0.6625000238418579,128,457000,1.8443739414215088,1920,17,4,500000,1000,,457001.0,0.684374988079071,0.5840505957603455,0.6625000238418579,0.6123324036598206,1842,2004452504,3,4
458001,1920,6870015,879361920,23520,0.6625000238418579,128,458000,1.8484690189361572,1920,17,4,500000,1000,,458001.0,0.684374988079071,0.584048867225647,0.6625000238418579,0.6123551726341248,1846,2004452504,3,4
459001,1920,6885015,881281920,23520,0.6625000238418579,128,459000,1.8522000312805176,1920,17,4,500000,1000,,459001.0,0.6833333373069763,0.5840476751327515,0.6604166626930237,0.6123427152633667,1850,2004452504,3,4
460001,1920,6900015,883201920,23520,0.6604166626930237,128,460000,1.856153964996338,1920,17,4,500000,1000,,460001.0,0.6833333373069763,0.5840463638305664,0.6604166626930237,0.6124440431594849,1854,2004452504,3,4
461001,1920,6915015,885121920,23520,0.6604166626930237,128,461000,1.859961986541748,1920,17,4,500000,1000,,461001.0,0.6838541626930237,0.584047257900238,0.6604166626930237,0.6125895977020264,1858,2004452504,3,4
462001,1920,6930015,887041920,23520,0.6604166626930237,128,462000,1.8638570308685303,1920,17,4,500000,1000,,462001.0,0.6838541626930237,0.5840475559234619,0.6625000238418579,0.612711489200592,1862,2004452504,3,4
463001,1920,6945015,888961920,23520,0.6625000238418579,128,463000,1.8675808906555176,1920,17,4,500000,1000,,463001.0,0.6838541626930237,0.5840449929237366,0.6625000238418579,0.6125906109809875,1866,2004452504,3,4
464001,1920,6960015,890881920,23520,0.6625000238418579,128,464000,1.871368646621704,1920,17,4,500000,1000,,464001.0,0.684374988079071,0.584043562412262,0.6625000238418579,0.6126927733421326,1870,2004452504,3,4
465001,1920,6975015,892801920,23520,0.6625000238418579,128,465000,1.8752896785736084,1920,17,4,500000,1000,,465001.0,0.6833333373069763,0.5840431451797485,0.6604166626930237,0.6122446656227112,1874,2004452504,3,4
466001,1920,6990015,894721920,23520,0.6604166626930237,128,466000,1.8790876865386963,1920,17,4,500000,1000,,466001.0,0.6838541626930237,0.5840423703193665,0.6604166626930237,0.6122919917106628,1878,2004452504,3,4
467001,1920,7005015,896641920,23520,0.6604166626930237,128,467000,1.8829429149627686,1920,17,4,500000,1000,,467001.0,0.6833333373069763,0.5840402841567993,0.6604166626930237,0.6125034093856812,1881,2004452504,3,4
468001,1920,7020015,898561920,23520,0.6604166626930237,128,468000,1.8866779804229736,1920,17,4,500000,1000,,468001.0,0.6838541626930237,0.5840398073196411,0.6625000238418579,0.612518846988678,1885,2004452504,3,4
469001,1920,7035015,900481920,23520,0.6625000238418579,128,469000,1.8905389308929443,1920,17,4,500000,1000,,469001.0,0.684374988079071,0.5840402841567993,0.6625000238418579,0.6124149560928345,1889,2004452504,3,4
470001,1920,7050015,902401920,23520,0.6625000238418579,128,470000,1.894317865371704,1920,17,4,500000,1000,,470001.0,0.684374988079071,0.5840416550636292,0.6625000238418579,0.6125959157943726,1893,2004452504,3,4
471001,1920,7065015,904321920,23520,0.6625000238418579,128,471000,1.898108959197998,1920,17,4,500000,1000,,471001.0,0.6838541626930237,0.5840395092964172,0.6625000238418579,0.6123712062835693,1897,2004452504,3,4
472001,1920,7080015,906241920,23520,0.6625000238418579,128,472000,1.901853084564209,1920,17,4,500000,1000,,472001.0,0.684374988079071,0.5840394496917725,0.6625000238418579,0.6124802827835083,1901,2004452504,3,4
473001,1920,7095015,908161920,23520,0.6625000238418579,128,473000,1.9055688381195068,1920,17,4,500000,1000,,473001.0,0.6838541626930237,0.584038496017456,0.6625000238418579,0.6126773357391357,1905,2004452504,3,4
474001,1920,7110015,910081920,23520,0.6625000238418579,128,474000,1.9112138748168945,1920,17,4,500000,1000,,474001.0,0.6838541626930237,0.5840403437614441,0.6625000238418579,0.6125124096870422,1909,2004452504,3,4
475001,1920,7125015,912001920,23520,0.6625000238418579,128,475000,1.9153029918670654,1920,17,4,500000,1000,,475001.0,0.6833333373069763,0.5840368866920471,0.6604166626930237,0.6128498315811157,1913,2004452504,3,4
476001,1920,7140015,913921920,23520,0.6604166626930237,128,476000,1.9190549850463867,1920,17,4,500000,1000,,476001.0,0.6838541626930237,0.5840365290641785,0.6625000238418579,0.6126786470413208,1916,2004452504,3,4
477001,1920,7155015,915841920,23520,0.6625000238418579,128,477000,1.9227781295776367,1920,17,4,500000,1000,,477001.0,0.6833333373069763,0.5840380787849426,0.6604166626930237,0.6129180788993835,1920,2004452504,3,4
478001,1920,7170015,917761920,23520,0.6604166626930237,128,478000,1.9267501831054688,1920,17,4,500000,1000,,478001.0,0.6838541626930237,0.5840374231338501,0.6625000238418579,0.6125589609146118,1924,2004452504,3,4
479001,1920,7185015,919681920,23520,0.6625000238418579,128,479000,1.930476188659668,1920,17,4,500000,1000,,479001.0,0.6838541626930237,0.5840346813201904,0.6625000238418579,0.612647294998169,1928,2004452504,3,4
480001,1920,7200015,921601920,23520,0.6625000238418579,128,480000,1.9342660903930664,1920,17,4,500000,1000,,480001.0,0.6838541626930237,0.5840337872505188,0.6625000238418579,0.6126065850257874,1932,2004452504,3,4
481001,1920,7215015,923521920,23520,0.6625000238418579,128,481000,1.9381611347198486,1920,17,4,500000,1000,,481001.0,0.6838541626930237,0.5840355753898621,0.6625000238418579,0.6126739382743835,1936,2004452504,3,4
482001,1920,7230015,925441920,23520,0.6625000238418579,128,482000,1.9419140815734863,1920,17,4,500000,1000,,482001.0,0.6838541626930237,0.5840350985527039,0.6625000238418579,0.6125842332839966,1940,2004452504,3,4
483001,1920,7245015,927361920,23520,0.6625000238418579,128,483000,1.9456510543823242,1920,17,4,500000,1000,,483001.0,0.6833333373069763,0.5840352177619934,0.6625000238418579,0.6124840974807739,1943,2004452504,3,4
484001,1920,7260015,929281920,23520,0.6625000238418579,128,484000,1.9494969844818115,1920,17,4,500000,1000,,484001.0,0.6838541626930237,0.5840350985527039,0.6625000238418579,0.6124078035354614,1947,2004452504,3,4
485001,1920,7275015,931201920,23520,0.6625000238418579,128,485000,1.9532511234283447,1920,17,4,500000,1000,,485001.0,0.684374988079071,0.5840350985527039,0.6625000238418579,0.6123810410499573,1951,2004452504,3,4
486001,1920,7290015,933121920,23520,0.6625000238418579,128,486000,1.957146167755127,1920,17,4,500000,1000,,486001.0,0.6838541626930237,0.5840295553207397,0.6625000238418579,0.6123968362808228,1955,2004452504,3,4
487001,1920,7305015,935041920,23520,0.6625000238418579,128,487000,1.960860252380371,1920,17,4,500000,1000,,487001.0,0.6833333373069763,0.5840318202972412,0.6625000238418579,0.612353503704071,1959,2004452504,3,4
488001,1920,7320015,936961920,23520,0.6625000238418579,128,488000,1.965059518814087,1920,17,4,500000,1000,,488001.0,0.6838541626930237,0.5840311050415039,0.6625000238418579,0.6125972270965576,1963,2004452504,3,4
489001,1920,7335015,938881920,23520,0.6625000238418579,128,489000,1.9688665866851807,1920,17,4,500000,1000,,489001.0,0.6838541626930237,0.5840321779251099,0.6625000238418579,0.6123704314231873,1967,2004452504,3,4
490001,1920,7350015,940801920,23520,0.6625000238418579,128,490000,1.972604513168335,1920,17,4,500000,1000,,490001.0,0.684374988079071,0.5840330123901367,0.6625000238418579,0.612167477607727,1970,2004452504,3,4
491001,1920,7365015,942721920,23520,0.6625000238418579,128,491000,1.976341724395752,1920,17,4,500000,1000,,491001.0,0.6838541626930237,0.5840308666229248,0.6625000238418579,0.6125890612602234,1974,2004452504,3,4
492001,1920,7380015,944641920,23520,0.6625000238418579,128,492000,1.9804105758666992,1920,17,4,500000,1000,,492001.0,0.6838541626930237,0.5840299129486084,0.6625000238418579,0.6124573945999146,1978,2004452504,3,4
493001,1920,7395015,946561920,23520,0.6625000238418579,128,493000,1.984210729598999,1920,17,4,500000,1000,,493001.0,0.6833333373069763,0.5840309262275696,0.6604166626930237,0.6126733422279358,1982,2004452504,3,4
494001,1920,7410015,948481920,23520,0.6604166626930237,128,494000,1.9880006313323975,1920,17,4,500000,1000,,494001.0,0.6833333373069763,0.584027111530304,0.6604166626930237,0.612826406955719,1986,2004452504,3,4
495001,1920,7425015,950401920,23520,0.6604166626930237,128,495000,1.991750717163086,1920,17,4,500000,1000,,495001.0,0.6838541626930237,0.5840269327163696,0.6625000238418579,0.6128258109092712,1990,2004452504,3,4
496001,1920,7440015,952321920,23520,0.6625000238418579,128,496000,1.9954700469970703,1920,17,4,500000,1000,,496001.0,0.684374988079071,0.584026575088501,0.6625000238418579,0.6126630902290344,1994,2004452504,3,4
497001,1920,7455015,954241920,23520,0.6625000238418579,128,497000,1.9992141723632812,1920,17,4,500000,1000,,497001.0,0.6838541626930237,0.584026038646698,0.6625000238418579,0.6128131747245789,1997,2004452504,3,4
498001,1920,7470015,956161920,23520,0.6625000238418579,128,498000,2.002991199493408,1920,17,4,500000,1000,,498001.0,0.6833333373069763,0.5840275883674622,0.6625000238418579,0.6126834154129028,2001,2004452504,3,4
499001,1920,7485015,958081920,23520,0.6625000238418579,128,499000,2.006744146347046,1920,17,4,500000,1000,,499001.0,0.6833333373069763,0.5840269327163696,0.6625000238418579,0.6126147508621216,2005,2004452504,3,4
499998,1920,7499970,959996160,23520,0.6625000238418579,128,499997,2.0105180740356445,1920,17,4,500000,1000,,499998.0,0.6833333373069763,0.5840240120887756,0.6625000238418579,0.6123687624931335,2009,2004452504,3,4
499999,1920,7499985,959998080,23520,0.6625000238418579,128,499998,2.014868974685669,1920,17,4,500000,1000,,499999.0,0.6833333373069763,0.5840238928794861,0.6625000238418579,0.6123692393302917,2009,2004452504,3,4
500000,1920,7500000,960000000,23520,0.6625000238418579,128,499999,2.0190439224243164,1920,17,4,500000,1000,,500000.0,0.6833333373069763,0.5840240120887756,0.6625000238418579,0.6123624444007874,2009,2004452504,3,4
