pf_calls,num_answers,model_updates,num_grad_comps,answers_bytes,last_score,batch_size,k,elapsed_time,train_data,n,d,max_epochs,verbose,ident,_epochs,score_train,loss_train,score_test,loss_test,_elapsed_time,seed,run_id,dim
1,1920,15,1920,23520,0.49166667461395264,128,0,0.028560876846313477,1920,17,3,500000,1000,,1.0,0.5057291388511658,0.6931472420692444,0.5,0.6931472420692444,0,978901890,2,3
1001,1920,15015,1921920,23520,0.5,128,1000,0.03226017951965332,1920,17,3,500000,1000,,1001.0,0.6661458611488342,0.6224074959754944,0.6145833134651184,0.648702085018158,4,978901890,2,3
2001,1920,30015,3841920,23520,0.6145833134651184,128,2000,0.035941362380981445,1920,17,3,500000,1000,,2001.0,0.6708333492279053,0.6085832715034485,0.6229166388511658,0.6325571537017822,8,978901890,2,3
3001,1920,45015,5761920,23520,0.6229166388511658,128,3000,0.039609432220458984,1920,17,3,500000,1000,,3001.0,0.6734374761581421,0.6035502552986145,0.6312500238418579,0.6261822581291199,12,978901890,2,3
4001,1920,60015,7681920,23520,0.6312500238418579,128,4000,0.04325056076049805,1920,17,3,500000,1000,,4001.0,0.6713541746139526,0.6011769771575928,0.6333333253860474,0.6237159967422485,16,978901890,2,3
5001,1920,75015,9601920,23520,0.6333333253860474,128,5000,0.04880976676940918,1920,17,3,500000,1000,,5001.0,0.6708333492279053,0.5997554063796997,0.6354166865348816,0.6224715113639832,28,978901890,2,3
6001,1920,90015,11521920,23520,0.6354166865348816,128,6000,0.05262470245361328,1920,17,3,500000,1000,,6001.0,0.6703125238418579,0.5987855195999146,0.637499988079071,0.6211836338043213,33,978901890,2,3
7001,1920,105015,13441920,23520,0.637499988079071,128,7000,0.05863142013549805,1920,17,3,500000,1000,,7001.0,0.6692708134651184,0.5981296300888062,0.6333333253860474,0.6206424236297607,38,978901890,2,3
8001,1920,120015,15361920,23520,0.6333333253860474,128,8000,0.0632474422454834,1920,17,3,500000,1000,,8001.0,0.6713541746139526,0.5976696014404297,0.6333333253860474,0.6203685998916626,43,978901890,2,3
9001,1920,135015,17281920,23520,0.6333333253860474,128,9000,0.06690454483032227,1920,17,3,500000,1000,,9001.0,0.6723958253860474,0.597335159778595,0.6354166865348816,0.6203053593635559,50,978901890,2,3
10001,1920,150015,19201920,23520,0.6354166865348816,128,10000,0.07055139541625977,1920,17,3,500000,1000,,10001.0,0.6729166507720947,0.5970792770385742,0.6354166865348816,0.6200804114341736,54,978901890,2,3
11001,1920,165015,21121920,23520,0.6354166865348816,128,11000,0.07444262504577637,1920,17,3,500000,1000,,11001.0,0.6723958253860474,0.5968894362449646,0.6354166865348816,0.6203380227088928,59,978901890,2,3
12001,1920,180015,23041920,23520,0.6354166865348816,128,12000,0.08029651641845703,1920,17,3,500000,1000,,12001.0,0.6729166507720947,0.5967332720756531,0.6333333253860474,0.6203817129135132,63,978901890,2,3
13001,1920,195015,24961920,23520,0.6333333253860474,128,13000,0.08450579643249512,1920,17,3,500000,1000,,13001.0,0.671875,0.5966082215309143,0.6333333253860474,0.6203486919403076,66,978901890,2,3
14001,1920,210015,26881920,23520,0.6333333253860474,128,14000,0.08816790580749512,1920,17,3,500000,1000,,14001.0,0.6734374761581421,0.5965142846107483,0.6312500238418579,0.6208633184432983,71,978901890,2,3
15001,1920,225015,28801920,23520,0.6312500238418579,128,15000,0.09215688705444336,1920,17,3,500000,1000,,15001.0,0.6729166507720947,0.5964227914810181,0.6291666626930237,0.6201504468917847,78,978901890,2,3
16001,1920,240015,30721920,23520,0.6291666626930237,128,16000,0.09592461585998535,1920,17,3,500000,1000,,16001.0,0.671875,0.5963517427444458,0.6333333253860474,0.620640754699707,82,978901890,2,3
17001,1920,255015,32641920,23520,0.6333333253860474,128,17000,0.09961557388305664,1920,17,3,500000,1000,,17001.0,0.6703125238418579,0.596280038356781,0.6333333253860474,0.620812177658081,86,978901890,2,3
18001,1920,270015,34561920,23520,0.6333333253860474,128,18000,0.10323667526245117,1920,17,3,500000,1000,,18001.0,0.671875,0.5962258577346802,0.6312500238418579,0.6209869980812073,90,978901890,2,3
19001,1920,285015,36481920,23520,0.6312500238418579,128,19000,0.10685968399047852,1920,17,3,500000,1000,,19001.0,0.671875,0.5961737036705017,0.6291666626930237,0.6208226084709167,94,978901890,2,3
20001,1920,300015,38401920,23520,0.6291666626930237,128,20000,0.11068081855773926,1920,17,3,500000,1000,,20001.0,0.6723958253860474,0.5961228609085083,0.6333333253860474,0.6210172176361084,98,978901890,2,3
21001,1920,315015,40321920,23520,0.6333333253860474,128,21000,0.11437463760375977,1920,17,3,500000,1000,,21001.0,0.6739583611488342,0.59608393907547,0.6312500238418579,0.6214274764060974,102,978901890,2,3
22001,1920,330015,42241920,23520,0.6312500238418579,128,22000,0.11804366111755371,1920,17,3,500000,1000,,22001.0,0.6739583611488342,0.5960435271263123,0.6333333253860474,0.6212418675422668,106,978901890,2,3
23001,1920,345015,44161920,23520,0.6333333253860474,128,23000,0.12171649932861328,1920,17,3,500000,1000,,23001.0,0.6734374761581421,0.5960076451301575,0.6312500238418579,0.621025025844574,111,978901890,2,3
24001,1920,360015,46081920,23520,0.6312500238418579,128,24000,0.12540340423583984,1920,17,3,500000,1000,,24001.0,0.671875,0.5959779024124146,0.6333333253860474,0.621076762676239,114,978901890,2,3
25001,1920,375015,48001920,23520,0.6333333253860474,128,25000,0.12906765937805176,1920,17,3,500000,1000,,25001.0,0.6708333492279053,0.5959478616714478,0.6354166865348816,0.6215562224388123,118,978901890,2,3
26001,1920,390015,49921920,23520,0.6354166865348816,128,26000,0.1331164836883545,1920,17,3,500000,1000,,26001.0,0.6723958253860474,0.5959232449531555,0.6312500238418579,0.621612548828125,122,978901890,2,3
27001,1920,405015,51841920,23520,0.6312500238418579,128,27000,0.1368265151977539,1920,17,3,500000,1000,,27001.0,0.6729166507720947,0.5958945751190186,0.6333333253860474,0.6219083070755005,134,978901890,2,3
28001,1920,420015,53761920,23520,0.6333333253860474,128,28000,0.14048457145690918,1920,17,3,500000,1000,,28001.0,0.6713541746139526,0.5958751440048218,0.6354166865348816,0.6218271851539612,137,978901890,2,3
29001,1920,435015,55681920,23520,0.6354166865348816,128,29000,0.1441044807434082,1920,17,3,500000,1000,,29001.0,0.6723958253860474,0.5958549380302429,0.6333333253860474,0.6214275360107422,141,978901890,2,3
30001,1920,450015,57601920,23520,0.6333333253860474,128,30000,0.1479172706604004,1920,17,3,500000,1000,,30001.0,0.6723958253860474,0.595832109451294,0.6354166865348816,0.6219812631607056,145,978901890,2,3
31001,1920,465015,59521920,23520,0.6354166865348816,128,31000,0.15222525596618652,1920,17,3,500000,1000,,31001.0,0.6723958253860474,0.5958172678947449,0.6333333253860474,0.6222927570343018,149,978901890,2,3
32001,1920,480015,61441920,23520,0.6333333253860474,128,32000,0.15622830390930176,1920,17,3,500000,1000,,32001.0,0.6729166507720947,0.59579998254776,0.637499988079071,0.6215985417366028,153,978901890,2,3
33001,1920,495015,63361920,23520,0.637499988079071,128,33000,0.1599283218383789,1920,17,3,500000,1000,,33001.0,0.671875,0.595780074596405,0.6333333253860474,0.6216776371002197,157,978901890,2,3
34001,1920,510015,65281920,23520,0.6333333253860474,128,34000,0.16360235214233398,1920,17,3,500000,1000,,34001.0,0.671875,0.5957663655281067,0.6291666626930237,0.6222336888313293,161,978901890,2,3
35001,1920,525015,67201920,23520,0.6291666626930237,128,35000,0.1673123836517334,1920,17,3,500000,1000,,35001.0,0.6713541746139526,0.5957543253898621,0.6333333253860474,0.6217254996299744,165,978901890,2,3
36001,1920,540015,69121920,23520,0.6333333253860474,128,36000,0.17096447944641113,1920,17,3,500000,1000,,36001.0,0.671875,0.5957401990890503,0.637499988079071,0.6218222379684448,168,978901890,2,3
37001,1920,555015,71041920,23520,0.637499988079071,128,37000,0.17462158203125,1920,17,3,500000,1000,,37001.0,0.6723958253860474,0.5957281589508057,0.6395833492279053,0.6217493414878845,172,978901890,2,3
38001,1920,570015,72961920,23520,0.6395833492279053,128,38000,0.17829561233520508,1920,17,3,500000,1000,,38001.0,0.6723958253860474,0.595721960067749,0.6333333253860474,0.6219820380210876,176,978901890,2,3
39001,1920,585015,74881920,23520,0.6333333253860474,128,39000,0.18203377723693848,1920,17,3,500000,1000,,39001.0,0.6734374761581421,0.5957043766975403,0.6354166865348816,0.621857225894928,184,978901890,2,3
40001,1920,600015,76801920,23520,0.6354166865348816,128,40000,0.1858048439025879,1920,17,3,500000,1000,,40001.0,0.6723958253860474,0.5956995487213135,0.6354166865348816,0.6219425797462463,189,978901890,2,3
41001,1920,615015,78721920,23520,0.6354166865348816,128,41000,0.1894690990447998,1920,17,3,500000,1000,,41001.0,0.6729166507720947,0.5956809520721436,0.637499988079071,0.6217496395111084,193,978901890,2,3
42001,1920,630015,80641920,23520,0.637499988079071,128,42000,0.19315314292907715,1920,17,3,500000,1000,,42001.0,0.671875,0.5956748127937317,0.637499988079071,0.6220436692237854,197,978901890,2,3
43001,1920,645015,82561920,23520,0.637499988079071,128,43000,0.19680309295654297,1920,17,3,500000,1000,,43001.0,0.6739583611488342,0.5956687927246094,0.6354166865348816,0.6221092939376831,201,978901890,2,3
44001,1920,660015,84481920,23520,0.6354166865348816,128,44000,0.2042369842529297,1920,17,3,500000,1000,,44001.0,0.6729166507720947,0.5956555008888245,0.6333333253860474,0.6219881176948547,205,978901890,2,3
45001,1920,675015,86401920,23520,0.6333333253860474,128,45000,0.20793890953063965,1920,17,3,500000,1000,,45001.0,0.6723958253860474,0.595647931098938,0.6354166865348816,0.6222242116928101,209,978901890,2,3
46001,1920,690015,88321920,23520,0.6354166865348816,128,46000,0.2116069793701172,1920,17,3,500000,1000,,46001.0,0.6734374761581421,0.5956461429595947,0.6354166865348816,0.6222566962242126,213,978901890,2,3
47001,1920,705015,90241920,23520,0.6354166865348816,128,47000,0.21527981758117676,1920,17,3,500000,1000,,47001.0,0.6734374761581421,0.5956329107284546,0.6333333253860474,0.6224318146705627,216,978901890,2,3
48001,1920,720015,92161920,23520,0.6333333253860474,128,48000,0.21900367736816406,1920,17,3,500000,1000,,48001.0,0.6723958253860474,0.595625102519989,0.6354166865348816,0.6222274899482727,220,978901890,2,3
49001,1920,735015,94081920,23520,0.6354166865348816,128,49000,0.2229447364807129,1920,17,3,500000,1000,,49001.0,0.6729166507720947,0.5956183075904846,0.6333333253860474,0.6224442720413208,224,978901890,2,3
50001,1920,750015,96001920,23520,0.6333333253860474,128,50000,0.22693085670471191,1920,17,3,500000,1000,,50001.0,0.6734374761581421,0.5956113934516907,0.6333333253860474,0.6223449110984802,228,978901890,2,3
51001,1920,765015,97921920,23520,0.6333333253860474,128,51000,0.23057770729064941,1920,17,3,500000,1000,,51001.0,0.671875,0.5956084132194519,0.6354166865348816,0.6219531893730164,250,978901890,2,3
52001,1920,780015,99841920,23520,0.6354166865348816,128,52000,0.23426175117492676,1920,17,3,500000,1000,,52001.0,0.6723958253860474,0.5956024527549744,0.6333333253860474,0.6225332617759705,254,978901890,2,3
53001,1920,795015,101761920,23520,0.6333333253860474,128,53000,0.23791265487670898,1920,17,3,500000,1000,,53001.0,0.6723958253860474,0.5955987572669983,0.6354166865348816,0.6223698258399963,258,978901890,2,3
54001,1920,810015,103681920,23520,0.6354166865348816,128,54000,0.2416236400604248,1920,17,3,500000,1000,,54001.0,0.671875,0.5955878496170044,0.6354166865348816,0.6224661469459534,262,978901890,2,3
55001,1920,825015,105601920,23520,0.6354166865348816,128,55000,0.24555540084838867,1920,17,3,500000,1000,,55001.0,0.6729166507720947,0.5955801606178284,0.6354166865348816,0.6223365068435669,267,978901890,2,3
56001,1920,840015,107521920,23520,0.6354166865348816,128,56000,0.2492663860321045,1920,17,3,500000,1000,,56001.0,0.671875,0.5955736637115479,0.6354166865348816,0.6222048997879028,271,978901890,2,3
57001,1920,855015,109441920,23520,0.6354166865348816,128,57000,0.25295162200927734,1920,17,3,500000,1000,,57001.0,0.6723958253860474,0.5955724120140076,0.6333333253860474,0.62263423204422,275,978901890,2,3
58001,1920,870015,111361920,23520,0.6333333253860474,128,58000,0.2565796375274658,1920,17,3,500000,1000,,58001.0,0.6729166507720947,0.5955700278282166,0.6333333253860474,0.6229392290115356,279,978901890,2,3
59001,1920,885015,113281920,23520,0.6333333253860474,128,59000,0.2602357864379883,1920,17,3,500000,1000,,59001.0,0.6723958253860474,0.5955620408058167,0.6354166865348816,0.6225898265838623,282,978901890,2,3
60001,1920,900015,115201920,23520,0.6354166865348816,128,60000,0.26453566551208496,1920,17,3,500000,1000,,60001.0,0.6723958253860474,0.5955607295036316,0.6354166865348816,0.6227070689201355,286,978901890,2,3
61001,1920,915015,117121920,23520,0.6354166865348816,128,61000,0.2685966491699219,1920,17,3,500000,1000,,61001.0,0.6713541746139526,0.595553994178772,0.6333333253860474,0.622429609298706,292,978901890,2,3
62001,1920,930015,119041920,23520,0.6333333253860474,128,62000,0.27237558364868164,1920,17,3,500000,1000,,62001.0,0.6723958253860474,0.5955468416213989,0.6354166865348816,0.6226785182952881,296,978901890,2,3
63001,1920,945015,120961920,23520,0.6354166865348816,128,63000,0.27656078338623047,1920,17,3,500000,1000,,63001.0,0.6713541746139526,0.5955450534820557,0.6354166865348816,0.6226686835289001,300,978901890,2,3
64001,1920,960015,122881920,23520,0.6354166865348816,128,64000,0.2807278633117676,1920,17,3,500000,1000,,64001.0,0.6708333492279053,0.5955405831336975,0.6354166865348816,0.6227378249168396,304,978901890,2,3
65001,1920,975015,124801920,23520,0.6354166865348816,128,65000,0.28444671630859375,1920,17,3,500000,1000,,65001.0,0.6713541746139526,0.5955384373664856,0.6354166865348816,0.6228645443916321,308,978901890,2,3
66001,1920,990015,126721920,23520,0.6354166865348816,128,66000,0.28818488121032715,1920,17,3,500000,1000,,66001.0,0.6713541746139526,0.5955384373664856,0.637499988079071,0.6224162578582764,312,978901890,2,3
67001,1920,1005015,128641920,23520,0.637499988079071,128,67000,0.2919609546661377,1920,17,3,500000,1000,,67001.0,0.6713541746139526,0.5955368280410767,0.637499988079071,0.6226547360420227,316,978901890,2,3
68001,1920,1020015,130561920,23520,0.637499988079071,128,68000,0.29573965072631836,1920,17,3,500000,1000,,68001.0,0.6713541746139526,0.5955220460891724,0.6354166865348816,0.6227258443832397,320,978901890,2,3
69001,1920,1035015,132481920,23520,0.6354166865348816,128,69000,0.29947471618652344,1920,17,3,500000,1000,,69001.0,0.6713541746139526,0.5955255031585693,0.6354166865348816,0.6224245429039001,324,978901890,2,3
70001,1920,1050015,134401920,23520,0.6354166865348816,128,70000,0.30325961112976074,1920,17,3,500000,1000,,70001.0,0.6713541746139526,0.5955247282981873,0.637499988079071,0.6225727796554565,328,978901890,2,3
71001,1920,1065015,136321920,23520,0.637499988079071,128,71000,0.30723071098327637,1920,17,3,500000,1000,,71001.0,0.6713541746139526,0.5955225825309753,0.6354166865348816,0.6224685907363892,331,978901890,2,3
72001,1920,1080015,138241920,23520,0.6354166865348816,128,72000,0.3110616207122803,1920,17,3,500000,1000,,72001.0,0.6708333492279053,0.5955160856246948,0.637499988079071,0.6224843263626099,335,978901890,2,3
73001,1920,1095015,140161920,23520,0.637499988079071,128,73000,0.31497669219970703,1920,17,3,500000,1000,,73001.0,0.671875,0.595514714717865,0.6354166865348816,0.6223427057266235,339,978901890,2,3
74001,1920,1110015,142081920,23520,0.6354166865348816,128,74000,0.3187384605407715,1920,17,3,500000,1000,,74001.0,0.671875,0.5955106019973755,0.6354166865348816,0.6224387288093567,343,978901890,2,3
75001,1920,1125015,144001920,23520,0.6354166865348816,128,75000,0.3224914073944092,1920,17,3,500000,1000,,75001.0,0.6729166507720947,0.5955064296722412,0.6333333253860474,0.6226964592933655,347,978901890,2,3
76001,1920,1140015,145921920,23520,0.6333333253860474,128,76000,0.3262474536895752,1920,17,3,500000,1000,,76001.0,0.6713541746139526,0.5955053567886353,0.6354166865348816,0.6225919127464294,351,978901890,2,3
77001,1920,1155015,147841920,23520,0.6354166865348816,128,77000,0.3299834728240967,1920,17,3,500000,1000,,77001.0,0.6713541746139526,0.5955018401145935,0.6354166865348816,0.6224340796470642,354,978901890,2,3
78001,1920,1170015,149761920,23520,0.6354166865348816,128,78000,0.33407163619995117,1920,17,3,500000,1000,,78001.0,0.671875,0.5954999923706055,0.6354166865348816,0.6226842999458313,359,978901890,2,3
79001,1920,1185015,151681920,23520,0.6354166865348816,128,79000,0.33788466453552246,1920,17,3,500000,1000,,79001.0,0.6729166507720947,0.595497190952301,0.6354166865348816,0.622404932975769,363,978901890,2,3
80001,1920,1200015,153601920,23520,0.6354166865348816,128,80000,0.3417036533355713,1920,17,3,500000,1000,,80001.0,0.671875,0.5954945087432861,0.6354166865348816,0.6225462555885315,367,978901890,2,3
81001,1920,1215015,155521920,23520,0.6354166865348816,128,81000,0.3454928398132324,1920,17,3,500000,1000,,81001.0,0.6713541746139526,0.5954951643943787,0.6354166865348816,0.6224501729011536,370,978901890,2,3
82001,1920,1230015,157441920,23520,0.6354166865348816,128,82000,0.34923362731933594,1920,17,3,500000,1000,,82001.0,0.6708333492279053,0.5954911112785339,0.637499988079071,0.6227172017097473,374,978901890,2,3
83001,1920,1245015,159361920,23520,0.637499988079071,128,83000,0.3530237674713135,1920,17,3,500000,1000,,83001.0,0.671875,0.5954853892326355,0.6354166865348816,0.6228376030921936,378,978901890,2,3
84001,1920,1260015,161281920,23520,0.6354166865348816,128,84000,0.35680270195007324,1920,17,3,500000,1000,,84001.0,0.671875,0.5954827666282654,0.6354166865348816,0.6230135560035706,382,978901890,2,3
85001,1920,1275015,163201920,23520,0.6354166865348816,128,85000,0.3605656623840332,1920,17,3,500000,1000,,85001.0,0.671875,0.595486044883728,0.6354166865348816,0.6224432587623596,386,978901890,2,3
86001,1920,1290015,165121920,23520,0.6354166865348816,128,86000,0.3643374443054199,1920,17,3,500000,1000,,86001.0,0.671875,0.5954835414886475,0.6333333253860474,0.6226680278778076,390,978901890,2,3
87001,1920,1305015,167041920,23520,0.6333333253860474,128,87000,0.36878538131713867,1920,17,3,500000,1000,,87001.0,0.6708333492279053,0.5954761505126953,0.6354166865348816,0.6228457689285278,394,978901890,2,3
88001,1920,1320015,168961920,23520,0.6354166865348816,128,88000,0.3728611469268799,1920,17,3,500000,1000,,88001.0,0.6708333492279053,0.5954753756523132,0.6354166865348816,0.6227445602416992,398,978901890,2,3
89001,1920,1335015,170881920,23520,0.6354166865348816,128,89000,0.3768579959869385,1920,17,3,500000,1000,,89001.0,0.671875,0.5954720973968506,0.6354166865348816,0.6229766011238098,402,978901890,2,3
90001,1920,1350015,172801920,23520,0.6354166865348816,128,90000,0.3812987804412842,1920,17,3,500000,1000,,90001.0,0.6708333492279053,0.5954692959785461,0.6354166865348816,0.622895359992981,406,978901890,2,3
91001,1920,1365015,174721920,23520,0.6354166865348816,128,91000,0.3850517272949219,1920,17,3,500000,1000,,91001.0,0.671875,0.5954701900482178,0.6354166865348816,0.6228758692741394,410,978901890,2,3
92001,1920,1380015,176641920,23520,0.6354166865348816,128,92000,0.38891053199768066,1920,17,3,500000,1000,,92001.0,0.6713541746139526,0.5954713821411133,0.6354166865348816,0.6229806542396545,414,978901890,2,3
93001,1920,1395015,178561920,23520,0.6354166865348816,128,93000,0.3930046558380127,1920,17,3,500000,1000,,93001.0,0.6708333492279053,0.5954716801643372,0.6354166865348816,0.6229352355003357,418,978901890,2,3
94001,1920,1410015,180481920,23520,0.6354166865348816,128,94000,0.39677858352661133,1920,17,3,500000,1000,,94001.0,0.6708333492279053,0.5954654812812805,0.6354166865348816,0.622797429561615,422,978901890,2,3
95001,1920,1425015,182401920,23520,0.6354166865348816,128,95000,0.40055346488952637,1920,17,3,500000,1000,,95001.0,0.6713541746139526,0.5954630374908447,0.637499988079071,0.6228455901145935,426,978901890,2,3
96001,1920,1440015,184321920,23520,0.637499988079071,128,96000,0.404294490814209,1920,17,3,500000,1000,,96001.0,0.6713541746139526,0.5954603552818298,0.637499988079071,0.6228298544883728,429,978901890,2,3
97001,1920,1455015,186241920,23520,0.637499988079071,128,97000,0.4080784320831299,1920,17,3,500000,1000,,97001.0,0.6708333492279053,0.5954596400260925,0.6354166865348816,0.6229970455169678,433,978901890,2,3
98001,1920,1470015,188161920,23520,0.6354166865348816,128,98000,0.4118523597717285,1920,17,3,500000,1000,,98001.0,0.6713541746139526,0.5954580903053284,0.6354166865348816,0.6227481961250305,437,978901890,2,3
99001,1920,1485015,190081920,23520,0.6354166865348816,128,99000,0.41605257987976074,1920,17,3,500000,1000,,99001.0,0.671875,0.5954542756080627,0.6354166865348816,0.622753381729126,441,978901890,2,3
100001,1920,1500015,192001920,23520,0.6354166865348816,128,100000,0.420426607131958,1920,17,3,500000,1000,,100001.0,0.6708333492279053,0.5954559445381165,0.637499988079071,0.622763991355896,445,978901890,2,3
101001,1920,1515015,193921920,23520,0.637499988079071,128,101000,0.42447376251220703,1920,17,3,500000,1000,,101001.0,0.6708333492279053,0.595455527305603,0.637499988079071,0.6227557063102722,449,978901890,2,3
102001,1920,1530015,195841920,23520,0.637499988079071,128,102000,0.42826175689697266,1920,17,3,500000,1000,,102001.0,0.6703125238418579,0.595452606678009,0.637499988079071,0.6225181818008423,453,978901890,2,3
103001,1920,1545015,197761920,23520,0.637499988079071,128,103000,0.4321928024291992,1920,17,3,500000,1000,,103001.0,0.671875,0.5954506397247314,0.6354166865348816,0.6229302883148193,457,978901890,2,3
104001,1920,1560015,199681920,23520,0.6354166865348816,128,104000,0.4362936019897461,1920,17,3,500000,1000,,104001.0,0.6713541746139526,0.5954501628875732,0.637499988079071,0.6230100393295288,461,978901890,2,3
105001,1920,1575015,201601920,23520,0.637499988079071,128,105000,0.44011855125427246,1920,17,3,500000,1000,,105001.0,0.6708333492279053,0.5954474806785583,0.6395833492279053,0.6230527758598328,465,978901890,2,3
106001,1920,1590015,203521920,23520,0.6395833492279053,128,106000,0.4440572261810303,1920,17,3,500000,1000,,106001.0,0.6708333492279053,0.5954436659812927,0.6354166865348816,0.6229307651519775,469,978901890,2,3
107001,1920,1605015,205441920,23520,0.6354166865348816,128,107000,0.44797611236572266,1920,17,3,500000,1000,,107001.0,0.6729166507720947,0.5954462885856628,0.6354166865348816,0.6231518387794495,473,978901890,2,3
108001,1920,1620015,207361920,23520,0.6354166865348816,128,108000,0.45182204246520996,1920,17,3,500000,1000,,108001.0,0.6713541746139526,0.5954450964927673,0.6395833492279053,0.6229836940765381,477,978901890,2,3
109001,1920,1635015,209281920,23520,0.6395833492279053,128,109000,0.45594215393066406,1920,17,3,500000,1000,,109001.0,0.6708333492279053,0.5954474210739136,0.6354166865348816,0.6227945685386658,480,978901890,2,3
110001,1920,1650015,211201920,23520,0.6354166865348816,128,110000,0.4599642753601074,1920,17,3,500000,1000,,110001.0,0.6708333492279053,0.5954389572143555,0.637499988079071,0.6233482360839844,484,978901890,2,3
111001,1920,1665015,213121920,23520,0.637499988079071,128,111000,0.4638173580169678,1920,17,3,500000,1000,,111001.0,0.6708333492279053,0.5954383611679077,0.6354166865348816,0.6231885552406311,488,978901890,2,3
112001,1920,1680015,215041920,23520,0.6354166865348816,128,112000,0.4681072235107422,1920,17,3,500000,1000,,112001.0,0.6703125238418579,0.5954368114471436,0.637499988079071,0.623102605342865,492,978901890,2,3
113001,1920,1695015,216961920,23520,0.637499988079071,128,113000,0.47187304496765137,1920,17,3,500000,1000,,113001.0,0.6708333492279053,0.5954367518424988,0.6354166865348816,0.6229884028434753,496,978901890,2,3
114001,1920,1710015,218881920,23520,0.6354166865348816,128,114000,0.4756929874420166,1920,17,3,500000,1000,,114001.0,0.6713541746139526,0.5954336524009705,0.6354166865348816,0.6233645081520081,500,978901890,2,3
115001,1920,1725015,220801920,23520,0.6354166865348816,128,115000,0.4794738292694092,1920,17,3,500000,1000,,115001.0,0.6703125238418579,0.5954369306564331,0.6395833492279053,0.6231426000595093,504,978901890,2,3
116001,1920,1740015,222721920,23520,0.6395833492279053,128,116000,0.4835948944091797,1920,17,3,500000,1000,,116001.0,0.6703125238418579,0.5954394936561584,0.637499988079071,0.6232389807701111,508,978901890,2,3
117001,1920,1755015,224641920,23520,0.637499988079071,128,117000,0.4878709316253662,1920,17,3,500000,1000,,117001.0,0.6713541746139526,0.5954363346099854,0.6333333253860474,0.6232708692550659,513,978901890,2,3
118001,1920,1770015,226561920,23520,0.6333333253860474,128,118000,0.491635799407959,1920,17,3,500000,1000,,118001.0,0.671875,0.5954312086105347,0.6354166865348816,0.6229231357574463,516,978901890,2,3
119001,1920,1785015,228481920,23520,0.6354166865348816,128,119000,0.4957597255706787,1920,17,3,500000,1000,,119001.0,0.6713541746139526,0.5954309105873108,0.6354166865348816,0.6232527494430542,520,978901890,2,3
120001,1920,1800015,230401920,23520,0.6354166865348816,128,120000,0.49951791763305664,1920,17,3,500000,1000,,120001.0,0.6703125238418579,0.5954293608665466,0.637499988079071,0.6229685544967651,524,978901890,2,3
121001,1920,1815015,232321920,23520,0.637499988079071,128,121000,0.5033299922943115,1920,17,3,500000,1000,,121001.0,0.6697916388511658,0.5954300165176392,0.637499988079071,0.6234433650970459,528,978901890,2,3
122001,1920,1830015,234241920,23520,0.637499988079071,128,122000,0.5070958137512207,1920,17,3,500000,1000,,122001.0,0.6713541746139526,0.5954299569129944,0.637499988079071,0.6231923699378967,532,978901890,2,3
123001,1920,1845015,236161920,23520,0.637499988079071,128,123000,0.5118649005889893,1920,17,3,500000,1000,,123001.0,0.6708333492279053,0.5954291224479675,0.6354166865348816,0.6227587461471558,536,978901890,2,3
124001,1920,1860015,238081920,23520,0.6354166865348816,128,124000,0.5158448219299316,1920,17,3,500000,1000,,124001.0,0.6708333492279053,0.5954251885414124,0.6333333253860474,0.6228547692298889,540,978901890,2,3
125001,1920,1875015,240001920,23520,0.6333333253860474,128,125000,0.5196077823638916,1920,17,3,500000,1000,,125001.0,0.6703125238418579,0.5954223871231079,0.6354166865348816,0.6230111718177795,543,978901890,2,3
126001,1920,1890015,241921920,23520,0.6354166865348816,128,126000,0.5233626365661621,1920,17,3,500000,1000,,126001.0,0.6713541746139526,0.5954220294952393,0.6333333253860474,0.6229242086410522,547,978901890,2,3
127001,1920,1905015,243841920,23520,0.6333333253860474,128,127000,0.527137041091919,1920,17,3,500000,1000,,127001.0,0.6703125238418579,0.5954223871231079,0.6395833492279053,0.622911810874939,551,978901890,2,3
128001,1920,1920015,245761920,23520,0.6395833492279053,128,128000,0.5308449268341064,1920,17,3,500000,1000,,128001.0,0.6713541746139526,0.5954189896583557,0.6354166865348816,0.6230602264404297,555,978901890,2,3
129001,1920,1935015,247681920,23520,0.6354166865348816,128,129000,0.5346081256866455,1920,17,3,500000,1000,,129001.0,0.6703125238418579,0.5954226851463318,0.637499988079071,0.623246967792511,559,978901890,2,3
130001,1920,1950015,249601920,23520,0.637499988079071,128,130000,0.538503885269165,1920,17,3,500000,1000,,130001.0,0.6708333492279053,0.5954176187515259,0.6333333253860474,0.623458743095398,563,978901890,2,3
131001,1920,1965015,251521920,23520,0.6333333253860474,128,131000,0.5422542095184326,1920,17,3,500000,1000,,131001.0,0.6713541746139526,0.5954201817512512,0.6333333253860474,0.6231269240379333,566,978901890,2,3
132001,1920,1980015,253441920,23520,0.6333333253860474,128,132000,0.5460402965545654,1920,17,3,500000,1000,,132001.0,0.6713541746139526,0.595419704914093,0.6333333253860474,0.6227197647094727,570,978901890,2,3
133001,1920,1995015,255361920,23520,0.6333333253860474,128,133000,0.5497522354125977,1920,17,3,500000,1000,,133001.0,0.6708333492279053,0.5954220294952393,0.637499988079071,0.6229860186576843,574,978901890,2,3
134001,1920,2010015,257281920,23520,0.637499988079071,128,134000,0.5535011291503906,1920,17,3,500000,1000,,134001.0,0.6703125238418579,0.5954142808914185,0.637499988079071,0.623207688331604,578,978901890,2,3
135001,1920,2025015,259201920,23520,0.637499988079071,128,135000,0.557265043258667,1920,17,3,500000,1000,,135001.0,0.671875,0.5954132676124573,0.6333333253860474,0.6232445240020752,582,978901890,2,3
136001,1920,2040015,261121920,23520,0.6333333253860474,128,136000,0.5610342025756836,1920,17,3,500000,1000,,136001.0,0.671875,0.5954131484031677,0.637499988079071,0.623333215713501,585,978901890,2,3
137001,1920,2055015,263041920,23520,0.637499988079071,128,137000,0.5647292137145996,1920,17,3,500000,1000,,137001.0,0.6708333492279053,0.5954143404960632,0.6354166865348816,0.6232700347900391,589,978901890,2,3
138001,1920,2070015,264961920,23520,0.6354166865348816,128,138000,0.5683832168579102,1920,17,3,500000,1000,,138001.0,0.6713541746139526,0.5954123735427856,0.6333333253860474,0.6233597993850708,593,978901890,2,3
139001,1920,2085015,266881920,23520,0.6333333253860474,128,139000,0.5721571445465088,1920,17,3,500000,1000,,139001.0,0.6708333492279053,0.5954157710075378,0.6354166865348816,0.6230549216270447,597,978901890,2,3
140001,1920,2100015,268801920,23520,0.6354166865348816,128,140000,0.5759060382843018,1920,17,3,500000,1000,,140001.0,0.6703125238418579,0.59541255235672,0.6354166865348816,0.6230847239494324,601,978901890,2,3
141001,1920,2115015,270721920,23520,0.6354166865348816,128,141000,0.5797059535980225,1920,17,3,500000,1000,,141001.0,0.671875,0.5954123139381409,0.6333333253860474,0.6231126189231873,605,978901890,2,3
142001,1920,2130015,272641920,23520,0.6333333253860474,128,142000,0.5844507217407227,1920,17,3,500000,1000,,142001.0,0.671875,0.5954131484031677,0.6333333253860474,0.6232813000679016,609,978901890,2,3
143001,1920,2145015,274561920,23520,0.6333333253860474,128,143000,0.5882017612457275,1920,17,3,500000,1000,,143001.0,0.6708333492279053,0.5954112410545349,0.6333333253860474,0.6230455636978149,613,978901890,2,3
144001,1920,2160015,276481920,23520,0.6333333253860474,128,144000,0.5920188426971436,1920,17,3,500000,1000,,144001.0,0.6708333492279053,0.5954126715660095,0.6354166865348816,0.6234358549118042,617,978901890,2,3
145001,1920,2175015,278401920,23520,0.6354166865348816,128,145000,0.596127986907959,1920,17,3,500000,1000,,145001.0,0.6708333492279053,0.5954086184501648,0.6333333253860474,0.6233405470848083,621,978901890,2,3
146001,1920,2190015,280321920,23520,0.6333333253860474,128,146000,0.6001200675964355,1920,17,3,500000,1000,,146001.0,0.6708333492279053,0.5954110622406006,0.6354166865348816,0.6234800815582275,625,978901890,2,3
147001,1920,2205015,282241920,23520,0.6354166865348816,128,147000,0.6040341854095459,1920,17,3,500000,1000,,147001.0,0.6708333492279053,0.5954073667526245,0.6333333253860474,0.6231116652488708,628,978901890,2,3
148001,1920,2220015,284161920,23520,0.6333333253860474,128,148000,0.6077730655670166,1920,17,3,500000,1000,,148001.0,0.6708333492279053,0.5954131484031677,0.6354166865348816,0.6230080723762512,632,978901890,2,3
149001,1920,2235015,286081920,23520,0.6354166865348816,128,149000,0.6118102073669434,1920,17,3,500000,1000,,149001.0,0.6708333492279053,0.5954067707061768,0.6312500238418579,0.6230719089508057,636,978901890,2,3
150001,1920,2250015,288001920,23520,0.6312500238418579,128,150000,0.6158301830291748,1920,17,3,500000,1000,,150001.0,0.6708333492279053,0.5954053401947021,0.6333333253860474,0.6231150031089783,640,978901890,2,3
151001,1920,2265015,289921920,23520,0.6333333253860474,128,151000,0.6195962429046631,1920,17,3,500000,1000,,151001.0,0.6708333492279053,0.5954069495201111,0.6354166865348816,0.6234532594680786,644,978901890,2,3
152001,1920,2280015,291841920,23520,0.6354166865348816,128,152000,0.6238501071929932,1920,17,3,500000,1000,,152001.0,0.671875,0.5954051613807678,0.6354166865348816,0.6237264275550842,648,978901890,2,3
153001,1920,2295015,293761920,23520,0.6354166865348816,128,153000,0.6279711723327637,1920,17,3,500000,1000,,153001.0,0.6723958253860474,0.5954054594039917,0.6333333253860474,0.6235731840133667,652,978901890,2,3
154001,1920,2310015,295681920,23520,0.6333333253860474,128,154000,0.6317873001098633,1920,17,3,500000,1000,,154001.0,0.6703125238418579,0.595403254032135,0.6333333253860474,0.623295783996582,656,978901890,2,3
155001,1920,2325015,297601920,23520,0.6333333253860474,128,155000,0.6360790729522705,1920,17,3,500000,1000,,155001.0,0.671875,0.5954067707061768,0.6395833492279053,0.6231234073638916,661,978901890,2,3
156001,1920,2340015,299521920,23520,0.6395833492279053,128,156000,0.6399359703063965,1920,17,3,500000,1000,,156001.0,0.6703125238418579,0.5954018831253052,0.6354166865348816,0.6232359409332275,665,978901890,2,3
157001,1920,2355015,301441920,23520,0.6354166865348816,128,157000,0.6438236236572266,1920,17,3,500000,1000,,157001.0,0.6713541746139526,0.5953996777534485,0.6354166865348816,0.6229795217514038,669,978901890,2,3
158001,1920,2370015,303361920,23520,0.6354166865348816,128,158000,0.6475775241851807,1920,17,3,500000,1000,,158001.0,0.6708333492279053,0.595396876335144,0.6354166865348816,0.6231139898300171,673,978901890,2,3
159001,1920,2385015,305281920,23520,0.6354166865348816,128,159000,0.6515202522277832,1920,17,3,500000,1000,,159001.0,0.6703125238418579,0.5954045057296753,0.6354166865348816,0.6232587695121765,677,978901890,2,3
160001,1920,2400015,307201920,23520,0.6354166865348816,128,160000,0.6554064750671387,1920,17,3,500000,1000,,160001.0,0.671875,0.5954086780548096,0.6312500238418579,0.6231737732887268,681,978901890,2,3
161001,1920,2415015,309121920,23520,0.6312500238418579,128,161000,0.6591722965240479,1920,17,3,500000,1000,,161001.0,0.6713541746139526,0.5954015254974365,0.6333333253860474,0.623032808303833,685,978901890,2,3
162001,1920,2430015,311041920,23520,0.6333333253860474,128,162000,0.6631450653076172,1920,17,3,500000,1000,,162001.0,0.6708333492279053,0.5953983664512634,0.637499988079071,0.6232425570487976,688,978901890,2,3
163001,1920,2445015,312961920,23520,0.637499988079071,128,163000,0.6680562496185303,1920,17,3,500000,1000,,163001.0,0.6713541746139526,0.5953989028930664,0.6333333253860474,0.6233845353126526,692,978901890,2,3
164001,1920,2460015,314881920,23520,0.6333333253860474,128,164000,0.6722061634063721,1920,17,3,500000,1000,,164001.0,0.6708333492279053,0.5954001545906067,0.637499988079071,0.6232408881187439,696,978901890,2,3
165001,1920,2475015,316801920,23520,0.637499988079071,128,165000,0.6759440898895264,1920,17,3,500000,1000,,165001.0,0.6708333492279053,0.5953999757766724,0.6333333253860474,0.6233094930648804,700,978901890,2,3
166001,1920,2490015,318721920,23520,0.6333333253860474,128,166000,0.6800792217254639,1920,17,3,500000,1000,,166001.0,0.6708333492279053,0.5953958630561829,0.637499988079071,0.6233016848564148,704,978901890,2,3
167001,1920,2505015,320641920,23520,0.637499988079071,128,167000,0.6840531826019287,1920,17,3,500000,1000,,167001.0,0.6708333492279053,0.5953962206840515,0.637499988079071,0.6234851479530334,708,978901890,2,3
168001,1920,2520015,322561920,23520,0.637499988079071,128,168000,0.6878271102905273,1920,17,3,500000,1000,,168001.0,0.6703125238418579,0.595396876335144,0.637499988079071,0.6236688494682312,712,978901890,2,3
169001,1920,2535015,324481920,23520,0.637499988079071,128,169000,0.6915900707244873,1920,17,3,500000,1000,,169001.0,0.6703125238418579,0.5953986644744873,0.637499988079071,0.623429536819458,716,978901890,2,3
170001,1920,2550015,326401920,23520,0.637499988079071,128,170000,0.6953561305999756,1920,17,3,500000,1000,,170001.0,0.671875,0.595396876335144,0.6354166865348816,0.6232166886329651,720,978901890,2,3
171001,1920,2565015,328321920,23520,0.6354166865348816,128,171000,0.6994071006774902,1920,17,3,500000,1000,,171001.0,0.671875,0.5954001545906067,0.6333333253860474,0.623438835144043,724,978901890,2,3
172001,1920,2580015,330241920,23520,0.6333333253860474,128,172000,0.7031991481781006,1920,17,3,500000,1000,,172001.0,0.6713541746139526,0.5953930616378784,0.6333333253860474,0.6234169006347656,728,978901890,2,3
173001,1920,2595015,332161920,23520,0.6333333253860474,128,173000,0.7071561813354492,1920,17,3,500000,1000,,173001.0,0.6713541746139526,0.5953902006149292,0.6333333253860474,0.6234506964683533,732,978901890,2,3
174001,1920,2610015,334081920,23520,0.6333333253860474,128,174000,0.710928201675415,1920,17,3,500000,1000,,174001.0,0.6713541746139526,0.5953933596611023,0.6333333253860474,0.6230519413948059,736,978901890,2,3
175001,1920,2625015,336001920,23520,0.6333333253860474,128,175000,0.714672327041626,1920,17,3,500000,1000,,175001.0,0.6713541746139526,0.5953904986381531,0.637499988079071,0.6230452060699463,740,978901890,2,3
176001,1920,2640015,337921920,23520,0.637499988079071,128,176000,0.7186603546142578,1920,17,3,500000,1000,,176001.0,0.6713541746139526,0.5953953862190247,0.6333333253860474,0.623377799987793,744,978901890,2,3
177001,1920,2655015,339841920,23520,0.6333333253860474,128,177000,0.7225134372711182,1920,17,3,500000,1000,,177001.0,0.6713541746139526,0.5953884124755859,0.6354166865348816,0.6233697533607483,748,978901890,2,3
178001,1920,2670015,341761920,23520,0.6354166865348816,128,178000,0.7266845703125,1920,17,3,500000,1000,,178001.0,0.6713541746139526,0.5953899621963501,0.6354166865348816,0.6234476566314697,752,978901890,2,3
179001,1920,2685015,343681920,23520,0.6354166865348816,128,179000,0.7305436134338379,1920,17,3,500000,1000,,179001.0,0.6703125238418579,0.5953935384750366,0.6354166865348816,0.623468279838562,755,978901890,2,3
180001,1920,2700015,345601920,23520,0.6354166865348816,128,180000,0.7345898151397705,1920,17,3,500000,1000,,180001.0,0.6703125238418579,0.595389723777771,0.6354166865348816,0.6232665777206421,759,978901890,2,3
181001,1920,2715015,347521920,23520,0.6354166865348816,128,181000,0.7384848594665527,1920,17,3,500000,1000,,181001.0,0.6708333492279053,0.5953906178474426,0.6354166865348816,0.6232390999794006,764,978901890,2,3
182001,1920,2730015,349441920,23520,0.6354166865348816,128,182000,0.7423388957977295,1920,17,3,500000,1000,,182001.0,0.6703125238418579,0.5953873991966248,0.6354166865348816,0.6232316493988037,767,978901890,2,3
183001,1920,2745015,351361920,23520,0.6354166865348816,128,183000,0.7465887069702148,1920,17,3,500000,1000,,183001.0,0.6713541746139526,0.5953905582427979,0.6333333253860474,0.6234630942344666,772,978901890,2,3
184001,1920,2760015,353281920,23520,0.6333333253860474,128,184000,0.750586748123169,1920,17,3,500000,1000,,184001.0,0.6713541746139526,0.5953905582427979,0.6333333253860474,0.6233469843864441,776,978901890,2,3
185001,1920,2775015,355201920,23520,0.6333333253860474,128,185000,0.7543985843658447,1920,17,3,500000,1000,,185001.0,0.671875,0.5953865647315979,0.6333333253860474,0.6236080527305603,779,978901890,2,3
186001,1920,2790015,357121920,23520,0.6333333253860474,128,186000,0.7582783699035645,1920,17,3,500000,1000,,186001.0,0.6708333492279053,0.5953873991966248,0.637499988079071,0.6232653260231018,783,978901890,2,3
187001,1920,2805015,359041920,23520,0.637499988079071,128,187000,0.7623133659362793,1920,17,3,500000,1000,,187001.0,0.6713541746139526,0.5953893065452576,0.6354166865348816,0.6231257319450378,787,978901890,2,3
188001,1920,2820015,360961920,23520,0.6354166865348816,128,188000,0.7660462856292725,1920,17,3,500000,1000,,188001.0,0.6713541746139526,0.5953896641731262,0.6354166865348816,0.6231319904327393,791,978901890,2,3
189001,1920,2835015,362881920,23520,0.6354166865348816,128,189000,0.7697803974151611,1920,17,3,500000,1000,,189001.0,0.6713541746139526,0.5953900218009949,0.6354166865348816,0.6229621767997742,795,978901890,2,3
190001,1920,2850015,364801920,23520,0.6354166865348816,128,190000,0.7735311985015869,1920,17,3,500000,1000,,190001.0,0.6697916388511658,0.5953856110572815,0.6354166865348816,0.6232603788375854,799,978901890,2,3
191001,1920,2865015,366721920,23520,0.6354166865348816,128,191000,0.7772469520568848,1920,17,3,500000,1000,,191001.0,0.671875,0.5953878164291382,0.637499988079071,0.623653769493103,802,978901890,2,3
192001,1920,2880015,368641920,23520,0.637499988079071,128,192000,0.7809960842132568,1920,17,3,500000,1000,,192001.0,0.6703125238418579,0.5953846573829651,0.6333333253860474,0.6235563158988953,806,978901890,2,3
193001,1920,2895015,370561920,23520,0.6333333253860474,128,193000,0.7846782207489014,1920,17,3,500000,1000,,193001.0,0.6708333492279053,0.5953862071037292,0.6333333253860474,0.6231288313865662,810,978901890,2,3
194001,1920,2910015,372481920,23520,0.6333333253860474,128,194000,0.7883613109588623,1920,17,3,500000,1000,,194001.0,0.6713541746139526,0.5953916311264038,0.6312500238418579,0.6228119134902954,814,978901890,2,3
195001,1920,2925015,374401920,23520,0.6312500238418579,128,195000,0.7924730777740479,1920,17,3,500000,1000,,195001.0,0.6713541746139526,0.5953817963600159,0.6354166865348816,0.6234070658683777,818,978901890,2,3
196001,1920,2940015,376321920,23520,0.6354166865348816,128,196000,0.7963132858276367,1920,17,3,500000,1000,,196001.0,0.6692708134651184,0.5953847765922546,0.637499988079071,0.6236026883125305,822,978901890,2,3
197001,1920,2955015,378241920,23520,0.637499988079071,128,197000,0.8000242710113525,1920,17,3,500000,1000,,197001.0,0.6708333492279053,0.5953818559646606,0.6354166865348816,0.6234373450279236,825,978901890,2,3
198001,1920,2970015,380161920,23520,0.6354166865348816,128,198000,0.8038492202758789,1920,17,3,500000,1000,,198001.0,0.6713541746139526,0.5953829884529114,0.6333333253860474,0.6234630346298218,829,978901890,2,3
199001,1920,2985015,382081920,23520,0.6333333253860474,128,199000,0.8079452514648438,1920,17,3,500000,1000,,199001.0,0.6708333492279053,0.5953834652900696,0.6354166865348816,0.6233370900154114,833,978901890,2,3
200001,1920,3000015,384001920,23520,0.6354166865348816,128,200000,0.8122463226318359,1920,17,3,500000,1000,,200001.0,0.6703125238418579,0.595383882522583,0.6354166865348816,0.6237443089485168,837,978901890,2,3
201001,1920,3015015,385921920,23520,0.6354166865348816,128,201000,0.815962553024292,1920,17,3,500000,1000,,201001.0,0.6703125238418579,0.59538334608078,0.637499988079071,0.6234037280082703,841,978901890,2,3
202001,1920,3030015,387841920,23520,0.637499988079071,128,202000,0.8200254440307617,1920,17,3,500000,1000,,202001.0,0.6713541746139526,0.5953830480575562,0.6333333253860474,0.6234541535377502,845,978901890,2,3
203001,1920,3045015,389761920,23520,0.6333333253860474,128,203000,0.8241965770721436,1920,17,3,500000,1000,,203001.0,0.6708333492279053,0.5953843593597412,0.6354166865348816,0.6235811114311218,849,978901890,2,3
204001,1920,3060015,391681920,23520,0.6354166865348816,128,204000,0.8279194831848145,1920,17,3,500000,1000,,204001.0,0.6713541746139526,0.5953861474990845,0.6354166865348816,0.6235100626945496,853,978901890,2,3
205001,1920,3075015,393601920,23520,0.6354166865348816,128,205000,0.8316686153411865,1920,17,3,500000,1000,,205001.0,0.6713541746139526,0.59538334608078,0.6333333253860474,0.6231442093849182,857,978901890,2,3
206001,1920,3090015,395521920,23520,0.6333333253860474,128,206000,0.83571457862854,1920,17,3,500000,1000,,206001.0,0.6713541746139526,0.5953817367553711,0.6333333253860474,0.6237275004386902,861,978901890,2,3
207001,1920,3105015,397441920,23520,0.6333333253860474,128,207000,0.8394737243652344,1920,17,3,500000,1000,,207001.0,0.6708333492279053,0.5953818559646606,0.6354166865348816,0.6237106323242188,865,978901890,2,3
208001,1920,3120015,399361920,23520,0.6354166865348816,128,208000,0.8431968688964844,1920,17,3,500000,1000,,208001.0,0.6703125238418579,0.5953853726387024,0.637499988079071,0.6236637234687805,869,978901890,2,3
209001,1920,3135015,401281920,23520,0.637499988079071,128,209000,0.8469228744506836,1920,17,3,500000,1000,,209001.0,0.6703125238418579,0.5953801274299622,0.637499988079071,0.6233102083206177,873,978901890,2,3
210001,1920,3150015,403201920,23520,0.637499988079071,128,210000,0.8506817817687988,1920,17,3,500000,1000,,210001.0,0.6713541746139526,0.595380425453186,0.6333333253860474,0.6233980655670166,877,978901890,2,3
211001,1920,3165015,405121920,23520,0.6333333253860474,128,211000,0.8544268608093262,1920,17,3,500000,1000,,211001.0,0.6713541746139526,0.5953809022903442,0.6354166865348816,0.6236627697944641,881,978901890,2,3
212001,1920,3180015,407041920,23520,0.6354166865348816,128,212000,0.8581111431121826,1920,17,3,500000,1000,,212001.0,0.6708333492279053,0.5953806042671204,0.6354166865348816,0.6235263347625732,884,978901890,2,3
213001,1920,3195015,408961920,23520,0.6354166865348816,128,213000,0.861936092376709,1920,17,3,500000,1000,,213001.0,0.6703125238418579,0.5953801274299622,0.6354166865348816,0.6233657002449036,888,978901890,2,3
214001,1920,3210015,410881920,23520,0.6354166865348816,128,214000,0.8658990859985352,1920,17,3,500000,1000,,214001.0,0.6703125238418579,0.5953841805458069,0.6395833492279053,0.6233591437339783,892,978901890,2,3
215001,1920,3225015,412801920,23520,0.6395833492279053,128,215000,0.8696200847625732,1920,17,3,500000,1000,,215001.0,0.6713541746139526,0.5953789353370667,0.6354166865348816,0.623327374458313,896,978901890,2,3
216001,1920,3240015,414721920,23520,0.6354166865348816,128,216000,0.873366117477417,1920,17,3,500000,1000,,216001.0,0.671875,0.5953783392906189,0.6354166865348816,0.6234093308448792,900,978901890,2,3
217001,1920,3255015,416641920,23520,0.6354166865348816,128,217000,0.8773062229156494,1920,17,3,500000,1000,,217001.0,0.671875,0.5953751802444458,0.6333333253860474,0.6234006285667419,904,978901890,2,3
218001,1920,3270015,418561920,23520,0.6333333253860474,128,218000,0.8811509609222412,1920,17,3,500000,1000,,218001.0,0.6697916388511658,0.5953830480575562,0.637499988079071,0.6233391165733337,907,978901890,2,3
219001,1920,3285015,420481920,23520,0.637499988079071,128,219000,0.8853929042816162,1920,17,3,500000,1000,,219001.0,0.671875,0.59537672996521,0.6333333253860474,0.6234216690063477,911,978901890,2,3
220001,1920,3300015,422401920,23520,0.6333333253860474,128,220000,0.8891620635986328,1920,17,3,500000,1000,,220001.0,0.671875,0.59537672996521,0.6333333253860474,0.6232718229293823,915,978901890,2,3
221001,1920,3315015,424321920,23520,0.6333333253860474,128,221000,0.8930802345275879,1920,17,3,500000,1000,,221001.0,0.6713541746139526,0.5953766703605652,0.637499988079071,0.6234413981437683,919,978901890,2,3
222001,1920,3330015,426241920,23520,0.637499988079071,128,222000,0.8978302478790283,1920,17,3,500000,1000,,222001.0,0.6703125238418579,0.595377504825592,0.6354166865348816,0.6233860850334167,923,978901890,2,3
223001,1920,3345015,428161920,23520,0.6354166865348816,128,223000,0.9017484188079834,1920,17,3,500000,1000,,223001.0,0.6713541746139526,0.5953779816627502,0.6333333253860474,0.6233773827552795,927,978901890,2,3
224001,1920,3360015,430081920,23520,0.6333333253860474,128,224000,0.905449390411377,1920,17,3,500000,1000,,224001.0,0.6697916388511658,0.5953738689422607,0.6354166865348816,0.6236254572868347,931,978901890,2,3
225001,1920,3375015,432001920,23520,0.6354166865348816,128,225000,0.9092254638671875,1920,17,3,500000,1000,,225001.0,0.6708333492279053,0.5953724980354309,0.6354166865348816,0.6237403750419617,935,978901890,2,3
226001,1920,3390015,433921920,23520,0.6354166865348816,128,226000,0.9129416942596436,1920,17,3,500000,1000,,226001.0,0.6708333492279053,0.595375120639801,0.6354166865348816,0.6234006881713867,939,978901890,2,3
227001,1920,3405015,435841920,23520,0.6354166865348816,128,227000,0.9167766571044922,1920,17,3,500000,1000,,227001.0,0.6697916388511658,0.5953762531280518,0.637499988079071,0.623509407043457,943,978901890,2,3
228001,1920,3420015,437761920,23520,0.637499988079071,128,228000,0.920513391494751,1920,17,3,500000,1000,,228001.0,0.6697916388511658,0.5953791737556458,0.637499988079071,0.6232149600982666,947,978901890,2,3
229001,1920,3435015,439681920,23520,0.637499988079071,128,229000,0.9261674880981445,1920,17,3,500000,1000,,229001.0,0.6703125238418579,0.5953750610351562,0.6354166865348816,0.6232544183731079,951,978901890,2,3
230001,1920,3450015,441601920,23520,0.6354166865348816,128,230000,0.9309592247009277,1920,17,3,500000,1000,,230001.0,0.6703125238418579,0.5953723192214966,0.6354166865348816,0.6233537793159485,955,978901890,2,3
231001,1920,3465015,443521920,23520,0.6354166865348816,128,231000,0.934636116027832,1920,17,3,500000,1000,,231001.0,0.6713541746139526,0.5953749418258667,0.6354166865348816,0.6233145594596863,959,978901890,2,3
232001,1920,3480015,445441920,23520,0.6354166865348816,128,232000,0.9383211135864258,1920,17,3,500000,1000,,232001.0,0.6708333492279053,0.5953752994537354,0.6354166865348816,0.6232053637504578,963,978901890,2,3
233001,1920,3495015,447361920,23520,0.6354166865348816,128,233000,0.9420239925384521,1920,17,3,500000,1000,,233001.0,0.6697916388511658,0.5953723788261414,0.6354166865348816,0.6234062314033508,967,978901890,2,3
234001,1920,3510015,449281920,23520,0.6354166865348816,128,234000,0.9461550712585449,1920,17,3,500000,1000,,234001.0,0.6713541746139526,0.595370888710022,0.6354166865348816,0.6235896348953247,972,978901890,2,3
235001,1920,3525015,451201920,23520,0.6354166865348816,128,235000,0.9500229358673096,1920,17,3,500000,1000,,235001.0,0.6708333492279053,0.5953783392906189,0.6354166865348816,0.6233002543449402,976,978901890,2,3
236001,1920,3540015,453121920,23520,0.6354166865348816,128,236000,0.9536871910095215,1920,17,3,500000,1000,,236001.0,0.6713541746139526,0.5953739881515503,0.6333333253860474,0.6237817406654358,981,978901890,2,3
237001,1920,3555015,455041920,23520,0.6333333253860474,128,237000,0.9573609828948975,1920,17,3,500000,1000,,237001.0,0.6703125238418579,0.5953747630119324,0.6354166865348816,0.6235385537147522,986,978901890,2,3
238001,1920,3570015,456961920,23520,0.6354166865348816,128,238000,0.9611461162567139,1920,17,3,500000,1000,,238001.0,0.6708333492279053,0.5953787565231323,0.6354166865348816,0.6237321496009827,990,978901890,2,3
239001,1920,3585015,458881920,23520,0.6354166865348816,128,239000,0.9649078845977783,1920,17,3,500000,1000,,239001.0,0.6708333492279053,0.5953749418258667,0.6354166865348816,0.6236647963523865,994,978901890,2,3
240001,1920,3600015,460801920,23520,0.6354166865348816,128,240000,0.9685590267181396,1920,17,3,500000,1000,,240001.0,0.6713541746139526,0.5953760743141174,0.6354166865348816,0.6234951615333557,998,978901890,2,3
241001,1920,3615015,462721920,23520,0.6354166865348816,128,241000,0.9722437858581543,1920,17,3,500000,1000,,241001.0,0.6703125238418579,0.5953749418258667,0.6354166865348816,0.6232296824455261,1002,978901890,2,3
242001,1920,3630015,464641920,23520,0.6354166865348816,128,242000,0.9760329723358154,1920,17,3,500000,1000,,242001.0,0.6708333492279053,0.5953714847564697,0.6354166865348816,0.6233470439910889,1006,978901890,2,3
243001,1920,3645015,466561920,23520,0.6354166865348816,128,243000,0.9977610111236572,1920,17,3,500000,1000,,243001.0,0.6713541746139526,0.5953724384307861,0.6354166865348816,0.623573362827301,1011,978901890,2,3
244001,1920,3660015,468481920,23520,0.6354166865348816,128,244000,1.001471996307373,1920,17,3,500000,1000,,244001.0,0.671875,0.5953746438026428,0.6333333253860474,0.6238357424736023,1015,978901890,2,3
245001,1920,3675015,470401920,23520,0.6333333253860474,128,245000,1.005387544631958,1920,17,3,500000,1000,,245001.0,0.6713541746139526,0.5953705906867981,0.6333333253860474,0.623449981212616,1019,978901890,2,3
246001,1920,3690015,472321920,23520,0.6333333253860474,128,246000,1.0099694728851318,1920,17,3,500000,1000,,246001.0,0.6713541746139526,0.5953723192214966,0.6354166865348816,0.6236374974250793,1024,978901890,2,3
247001,1920,3705015,474241920,23520,0.6354166865348816,128,247000,1.013871431350708,1920,17,3,500000,1000,,247001.0,0.6703125238418579,0.5953702330589294,0.6354166865348816,0.6233285665512085,1028,978901890,2,3
248001,1920,3720015,476161920,23520,0.6354166865348816,128,248000,1.0175366401672363,1920,17,3,500000,1000,,248001.0,0.671875,0.5953714847564697,0.6333333253860474,0.6234498620033264,1033,978901890,2,3
249001,1920,3735015,478081920,23520,0.6333333253860474,128,249000,1.021245002746582,1920,17,3,500000,1000,,249001.0,0.6708333492279053,0.5953714847564697,0.6354166865348816,0.6233198642730713,1037,978901890,2,3
250001,1920,3750015,480001920,23520,0.6354166865348816,128,250000,1.0351982116699219,1920,17,3,500000,1000,,250001.0,0.6708333492279053,0.5953734517097473,0.6333333253860474,0.6232850551605225,1042,978901890,2,3
251001,1920,3765015,481921920,23520,0.6333333253860474,128,251000,1.039001226425171,1920,17,3,500000,1000,,251001.0,0.6713541746139526,0.5953714847564697,0.6333333253860474,0.6235020756721497,1046,978901890,2,3
252001,1920,3780015,483841920,23520,0.6333333253860474,128,252000,1.0482773780822754,1920,17,3,500000,1000,,252001.0,0.6703125238418579,0.5953772068023682,0.6354166865348816,0.6233424544334412,1050,978901890,2,3
253001,1920,3795015,485761920,23520,0.6354166865348816,128,253000,1.0522873401641846,1920,17,3,500000,1000,,253001.0,0.6703125238418579,0.5953693985939026,0.6354166865348816,0.6234843134880066,1054,978901890,2,3
254001,1920,3810015,487681920,23520,0.6354166865348816,128,254000,1.0582983493804932,1920,17,3,500000,1000,,254001.0,0.6708333492279053,0.5953677892684937,0.637499988079071,0.6235722899436951,1059,978901890,2,3
255001,1920,3825015,489601920,23520,0.637499988079071,128,255000,1.0644283294677734,1920,17,3,500000,1000,,255001.0,0.6708333492279053,0.5953713655471802,0.6354166865348816,0.6234602332115173,1065,978901890,2,3
256001,1920,3840015,491521920,23520,0.6354166865348816,128,256000,1.068115234375,1920,17,3,500000,1000,,256001.0,0.6703125238418579,0.5953722596168518,0.6395833492279053,0.6233078241348267,1070,978901890,2,3
257001,1920,3855015,493441920,23520,0.6395833492279053,128,257000,1.072685956954956,1920,17,3,500000,1000,,257001.0,0.6708333492279053,0.5953711271286011,0.637499988079071,0.6233323812484741,1074,978901890,2,3
258001,1920,3870015,495361920,23520,0.637499988079071,128,258000,1.0764508247375488,1920,17,3,500000,1000,,258001.0,0.6713541746139526,0.5953711867332458,0.6354166865348816,0.6235434412956238,1078,978901890,2,3
259001,1920,3885015,497281920,23520,0.6354166865348816,128,259000,1.0804266929626465,1920,17,3,500000,1000,,259001.0,0.6703125238418579,0.5953683257102966,0.6354166865348816,0.6234077215194702,1082,978901890,2,3
260001,1920,3900015,499201920,23520,0.6354166865348816,128,260000,1.0842745304107666,1920,17,3,500000,1000,,260001.0,0.6708333492279053,0.5953710079193115,0.6354166865348816,0.6233430504798889,1087,978901890,2,3
261001,1920,3915015,501121920,23520,0.6354166865348816,128,261000,1.0882697105407715,1920,17,3,500000,1000,,261001.0,0.6703125238418579,0.5953664183616638,0.6333333253860474,0.6233574151992798,1091,978901890,2,3
262001,1920,3930015,503041920,23520,0.6333333253860474,128,262000,1.0935425758361816,1920,17,3,500000,1000,,262001.0,0.6697916388511658,0.5953722596168518,0.6333333253860474,0.6235448122024536,1096,978901890,2,3
263001,1920,3945015,504961920,23520,0.6333333253860474,128,263000,1.0974245071411133,1920,17,3,500000,1000,,263001.0,0.671875,0.5953717827796936,0.6333333253860474,0.6238247156143188,1101,978901890,2,3
264001,1920,3960015,506881920,23520,0.6333333253860474,128,264000,1.1037805080413818,1920,17,3,500000,1000,,264001.0,0.6713541746139526,0.5953719019889832,0.6354166865348816,0.6238275170326233,1105,978901890,2,3
265001,1920,3975015,508801920,23520,0.6354166865348816,128,265000,1.107886552810669,1920,17,3,500000,1000,,265001.0,0.6713541746139526,0.5953673124313354,0.6333333253860474,0.6234661936759949,1110,978901890,2,3
266001,1920,3990015,510721920,23520,0.6333333253860474,128,266000,1.1117045879364014,1920,17,3,500000,1000,,266001.0,0.6708333492279053,0.5953688025474548,0.6354166865348816,0.6233270168304443,1114,978901890,2,3
267001,1920,4005015,512641920,23520,0.6354166865348816,128,267000,1.1157786846160889,1920,17,3,500000,1000,,267001.0,0.6713541746139526,0.5953666567802429,0.6333333253860474,0.6234914064407349,1119,978901890,2,3
268001,1920,4020015,514561920,23520,0.6333333253860474,128,268000,1.1262919902801514,1920,17,3,500000,1000,,268001.0,0.6703125238418579,0.5953694581985474,0.637499988079071,0.6233561038970947,1123,978901890,2,3
269001,1920,4035015,516481920,23520,0.637499988079071,128,269000,1.1361470222473145,1920,17,3,500000,1000,,269001.0,0.6708333492279053,0.595367431640625,0.637499988079071,0.6231979727745056,1128,978901890,2,3
270001,1920,4050015,518401920,23520,0.637499988079071,128,270000,1.140442132949829,1920,17,3,500000,1000,,270001.0,0.6703125238418579,0.5953670740127563,0.6354166865348816,0.623540461063385,1133,978901890,2,3
271001,1920,4065015,520321920,23520,0.6354166865348816,128,271000,1.144322395324707,1920,17,3,500000,1000,,271001.0,0.6708333492279053,0.5953690409660339,0.6354166865348816,0.6236125826835632,1137,978901890,2,3
272001,1920,4080015,522241920,23520,0.6354166865348816,128,272000,1.148057460784912,1920,17,3,500000,1000,,272001.0,0.6708333492279053,0.5953655242919922,0.6354166865348816,0.6236940622329712,1141,978901890,2,3
273001,1920,4095015,524161920,23520,0.6354166865348816,128,273000,1.1518664360046387,1920,17,3,500000,1000,,273001.0,0.6708333492279053,0.5953657031059265,0.6354166865348816,0.6232635378837585,1145,978901890,2,3
274001,1920,4110015,526081920,23520,0.6354166865348816,128,274000,1.1556315422058105,1920,17,3,500000,1000,,274001.0,0.6713541746139526,0.5953629612922668,0.6354166865348816,0.6231614947319031,1150,978901890,2,3
275001,1920,4125015,528001920,23520,0.6354166865348816,128,275000,1.159379482269287,1920,17,3,500000,1000,,275001.0,0.6713541746139526,0.5953661203384399,0.6333333253860474,0.623443067073822,1154,978901890,2,3
276001,1920,4140015,529921920,23520,0.6333333253860474,128,276000,1.1632184982299805,1920,17,3,500000,1000,,276001.0,0.671875,0.5953641533851624,0.6333333253860474,0.6234837174415588,1158,978901890,2,3
277001,1920,4155015,531841920,23520,0.6333333253860474,128,277000,1.167102336883545,1920,17,3,500000,1000,,277001.0,0.6713541746139526,0.5953656435012817,0.6354166865348816,0.6236854791641235,1162,978901890,2,3
278001,1920,4170015,533761920,23520,0.6354166865348816,128,278000,1.1708393096923828,1920,17,3,500000,1000,,278001.0,0.6713541746139526,0.5953653454780579,0.6354166865348816,0.6234608888626099,1166,978901890,2,3
279001,1920,4185015,535681920,23520,0.6354166865348816,128,279000,1.1747303009033203,1920,17,3,500000,1000,,279001.0,0.671875,0.5953660607337952,0.6333333253860474,0.6233678460121155,1170,978901890,2,3
280001,1920,4200015,537601920,23520,0.6333333253860474,128,280000,1.178511381149292,1920,17,3,500000,1000,,280001.0,0.6708333492279053,0.5953634977340698,0.6354166865348816,0.6235219240188599,1174,978901890,2,3
281001,1920,4215015,539521920,23520,0.6354166865348816,128,281000,1.1824212074279785,1920,17,3,500000,1000,,281001.0,0.6708333492279053,0.5953680276870728,0.6354166865348816,0.6235285401344299,1179,978901890,2,3
282001,1920,4230015,541441920,23520,0.6354166865348816,128,282000,1.1862633228302002,1920,17,3,500000,1000,,282001.0,0.6713541746139526,0.5953642129898071,0.6354166865348816,0.6235277056694031,1183,978901890,2,3
283001,1920,4245015,543361920,23520,0.6354166865348816,128,283000,1.1902134418487549,1920,17,3,500000,1000,,283001.0,0.6713541746139526,0.5953642129898071,0.6354166865348816,0.6235305070877075,1187,978901890,2,3
284001,1920,4260015,545281920,23520,0.6354166865348816,128,284000,1.1940155029296875,1920,17,3,500000,1000,,284001.0,0.6713541746139526,0.5953653454780579,0.6354166865348816,0.62356036901474,1191,978901890,2,3
285001,1920,4275015,547201920,23520,0.6354166865348816,128,285000,1.203155517578125,1920,17,3,500000,1000,,285001.0,0.6708333492279053,0.5953605771064758,0.6354166865348816,0.623397946357727,1195,978901890,2,3
286001,1920,4290015,549121920,23520,0.6354166865348816,128,286000,1.207268238067627,1920,17,3,500000,1000,,286001.0,0.6713541746139526,0.5953589081764221,0.6354166865348816,0.6238193511962891,1199,978901890,2,3
287001,1920,4305015,551041920,23520,0.6354166865348816,128,287000,1.2110381126403809,1920,17,3,500000,1000,,287001.0,0.671875,0.5953651070594788,0.6354166865348816,0.6238597631454468,1203,978901890,2,3
288001,1920,4320015,552961920,23520,0.6354166865348816,128,288000,1.2149033546447754,1920,17,3,500000,1000,,288001.0,0.6708333492279053,0.5953653454780579,0.6354166865348816,0.6234769225120544,1207,978901890,2,3
289001,1920,4335015,554881920,23520,0.6354166865348816,128,289000,1.2186872959136963,1920,17,3,500000,1000,,289001.0,0.6692708134651184,0.5953640341758728,0.6354166865348816,0.6236228942871094,1211,978901890,2,3
290001,1920,4350015,556801920,23520,0.6354166865348816,128,290000,1.222447395324707,1920,17,3,500000,1000,,290001.0,0.6697916388511658,0.5953665971755981,0.6354166865348816,0.6234210729598999,1215,978901890,2,3
291001,1920,4365015,558721920,23520,0.6354166865348816,128,291000,1.2262763977050781,1920,17,3,500000,1000,,291001.0,0.6708333492279053,0.5953657627105713,0.6333333253860474,0.6238212585449219,1219,978901890,2,3
292001,1920,4380015,560641920,23520,0.6333333253860474,128,292000,1.230001449584961,1920,17,3,500000,1000,,292001.0,0.6708333492279053,0.5953657627105713,0.6312500238418579,0.6238415241241455,1223,978901890,2,3
293001,1920,4395015,562561920,23520,0.6312500238418579,128,293000,1.2338476181030273,1920,17,3,500000,1000,,293001.0,0.6713541746139526,0.5953602194786072,0.6333333253860474,0.6240510940551758,1227,978901890,2,3
294001,1920,4410015,564481920,23520,0.6333333253860474,128,294000,1.23758864402771,1920,17,3,500000,1000,,294001.0,0.6713541746139526,0.5953600406646729,0.6333333253860474,0.6236037611961365,1231,978901890,2,3
295001,1920,4425015,566401920,23520,0.6333333253860474,128,295000,1.2413806915283203,1920,17,3,500000,1000,,295001.0,0.6708333492279053,0.5953624844551086,0.6333333253860474,0.6234918832778931,1235,978901890,2,3
296001,1920,4440015,568321920,23520,0.6333333253860474,128,296000,1.2451906204223633,1920,17,3,500000,1000,,296001.0,0.6703125238418579,0.5953651666641235,0.6354166865348816,0.6234123110771179,1239,978901890,2,3
297001,1920,4455015,570241920,23520,0.6354166865348816,128,297000,1.2498576641082764,1920,17,3,500000,1000,,297001.0,0.6703125238418579,0.5953636765480042,0.637499988079071,0.623582124710083,1243,978901890,2,3
298001,1920,4470015,572161920,23520,0.637499988079071,128,298000,1.253685712814331,1920,17,3,500000,1000,,298001.0,0.6697916388511658,0.5953637957572937,0.637499988079071,0.6233789324760437,1247,978901890,2,3
299001,1920,4485015,574081920,23520,0.637499988079071,128,299000,1.2576217651367188,1920,17,3,500000,1000,,299001.0,0.6703125238418579,0.5953620076179504,0.637499988079071,0.6232681274414062,1251,978901890,2,3
300001,1920,4500015,576001920,23520,0.637499988079071,128,300000,1.261429786682129,1920,17,3,500000,1000,,300001.0,0.6708333492279053,0.5953651666641235,0.6354166865348816,0.6235117316246033,1255,978901890,2,3
301001,1920,4515015,577921920,23520,0.6354166865348816,128,301000,1.2652387619018555,1920,17,3,500000,1000,,301001.0,0.6708333492279053,0.5953603386878967,0.6354166865348816,0.6236189603805542,1259,978901890,2,3
302001,1920,4530015,579841920,23520,0.6354166865348816,128,302000,1.2690715789794922,1920,17,3,500000,1000,,302001.0,0.6708333492279053,0.5953625440597534,0.6354166865348816,0.6237614154815674,1264,978901890,2,3
303001,1920,4545015,581761920,23520,0.6354166865348816,128,303000,1.272836446762085,1920,17,3,500000,1000,,303001.0,0.6708333492279053,0.595366358757019,0.6354166865348816,0.6235185265541077,1268,978901890,2,3
304001,1920,4560015,583681920,23520,0.6354166865348816,128,304000,1.2766361236572266,1920,17,3,500000,1000,,304001.0,0.6713541746139526,0.595367968082428,0.6333333253860474,0.6235554814338684,1272,978901890,2,3
305001,1920,4575015,585601920,23520,0.6333333253860474,128,305000,1.2804510593414307,1920,17,3,500000,1000,,305001.0,0.6708333492279053,0.5953672528266907,0.6354166865348816,0.623981237411499,1276,978901890,2,3
306001,1920,4590015,587521920,23520,0.6354166865348816,128,306000,1.2843611240386963,1920,17,3,500000,1000,,306001.0,0.6703125238418579,0.5953617095947266,0.6354166865348816,0.6235049962997437,1280,978901890,2,3
307001,1920,4605015,589441920,23520,0.6354166865348816,128,307000,1.2882080078125,1920,17,3,500000,1000,,307001.0,0.6697916388511658,0.5953635573387146,0.6333333253860474,0.6237099766731262,1284,978901890,2,3
308001,1920,4620015,591361920,23520,0.6333333253860474,128,308000,1.292349100112915,1920,17,3,500000,1000,,308001.0,0.671875,0.5953601598739624,0.6354166865348816,0.623619019985199,1288,978901890,2,3
309001,1920,4635015,593281920,23520,0.6354166865348816,128,309000,1.2961318492889404,1920,17,3,500000,1000,,309001.0,0.6713541746139526,0.5953625440597534,0.6354166865348816,0.6232497692108154,1293,978901890,2,3
310001,1920,4650015,595201920,23520,0.6354166865348816,128,310000,1.299976110458374,1920,17,3,500000,1000,,310001.0,0.6729166507720947,0.5953617095947266,0.6333333253860474,0.6234884858131409,1297,978901890,2,3
311001,1920,4665015,597121920,23520,0.6333333253860474,128,311000,1.3037829399108887,1920,17,3,500000,1000,,311001.0,0.671875,0.5953624844551086,0.637499988079071,0.6235826015472412,1301,978901890,2,3
312001,1920,4680015,599041920,23520,0.637499988079071,128,312000,1.3075759410858154,1920,17,3,500000,1000,,312001.0,0.6708333492279053,0.5953633785247803,0.6354166865348816,0.6232188940048218,1305,978901890,2,3
313001,1920,4695015,600961920,23520,0.6354166865348816,128,313000,1.3112800121307373,1920,17,3,500000,1000,,313001.0,0.6708333492279053,0.5953628420829773,0.6312500238418579,0.6235221028327942,1309,978901890,2,3
314001,1920,4710015,602881920,23520,0.6312500238418579,128,314000,1.3151278495788574,1920,17,3,500000,1000,,314001.0,0.6713541746139526,0.5953622460365295,0.6354166865348816,0.6235403418540955,1313,978901890,2,3
315001,1920,4725015,604801920,23520,0.6354166865348816,128,315000,1.3189289569854736,1920,17,3,500000,1000,,315001.0,0.6713541746139526,0.5953659415245056,0.637499988079071,0.6236017942428589,1317,978901890,2,3
316001,1920,4740015,606721920,23520,0.637499988079071,128,316000,1.322812795639038,1920,17,3,500000,1000,,316001.0,0.6708333492279053,0.5953671932220459,0.6354166865348816,0.6231663823127747,1321,978901890,2,3
317001,1920,4755015,608641920,23520,0.6354166865348816,128,317000,1.3265998363494873,1920,17,3,500000,1000,,317001.0,0.671875,0.5953585505485535,0.6354166865348816,0.6235342025756836,1325,978901890,2,3
318001,1920,4770015,610561920,23520,0.6354166865348816,128,318000,1.3303728103637695,1920,17,3,500000,1000,,318001.0,0.6713541746139526,0.5953584909439087,0.6354166865348816,0.623744785785675,1329,978901890,2,3
319001,1920,4785015,612481920,23520,0.6354166865348816,128,319000,1.3341779708862305,1920,17,3,500000,1000,,319001.0,0.6697916388511658,0.5953591465950012,0.637499988079071,0.6236140131950378,1333,978901890,2,3
320001,1920,4800015,614401920,23520,0.637499988079071,128,320000,1.3380100727081299,1920,17,3,500000,1000,,320001.0,0.6703125238418579,0.5953609943389893,0.6354166865348816,0.623876690864563,1337,978901890,2,3
321001,1920,4815015,616321920,23520,0.6354166865348816,128,321000,1.3418300151824951,1920,17,3,500000,1000,,321001.0,0.6703125238418579,0.5953582525253296,0.6354166865348816,0.6234824061393738,1341,978901890,2,3
322001,1920,4830015,618241920,23520,0.6354166865348816,128,322000,1.3456060886383057,1920,17,3,500000,1000,,322001.0,0.6697916388511658,0.5953628420829773,0.6354166865348816,0.6233967542648315,1345,978901890,2,3
323001,1920,4845015,620161920,23520,0.6354166865348816,128,323000,1.3502182960510254,1920,17,3,500000,1000,,323001.0,0.6703125238418579,0.5953605771064758,0.6354166865348816,0.6235414147377014,1349,978901890,2,3
324001,1920,4860015,622081920,23520,0.6354166865348816,128,324000,1.3541443347930908,1920,17,3,500000,1000,,324001.0,0.6703125238418579,0.5953606367111206,0.6354166865348816,0.6233633756637573,1353,978901890,2,3
325001,1920,4875015,624001920,23520,0.6354166865348816,128,325000,1.3578951358795166,1920,17,3,500000,1000,,325001.0,0.6703125238418579,0.5953578352928162,0.637499988079071,0.6237704157829285,1357,978901890,2,3
326001,1920,4890015,625921920,23520,0.637499988079071,128,326000,1.3615999221801758,1920,17,3,500000,1000,,326001.0,0.6692708134651184,0.5953608751296997,0.6395833492279053,0.6236171722412109,1361,978901890,2,3
327001,1920,4905015,627841920,23520,0.6395833492279053,128,327000,1.365506649017334,1920,17,3,500000,1000,,327001.0,0.6697916388511658,0.5953609347343445,0.637499988079071,0.6234370470046997,1366,978901890,2,3
328001,1920,4920015,629761920,23520,0.637499988079071,128,328000,1.3693077564239502,1920,17,3,500000,1000,,328001.0,0.6703125238418579,0.5953567028045654,0.637499988079071,0.6234307885169983,1369,978901890,2,3
329001,1920,4935015,631681920,23520,0.637499988079071,128,329000,1.373060703277588,1920,17,3,500000,1000,,329001.0,0.6708333492279053,0.5953574776649475,0.6333333253860474,0.6232203245162964,1374,978901890,2,3
330001,1920,4950015,633601920,23520,0.6333333253860474,128,330000,1.378448724746704,1920,17,3,500000,1000,,330001.0,0.6708333492279053,0.595357358455658,0.6354166865348816,0.6232868432998657,1378,978901890,2,3
331001,1920,4965015,635521920,23520,0.6354166865348816,128,331000,1.382920742034912,1920,17,3,500000,1000,,331001.0,0.6708333492279053,0.5953605771064758,0.6354166865348816,0.6235568523406982,1382,978901890,2,3
332001,1920,4980015,637441920,23520,0.6354166865348816,128,332000,1.386798620223999,1920,17,3,500000,1000,,332001.0,0.6703125238418579,0.5953596830368042,0.6354166865348816,0.6234397888183594,1386,978901890,2,3
333001,1920,4995015,639361920,23520,0.6354166865348816,128,333000,1.3909416198730469,1920,17,3,500000,1000,,333001.0,0.6697916388511658,0.5953589677810669,0.6333333253860474,0.6235358119010925,1390,978901890,2,3
334001,1920,5010015,641281920,23520,0.6333333253860474,128,334000,1.3947484493255615,1920,17,3,500000,1000,,334001.0,0.671875,0.5953584313392639,0.6333333253860474,0.6236342191696167,1394,978901890,2,3
335001,1920,5025015,643201920,23520,0.6333333253860474,128,335000,1.398585319519043,1920,17,3,500000,1000,,335001.0,0.6708333492279053,0.5953572392463684,0.6354166865348816,0.6234260201454163,1398,978901890,2,3
336001,1920,5040015,645121920,23520,0.6354166865348816,128,336000,1.402433156967163,1920,17,3,500000,1000,,336001.0,0.6708333492279053,0.5953613519668579,0.6333333253860474,0.6231743693351746,1402,978901890,2,3
337001,1920,5055015,647041920,23520,0.6333333253860474,128,337000,1.4062941074371338,1920,17,3,500000,1000,,337001.0,0.671875,0.5953599214553833,0.6354166865348816,0.6235567331314087,1406,978901890,2,3
338001,1920,5070015,648961920,23520,0.6354166865348816,128,338000,1.4102180004119873,1920,17,3,500000,1000,,338001.0,0.6708333492279053,0.5953575968742371,0.6354166865348816,0.6237584352493286,1411,978901890,2,3
339001,1920,5085015,650881920,23520,0.6354166865348816,128,339000,1.4141440391540527,1920,17,3,500000,1000,,339001.0,0.668749988079071,0.595358669757843,0.637499988079071,0.6238024830818176,1415,978901890,2,3
340001,1920,5100015,652801920,23520,0.637499988079071,128,340000,1.419748067855835,1920,17,3,500000,1000,,340001.0,0.6703125238418579,0.5953550338745117,0.637499988079071,0.6235681176185608,1419,978901890,2,3
341001,1920,5115015,654721920,23520,0.637499988079071,128,341000,1.4235382080078125,1920,17,3,500000,1000,,341001.0,0.6708333492279053,0.5953593850135803,0.637499988079071,0.6233898401260376,1423,978901890,2,3
342001,1920,5130015,656641920,23520,0.637499988079071,128,342000,1.427363395690918,1920,17,3,500000,1000,,342001.0,0.6703125238418579,0.5953580141067505,0.637499988079071,0.6235673427581787,1427,978901890,2,3
343001,1920,5145015,658561920,23520,0.637499988079071,128,343000,1.431192398071289,1920,17,3,500000,1000,,343001.0,0.671875,0.5953572988510132,0.6333333253860474,0.6235731244087219,1431,978901890,2,3
344001,1920,5160015,660481920,23520,0.6333333253860474,128,344000,1.4350433349609375,1920,17,3,500000,1000,,344001.0,0.6708333492279053,0.595356822013855,0.6354166865348816,0.6236756443977356,1436,978901890,2,3
345001,1920,5175015,662401920,23520,0.6354166865348816,128,345000,1.438988208770752,1920,17,3,500000,1000,,345001.0,0.6708333492279053,0.5953567624092102,0.6354166865348816,0.6234384775161743,1440,978901890,2,3
346001,1920,5190015,664321920,23520,0.6354166865348816,128,346000,1.4428513050079346,1920,17,3,500000,1000,,346001.0,0.6692708134651184,0.5953572392463684,0.637499988079071,0.6234685778617859,1444,978901890,2,3
347001,1920,5205015,666241920,23520,0.637499988079071,128,347000,1.4466822147369385,1920,17,3,500000,1000,,347001.0,0.6708333492279053,0.5953575372695923,0.637499988079071,0.6235178112983704,1448,978901890,2,3
348001,1920,5220015,668161920,23520,0.637499988079071,128,348000,1.4505763053894043,1920,17,3,500000,1000,,348001.0,0.6708333492279053,0.5953586101531982,0.637499988079071,0.6235484480857849,1453,978901890,2,3
349001,1920,5235015,670081920,23520,0.637499988079071,128,349000,1.454418420791626,1920,17,3,500000,1000,,349001.0,0.671875,0.5953590273857117,0.6354166865348816,0.623426079750061,1457,978901890,2,3
350001,1920,5250015,672001920,23520,0.6354166865348816,128,350000,1.458266258239746,1920,17,3,500000,1000,,350001.0,0.6713541746139526,0.59535813331604,0.6354166865348816,0.6236150860786438,1461,978901890,2,3
351001,1920,5265015,673921920,23520,0.6354166865348816,128,351000,1.4620800018310547,1920,17,3,500000,1000,,351001.0,0.6703125238418579,0.5953575372695923,0.6333333253860474,0.6237936019897461,1465,978901890,2,3
352001,1920,5280015,675841920,23520,0.6333333253860474,128,352000,1.4661812782287598,1920,17,3,500000,1000,,352001.0,0.6708333492279053,0.5953583121299744,0.6354166865348816,0.6240174174308777,1469,978901890,2,3
353001,1920,5295015,677761920,23520,0.6354166865348816,128,353000,1.47007155418396,1920,17,3,500000,1000,,353001.0,0.671875,0.5953543186187744,0.6354166865348816,0.6236024498939514,1473,978901890,2,3
354001,1920,5310015,679681920,23520,0.6354166865348816,128,354000,1.4738945960998535,1920,17,3,500000,1000,,354001.0,0.6708333492279053,0.5953556299209595,0.6354166865348816,0.6236675977706909,1477,978901890,2,3
355001,1920,5325015,681601920,23520,0.6354166865348816,128,355000,1.4777088165283203,1920,17,3,500000,1000,,355001.0,0.6708333492279053,0.5953537821769714,0.6354166865348816,0.6238228678703308,1481,978901890,2,3
356001,1920,5340015,683521920,23520,0.6354166865348816,128,356000,1.4814410209655762,1920,17,3,500000,1000,,356001.0,0.671875,0.5953540802001953,0.6333333253860474,0.6238719820976257,1485,978901890,2,3
357001,1920,5355015,685441920,23520,0.6333333253860474,128,357000,1.4851977825164795,1920,17,3,500000,1000,,357001.0,0.671875,0.5953591465950012,0.6333333253860474,0.6239921450614929,1489,978901890,2,3
358001,1920,5370015,687361920,23520,0.6333333253860474,128,358000,1.4888567924499512,1920,17,3,500000,1000,,358001.0,0.6713541746139526,0.5953580141067505,0.6333333253860474,0.6240524649620056,1493,978901890,2,3
359001,1920,5385015,689281920,23520,0.6333333253860474,128,359000,1.492546796798706,1920,17,3,500000,1000,,359001.0,0.6708333492279053,0.5953564047813416,0.6354166865348816,0.6237178444862366,1497,978901890,2,3
360001,1920,5400015,691201920,23520,0.6354166865348816,128,360000,1.4967806339263916,1920,17,3,500000,1000,,360001.0,0.6713541746139526,0.5953550338745117,0.6354166865348816,0.6235866546630859,1501,978901890,2,3
361001,1920,5415015,693121920,23520,0.6354166865348816,128,361000,1.5006747245788574,1920,17,3,500000,1000,,361001.0,0.6697916388511658,0.5953613519668579,0.6354166865348816,0.6235475540161133,1506,978901890,2,3
362001,1920,5430015,695041920,23520,0.6354166865348816,128,362000,1.5044267177581787,1920,17,3,500000,1000,,362001.0,0.6713541746139526,0.5953575372695923,0.6354166865348816,0.6236011981964111,1510,978901890,2,3
363001,1920,5445015,696961920,23520,0.6354166865348816,128,363000,1.511671781539917,1920,17,3,500000,1000,,363001.0,0.6708333492279053,0.5953540205955505,0.6354166865348816,0.6235886216163635,1516,978901890,2,3
364001,1920,5460015,698881920,23520,0.6354166865348816,128,364000,1.5162458419799805,1920,17,3,500000,1000,,364001.0,0.6703125238418579,0.5953567028045654,0.6354166865348816,0.6236316561698914,1523,978901890,2,3
365001,1920,5475015,700801920,23520,0.6354166865348816,128,365000,1.5203006267547607,1920,17,3,500000,1000,,365001.0,0.671875,0.5953565835952759,0.6333333253860474,0.6237499117851257,1534,978901890,2,3
366001,1920,5490015,702721920,23520,0.6333333253860474,128,366000,1.5251367092132568,1920,17,3,500000,1000,,366001.0,0.6708333492279053,0.5953568816184998,0.6312500238418579,0.6237050890922546,1539,978901890,2,3
367001,1920,5505015,704641920,23520,0.6312500238418579,128,367000,1.5290799140930176,1920,17,3,500000,1000,,367001.0,0.6713541746139526,0.5953521728515625,0.6354166865348816,0.6236196160316467,1543,978901890,2,3
368001,1920,5520015,706561920,23520,0.6354166865348816,128,368000,1.5329310894012451,1920,17,3,500000,1000,,368001.0,0.6708333492279053,0.5953567624092102,0.6354166865348816,0.6234031915664673,1548,978901890,2,3
369001,1920,5535015,708481920,23520,0.6354166865348816,128,369000,1.5368149280548096,1920,17,3,500000,1000,,369001.0,0.6697916388511658,0.5953546166419983,0.6354166865348816,0.6236394643783569,1552,978901890,2,3
370001,1920,5550015,710401920,23520,0.6354166865348816,128,370000,1.5408008098602295,1920,17,3,500000,1000,,370001.0,0.6697916388511658,0.5953550934791565,0.6354166865348816,0.6236752867698669,1556,978901890,2,3
371001,1920,5565015,712321920,23520,0.6354166865348816,128,371000,1.546996831893921,1920,17,3,500000,1000,,371001.0,0.6697916388511658,0.5953540205955505,0.637499988079071,0.623723566532135,1561,978901890,2,3
372001,1920,5580015,714241920,23520,0.637499988079071,128,372000,1.5509638786315918,1920,17,3,500000,1000,,372001.0,0.6703125238418579,0.5953524708747864,0.6354166865348816,0.6234919428825378,1565,978901890,2,3
373001,1920,5595015,716161920,23520,0.6354166865348816,128,373000,1.5550658702850342,1920,17,3,500000,1000,,373001.0,0.6708333492279053,0.5953600406646729,0.6395833492279053,0.6236374378204346,1570,978901890,2,3
374001,1920,5610015,718081920,23520,0.6395833492279053,128,374000,1.5590705871582031,1920,17,3,500000,1000,,374001.0,0.6708333492279053,0.5953570008277893,0.6354166865348816,0.6236459016799927,1574,978901890,2,3
375001,1920,5625015,720001920,23520,0.6354166865348816,128,375000,1.5630624294281006,1920,17,3,500000,1000,,375001.0,0.6708333492279053,0.5953519344329834,0.6354166865348816,0.6236244440078735,1578,978901890,2,3
376001,1920,5640015,721921920,23520,0.6354166865348816,128,376000,1.567014217376709,1920,17,3,500000,1000,,376001.0,0.6703125238418579,0.5953529477119446,0.637499988079071,0.6238348484039307,1583,978901890,2,3
377001,1920,5655015,723841920,23520,0.637499988079071,128,377000,1.5709433555603027,1920,17,3,500000,1000,,377001.0,0.6708333492279053,0.5953518152236938,0.6354166865348816,0.6238406300544739,1587,978901890,2,3
378001,1920,5670015,725761920,23520,0.6354166865348816,128,378000,1.5747694969177246,1920,17,3,500000,1000,,378001.0,0.6723958253860474,0.5953531265258789,0.637499988079071,0.6238806247711182,1592,978901890,2,3
379001,1920,5685015,727681920,23520,0.637499988079071,128,379000,1.5785694122314453,1920,17,3,500000,1000,,379001.0,0.671875,0.5953542590141296,0.6333333253860474,0.6237760782241821,1597,978901890,2,3
380001,1920,5700015,729601920,23520,0.6333333253860474,128,380000,1.5823893547058105,1920,17,3,500000,1000,,380001.0,0.6703125238418579,0.5953516364097595,0.6354166865348816,0.6236819624900818,1601,978901890,2,3
381001,1920,5715015,731521920,23520,0.6354166865348816,128,381000,1.5899550914764404,1920,17,3,500000,1000,,381001.0,0.6708333492279053,0.5953496694564819,0.637499988079071,0.6237157583236694,1606,978901890,2,3
382001,1920,5730015,733441920,23520,0.637499988079071,128,382000,1.5937798023223877,1920,17,3,500000,1000,,382001.0,0.6723958253860474,0.5953523516654968,0.637499988079071,0.6237218379974365,1610,978901890,2,3
383001,1920,5745015,735361920,23520,0.637499988079071,128,383000,1.5975558757781982,1920,17,3,500000,1000,,383001.0,0.668749988079071,0.5953531861305237,0.637499988079071,0.6236646771430969,1614,978901890,2,3
384001,1920,5760015,737281920,23520,0.637499988079071,128,384000,1.6013686656951904,1920,17,3,500000,1000,,384001.0,0.6703125238418579,0.5953519344329834,0.6333333253860474,0.6234987378120422,1618,978901890,2,3
385001,1920,5775015,739201920,23520,0.6333333253860474,128,385000,1.6051719188690186,1920,17,3,500000,1000,,385001.0,0.6708333492279053,0.5953540802001953,0.6354166865348816,0.6236498355865479,1622,978901890,2,3
386001,1920,5790015,741121920,23520,0.6354166865348816,128,386000,1.6126909255981445,1920,17,3,500000,1000,,386001.0,0.671875,0.5953550934791565,0.637499988079071,0.6233709454536438,1627,978901890,2,3
387001,1920,5805015,743041920,23520,0.637499988079071,128,387000,1.6164870262145996,1920,17,3,500000,1000,,387001.0,0.6703125238418579,0.5953513979911804,0.6354166865348816,0.6238104104995728,1631,978901890,2,3
388001,1920,5820015,744961920,23520,0.6354166865348816,128,388000,1.6203198432922363,1920,17,3,500000,1000,,388001.0,0.6713541746139526,0.5953528881072998,0.6354166865348816,0.6237237453460693,1636,978901890,2,3
389001,1920,5835015,746881920,23520,0.6354166865348816,128,389000,1.6240708827972412,1920,17,3,500000,1000,,389001.0,0.6697916388511658,0.5953513383865356,0.6333333253860474,0.6240480542182922,1640,978901890,2,3
390001,1920,5850015,748801920,23520,0.6333333253860474,128,390000,1.6278910636901855,1920,17,3,500000,1000,,390001.0,0.6703125238418579,0.5953517556190491,0.637499988079071,0.6235834360122681,1645,978901890,2,3
391001,1920,5865015,750721920,23520,0.637499988079071,128,391000,1.631688117980957,1920,17,3,500000,1000,,391001.0,0.6703125238418579,0.5953508019447327,0.637499988079071,0.6232979893684387,1649,978901890,2,3
392001,1920,5880015,752641920,23520,0.637499988079071,128,392000,1.6354682445526123,1920,17,3,500000,1000,,392001.0,0.6708333492279053,0.5953511595726013,0.6354166865348816,0.6237852573394775,1653,978901890,2,3
393001,1920,5895015,754561920,23520,0.6354166865348816,128,393000,1.6392972469329834,1920,17,3,500000,1000,,393001.0,0.6697916388511658,0.5953530669212341,0.637499988079071,0.6240005493164062,1657,978901890,2,3
394001,1920,5910015,756481920,23520,0.637499988079071,128,394000,1.6431140899658203,1920,17,3,500000,1000,,394001.0,0.6708333492279053,0.595355749130249,0.6333333253860474,0.6237966418266296,1661,978901890,2,3
395001,1920,5925015,758401920,23520,0.6333333253860474,128,395000,1.6469309329986572,1920,17,3,500000,1000,,395001.0,0.6697916388511658,0.5953533053398132,0.6333333253860474,0.6233863234519958,1665,978901890,2,3
396001,1920,5940015,760321920,23520,0.6333333253860474,128,396000,1.6507370471954346,1920,17,3,500000,1000,,396001.0,0.6713541746139526,0.5953511595726013,0.6354166865348816,0.6237680912017822,1670,978901890,2,3
397001,1920,5955015,762241920,23520,0.6354166865348816,128,397000,1.6544890403747559,1920,17,3,500000,1000,,397001.0,0.6708333492279053,0.5953522324562073,0.6354166865348816,0.6238089799880981,1674,978901890,2,3
398001,1920,5970015,764161920,23520,0.6354166865348816,128,398000,1.6582989692687988,1920,17,3,500000,1000,,398001.0,0.6697916388511658,0.5953518152236938,0.6354166865348816,0.6236922740936279,1678,978901890,2,3
399001,1920,5985015,766081920,23520,0.6354166865348816,128,399000,1.6621208190917969,1920,17,3,500000,1000,,399001.0,0.6708333492279053,0.5953512787818909,0.6354166865348816,0.6238247156143188,1683,978901890,2,3
400001,1920,6000015,768001920,23520,0.6354166865348816,128,400000,1.6659307479858398,1920,17,3,500000,1000,,400001.0,0.6708333492279053,0.5953525900840759,0.6354166865348816,0.6238791942596436,1687,978901890,2,3
401001,1920,6015015,769921920,23520,0.6354166865348816,128,401000,1.669679880142212,1920,17,3,500000,1000,,401001.0,0.6692708134651184,0.5953519344329834,0.6354166865348816,0.6236995458602905,1692,978901890,2,3
402001,1920,6030015,771841920,23520,0.6354166865348816,128,402000,1.6735076904296875,1920,17,3,500000,1000,,402001.0,0.6708333492279053,0.5953506231307983,0.6354166865348816,0.6238645911216736,1696,978901890,2,3
403001,1920,6045015,773761920,23520,0.6354166865348816,128,403000,1.677250862121582,1920,17,3,500000,1000,,403001.0,0.6703125238418579,0.5953519344329834,0.637499988079071,0.6236448884010315,1701,978901890,2,3
404001,1920,6060015,775681920,23520,0.637499988079071,128,404000,1.681035041809082,1920,17,3,500000,1000,,404001.0,0.6697916388511658,0.5953527688980103,0.637499988079071,0.6236880421638489,1705,978901890,2,3
405001,1920,6075015,777601920,23520,0.637499988079071,128,405000,1.6847999095916748,1920,17,3,500000,1000,,405001.0,0.6697916388511658,0.5953563451766968,0.637499988079071,0.6237462162971497,1709,978901890,2,3
406001,1920,6090015,779521920,23520,0.637499988079071,128,406000,1.6886188983917236,1920,17,3,500000,1000,,406001.0,0.6708333492279053,0.5953537225723267,0.6354166865348816,0.6236923933029175,1714,978901890,2,3
407001,1920,6105015,781441920,23520,0.6354166865348816,128,407000,1.6924657821655273,1920,17,3,500000,1000,,407001.0,0.6723958253860474,0.5953565239906311,0.637499988079071,0.6238587498664856,1718,978901890,2,3
408001,1920,6120015,783361920,23520,0.637499988079071,128,408000,1.6978259086608887,1920,17,3,500000,1000,,408001.0,0.6708333492279053,0.5953540205955505,0.637499988079071,0.6239434480667114,1723,978901890,2,3
409001,1920,6135015,785281920,23520,0.637499988079071,128,409000,1.7016818523406982,1920,17,3,500000,1000,,409001.0,0.6708333492279053,0.5953512191772461,0.637499988079071,0.6236819624900818,1727,978901890,2,3
410001,1920,6150015,787201920,23520,0.637499988079071,128,410000,1.7060437202453613,1920,17,3,500000,1000,,410001.0,0.6713541746139526,0.5953511595726013,0.6354166865348816,0.6236772537231445,1731,978901890,2,3
411001,1920,6165015,789121920,23520,0.6354166865348816,128,411000,1.7114286422729492,1920,17,3,500000,1000,,411001.0,0.6703125238418579,0.5953521132469177,0.6354166865348816,0.6236480474472046,1736,978901890,2,3
412001,1920,6180015,791041920,23520,0.6354166865348816,128,412000,1.7153935432434082,1920,17,3,500000,1000,,412001.0,0.6703125238418579,0.5953501462936401,0.6333333253860474,0.6237342953681946,1740,978901890,2,3
413001,1920,6195015,792961920,23520,0.6333333253860474,128,413000,1.7193348407745361,1920,17,3,500000,1000,,413001.0,0.6708333492279053,0.5953531861305237,0.6354166865348816,0.6237497329711914,1747,978901890,2,3
414001,1920,6210015,794881920,23520,0.6354166865348816,128,414000,1.7232530117034912,1920,17,3,500000,1000,,414001.0,0.6708333492279053,0.5953532457351685,0.6354166865348816,0.6239145398139954,1751,978901890,2,3
415001,1920,6225015,796801920,23520,0.6354166865348816,128,415000,1.727182149887085,1920,17,3,500000,1000,,415001.0,0.6703125238418579,0.5953539609909058,0.637499988079071,0.6238275170326233,1756,978901890,2,3
416001,1920,6240015,798721920,23520,0.637499988079071,128,416000,1.7314839363098145,1920,17,3,500000,1000,,416001.0,0.6708333492279053,0.5953505635261536,0.6354166865348816,0.6239109635353088,1768,978901890,2,3
417001,1920,6255015,800641920,23520,0.6354166865348816,128,417000,1.7357819080352783,1920,17,3,500000,1000,,417001.0,0.6692708134651184,0.5953576564788818,0.6354166865348816,0.6236081719398499,1776,978901890,2,3
418001,1920,6270015,802561920,23520,0.6354166865348816,128,418000,1.7395706176757812,1920,17,3,500000,1000,,418001.0,0.6708333492279053,0.5953498482704163,0.6354166865348816,0.6239265203475952,1781,978901890,2,3
419001,1920,6285015,804481920,23520,0.6354166865348816,128,419000,1.7451956272125244,1920,17,3,500000,1000,,419001.0,0.6713541746139526,0.5953506827354431,0.637499988079071,0.6237481832504272,1792,978901890,2,3
420001,1920,6300015,806401920,23520,0.637499988079071,128,420000,1.7490215301513672,1920,17,3,500000,1000,,420001.0,0.671875,0.5953540205955505,0.6354166865348816,0.6237768530845642,1799,978901890,2,3
421001,1920,6315015,808321920,23520,0.6354166865348816,128,421000,1.7527563571929932,1920,17,3,500000,1000,,421001.0,0.671875,0.5953519344329834,0.6333333253860474,0.623523473739624,1805,978901890,2,3
422001,1920,6330015,810241920,23520,0.6333333253860474,128,422000,1.7566485404968262,1920,17,3,500000,1000,,422001.0,0.6713541746139526,0.5953543186187744,0.6333333253860474,0.6234923601150513,1812,978901890,2,3
423001,1920,6345015,812161920,23520,0.6333333253860474,128,423000,1.7609944343566895,1920,17,3,500000,1000,,423001.0,0.6708333492279053,0.595352828502655,0.6354166865348816,0.6239922046661377,1820,978901890,2,3
424001,1920,6360015,814081920,23520,0.6354166865348816,128,424000,1.7649786472320557,1920,17,3,500000,1000,,424001.0,0.6708333492279053,0.5953505635261536,0.6354166865348816,0.6240521669387817,1824,978901890,2,3
425001,1920,6375015,816001920,23520,0.6354166865348816,128,425000,1.7688543796539307,1920,17,3,500000,1000,,425001.0,0.6703125238418579,0.5953515768051147,0.6354166865348816,0.6236477494239807,1829,978901890,2,3
426001,1920,6390015,817921920,23520,0.6354166865348816,128,426000,1.772780418395996,1920,17,3,500000,1000,,426001.0,0.6703125238418579,0.5953510403633118,0.6354166865348816,0.6235443353652954,1833,978901890,2,3
427001,1920,6405015,819841920,23520,0.6354166865348816,128,427000,1.778214454650879,1920,17,3,500000,1000,,427001.0,0.6703125238418579,0.5953512787818909,0.6354166865348816,0.6235643625259399,1837,978901890,2,3
428001,1920,6420015,821761920,23520,0.6354166865348816,128,428000,1.782494306564331,1920,17,3,500000,1000,,428001.0,0.6703125238418579,0.5953512787818909,0.6354166865348816,0.62357497215271,1842,978901890,2,3
429001,1920,6435015,823681920,23520,0.6354166865348816,128,429000,1.78633713722229,1920,17,3,500000,1000,,429001.0,0.6703125238418579,0.5953516364097595,0.6333333253860474,0.6239219903945923,1846,978901890,2,3
430001,1920,6450015,825601920,23520,0.6333333253860474,128,430000,1.7906513214111328,1920,17,3,500000,1000,,430001.0,0.6703125238418579,0.5953500270843506,0.6354166865348816,0.6239508390426636,1850,978901890,2,3
431001,1920,6465015,827521920,23520,0.6354166865348816,128,431000,1.7943992614746094,1920,17,3,500000,1000,,431001.0,0.6713541746139526,0.5953484177589417,0.6354166865348816,0.6236706376075745,1855,978901890,2,3
432001,1920,6480015,829441920,23520,0.6354166865348816,128,432000,1.7982122898101807,1920,17,3,500000,1000,,432001.0,0.6703125238418579,0.5953475832939148,0.6354166865348816,0.6234441995620728,1860,978901890,2,3
433001,1920,6495015,831361920,23520,0.6354166865348816,128,433000,1.802201271057129,1920,17,3,500000,1000,,433001.0,0.6703125238418579,0.5953473448753357,0.6354166865348816,0.6236850619316101,1864,978901890,2,3
434001,1920,6510015,833281920,23520,0.6354166865348816,128,434000,1.8059961795806885,1920,17,3,500000,1000,,434001.0,0.6697916388511658,0.5953491926193237,0.6354166865348816,0.6235923767089844,1868,978901890,2,3
435001,1920,6525015,835201920,23520,0.6354166865348816,128,435000,1.8103723526000977,1920,17,3,500000,1000,,435001.0,0.6708333492279053,0.5953512787818909,0.6354166865348816,0.6236589550971985,1885,978901890,2,3
436001,1920,6540015,837121920,23520,0.6354166865348816,128,436000,1.8154661655426025,1920,17,3,500000,1000,,436001.0,0.6708333492279053,0.5953496694564819,0.6354166865348816,0.6235361695289612,1895,978901890,2,3
437001,1920,6555015,839041920,23520,0.6354166865348816,128,437000,1.8253114223480225,1920,17,3,500000,1000,,437001.0,0.6708333492279053,0.5953519344329834,0.6354166865348816,0.6234425902366638,1905,978901890,2,3
438001,1920,6570015,840961920,23520,0.6354166865348816,128,438000,1.8296802043914795,1920,17,3,500000,1000,,438001.0,0.6713541746139526,0.5953509211540222,0.6333333253860474,0.6236470937728882,1915,978901890,2,3
439001,1920,6585015,842881920,23520,0.6333333253860474,128,439000,1.8393921852111816,1920,17,3,500000,1000,,439001.0,0.6713541746139526,0.5953505635261536,0.6333333253860474,0.6237651705741882,1923,978901890,2,3
440001,1920,6600015,844801920,23520,0.6333333253860474,128,440000,1.843109369277954,1920,17,3,500000,1000,,440001.0,0.6708333492279053,0.5953477025032043,0.6354166865348816,0.6237688660621643,1929,978901890,2,3
441001,1920,6615015,846721920,23520,0.6354166865348816,128,441000,1.8469111919403076,1920,17,3,500000,1000,,441001.0,0.6713541746139526,0.5953484773635864,0.6333333253860474,0.6238123178482056,1934,978901890,2,3
442001,1920,6630015,848641920,23520,0.6333333253860474,128,442000,1.8507122993469238,1920,17,3,500000,1000,,442001.0,0.6703125238418579,0.5953522324562073,0.6354166865348816,0.6237173080444336,1938,978901890,2,3
443001,1920,6645015,850561920,23520,0.6354166865348816,128,443000,1.854567050933838,1920,17,3,500000,1000,,443001.0,0.6708333492279053,0.595355212688446,0.6354166865348816,0.6234763264656067,1942,978901890,2,3
444001,1920,6660015,852481920,23520,0.6354166865348816,128,444000,1.8583488464355469,1920,17,3,500000,1000,,444001.0,0.6703125238418579,0.5953502058982849,0.6354166865348816,0.6237003207206726,1946,978901890,2,3
445001,1920,6675015,854401920,23520,0.6354166865348816,128,445000,1.8631768226623535,1920,17,3,500000,1000,,445001.0,0.6697916388511658,0.5953499674797058,0.6354166865348816,0.6239802837371826,1950,978901890,2,3
446001,1920,6690015,856321920,23520,0.6354166865348816,128,446000,1.8672597408294678,1920,17,3,500000,1000,,446001.0,0.6713541746139526,0.595350980758667,0.6354166865348816,0.6239343285560608,1956,978901890,2,3
447001,1920,6705015,858241920,23520,0.6354166865348816,128,447000,1.8708927631378174,1920,17,3,500000,1000,,447001.0,0.6708333492279053,0.5953482389450073,0.6354166865348816,0.6241518259048462,1961,978901890,2,3
448001,1920,6720015,860161920,23520,0.6354166865348816,128,448000,1.8745627403259277,1920,17,3,500000,1000,,448001.0,0.6713541746139526,0.5953465700149536,0.6354166865348816,0.6241341233253479,1965,978901890,2,3
449001,1920,6735015,862081920,23520,0.6354166865348816,128,449000,1.8782126903533936,1920,17,3,500000,1000,,449001.0,0.671875,0.5953460335731506,0.6333333253860474,0.624042272567749,1968,978901890,2,3
450001,1920,6750015,864001920,23520,0.6333333253860474,128,450000,1.8818786144256592,1920,17,3,500000,1000,,450001.0,0.6708333492279053,0.595348060131073,0.6354166865348816,0.6237514615058899,1972,978901890,2,3
451001,1920,6765015,865921920,23520,0.6354166865348816,128,451000,1.8857216835021973,1920,17,3,500000,1000,,451001.0,0.6703125238418579,0.5953466296195984,0.6333333253860474,0.6237459778785706,1976,978901890,2,3
452001,1920,6780015,867841920,23520,0.6333333253860474,128,452000,1.8893959522247314,1920,17,3,500000,1000,,452001.0,0.6708333492279053,0.5953500866889954,0.6354166865348816,0.6239320039749146,1980,978901890,2,3
453001,1920,6795015,869761920,23520,0.6354166865348816,128,453000,1.8930737972259521,1920,17,3,500000,1000,,453001.0,0.6708333492279053,0.595348596572876,0.6354166865348816,0.623834490776062,1984,978901890,2,3
454001,1920,6810015,871681920,23520,0.6354166865348816,128,454000,1.8967678546905518,1920,17,3,500000,1000,,454001.0,0.6708333492279053,0.5953466892242432,0.6354166865348816,0.62363600730896,1988,978901890,2,3
455001,1920,6825015,873601920,23520,0.6354166865348816,128,455000,1.9004387855529785,1920,17,3,500000,1000,,455001.0,0.6703125238418579,0.5953509211540222,0.6354166865348816,0.6236811876296997,1992,978901890,2,3
456001,1920,6840015,875521920,23520,0.6354166865348816,128,456000,1.9041025638580322,1920,17,3,500000,1000,,456001.0,0.6703125238418579,0.59534752368927,0.6354166865348816,0.6234626173973083,1995,978901890,2,3
457001,1920,6855015,877441920,23520,0.6354166865348816,128,457000,1.9077775478363037,1920,17,3,500000,1000,,457001.0,0.6703125238418579,0.5953494310379028,0.6354166865348816,0.6236281991004944,1999,978901890,2,3
458001,1920,6870015,879361920,23520,0.6354166865348816,128,458000,1.9114465713500977,1920,17,3,500000,1000,,458001.0,0.6708333492279053,0.5953492522239685,0.6354166865348816,0.6237773895263672,2003,978901890,2,3
459001,1920,6885015,881281920,23520,0.6354166865348816,128,459000,1.9154605865478516,1920,17,3,500000,1000,,459001.0,0.6703125238418579,0.595349133014679,0.6354166865348816,0.6236702799797058,2007,978901890,2,3
460001,1920,6900015,883201920,23520,0.6354166865348816,128,460000,1.9191367626190186,1920,17,3,500000,1000,,460001.0,0.6703125238418579,0.595348060131073,0.6354166865348816,0.6237766146659851,2010,978901890,2,3
461001,1920,6915015,885121920,23520,0.6354166865348816,128,461000,1.922919750213623,1920,17,3,500000,1000,,461001.0,0.671875,0.5953480005264282,0.6333333253860474,0.62391197681427,2014,978901890,2,3
462001,1920,6930015,887041920,23520,0.6333333253860474,128,462000,1.9265506267547607,1920,17,3,500000,1000,,462001.0,0.6708333492279053,0.5953444838523865,0.6354166865348816,0.6235927939414978,2018,978901890,2,3
463001,1920,6945015,888961920,23520,0.6354166865348816,128,463000,1.9302394390106201,1920,17,3,500000,1000,,463001.0,0.6708333492279053,0.595346987247467,0.6354166865348816,0.6234523057937622,2022,978901890,2,3
464001,1920,6960015,890881920,23520,0.6354166865348816,128,464000,1.9339194297790527,1920,17,3,500000,1000,,464001.0,0.6708333492279053,0.595353364944458,0.6354166865348816,0.623412549495697,2026,978901890,2,3
465001,1920,6975015,892801920,23520,0.6354166865348816,128,465000,1.9375545978546143,1920,17,3,500000,1000,,465001.0,0.6703125238418579,0.5953527688980103,0.6354166865348816,0.6232653260231018,2030,978901890,2,3
466001,1920,6990015,894721920,23520,0.6354166865348816,128,466000,1.9412126541137695,1920,17,3,500000,1000,,466001.0,0.6708333492279053,0.5953465700149536,0.6354166865348816,0.6235929131507874,2033,978901890,2,3
467001,1920,7005015,896641920,23520,0.6354166865348816,128,467000,1.9448657035827637,1920,17,3,500000,1000,,467001.0,0.6703125238418579,0.5953494310379028,0.6354166865348816,0.6233336925506592,2037,978901890,2,3
468001,1920,7020015,898561920,23520,0.6354166865348816,128,468000,1.9484798908233643,1920,17,3,500000,1000,,468001.0,0.6697916388511658,0.59534752368927,0.637499988079071,0.6235036253929138,2041,978901890,2,3
469001,1920,7035015,900481920,23520,0.637499988079071,128,469000,1.9521558284759521,1920,17,3,500000,1000,,469001.0,0.6713541746139526,0.5953472852706909,0.6354166865348816,0.6233801245689392,2045,978901890,2,3
470001,1920,7050015,902401920,23520,0.6354166865348816,128,470000,1.9558086395263672,1920,17,3,500000,1000,,470001.0,0.6713541746139526,0.5953470468521118,0.6354166865348816,0.6234853267669678,2049,978901890,2,3
471001,1920,7065015,904321920,23520,0.6354166865348816,128,471000,1.959472417831421,1920,17,3,500000,1000,,471001.0,0.6697916388511658,0.595345139503479,0.637499988079071,0.6236703395843506,2052,978901890,2,3
472001,1920,7080015,906241920,23520,0.637499988079071,128,472000,1.963125467300415,1920,17,3,500000,1000,,472001.0,0.6703125238418579,0.5953444838523865,0.6354166865348816,0.6235297918319702,2056,978901890,2,3
473001,1920,7095015,908161920,23520,0.6354166865348816,128,473000,1.966794490814209,1920,17,3,500000,1000,,473001.0,0.6723958253860474,0.5953500270843506,0.6312500238418579,0.6233487725257874,2060,978901890,2,3
474001,1920,7110015,910081920,23520,0.6312500238418579,128,474000,1.970468521118164,1920,17,3,500000,1000,,474001.0,0.6708333492279053,0.5953530669212341,0.6395833492279053,0.6234399676322937,2064,978901890,2,3
475001,1920,7125015,912001920,23520,0.6395833492279053,128,475000,1.9741594791412354,1920,17,3,500000,1000,,475001.0,0.6703125238418579,0.5953461527824402,0.6354166865348816,0.6235120296478271,2068,978901890,2,3
476001,1920,7140015,913921920,23520,0.6354166865348816,128,476000,1.9778337478637695,1920,17,3,500000,1000,,476001.0,0.6708333492279053,0.595350444316864,0.6354166865348816,0.6231012344360352,2072,978901890,2,3
477001,1920,7155015,915841920,23520,0.6354166865348816,128,477000,1.9815425872802734,1920,17,3,500000,1000,,477001.0,0.6708333492279053,0.5953454375267029,0.637499988079071,0.6234938502311707,2075,978901890,2,3
478001,1920,7170015,917761920,23520,0.637499988079071,128,478000,1.9852104187011719,1920,17,3,500000,1000,,478001.0,0.6697916388511658,0.5953470468521118,0.637499988079071,0.6237370371818542,2079,978901890,2,3
479001,1920,7185015,919681920,23520,0.637499988079071,128,479000,1.9888856410980225,1920,17,3,500000,1000,,479001.0,0.6708333492279053,0.5953490734100342,0.637499988079071,0.6233872771263123,2083,978901890,2,3
480001,1920,7200015,921601920,23520,0.637499988079071,128,480000,1.9925346374511719,1920,17,3,500000,1000,,480001.0,0.6708333492279053,0.5953495502471924,0.6354166865348816,0.6237383484840393,2087,978901890,2,3
481001,1920,7215015,923521920,23520,0.6354166865348816,128,481000,1.996213674545288,1920,17,3,500000,1000,,481001.0,0.6697916388511658,0.5953488945960999,0.6354166865348816,0.6239352822303772,2091,978901890,2,3
482001,1920,7230015,925441920,23520,0.6354166865348816,128,482000,1.99985671043396,1920,17,3,500000,1000,,482001.0,0.6708333492279053,0.5953471064567566,0.6354166865348816,0.6235984563827515,2094,978901890,2,3
483001,1920,7245015,927361920,23520,0.6354166865348816,128,483000,2.0034737586975098,1920,17,3,500000,1000,,483001.0,0.6708333492279053,0.5953466892242432,0.6354166865348816,0.6235736608505249,2098,978901890,2,3
484001,1920,7260015,929281920,23520,0.6354166865348816,128,484000,2.007128953933716,1920,17,3,500000,1000,,484001.0,0.6692708134651184,0.5953473448753357,0.6354166865348816,0.6236778497695923,2102,978901890,2,3
485001,1920,7275015,931201920,23520,0.6354166865348816,128,485000,2.0118229389190674,1920,17,3,500000,1000,,485001.0,0.6708333492279053,0.595346987247467,0.6354166865348816,0.6235603094100952,2107,978901890,2,3
486001,1920,7290015,933121920,23520,0.6354166865348816,128,486000,2.0154778957366943,1920,17,3,500000,1000,,486001.0,0.6703125238418579,0.5953455567359924,0.6354166865348816,0.6236795783042908,2110,978901890,2,3
487001,1920,7305015,935041920,23520,0.6354166865348816,128,487000,2.019939661026001,1920,17,3,500000,1000,,487001.0,0.6713541746139526,0.5953468680381775,0.6354166865348816,0.6238166689872742,2114,978901890,2,3
488001,1920,7320015,936961920,23520,0.6354166865348816,128,488000,2.0235745906829834,1920,17,3,500000,1000,,488001.0,0.6713541746139526,0.5953454375267029,0.6354166865348816,0.6238581538200378,2118,978901890,2,3
489001,1920,7335015,938881920,23520,0.6354166865348816,128,489000,2.0272164344787598,1920,17,3,500000,1000,,489001.0,0.6708333492279053,0.5953474640846252,0.6354166865348816,0.6238499879837036,2122,978901890,2,3
490001,1920,7350015,940801920,23520,0.6354166865348816,128,490000,2.0327253341674805,1920,17,3,500000,1000,,490001.0,0.6713541746139526,0.5953482985496521,0.6354166865348816,0.6237392425537109,2126,978901890,2,3
491001,1920,7365015,942721920,23520,0.6354166865348816,128,491000,2.0363404750823975,1920,17,3,500000,1000,,491001.0,0.6703125238418579,0.5953465700149536,0.6333333253860474,0.6235719919204712,2130,978901890,2,3
492001,1920,7380015,944641920,23520,0.6333333253860474,128,492000,2.0399763584136963,1920,17,3,500000,1000,,492001.0,0.6708333492279053,0.5953466892242432,0.6354166865348816,0.623727023601532,2134,978901890,2,3
493001,1920,7395015,946561920,23520,0.6354166865348816,128,493000,2.043656349182129,1920,17,3,500000,1000,,493001.0,0.6708333492279053,0.5953549146652222,0.6354166865348816,0.6235411167144775,2138,978901890,2,3
494001,1920,7410015,948481920,23520,0.6354166865348816,128,494000,2.0472686290740967,1920,17,3,500000,1000,,494001.0,0.6703125238418579,0.595346212387085,0.6354166865348816,0.6237508654594421,2142,978901890,2,3
495001,1920,7425015,950401920,23520,0.6354166865348816,128,495000,2.0510406494140625,1920,17,3,500000,1000,,495001.0,0.6708333492279053,0.5953462719917297,0.6354166865348816,0.623991072177887,2145,978901890,2,3
496001,1920,7440015,952321920,23520,0.6354166865348816,128,496000,2.054804563522339,1920,17,3,500000,1000,,496001.0,0.6703125238418579,0.595349133014679,0.6354166865348816,0.6236584782600403,2149,978901890,2,3
497001,1920,7455015,954241920,23520,0.6354166865348816,128,497000,2.0585434436798096,1920,17,3,500000,1000,,497001.0,0.6708333492279053,0.595349133014679,0.6354166865348816,0.6237760782241821,2154,978901890,2,3
498001,1920,7470015,956161920,23520,0.6354166865348816,128,498000,2.062176465988159,1920,17,3,500000,1000,,498001.0,0.6703125238418579,0.595349907875061,0.6354166865348816,0.623599648475647,2158,978901890,2,3
499001,1920,7485015,958081920,23520,0.6354166865348816,128,499000,2.0663554668426514,1920,17,3,500000,1000,,499001.0,0.6708333492279053,0.5953503847122192,0.6354166865348816,0.6236509084701538,2162,978901890,2,3
499998,1920,7499970,959996160,23520,0.6354166865348816,128,499997,2.0702595710754395,1920,17,3,500000,1000,,499998.0,0.6708333492279053,0.5953458547592163,0.6354166865348816,0.6237887144088745,2166,978901890,2,3
499999,1920,7499985,959998080,23520,0.6354166865348816,128,499998,2.07421875,1920,17,3,500000,1000,,499999.0,0.6708333492279053,0.595346212387085,0.6354166865348816,0.6237871646881104,2166,978901890,2,3
500000,1920,7500000,960000000,23520,0.6354166865348816,128,499999,2.078141689300537,1920,17,3,500000,1000,,500000.0,0.6708333492279053,0.5953463315963745,0.6354166865348816,0.6237755417823792,2166,978901890,2,3
