pf_calls,num_answers,model_updates,num_grad_comps,answers_bytes,last_score,batch_size,k,elapsed_time,train_data,n,d,max_epochs,verbose,ident,_epochs,score_train,loss_train,score_test,loss_test,_elapsed_time,seed,run_id,dim
1,1920,15,1920,23520,0.46041667461395264,128,0,0.04657316207885742,1920,17,3,500000,1000,,1.0,0.5208333134651184,0.6931472420692444,0.4791666567325592,0.6931473016738892,0,46059040,1,3
1001,1920,15015,1921920,23520,0.4791666567325592,128,1000,0.05154919624328613,1920,17,3,500000,1000,,1001.0,0.6552083492279053,0.6250951290130615,0.6145833134651184,0.6545758843421936,4,46059040,1,3
2001,1920,30015,3841920,23520,0.6145833134651184,128,2000,0.05561518669128418,1920,17,3,500000,1000,,2001.0,0.6630208492279053,0.6099502444267273,0.6520833373069763,0.6320057511329651,8,46059040,1,3
3001,1920,45015,5761920,23520,0.6520833373069763,128,3000,0.059366464614868164,1920,17,3,500000,1000,,3001.0,0.6661458611488342,0.6051797270774841,0.6541666388511658,0.6229968667030334,12,46059040,1,3
4001,1920,60015,7681920,23520,0.6541666388511658,128,4000,0.06318926811218262,1920,17,3,500000,1000,,4001.0,0.6661458611488342,0.6032835841178894,0.6499999761581421,0.6195619702339172,16,46059040,1,3
5001,1920,75015,9601920,23520,0.6499999761581421,128,5000,0.06697940826416016,1920,17,3,500000,1000,,5001.0,0.6656249761581421,0.6020857691764832,0.6583333611488342,0.6172665953636169,20,46059040,1,3
6001,1920,90015,11521920,23520,0.6583333611488342,128,6000,0.07100844383239746,1920,17,3,500000,1000,,6001.0,0.668749988079071,0.6009820103645325,0.6520833373069763,0.6161914467811584,24,46059040,1,3
7001,1920,105015,13441920,23520,0.6520833373069763,128,7000,0.07478642463684082,1920,17,3,500000,1000,,7001.0,0.6677083373069763,0.5999920964241028,0.6520833373069763,0.6146034598350525,28,46059040,1,3
8001,1920,120015,15361920,23520,0.6520833373069763,128,8000,0.0785822868347168,1920,17,3,500000,1000,,8001.0,0.6697916388511658,0.5993202328681946,0.643750011920929,0.613793134689331,32,46059040,1,3
9001,1920,135015,17281920,23520,0.643750011920929,128,9000,0.08253812789916992,1920,17,3,500000,1000,,9001.0,0.6703125238418579,0.5989137887954712,0.6479166746139526,0.6132479906082153,36,46059040,1,3
10001,1920,150015,19201920,23520,0.6479166746139526,128,10000,0.08637619018554688,1920,17,3,500000,1000,,10001.0,0.668749988079071,0.5986420512199402,0.6520833373069763,0.612797737121582,40,46059040,1,3
11001,1920,165015,21121920,23520,0.6520833373069763,128,11000,0.09016919136047363,1920,17,3,500000,1000,,11001.0,0.668749988079071,0.5984404683113098,0.6499999761581421,0.6125727295875549,44,46059040,1,3
12001,1920,180015,23041920,23520,0.6499999761581421,128,12000,0.09458136558532715,1920,17,3,500000,1000,,12001.0,0.6703125238418579,0.5982867479324341,0.6458333134651184,0.6122768521308899,48,46059040,1,3
13001,1920,195015,24961920,23520,0.6458333134651184,128,13000,0.0989375114440918,1920,17,3,500000,1000,,13001.0,0.6697916388511658,0.5981656312942505,0.6479166746139526,0.612226665019989,52,46059040,1,3
14001,1920,210015,26881920,23520,0.6479166746139526,128,14000,0.10271644592285156,1920,17,3,500000,1000,,14001.0,0.6703125238418579,0.5980681777000427,0.6479166746139526,0.6123570799827576,56,46059040,1,3
15001,1920,225015,28801920,23520,0.6479166746139526,128,15000,0.10649919509887695,1920,17,3,500000,1000,,15001.0,0.6692708134651184,0.597990095615387,0.6458333134651184,0.6123597621917725,60,46059040,1,3
16001,1920,240015,30721920,23520,0.6458333134651184,128,16000,0.11028909683227539,1920,17,3,500000,1000,,16001.0,0.6692708134651184,0.5979180932044983,0.6458333134651184,0.612126886844635,64,46059040,1,3
17001,1920,255015,32641920,23520,0.6458333134651184,128,17000,0.11419892311096191,1920,17,3,500000,1000,,17001.0,0.6697916388511658,0.5978556871414185,0.6479166746139526,0.6120613813400269,68,46059040,1,3
18001,1920,270015,34561920,23520,0.6479166746139526,128,18000,0.11795973777770996,1920,17,3,500000,1000,,18001.0,0.6729166507720947,0.5978057980537415,0.6479166746139526,0.6117307543754578,72,46059040,1,3
19001,1920,285015,36481920,23520,0.6479166746139526,128,19000,0.12172079086303711,1920,17,3,500000,1000,,19001.0,0.6723958253860474,0.5977575778961182,0.6479166746139526,0.6118144989013672,76,46059040,1,3
20001,1920,300015,38401920,23520,0.6479166746139526,128,20000,0.1255171298980713,1920,17,3,500000,1000,,20001.0,0.6713541746139526,0.597718358039856,0.6499999761581421,0.6121675372123718,80,46059040,1,3
21001,1920,315015,40321920,23520,0.6499999761581421,128,21000,0.12927627563476562,1920,17,3,500000,1000,,21001.0,0.6729166507720947,0.597679078578949,0.6499999761581421,0.6122891902923584,84,46059040,1,3
22001,1920,330015,42241920,23520,0.6499999761581421,128,22000,0.13349032402038574,1920,17,3,500000,1000,,22001.0,0.6723958253860474,0.5976499915122986,0.6458333134651184,0.61213618516922,88,46059040,1,3
23001,1920,345015,44161920,23520,0.6458333134651184,128,23000,0.1373612880706787,1920,17,3,500000,1000,,23001.0,0.6723958253860474,0.5976251363754272,0.6479166746139526,0.6120122075080872,92,46059040,1,3
24001,1920,360015,46081920,23520,0.6479166746139526,128,24000,0.14117217063903809,1920,17,3,500000,1000,,24001.0,0.6723958253860474,0.5975971817970276,0.6458333134651184,0.6122598648071289,96,46059040,1,3
25001,1920,375015,48001920,23520,0.6458333134651184,128,25000,0.14617419242858887,1920,17,3,500000,1000,,25001.0,0.671875,0.5975741147994995,0.6458333134651184,0.6121047735214233,100,46059040,1,3
26001,1920,390015,49921920,23520,0.6458333134651184,128,26000,0.15001320838928223,1920,17,3,500000,1000,,26001.0,0.6723958253860474,0.597557008266449,0.6499999761581421,0.6121928095817566,104,46059040,1,3
27001,1920,405015,51841920,23520,0.6499999761581421,128,27000,0.15412020683288574,1920,17,3,500000,1000,,27001.0,0.671875,0.5975337624549866,0.6479166746139526,0.612326443195343,108,46059040,1,3
28001,1920,420015,53761920,23520,0.6479166746139526,128,28000,0.15834426879882812,1920,17,3,500000,1000,,28001.0,0.671875,0.597519040107727,0.6458333134651184,0.61220383644104,112,46059040,1,3
29001,1920,435015,55681920,23520,0.6458333134651184,128,29000,0.16220617294311523,1920,17,3,500000,1000,,29001.0,0.6723958253860474,0.5975033044815063,0.643750011920929,0.6120802164077759,116,46059040,1,3
30001,1920,450015,57601920,23520,0.643750011920929,128,30000,0.16596484184265137,1920,17,3,500000,1000,,30001.0,0.6713541746139526,0.5974867939949036,0.6499999761581421,0.6121613383293152,120,46059040,1,3
31001,1920,465015,59521920,23520,0.6499999761581421,128,31000,0.16989684104919434,1920,17,3,500000,1000,,31001.0,0.6703125238418579,0.5974709391593933,0.6458333134651184,0.6120510101318359,124,46059040,1,3
32001,1920,480015,61441920,23520,0.6458333134651184,128,32000,0.17367076873779297,1920,17,3,500000,1000,,32001.0,0.6708333492279053,0.5974622368812561,0.6458333134651184,0.6120596528053284,128,46059040,1,3
33001,1920,495015,63361920,23520,0.6458333134651184,128,33000,0.17744159698486328,1920,17,3,500000,1000,,33001.0,0.6713541746139526,0.5974439382553101,0.6416666507720947,0.6122915744781494,132,46059040,1,3
34001,1920,510015,65281920,23520,0.6416666507720947,128,34000,0.18121075630187988,1920,17,3,500000,1000,,34001.0,0.6723958253860474,0.597436249256134,0.6416666507720947,0.6123631000518799,135,46059040,1,3
35001,1920,525015,67201920,23520,0.6416666507720947,128,35000,0.18504977226257324,1920,17,3,500000,1000,,35001.0,0.6713541746139526,0.597427248954773,0.6458333134651184,0.6122465133666992,139,46059040,1,3
36001,1920,540015,69121920,23520,0.6458333134651184,128,36000,0.18880200386047363,1920,17,3,500000,1000,,36001.0,0.671875,0.5974166393280029,0.6479166746139526,0.6124234795570374,143,46059040,1,3
37001,1920,555015,71041920,23520,0.6479166746139526,128,37000,0.19260001182556152,1920,17,3,500000,1000,,37001.0,0.6729166507720947,0.597402811050415,0.6479166746139526,0.6121802926063538,147,46059040,1,3
38001,1920,570015,72961920,23520,0.6479166746139526,128,38000,0.19642090797424316,1920,17,3,500000,1000,,38001.0,0.6708333492279053,0.5974006652832031,0.6458333134651184,0.6121101379394531,151,46059040,1,3
39001,1920,585015,74881920,23520,0.6458333134651184,128,39000,0.20040583610534668,1920,17,3,500000,1000,,39001.0,0.6713541746139526,0.5973875522613525,0.6479166746139526,0.6119941473007202,155,46059040,1,3
40001,1920,600015,76801920,23520,0.6479166746139526,128,40000,0.20438385009765625,1920,17,3,500000,1000,,40001.0,0.671875,0.5973795652389526,0.6458333134651184,0.6119207739830017,159,46059040,1,3
41001,1920,615015,78721920,23520,0.6458333134651184,128,41000,0.20813775062561035,1920,17,3,500000,1000,,41001.0,0.671875,0.5973739624023438,0.643750011920929,0.6118253469467163,163,46059040,1,3
42001,1920,630015,80641920,23520,0.643750011920929,128,42000,0.21197080612182617,1920,17,3,500000,1000,,42001.0,0.6703125238418579,0.5973623991012573,0.643750011920929,0.6121999025344849,167,46059040,1,3
43001,1920,645015,82561920,23520,0.643750011920929,128,43000,0.2157886028289795,1920,17,3,500000,1000,,43001.0,0.6723958253860474,0.5973619818687439,0.643750011920929,0.6123939752578735,171,46059040,1,3
44001,1920,660015,84481920,23520,0.643750011920929,128,44000,0.21959161758422852,1920,17,3,500000,1000,,44001.0,0.6729166507720947,0.5973536372184753,0.6458333134651184,0.6123244166374207,175,46059040,1,3
45001,1920,675015,86401920,23520,0.6458333134651184,128,45000,0.2233436107635498,1920,17,3,500000,1000,,45001.0,0.6708333492279053,0.5973488092422485,0.643750011920929,0.6122068762779236,178,46059040,1,3
46001,1920,690015,88321920,23520,0.643750011920929,128,46000,0.2271256446838379,1920,17,3,500000,1000,,46001.0,0.6697916388511658,0.5973435044288635,0.6416666507720947,0.6118971109390259,182,46059040,1,3
47001,1920,705015,90241920,23520,0.6416666507720947,128,47000,0.23091459274291992,1920,17,3,500000,1000,,47001.0,0.6708333492279053,0.5973385572433472,0.643750011920929,0.6120285391807556,186,46059040,1,3
48001,1920,720015,92161920,23520,0.643750011920929,128,48000,0.23473668098449707,1920,17,3,500000,1000,,48001.0,0.6697916388511658,0.597335159778595,0.6458333134651184,0.6125035881996155,190,46059040,1,3
49001,1920,735015,94081920,23520,0.6458333134651184,128,49000,0.23855376243591309,1920,17,3,500000,1000,,49001.0,0.671875,0.5973364114761353,0.643750011920929,0.6124389171600342,194,46059040,1,3
50001,1920,750015,96001920,23520,0.643750011920929,128,50000,0.24286961555480957,1920,17,3,500000,1000,,50001.0,0.6713541746139526,0.5973265171051025,0.6458333134651184,0.6122421622276306,198,46059040,1,3
51001,1920,765015,97921920,23520,0.6458333134651184,128,51000,0.246720552444458,1920,17,3,500000,1000,,51001.0,0.671875,0.5973252058029175,0.6458333134651184,0.6121445894241333,202,46059040,1,3
52001,1920,780015,99841920,23520,0.6458333134651184,128,52000,0.2506425380706787,1920,17,3,500000,1000,,52001.0,0.6723958253860474,0.5973184704780579,0.6458333134651184,0.6120193600654602,206,46059040,1,3
53001,1920,795015,101761920,23520,0.6458333134651184,128,53000,0.2545156478881836,1920,17,3,500000,1000,,53001.0,0.671875,0.5973110795021057,0.6479166746139526,0.6125946640968323,211,46059040,1,3
54001,1920,810015,103681920,23520,0.6479166746139526,128,54000,0.25835156440734863,1920,17,3,500000,1000,,54001.0,0.671875,0.597312867641449,0.6458333134651184,0.6123583316802979,215,46059040,1,3
55001,1920,825015,105601920,23520,0.6458333134651184,128,55000,0.2623436450958252,1920,17,3,500000,1000,,55001.0,0.6713541746139526,0.597308874130249,0.643750011920929,0.6122604608535767,219,46059040,1,3
56001,1920,840015,107521920,23520,0.643750011920929,128,56000,0.2662026882171631,1920,17,3,500000,1000,,56001.0,0.671875,0.5973007678985596,0.6479166746139526,0.6122997403144836,224,46059040,1,3
57001,1920,855015,109441920,23520,0.6479166746139526,128,57000,0.2700037956237793,1920,17,3,500000,1000,,57001.0,0.6739583611488342,0.5973021984100342,0.6458333134651184,0.6120287775993347,228,46059040,1,3
58001,1920,870015,111361920,23520,0.6458333134651184,128,58000,0.2739129066467285,1920,17,3,500000,1000,,58001.0,0.6713541746139526,0.5972986817359924,0.6458333134651184,0.6122475862503052,232,46059040,1,3
59001,1920,885015,113281920,23520,0.6458333134651184,128,59000,0.2777831554412842,1920,17,3,500000,1000,,59001.0,0.6713541746139526,0.5972921848297119,0.6458333134651184,0.6123831272125244,236,46059040,1,3
60001,1920,900015,115201920,23520,0.6458333134651184,128,60000,0.28162717819213867,1920,17,3,500000,1000,,60001.0,0.6723958253860474,0.5972940325737,0.6458333134651184,0.6122168302536011,240,46059040,1,3
61001,1920,915015,117121920,23520,0.6458333134651184,128,61000,0.28537607192993164,1920,17,3,500000,1000,,61001.0,0.675000011920929,0.5972844958305359,0.6458333134651184,0.6124201416969299,244,46059040,1,3
62001,1920,930015,119041920,23520,0.6458333134651184,128,62000,0.28917694091796875,1920,17,3,500000,1000,,62001.0,0.6703125238418579,0.597288966178894,0.6458333134651184,0.6121237874031067,248,46059040,1,3
63001,1920,945015,120961920,23520,0.6458333134651184,128,63000,0.2929971218109131,1920,17,3,500000,1000,,63001.0,0.6713541746139526,0.597281277179718,0.6458333134651184,0.6120045185089111,252,46059040,1,3
64001,1920,960015,122881920,23520,0.6458333134651184,128,64000,0.2975339889526367,1920,17,3,500000,1000,,64001.0,0.6723958253860474,0.5972777009010315,0.6458333134651184,0.6122916340827942,256,46059040,1,3
65001,1920,975015,124801920,23520,0.6458333134651184,128,65000,0.3013429641723633,1920,17,3,500000,1000,,65001.0,0.6697916388511658,0.5972797274589539,0.6458333134651184,0.612407922744751,260,46059040,1,3
66001,1920,990015,126721920,23520,0.6458333134651184,128,66000,0.30516886711120605,1920,17,3,500000,1000,,66001.0,0.6729166507720947,0.5972756147384644,0.6416666507720947,0.6124312281608582,264,46059040,1,3
67001,1920,1005015,128641920,23520,0.6416666507720947,128,67000,0.30950284004211426,1920,17,3,500000,1000,,67001.0,0.6729166507720947,0.5972734689712524,0.6479166746139526,0.6124169826507568,268,46059040,1,3
68001,1920,1020015,130561920,23520,0.6479166746139526,128,68000,0.3133077621459961,1920,17,3,500000,1000,,68001.0,0.6734374761581421,0.5972728729248047,0.6458333134651184,0.6124874353408813,272,46059040,1,3
69001,1920,1035015,132481920,23520,0.6458333134651184,128,69000,0.31748294830322266,1920,17,3,500000,1000,,69001.0,0.6708333492279053,0.5972747802734375,0.643750011920929,0.6122474670410156,276,46059040,1,3
70001,1920,1050015,134401920,23520,0.643750011920929,128,70000,0.3216419219970703,1920,17,3,500000,1000,,70001.0,0.671875,0.5972689390182495,0.6458333134651184,0.612549901008606,280,46059040,1,3
71001,1920,1065015,136321920,23520,0.6458333134651184,128,71000,0.3254399299621582,1920,17,3,500000,1000,,71001.0,0.6713541746139526,0.5972707271575928,0.6458333134651184,0.6125091314315796,284,46059040,1,3
72001,1920,1080015,138241920,23520,0.6458333134651184,128,72000,0.32960009574890137,1920,17,3,500000,1000,,72001.0,0.6713541746139526,0.597269594669342,0.643750011920929,0.6119587421417236,288,46059040,1,3
73001,1920,1095015,140161920,23520,0.643750011920929,128,73000,0.3336021900177002,1920,17,3,500000,1000,,73001.0,0.671875,0.597268283367157,0.643750011920929,0.6123160123825073,292,46059040,1,3
74001,1920,1110015,142081920,23520,0.643750011920929,128,74000,0.3374152183532715,1920,17,3,500000,1000,,74001.0,0.6729166507720947,0.5972616672515869,0.6458333134651184,0.612206220626831,296,46059040,1,3
75001,1920,1125015,144001920,23520,0.6458333134651184,128,75000,0.3412761688232422,1920,17,3,500000,1000,,75001.0,0.6708333492279053,0.5972592234611511,0.643750011920929,0.6123030185699463,300,46059040,1,3
76001,1920,1140015,145921920,23520,0.643750011920929,128,76000,0.3450610637664795,1920,17,3,500000,1000,,76001.0,0.6729166507720947,0.5972574949264526,0.6479166746139526,0.6123291850090027,304,46059040,1,3
77001,1920,1155015,147841920,23520,0.6479166746139526,128,77000,0.34894299507141113,1920,17,3,500000,1000,,77001.0,0.6713541746139526,0.5972573757171631,0.643750011920929,0.6123466491699219,308,46059040,1,3
78001,1920,1170015,149761920,23520,0.643750011920929,128,78000,0.3530619144439697,1920,17,3,500000,1000,,78001.0,0.6734374761581421,0.597253143787384,0.643750011920929,0.6122787594795227,312,46059040,1,3
79001,1920,1185015,151681920,23520,0.643750011920929,128,79000,0.3568718433380127,1920,17,3,500000,1000,,79001.0,0.6708333492279053,0.5972566604614258,0.6416666507720947,0.6123995184898376,316,46059040,1,3
80001,1920,1200015,153601920,23520,0.6416666507720947,128,80000,0.3612480163574219,1920,17,3,500000,1000,,80001.0,0.6713541746139526,0.5972537398338318,0.643750011920929,0.6122951507568359,320,46059040,1,3
81001,1920,1215015,155521920,23520,0.643750011920929,128,81000,0.3650369644165039,1920,17,3,500000,1000,,81001.0,0.6713541746139526,0.5972517728805542,0.6479166746139526,0.6123131513595581,324,46059040,1,3
82001,1920,1230015,157441920,23520,0.6479166746139526,128,82000,0.36882781982421875,1920,17,3,500000,1000,,82001.0,0.6734374761581421,0.5972506999969482,0.6458333134651184,0.6123296618461609,328,46059040,1,3
83001,1920,1245015,159361920,23520,0.6458333134651184,128,83000,0.37270617485046387,1920,17,3,500000,1000,,83001.0,0.6708333492279053,0.5972489714622498,0.643750011920929,0.6120815277099609,332,46059040,1,3
84001,1920,1260015,161281920,23520,0.643750011920929,128,84000,0.3768324851989746,1920,17,3,500000,1000,,84001.0,0.6713541746139526,0.5972458124160767,0.643750011920929,0.6120579242706299,336,46059040,1,3
85001,1920,1275015,163201920,23520,0.643750011920929,128,85000,0.38213348388671875,1920,17,3,500000,1000,,85001.0,0.668749988079071,0.5972514748573303,0.643750011920929,0.6121524572372437,340,46059040,1,3
86001,1920,1290015,165121920,23520,0.643750011920929,128,86000,0.3859724998474121,1920,17,3,500000,1000,,86001.0,0.6713541746139526,0.5972464084625244,0.643750011920929,0.6122304201126099,344,46059040,1,3
87001,1920,1305015,167041920,23520,0.643750011920929,128,87000,0.39025044441223145,1920,17,3,500000,1000,,87001.0,0.6703125238418579,0.5972486734390259,0.6416666507720947,0.6122141480445862,348,46059040,1,3
88001,1920,1320015,168961920,23520,0.6416666507720947,128,88000,0.39412665367126465,1920,17,3,500000,1000,,88001.0,0.6697916388511658,0.5972450375556946,0.643750011920929,0.612310528755188,353,46059040,1,3
89001,1920,1335015,170881920,23520,0.643750011920929,128,89000,0.39847278594970703,1920,17,3,500000,1000,,89001.0,0.6708333492279053,0.597241997718811,0.6458333134651184,0.6123821139335632,357,46059040,1,3
90001,1920,1350015,172801920,23520,0.6458333134651184,128,90000,0.4023876190185547,1920,17,3,500000,1000,,90001.0,0.6713541746139526,0.5972417593002319,0.643750011920929,0.6124767065048218,361,46059040,1,3
91001,1920,1365015,174721920,23520,0.643750011920929,128,91000,0.40621232986450195,1920,17,3,500000,1000,,91001.0,0.6713541746139526,0.5972415804862976,0.643750011920929,0.6126450300216675,365,46059040,1,3
92001,1920,1380015,176641920,23520,0.643750011920929,128,92000,0.41002607345581055,1920,17,3,500000,1000,,92001.0,0.6713541746139526,0.5972394347190857,0.643750011920929,0.6122198700904846,369,46059040,1,3
93001,1920,1395015,178561920,23520,0.643750011920929,128,93000,0.4138829708099365,1920,17,3,500000,1000,,93001.0,0.671875,0.5972413420677185,0.6416666507720947,0.6124842166900635,373,46059040,1,3
94001,1920,1410015,180481920,23520,0.6416666507720947,128,94000,0.4177420139312744,1920,17,3,500000,1000,,94001.0,0.6713541746139526,0.5972404479980469,0.6458333134651184,0.6122766137123108,377,46059040,1,3
95001,1920,1425015,182401920,23520,0.6458333134651184,128,95000,0.42261600494384766,1920,17,3,500000,1000,,95001.0,0.6723958253860474,0.5972346663475037,0.6458333134651184,0.6125183701515198,381,46059040,1,3
96001,1920,1440015,184321920,23520,0.6458333134651184,128,96000,0.42643117904663086,1920,17,3,500000,1000,,96001.0,0.6723958253860474,0.5972331166267395,0.643750011920929,0.6124181747436523,386,46059040,1,3
97001,1920,1455015,186241920,23520,0.643750011920929,128,97000,0.43025994300842285,1920,17,3,500000,1000,,97001.0,0.6734374761581421,0.5972349047660828,0.6458333134651184,0.6124614477157593,390,46059040,1,3
98001,1920,1470015,188161920,23520,0.6458333134651184,128,98000,0.4341137409210205,1920,17,3,500000,1000,,98001.0,0.6708333492279053,0.597232460975647,0.6416666507720947,0.6122755408287048,394,46059040,1,3
99001,1920,1485015,190081920,23520,0.6416666507720947,128,99000,0.43816685676574707,1920,17,3,500000,1000,,99001.0,0.6739583611488342,0.5972306728363037,0.6416666507720947,0.6125959157943726,398,46059040,1,3
100001,1920,1500015,192001920,23520,0.6416666507720947,128,100000,0.44202375411987305,1920,17,3,500000,1000,,100001.0,0.671875,0.5972324013710022,0.6416666507720947,0.6122649908065796,402,46059040,1,3
101001,1920,1515015,193921920,23520,0.6416666507720947,128,101000,0.4458279609680176,1920,17,3,500000,1000,,101001.0,0.671875,0.5972322225570679,0.643750011920929,0.6126553416252136,406,46059040,1,3
102001,1920,1530015,195841920,23520,0.643750011920929,128,102000,0.44990110397338867,1920,17,3,500000,1000,,102001.0,0.6729166507720947,0.5972316265106201,0.643750011920929,0.612502932548523,410,46059040,1,3
103001,1920,1545015,197761920,23520,0.643750011920929,128,103000,0.4544241428375244,1920,17,3,500000,1000,,103001.0,0.6729166507720947,0.597232460975647,0.6395833492279053,0.612286388874054,415,46059040,1,3
104001,1920,1560015,199681920,23520,0.6395833492279053,128,104000,0.45893311500549316,1920,17,3,500000,1000,,104001.0,0.6729166507720947,0.5972322225570679,0.6395833492279053,0.6123088598251343,419,46059040,1,3
105001,1920,1575015,201601920,23520,0.6395833492279053,128,105000,0.46282505989074707,1920,17,3,500000,1000,,105001.0,0.6734374761581421,0.5972281694412231,0.6416666507720947,0.6124750375747681,423,46059040,1,3
106001,1920,1590015,203521920,23520,0.6416666507720947,128,106000,0.4673459529876709,1920,17,3,500000,1000,,106001.0,0.6729166507720947,0.5972306132316589,0.643750011920929,0.6123014688491821,427,46059040,1,3
107001,1920,1605015,205441920,23520,0.643750011920929,128,107000,0.4711780548095703,1920,17,3,500000,1000,,107001.0,0.6729166507720947,0.5972281098365784,0.6416666507720947,0.612476110458374,431,46059040,1,3
108001,1920,1620015,207361920,23520,0.6416666507720947,128,108000,0.47499918937683105,1920,17,3,500000,1000,,108001.0,0.6739583611488342,0.5972256064414978,0.6395833492279053,0.6127665638923645,435,46059040,1,3
109001,1920,1635015,209281920,23520,0.6395833492279053,128,109000,0.47883033752441406,1920,17,3,500000,1000,,109001.0,0.6713541746139526,0.5972272157669067,0.6416666507720947,0.6126328110694885,439,46059040,1,3
110001,1920,1650015,211201920,23520,0.6416666507720947,128,110000,0.4826493263244629,1920,17,3,500000,1000,,110001.0,0.6734374761581421,0.5972214937210083,0.6416666507720947,0.6127389669418335,443,46059040,1,3
111001,1920,1665015,213121920,23520,0.6416666507720947,128,111000,0.4865841865539551,1920,17,3,500000,1000,,111001.0,0.6734374761581421,0.5972248911857605,0.6416666507720947,0.6127564311027527,447,46059040,1,3
112001,1920,1680015,215041920,23520,0.6416666507720947,128,112000,0.4904651641845703,1920,17,3,500000,1000,,112001.0,0.6729166507720947,0.5972223877906799,0.643750011920929,0.6125040650367737,451,46059040,1,3
113001,1920,1695015,216961920,23520,0.643750011920929,128,113000,0.49433207511901855,1920,17,3,500000,1000,,113001.0,0.6713541746139526,0.5972276926040649,0.6458333134651184,0.6122325658798218,454,46059040,1,3
114001,1920,1710015,218881920,23520,0.6458333134651184,128,114000,0.4981520175933838,1920,17,3,500000,1000,,114001.0,0.6697916388511658,0.5972266793251038,0.6458333134651184,0.6123307347297668,458,46059040,1,3
115001,1920,1725015,220801920,23520,0.6458333134651184,128,115000,0.5020010471343994,1920,17,3,500000,1000,,115001.0,0.671875,0.597223699092865,0.6416666507720947,0.6123744249343872,462,46059040,1,3
116001,1920,1740015,222721920,23520,0.6416666507720947,128,116000,0.5058460235595703,1920,17,3,500000,1000,,116001.0,0.6723958253860474,0.5972235798835754,0.6416666507720947,0.6124051809310913,466,46059040,1,3
117001,1920,1755015,224641920,23520,0.6416666507720947,128,117000,0.5098781585693359,1920,17,3,500000,1000,,117001.0,0.6713541746139526,0.5972217321395874,0.643750011920929,0.6123784780502319,470,46059040,1,3
118001,1920,1770015,226561920,23520,0.643750011920929,128,118000,0.5137028694152832,1920,17,3,500000,1000,,118001.0,0.6734374761581421,0.5972201228141785,0.643750011920929,0.6123902201652527,474,46059040,1,3
119001,1920,1785015,228481920,23520,0.643750011920929,128,119000,0.5175676345825195,1920,17,3,500000,1000,,119001.0,0.6713541746139526,0.5972182154655457,0.6416666507720947,0.6125169992446899,478,46059040,1,3
120001,1920,1800015,230401920,23520,0.6416666507720947,128,120000,0.5213897228240967,1920,17,3,500000,1000,,120001.0,0.671875,0.5972260236740112,0.6416666507720947,0.6124823689460754,482,46059040,1,3
121001,1920,1815015,232321920,23520,0.6416666507720947,128,121000,0.5252804756164551,1920,17,3,500000,1000,,121001.0,0.6734374761581421,0.5972201228141785,0.6395833492279053,0.6125662922859192,486,46059040,1,3
122001,1920,1830015,234241920,23520,0.6395833492279053,128,122000,0.5292303562164307,1920,17,3,500000,1000,,122001.0,0.6734374761581421,0.5972223877906799,0.6395833492279053,0.6127959489822388,490,46059040,1,3
123001,1920,1845015,236161920,23520,0.6395833492279053,128,123000,0.5332424640655518,1920,17,3,500000,1000,,123001.0,0.6708333492279053,0.5972157120704651,0.6416666507720947,0.6127225160598755,494,46059040,1,3
124001,1920,1860015,238081920,23520,0.6416666507720947,128,124000,0.5370895862579346,1920,17,3,500000,1000,,124001.0,0.6729166507720947,0.5972158312797546,0.6416666507720947,0.6127107739448547,498,46059040,1,3
125001,1920,1875015,240001920,23520,0.6416666507720947,128,125000,0.5410935878753662,1920,17,3,500000,1000,,125001.0,0.6729166507720947,0.5972195863723755,0.6395833492279053,0.6125960946083069,501,46059040,1,3
126001,1920,1890015,241921920,23520,0.6395833492279053,128,126000,0.5453598499298096,1920,17,3,500000,1000,,126001.0,0.6729166507720947,0.5972146391868591,0.6416666507720947,0.6126379370689392,505,46059040,1,3
127001,1920,1905015,243841920,23520,0.6416666507720947,128,127000,0.5494787693023682,1920,17,3,500000,1000,,127001.0,0.671875,0.5972155928611755,0.643750011920929,0.6125751733779907,509,46059040,1,3
128001,1920,1920015,245761920,23520,0.643750011920929,128,128000,0.5533335208892822,1920,17,3,500000,1000,,128001.0,0.6744791865348816,0.5972132086753845,0.643750011920929,0.6125181913375854,514,46059040,1,3
129001,1920,1935015,247681920,23520,0.643750011920929,128,129000,0.5571415424346924,1920,17,3,500000,1000,,129001.0,0.6744791865348816,0.5972155928611755,0.643750011920929,0.6124624609947205,517,46059040,1,3
130001,1920,1950015,249601920,23520,0.643750011920929,128,130000,0.5609345436096191,1920,17,3,500000,1000,,130001.0,0.6734374761581421,0.5972145795822144,0.643750011920929,0.6124466061592102,521,46059040,1,3
131001,1920,1965015,251521920,23520,0.643750011920929,128,131000,0.5647244453430176,1920,17,3,500000,1000,,131001.0,0.6723958253860474,0.5972159504890442,0.643750011920929,0.6123190522193909,525,46059040,1,3
132001,1920,1980015,253441920,23520,0.643750011920929,128,132000,0.5685534477233887,1920,17,3,500000,1000,,132001.0,0.6744791865348816,0.5972155928611755,0.6479166746139526,0.6123163104057312,529,46059040,1,3
133001,1920,1995015,255361920,23520,0.6479166746139526,128,133000,0.5728273391723633,1920,17,3,500000,1000,,133001.0,0.6723958253860474,0.5972127914428711,0.6458333134651184,0.6123627424240112,533,46059040,1,3
134001,1920,2010015,257281920,23520,0.6458333134651184,128,134000,0.5767064094543457,1920,17,3,500000,1000,,134001.0,0.6703125238418579,0.5972135066986084,0.6458333134651184,0.6123596429824829,537,46059040,1,3
135001,1920,2025015,259201920,23520,0.6458333134651184,128,135000,0.5807404518127441,1920,17,3,500000,1000,,135001.0,0.671875,0.5972143411636353,0.643750011920929,0.6124565005302429,541,46059040,1,3
136001,1920,2040015,261121920,23520,0.643750011920929,128,136000,0.5845153331756592,1920,17,3,500000,1000,,136001.0,0.675000011920929,0.5972140431404114,0.6458333134651184,0.6123781800270081,545,46059040,1,3
137001,1920,2055015,263041920,23520,0.6458333134651184,128,137000,0.5884184837341309,1920,17,3,500000,1000,,137001.0,0.6744791865348816,0.5972103476524353,0.643750011920929,0.6122066974639893,549,46059040,1,3
138001,1920,2070015,264961920,23520,0.643750011920929,128,138000,0.5925455093383789,1920,17,3,500000,1000,,138001.0,0.6739583611488342,0.597211480140686,0.6416666507720947,0.6121987104415894,553,46059040,1,3
139001,1920,2085015,266881920,23520,0.6416666507720947,128,139000,0.5963592529296875,1920,17,3,500000,1000,,139001.0,0.671875,0.5972126126289368,0.6416666507720947,0.6123369336128235,557,46059040,1,3
140001,1920,2100015,268801920,23520,0.6416666507720947,128,140000,0.6001811027526855,1920,17,3,500000,1000,,140001.0,0.6729166507720947,0.5972127318382263,0.6416666507720947,0.61269211769104,561,46059040,1,3
141001,1920,2115015,270721920,23520,0.6416666507720947,128,141000,0.6040050983428955,1920,17,3,500000,1000,,141001.0,0.6729166507720947,0.597210168838501,0.6416666507720947,0.6127088069915771,565,46059040,1,3
142001,1920,2130015,272641920,23520,0.6416666507720947,128,142000,0.6077730655670166,1920,17,3,500000,1000,,142001.0,0.6723958253860474,0.5972070097923279,0.6416666507720947,0.6125404238700867,569,46059040,1,3
143001,1920,2145015,274561920,23520,0.6416666507720947,128,143000,0.6115820407867432,1920,17,3,500000,1000,,143001.0,0.6734374761581421,0.5972110629081726,0.643750011920929,0.612551748752594,573,46059040,1,3
144001,1920,2160015,276481920,23520,0.643750011920929,128,144000,0.6156480312347412,1920,17,3,500000,1000,,144001.0,0.6723958253860474,0.5972099304199219,0.643750011920929,0.6123441457748413,577,46059040,1,3
145001,1920,2175015,278401920,23520,0.643750011920929,128,145000,0.6194419860839844,1920,17,3,500000,1000,,145001.0,0.6729166507720947,0.59721440076828,0.643750011920929,0.6124079823493958,581,46059040,1,3
146001,1920,2190015,280321920,23520,0.643750011920929,128,146000,0.623248815536499,1920,17,3,500000,1000,,146001.0,0.6734374761581421,0.5972115993499756,0.6416666507720947,0.6126512885093689,585,46059040,1,3
147001,1920,2205015,282241920,23520,0.6416666507720947,128,147000,0.6273348331451416,1920,17,3,500000,1000,,147001.0,0.6734374761581421,0.5972097516059875,0.643750011920929,0.6124732494354248,590,46059040,1,3
148001,1920,2220015,284161920,23520,0.643750011920929,128,148000,0.6311359405517578,1920,17,3,500000,1000,,148001.0,0.6729166507720947,0.5972132086753845,0.6416666507720947,0.6128349900245667,594,46059040,1,3
149001,1920,2235015,286081920,23520,0.6416666507720947,128,149000,0.6354670524597168,1920,17,3,500000,1000,,149001.0,0.6708333492279053,0.5972155332565308,0.6395833492279053,0.6126736998558044,597,46059040,1,3
150001,1920,2250015,288001920,23520,0.6395833492279053,128,150000,0.6395089626312256,1920,17,3,500000,1000,,150001.0,0.6729166507720947,0.5972064137458801,0.6416666507720947,0.6127349138259888,601,46059040,1,3
151001,1920,2265015,289921920,23520,0.6416666507720947,128,151000,0.6432530879974365,1920,17,3,500000,1000,,151001.0,0.6729166507720947,0.5972097516059875,0.643750011920929,0.6127923130989075,605,46059040,1,3
152001,1920,2280015,291841920,23520,0.643750011920929,128,152000,0.6470222473144531,1920,17,3,500000,1000,,152001.0,0.6739583611488342,0.5972102880477905,0.6458333134651184,0.6126987934112549,609,46059040,1,3
153001,1920,2295015,293761920,23520,0.6458333134651184,128,153000,0.6508290767669678,1920,17,3,500000,1000,,153001.0,0.6729166507720947,0.5972123742103577,0.6458333134651184,0.6125440001487732,613,46059040,1,3
154001,1920,2310015,295681920,23520,0.6458333134651184,128,154000,0.6546800136566162,1920,17,3,500000,1000,,154001.0,0.6729166507720947,0.5972057580947876,0.6395833492279053,0.6126578450202942,617,46059040,1,3
155001,1920,2325015,297601920,23520,0.6395833492279053,128,155000,0.6584699153900146,1920,17,3,500000,1000,,155001.0,0.6734374761581421,0.5972092151641846,0.6416666507720947,0.6128642559051514,621,46059040,1,3
156001,1920,2340015,299521920,23520,0.6416666507720947,128,156000,0.662219762802124,1920,17,3,500000,1000,,156001.0,0.6734374761581421,0.5972064733505249,0.6416666507720947,0.6125675439834595,625,46059040,1,3
157001,1920,2355015,301441920,23520,0.6416666507720947,128,157000,0.6660516262054443,1920,17,3,500000,1000,,157001.0,0.671875,0.5972100496292114,0.6458333134651184,0.6123359799385071,629,46059040,1,3
158001,1920,2370015,303361920,23520,0.6458333134651184,128,158000,0.6703405380249023,1920,17,3,500000,1000,,158001.0,0.671875,0.5972042679786682,0.6458333134651184,0.6123759746551514,633,46059040,1,3
159001,1920,2385015,305281920,23520,0.6458333134651184,128,159000,0.6741254329681396,1920,17,3,500000,1000,,159001.0,0.671875,0.597206711769104,0.6416666507720947,0.612541913986206,636,46059040,1,3
160001,1920,2400015,307201920,23520,0.6416666507720947,128,160000,0.6782212257385254,1920,17,3,500000,1000,,160001.0,0.6723958253860474,0.5972082614898682,0.6395833492279053,0.6122351288795471,640,46059040,1,3
161001,1920,2415015,309121920,23520,0.6395833492279053,128,161000,0.6820011138916016,1920,17,3,500000,1000,,161001.0,0.675000011920929,0.5972066521644592,0.643750011920929,0.6126741766929626,644,46059040,1,3
162001,1920,2430015,311041920,23520,0.643750011920929,128,162000,0.685776948928833,1920,17,3,500000,1000,,162001.0,0.675000011920929,0.5972040295600891,0.643750011920929,0.6129583716392517,648,46059040,1,3
163001,1920,2445015,312961920,23520,0.643750011920929,128,163000,0.6899259090423584,1920,17,3,500000,1000,,163001.0,0.6734374761581421,0.5972036719322205,0.6458333134651184,0.6125165224075317,652,46059040,1,3
164001,1920,2460015,314881920,23520,0.6458333134651184,128,164000,0.6938388347625732,1920,17,3,500000,1000,,164001.0,0.6723958253860474,0.5972023010253906,0.643750011920929,0.6125780940055847,657,46059040,1,3
165001,1920,2475015,316801920,23520,0.643750011920929,128,165000,0.6977508068084717,1920,17,3,500000,1000,,165001.0,0.6729166507720947,0.5972024202346802,0.6416666507720947,0.6126775145530701,660,46059040,1,3
166001,1920,2490015,318721920,23520,0.6416666507720947,128,166000,0.7016096115112305,1920,17,3,500000,1000,,166001.0,0.671875,0.5972059369087219,0.6458333134651184,0.6123730540275574,664,46059040,1,3
167001,1920,2505015,320641920,23520,0.6458333134651184,128,167000,0.705399751663208,1920,17,3,500000,1000,,167001.0,0.6723958253860474,0.59720379114151,0.643750011920929,0.6127508282661438,668,46059040,1,3
168001,1920,2520015,322561920,23520,0.643750011920929,128,168000,0.7092196941375732,1920,17,3,500000,1000,,168001.0,0.6713541746139526,0.5972042679786682,0.6416666507720947,0.6126049160957336,672,46059040,1,3
169001,1920,2535015,324481920,23520,0.6416666507720947,128,169000,0.713019609451294,1920,17,3,500000,1000,,169001.0,0.675000011920929,0.5972042679786682,0.6458333134651184,0.6127039790153503,676,46059040,1,3
170001,1920,2550015,326401920,23520,0.6458333134651184,128,170000,0.716787576675415,1920,17,3,500000,1000,,170001.0,0.6723958253860474,0.5972070097923279,0.643750011920929,0.6126026511192322,680,46059040,1,3
171001,1920,2565015,328321920,23520,0.643750011920929,128,171000,0.7205498218536377,1920,17,3,500000,1000,,171001.0,0.6729166507720947,0.5972065329551697,0.643750011920929,0.6125316023826599,684,46059040,1,3
172001,1920,2580015,330241920,23520,0.643750011920929,128,172000,0.7243165969848633,1920,17,3,500000,1000,,172001.0,0.6734374761581421,0.5972071886062622,0.6416666507720947,0.6125551462173462,688,46059040,1,3
173001,1920,2595015,332161920,23520,0.6416666507720947,128,173000,0.7280895709991455,1920,17,3,500000,1000,,173001.0,0.671875,0.597207248210907,0.6416666507720947,0.612353503704071,692,46059040,1,3
174001,1920,2610015,334081920,23520,0.6416666507720947,128,174000,0.7318565845489502,1920,17,3,500000,1000,,174001.0,0.6739583611488342,0.5972034335136414,0.643750011920929,0.6123448014259338,695,46059040,1,3
175001,1920,2625015,336001920,23520,0.643750011920929,128,175000,0.7359933853149414,1920,17,3,500000,1000,,175001.0,0.6729166507720947,0.5972023010253906,0.6416666507720947,0.6126836538314819,699,46059040,1,3
176001,1920,2640015,337921920,23520,0.6416666507720947,128,176000,0.7397916316986084,1920,17,3,500000,1000,,176001.0,0.6729166507720947,0.597202718257904,0.637499988079071,0.612835168838501,703,46059040,1,3
177001,1920,2655015,339841920,23520,0.637499988079071,128,177000,0.7436068058013916,1920,17,3,500000,1000,,177001.0,0.6739583611488342,0.5972017049789429,0.643750011920929,0.6126744747161865,707,46059040,1,3
178001,1920,2670015,341761920,23520,0.643750011920929,128,178000,0.7473859786987305,1920,17,3,500000,1000,,178001.0,0.6734374761581421,0.597204327583313,0.6416666507720947,0.6125974655151367,711,46059040,1,3
179001,1920,2685015,343681920,23520,0.6416666507720947,128,179000,0.7512211799621582,1920,17,3,500000,1000,,179001.0,0.6729166507720947,0.5972025990486145,0.643750011920929,0.6126922369003296,715,46059040,1,3
180001,1920,2700015,345601920,23520,0.643750011920929,128,180000,0.755134105682373,1920,17,3,500000,1000,,180001.0,0.6734374761581421,0.5972035527229309,0.643750011920929,0.612447202205658,719,46059040,1,3
181001,1920,2715015,347521920,23520,0.643750011920929,128,181000,0.7593114376068115,1920,17,3,500000,1000,,181001.0,0.6729166507720947,0.5972002148628235,0.6416666507720947,0.6125698089599609,723,46059040,1,3
182001,1920,2730015,349441920,23520,0.6416666507720947,128,182000,0.7632074356079102,1920,17,3,500000,1000,,182001.0,0.6729166507720947,0.5972045063972473,0.6395833492279053,0.6124745011329651,727,46059040,1,3
183001,1920,2745015,351361920,23520,0.6395833492279053,128,183000,0.7669875621795654,1920,17,3,500000,1000,,183001.0,0.6729166507720947,0.5972013473510742,0.6416666507720947,0.6123953461647034,731,46059040,1,3
184001,1920,2760015,353281920,23520,0.6416666507720947,128,184000,0.7707417011260986,1920,17,3,500000,1000,,184001.0,0.6739583611488342,0.5972051620483398,0.6416666507720947,0.6125710606575012,735,46059040,1,3
185001,1920,2775015,355201920,23520,0.6416666507720947,128,185000,0.7745046615600586,1920,17,3,500000,1000,,185001.0,0.6729166507720947,0.5972081422805786,0.643750011920929,0.6125954985618591,739,46059040,1,3
186001,1920,2790015,357121920,23520,0.643750011920929,128,186000,0.7782886028289795,1920,17,3,500000,1000,,186001.0,0.6734374761581421,0.5972039699554443,0.643750011920929,0.6128149032592773,743,46059040,1,3
187001,1920,2805015,359041920,23520,0.643750011920929,128,187000,0.7820594310760498,1920,17,3,500000,1000,,187001.0,0.6734374761581421,0.5972009301185608,0.6416666507720947,0.6126965880393982,747,46059040,1,3
188001,1920,2820015,360961920,23520,0.6416666507720947,128,188000,0.78582763671875,1920,17,3,500000,1000,,188001.0,0.671875,0.5972076654434204,0.6416666507720947,0.6125590801239014,750,46059040,1,3
189001,1920,2835015,362881920,23520,0.6416666507720947,128,189000,0.7896316051483154,1920,17,3,500000,1000,,189001.0,0.671875,0.5972012281417847,0.6416666507720947,0.6125958561897278,754,46059040,1,3
190001,1920,2850015,364801920,23520,0.6416666507720947,128,190000,0.7934145927429199,1920,17,3,500000,1000,,190001.0,0.6723958253860474,0.5971977114677429,0.6416666507720947,0.6127341985702515,758,46059040,1,3
191001,1920,2865015,366721920,23520,0.6416666507720947,128,191000,0.7972266674041748,1920,17,3,500000,1000,,191001.0,0.6739583611488342,0.597201406955719,0.643750011920929,0.6126434206962585,762,46059040,1,3
192001,1920,2880015,368641920,23520,0.643750011920929,128,192000,0.8009977340698242,1920,17,3,500000,1000,,192001.0,0.6723958253860474,0.5972020030021667,0.6416666507720947,0.61302250623703,766,46059040,1,3
193001,1920,2895015,370561920,23520,0.6416666507720947,128,193000,0.8048787117004395,1920,17,3,500000,1000,,193001.0,0.6729166507720947,0.5971961617469788,0.6416666507720947,0.61273193359375,770,46059040,1,3
194001,1920,2910015,372481920,23520,0.6416666507720947,128,194000,0.8086576461791992,1920,17,3,500000,1000,,194001.0,0.6739583611488342,0.5971982479095459,0.643750011920929,0.612547755241394,774,46059040,1,3
195001,1920,2925015,374401920,23520,0.643750011920929,128,195000,0.8123695850372314,1920,17,3,500000,1000,,195001.0,0.6739583611488342,0.5971978306770325,0.643750011920929,0.6128023266792297,778,46059040,1,3
196001,1920,2940015,376321920,23520,0.643750011920929,128,196000,0.8161375522613525,1920,17,3,500000,1000,,196001.0,0.6713541746139526,0.5971989035606384,0.6458333134651184,0.612392783164978,782,46059040,1,3
197001,1920,2955015,378241920,23520,0.6458333134651184,128,197000,0.819880485534668,1920,17,3,500000,1000,,197001.0,0.6723958253860474,0.5971975922584534,0.643750011920929,0.6125591397285461,786,46059040,1,3
198001,1920,2970015,380161920,23520,0.643750011920929,128,198000,0.8235723972320557,1920,17,3,500000,1000,,198001.0,0.6734374761581421,0.5971975326538086,0.6416666507720947,0.6127687096595764,790,46059040,1,3
199001,1920,2985015,382081920,23520,0.6416666507720947,128,199000,0.8274102210998535,1920,17,3,500000,1000,,199001.0,0.671875,0.5971975326538086,0.6416666507720947,0.6128812432289124,794,46059040,1,3
200001,1920,3000015,384001920,23520,0.6416666507720947,128,200000,0.8316431045532227,1920,17,3,500000,1000,,200001.0,0.6729166507720947,0.5971980690956116,0.6416666507720947,0.6129056811332703,798,46059040,1,3
201001,1920,3015015,385921920,23520,0.6416666507720947,128,201000,0.8353879451751709,1920,17,3,500000,1000,,201001.0,0.6729166507720947,0.5971957445144653,0.6416666507720947,0.6129487752914429,802,46059040,1,3
202001,1920,3030015,387841920,23520,0.6416666507720947,128,202000,0.8393871784210205,1920,17,3,500000,1000,,202001.0,0.675000011920929,0.5971987247467041,0.643750011920929,0.6127676367759705,806,46059040,1,3
203001,1920,3045015,389761920,23520,0.643750011920929,128,203000,0.8432559967041016,1920,17,3,500000,1000,,203001.0,0.6739583611488342,0.5972022414207458,0.643750011920929,0.612881064414978,810,46059040,1,3
204001,1920,3060015,391681920,23520,0.643750011920929,128,204000,0.846987247467041,1920,17,3,500000,1000,,204001.0,0.6734374761581421,0.5971987843513489,0.643750011920929,0.6129472255706787,814,46059040,1,3
205001,1920,3075015,393601920,23520,0.643750011920929,128,205000,0.8506982326507568,1920,17,3,500000,1000,,205001.0,0.6723958253860474,0.597199022769928,0.643750011920929,0.612987756729126,818,46059040,1,3
206001,1920,3090015,395521920,23520,0.643750011920929,128,206000,0.8562121391296387,1920,17,3,500000,1000,,206001.0,0.6708333492279053,0.597199022769928,0.643750011920929,0.6126863360404968,822,46059040,1,3
207001,1920,3105015,397441920,23520,0.643750011920929,128,207000,0.859931230545044,1920,17,3,500000,1000,,207001.0,0.6734374761581421,0.5971966981887817,0.643750011920929,0.612829327583313,826,46059040,1,3
208001,1920,3120015,399361920,23520,0.643750011920929,128,208000,0.8636171817779541,1920,17,3,500000,1000,,208001.0,0.6729166507720947,0.5972013473510742,0.643750011920929,0.6130989193916321,829,46059040,1,3
209001,1920,3135015,401281920,23520,0.643750011920929,128,209000,0.8684751987457275,1920,17,3,500000,1000,,209001.0,0.6744791865348816,0.5971990823745728,0.643750011920929,0.6129042506217957,833,46059040,1,3
210001,1920,3150015,403201920,23520,0.643750011920929,128,210000,0.8722660541534424,1920,17,3,500000,1000,,210001.0,0.6723958253860474,0.5971996188163757,0.6416666507720947,0.6129168272018433,837,46059040,1,3
211001,1920,3165015,405121920,23520,0.6416666507720947,128,211000,0.8763911724090576,1920,17,3,500000,1000,,211001.0,0.6739583611488342,0.5972006320953369,0.643750011920929,0.6126872301101685,841,46059040,1,3
212001,1920,3180015,407041920,23520,0.643750011920929,128,212000,0.8801252841949463,1920,17,3,500000,1000,,212001.0,0.6744791865348816,0.597194492816925,0.6458333134651184,0.6127085089683533,845,46059040,1,3
213001,1920,3195015,408961920,23520,0.6458333134651184,128,213000,0.8838803768157959,1920,17,3,500000,1000,,213001.0,0.6723958253860474,0.597193717956543,0.6416666507720947,0.6128440499305725,849,46059040,1,3
214001,1920,3210015,410881920,23520,0.6416666507720947,128,214000,0.887566328048706,1920,17,3,500000,1000,,214001.0,0.6723958253860474,0.5971987843513489,0.6416666507720947,0.612311065196991,853,46059040,1,3
215001,1920,3225015,412801920,23520,0.6416666507720947,128,215000,0.8912222385406494,1920,17,3,500000,1000,,215001.0,0.6723958253860474,0.5971981287002563,0.643750011920929,0.6125993132591248,857,46059040,1,3
216001,1920,3240015,414721920,23520,0.643750011920929,128,216000,0.8953280448913574,1920,17,3,500000,1000,,216001.0,0.6739583611488342,0.5971971154212952,0.6458333134651184,0.6127424240112305,862,46059040,1,3
217001,1920,3255015,416641920,23520,0.6458333134651184,128,217000,0.899050235748291,1920,17,3,500000,1000,,217001.0,0.6723958253860474,0.5971974730491638,0.643750011920929,0.6127376556396484,866,46059040,1,3
218001,1920,3270015,418561920,23520,0.643750011920929,128,218000,0.9028604030609131,1920,17,3,500000,1000,,218001.0,0.6723958253860474,0.5971996784210205,0.6458333134651184,0.6128020882606506,870,46059040,1,3
219001,1920,3285015,420481920,23520,0.6458333134651184,128,219000,0.9084484577178955,1920,17,3,500000,1000,,219001.0,0.6739583611488342,0.5971960425376892,0.6416666507720947,0.6126201748847961,874,46059040,1,3
220001,1920,3300015,422401920,23520,0.6416666507720947,128,220000,0.9121296405792236,1920,17,3,500000,1000,,220001.0,0.6739583611488342,0.5971980690956116,0.643750011920929,0.6126952767372131,878,46059040,1,3
221001,1920,3315015,424321920,23520,0.643750011920929,128,221000,0.916264533996582,1920,17,3,500000,1000,,221001.0,0.6739583611488342,0.5971981287002563,0.6416666507720947,0.6127560138702393,882,46059040,1,3
222001,1920,3330015,426241920,23520,0.6416666507720947,128,222000,0.9201343059539795,1920,17,3,500000,1000,,222001.0,0.6734374761581421,0.5971971154212952,0.6395833492279053,0.6127395629882812,886,46059040,1,3
223001,1920,3345015,428161920,23520,0.6395833492279053,128,223000,0.924013614654541,1920,17,3,500000,1000,,223001.0,0.6739583611488342,0.5971994400024414,0.6458333134651184,0.6126533150672913,890,46059040,1,3
224001,1920,3360015,430081920,23520,0.6458333134651184,128,224000,0.9277486801147461,1920,17,3,500000,1000,,224001.0,0.6723958253860474,0.5971946120262146,0.643750011920929,0.6127369999885559,894,46059040,1,3
225001,1920,3375015,432001920,23520,0.643750011920929,128,225000,0.9315505027770996,1920,17,3,500000,1000,,225001.0,0.6734374761581421,0.5972008109092712,0.643750011920929,0.6127782464027405,898,46059040,1,3
226001,1920,3390015,433921920,23520,0.643750011920929,128,226000,0.9352314472198486,1920,17,3,500000,1000,,226001.0,0.6734374761581421,0.5971962809562683,0.6458333134651184,0.612931489944458,902,46059040,1,3
227001,1920,3405015,435841920,23520,0.6458333134651184,128,227000,0.9395654201507568,1920,17,3,500000,1000,,227001.0,0.6734374761581421,0.5971959233283997,0.6416666507720947,0.6124797463417053,906,46059040,1,3
228001,1920,3420015,437761920,23520,0.6416666507720947,128,228000,0.9437813758850098,1920,17,3,500000,1000,,228001.0,0.675000011920929,0.5971955060958862,0.643750011920929,0.6127414107322693,910,46059040,1,3
229001,1920,3435015,439681920,23520,0.643750011920929,128,229000,0.9476475715637207,1920,17,3,500000,1000,,229001.0,0.6734374761581421,0.5971946120262146,0.6416666507720947,0.6124984622001648,914,46059040,1,3
230001,1920,3450015,441601920,23520,0.6416666507720947,128,230000,0.9516055583953857,1920,17,3,500000,1000,,230001.0,0.6734374761581421,0.5971969962120056,0.643750011920929,0.6125665307044983,918,46059040,1,3
231001,1920,3465015,443521920,23520,0.643750011920929,128,231000,0.9599485397338867,1920,17,3,500000,1000,,231001.0,0.6729166507720947,0.5972013473510742,0.6416666507720947,0.6124850511550903,922,46059040,1,3
232001,1920,3480015,445441920,23520,0.6416666507720947,128,232000,0.9636898040771484,1920,17,3,500000,1000,,232001.0,0.6729166507720947,0.5971946120262146,0.6416666507720947,0.6126220226287842,926,46059040,1,3
233001,1920,3495015,447361920,23520,0.6416666507720947,128,233000,0.9674160480499268,1920,17,3,500000,1000,,233001.0,0.6723958253860474,0.5971949696540833,0.643750011920929,0.6125553846359253,930,46059040,1,3
234001,1920,3510015,449281920,23520,0.643750011920929,128,234000,0.9711191654205322,1920,17,3,500000,1000,,234001.0,0.6734374761581421,0.5971962213516235,0.6458333134651184,0.6125099062919617,934,46059040,1,3
235001,1920,3525015,451201920,23520,0.6458333134651184,128,235000,0.9752421379089355,1920,17,3,500000,1000,,235001.0,0.6729166507720947,0.5972002148628235,0.643750011920929,0.6126243472099304,938,46059040,1,3
236001,1920,3540015,453121920,23520,0.643750011920929,128,236000,0.9791543483734131,1920,17,3,500000,1000,,236001.0,0.6739583611488342,0.5972002744674683,0.6458333134651184,0.6126022338867188,943,46059040,1,3
237001,1920,3555015,455041920,23520,0.6458333134651184,128,237000,0.9829113483428955,1920,17,3,500000,1000,,237001.0,0.6734374761581421,0.5972006320953369,0.643750011920929,0.612550675868988,947,46059040,1,3
238001,1920,3570015,456961920,23520,0.643750011920929,128,238000,0.9866633415222168,1920,17,3,500000,1000,,238001.0,0.671875,0.597199559211731,0.6416666507720947,0.6125308871269226,951,46059040,1,3
239001,1920,3585015,458881920,23520,0.6416666507720947,128,239000,0.9917163848876953,1920,17,3,500000,1000,,239001.0,0.6713541746139526,0.5971931219100952,0.643750011920929,0.6126672625541687,955,46059040,1,3
240001,1920,3600015,460801920,23520,0.643750011920929,128,240000,0.9958505630493164,1920,17,3,500000,1000,,240001.0,0.6723958253860474,0.5971955060958862,0.643750011920929,0.6127551794052124,959,46059040,1,3
241001,1920,3615015,462721920,23520,0.643750011920929,128,241000,0.9995925426483154,1920,17,3,500000,1000,,241001.0,0.6729166507720947,0.5971928834915161,0.6416666507720947,0.612798810005188,963,46059040,1,3
242001,1920,3630015,464641920,23520,0.6416666507720947,128,242000,1.0033385753631592,1920,17,3,500000,1000,,242001.0,0.6734374761581421,0.5971968770027161,0.643750011920929,0.6124829649925232,967,46059040,1,3
243001,1920,3645015,466561920,23520,0.643750011920929,128,243000,1.0070693492889404,1920,17,3,500000,1000,,243001.0,0.671875,0.5971922278404236,0.643750011920929,0.6126413345336914,971,46059040,1,3
244001,1920,3660015,468481920,23520,0.643750011920929,128,244000,1.011035442352295,1920,17,3,500000,1000,,244001.0,0.6734374761581421,0.597195565700531,0.643750011920929,0.6125536561012268,976,46059040,1,3
245001,1920,3675015,470401920,23520,0.643750011920929,128,245000,1.0147583484649658,1920,17,3,500000,1000,,245001.0,0.6734374761581421,0.5971993803977966,0.643750011920929,0.6124572157859802,979,46059040,1,3
246001,1920,3690015,472321920,23520,0.643750011920929,128,246000,1.0184433460235596,1920,17,3,500000,1000,,246001.0,0.6734374761581421,0.5971969962120056,0.6458333134651184,0.6127468347549438,984,46059040,1,3
247001,1920,3705015,474241920,23520,0.6458333134651184,128,247000,1.0221853256225586,1920,17,3,500000,1000,,247001.0,0.675000011920929,0.597195565700531,0.6458333134651184,0.6126537919044495,988,46059040,1,3
248001,1920,3720015,476161920,23520,0.6458333134651184,128,248000,1.0259225368499756,1920,17,3,500000,1000,,248001.0,0.6739583611488342,0.5971965789794922,0.643750011920929,0.6126734614372253,992,46059040,1,3
249001,1920,3735015,478081920,23520,0.643750011920929,128,249000,1.0314743518829346,1920,17,3,500000,1000,,249001.0,0.6723958253860474,0.5971977114677429,0.6458333134651184,0.6128823161125183,996,46059040,1,3
250001,1920,3750015,480001920,23520,0.6458333134651184,128,250000,1.0351874828338623,1920,17,3,500000,1000,,250001.0,0.6739583611488342,0.5971980690956116,0.6458333134651184,0.6125450134277344,999,46059040,1,3
251001,1920,3765015,481921920,23520,0.6458333134651184,128,251000,1.0389373302459717,1920,17,3,500000,1000,,251001.0,0.6739583611488342,0.5971994400024414,0.643750011920929,0.6121531128883362,1004,46059040,1,3
252001,1920,3780015,483841920,23520,0.643750011920929,128,252000,1.0426924228668213,1920,17,3,500000,1000,,252001.0,0.6734374761581421,0.5971963405609131,0.6416666507720947,0.6125168204307556,1008,46059040,1,3
253001,1920,3795015,485761920,23520,0.6416666507720947,128,253000,1.046417474746704,1920,17,3,500000,1000,,253001.0,0.6739583611488342,0.5971928238868713,0.6416666507720947,0.6125670075416565,1011,46059040,1,3
254001,1920,3810015,487681920,23520,0.6416666507720947,128,254000,1.050147533416748,1920,17,3,500000,1000,,254001.0,0.6729166507720947,0.5971949100494385,0.643750011920929,0.6127325296401978,1015,46059040,1,3
255001,1920,3825015,489601920,23520,0.643750011920929,128,255000,1.057093620300293,1920,17,3,500000,1000,,255001.0,0.6739583611488342,0.5971978902816772,0.643750011920929,0.612549901008606,1020,46059040,1,3
256001,1920,3840015,491521920,23520,0.643750011920929,128,256000,1.0608208179473877,1920,17,3,500000,1000,,256001.0,0.6713541746139526,0.5971947908401489,0.6395833492279053,0.6125590205192566,1024,46059040,1,3
257001,1920,3855015,493441920,23520,0.6395833492279053,128,257000,1.0645432472229004,1920,17,3,500000,1000,,257001.0,0.6723958253860474,0.5971982479095459,0.6395833492279053,0.6124255061149597,1028,46059040,1,3
258001,1920,3870015,495361920,23520,0.6395833492279053,128,258000,1.0683364868164062,1920,17,3,500000,1000,,258001.0,0.6729166507720947,0.5971962809562683,0.6416666507720947,0.6127339601516724,1032,46059040,1,3
259001,1920,3885015,497281920,23520,0.6416666507720947,128,259000,1.0723936557769775,1920,17,3,500000,1000,,259001.0,0.6729166507720947,0.5971986055374146,0.6416666507720947,0.6127439737319946,1036,46059040,1,3
260001,1920,3900015,499201920,23520,0.6416666507720947,128,260000,1.0761466026306152,1920,17,3,500000,1000,,260001.0,0.6729166507720947,0.597194254398346,0.6416666507720947,0.6125452518463135,1040,46059040,1,3
261001,1920,3915015,501121920,23520,0.6416666507720947,128,261000,1.0798454284667969,1920,17,3,500000,1000,,261001.0,0.6734374761581421,0.5972001552581787,0.643750011920929,0.6128326654434204,1044,46059040,1,3
262001,1920,3930015,503041920,23520,0.643750011920929,128,262000,1.0835611820220947,1920,17,3,500000,1000,,262001.0,0.6713541746139526,0.5971964001655579,0.643750011920929,0.6125142574310303,1048,46059040,1,3
263001,1920,3945015,504961920,23520,0.643750011920929,128,263000,1.0873031616210938,1920,17,3,500000,1000,,263001.0,0.6723958253860474,0.5971927642822266,0.643750011920929,0.6127997636795044,1052,46059040,1,3
264001,1920,3960015,506881920,23520,0.643750011920929,128,264000,1.091048240661621,1920,17,3,500000,1000,,264001.0,0.6734374761581421,0.5971944332122803,0.6416666507720947,0.6128267049789429,1056,46059040,1,3
265001,1920,3975015,508801920,23520,0.6416666507720947,128,265000,1.0947751998901367,1920,17,3,500000,1000,,265001.0,0.6729166507720947,0.5971996784210205,0.6458333134651184,0.6126842498779297,1060,46059040,1,3
266001,1920,3990015,510721920,23520,0.6458333134651184,128,266000,1.0985043048858643,1920,17,3,500000,1000,,266001.0,0.6723958253860474,0.5971913933753967,0.6416666507720947,0.6128119230270386,1064,46059040,1,3
267001,1920,4005015,512641920,23520,0.6416666507720947,128,267000,1.1022331714630127,1920,17,3,500000,1000,,267001.0,0.6744791865348816,0.5971952080726624,0.6416666507720947,0.6126426458358765,1068,46059040,1,3
268001,1920,4020015,514561920,23520,0.6416666507720947,128,268000,1.105973243713379,1920,17,3,500000,1000,,268001.0,0.6708333492279053,0.597199559211731,0.6458333134651184,0.6123663187026978,1072,46059040,1,3
269001,1920,4035015,516481920,23520,0.6458333134651184,128,269000,1.1098942756652832,1920,17,3,500000,1000,,269001.0,0.6734374761581421,0.5971974730491638,0.6416666507720947,0.6126279830932617,1076,46059040,1,3
270001,1920,4050015,518401920,23520,0.6416666507720947,128,270000,1.1136250495910645,1920,17,3,500000,1000,,270001.0,0.6739583611488342,0.5971933603286743,0.6416666507720947,0.6124699115753174,1080,46059040,1,3
271001,1920,4065015,520321920,23520,0.6416666507720947,128,271000,1.1173129081726074,1920,17,3,500000,1000,,271001.0,0.6723958253860474,0.5971940159797668,0.6416666507720947,0.6125932931900024,1084,46059040,1,3
272001,1920,4080015,522241920,23520,0.6416666507720947,128,272000,1.1212809085845947,1920,17,3,500000,1000,,272001.0,0.6723958253860474,0.597194254398346,0.643750011920929,0.61245197057724,1091,46059040,1,3
273001,1920,4095015,524161920,23520,0.643750011920929,128,273000,1.1253907680511475,1920,17,3,500000,1000,,273001.0,0.6729166507720947,0.5971923470497131,0.643750011920929,0.6125354766845703,1101,46059040,1,3
274001,1920,4110015,526081920,23520,0.643750011920929,128,274000,1.1292707920074463,1920,17,3,500000,1000,,274001.0,0.6729166507720947,0.5971949100494385,0.6416666507720947,0.6125715970993042,1105,46059040,1,3
275001,1920,4125015,528001920,23520,0.6416666507720947,128,275000,1.1332578659057617,1920,17,3,500000,1000,,275001.0,0.675000011920929,0.5971949100494385,0.643750011920929,0.6127594709396362,1110,46059040,1,3
276001,1920,4140015,529921920,23520,0.643750011920929,128,276000,1.1371848583221436,1920,17,3,500000,1000,,276001.0,0.6729166507720947,0.5971987247467041,0.6416666507720947,0.6127011775970459,1114,46059040,1,3
277001,1920,4155015,531841920,23520,0.6416666507720947,128,277000,1.1410439014434814,1920,17,3,500000,1000,,277001.0,0.6729166507720947,0.5971922278404236,0.6416666507720947,0.6127700209617615,1120,46059040,1,3
278001,1920,4170015,533761920,23520,0.6416666507720947,128,278000,1.1448040008544922,1920,17,3,500000,1000,,278001.0,0.6744791865348816,0.5971939563751221,0.643750011920929,0.6127147078514099,1125,46059040,1,3
279001,1920,4185015,535681920,23520,0.643750011920929,128,279000,1.1487529277801514,1920,17,3,500000,1000,,279001.0,0.675000011920929,0.5971944332122803,0.6458333134651184,0.6127129793167114,1130,46059040,1,3
280001,1920,4200015,537601920,23520,0.6458333134651184,128,280000,1.1527628898620605,1920,17,3,500000,1000,,280001.0,0.675000011920929,0.5971916317939758,0.6416666507720947,0.6127095818519592,1135,46059040,1,3
281001,1920,4215015,539521920,23520,0.6416666507720947,128,281000,1.1570050716400146,1920,17,3,500000,1000,,281001.0,0.6744791865348816,0.5971938371658325,0.6416666507720947,0.6130777597427368,1139,46059040,1,3
282001,1920,4230015,541441920,23520,0.6416666507720947,128,282000,1.1614201068878174,1920,17,3,500000,1000,,282001.0,0.6744791865348816,0.5971952676773071,0.6416666507720947,0.6129263043403625,1143,46059040,1,3
283001,1920,4245015,543361920,23520,0.6416666507720947,128,283000,1.165480136871338,1920,17,3,500000,1000,,283001.0,0.6729166507720947,0.5971906185150146,0.643750011920929,0.6127583980560303,1147,46059040,1,3
284001,1920,4260015,545281920,23520,0.643750011920929,128,284000,1.1700952053070068,1920,17,3,500000,1000,,284001.0,0.6744791865348816,0.5971911549568176,0.643750011920929,0.6128402352333069,1152,46059040,1,3
285001,1920,4275015,547201920,23520,0.643750011920929,128,285000,1.1739861965179443,1920,17,3,500000,1000,,285001.0,0.6744791865348816,0.5971945524215698,0.643750011920929,0.6127109527587891,1156,46059040,1,3
286001,1920,4290015,549121920,23520,0.643750011920929,128,286000,1.1785485744476318,1920,17,3,500000,1000,,286001.0,0.6739583611488342,0.5971955060958862,0.6416666507720947,0.6126019954681396,1160,46059040,1,3
287001,1920,4305015,551041920,23520,0.6416666507720947,128,287000,1.182748794555664,1920,17,3,500000,1000,,287001.0,0.6734374761581421,0.5971916913986206,0.6416666507720947,0.6125713586807251,1164,46059040,1,3
288001,1920,4320015,552961920,23520,0.6416666507720947,128,288000,1.1869428157806396,1920,17,3,500000,1000,,288001.0,0.6739583611488342,0.5971933603286743,0.6416666507720947,0.6125782132148743,1169,46059040,1,3
289001,1920,4335015,554881920,23520,0.6416666507720947,128,289000,1.190786600112915,1920,17,3,500000,1000,,289001.0,0.6739583611488342,0.597191572189331,0.6416666507720947,0.6126899719238281,1173,46059040,1,3
290001,1920,4350015,556801920,23520,0.6416666507720947,128,290000,1.1957428455352783,1920,17,3,500000,1000,,290001.0,0.671875,0.5971912741661072,0.643750011920929,0.6127642393112183,1177,46059040,1,3
291001,1920,4365015,558721920,23520,0.643750011920929,128,291000,1.2000901699066162,1920,17,3,500000,1000,,291001.0,0.6713541746139526,0.5971916913986206,0.6416666507720947,0.6127573251724243,1181,46059040,1,3
292001,1920,4380015,560641920,23520,0.6416666507720947,128,292000,1.2047312259674072,1920,17,3,500000,1000,,292001.0,0.6723958253860474,0.5971954464912415,0.643750011920929,0.61286860704422,1185,46059040,1,3
293001,1920,4395015,562561920,23520,0.643750011920929,128,293000,1.208972454071045,1920,17,3,500000,1000,,293001.0,0.6734374761581421,0.5971937775611877,0.6416666507720947,0.6129842400550842,1189,46059040,1,3
294001,1920,4410015,564481920,23520,0.6416666507720947,128,294000,1.2131013870239258,1920,17,3,500000,1000,,294001.0,0.6734374761581421,0.5971919894218445,0.6416666507720947,0.6125485301017761,1193,46059040,1,3
295001,1920,4425015,566401920,23520,0.6416666507720947,128,295000,1.2173445224761963,1920,17,3,500000,1000,,295001.0,0.6744791865348816,0.5971889495849609,0.643750011920929,0.6126100420951843,1198,46059040,1,3
296001,1920,4440015,568321920,23520,0.643750011920929,128,296000,1.221515417098999,1920,17,3,500000,1000,,296001.0,0.6729166507720947,0.5971925258636475,0.643750011920929,0.6126209497451782,1202,46059040,1,3
297001,1920,4455015,570241920,23520,0.643750011920929,128,297000,1.2262604236602783,1920,17,3,500000,1000,,297001.0,0.671875,0.5971919298171997,0.643750011920929,0.6129267811775208,1206,46059040,1,3
298001,1920,4470015,572161920,23520,0.643750011920929,128,298000,1.2308104038238525,1920,17,3,500000,1000,,298001.0,0.6729166507720947,0.5971928834915161,0.6416666507720947,0.6126879453659058,1210,46059040,1,3
299001,1920,4485015,574081920,23520,0.6416666507720947,128,299000,1.235358476638794,1920,17,3,500000,1000,,299001.0,0.6723958253860474,0.5971898436546326,0.643750011920929,0.6127640008926392,1214,46059040,1,3
300001,1920,4500015,576001920,23520,0.643750011920929,128,300000,1.239222526550293,1920,17,3,500000,1000,,300001.0,0.6729166507720947,0.5971902012825012,0.643750011920929,0.6128509044647217,1219,46059040,1,3
301001,1920,4515015,577921920,23520,0.643750011920929,128,301000,1.2435863018035889,1920,17,3,500000,1000,,301001.0,0.6723958253860474,0.5971896052360535,0.6416666507720947,0.612567126750946,1223,46059040,1,3
302001,1920,4530015,579841920,23520,0.6416666507720947,128,302000,1.2478561401367188,1920,17,3,500000,1000,,302001.0,0.6729166507720947,0.5971893668174744,0.6416666507720947,0.6125558018684387,1227,46059040,1,3
303001,1920,4545015,581761920,23520,0.6416666507720947,128,303000,1.2519772052764893,1920,17,3,500000,1000,,303001.0,0.6734374761581421,0.5971907377243042,0.643750011920929,0.6124770641326904,1231,46059040,1,3
304001,1920,4560015,583681920,23520,0.643750011920929,128,304000,1.255814552307129,1920,17,3,500000,1000,,304001.0,0.6723958253860474,0.5971925258636475,0.643750011920929,0.6127882599830627,1236,46059040,1,3
305001,1920,4575015,585601920,23520,0.643750011920929,128,305000,1.260392665863037,1920,17,3,500000,1000,,305001.0,0.6734374761581421,0.5971895456314087,0.643750011920929,0.6127052307128906,1240,46059040,1,3
306001,1920,4590015,587521920,23520,0.643750011920929,128,306000,1.264192819595337,1920,17,3,500000,1000,,306001.0,0.6723958253860474,0.5971918702125549,0.6416666507720947,0.6125656366348267,1244,46059040,1,3
307001,1920,4605015,589441920,23520,0.6416666507720947,128,307000,1.2684118747711182,1920,17,3,500000,1000,,307001.0,0.6723958253860474,0.5971900820732117,0.6416666507720947,0.6127182841300964,1248,46059040,1,3
308001,1920,4620015,591361920,23520,0.6416666507720947,128,308000,1.2728159427642822,1920,17,3,500000,1000,,308001.0,0.671875,0.5971907377243042,0.643750011920929,0.6126109957695007,1252,46059040,1,3
309001,1920,4635015,593281920,23520,0.643750011920929,128,309000,1.276953935623169,1920,17,3,500000,1000,,309001.0,0.6723958253860474,0.5971912741661072,0.6395833492279053,0.6125723123550415,1257,46059040,1,3
310001,1920,4650015,595201920,23520,0.6395833492279053,128,310000,1.2811927795410156,1920,17,3,500000,1000,,310001.0,0.6744791865348816,0.5971924066543579,0.643750011920929,0.612798273563385,1261,46059040,1,3
311001,1920,4665015,597121920,23520,0.643750011920929,128,311000,1.2853937149047852,1920,17,3,500000,1000,,311001.0,0.6734374761581421,0.5971929430961609,0.643750011920929,0.6127931475639343,1265,46059040,1,3
312001,1920,4680015,599041920,23520,0.643750011920929,128,312000,1.289200782775879,1920,17,3,500000,1000,,312001.0,0.6729166507720947,0.5971953272819519,0.643750011920929,0.6128860712051392,1269,46059040,1,3
313001,1920,4695015,600961920,23520,0.643750011920929,128,313000,1.2930119037628174,1920,17,3,500000,1000,,313001.0,0.6713541746139526,0.5971912741661072,0.6395833492279053,0.6125773191452026,1273,46059040,1,3
314001,1920,4710015,602881920,23520,0.6395833492279053,128,314000,1.2970848083496094,1920,17,3,500000,1000,,314001.0,0.6739583611488342,0.5971922278404236,0.6416666507720947,0.6126443147659302,1277,46059040,1,3
315001,1920,4725015,604801920,23520,0.6416666507720947,128,315000,1.3008997440338135,1920,17,3,500000,1000,,315001.0,0.6729166507720947,0.5971896648406982,0.6395833492279053,0.6126229763031006,1281,46059040,1,3
316001,1920,4740015,606721920,23520,0.6395833492279053,128,316000,1.304715871810913,1920,17,3,500000,1000,,316001.0,0.6734374761581421,0.59718918800354,0.643750011920929,0.6127966046333313,1285,46059040,1,3
317001,1920,4755015,608641920,23520,0.643750011920929,128,317000,1.3089439868927002,1920,17,3,500000,1000,,317001.0,0.6734374761581421,0.5971912741661072,0.643750011920929,0.6128455400466919,1289,46059040,1,3
318001,1920,4770015,610561920,23520,0.643750011920929,128,318000,1.312999963760376,1920,17,3,500000,1000,,318001.0,0.6734374761581421,0.5971900820732117,0.643750011920929,0.6132136583328247,1293,46059040,1,3
319001,1920,4785015,612481920,23520,0.643750011920929,128,319000,1.3168630599975586,1920,17,3,500000,1000,,319001.0,0.6755208373069763,0.5971935987472534,0.643750011920929,0.6130983829498291,1297,46059040,1,3
320001,1920,4800015,614401920,23520,0.643750011920929,128,320000,1.3206450939178467,1920,17,3,500000,1000,,320001.0,0.6723958253860474,0.5971909761428833,0.6416666507720947,0.6130235195159912,1301,46059040,1,3
321001,1920,4815015,616321920,23520,0.6416666507720947,128,321000,1.3244879245758057,1920,17,3,500000,1000,,321001.0,0.6734374761581421,0.597192108631134,0.6416666507720947,0.6127975583076477,1305,46059040,1,3
322001,1920,4830015,618241920,23520,0.6416666507720947,128,322000,1.3283419609069824,1920,17,3,500000,1000,,322001.0,0.6744791865348816,0.5971903204917908,0.6416666507720947,0.6125757694244385,1309,46059040,1,3
323001,1920,4845015,620161920,23520,0.6416666507720947,128,323000,1.332242727279663,1920,17,3,500000,1000,,323001.0,0.6744791865348816,0.5971950888633728,0.6416666507720947,0.6126253604888916,1313,46059040,1,3
324001,1920,4860015,622081920,23520,0.6416666507720947,128,324000,1.336221694946289,1920,17,3,500000,1000,,324001.0,0.6739583611488342,0.5972018837928772,0.6416666507720947,0.6123923063278198,1317,46059040,1,3
325001,1920,4875015,624001920,23520,0.6416666507720947,128,325000,1.3403046131134033,1920,17,3,500000,1000,,325001.0,0.6729166507720947,0.5971931219100952,0.6416666507720947,0.6124038696289062,1321,46059040,1,3
326001,1920,4890015,625921920,23520,0.6416666507720947,128,326000,1.3441143035888672,1920,17,3,500000,1000,,326001.0,0.6723958253860474,0.5971946120262146,0.6416666507720947,0.6126212477684021,1324,46059040,1,3
327001,1920,4905015,627841920,23520,0.6416666507720947,128,327000,1.3481242656707764,1920,17,3,500000,1000,,327001.0,0.6734374761581421,0.5971903204917908,0.6416666507720947,0.6126543283462524,1328,46059040,1,3
328001,1920,4920015,629761920,23520,0.6416666507720947,128,328000,1.3518784046173096,1920,17,3,500000,1000,,328001.0,0.6744791865348816,0.5971897840499878,0.6458333134651184,0.6126668453216553,1332,46059040,1,3
329001,1920,4935015,631681920,23520,0.6458333134651184,128,329000,1.3558664321899414,1920,17,3,500000,1000,,329001.0,0.6729166507720947,0.5971947908401489,0.643750011920929,0.6126942038536072,1336,46059040,1,3
330001,1920,4950015,633601920,23520,0.643750011920929,128,330000,1.362220287322998,1920,17,3,500000,1000,,330001.0,0.6734374761581421,0.5971922278404236,0.643750011920929,0.6127541661262512,1340,46059040,1,3
331001,1920,4965015,635521920,23520,0.643750011920929,128,331000,1.3660340309143066,1920,17,3,500000,1000,,331001.0,0.671875,0.5971921682357788,0.643750011920929,0.6127156615257263,1344,46059040,1,3
332001,1920,4980015,637441920,23520,0.643750011920929,128,332000,1.3698151111602783,1920,17,3,500000,1000,,332001.0,0.6734374761581421,0.5971924662590027,0.6416666507720947,0.6126668453216553,1348,46059040,1,3
333001,1920,4995015,639361920,23520,0.6416666507720947,128,333000,1.3738360404968262,1920,17,3,500000,1000,,333001.0,0.6729166507720947,0.5971919894218445,0.643750011920929,0.6128646731376648,1352,46059040,1,3
334001,1920,5010015,641281920,23520,0.643750011920929,128,334000,1.3777081966400146,1920,17,3,500000,1000,,334001.0,0.6739583611488342,0.5971953868865967,0.6416666507720947,0.6129299402236938,1356,46059040,1,3
335001,1920,5025015,643201920,23520,0.6416666507720947,128,335000,1.381521463394165,1920,17,3,500000,1000,,335001.0,0.6739583611488342,0.5971923470497131,0.643750011920929,0.6129140853881836,1360,46059040,1,3
336001,1920,5040015,645121920,23520,0.643750011920929,128,336000,1.3853332996368408,1920,17,3,500000,1000,,336001.0,0.6729166507720947,0.5971896052360535,0.6416666507720947,0.6128761172294617,1363,46059040,1,3
337001,1920,5055015,647041920,23520,0.6416666507720947,128,337000,1.3891165256500244,1920,17,3,500000,1000,,337001.0,0.6734374761581421,0.5971934199333191,0.6416666507720947,0.6126139760017395,1367,46059040,1,3
338001,1920,5070015,648961920,23520,0.6416666507720947,128,338000,1.3929235935211182,1920,17,3,500000,1000,,338001.0,0.6723958253860474,0.5971909761428833,0.6416666507720947,0.6129687428474426,1371,46059040,1,3
339001,1920,5085015,650881920,23520,0.6416666507720947,128,339000,1.3967313766479492,1920,17,3,500000,1000,,339001.0,0.6723958253860474,0.5971953272819519,0.6416666507720947,0.6128950119018555,1375,46059040,1,3
340001,1920,5100015,652801920,23520,0.6416666507720947,128,340000,1.400517225265503,1920,17,3,500000,1000,,340001.0,0.6734374761581421,0.597192645072937,0.6416666507720947,0.6128700375556946,1379,46059040,1,3
341001,1920,5115015,654721920,23520,0.6416666507720947,128,341000,1.404341220855713,1920,17,3,500000,1000,,341001.0,0.6723958253860474,0.5971954464912415,0.6416666507720947,0.6130132079124451,1383,46059040,1,3
342001,1920,5130015,656641920,23520,0.6416666507720947,128,342000,1.4081940650939941,1920,17,3,500000,1000,,342001.0,0.6713541746139526,0.5971938967704773,0.6395833492279053,0.6128589510917664,1387,46059040,1,3
343001,1920,5145015,658561920,23520,0.6395833492279053,128,343000,1.4119791984558105,1920,17,3,500000,1000,,343001.0,0.6729166507720947,0.5971956849098206,0.643750011920929,0.6126964688301086,1391,46059040,1,3
344001,1920,5160015,660481920,23520,0.643750011920929,128,344000,1.415769338607788,1920,17,3,500000,1000,,344001.0,0.6708333492279053,0.5971940755844116,0.643750011920929,0.6128695011138916,1395,46059040,1,3
345001,1920,5175015,662401920,23520,0.643750011920929,128,345000,1.4197492599487305,1920,17,3,500000,1000,,345001.0,0.671875,0.5971931219100952,0.6416666507720947,0.6125141978263855,1398,46059040,1,3
346001,1920,5190015,664321920,23520,0.6416666507720947,128,346000,1.4235193729400635,1920,17,3,500000,1000,,346001.0,0.6729166507720947,0.5971936583518982,0.643750011920929,0.6127820611000061,1402,46059040,1,3
347001,1920,5205015,666241920,23520,0.643750011920929,128,347000,1.4273090362548828,1920,17,3,500000,1000,,347001.0,0.6739583611488342,0.5971917510032654,0.643750011920929,0.6129156351089478,1406,46059040,1,3
348001,1920,5220015,668161920,23520,0.643750011920929,128,348000,1.431117057800293,1920,17,3,500000,1000,,348001.0,0.6739583611488342,0.5971909165382385,0.643750011920929,0.6129022240638733,1410,46059040,1,3
349001,1920,5235015,670081920,23520,0.643750011920929,128,349000,1.4352922439575195,1920,17,3,500000,1000,,349001.0,0.6734374761581421,0.5971920490264893,0.6416666507720947,0.6127346158027649,1414,46059040,1,3
350001,1920,5250015,672001920,23520,0.6416666507720947,128,350000,1.4390320777893066,1920,17,3,500000,1000,,350001.0,0.6739583611488342,0.5971915125846863,0.643750011920929,0.6127259731292725,1418,46059040,1,3
351001,1920,5265015,673921920,23520,0.643750011920929,128,351000,1.442800760269165,1920,17,3,500000,1000,,351001.0,0.6734374761581421,0.5971894860267639,0.6458333134651184,0.6127098798751831,1422,46059040,1,3
352001,1920,5280015,675841920,23520,0.6458333134651184,128,352000,1.4465827941894531,1920,17,3,500000,1000,,352001.0,0.6739583611488342,0.597192108631134,0.643750011920929,0.6125836968421936,1426,46059040,1,3
353001,1920,5295015,677761920,23520,0.643750011920929,128,353000,1.4509186744689941,1920,17,3,500000,1000,,353001.0,0.6729166507720947,0.5971918702125549,0.6416666507720947,0.6128153204917908,1430,46059040,1,3
354001,1920,5310015,679681920,23520,0.6416666507720947,128,354000,1.4551396369934082,1920,17,3,500000,1000,,354001.0,0.6734374761581421,0.5971985459327698,0.6416666507720947,0.612804651260376,1434,46059040,1,3
355001,1920,5325015,681601920,23520,0.6416666507720947,128,355000,1.4589104652404785,1920,17,3,500000,1000,,355001.0,0.6739583611488342,0.5971925258636475,0.643750011920929,0.6127113103866577,1438,46059040,1,3
356001,1920,5340015,683521920,23520,0.643750011920929,128,356000,1.4626786708831787,1920,17,3,500000,1000,,356001.0,0.6744791865348816,0.5971953272819519,0.643750011920929,0.6126004457473755,1442,46059040,1,3
357001,1920,5355015,685441920,23520,0.643750011920929,128,357000,1.4665229320526123,1920,17,3,500000,1000,,357001.0,0.671875,0.5971886515617371,0.6416666507720947,0.61268150806427,1446,46059040,1,3
358001,1920,5370015,687361920,23520,0.6416666507720947,128,358000,1.470324993133545,1920,17,3,500000,1000,,358001.0,0.6723958253860474,0.5971933603286743,0.6416666507720947,0.6126585602760315,1450,46059040,1,3
359001,1920,5385015,689281920,23520,0.6416666507720947,128,359000,1.4746837615966797,1920,17,3,500000,1000,,359001.0,0.6739583611488342,0.5971957445144653,0.6458333134651184,0.6127191185951233,1454,46059040,1,3
360001,1920,5400015,691201920,23520,0.6458333134651184,128,360000,1.478578805923462,1920,17,3,500000,1000,,360001.0,0.6734374761581421,0.5971921682357788,0.6416666507720947,0.6128461360931396,1459,46059040,1,3
361001,1920,5415015,693121920,23520,0.6416666507720947,128,361000,1.4832148551940918,1920,17,3,500000,1000,,361001.0,0.6739583611488342,0.5971909165382385,0.643750011920929,0.6127023696899414,1463,46059040,1,3
362001,1920,5430015,695041920,23520,0.643750011920929,128,362000,1.487043857574463,1920,17,3,500000,1000,,362001.0,0.6734374761581421,0.5971872806549072,0.643750011920929,0.6128750443458557,1467,46059040,1,3
363001,1920,5445015,696961920,23520,0.643750011920929,128,363000,1.4911890029907227,1920,17,3,500000,1000,,363001.0,0.6734374761581421,0.5971904993057251,0.643750011920929,0.6128759384155273,1472,46059040,1,3
364001,1920,5460015,698881920,23520,0.643750011920929,128,364000,1.4950380325317383,1920,17,3,500000,1000,,364001.0,0.6734374761581421,0.5971934199333191,0.6395833492279053,0.6130096316337585,1476,46059040,1,3
365001,1920,5475015,700801920,23520,0.6395833492279053,128,365000,1.499223232269287,1920,17,3,500000,1000,,365001.0,0.6734374761581421,0.5971895456314087,0.6416666507720947,0.6126872301101685,1480,46059040,1,3
366001,1920,5490015,702721920,23520,0.6416666507720947,128,366000,1.5029990673065186,1920,17,3,500000,1000,,366001.0,0.6729166507720947,0.5971916317939758,0.6416666507720947,0.612660825252533,1484,46059040,1,3
367001,1920,5505015,704641920,23520,0.6416666507720947,128,367000,1.5068151950836182,1920,17,3,500000,1000,,367001.0,0.6734374761581421,0.597195029258728,0.6416666507720947,0.6126412153244019,1488,46059040,1,3
368001,1920,5520015,706561920,23520,0.6416666507720947,128,368000,1.5117213726043701,1920,17,3,500000,1000,,368001.0,0.6729166507720947,0.5971904397010803,0.6416666507720947,0.6126956343650818,1492,46059040,1,3
369001,1920,5535015,708481920,23520,0.6416666507720947,128,369000,1.5155718326568604,1920,17,3,500000,1000,,369001.0,0.6729166507720947,0.5971921682357788,0.6416666507720947,0.6130543351173401,1497,46059040,1,3
370001,1920,5550015,710401920,23520,0.6416666507720947,128,370000,1.5194416046142578,1920,17,3,500000,1000,,370001.0,0.6734374761581421,0.5971934795379639,0.6416666507720947,0.6130505800247192,1501,46059040,1,3
371001,1920,5565015,712321920,23520,0.6416666507720947,128,371000,1.5231995582580566,1920,17,3,500000,1000,,371001.0,0.6739583611488342,0.5971900224685669,0.6458333134651184,0.6130242943763733,1505,46059040,1,3
372001,1920,5580015,714241920,23520,0.6458333134651184,128,372000,1.5270216464996338,1920,17,3,500000,1000,,372001.0,0.6723958253860474,0.5971889495849609,0.6395833492279053,0.6129055619239807,1509,46059040,1,3
373001,1920,5595015,716161920,23520,0.6395833492279053,128,373000,1.5308313369750977,1920,17,3,500000,1000,,373001.0,0.671875,0.597188413143158,0.6416666507720947,0.612762987613678,1513,46059040,1,3
374001,1920,5610015,718081920,23520,0.6416666507720947,128,374000,1.5346391201019287,1920,17,3,500000,1000,,374001.0,0.6734374761581421,0.5971901416778564,0.6416666507720947,0.613023579120636,1517,46059040,1,3
375001,1920,5625015,720001920,23520,0.6416666507720947,128,375000,1.5384521484375,1920,17,3,500000,1000,,375001.0,0.6729166507720947,0.5971921682357788,0.6416666507720947,0.6129609942436218,1521,46059040,1,3
376001,1920,5640015,721921920,23520,0.6416666507720947,128,376000,1.5427539348602295,1920,17,3,500000,1000,,376001.0,0.6729166507720947,0.5971886515617371,0.6416666507720947,0.6129024028778076,1525,46059040,1,3
377001,1920,5655015,723841920,23520,0.6416666507720947,128,377000,1.5478849411010742,1920,17,3,500000,1000,,377001.0,0.6734374761581421,0.5971910953521729,0.6416666507720947,0.6127074360847473,1529,46059040,1,3
378001,1920,5670015,725761920,23520,0.6416666507720947,128,378000,1.551664113998413,1920,17,3,500000,1000,,378001.0,0.6739583611488342,0.5971892476081848,0.643750011920929,0.6128931641578674,1533,46059040,1,3
379001,1920,5685015,727681920,23520,0.643750011920929,128,379000,1.556293249130249,1920,17,3,500000,1000,,379001.0,0.6723958253860474,0.5971912145614624,0.643750011920929,0.6127480268478394,1537,46059040,1,3
380001,1920,5700015,729601920,23520,0.643750011920929,128,380000,1.560474157333374,1920,17,3,500000,1000,,380001.0,0.6729166507720947,0.5971958041191101,0.6458333134651184,0.6126832962036133,1541,46059040,1,3
381001,1920,5715015,731521920,23520,0.6458333134651184,128,381000,1.5647082328796387,1920,17,3,500000,1000,,381001.0,0.6734374761581421,0.5971909165382385,0.643750011920929,0.6128643155097961,1546,46059040,1,3
382001,1920,5730015,733441920,23520,0.643750011920929,128,382000,1.5689871311187744,1920,17,3,500000,1000,,382001.0,0.6755208373069763,0.5971879363059998,0.643750011920929,0.6126202344894409,1550,46059040,1,3
383001,1920,5745015,735361920,23520,0.643750011920929,128,383000,1.5728752613067627,1920,17,3,500000,1000,,383001.0,0.6734374761581421,0.5971878170967102,0.643750011920929,0.6126579642295837,1554,46059040,1,3
384001,1920,5760015,737281920,23520,0.643750011920929,128,384000,1.5766522884368896,1920,17,3,500000,1000,,384001.0,0.6739583611488342,0.5971888303756714,0.643750011920929,0.6126298308372498,1558,46059040,1,3
385001,1920,5775015,739201920,23520,0.643750011920929,128,385000,1.5814154148101807,1920,17,3,500000,1000,,385001.0,0.6729166507720947,0.5971924066543579,0.6416666507720947,0.6127769351005554,1562,46059040,1,3
386001,1920,5790015,741121920,23520,0.6416666507720947,128,386000,1.5854105949401855,1920,17,3,500000,1000,,386001.0,0.6713541746139526,0.5971903204917908,0.6416666507720947,0.6129994988441467,1566,46059040,1,3
387001,1920,5805015,743041920,23520,0.6416666507720947,128,387000,1.589280605316162,1920,17,3,500000,1000,,387001.0,0.6734374761581421,0.5971896052360535,0.6395833492279053,0.61289381980896,1571,46059040,1,3
388001,1920,5820015,744961920,23520,0.6395833492279053,128,388000,1.5931336879730225,1920,17,3,500000,1000,,388001.0,0.6734374761581421,0.5971841216087341,0.6416666507720947,0.6129701137542725,1575,46059040,1,3
389001,1920,5835015,746881920,23520,0.6416666507720947,128,389000,1.5968906879425049,1920,17,3,500000,1000,,389001.0,0.6723958253860474,0.5971855521202087,0.6416666507720947,0.6131422519683838,1579,46059040,1,3
390001,1920,5850015,748801920,23520,0.6416666507720947,128,390000,1.6007506847381592,1920,17,3,500000,1000,,390001.0,0.6729166507720947,0.5971896648406982,0.643750011920929,0.6129330992698669,1583,46059040,1,3
391001,1920,5865015,750721920,23520,0.643750011920929,128,391000,1.6045045852661133,1920,17,3,500000,1000,,391001.0,0.6734374761581421,0.5971906185150146,0.643750011920929,0.6130496263504028,1588,46059040,1,3
392001,1920,5880015,752641920,23520,0.643750011920929,128,392000,1.6083004474639893,1920,17,3,500000,1000,,392001.0,0.671875,0.5971880555152893,0.6416666507720947,0.6128861308097839,1591,46059040,1,3
393001,1920,5895015,754561920,23520,0.6416666507720947,128,393000,1.61202073097229,1920,17,3,500000,1000,,393001.0,0.6734374761581421,0.5971906185150146,0.6416666507720947,0.6130084991455078,1595,46059040,1,3
394001,1920,5910015,756481920,23520,0.6416666507720947,128,394000,1.6157851219177246,1920,17,3,500000,1000,,394001.0,0.6708333492279053,0.5971879363059998,0.6416666507720947,0.6127744317054749,1599,46059040,1,3
395001,1920,5925015,758401920,23520,0.6416666507720947,128,395000,1.620190143585205,1920,17,3,500000,1000,,395001.0,0.6713541746139526,0.5971909165382385,0.643750011920929,0.6127309203147888,1603,46059040,1,3
396001,1920,5940015,760321920,23520,0.643750011920929,128,396000,1.6240580081939697,1920,17,3,500000,1000,,396001.0,0.6729166507720947,0.5971905589103699,0.643750011920929,0.612841010093689,1608,46059040,1,3
397001,1920,5955015,762241920,23520,0.643750011920929,128,397000,1.6283371448516846,1920,17,3,500000,1000,,397001.0,0.6734374761581421,0.5971893668174744,0.643750011920929,0.6128543615341187,1612,46059040,1,3
398001,1920,5970015,764161920,23520,0.643750011920929,128,398000,1.6326379776000977,1920,17,3,500000,1000,,398001.0,0.6734374761581421,0.5971876978874207,0.643750011920929,0.6127039790153503,1616,46059040,1,3
399001,1920,5985015,766081920,23520,0.643750011920929,128,399000,1.6364459991455078,1920,17,3,500000,1000,,399001.0,0.6734374761581421,0.5971894860267639,0.6458333134651184,0.6128358840942383,1620,46059040,1,3
400001,1920,6000015,768001920,23520,0.6458333134651184,128,400000,1.6403908729553223,1920,17,3,500000,1000,,400001.0,0.6734374761581421,0.5971872806549072,0.643750011920929,0.6125767230987549,1624,46059040,1,3
401001,1920,6015015,769921920,23520,0.643750011920929,128,401000,1.6442408561706543,1920,17,3,500000,1000,,401001.0,0.6734374761581421,0.5971903204917908,0.643750011920929,0.6126419901847839,1628,46059040,1,3
402001,1920,6030015,771841920,23520,0.643750011920929,128,402000,1.6485788822174072,1920,17,3,500000,1000,,402001.0,0.6734374761581421,0.5971906185150146,0.6458333134651184,0.6127312779426575,1632,46059040,1,3
403001,1920,6045015,773761920,23520,0.6458333134651184,128,403000,1.6523807048797607,1920,17,3,500000,1000,,403001.0,0.6723958253860474,0.5971879363059998,0.6395833492279053,0.6127684712409973,1636,46059040,1,3
404001,1920,6060015,775681920,23520,0.6395833492279053,128,404000,1.6561565399169922,1920,17,3,500000,1000,,404001.0,0.6734374761581421,0.5971881151199341,0.643750011920929,0.6128327250480652,1640,46059040,1,3
405001,1920,6075015,777601920,23520,0.643750011920929,128,405000,1.6599876880645752,1920,17,3,500000,1000,,405001.0,0.6739583611488342,0.5971912145614624,0.643750011920929,0.6125755310058594,1644,46059040,1,3
406001,1920,6090015,779521920,23520,0.643750011920929,128,406000,1.6645138263702393,1920,17,3,500000,1000,,406001.0,0.6729166507720947,0.5971866250038147,0.643750011920929,0.6126567721366882,1647,46059040,1,3
407001,1920,6105015,781441920,23520,0.643750011920929,128,407000,1.668334722518921,1920,17,3,500000,1000,,407001.0,0.6744791865348816,0.5971859097480774,0.643750011920929,0.6127126812934875,1651,46059040,1,3
408001,1920,6120015,783361920,23520,0.643750011920929,128,408000,1.6721837520599365,1920,17,3,500000,1000,,408001.0,0.6744791865348816,0.5971919298171997,0.6416666507720947,0.6128490567207336,1655,46059040,1,3
409001,1920,6135015,785281920,23520,0.6416666507720947,128,409000,1.6759467124938965,1920,17,3,500000,1000,,409001.0,0.6729166507720947,0.5971896648406982,0.6416666507720947,0.6125767230987549,1659,46059040,1,3
410001,1920,6150015,787201920,23520,0.6416666507720947,128,410000,1.6797585487365723,1920,17,3,500000,1000,,410001.0,0.6734374761581421,0.5971888303756714,0.643750011920929,0.6127378940582275,1663,46059040,1,3
411001,1920,6165015,789121920,23520,0.643750011920929,128,411000,1.683708667755127,1920,17,3,500000,1000,,411001.0,0.671875,0.5971940159797668,0.643750011920929,0.6125386357307434,1667,46059040,1,3
412001,1920,6180015,791041920,23520,0.643750011920929,128,412000,1.6874637603759766,1920,17,3,500000,1000,,412001.0,0.6739583611488342,0.597192108631134,0.6458333134651184,0.6129468679428101,1671,46059040,1,3
413001,1920,6195015,792961920,23520,0.6458333134651184,128,413000,1.6912617683410645,1920,17,3,500000,1000,,413001.0,0.671875,0.5971899628639221,0.6416666507720947,0.6128894686698914,1675,46059040,1,3
414001,1920,6210015,794881920,23520,0.6416666507720947,128,414000,1.6950337886810303,1920,17,3,500000,1000,,414001.0,0.6729166507720947,0.5971874594688416,0.6416666507720947,0.6127932667732239,1679,46059040,1,3
415001,1920,6225015,796801920,23520,0.6416666507720947,128,415000,1.6988258361816406,1920,17,3,500000,1000,,415001.0,0.6739583611488342,0.5971869230270386,0.6416666507720947,0.6126604080200195,1683,46059040,1,3
416001,1920,6240015,798721920,23520,0.6416666507720947,128,416000,1.7026417255401611,1920,17,3,500000,1000,,416001.0,0.6729166507720947,0.5971923470497131,0.6416666507720947,0.6126800179481506,1687,46059040,1,3
417001,1920,6255015,800641920,23520,0.6416666507720947,128,417000,1.7064087390899658,1920,17,3,500000,1000,,417001.0,0.6739583611488342,0.5971899032592773,0.643750011920929,0.6125804781913757,1691,46059040,1,3
418001,1920,6270015,802561920,23520,0.643750011920929,128,418000,1.7101585865020752,1920,17,3,500000,1000,,418001.0,0.6739583611488342,0.5971911549568176,0.643750011920929,0.612567663192749,1695,46059040,1,3
419001,1920,6285015,804481920,23520,0.643750011920929,128,419000,1.7141895294189453,1920,17,3,500000,1000,,419001.0,0.6744791865348816,0.5971957445144653,0.6395833492279053,0.6126023530960083,1699,46059040,1,3
420001,1920,6300015,806401920,23520,0.6395833492279053,128,420000,1.7183218002319336,1920,17,3,500000,1000,,420001.0,0.6739583611488342,0.5971885919570923,0.643750011920929,0.6125389933586121,1703,46059040,1,3
421001,1920,6315015,808321920,23520,0.643750011920929,128,421000,1.7220847606658936,1920,17,3,500000,1000,,421001.0,0.6739583611488342,0.597189724445343,0.6416666507720947,0.6126956939697266,1707,46059040,1,3
422001,1920,6330015,810241920,23520,0.6416666507720947,128,422000,1.7262928485870361,1920,17,3,500000,1000,,422001.0,0.6744791865348816,0.5971865057945251,0.643750011920929,0.6127206087112427,1711,46059040,1,3
423001,1920,6345015,812161920,23520,0.643750011920929,128,423000,1.7303268909454346,1920,17,3,500000,1000,,423001.0,0.6755208373069763,0.5971909761428833,0.6458333134651184,0.6124956011772156,1715,46059040,1,3
424001,1920,6360015,814081920,23520,0.6458333134651184,128,424000,1.7341358661651611,1920,17,3,500000,1000,,424001.0,0.6734374761581421,0.5971866846084595,0.643750011920929,0.6127510070800781,1719,46059040,1,3
425001,1920,6375015,816001920,23520,0.643750011920929,128,425000,1.7380928993225098,1920,17,3,500000,1000,,425001.0,0.6734374761581421,0.5971894860267639,0.643750011920929,0.6128292083740234,1723,46059040,1,3
426001,1920,6390015,817921920,23520,0.643750011920929,128,426000,1.741908073425293,1920,17,3,500000,1000,,426001.0,0.6739583611488342,0.5971907377243042,0.643750011920929,0.6127582788467407,1727,46059040,1,3
427001,1920,6405015,819841920,23520,0.643750011920929,128,427000,1.74570894241333,1920,17,3,500000,1000,,427001.0,0.6739583611488342,0.5971885323524475,0.6458333134651184,0.6128835082054138,1731,46059040,1,3
428001,1920,6420015,821761920,23520,0.6458333134651184,128,428000,1.749485969543457,1920,17,3,500000,1000,,428001.0,0.6723958253860474,0.5971872806549072,0.6416666507720947,0.6127827763557434,1735,46059040,1,3
429001,1920,6435015,823681920,23520,0.6416666507720947,128,429000,1.7532813549041748,1920,17,3,500000,1000,,429001.0,0.6723958253860474,0.5971885323524475,0.643750011920929,0.6125097870826721,1738,46059040,1,3
430001,1920,6450015,825601920,23520,0.643750011920929,128,430000,1.757061243057251,1920,17,3,500000,1000,,430001.0,0.6755208373069763,0.5971904397010803,0.643750011920929,0.6126610636711121,1742,46059040,1,3
431001,1920,6465015,827521920,23520,0.643750011920929,128,431000,1.760838270187378,1920,17,3,500000,1000,,431001.0,0.6760416626930237,0.5971897840499878,0.643750011920929,0.6130039095878601,1746,46059040,1,3
432001,1920,6480015,829441920,23520,0.643750011920929,128,432000,1.7645981311798096,1920,17,3,500000,1000,,432001.0,0.675000011920929,0.5971875786781311,0.643750011920929,0.6126752495765686,1750,46059040,1,3
433001,1920,6495015,831361920,23520,0.643750011920929,128,433000,1.7684071063995361,1920,17,3,500000,1000,,433001.0,0.6734374761581421,0.5971939563751221,0.643750011920929,0.6125409007072449,1754,46059040,1,3
434001,1920,6510015,833281920,23520,0.643750011920929,128,434000,1.7723472118377686,1920,17,3,500000,1000,,434001.0,0.675000011920929,0.5971943140029907,0.643750011920929,0.6124800443649292,1758,46059040,1,3
435001,1920,6525015,835201920,23520,0.643750011920929,128,435000,1.7763433456420898,1920,17,3,500000,1000,,435001.0,0.6729166507720947,0.5971888303756714,0.643750011920929,0.6128970980644226,1762,46059040,1,3
436001,1920,6540015,837121920,23520,0.643750011920929,128,436000,1.7803504467010498,1920,17,3,500000,1000,,436001.0,0.6739583611488342,0.5971880555152893,0.6458333134651184,0.6127330660820007,1766,46059040,1,3
437001,1920,6555015,839041920,23520,0.6458333134651184,128,437000,1.7842743396759033,1920,17,3,500000,1000,,437001.0,0.6739583611488342,0.5971868634223938,0.6416666507720947,0.6129496097564697,1770,46059040,1,3
438001,1920,6570015,840961920,23520,0.6416666507720947,128,438000,1.7880775928497314,1920,17,3,500000,1000,,438001.0,0.6744791865348816,0.5971881151199341,0.643750011920929,0.6130520701408386,1774,46059040,1,3
439001,1920,6585015,842881920,23520,0.643750011920929,128,439000,1.791811466217041,1920,17,3,500000,1000,,439001.0,0.6734374761581421,0.5971920490264893,0.6416666507720947,0.6132303476333618,1778,46059040,1,3
440001,1920,6600015,844801920,23520,0.6416666507720947,128,440000,1.7958173751831055,1920,17,3,500000,1000,,440001.0,0.671875,0.597187340259552,0.6416666507720947,0.6129539012908936,1781,46059040,1,3
441001,1920,6615015,846721920,23520,0.6416666507720947,128,441000,1.7997791767120361,1920,17,3,500000,1000,,441001.0,0.6739583611488342,0.5971889495849609,0.643750011920929,0.6130563616752625,1786,46059040,1,3
442001,1920,6630015,848641920,23520,0.643750011920929,128,442000,1.8040101528167725,1920,17,3,500000,1000,,442001.0,0.675000011920929,0.597189724445343,0.643750011920929,0.6130195260047913,1790,46059040,1,3
443001,1920,6645015,850561920,23520,0.643750011920929,128,443000,1.8080182075500488,1920,17,3,500000,1000,,443001.0,0.6729166507720947,0.5971912741661072,0.643750011920929,0.6131810545921326,1794,46059040,1,3
444001,1920,6660015,852481920,23520,0.643750011920929,128,444000,1.8117632865905762,1920,17,3,500000,1000,,444001.0,0.675000011920929,0.5971899628639221,0.6416666507720947,0.6128313541412354,1798,46059040,1,3
445001,1920,6675015,854401920,23520,0.6416666507720947,128,445000,1.8155224323272705,1920,17,3,500000,1000,,445001.0,0.6729166507720947,0.5971896648406982,0.6416666507720947,0.6128029227256775,1802,46059040,1,3
446001,1920,6690015,856321920,23520,0.6416666507720947,128,446000,1.81968355178833,1920,17,3,500000,1000,,446001.0,0.675000011920929,0.5971898436546326,0.6416666507720947,0.6125406622886658,1806,46059040,1,3
447001,1920,6705015,858241920,23520,0.6416666507720947,128,447000,1.8234946727752686,1920,17,3,500000,1000,,447001.0,0.6744791865348816,0.5971940159797668,0.6416666507720947,0.6125780344009399,1809,46059040,1,3
448001,1920,6720015,860161920,23520,0.6416666507720947,128,448000,1.8274474143981934,1920,17,3,500000,1000,,448001.0,0.6739583611488342,0.59718918800354,0.643750011920929,0.6127429604530334,1814,46059040,1,3
449001,1920,6735015,862081920,23520,0.643750011920929,128,449000,1.831465721130371,1920,17,3,500000,1000,,449001.0,0.6723958253860474,0.5971863865852356,0.6458333134651184,0.6127071380615234,1818,46059040,1,3
450001,1920,6750015,864001920,23520,0.6458333134651184,128,450000,1.8356337547302246,1920,17,3,500000,1000,,450001.0,0.6729166507720947,0.5971873998641968,0.6416666507720947,0.6127980947494507,1822,46059040,1,3
451001,1920,6765015,865921920,23520,0.6416666507720947,128,451000,1.8394496440887451,1920,17,3,500000,1000,,451001.0,0.6734374761581421,0.5971909761428833,0.6416666507720947,0.61302649974823,1845,46059040,1,3
452001,1920,6780015,867841920,23520,0.6416666507720947,128,452000,1.8436486721038818,1920,17,3,500000,1000,,452001.0,0.6723958253860474,0.5971883535385132,0.643750011920929,0.6129085421562195,1849,46059040,1,3
453001,1920,6795015,869761920,23520,0.643750011920929,128,453000,1.8480966091156006,1920,17,3,500000,1000,,453001.0,0.6723958253860474,0.5971887111663818,0.6416666507720947,0.6129463315010071,1853,46059040,1,3
454001,1920,6810015,871681920,23520,0.6416666507720947,128,454000,1.8518927097320557,1920,17,3,500000,1000,,454001.0,0.6739583611488342,0.5971868634223938,0.6416666507720947,0.6129896640777588,1858,46059040,1,3
455001,1920,6825015,873601920,23520,0.6416666507720947,128,455000,1.8556468486785889,1920,17,3,500000,1000,,455001.0,0.6739583611488342,0.5971855521202087,0.6416666507720947,0.6131532788276672,1862,46059040,1,3
456001,1920,6840015,875521920,23520,0.6416666507720947,128,456000,1.8598027229309082,1920,17,3,500000,1000,,456001.0,0.6739583611488342,0.5971871614456177,0.643750011920929,0.6130408048629761,1866,46059040,1,3
457001,1920,6855015,877441920,23520,0.643750011920929,128,457000,1.8635649681091309,1920,17,3,500000,1000,,457001.0,0.6734374761581421,0.5971850156784058,0.6416666507720947,0.6129977107048035,1870,46059040,1,3
458001,1920,6870015,879361920,23520,0.6416666507720947,128,458000,1.8672900199890137,1920,17,3,500000,1000,,458001.0,0.6744791865348816,0.5971890091896057,0.6416666507720947,0.6127070784568787,1874,46059040,1,3
459001,1920,6885015,881281920,23520,0.6416666507720947,128,459000,1.8710768222808838,1920,17,3,500000,1000,,459001.0,0.6755208373069763,0.5971929430961609,0.6458333134651184,0.6128785610198975,1878,46059040,1,3
460001,1920,6900015,883201920,23520,0.6458333134651184,128,460000,1.8749287128448486,1920,17,3,500000,1000,,460001.0,0.6734374761581421,0.5971863269805908,0.643750011920929,0.612930417060852,1881,46059040,1,3
461001,1920,6915015,885121920,23520,0.643750011920929,128,461000,1.8786675930023193,1920,17,3,500000,1000,,461001.0,0.6734374761581421,0.5971853137016296,0.6458333134651184,0.6126137971878052,1885,46059040,1,3
462001,1920,6930015,887041920,23520,0.6458333134651184,128,462000,1.8825953006744385,1920,17,3,500000,1000,,462001.0,0.6734374761581421,0.5971883535385132,0.6395833492279053,0.6127395033836365,1889,46059040,1,3
463001,1920,6945015,888961920,23520,0.6395833492279053,128,463000,1.8863811492919922,1920,17,3,500000,1000,,463001.0,0.6734374761581421,0.597188413143158,0.6416666507720947,0.612869143486023,1893,46059040,1,3
464001,1920,6960015,890881920,23520,0.6416666507720947,128,464000,1.890131950378418,1920,17,3,500000,1000,,464001.0,0.675000011920929,0.5971869826316833,0.643750011920929,0.6129139065742493,1899,46059040,1,3
465001,1920,6975015,892801920,23520,0.643750011920929,128,465000,1.8939106464385986,1920,17,3,500000,1000,,465001.0,0.6739583611488342,0.5971888303756714,0.6416666507720947,0.6128886938095093,1903,46059040,1,3
466001,1920,6990015,894721920,23520,0.6416666507720947,128,466000,1.8976097106933594,1920,17,3,500000,1000,,466001.0,0.6744791865348816,0.5971860289573669,0.643750011920929,0.6132147312164307,1907,46059040,1,3
467001,1920,7005015,896641920,23520,0.643750011920929,128,467000,1.9015939235687256,1920,17,3,500000,1000,,467001.0,0.6744791865348816,0.5971866250038147,0.6416666507720947,0.6129723787307739,1911,46059040,1,3
468001,1920,7020015,898561920,23520,0.6416666507720947,128,468000,1.9053730964660645,1920,17,3,500000,1000,,468001.0,0.6744791865348816,0.5971826910972595,0.6416666507720947,0.6129747033119202,1915,46059040,1,3
469001,1920,7035015,900481920,23520,0.6416666507720947,128,469000,1.9091951847076416,1920,17,3,500000,1000,,469001.0,0.6729166507720947,0.5971889495849609,0.643750011920929,0.6132556796073914,1919,46059040,1,3
470001,1920,7050015,902401920,23520,0.643750011920929,128,470000,1.9129583835601807,1920,17,3,500000,1000,,470001.0,0.671875,0.5971816778182983,0.6416666507720947,0.6131395101547241,1923,46059040,1,3
471001,1920,7065015,904321920,23520,0.6416666507720947,128,471000,1.920053482055664,1920,17,3,500000,1000,,471001.0,0.6729166507720947,0.5971882343292236,0.643750011920929,0.6131293773651123,1927,46059040,1,3
472001,1920,7080015,906241920,23520,0.643750011920929,128,472000,1.9237618446350098,1920,17,3,500000,1000,,472001.0,0.6744791865348816,0.5971851348876953,0.643750011920929,0.6129716038703918,1931,46059040,1,3
473001,1920,7095015,908161920,23520,0.643750011920929,128,473000,1.9274628162384033,1920,17,3,500000,1000,,473001.0,0.6739583611488342,0.597186803817749,0.6458333134651184,0.6127816438674927,1935,46059040,1,3
474001,1920,7110015,910081920,23520,0.6458333134651184,128,474000,1.9312927722930908,1920,17,3,500000,1000,,474001.0,0.6739583611488342,0.5971872806549072,0.643750011920929,0.6130027770996094,1939,46059040,1,3
475001,1920,7125015,912001920,23520,0.643750011920929,128,475000,1.9350147247314453,1920,17,3,500000,1000,,475001.0,0.671875,0.597183346748352,0.643750011920929,0.613037109375,1944,46059040,1,3
476001,1920,7140015,913921920,23520,0.643750011920929,128,476000,1.938788652420044,1920,17,3,500000,1000,,476001.0,0.6723958253860474,0.5971869826316833,0.6416666507720947,0.6125303506851196,1948,46059040,1,3
477001,1920,7155015,915841920,23520,0.6416666507720947,128,477000,1.9429936408996582,1920,17,3,500000,1000,,477001.0,0.6729166507720947,0.5971881747245789,0.6458333134651184,0.6127594709396362,1952,46059040,1,3
478001,1920,7170015,917761920,23520,0.6458333134651184,128,478000,1.9467628002166748,1920,17,3,500000,1000,,478001.0,0.6739583611488342,0.5971860885620117,0.6458333134651184,0.6128160953521729,1956,46059040,1,3
479001,1920,7185015,919681920,23520,0.6458333134651184,128,479000,1.9505646228790283,1920,17,3,500000,1000,,479001.0,0.6739583611488342,0.5971899032592773,0.6458333134651184,0.6131251454353333,1960,46059040,1,3
480001,1920,7200015,921601920,23520,0.6458333134651184,128,480000,1.9543190002441406,1920,17,3,500000,1000,,480001.0,0.6744791865348816,0.597189724445343,0.6458333134651184,0.6130117177963257,1964,46059040,1,3
481001,1920,7215015,923521920,23520,0.6458333134651184,128,481000,1.9580028057098389,1920,17,3,500000,1000,,481001.0,0.6729166507720947,0.5971853733062744,0.643750011920929,0.6133148074150085,1968,46059040,1,3
482001,1920,7230015,925441920,23520,0.643750011920929,128,482000,1.9616646766662598,1920,17,3,500000,1000,,482001.0,0.6744791865348816,0.5971859693527222,0.6458333134651184,0.6133078336715698,1972,46059040,1,3
483001,1920,7245015,927361920,23520,0.6458333134651184,128,483000,1.9655547142028809,1920,17,3,500000,1000,,483001.0,0.6723958253860474,0.5971904993057251,0.643750011920929,0.613123893737793,1976,46059040,1,3
484001,1920,7260015,929281920,23520,0.643750011920929,128,484000,1.9692895412445068,1920,17,3,500000,1000,,484001.0,0.6744791865348816,0.5971912145614624,0.6416666507720947,0.6130207777023315,1980,46059040,1,3
485001,1920,7275015,931201920,23520,0.6416666507720947,128,485000,1.9729945659637451,1920,17,3,500000,1000,,485001.0,0.6739583611488342,0.5971869826316833,0.643750011920929,0.6128113269805908,1984,46059040,1,3
486001,1920,7290015,933121920,23520,0.643750011920929,128,486000,1.976649522781372,1920,17,3,500000,1000,,486001.0,0.6734374761581421,0.5971897840499878,0.643750011920929,0.6127585768699646,1988,46059040,1,3
487001,1920,7305015,935041920,23520,0.643750011920929,128,487000,1.980461597442627,1920,17,3,500000,1000,,487001.0,0.6729166507720947,0.5971879363059998,0.643750011920929,0.6125343441963196,1992,46059040,1,3
488001,1920,7320015,936961920,23520,0.643750011920929,128,488000,1.98419189453125,1920,17,3,500000,1000,,488001.0,0.6739583611488342,0.5971933603286743,0.6416666507720947,0.6125609278678894,1996,46059040,1,3
489001,1920,7335015,938881920,23520,0.6416666507720947,128,489000,1.9880280494689941,1920,17,3,500000,1000,,489001.0,0.6744791865348816,0.597188413143158,0.643750011920929,0.6126229763031006,2000,46059040,1,3
490001,1920,7350015,940801920,23520,0.643750011920929,128,490000,1.9919891357421875,1920,17,3,500000,1000,,490001.0,0.6739583611488342,0.597190260887146,0.643750011920929,0.6129878759384155,2004,46059040,1,3
491001,1920,7365015,942721920,23520,0.643750011920929,128,491000,1.9958701133728027,1920,17,3,500000,1000,,491001.0,0.6739583611488342,0.59718918800354,0.643750011920929,0.6129583120346069,2008,46059040,1,3
492001,1920,7380015,944641920,23520,0.643750011920929,128,492000,2.000235080718994,1920,17,3,500000,1000,,492001.0,0.6739583611488342,0.5971916317939758,0.643750011920929,0.6130680441856384,2013,46059040,1,3
493001,1920,7395015,946561920,23520,0.643750011920929,128,493000,2.0040180683135986,1920,17,3,500000,1000,,493001.0,0.6723958253860474,0.5971912741661072,0.6416666507720947,0.6131511926651001,2017,46059040,1,3
494001,1920,7410015,948481920,23520,0.6416666507720947,128,494000,2.0078742504119873,1920,17,3,500000,1000,,494001.0,0.6739583611488342,0.5971909165382385,0.6416666507720947,0.6128957271575928,2021,46059040,1,3
495001,1920,7425015,950401920,23520,0.6416666507720947,128,495000,2.0116450786590576,1920,17,3,500000,1000,,495001.0,0.6739583611488342,0.597187340259552,0.6416666507720947,0.6128869652748108,2048,46059040,1,3
496001,1920,7440015,952321920,23520,0.6416666507720947,128,496000,2.01546311378479,1920,17,3,500000,1000,,496001.0,0.6744791865348816,0.5971882343292236,0.6416666507720947,0.6131736040115356,2052,46059040,1,3
497001,1920,7455015,954241920,23520,0.6416666507720947,128,497000,2.019268035888672,1920,17,3,500000,1000,,497001.0,0.675000011920929,0.5971856713294983,0.643750011920929,0.6128741502761841,2056,46059040,1,3
498001,1920,7470015,956161920,23520,0.643750011920929,128,498000,2.0231292247772217,1920,17,3,500000,1000,,498001.0,0.6739583611488342,0.597183108329773,0.643750011920929,0.6130210757255554,2060,46059040,1,3
499001,1920,7485015,958081920,23520,0.643750011920929,128,499000,2.0269975662231445,1920,17,3,500000,1000,,499001.0,0.671875,0.5971907377243042,0.643750011920929,0.6128578782081604,2065,46059040,1,3
499998,1920,7499970,959996160,23520,0.643750011920929,128,499997,2.030726432800293,1920,17,3,500000,1000,,499998.0,0.6708333492279053,0.5971870422363281,0.643750011920929,0.6129899621009827,2069,46059040,1,3
499999,1920,7499985,959998080,23520,0.643750011920929,128,499998,2.0351364612579346,1920,17,3,500000,1000,,499999.0,0.6708333492279053,0.5971872806549072,0.643750011920929,0.6129879355430603,2069,46059040,1,3
500000,1920,7500000,960000000,23520,0.643750011920929,128,499999,2.0392603874206543,1920,17,3,500000,1000,,500000.0,0.6708333492279053,0.5971873998641968,0.643750011920929,0.6129893660545349,2069,46059040,1,3
