pf_calls,num_answers,model_updates,num_grad_comps,answers_bytes,last_score,batch_size,k,elapsed_time,train_data,n,d,max_epochs,verbose,ident,_epochs,score_train,loss_train,score_test,loss_test,_elapsed_time,seed,run_id,dim
1,1920,15,1920,23520,0.5041666626930237,128,0,0.023839950561523438,1920,17,3,500000,1000,,1.0,0.5244791507720947,0.6931471228599548,0.5,0.6931472420692444,0,973500210,5,3
1001,1920,15015,1921920,23520,0.5,128,1000,0.027644872665405273,1920,17,3,500000,1000,,1001.0,0.667187511920929,0.6197119355201721,0.6291666626930237,0.6412169933319092,4,973500210,5,3
2001,1920,30015,3841920,23520,0.6291666626930237,128,2000,0.03193783760070801,1920,17,3,500000,1000,,2001.0,0.6781250238418579,0.6058126091957092,0.6333333253860474,0.6281940340995789,8,973500210,5,3
3001,1920,45015,5761920,23520,0.6333333253860474,128,3000,0.03576087951660156,1920,17,3,500000,1000,,3001.0,0.6708333492279053,0.6015889644622803,0.6479166746139526,0.6246079802513123,12,973500210,5,3
4001,1920,60015,7681920,23520,0.6479166746139526,128,4000,0.039649009704589844,1920,17,3,500000,1000,,4001.0,0.668749988079071,0.5994239449501038,0.6520833373069763,0.6230086088180542,16,973500210,5,3
5001,1920,75015,9601920,23520,0.6520833373069763,128,5000,0.043399810791015625,1920,17,3,500000,1000,,5001.0,0.668749988079071,0.5979853868484497,0.6520833373069763,0.6227535605430603,20,973500210,5,3
6001,1920,90015,11521920,23520,0.6520833373069763,128,6000,0.04713773727416992,1920,17,3,500000,1000,,6001.0,0.6697916388511658,0.5970203280448914,0.6541666388511658,0.6221596598625183,24,973500210,5,3
7001,1920,105015,13441920,23520,0.6541666388511658,128,7000,0.05092477798461914,1920,17,3,500000,1000,,7001.0,0.6692708134651184,0.5964049100875854,0.6541666388511658,0.6218767166137695,28,973500210,5,3
8001,1920,120015,15361920,23520,0.6541666388511658,128,8000,0.05469346046447754,1920,17,3,500000,1000,,8001.0,0.6697916388511658,0.5959385633468628,0.6520833373069763,0.6214199662208557,31,973500210,5,3
9001,1920,135015,17281920,23520,0.6520833373069763,128,9000,0.05844259262084961,1920,17,3,500000,1000,,9001.0,0.671875,0.5955972075462341,0.6479166746139526,0.6212491989135742,35,973500210,5,3
10001,1920,150015,19201920,23520,0.6479166746139526,128,10000,0.06221747398376465,1920,17,3,500000,1000,,10001.0,0.6723958253860474,0.5953434109687805,0.6479166746139526,0.6212360262870789,39,973500210,5,3
11001,1920,165015,21121920,23520,0.6479166746139526,128,11000,0.06596946716308594,1920,17,3,500000,1000,,11001.0,0.6723958253860474,0.595138669013977,0.6479166746139526,0.6207355260848999,43,973500210,5,3
12001,1920,180015,23041920,23520,0.6479166746139526,128,12000,0.06970930099487305,1920,17,3,500000,1000,,12001.0,0.6723958253860474,0.5949653387069702,0.6479166746139526,0.6210570931434631,47,973500210,5,3
13001,1920,195015,24961920,23520,0.6479166746139526,128,13000,0.07369637489318848,1920,17,3,500000,1000,,13001.0,0.6739583611488342,0.594822347164154,0.6479166746139526,0.6207700371742249,51,973500210,5,3
14001,1920,210015,26881920,23520,0.6479166746139526,128,14000,0.07786846160888672,1920,17,3,500000,1000,,14001.0,0.6729166507720947,0.5947049856185913,0.6479166746139526,0.6207687854766846,54,973500210,5,3
15001,1920,225015,28801920,23520,0.6479166746139526,128,15000,0.08165335655212402,1920,17,3,500000,1000,,15001.0,0.6744791865348816,0.5946007370948792,0.6479166746139526,0.6209332346916199,58,973500210,5,3
16001,1920,240015,30721920,23520,0.6479166746139526,128,16000,0.08543252944946289,1920,17,3,500000,1000,,16001.0,0.671875,0.5945127010345459,0.6458333134651184,0.6207433342933655,62,973500210,5,3
17001,1920,255015,32641920,23520,0.6458333134651184,128,17000,0.08924484252929688,1920,17,3,500000,1000,,17001.0,0.671875,0.5944344401359558,0.6458333134651184,0.6209486722946167,66,973500210,5,3
18001,1920,270015,34561920,23520,0.6458333134651184,128,18000,0.09345197677612305,1920,17,3,500000,1000,,18001.0,0.6744791865348816,0.5943602919578552,0.6458333134651184,0.6209776401519775,70,973500210,5,3
19001,1920,285015,36481920,23520,0.6458333134651184,128,19000,0.09752798080444336,1920,17,3,500000,1000,,19001.0,0.671875,0.5942990779876709,0.6479166746139526,0.6212537288665771,74,973500210,5,3
20001,1920,300015,38401920,23520,0.6479166746139526,128,20000,0.10126590728759766,1920,17,3,500000,1000,,20001.0,0.6723958253860474,0.5942481160163879,0.6458333134651184,0.6211707592010498,78,973500210,5,3
21001,1920,315015,40321920,23520,0.6458333134651184,128,21000,0.10523796081542969,1920,17,3,500000,1000,,21001.0,0.6739583611488342,0.5941960215568542,0.6458333134651184,0.620711624622345,82,973500210,5,3
22001,1920,330015,42241920,23520,0.6458333134651184,128,22000,0.1092689037322998,1920,17,3,500000,1000,,22001.0,0.6729166507720947,0.594155490398407,0.6458333134651184,0.6211663484573364,86,973500210,5,3
23001,1920,345015,44161920,23520,0.6458333134651184,128,23000,0.11302065849304199,1920,17,3,500000,1000,,23001.0,0.671875,0.5941156148910522,0.6479166746139526,0.6211814880371094,89,973500210,5,3
24001,1920,360015,46081920,23520,0.6479166746139526,128,24000,0.11673998832702637,1920,17,3,500000,1000,,24001.0,0.6713541746139526,0.5940752029418945,0.6458333134651184,0.6208378672599792,93,973500210,5,3
25001,1920,375015,48001920,23520,0.6458333134651184,128,25000,0.12045884132385254,1920,17,3,500000,1000,,25001.0,0.6703125238418579,0.5940410494804382,0.6479166746139526,0.6207656860351562,97,973500210,5,3
26001,1920,390015,49921920,23520,0.6479166746139526,128,26000,0.12426280975341797,1920,17,3,500000,1000,,26001.0,0.6713541746139526,0.5940132141113281,0.6458333134651184,0.620416522026062,101,973500210,5,3
27001,1920,405015,51841920,23520,0.6458333134651184,128,27000,0.12798500061035156,1920,17,3,500000,1000,,27001.0,0.6723958253860474,0.5939842462539673,0.643750011920929,0.620789110660553,105,973500210,5,3
28001,1920,420015,53761920,23520,0.643750011920929,128,28000,0.13173794746398926,1920,17,3,500000,1000,,28001.0,0.6708333492279053,0.5939576625823975,0.6499999761581421,0.6206205487251282,109,973500210,5,3
29001,1920,435015,55681920,23520,0.6499999761581421,128,29000,0.13546490669250488,1920,17,3,500000,1000,,29001.0,0.6729166507720947,0.5939280390739441,0.6458333134651184,0.6208706498146057,113,973500210,5,3
30001,1920,450015,57601920,23520,0.6458333134651184,128,30000,0.13941717147827148,1920,17,3,500000,1000,,30001.0,0.6723958253860474,0.5939083695411682,0.6479166746139526,0.621028482913971,117,973500210,5,3
31001,1920,465015,59521920,23520,0.6479166746139526,128,31000,0.1432781219482422,1920,17,3,500000,1000,,31001.0,0.6708333492279053,0.5938915014266968,0.6458333134651184,0.6209093332290649,121,973500210,5,3
32001,1920,480015,61441920,23520,0.6458333134651184,128,32000,0.14716601371765137,1920,17,3,500000,1000,,32001.0,0.6723958253860474,0.5938653945922852,0.643750011920929,0.6209701299667358,125,973500210,5,3
33001,1920,495015,63361920,23520,0.643750011920929,128,33000,0.1510326862335205,1920,17,3,500000,1000,,33001.0,0.6697916388511658,0.5938447117805481,0.6458333134651184,0.6211274266242981,129,973500210,5,3
34001,1920,510015,65281920,23520,0.6458333134651184,128,34000,0.15478968620300293,1920,17,3,500000,1000,,34001.0,0.6708333492279053,0.5938290357589722,0.6479166746139526,0.6208787560462952,133,973500210,5,3
35001,1920,525015,67201920,23520,0.6479166746139526,128,35000,0.15886259078979492,1920,17,3,500000,1000,,35001.0,0.671875,0.5938129425048828,0.6458333134651184,0.6211091876029968,137,973500210,5,3
36001,1920,540015,69121920,23520,0.6458333134651184,128,36000,0.16281867027282715,1920,17,3,500000,1000,,36001.0,0.6713541746139526,0.5937955975532532,0.6458333134651184,0.621347188949585,141,973500210,5,3
37001,1920,555015,71041920,23520,0.6458333134651184,128,37000,0.16695451736450195,1920,17,3,500000,1000,,37001.0,0.6729166507720947,0.5937816500663757,0.6416666507720947,0.6208145022392273,145,973500210,5,3
38001,1920,570015,72961920,23520,0.6416666507720947,128,38000,0.17069363594055176,1920,17,3,500000,1000,,38001.0,0.671875,0.5937718152999878,0.6479166746139526,0.621113657951355,149,973500210,5,3
39001,1920,585015,74881920,23520,0.6479166746139526,128,39000,0.1748964786529541,1920,17,3,500000,1000,,39001.0,0.671875,0.593754768371582,0.6479166746139526,0.620914876461029,153,973500210,5,3
40001,1920,600015,76801920,23520,0.6479166746139526,128,40000,0.178666353225708,1920,17,3,500000,1000,,40001.0,0.6713541746139526,0.5937478542327881,0.6458333134651184,0.6210686564445496,156,973500210,5,3
41001,1920,615015,78721920,23520,0.6458333134651184,128,41000,0.18246960639953613,1920,17,3,500000,1000,,41001.0,0.671875,0.5937280654907227,0.6395833492279053,0.6212368607521057,160,973500210,5,3
42001,1920,630015,80641920,23520,0.6395833492279053,128,42000,0.18633747100830078,1920,17,3,500000,1000,,42001.0,0.6723958253860474,0.593722939491272,0.6416666507720947,0.6208319067955017,164,973500210,5,3
43001,1920,645015,82561920,23520,0.6416666507720947,128,43000,0.1901254653930664,1920,17,3,500000,1000,,43001.0,0.6723958253860474,0.593704104423523,0.6416666507720947,0.6213395595550537,168,973500210,5,3
44001,1920,660015,84481920,23520,0.6416666507720947,128,44000,0.1939103603363037,1920,17,3,500000,1000,,44001.0,0.671875,0.5936986207962036,0.6395833492279053,0.6211326122283936,172,973500210,5,3
45001,1920,675015,86401920,23520,0.6395833492279053,128,45000,0.19766736030578613,1920,17,3,500000,1000,,45001.0,0.671875,0.593690037727356,0.6395833492279053,0.62110435962677,176,973500210,5,3
46001,1920,690015,88321920,23520,0.6395833492279053,128,46000,0.2014453411102295,1920,17,3,500000,1000,,46001.0,0.671875,0.5936800241470337,0.643750011920929,0.6211877465248108,179,973500210,5,3
47001,1920,705015,90241920,23520,0.643750011920929,128,47000,0.20537209510803223,1920,17,3,500000,1000,,47001.0,0.6708333492279053,0.5936709046363831,0.6458333134651184,0.6213656663894653,183,973500210,5,3
48001,1920,720015,92161920,23520,0.6458333134651184,128,48000,0.20913410186767578,1920,17,3,500000,1000,,48001.0,0.671875,0.5936598181724548,0.6458333134651184,0.621354877948761,187,973500210,5,3
49001,1920,735015,94081920,23520,0.6458333134651184,128,49000,0.2129361629486084,1920,17,3,500000,1000,,49001.0,0.671875,0.5936501026153564,0.643750011920929,0.6214761734008789,191,973500210,5,3
50001,1920,750015,96001920,23520,0.643750011920929,128,50000,0.21669745445251465,1920,17,3,500000,1000,,50001.0,0.6703125238418579,0.5936475396156311,0.643750011920929,0.6211623549461365,195,973500210,5,3
51001,1920,765015,97921920,23520,0.643750011920929,128,51000,0.22045063972473145,1920,17,3,500000,1000,,51001.0,0.6703125238418579,0.5936410427093506,0.643750011920929,0.621230959892273,199,973500210,5,3
52001,1920,780015,99841920,23520,0.643750011920929,128,52000,0.2241954803466797,1920,17,3,500000,1000,,52001.0,0.6708333492279053,0.5936276912689209,0.6458333134651184,0.6214955449104309,202,973500210,5,3
53001,1920,795015,101761920,23520,0.6458333134651184,128,53000,0.22791743278503418,1920,17,3,500000,1000,,53001.0,0.6713541746139526,0.5936241745948792,0.6479166746139526,0.6209935545921326,206,973500210,5,3
54001,1920,810015,103681920,23520,0.6479166746139526,128,54000,0.2316272258758545,1920,17,3,500000,1000,,54001.0,0.6708333492279053,0.5936180949211121,0.6416666507720947,0.6212299466133118,210,973500210,5,3
55001,1920,825015,105601920,23520,0.6416666507720947,128,55000,0.2353823184967041,1920,17,3,500000,1000,,55001.0,0.6729166507720947,0.5936096906661987,0.637499988079071,0.6213708519935608,214,973500210,5,3
56001,1920,840015,107521920,23520,0.637499988079071,128,56000,0.23913836479187012,1920,17,3,500000,1000,,56001.0,0.6713541746139526,0.5936064124107361,0.6458333134651184,0.6214592456817627,218,973500210,5,3
57001,1920,855015,109441920,23520,0.6458333134651184,128,57000,0.24290847778320312,1920,17,3,500000,1000,,57001.0,0.671875,0.593598484992981,0.6416666507720947,0.6211187839508057,222,973500210,5,3
58001,1920,870015,111361920,23520,0.6416666507720947,128,58000,0.246978759765625,1920,17,3,500000,1000,,58001.0,0.6729166507720947,0.5935992002487183,0.6499999761581421,0.6209644675254822,225,973500210,5,3
59001,1920,885015,113281920,23520,0.6499999761581421,128,59000,0.25074291229248047,1920,17,3,500000,1000,,59001.0,0.6703125238418579,0.5935943722724915,0.6520833373069763,0.6210223436355591,229,973500210,5,3
60001,1920,900015,115201920,23520,0.6520833373069763,128,60000,0.25449299812316895,1920,17,3,500000,1000,,60001.0,0.6723958253860474,0.5935855507850647,0.6458333134651184,0.6210817098617554,233,973500210,5,3
61001,1920,915015,117121920,23520,0.6458333134651184,128,61000,0.25826168060302734,1920,17,3,500000,1000,,61001.0,0.6723958253860474,0.5935790538787842,0.6479166746139526,0.6215903162956238,237,973500210,5,3
62001,1920,930015,119041920,23520,0.6479166746139526,128,62000,0.26221370697021484,1920,17,3,500000,1000,,62001.0,0.6729166507720947,0.5935751795768738,0.6479166746139526,0.6212502121925354,241,973500210,5,3
63001,1920,945015,120961920,23520,0.6479166746139526,128,63000,0.2659275531768799,1920,17,3,500000,1000,,63001.0,0.6734374761581421,0.5935762524604797,0.6479166746139526,0.6212361454963684,245,973500210,5,3
64001,1920,960015,122881920,23520,0.6479166746139526,128,64000,0.26970362663269043,1920,17,3,500000,1000,,64001.0,0.6713541746139526,0.5935646891593933,0.6499999761581421,0.6213282942771912,248,973500210,5,3
65001,1920,975015,124801920,23520,0.6499999761581421,128,65000,0.2734997272491455,1920,17,3,500000,1000,,65001.0,0.6713541746139526,0.5935611724853516,0.6499999761581421,0.6213086247444153,252,973500210,5,3
66001,1920,990015,126721920,23520,0.6499999761581421,128,66000,0.2772688865661621,1920,17,3,500000,1000,,66001.0,0.6703125238418579,0.5935553312301636,0.643750011920929,0.621228814125061,256,973500210,5,3
67001,1920,1005015,128641920,23520,0.643750011920929,128,67000,0.2810206413269043,1920,17,3,500000,1000,,67001.0,0.6723958253860474,0.5935518741607666,0.6479166746139526,0.6214999556541443,260,973500210,5,3
68001,1920,1020015,130561920,23520,0.6479166746139526,128,68000,0.2848646640777588,1920,17,3,500000,1000,,68001.0,0.6744791865348816,0.593548059463501,0.6458333134651184,0.621259331703186,264,973500210,5,3
69001,1920,1035015,132481920,23520,0.6458333134651184,128,69000,0.2887413501739502,1920,17,3,500000,1000,,69001.0,0.6697916388511658,0.5935422778129578,0.643750011920929,0.6214681267738342,268,973500210,5,3
70001,1920,1050015,134401920,23520,0.643750011920929,128,70000,0.2929353713989258,1920,17,3,500000,1000,,70001.0,0.6713541746139526,0.5935400128364563,0.643750011920929,0.6210371255874634,272,973500210,5,3
71001,1920,1065015,136321920,23520,0.643750011920929,128,71000,0.2967712879180908,1920,17,3,500000,1000,,71001.0,0.6723958253860474,0.5935385227203369,0.6479166746139526,0.6210998296737671,276,973500210,5,3
72001,1920,1080015,138241920,23520,0.6479166746139526,128,72000,0.30052638053894043,1920,17,3,500000,1000,,72001.0,0.6713541746139526,0.5935295224189758,0.643750011920929,0.6213518381118774,280,973500210,5,3
73001,1920,1095015,140161920,23520,0.643750011920929,128,73000,0.30426454544067383,1920,17,3,500000,1000,,73001.0,0.6739583611488342,0.5935291647911072,0.6416666507720947,0.6216820478439331,284,973500210,5,3
74001,1920,1110015,142081920,23520,0.6416666507720947,128,74000,0.3080635070800781,1920,17,3,500000,1000,,74001.0,0.6739583611488342,0.5935247540473938,0.643750011920929,0.6213128566741943,288,973500210,5,3
75001,1920,1125015,144001920,23520,0.643750011920929,128,75000,0.3119776248931885,1920,17,3,500000,1000,,75001.0,0.6708333492279053,0.5935205817222595,0.643750011920929,0.6215314865112305,292,973500210,5,3
76001,1920,1140015,145921920,23520,0.643750011920929,128,76000,0.31567859649658203,1920,17,3,500000,1000,,76001.0,0.6708333492279053,0.5935179591178894,0.6479166746139526,0.6214391589164734,296,973500210,5,3
77001,1920,1155015,147841920,23520,0.6479166746139526,128,77000,0.3194456100463867,1920,17,3,500000,1000,,77001.0,0.6713541746139526,0.5935136079788208,0.6416666507720947,0.6217191815376282,300,973500210,5,3
78001,1920,1170015,149761920,23520,0.6416666507720947,128,78000,0.3231966495513916,1920,17,3,500000,1000,,78001.0,0.6713541746139526,0.5935130715370178,0.643750011920929,0.6215591430664062,303,973500210,5,3
79001,1920,1185015,151681920,23520,0.643750011920929,128,79000,0.32694458961486816,1920,17,3,500000,1000,,79001.0,0.6708333492279053,0.5935127139091492,0.6499999761581421,0.6214856505393982,307,973500210,5,3
80001,1920,1200015,153601920,23520,0.6499999761581421,128,80000,0.33065342903137207,1920,17,3,500000,1000,,80001.0,0.6734374761581421,0.5935080647468567,0.6458333134651184,0.6213803887367249,311,973500210,5,3
81001,1920,1215015,155521920,23520,0.6458333134651184,128,81000,0.3344845771789551,1920,17,3,500000,1000,,81001.0,0.6723958253860474,0.593504011631012,0.643750011920929,0.6212712526321411,315,973500210,5,3
82001,1920,1230015,157441920,23520,0.643750011920929,128,82000,0.33844566345214844,1920,17,3,500000,1000,,82001.0,0.6713541746139526,0.5934980511665344,0.6499999761581421,0.6214544773101807,319,973500210,5,3
83001,1920,1245015,159361920,23520,0.6499999761581421,128,83000,0.34241771697998047,1920,17,3,500000,1000,,83001.0,0.6729166507720947,0.5935031771659851,0.6479166746139526,0.6211931705474854,323,973500210,5,3
84001,1920,1260015,161281920,23520,0.6479166746139526,128,84000,0.34618473052978516,1920,17,3,500000,1000,,84001.0,0.6713541746139526,0.5934970378875732,0.6520833373069763,0.6214678883552551,327,973500210,5,3
85001,1920,1275015,163201920,23520,0.6520833373069763,128,85000,0.3499755859375,1920,17,3,500000,1000,,85001.0,0.6739583611488342,0.5934927463531494,0.6458333134651184,0.6213093996047974,331,973500210,5,3
86001,1920,1290015,165121920,23520,0.6458333134651184,128,86000,0.35375046730041504,1920,17,3,500000,1000,,86001.0,0.6723958253860474,0.5934927463531494,0.6416666507720947,0.6214388608932495,335,973500210,5,3
87001,1920,1305015,167041920,23520,0.6416666507720947,128,87000,0.3575265407562256,1920,17,3,500000,1000,,87001.0,0.6729166507720947,0.5934894680976868,0.6458333134651184,0.6213216185569763,339,973500210,5,3
88001,1920,1320015,168961920,23520,0.6458333134651184,128,88000,0.3620154857635498,1920,17,3,500000,1000,,88001.0,0.6708333492279053,0.593489408493042,0.6458333134651184,0.6214032769203186,343,973500210,5,3
89001,1920,1335015,170881920,23520,0.6458333134651184,128,89000,0.36626744270324707,1920,17,3,500000,1000,,89001.0,0.6708333492279053,0.5934858918190002,0.6479166746139526,0.6213366389274597,347,973500210,5,3
90001,1920,1350015,172801920,23520,0.6479166746139526,128,90000,0.3700134754180908,1920,17,3,500000,1000,,90001.0,0.6734374761581421,0.5934843420982361,0.6479166746139526,0.6212183833122253,351,973500210,5,3
91001,1920,1365015,174721920,23520,0.6479166746139526,128,91000,0.3741145133972168,1920,17,3,500000,1000,,91001.0,0.6708333492279053,0.593484103679657,0.6479166746139526,0.621322751045227,354,973500210,5,3
92001,1920,1380015,176641920,23520,0.6479166746139526,128,92000,0.3780076503753662,1920,17,3,500000,1000,,92001.0,0.675000011920929,0.5934789180755615,0.6458333134651184,0.6216138005256653,358,973500210,5,3
93001,1920,1395015,178561920,23520,0.6458333134651184,128,93000,0.38177061080932617,1920,17,3,500000,1000,,93001.0,0.6734374761581421,0.5934768915176392,0.6458333134651184,0.6211965680122375,362,973500210,5,3
94001,1920,1410015,180481920,23520,0.6458333134651184,128,94000,0.38556766510009766,1920,17,3,500000,1000,,94001.0,0.6723958253860474,0.5934736728668213,0.6479166746139526,0.6217145323753357,366,973500210,5,3
95001,1920,1425015,182401920,23520,0.6479166746139526,128,95000,0.38933587074279785,1920,17,3,500000,1000,,95001.0,0.6703125238418579,0.5934747457504272,0.643750011920929,0.6213887333869934,370,973500210,5,3
96001,1920,1440015,184321920,23520,0.643750011920929,128,96000,0.3932685852050781,1920,17,3,500000,1000,,96001.0,0.6723958253860474,0.5934702157974243,0.6458333134651184,0.6213138699531555,374,973500210,5,3
97001,1920,1455015,186241920,23520,0.6458333134651184,128,97000,0.3970367908477783,1920,17,3,500000,1000,,97001.0,0.6708333492279053,0.5934683680534363,0.6395833492279053,0.6215864419937134,378,973500210,5,3
98001,1920,1470015,188161920,23520,0.6395833492279053,128,98000,0.40089869499206543,1920,17,3,500000,1000,,98001.0,0.6692708134651184,0.5934646129608154,0.6416666507720947,0.6217638254165649,382,973500210,5,3
99001,1920,1485015,190081920,23520,0.6416666507720947,128,99000,0.40468883514404297,1920,17,3,500000,1000,,99001.0,0.6723958253860474,0.5934612154960632,0.6458333134651184,0.6217156648635864,386,973500210,5,3
100001,1920,1500015,192001920,23520,0.6458333134651184,128,100000,0.40860986709594727,1920,17,3,500000,1000,,100001.0,0.6713541746139526,0.5934621095657349,0.6458333134651184,0.6214408874511719,390,973500210,5,3
101001,1920,1515015,193921920,23520,0.6458333134651184,128,101000,0.4123878479003906,1920,17,3,500000,1000,,101001.0,0.6723958253860474,0.593457043170929,0.6416666507720947,0.6215526461601257,393,973500210,5,3
102001,1920,1530015,195841920,23520,0.6416666507720947,128,102000,0.41617774963378906,1920,17,3,500000,1000,,102001.0,0.6703125238418579,0.5934568047523499,0.643750011920929,0.6216895580291748,397,973500210,5,3
103001,1920,1545015,197761920,23520,0.643750011920929,128,103000,0.41990065574645996,1920,17,3,500000,1000,,103001.0,0.6713541746139526,0.5934562087059021,0.6458333134651184,0.6215459704399109,401,973500210,5,3
104001,1920,1560015,199681920,23520,0.6458333134651184,128,104000,0.4241964817047119,1920,17,3,500000,1000,,104001.0,0.6708333492279053,0.5934565663337708,0.6416666507720947,0.6213513612747192,405,973500210,5,3
105001,1920,1575015,201601920,23520,0.6416666507720947,128,105000,0.42793846130371094,1920,17,3,500000,1000,,105001.0,0.6703125238418579,0.5934561491012573,0.643750011920929,0.6214392185211182,409,973500210,5,3
106001,1920,1590015,203521920,23520,0.643750011920929,128,106000,0.4319725036621094,1920,17,3,500000,1000,,106001.0,0.6713541746139526,0.5934522151947021,0.6458333134651184,0.6212596297264099,413,973500210,5,3
107001,1920,1605015,205441920,23520,0.6458333134651184,128,107000,0.4357147216796875,1920,17,3,500000,1000,,107001.0,0.675000011920929,0.5934481024742126,0.6479166746139526,0.6214711666107178,417,973500210,5,3
108001,1920,1620015,207361920,23520,0.6479166746139526,128,108000,0.43947672843933105,1920,17,3,500000,1000,,108001.0,0.6708333492279053,0.5934489369392395,0.6458333134651184,0.6217330098152161,421,973500210,5,3
109001,1920,1635015,209281920,23520,0.6458333134651184,128,109000,0.44324183464050293,1920,17,3,500000,1000,,109001.0,0.6708333492279053,0.5934473872184753,0.6499999761581421,0.6216176152229309,425,973500210,5,3
110001,1920,1650015,211201920,23520,0.6499999761581421,128,110000,0.44696903228759766,1920,17,3,500000,1000,,110001.0,0.6708333492279053,0.5934413075447083,0.6479166746139526,0.621466875076294,428,973500210,5,3
111001,1920,1665015,213121920,23520,0.6479166746139526,128,111000,0.4507417678833008,1920,17,3,500000,1000,,111001.0,0.6723958253860474,0.5934410691261292,0.6458333134651184,0.6215246915817261,432,973500210,5,3
112001,1920,1680015,215041920,23520,0.6458333134651184,128,112000,0.45451879501342773,1920,17,3,500000,1000,,112001.0,0.6729166507720947,0.5934401750564575,0.6458333134651184,0.6212342381477356,436,973500210,5,3
113001,1920,1695015,216961920,23520,0.6458333134651184,128,113000,0.45828700065612793,1920,17,3,500000,1000,,113001.0,0.6723958253860474,0.5934425592422485,0.6395833492279053,0.6211782097816467,440,973500210,5,3
114001,1920,1710015,218881920,23520,0.6395833492279053,128,114000,0.46204495429992676,1920,17,3,500000,1000,,114001.0,0.671875,0.5934411287307739,0.6458333134651184,0.621650755405426,444,973500210,5,3
115001,1920,1725015,220801920,23520,0.6458333134651184,128,115000,0.4658639430999756,1920,17,3,500000,1000,,115001.0,0.6713541746139526,0.5934382677078247,0.643750011920929,0.6217727661132812,448,973500210,5,3
116001,1920,1740015,222721920,23520,0.643750011920929,128,116000,0.47005414962768555,1920,17,3,500000,1000,,116001.0,0.6734374761581421,0.5934374928474426,0.6499999761581421,0.6216601133346558,452,973500210,5,3
117001,1920,1755015,224641920,23520,0.6499999761581421,128,117000,0.47421789169311523,1920,17,3,500000,1000,,117001.0,0.6713541746139526,0.5934380888938904,0.6499999761581421,0.6219025254249573,456,973500210,5,3
118001,1920,1770015,226561920,23520,0.6499999761581421,128,118000,0.4780447483062744,1920,17,3,500000,1000,,118001.0,0.6729166507720947,0.5934330224990845,0.643750011920929,0.6219362616539001,460,973500210,5,3
119001,1920,1785015,228481920,23520,0.643750011920929,128,119000,0.4818098545074463,1920,17,3,500000,1000,,119001.0,0.6734374761581421,0.5934323668479919,0.6479166746139526,0.6218522191047668,463,973500210,5,3
120001,1920,1800015,230401920,23520,0.6479166746139526,128,120000,0.4855985641479492,1920,17,3,500000,1000,,120001.0,0.6713541746139526,0.5934336185455322,0.643750011920929,0.6213956475257874,467,973500210,5,3
121001,1920,1815015,232321920,23520,0.643750011920929,128,121000,0.48949551582336426,1920,17,3,500000,1000,,121001.0,0.6708333492279053,0.5934306979179382,0.6499999761581421,0.6214121580123901,471,973500210,5,3
122001,1920,1830015,234241920,23520,0.6499999761581421,128,122000,0.4932434558868408,1920,17,3,500000,1000,,122001.0,0.6723958253860474,0.5934284925460815,0.643750011920929,0.6214902400970459,475,973500210,5,3
123001,1920,1845015,236161920,23520,0.643750011920929,128,123000,0.4969933032989502,1920,17,3,500000,1000,,123001.0,0.675000011920929,0.5934261679649353,0.643750011920929,0.6214525103569031,479,973500210,5,3
124001,1920,1860015,238081920,23520,0.643750011920929,128,124000,0.5007236003875732,1920,17,3,500000,1000,,124001.0,0.6744791865348816,0.5934249758720398,0.6458333134651184,0.6217676997184753,483,973500210,5,3
125001,1920,1875015,240001920,23520,0.6458333134651184,128,125000,0.5044546127319336,1920,17,3,500000,1000,,125001.0,0.6739583611488342,0.5934236645698547,0.6416666507720947,0.6219186186790466,486,973500210,5,3
126001,1920,1890015,241921920,23520,0.6416666507720947,128,126000,0.5082075595855713,1920,17,3,500000,1000,,126001.0,0.671875,0.5934231877326965,0.643750011920929,0.6217394471168518,490,973500210,5,3
127001,1920,1905015,243841920,23520,0.643750011920929,128,127000,0.5119495391845703,1920,17,3,500000,1000,,127001.0,0.6723958253860474,0.5934252142906189,0.6416666507720947,0.6217753291130066,494,973500210,5,3
128001,1920,1920015,245761920,23520,0.6416666507720947,128,128000,0.5157217979431152,1920,17,3,500000,1000,,128001.0,0.6708333492279053,0.5934202671051025,0.6479166746139526,0.6217777132987976,498,973500210,5,3
129001,1920,1935015,247681920,23520,0.6479166746139526,128,129000,0.519521951675415,1920,17,3,500000,1000,,129001.0,0.6723958253860474,0.5934200286865234,0.6479166746139526,0.6214051842689514,502,973500210,5,3
130001,1920,1950015,249601920,23520,0.6479166746139526,128,130000,0.5232799053192139,1920,17,3,500000,1000,,130001.0,0.671875,0.5934233069419861,0.6479166746139526,0.6217979192733765,506,973500210,5,3
131001,1920,1965015,251521920,23520,0.6479166746139526,128,131000,0.5271027088165283,1920,17,3,500000,1000,,131001.0,0.6692708134651184,0.5934209823608398,0.6479166746139526,0.6215293407440186,509,973500210,5,3
132001,1920,1980015,253441920,23520,0.6479166746139526,128,132000,0.5308754444122314,1920,17,3,500000,1000,,132001.0,0.671875,0.59341961145401,0.6499999761581421,0.6218565702438354,513,973500210,5,3
133001,1920,1995015,255361920,23520,0.6499999761581421,128,133000,0.5346784591674805,1920,17,3,500000,1000,,133001.0,0.6723958253860474,0.5934188365936279,0.6458333134651184,0.6217019557952881,517,973500210,5,3
134001,1920,2010015,257281920,23520,0.6458333134651184,128,134000,0.538832426071167,1920,17,3,500000,1000,,134001.0,0.6723958253860474,0.5934193730354309,0.6479166746139526,0.6216504573822021,521,973500210,5,3
135001,1920,2025015,259201920,23520,0.6479166746139526,128,135000,0.5426185131072998,1920,17,3,500000,1000,,135001.0,0.6729166507720947,0.5934187769889832,0.6479166746139526,0.6216865181922913,525,973500210,5,3
136001,1920,2040015,261121920,23520,0.6479166746139526,128,136000,0.5464015007019043,1920,17,3,500000,1000,,136001.0,0.6734374761581421,0.5934145450592041,0.6416666507720947,0.6217594146728516,529,973500210,5,3
137001,1920,2055015,263041920,23520,0.6416666507720947,128,137000,0.5501234531402588,1920,17,3,500000,1000,,137001.0,0.6703125238418579,0.5934159159660339,0.643750011920929,0.6216962337493896,532,973500210,5,3
138001,1920,2070015,264961920,23520,0.643750011920929,128,138000,0.5539145469665527,1920,17,3,500000,1000,,138001.0,0.6713541746139526,0.5934131741523743,0.6416666507720947,0.6217077970504761,536,973500210,5,3
139001,1920,2085015,266881920,23520,0.6416666507720947,128,139000,0.5576756000518799,1920,17,3,500000,1000,,139001.0,0.6713541746139526,0.5934133529663086,0.6416666507720947,0.6219047904014587,540,973500210,5,3
140001,1920,2100015,268801920,23520,0.6416666507720947,128,140000,0.5619044303894043,1920,17,3,500000,1000,,140001.0,0.6734374761581421,0.5934107303619385,0.6395833492279053,0.6214650273323059,544,973500210,5,3
141001,1920,2115015,270721920,23520,0.6395833492279053,128,141000,0.5656936168670654,1920,17,3,500000,1000,,141001.0,0.6729166507720947,0.5934144258499146,0.6479166746139526,0.6215137839317322,548,973500210,5,3
142001,1920,2130015,272641920,23520,0.6479166746139526,128,142000,0.5694785118103027,1920,17,3,500000,1000,,142001.0,0.6703125238418579,0.593409538269043,0.6416666507720947,0.6218268871307373,552,973500210,5,3
143001,1920,2145015,274561920,23520,0.6416666507720947,128,143000,0.5736725330352783,1920,17,3,500000,1000,,143001.0,0.6723958253860474,0.5934082269668579,0.6458333134651184,0.6214814782142639,556,973500210,5,3
144001,1920,2160015,276481920,23520,0.6458333134651184,128,144000,0.5774276256561279,1920,17,3,500000,1000,,144001.0,0.6744791865348816,0.5934056639671326,0.6416666507720947,0.6217300295829773,559,973500210,5,3
145001,1920,2175015,278401920,23520,0.6416666507720947,128,145000,0.5815978050231934,1920,17,3,500000,1000,,145001.0,0.6703125238418579,0.5934115052223206,0.6479166746139526,0.6214483976364136,563,973500210,5,3
146001,1920,2190015,280321920,23520,0.6479166746139526,128,146000,0.5857510566711426,1920,17,3,500000,1000,,146001.0,0.6729166507720947,0.5934099555015564,0.643750011920929,0.621760904788971,568,973500210,5,3
147001,1920,2205015,282241920,23520,0.643750011920929,128,147000,0.5895390510559082,1920,17,3,500000,1000,,147001.0,0.6723958253860474,0.5934149622917175,0.643750011920929,0.6218773126602173,571,973500210,5,3
148001,1920,2220015,284161920,23520,0.643750011920929,128,148000,0.5933001041412354,1920,17,3,500000,1000,,148001.0,0.675000011920929,0.5934083461761475,0.6416666507720947,0.6216354966163635,575,973500210,5,3
149001,1920,2235015,286081920,23520,0.6416666507720947,128,149000,0.5970683097839355,1920,17,3,500000,1000,,149001.0,0.6708333492279053,0.5934029817581177,0.6479166746139526,0.6213826537132263,579,973500210,5,3
150001,1920,2250015,288001920,23520,0.6479166746139526,128,150000,0.6008234024047852,1920,17,3,500000,1000,,150001.0,0.6692708134651184,0.5934038758277893,0.6499999761581421,0.6213312149047852,583,973500210,5,3
151001,1920,2265015,289921920,23520,0.6499999761581421,128,151000,0.6045863628387451,1920,17,3,500000,1000,,151001.0,0.6692708134651184,0.5934023261070251,0.6499999761581421,0.6217137575149536,587,973500210,5,3
152001,1920,2280015,291841920,23520,0.6499999761581421,128,152000,0.6084613800048828,1920,17,3,500000,1000,,152001.0,0.6713541746139526,0.5934044122695923,0.6416666507720947,0.6214213967323303,590,973500210,5,3
153001,1920,2295015,293761920,23520,0.6416666507720947,128,153000,0.6122515201568604,1920,17,3,500000,1000,,153001.0,0.6703125238418579,0.5934023261070251,0.643750011920929,0.6213948726654053,594,973500210,5,3
154001,1920,2310015,295681920,23520,0.643750011920929,128,154000,0.6159946918487549,1920,17,3,500000,1000,,154001.0,0.6729166507720947,0.5934002995491028,0.6416666507720947,0.6214898228645325,598,973500210,5,3
155001,1920,2325015,297601920,23520,0.6416666507720947,128,155000,0.6198408603668213,1920,17,3,500000,1000,,155001.0,0.6729166507720947,0.593402624130249,0.6416666507720947,0.6214789152145386,602,973500210,5,3
156001,1920,2340015,299521920,23520,0.6416666507720947,128,156000,0.6235959529876709,1920,17,3,500000,1000,,156001.0,0.6739583611488342,0.5934011340141296,0.643750011920929,0.6215159893035889,606,973500210,5,3
157001,1920,2355015,301441920,23520,0.643750011920929,128,157000,0.6273510456085205,1920,17,3,500000,1000,,157001.0,0.671875,0.5934001803398132,0.6395833492279053,0.6216362118721008,609,973500210,5,3
158001,1920,2370015,303361920,23520,0.6395833492279053,128,158000,0.6314632892608643,1920,17,3,500000,1000,,158001.0,0.6739583611488342,0.5933951139450073,0.6416666507720947,0.6215259432792664,613,973500210,5,3
159001,1920,2385015,305281920,23520,0.6416666507720947,128,159000,0.6358151435852051,1920,17,3,500000,1000,,159001.0,0.6734374761581421,0.5933986902236938,0.643750011920929,0.6214436292648315,617,973500210,5,3
160001,1920,2400015,307201920,23520,0.643750011920929,128,160000,0.6402792930603027,1920,17,3,500000,1000,,160001.0,0.6744791865348816,0.5933949947357178,0.6395833492279053,0.6215245723724365,621,973500210,5,3
161001,1920,2415015,309121920,23520,0.6395833492279053,128,161000,0.6443812847137451,1920,17,3,500000,1000,,161001.0,0.6734374761581421,0.5933954119682312,0.6416666507720947,0.6216338872909546,626,973500210,5,3
162001,1920,2430015,311041920,23520,0.6416666507720947,128,162000,0.6481690406799316,1920,17,3,500000,1000,,162001.0,0.6708333492279053,0.5933992862701416,0.6479166746139526,0.6216438412666321,630,973500210,5,3
163001,1920,2445015,312961920,23520,0.6479166746139526,128,163000,0.6519269943237305,1920,17,3,500000,1000,,163001.0,0.671875,0.5933961272239685,0.6416666507720947,0.621387243270874,633,973500210,5,3
164001,1920,2460015,314881920,23520,0.6416666507720947,128,164000,0.6556947231292725,1920,17,3,500000,1000,,164001.0,0.6729166507720947,0.5933967232704163,0.643750011920929,0.6217066645622253,637,973500210,5,3
165001,1920,2475015,316801920,23520,0.643750011920929,128,165000,0.6594715118408203,1920,17,3,500000,1000,,165001.0,0.6734374761581421,0.5933931469917297,0.6416666507720947,0.6217555403709412,641,973500210,5,3
166001,1920,2490015,318721920,23520,0.6416666507720947,128,166000,0.6636781692504883,1920,17,3,500000,1000,,166001.0,0.6739583611488342,0.5933958888053894,0.643750011920929,0.6216087341308594,645,973500210,5,3
167001,1920,2505015,320641920,23520,0.643750011920929,128,167000,0.6674773693084717,1920,17,3,500000,1000,,167001.0,0.671875,0.5933944582939148,0.6458333134651184,0.6215990781784058,649,973500210,5,3
168001,1920,2520015,322561920,23520,0.6458333134651184,128,168000,0.6712565422058105,1920,17,3,500000,1000,,168001.0,0.6692708134651184,0.5933936834335327,0.6458333134651184,0.6218631863594055,653,973500210,5,3
169001,1920,2535015,324481920,23520,0.6458333134651184,128,169000,0.6750116348266602,1920,17,3,500000,1000,,169001.0,0.6713541746139526,0.593393087387085,0.643750011920929,0.6219574213027954,657,973500210,5,3
170001,1920,2550015,326401920,23520,0.643750011920929,128,170000,0.6790297031402588,1920,17,3,500000,1000,,170001.0,0.6734374761581421,0.593390703201294,0.643750011920929,0.6217635869979858,661,973500210,5,3
171001,1920,2565015,328321920,23520,0.643750011920929,128,171000,0.6827878952026367,1920,17,3,500000,1000,,171001.0,0.671875,0.5933894515037537,0.6479166746139526,0.6214677691459656,665,973500210,5,3
172001,1920,2580015,330241920,23520,0.6479166746139526,128,172000,0.6865348815917969,1920,17,3,500000,1000,,172001.0,0.671875,0.5933859944343567,0.643750011920929,0.6215841770172119,669,973500210,5,3
173001,1920,2595015,332161920,23520,0.643750011920929,128,173000,0.690640926361084,1920,17,3,500000,1000,,173001.0,0.671875,0.5933921337127686,0.6416666507720947,0.6212787628173828,672,973500210,5,3
174001,1920,2610015,334081920,23520,0.6416666507720947,128,174000,0.69492506980896,1920,17,3,500000,1000,,174001.0,0.6723958253860474,0.5933902859687805,0.6458333134651184,0.6214157342910767,677,973500210,5,3
175001,1920,2625015,336001920,23520,0.6458333134651184,128,175000,0.6987230777740479,1920,17,3,500000,1000,,175001.0,0.671875,0.5933889150619507,0.643750011920929,0.6214459538459778,681,973500210,5,3
176001,1920,2640015,337921920,23520,0.643750011920929,128,176000,0.7027919292449951,1920,17,3,500000,1000,,176001.0,0.6703125238418579,0.5933891534805298,0.6458333134651184,0.6214976906776428,685,973500210,5,3
177001,1920,2655015,339841920,23520,0.6458333134651184,128,177000,0.7065720558166504,1920,17,3,500000,1000,,177001.0,0.671875,0.593387246131897,0.6458333134651184,0.6217721104621887,688,973500210,5,3
178001,1920,2670015,341761920,23520,0.6458333134651184,128,178000,0.7103018760681152,1920,17,3,500000,1000,,178001.0,0.6723958253860474,0.5933910012245178,0.6458333134651184,0.6213614344596863,692,973500210,5,3
179001,1920,2685015,343681920,23520,0.6458333134651184,128,179000,0.7141237258911133,1920,17,3,500000,1000,,179001.0,0.671875,0.5933853983879089,0.643750011920929,0.621102511882782,696,973500210,5,3
180001,1920,2700015,345601920,23520,0.643750011920929,128,180000,0.7178335189819336,1920,17,3,500000,1000,,180001.0,0.6697916388511658,0.5933855772018433,0.643750011920929,0.6218070983886719,700,973500210,5,3
181001,1920,2715015,347521920,23520,0.643750011920929,128,181000,0.7215554714202881,1920,17,3,500000,1000,,181001.0,0.6713541746139526,0.5933839678764343,0.6395833492279053,0.6216499209403992,704,973500210,5,3
182001,1920,2730015,349441920,23520,0.6395833492279053,128,182000,0.7252895832061768,1920,17,3,500000,1000,,182001.0,0.6729166507720947,0.5933817625045776,0.6458333134651184,0.6214857697486877,707,973500210,5,3
183001,1920,2745015,351361920,23520,0.6458333134651184,128,183000,0.7290246486663818,1920,17,3,500000,1000,,183001.0,0.6708333492279053,0.5933821797370911,0.6458333134651184,0.6217730641365051,711,973500210,5,3
184001,1920,2760015,353281920,23520,0.6458333134651184,128,184000,0.7328305244445801,1920,17,3,500000,1000,,184001.0,0.6729166507720947,0.5933820009231567,0.6416666507720947,0.6218361258506775,715,973500210,5,3
185001,1920,2775015,355201920,23520,0.6416666507720947,128,185000,0.7365646362304688,1920,17,3,500000,1000,,185001.0,0.671875,0.5933838486671448,0.643750011920929,0.621606707572937,719,973500210,5,3
186001,1920,2790015,357121920,23520,0.643750011920929,128,186000,0.7402968406677246,1920,17,3,500000,1000,,186001.0,0.671875,0.5933861136436462,0.6395833492279053,0.6217616200447083,723,973500210,5,3
187001,1920,2805015,359041920,23520,0.6395833492279053,128,187000,0.7440729141235352,1920,17,3,500000,1000,,187001.0,0.6734374761581421,0.5933808088302612,0.643750011920929,0.6218693256378174,727,973500210,5,3
188001,1920,2820015,360961920,23520,0.643750011920929,128,188000,0.7481200695037842,1920,17,3,500000,1000,,188001.0,0.6729166507720947,0.5933797359466553,0.6416666507720947,0.621569812297821,730,973500210,5,3
189001,1920,2835015,362881920,23520,0.6416666507720947,128,189000,0.7518219947814941,1920,17,3,500000,1000,,189001.0,0.671875,0.5933815240859985,0.637499988079071,0.6214308142662048,734,973500210,5,3
190001,1920,2850015,364801920,23520,0.637499988079071,128,190000,0.7555458545684814,1920,17,3,500000,1000,,190001.0,0.6734374761581421,0.5933811068534851,0.6395833492279053,0.6211245656013489,738,973500210,5,3
191001,1920,2865015,366721920,23520,0.6395833492279053,128,191000,0.7592916488647461,1920,17,3,500000,1000,,191001.0,0.6729166507720947,0.5933796167373657,0.6395833492279053,0.6215524077415466,742,973500210,5,3
192001,1920,2880015,368641920,23520,0.6395833492279053,128,192000,0.7630167007446289,1920,17,3,500000,1000,,192001.0,0.6729166507720947,0.5933805108070374,0.6395833492279053,0.6215858459472656,746,973500210,5,3
193001,1920,2895015,370561920,23520,0.6395833492279053,128,193000,0.7670528888702393,1920,17,3,500000,1000,,193001.0,0.6744791865348816,0.5933800339698792,0.643750011920929,0.6217672228813171,749,973500210,5,3
194001,1920,2910015,372481920,23520,0.643750011920929,128,194000,0.770845890045166,1920,17,3,500000,1000,,194001.0,0.6703125238418579,0.5933812856674194,0.6479166746139526,0.6217480897903442,753,973500210,5,3
195001,1920,2925015,374401920,23520,0.6479166746139526,128,195000,0.7746219635009766,1920,17,3,500000,1000,,195001.0,0.6723958253860474,0.5933793783187866,0.643750011920929,0.6215488314628601,757,973500210,5,3
196001,1920,2940015,376321920,23520,0.643750011920929,128,196000,0.77836012840271,1920,17,3,500000,1000,,196001.0,0.6713541746139526,0.5933773517608643,0.6458333134651184,0.6216413974761963,761,973500210,5,3
197001,1920,2955015,378241920,23520,0.6458333134651184,128,197000,0.7821450233459473,1920,17,3,500000,1000,,197001.0,0.6708333492279053,0.593377947807312,0.6416666507720947,0.6218903660774231,765,973500210,5,3
198001,1920,2970015,380161920,23520,0.6416666507720947,128,198000,0.7859170436859131,1920,17,3,500000,1000,,198001.0,0.6734374761581421,0.5933772325515747,0.6458333134651184,0.6218206286430359,768,973500210,5,3
199001,1920,2985015,382081920,23520,0.6458333134651184,128,199000,0.7897403240203857,1920,17,3,500000,1000,,199001.0,0.6723958253860474,0.5933796167373657,0.6458333134651184,0.6221593022346497,772,973500210,5,3
200001,1920,3000015,384001920,23520,0.6458333134651184,128,200000,0.7936432361602783,1920,17,3,500000,1000,,200001.0,0.6739583611488342,0.5933762788772583,0.6416666507720947,0.6220946907997131,776,973500210,5,3
201001,1920,3015015,385921920,23520,0.6416666507720947,128,201000,0.7973952293395996,1920,17,3,500000,1000,,201001.0,0.671875,0.5933735966682434,0.6458333134651184,0.6218425035476685,780,973500210,5,3
202001,1920,3030015,387841920,23520,0.6458333134651184,128,202000,0.8011081218719482,1920,17,3,500000,1000,,202001.0,0.6723958253860474,0.5933772325515747,0.6458333134651184,0.6216813921928406,784,973500210,5,3
203001,1920,3045015,389761920,23520,0.6458333134651184,128,203000,0.8048222064971924,1920,17,3,500000,1000,,203001.0,0.671875,0.5933765769004822,0.6416666507720947,0.6220281720161438,787,973500210,5,3
204001,1920,3060015,391681920,23520,0.6416666507720947,128,204000,0.8085882663726807,1920,17,3,500000,1000,,204001.0,0.6703125238418579,0.5933718085289001,0.6458333134651184,0.6220147013664246,791,973500210,5,3
205001,1920,3075015,393601920,23520,0.6458333134651184,128,205000,0.8131012916564941,1920,17,3,500000,1000,,205001.0,0.6713541746139526,0.5933734774589539,0.6458333134651184,0.6218705773353577,795,973500210,5,3
206001,1920,3090015,395521920,23520,0.6458333134651184,128,206000,0.8169302940368652,1920,17,3,500000,1000,,206001.0,0.6723958253860474,0.5933725833892822,0.6458333134651184,0.6214907765388489,799,973500210,5,3
207001,1920,3105015,397441920,23520,0.6458333134651184,128,207000,0.8208823204040527,1920,17,3,500000,1000,,207001.0,0.671875,0.5933718085289001,0.6458333134651184,0.6218578219413757,803,973500210,5,3
208001,1920,3120015,399361920,23520,0.6458333134651184,128,208000,0.8255343437194824,1920,17,3,500000,1000,,208001.0,0.671875,0.5933713912963867,0.6458333134651184,0.6218687295913696,807,973500210,5,3
209001,1920,3135015,401281920,23520,0.6458333134651184,128,209000,0.8292834758758545,1920,17,3,500000,1000,,209001.0,0.6723958253860474,0.5933710932731628,0.6416666507720947,0.6219349503517151,811,973500210,5,3
210001,1920,3150015,403201920,23520,0.6416666507720947,128,210000,0.8332915306091309,1920,17,3,500000,1000,,210001.0,0.6703125238418579,0.5933735370635986,0.643750011920929,0.6217811703681946,815,973500210,5,3
211001,1920,3165015,405121920,23520,0.643750011920929,128,211000,0.8384547233581543,1920,17,3,500000,1000,,211001.0,0.6739583611488342,0.593373715877533,0.6458333134651184,0.6217876672744751,819,973500210,5,3
212001,1920,3180015,407041920,23520,0.6458333134651184,128,212000,0.8427376747131348,1920,17,3,500000,1000,,212001.0,0.6713541746139526,0.5933735370635986,0.643750011920929,0.6216615438461304,823,973500210,5,3
213001,1920,3195015,408961920,23520,0.643750011920929,128,213000,0.8464984893798828,1920,17,3,500000,1000,,213001.0,0.6729166507720947,0.5933707356452942,0.643750011920929,0.6218724846839905,827,973500210,5,3
214001,1920,3210015,410881920,23520,0.643750011920929,128,214000,0.850494384765625,1920,17,3,500000,1000,,214001.0,0.6729166507720947,0.5933700203895569,0.6416666507720947,0.6217591762542725,831,973500210,5,3
215001,1920,3225015,412801920,23520,0.6416666507720947,128,215000,0.8542532920837402,1920,17,3,500000,1000,,215001.0,0.6708333492279053,0.5933697819709778,0.643750011920929,0.6219003200531006,835,973500210,5,3
216001,1920,3240015,414721920,23520,0.643750011920929,128,216000,0.8580131530761719,1920,17,3,500000,1000,,216001.0,0.6729166507720947,0.5933672189712524,0.643750011920929,0.6215360164642334,839,973500210,5,3
217001,1920,3255015,416641920,23520,0.643750011920929,128,217000,0.8618011474609375,1920,17,3,500000,1000,,217001.0,0.6739583611488342,0.5933693647384644,0.643750011920929,0.6217555999755859,843,973500210,5,3
218001,1920,3270015,418561920,23520,0.643750011920929,128,218000,0.8657629489898682,1920,17,3,500000,1000,,218001.0,0.6713541746139526,0.5933681726455688,0.643750011920929,0.6220049262046814,847,973500210,5,3
219001,1920,3285015,420481920,23520,0.643750011920929,128,219000,0.8701608180999756,1920,17,3,500000,1000,,219001.0,0.6723958253860474,0.5933687090873718,0.643750011920929,0.621841549873352,850,973500210,5,3
220001,1920,3300015,422401920,23520,0.643750011920929,128,220000,0.8742327690124512,1920,17,3,500000,1000,,220001.0,0.6729166507720947,0.5933694839477539,0.6416666507720947,0.6218917369842529,854,973500210,5,3
221001,1920,3315015,424321920,23520,0.6416666507720947,128,221000,0.8785016536712646,1920,17,3,500000,1000,,221001.0,0.6697916388511658,0.5933670401573181,0.6458333134651184,0.622042715549469,859,973500210,5,3
222001,1920,3330015,426241920,23520,0.6458333134651184,128,222000,0.8823065757751465,1920,17,3,500000,1000,,222001.0,0.6703125238418579,0.5933684706687927,0.6395833492279053,0.6219878792762756,862,973500210,5,3
223001,1920,3345015,428161920,23520,0.6395833492279053,128,223000,0.8861417770385742,1920,17,3,500000,1000,,223001.0,0.6739583611488342,0.5933634042739868,0.6395833492279053,0.6218636631965637,866,973500210,5,3
224001,1920,3360015,430081920,23520,0.6395833492279053,128,224000,0.8898746967315674,1920,17,3,500000,1000,,224001.0,0.6729166507720947,0.5933675765991211,0.6395833492279053,0.6217123866081238,870,973500210,5,3
225001,1920,3375015,432001920,23520,0.6395833492279053,128,225000,0.8936800956726074,1920,17,3,500000,1000,,225001.0,0.6739583611488342,0.593366265296936,0.6416666507720947,0.6216157078742981,874,973500210,5,3
226001,1920,3390015,433921920,23520,0.6416666507720947,128,226000,0.8975210189819336,1920,17,3,500000,1000,,226001.0,0.6723958253860474,0.5933662056922913,0.6458333134651184,0.6218507885932922,878,973500210,5,3
227001,1920,3405015,435841920,23520,0.6458333134651184,128,227000,0.9013171195983887,1920,17,3,500000,1000,,227001.0,0.6729166507720947,0.5933667421340942,0.6416666507720947,0.6215354800224304,882,973500210,5,3
228001,1920,3420015,437761920,23520,0.6416666507720947,128,228000,0.9050211906433105,1920,17,3,500000,1000,,228001.0,0.6729166507720947,0.5933650732040405,0.6416666507720947,0.6212556958198547,886,973500210,5,3
229001,1920,3435015,439681920,23520,0.6416666507720947,128,229000,0.9087371826171875,1920,17,3,500000,1000,,229001.0,0.6708333492279053,0.5933634638786316,0.643750011920929,0.6217327117919922,889,973500210,5,3
230001,1920,3450015,441601920,23520,0.643750011920929,128,230000,0.9125592708587646,1920,17,3,500000,1000,,230001.0,0.671875,0.5933621525764465,0.6395833492279053,0.6217970252037048,893,973500210,5,3
231001,1920,3465015,443521920,23520,0.6395833492279053,128,231000,0.9162702560424805,1920,17,3,500000,1000,,231001.0,0.6734374761581421,0.5933672785758972,0.637499988079071,0.6218752264976501,897,973500210,5,3
232001,1920,3480015,445441920,23520,0.637499988079071,128,232000,0.9201979637145996,1920,17,3,500000,1000,,232001.0,0.6723958253860474,0.5933622717857361,0.643750011920929,0.6219791769981384,901,973500210,5,3
233001,1920,3495015,447361920,23520,0.643750011920929,128,233000,0.9239418506622314,1920,17,3,500000,1000,,233001.0,0.6739583611488342,0.5933650732040405,0.643750011920929,0.6217945218086243,905,973500210,5,3
234001,1920,3510015,449281920,23520,0.643750011920929,128,234000,0.9279928207397461,1920,17,3,500000,1000,,234001.0,0.6723958253860474,0.5933654308319092,0.6416666507720947,0.6217727065086365,909,973500210,5,3
235001,1920,3525015,451201920,23520,0.6416666507720947,128,235000,0.9317207336425781,1920,17,3,500000,1000,,235001.0,0.671875,0.5933628082275391,0.6416666507720947,0.6218546628952026,912,973500210,5,3
236001,1920,3540015,453121920,23520,0.6416666507720947,128,236000,0.9354336261749268,1920,17,3,500000,1000,,236001.0,0.6729166507720947,0.5933626890182495,0.6416666507720947,0.6219828724861145,916,973500210,5,3
237001,1920,3555015,455041920,23520,0.6416666507720947,128,237000,0.939917802810669,1920,17,3,500000,1000,,237001.0,0.6734374761581421,0.5933635830879211,0.6416666507720947,0.621667742729187,920,973500210,5,3
238001,1920,3570015,456961920,23520,0.6416666507720947,128,238000,0.9439709186553955,1920,17,3,500000,1000,,238001.0,0.6723958253860474,0.5933598875999451,0.643750011920929,0.6218397617340088,924,973500210,5,3
239001,1920,3585015,458881920,23520,0.643750011920929,128,239000,0.9477078914642334,1920,17,3,500000,1000,,239001.0,0.6729166507720947,0.5933619737625122,0.6395833492279053,0.6216884851455688,928,973500210,5,3
240001,1920,3600015,460801920,23520,0.6395833492279053,128,240000,0.9514679908752441,1920,17,3,500000,1000,,240001.0,0.6729166507720947,0.5933706164360046,0.6416666507720947,0.6214941740036011,931,973500210,5,3
241001,1920,3615015,462721920,23520,0.6416666507720947,128,241000,0.955176830291748,1920,17,3,500000,1000,,241001.0,0.6723958253860474,0.593361496925354,0.643750011920929,0.6217998266220093,935,973500210,5,3
242001,1920,3630015,464641920,23520,0.643750011920929,128,242000,0.9591126441955566,1920,17,3,500000,1000,,242001.0,0.6755208373069763,0.593360185623169,0.6416666507720947,0.6220577359199524,939,973500210,5,3
243001,1920,3645015,466561920,23520,0.6416666507720947,128,243000,0.9628415107727051,1920,17,3,500000,1000,,243001.0,0.6744791865348816,0.5933641791343689,0.6395833492279053,0.6218343377113342,943,973500210,5,3
244001,1920,3660015,468481920,23520,0.6395833492279053,128,244000,0.9665553569793701,1920,17,3,500000,1000,,244001.0,0.6729166507720947,0.5933681130409241,0.6395833492279053,0.6215158104896545,947,973500210,5,3
245001,1920,3675015,470401920,23520,0.6395833492279053,128,245000,0.9702925682067871,1920,17,3,500000,1000,,245001.0,0.6739583611488342,0.5933637619018555,0.643750011920929,0.6220142245292664,950,973500210,5,3
246001,1920,3690015,472321920,23520,0.643750011920929,128,246000,0.9740145206451416,1920,17,3,500000,1000,,246001.0,0.6734374761581421,0.5933579802513123,0.6416666507720947,0.6217444539070129,954,973500210,5,3
247001,1920,3705015,474241920,23520,0.6416666507720947,128,247000,0.9777445793151855,1920,17,3,500000,1000,,247001.0,0.6739583611488342,0.5933622717857361,0.643750011920929,0.6220552325248718,958,973500210,5,3
248001,1920,3720015,476161920,23520,0.643750011920929,128,248000,0.9814605712890625,1920,17,3,500000,1000,,248001.0,0.6729166507720947,0.5933589935302734,0.643750011920929,0.6218356490135193,962,973500210,5,3
249001,1920,3735015,478081920,23520,0.643750011920929,128,249000,0.9851686954498291,1920,17,3,500000,1000,,249001.0,0.6723958253860474,0.5933586359024048,0.6416666507720947,0.6221667528152466,966,973500210,5,3
250001,1920,3750015,480001920,23520,0.6416666507720947,128,250000,0.988919734954834,1920,17,3,500000,1000,,250001.0,0.6729166507720947,0.5933617353439331,0.643750011920929,0.6219536066055298,969,973500210,5,3
251001,1920,3765015,481921920,23520,0.643750011920929,128,251000,0.9929976463317871,1920,17,3,500000,1000,,251001.0,0.6723958253860474,0.5933577418327332,0.643750011920929,0.6218430399894714,973,973500210,5,3
252001,1920,3780015,483841920,23520,0.643750011920929,128,252000,0.9970536231994629,1920,17,3,500000,1000,,252001.0,0.6713541746139526,0.5933607220649719,0.6395833492279053,0.6217887997627258,977,973500210,5,3
253001,1920,3795015,485761920,23520,0.6395833492279053,128,253000,1.0008795261383057,1920,17,3,500000,1000,,253001.0,0.671875,0.5933603048324585,0.6416666507720947,0.6217599511146545,981,973500210,5,3
254001,1920,3810015,487681920,23520,0.6416666507720947,128,254000,1.0046336650848389,1920,17,3,500000,1000,,254001.0,0.6734374761581421,0.5933581590652466,0.6416666507720947,0.6216516494750977,985,973500210,5,3
255001,1920,3825015,489601920,23520,0.6416666507720947,128,255000,1.0084428787231445,1920,17,3,500000,1000,,255001.0,0.6729166507720947,0.5933574438095093,0.6416666507720947,0.6218231320381165,989,973500210,5,3
256001,1920,3840015,491521920,23520,0.6416666507720947,128,256000,1.012176752090454,1920,17,3,500000,1000,,256001.0,0.6729166507720947,0.5933546423912048,0.6416666507720947,0.6218491196632385,992,973500210,5,3
257001,1920,3855015,493441920,23520,0.6416666507720947,128,257000,1.0159785747528076,1920,17,3,500000,1000,,257001.0,0.671875,0.5933582186698914,0.6479166746139526,0.6216190457344055,996,973500210,5,3
258001,1920,3870015,495361920,23520,0.6479166746139526,128,258000,1.0197594165802002,1920,17,3,500000,1000,,258001.0,0.6734374761581421,0.5933609008789062,0.6458333134651184,0.6218327283859253,1000,973500210,5,3
259001,1920,3885015,497281920,23520,0.6458333134651184,128,259000,1.0234873294830322,1920,17,3,500000,1000,,259001.0,0.6739583611488342,0.5933576822280884,0.643750011920929,0.6219995617866516,1004,973500210,5,3
260001,1920,3900015,499201920,23520,0.643750011920929,128,260000,1.028233528137207,1920,17,3,500000,1000,,260001.0,0.6739583611488342,0.5933542847633362,0.643750011920929,0.6219545006752014,1007,973500210,5,3
261001,1920,3915015,501121920,23520,0.643750011920929,128,261000,1.032010555267334,1920,17,3,500000,1000,,261001.0,0.6744791865348816,0.5933545231819153,0.6416666507720947,0.6218070387840271,1011,973500210,5,3
262001,1920,3930015,503041920,23520,0.6416666507720947,128,262000,1.0357556343078613,1920,17,3,500000,1000,,262001.0,0.6739583611488342,0.5933582186698914,0.643750011920929,0.6216481924057007,1015,973500210,5,3
263001,1920,3945015,504961920,23520,0.643750011920929,128,263000,1.0394854545593262,1920,17,3,500000,1000,,263001.0,0.6734374761581421,0.5933570265769958,0.643750011920929,0.6216295957565308,1019,973500210,5,3
264001,1920,3960015,506881920,23520,0.643750011920929,128,264000,1.0432324409484863,1920,17,3,500000,1000,,264001.0,0.6713541746139526,0.5933551788330078,0.6479166746139526,0.621826171875,1023,973500210,5,3
265001,1920,3975015,508801920,23520,0.6479166746139526,128,265000,1.046959638595581,1920,17,3,500000,1000,,265001.0,0.6723958253860474,0.5933536291122437,0.6458333134651184,0.6219580769538879,1026,973500210,5,3
266001,1920,3990015,510721920,23520,0.6458333134651184,128,266000,1.0506978034973145,1920,17,3,500000,1000,,266001.0,0.6729166507720947,0.5933546423912048,0.643750011920929,0.6215357184410095,1030,973500210,5,3
267001,1920,4005015,512641920,23520,0.643750011920929,128,267000,1.0544519424438477,1920,17,3,500000,1000,,267001.0,0.6723958253860474,0.5933542251586914,0.6416666507720947,0.621597170829773,1034,973500210,5,3
268001,1920,4020015,514561920,23520,0.6416666507720947,128,268000,1.0581977367401123,1920,17,3,500000,1000,,268001.0,0.6723958253860474,0.5933533906936646,0.643750011920929,0.6216844916343689,1038,973500210,5,3
269001,1920,4035015,516481920,23520,0.643750011920929,128,269000,1.0620307922363281,1920,17,3,500000,1000,,269001.0,0.6723958253860474,0.5933544039726257,0.6395833492279053,0.6218172907829285,1042,973500210,5,3
270001,1920,4050015,518401920,23520,0.6395833492279053,128,270000,1.0663535594940186,1920,17,3,500000,1000,,270001.0,0.6713541746139526,0.5933573842048645,0.6479166746139526,0.6215778589248657,1046,973500210,5,3
271001,1920,4065015,520321920,23520,0.6479166746139526,128,271000,1.070075511932373,1920,17,3,500000,1000,,271001.0,0.6729166507720947,0.593351423740387,0.6479166746139526,0.6218031048774719,1049,973500210,5,3
272001,1920,4080015,522241920,23520,0.6479166746139526,128,272000,1.074235439300537,1920,17,3,500000,1000,,272001.0,0.6729166507720947,0.5933545231819153,0.6416666507720947,0.6217482089996338,1054,973500210,5,3
273001,1920,4095015,524161920,23520,0.6416666507720947,128,273000,1.0780115127563477,1920,17,3,500000,1000,,273001.0,0.6729166507720947,0.5933500528335571,0.643750011920929,0.6217454075813293,1058,973500210,5,3
274001,1920,4110015,526081920,23520,0.643750011920929,128,274000,1.082254409790039,1920,17,3,500000,1000,,274001.0,0.6734374761581421,0.5933512449264526,0.643750011920929,0.6216272115707397,1062,973500210,5,3
275001,1920,4125015,528001920,23520,0.643750011920929,128,275000,1.0860323905944824,1920,17,3,500000,1000,,275001.0,0.6734374761581421,0.5933530330657959,0.643750011920929,0.6215996146202087,1066,973500210,5,3
276001,1920,4140015,529921920,23520,0.643750011920929,128,276000,1.0897634029388428,1920,17,3,500000,1000,,276001.0,0.6744791865348816,0.5933550000190735,0.643750011920929,0.6219222545623779,1069,973500210,5,3
277001,1920,4155015,531841920,23520,0.643750011920929,128,277000,1.0936992168426514,1920,17,3,500000,1000,,277001.0,0.671875,0.593351423740387,0.6458333134651184,0.6220800280570984,1073,973500210,5,3
278001,1920,4170015,533761920,23520,0.6458333134651184,128,278000,1.0974032878875732,1920,17,3,500000,1000,,278001.0,0.6708333492279053,0.5933516621589661,0.643750011920929,0.6218117475509644,1077,973500210,5,3
279001,1920,4185015,535681920,23520,0.643750011920929,128,279000,1.1011123657226562,1920,17,3,500000,1000,,279001.0,0.671875,0.5933516025543213,0.6458333134651184,0.6220341920852661,1081,973500210,5,3
280001,1920,4200015,537601920,23520,0.6458333134651184,128,280000,1.104790210723877,1920,17,3,500000,1000,,280001.0,0.6708333492279053,0.593358039855957,0.643750011920929,0.6219446659088135,1084,973500210,5,3
281001,1920,4215015,539521920,23520,0.643750011920929,128,281000,1.1085741519927979,1920,17,3,500000,1000,,281001.0,0.6708333492279053,0.5933511853218079,0.6458333134651184,0.6217777132987976,1088,973500210,5,3
282001,1920,4230015,541441920,23520,0.6458333134651184,128,282000,1.11232590675354,1920,17,3,500000,1000,,282001.0,0.6734374761581421,0.593348503112793,0.6416666507720947,0.6219598054885864,1092,973500210,5,3
283001,1920,4245015,543361920,23520,0.6416666507720947,128,283000,1.1160788536071777,1920,17,3,500000,1000,,283001.0,0.671875,0.5933473110198975,0.643750011920929,0.6219497919082642,1096,973500210,5,3
284001,1920,4260015,545281920,23520,0.643750011920929,128,284000,1.1198229789733887,1920,17,3,500000,1000,,284001.0,0.6729166507720947,0.5933535099029541,0.643750011920929,0.621696412563324,1100,973500210,5,3
285001,1920,4275015,547201920,23520,0.643750011920929,128,285000,1.1236329078674316,1920,17,3,500000,1000,,285001.0,0.6713541746139526,0.5933523178100586,0.643750011920929,0.6217833757400513,1103,973500210,5,3
286001,1920,4290015,549121920,23520,0.643750011920929,128,286000,1.127410888671875,1920,17,3,500000,1000,,286001.0,0.6729166507720947,0.5933496952056885,0.6416666507720947,0.6220946907997131,1107,973500210,5,3
287001,1920,4305015,551041920,23520,0.6416666507720947,128,287000,1.1311538219451904,1920,17,3,500000,1000,,287001.0,0.6734374761581421,0.5933514833450317,0.643750011920929,0.6221650242805481,1111,973500210,5,3
288001,1920,4320015,552961920,23520,0.643750011920929,128,288000,1.1348867416381836,1920,17,3,500000,1000,,288001.0,0.6734374761581421,0.5933488607406616,0.6479166746139526,0.622156023979187,1115,973500210,5,3
289001,1920,4335015,554881920,23520,0.6479166746139526,128,289000,1.1385908126831055,1920,17,3,500000,1000,,289001.0,0.6739583611488342,0.5933526754379272,0.643750011920929,0.6217531561851501,1119,973500210,5,3
290001,1920,4350015,556801920,23520,0.643750011920929,128,290000,1.1423437595367432,1920,17,3,500000,1000,,290001.0,0.671875,0.5933478474617004,0.6458333134651184,0.6220576167106628,1122,973500210,5,3
291001,1920,4365015,558721920,23520,0.6458333134651184,128,291000,1.1460657119750977,1920,17,3,500000,1000,,291001.0,0.6734374761581421,0.5933475494384766,0.643750011920929,0.6220017075538635,1126,973500210,5,3
292001,1920,4380015,560641920,23520,0.643750011920929,128,292000,1.14988374710083,1920,17,3,500000,1000,,292001.0,0.6734374761581421,0.5933501124382019,0.643750011920929,0.6220422983169556,1130,973500210,5,3
293001,1920,4395015,562561920,23520,0.643750011920929,128,293000,1.1539945602416992,1920,17,3,500000,1000,,293001.0,0.6734374761581421,0.5933462381362915,0.6458333134651184,0.6221598982810974,1134,973500210,5,3
294001,1920,4410015,564481920,23520,0.6458333134651184,128,294000,1.1577305793762207,1920,17,3,500000,1000,,294001.0,0.671875,0.5933530330657959,0.643750011920929,0.6223151683807373,1138,973500210,5,3
295001,1920,4425015,566401920,23520,0.643750011920929,128,295000,1.1615355014801025,1920,17,3,500000,1000,,295001.0,0.6744791865348816,0.5933464169502258,0.643750011920929,0.6219159960746765,1142,973500210,5,3
296001,1920,4440015,568321920,23520,0.643750011920929,128,296000,1.1657865047454834,1920,17,3,500000,1000,,296001.0,0.6734374761581421,0.5933490991592407,0.6479166746139526,0.6217138767242432,1146,973500210,5,3
297001,1920,4455015,570241920,23520,0.6479166746139526,128,297000,1.169600486755371,1920,17,3,500000,1000,,297001.0,0.6729166507720947,0.5933462977409363,0.643750011920929,0.6219243407249451,1150,973500210,5,3
298001,1920,4470015,572161920,23520,0.643750011920929,128,298000,1.173424482345581,1920,17,3,500000,1000,,298001.0,0.6734374761581421,0.5933491587638855,0.643750011920929,0.6220200657844543,1154,973500210,5,3
299001,1920,4485015,574081920,23520,0.643750011920929,128,299000,1.1771554946899414,1920,17,3,500000,1000,,299001.0,0.6723958253860474,0.5933496356010437,0.643750011920929,0.6217967867851257,1157,973500210,5,3
300001,1920,4500015,576001920,23520,0.643750011920929,128,300000,1.1809496879577637,1920,17,3,500000,1000,,300001.0,0.6723958253860474,0.5933467745780945,0.6458333134651184,0.6220928430557251,1161,973500210,5,3
301001,1920,4515015,577921920,23520,0.6458333134651184,128,301000,1.1851744651794434,1920,17,3,500000,1000,,301001.0,0.671875,0.5933449864387512,0.6416666507720947,0.6219818592071533,1165,973500210,5,3
302001,1920,4530015,579841920,23520,0.6416666507720947,128,302000,1.1891131401062012,1920,17,3,500000,1000,,302001.0,0.671875,0.5933489203453064,0.643750011920929,0.6219068169593811,1169,973500210,5,3
303001,1920,4545015,581761920,23520,0.643750011920929,128,303000,1.1928441524505615,1920,17,3,500000,1000,,303001.0,0.671875,0.5933563113212585,0.643750011920929,0.6217014789581299,1173,973500210,5,3
304001,1920,4560015,583681920,23520,0.643750011920929,128,304000,1.1968231201171875,1920,17,3,500000,1000,,304001.0,0.6723958253860474,0.5933517813682556,0.6458333134651184,0.6216629147529602,1176,973500210,5,3
305001,1920,4575015,585601920,23520,0.6458333134651184,128,305000,1.2005350589752197,1920,17,3,500000,1000,,305001.0,0.6723958253860474,0.5933465361595154,0.6458333134651184,0.6221743226051331,1180,973500210,5,3
306001,1920,4590015,587521920,23520,0.6458333134651184,128,306000,1.204258918762207,1920,17,3,500000,1000,,306001.0,0.6729166507720947,0.5933454632759094,0.6479166746139526,0.6220554709434509,1184,973500210,5,3
307001,1920,4605015,589441920,23520,0.6479166746139526,128,307000,1.2079579830169678,1920,17,3,500000,1000,,307001.0,0.6744791865348816,0.5933484435081482,0.6458333134651184,0.6217085719108582,1188,973500210,5,3
308001,1920,4620015,591361920,23520,0.6458333134651184,128,308000,1.211698055267334,1920,17,3,500000,1000,,308001.0,0.6729166507720947,0.5933495163917542,0.6458333134651184,0.6214900612831116,1192,973500210,5,3
309001,1920,4635015,593281920,23520,0.6458333134651184,128,309000,1.215712070465088,1920,17,3,500000,1000,,309001.0,0.6729166507720947,0.5933440923690796,0.6458333134651184,0.621608316898346,1196,973500210,5,3
310001,1920,4650015,595201920,23520,0.6458333134651184,128,310000,1.2195000648498535,1920,17,3,500000,1000,,310001.0,0.6723958253860474,0.5933458805084229,0.6416666507720947,0.6217619180679321,1199,973500210,5,3
311001,1920,4665015,597121920,23520,0.6416666507720947,128,311000,1.2232346534729004,1920,17,3,500000,1000,,311001.0,0.6739583611488342,0.5933449268341064,0.643750011920929,0.6219719052314758,1203,973500210,5,3
312001,1920,4680015,599041920,23520,0.643750011920929,128,312000,1.2269465923309326,1920,17,3,500000,1000,,312001.0,0.6729166507720947,0.5933435559272766,0.6479166746139526,0.621871292591095,1207,973500210,5,3
313001,1920,4695015,600961920,23520,0.6479166746139526,128,313000,1.2308323383331299,1920,17,3,500000,1000,,313001.0,0.6739583611488342,0.5933464169502258,0.6458333134651184,0.6218845248222351,1211,973500210,5,3
314001,1920,4710015,602881920,23520,0.6458333134651184,128,314000,1.2347824573516846,1920,17,3,500000,1000,,314001.0,0.6739583611488342,0.5933513045310974,0.643750011920929,0.6220680475234985,1215,973500210,5,3
315001,1920,4725015,604801920,23520,0.643750011920929,128,315000,1.2390642166137695,1920,17,3,500000,1000,,315001.0,0.671875,0.593349277973175,0.6479166746139526,0.6221824884414673,1219,973500210,5,3
316001,1920,4740015,606721920,23520,0.6479166746139526,128,316000,1.2429461479187012,1920,17,3,500000,1000,,316001.0,0.6734374761581421,0.5933471918106079,0.6479166746139526,0.6218286156654358,1223,973500210,5,3
317001,1920,4755015,608641920,23520,0.6479166746139526,128,317000,1.2468650341033936,1920,17,3,500000,1000,,317001.0,0.6729166507720947,0.5933406949043274,0.643750011920929,0.6220605969429016,1226,973500210,5,3
318001,1920,4770015,610561920,23520,0.643750011920929,128,318000,1.2505707740783691,1920,17,3,500000,1000,,318001.0,0.6734374761581421,0.5933431386947632,0.6458333134651184,0.6223690509796143,1230,973500210,5,3
319001,1920,4785015,612481920,23520,0.6458333134651184,128,319000,1.2543578147888184,1920,17,3,500000,1000,,319001.0,0.6744791865348816,0.593342125415802,0.643750011920929,0.6218944787979126,1234,973500210,5,3
320001,1920,4800015,614401920,23520,0.643750011920929,128,320000,1.258056640625,1920,17,3,500000,1000,,320001.0,0.6744791865348816,0.5933420658111572,0.643750011920929,0.6219464540481567,1238,973500210,5,3
321001,1920,4815015,616321920,23520,0.643750011920929,128,321000,1.2617855072021484,1920,17,3,500000,1000,,321001.0,0.6734374761581421,0.5933434963226318,0.6416666507720947,0.622188150882721,1242,973500210,5,3
322001,1920,4830015,618241920,23520,0.6416666507720947,128,322000,1.2654955387115479,1920,17,3,500000,1000,,322001.0,0.6723958253860474,0.5933437347412109,0.643750011920929,0.6215869188308716,1245,973500210,5,3
323001,1920,4845015,620161920,23520,0.643750011920929,128,323000,1.269202470779419,1920,17,3,500000,1000,,323001.0,0.6744791865348816,0.5933420062065125,0.643750011920929,0.6218687295913696,1249,973500210,5,3
324001,1920,4860015,622081920,23520,0.643750011920929,128,324000,1.2729804515838623,1920,17,3,500000,1000,,324001.0,0.6739583611488342,0.5933414697647095,0.643750011920929,0.6218094229698181,1253,973500210,5,3
325001,1920,4875015,624001920,23520,0.643750011920929,128,325000,1.276787519454956,1920,17,3,500000,1000,,325001.0,0.6744791865348816,0.5933421850204468,0.643750011920929,0.6221892237663269,1257,973500210,5,3
326001,1920,4890015,625921920,23520,0.643750011920929,128,326000,1.2804985046386719,1920,17,3,500000,1000,,326001.0,0.6739583611488342,0.5933454036712646,0.6479166746139526,0.6219511032104492,1260,973500210,5,3
327001,1920,4905015,627841920,23520,0.6479166746139526,128,327000,1.2842085361480713,1920,17,3,500000,1000,,327001.0,0.6713541746139526,0.5933420062065125,0.6458333134651184,0.6218658089637756,1264,973500210,5,3
328001,1920,4920015,629761920,23520,0.6458333134651184,128,328000,1.2883045673370361,1920,17,3,500000,1000,,328001.0,0.6739583611488342,0.5933417677879333,0.643750011920929,0.6220086216926575,1268,973500210,5,3
329001,1920,4935015,631681920,23520,0.643750011920929,128,329000,1.292022705078125,1920,17,3,500000,1000,,329001.0,0.6708333492279053,0.5933451056480408,0.6458333134651184,0.622173547744751,1272,973500210,5,3
330001,1920,4950015,633601920,23520,0.6458333134651184,128,330000,1.2958009243011475,1920,17,3,500000,1000,,330001.0,0.6739583611488342,0.5933420658111572,0.6458333134651184,0.6221705079078674,1276,973500210,5,3
331001,1920,4965015,635521920,23520,0.6458333134651184,128,331000,1.2995247840881348,1920,17,3,500000,1000,,331001.0,0.6713541746139526,0.5933409333229065,0.643750011920929,0.6222416758537292,1279,973500210,5,3
332001,1920,4980015,637441920,23520,0.643750011920929,128,332000,1.3032488822937012,1920,17,3,500000,1000,,332001.0,0.6734374761581421,0.5933428406715393,0.6458333134651184,0.6219877004623413,1283,973500210,5,3
333001,1920,4995015,639361920,23520,0.6458333134651184,128,333000,1.3069767951965332,1920,17,3,500000,1000,,333001.0,0.6723958253860474,0.593341052532196,0.643750011920929,0.6222665309906006,1287,973500210,5,3
334001,1920,5010015,641281920,23520,0.643750011920929,128,334000,1.3106908798217773,1920,17,3,500000,1000,,334001.0,0.671875,0.593339204788208,0.6416666507720947,0.6222289800643921,1291,973500210,5,3
335001,1920,5025015,643201920,23520,0.6416666507720947,128,335000,1.3144640922546387,1920,17,3,500000,1000,,335001.0,0.6734374761581421,0.5933417081832886,0.643750011920929,0.6218783259391785,1294,973500210,5,3
336001,1920,5040015,645121920,23520,0.643750011920929,128,336000,1.3181910514831543,1920,17,3,500000,1000,,336001.0,0.6734374761581421,0.593341588973999,0.643750011920929,0.6220462322235107,1298,973500210,5,3
337001,1920,5055015,647041920,23520,0.643750011920929,128,337000,1.3219010829925537,1920,17,3,500000,1000,,337001.0,0.6729166507720947,0.5933399200439453,0.643750011920929,0.6220820546150208,1302,973500210,5,3
338001,1920,5070015,648961920,23520,0.643750011920929,128,338000,1.325639009475708,1920,17,3,500000,1000,,338001.0,0.6713541746139526,0.593341588973999,0.6479166746139526,0.6219401955604553,1306,973500210,5,3
339001,1920,5085015,650881920,23520,0.6479166746139526,128,339000,1.3293769359588623,1920,17,3,500000,1000,,339001.0,0.6729166507720947,0.5933435559272766,0.643750011920929,0.6223834753036499,1310,973500210,5,3
340001,1920,5100015,652801920,23520,0.643750011920929,128,340000,1.3330960273742676,1920,17,3,500000,1000,,340001.0,0.6734374761581421,0.5933391451835632,0.6416666507720947,0.6221806406974792,1313,973500210,5,3
341001,1920,5115015,654721920,23520,0.6416666507720947,128,341000,1.3371939659118652,1920,17,3,500000,1000,,341001.0,0.6713541746139526,0.5933387875556946,0.6458333134651184,0.6218301057815552,1317,973500210,5,3
342001,1920,5130015,656641920,23520,0.6458333134651184,128,342000,1.3414208889007568,1920,17,3,500000,1000,,342001.0,0.6734374761581421,0.5933401584625244,0.6458333134651184,0.6217182278633118,1321,973500210,5,3
343001,1920,5145015,658561920,23520,0.6458333134651184,128,343000,1.3451569080352783,1920,17,3,500000,1000,,343001.0,0.671875,0.5933409929275513,0.6479166746139526,0.6218413710594177,1325,973500210,5,3
344001,1920,5160015,660481920,23520,0.6479166746139526,128,344000,1.3489370346069336,1920,17,3,500000,1000,,344001.0,0.671875,0.5933395624160767,0.6458333134651184,0.621842086315155,1329,973500210,5,3
345001,1920,5175015,662401920,23520,0.6458333134651184,128,345000,1.3526709079742432,1920,17,3,500000,1000,,345001.0,0.6734374761581421,0.5933418869972229,0.6458333134651184,0.6216975450515747,1333,973500210,5,3
346001,1920,5190015,664321920,23520,0.6458333134651184,128,346000,1.3564448356628418,1920,17,3,500000,1000,,346001.0,0.6744791865348816,0.5933441519737244,0.643750011920929,0.6219651699066162,1336,973500210,5,3
347001,1920,5205015,666241920,23520,0.643750011920929,128,347000,1.3602266311645508,1920,17,3,500000,1000,,347001.0,0.6734374761581421,0.5933404564857483,0.6458333134651184,0.6217138767242432,1340,973500210,5,3
348001,1920,5220015,668161920,23520,0.6458333134651184,128,348000,1.3639376163482666,1920,17,3,500000,1000,,348001.0,0.6739583611488342,0.5933424830436707,0.6479166746139526,0.6216173768043518,1344,973500210,5,3
349001,1920,5235015,670081920,23520,0.6479166746139526,128,349000,1.367607593536377,1920,17,3,500000,1000,,349001.0,0.671875,0.5933443903923035,0.6458333134651184,0.6219054460525513,1348,973500210,5,3
350001,1920,5250015,672001920,23520,0.6458333134651184,128,350000,1.3713994026184082,1920,17,3,500000,1000,,350001.0,0.6734374761581421,0.5933406352996826,0.6458333134651184,0.6217323541641235,1352,973500210,5,3
351001,1920,5265015,673921920,23520,0.6458333134651184,128,351000,1.3753242492675781,1920,17,3,500000,1000,,351001.0,0.671875,0.5933417081832886,0.6416666507720947,0.6219241619110107,1355,973500210,5,3
352001,1920,5280015,675841920,23520,0.6416666507720947,128,352000,1.3791489601135254,1920,17,3,500000,1000,,352001.0,0.6723958253860474,0.5933400392532349,0.6458333134651184,0.6216350793838501,1359,973500210,5,3
353001,1920,5295015,677761920,23520,0.6458333134651184,128,353000,1.3828752040863037,1920,17,3,500000,1000,,353001.0,0.6729166507720947,0.5933382511138916,0.643750011920929,0.621939480304718,1363,973500210,5,3
354001,1920,5310015,679681920,23520,0.643750011920929,128,354000,1.3865749835968018,1920,17,3,500000,1000,,354001.0,0.6734374761581421,0.5933367609977722,0.6416666507720947,0.62190842628479,1367,973500210,5,3
355001,1920,5325015,681601920,23520,0.6416666507720947,128,355000,1.3902661800384521,1920,17,3,500000,1000,,355001.0,0.6734374761581421,0.5933414101600647,0.643750011920929,0.6221546530723572,1370,973500210,5,3
356001,1920,5340015,683521920,23520,0.643750011920929,128,356000,1.3941872119903564,1920,17,3,500000,1000,,356001.0,0.671875,0.5933407545089722,0.6416666507720947,0.6220827698707581,1374,973500210,5,3
357001,1920,5355015,685441920,23520,0.6416666507720947,128,357000,1.3979151248931885,1920,17,3,500000,1000,,357001.0,0.6734374761581421,0.5933478474617004,0.643750011920929,0.621918261051178,1378,973500210,5,3
358001,1920,5370015,687361920,23520,0.643750011920929,128,358000,1.4016220569610596,1920,17,3,500000,1000,,358001.0,0.671875,0.5933437943458557,0.6416666507720947,0.6220046877861023,1382,973500210,5,3
359001,1920,5385015,689281920,23520,0.6416666507720947,128,359000,1.405325174331665,1920,17,3,500000,1000,,359001.0,0.6734374761581421,0.5933388471603394,0.643750011920929,0.6220397353172302,1386,973500210,5,3
360001,1920,5400015,691201920,23520,0.643750011920929,128,360000,1.409045934677124,1920,17,3,500000,1000,,360001.0,0.6734374761581421,0.5933416485786438,0.6395833492279053,0.6220872402191162,1389,973500210,5,3
361001,1920,5415015,693121920,23520,0.6395833492279053,128,361000,1.412822961807251,1920,17,3,500000,1000,,361001.0,0.6723958253860474,0.5933387875556946,0.6416666507720947,0.6220644116401672,1393,973500210,5,3
362001,1920,5430015,695041920,23520,0.6416666507720947,128,362000,1.4166126251220703,1920,17,3,500000,1000,,362001.0,0.6729166507720947,0.5933353304862976,0.643750011920929,0.622241199016571,1397,973500210,5,3
363001,1920,5445015,696961920,23520,0.643750011920929,128,363000,1.4207267761230469,1920,17,3,500000,1000,,363001.0,0.6729166507720947,0.5933370590209961,0.643750011920929,0.6218763589859009,1401,973500210,5,3
364001,1920,5460015,698881920,23520,0.643750011920929,128,364000,1.4244539737701416,1920,17,3,500000,1000,,364001.0,0.6729166507720947,0.5933360457420349,0.6458333134651184,0.6217874884605408,1405,973500210,5,3
365001,1920,5475015,700801920,23520,0.6458333134651184,128,365000,1.4281749725341797,1920,17,3,500000,1000,,365001.0,0.6744791865348816,0.5933405756950378,0.643750011920929,0.621925413608551,1409,973500210,5,3
366001,1920,5490015,702721920,23520,0.643750011920929,128,366000,1.4319219589233398,1920,17,3,500000,1000,,366001.0,0.6734374761581421,0.5933366417884827,0.6458333134651184,0.6216821074485779,1412,973500210,5,3
367001,1920,5505015,704641920,23520,0.6458333134651184,128,367000,1.4356648921966553,1920,17,3,500000,1000,,367001.0,0.6723958253860474,0.5933406949043274,0.6458333134651184,0.621653139591217,1416,973500210,5,3
368001,1920,5520015,706561920,23520,0.6458333134651184,128,368000,1.439385175704956,1920,17,3,500000,1000,,368001.0,0.671875,0.5933390855789185,0.6458333134651184,0.6216552257537842,1420,973500210,5,3
369001,1920,5535015,708481920,23520,0.6458333134651184,128,369000,1.4430999755859375,1920,17,3,500000,1000,,369001.0,0.6713541746139526,0.5933380722999573,0.6499999761581421,0.6215274333953857,1424,973500210,5,3
370001,1920,5550015,710401920,23520,0.6499999761581421,128,370000,1.4468097686767578,1920,17,3,500000,1000,,370001.0,0.6708333492279053,0.5933375954627991,0.643750011920929,0.6217270493507385,1428,973500210,5,3
371001,1920,5565015,712321920,23520,0.643750011920929,128,371000,1.4509937763214111,1920,17,3,500000,1000,,371001.0,0.6734374761581421,0.5933404564857483,0.6458333134651184,0.6217249631881714,1431,973500210,5,3
372001,1920,5580015,714241920,23520,0.6458333134651184,128,372000,1.4556639194488525,1920,17,3,500000,1000,,372001.0,0.6723958253860474,0.5933336019515991,0.643750011920929,0.6219361424446106,1435,973500210,5,3
373001,1920,5595015,716161920,23520,0.643750011920929,128,373000,1.4597008228302002,1920,17,3,500000,1000,,373001.0,0.6739583611488342,0.5933416485786438,0.643750011920929,0.621556282043457,1439,973500210,5,3
374001,1920,5610015,718081920,23520,0.643750011920929,128,374000,1.4634459018707275,1920,17,3,500000,1000,,374001.0,0.6739583611488342,0.5933358669281006,0.643750011920929,0.6218178272247314,1443,973500210,5,3
375001,1920,5625015,720001920,23520,0.643750011920929,128,375000,1.4671838283538818,1920,17,3,500000,1000,,375001.0,0.6734374761581421,0.5933365225791931,0.6416666507720947,0.6220776438713074,1447,973500210,5,3
376001,1920,5640015,721921920,23520,0.6416666507720947,128,376000,1.4709289073944092,1920,17,3,500000,1000,,376001.0,0.671875,0.5933365225791931,0.6458333134651184,0.6220148801803589,1451,973500210,5,3
377001,1920,5655015,723841920,23520,0.6458333134651184,128,377000,1.4747059345245361,1920,17,3,500000,1000,,377001.0,0.6723958253860474,0.5933317542076111,0.6458333134651184,0.6220011115074158,1455,973500210,5,3
378001,1920,5670015,725761920,23520,0.6458333134651184,128,378000,1.478442668914795,1920,17,3,500000,1000,,378001.0,0.6739583611488342,0.5933325290679932,0.643750011920929,0.6222047805786133,1459,973500210,5,3
379001,1920,5685015,727681920,23520,0.643750011920929,128,379000,1.4821677207946777,1920,17,3,500000,1000,,379001.0,0.6723958253860474,0.5933340787887573,0.643750011920929,0.6220284700393677,1462,973500210,5,3
380001,1920,5700015,729601920,23520,0.643750011920929,128,380000,1.4863786697387695,1920,17,3,500000,1000,,380001.0,0.6734374761581421,0.5933351516723633,0.643750011920929,0.621972918510437,1466,973500210,5,3
381001,1920,5715015,731521920,23520,0.643750011920929,128,381000,1.4901936054229736,1920,17,3,500000,1000,,381001.0,0.6729166507720947,0.59333735704422,0.6458333134651184,0.6219375729560852,1471,973500210,5,3
382001,1920,5730015,733441920,23520,0.6458333134651184,128,382000,1.4938817024230957,1920,17,3,500000,1000,,382001.0,0.6723958253860474,0.5933404564857483,0.643750011920929,0.621740460395813,1475,973500210,5,3
383001,1920,5745015,735361920,23520,0.643750011920929,128,383000,1.4975886344909668,1920,17,3,500000,1000,,383001.0,0.6729166507720947,0.5933358669281006,0.6458333134651184,0.6220018863677979,1478,973500210,5,3
384001,1920,5760015,737281920,23520,0.6458333134651184,128,384000,1.5027735233306885,1920,17,3,500000,1000,,384001.0,0.6739583611488342,0.5933343768119812,0.643750011920929,0.6222301721572876,1482,973500210,5,3
385001,1920,5775015,739201920,23520,0.643750011920929,128,385000,1.506467580795288,1920,17,3,500000,1000,,385001.0,0.6734374761581421,0.5933364033699036,0.6458333134651184,0.6219949126243591,1486,973500210,5,3
386001,1920,5790015,741121920,23520,0.6458333134651184,128,386000,1.5101134777069092,1920,17,3,500000,1000,,386001.0,0.6744791865348816,0.5933313965797424,0.6458333134651184,0.6220132112503052,1490,973500210,5,3
387001,1920,5805015,743041920,23520,0.6458333134651184,128,387000,1.5138015747070312,1920,17,3,500000,1000,,387001.0,0.6713541746139526,0.5933355689048767,0.6458333134651184,0.6221008896827698,1494,973500210,5,3
388001,1920,5820015,744961920,23520,0.6458333134651184,128,388000,1.517460584640503,1920,17,3,500000,1000,,388001.0,0.6713541746139526,0.5933324098587036,0.6458333134651184,0.6220272779464722,1498,973500210,5,3
389001,1920,5835015,746881920,23520,0.6458333134651184,128,389000,1.5211477279663086,1920,17,3,500000,1000,,389001.0,0.671875,0.5933312773704529,0.6479166746139526,0.6220425367355347,1501,973500210,5,3
390001,1920,5850015,748801920,23520,0.6479166746139526,128,390000,1.524824619293213,1920,17,3,500000,1000,,390001.0,0.6734374761581421,0.5933371782302856,0.6458333134651184,0.6217468976974487,1505,973500210,5,3
391001,1920,5865015,750721920,23520,0.6458333134651184,128,391000,1.528526782989502,1920,17,3,500000,1000,,391001.0,0.6729166507720947,0.5933348536491394,0.643750011920929,0.621945321559906,1509,973500210,5,3
392001,1920,5880015,752641920,23520,0.643750011920929,128,392000,1.5333385467529297,1920,17,3,500000,1000,,392001.0,0.675000011920929,0.5933364629745483,0.643750011920929,0.6220208406448364,1513,973500210,5,3
393001,1920,5895015,754561920,23520,0.643750011920929,128,393000,1.5373525619506836,1920,17,3,500000,1000,,393001.0,0.671875,0.5933340787887573,0.6416666507720947,0.621964156627655,1517,973500210,5,3
394001,1920,5910015,756481920,23520,0.6416666507720947,128,394000,1.5410687923431396,1920,17,3,500000,1000,,394001.0,0.6723958253860474,0.5933367609977722,0.6458333134651184,0.6220812201499939,1521,973500210,5,3
395001,1920,5925015,758401920,23520,0.6458333134651184,128,395000,1.5447580814361572,1920,17,3,500000,1000,,395001.0,0.6713541746139526,0.593333899974823,0.643750011920929,0.6220130920410156,1525,973500210,5,3
396001,1920,5940015,760321920,23520,0.643750011920929,128,396000,1.5484013557434082,1920,17,3,500000,1000,,396001.0,0.6713541746139526,0.5933344960212708,0.6458333134651184,0.621944785118103,1529,973500210,5,3
397001,1920,5955015,762241920,23520,0.6458333134651184,128,397000,1.5521023273468018,1920,17,3,500000,1000,,397001.0,0.6723958253860474,0.5933313965797424,0.643750011920929,0.6221188306808472,1532,973500210,5,3
398001,1920,5970015,764161920,23520,0.643750011920929,128,398000,1.5558042526245117,1920,17,3,500000,1000,,398001.0,0.6729166507720947,0.5933325886726379,0.6458333134651184,0.6222659945487976,1536,973500210,5,3
399001,1920,5985015,766081920,23520,0.6458333134651184,128,399000,1.5594491958618164,1920,17,3,500000,1000,,399001.0,0.6723958253860474,0.5933341979980469,0.6479166746139526,0.6219456791877747,1540,973500210,5,3
400001,1920,6000015,768001920,23520,0.6479166746139526,128,400000,1.563081979751587,1920,17,3,500000,1000,,400001.0,0.6729166507720947,0.593332827091217,0.6458333134651184,0.6220687031745911,1544,973500210,5,3
401001,1920,6015015,769921920,23520,0.6458333134651184,128,401000,1.5667781829833984,1920,17,3,500000,1000,,401001.0,0.6708333492279053,0.5933322310447693,0.6479166746139526,0.6219532489776611,1548,973500210,5,3
402001,1920,6030015,771841920,23520,0.6479166746139526,128,402000,1.570458173751831,1920,17,3,500000,1000,,402001.0,0.6739583611488342,0.593334972858429,0.6458333134651184,0.6219431757926941,1551,973500210,5,3
403001,1920,6045015,773761920,23520,0.6458333134651184,128,403000,1.5741121768951416,1920,17,3,500000,1000,,403001.0,0.671875,0.5933331847190857,0.6458333134651184,0.6221655607223511,1555,973500210,5,3
404001,1920,6060015,775681920,23520,0.6458333134651184,128,404000,1.5778090953826904,1920,17,3,500000,1000,,404001.0,0.6734374761581421,0.593334972858429,0.6458333134651184,0.6222923994064331,1559,973500210,5,3
405001,1920,6075015,777601920,23520,0.6458333134651184,128,405000,1.5814528465270996,1920,17,3,500000,1000,,405001.0,0.675000011920929,0.593331515789032,0.643750011920929,0.6222702860832214,1563,973500210,5,3
406001,1920,6090015,779521920,23520,0.643750011920929,128,406000,1.5851447582244873,1920,17,3,500000,1000,,406001.0,0.6734374761581421,0.5933301448822021,0.643750011920929,0.622188150882721,1567,973500210,5,3
407001,1920,6105015,781441920,23520,0.643750011920929,128,407000,1.58901047706604,1920,17,3,500000,1000,,407001.0,0.6703125238418579,0.5933331251144409,0.6479166746139526,0.6219260096549988,1571,973500210,5,3
408001,1920,6120015,783361920,23520,0.6479166746139526,128,408000,1.5927107334136963,1920,17,3,500000,1000,,408001.0,0.671875,0.5933315753936768,0.6458333134651184,0.6221606731414795,1574,973500210,5,3
409001,1920,6135015,785281920,23520,0.6458333134651184,128,409000,1.5963685512542725,1920,17,3,500000,1000,,409001.0,0.6744791865348816,0.5933310985565186,0.643750011920929,0.6222905516624451,1578,973500210,5,3
410001,1920,6150015,787201920,23520,0.643750011920929,128,410000,1.600090503692627,1920,17,3,500000,1000,,410001.0,0.6739583611488342,0.593329131603241,0.643750011920929,0.6219701766967773,1582,973500210,5,3
411001,1920,6165015,789121920,23520,0.643750011920929,128,411000,1.6037876605987549,1920,17,3,500000,1000,,411001.0,0.6739583611488342,0.593331515789032,0.6458333134651184,0.6222884654998779,1586,973500210,5,3
412001,1920,6180015,791041920,23520,0.6458333134651184,128,412000,1.6074976921081543,1920,17,3,500000,1000,,412001.0,0.671875,0.5933338403701782,0.6458333134651184,0.6219195127487183,1590,973500210,5,3
413001,1920,6195015,792961920,23520,0.6458333134651184,128,413000,1.611156702041626,1920,17,3,500000,1000,,413001.0,0.6734374761581421,0.59333336353302,0.6458333134651184,0.6218869686126709,1594,973500210,5,3
414001,1920,6210015,794881920,23520,0.6458333134651184,128,414000,1.6148269176483154,1920,17,3,500000,1000,,414001.0,0.671875,0.5933346152305603,0.6458333134651184,0.6219606995582581,1597,973500210,5,3
415001,1920,6225015,796801920,23520,0.6458333134651184,128,415000,1.6185147762298584,1920,17,3,500000,1000,,415001.0,0.6729166507720947,0.5933341383934021,0.6458333134651184,0.6219061613082886,1601,973500210,5,3
416001,1920,6240015,798721920,23520,0.6458333134651184,128,416000,1.6223526000976562,1920,17,3,500000,1000,,416001.0,0.6729166507720947,0.5933337807655334,0.6458333134651184,0.6219079494476318,1605,973500210,5,3
417001,1920,6255015,800641920,23520,0.6458333134651184,128,417000,1.6260795593261719,1920,17,3,500000,1000,,417001.0,0.6723958253860474,0.5933333039283752,0.643750011920929,0.6216766238212585,1609,973500210,5,3
418001,1920,6270015,802561920,23520,0.643750011920929,128,418000,1.6297647953033447,1920,17,3,500000,1000,,418001.0,0.6729166507720947,0.5933313369750977,0.643750011920929,0.6218522191047668,1613,973500210,5,3
419001,1920,6285015,804481920,23520,0.643750011920929,128,419000,1.6334717273712158,1920,17,3,500000,1000,,419001.0,0.6729166507720947,0.5933306217193604,0.6458333134651184,0.62208491563797,1617,973500210,5,3
420001,1920,6300015,806401920,23520,0.6458333134651184,128,420000,1.6371705532073975,1920,17,3,500000,1000,,420001.0,0.6739583611488342,0.5933303236961365,0.6458333134651184,0.6220378875732422,1621,973500210,5,3
421001,1920,6315015,808321920,23520,0.6458333134651184,128,421000,1.64365553855896,1920,17,3,500000,1000,,421001.0,0.6729166507720947,0.5933330655097961,0.643750011920929,0.6217213273048401,1625,973500210,5,3
422001,1920,6330015,810241920,23520,0.643750011920929,128,422000,1.6473593711853027,1920,17,3,500000,1000,,422001.0,0.6729166507720947,0.5933342576026917,0.643750011920929,0.6218305230140686,1629,973500210,5,3
423001,1920,6345015,812161920,23520,0.643750011920929,128,423000,1.6510653495788574,1920,17,3,500000,1000,,423001.0,0.6729166507720947,0.5933303236961365,0.6458333134651184,0.6218971014022827,1633,973500210,5,3
424001,1920,6360015,814081920,23520,0.6458333134651184,128,424000,1.654771089553833,1920,17,3,500000,1000,,424001.0,0.6713541746139526,0.5933323502540588,0.6479166746139526,0.62213534116745,1637,973500210,5,3
425001,1920,6375015,816001920,23520,0.6479166746139526,128,425000,1.65854811668396,1920,17,3,500000,1000,,425001.0,0.6739583611488342,0.5933327078819275,0.6458333134651184,0.6218189597129822,1642,973500210,5,3
426001,1920,6390015,817921920,23520,0.6458333134651184,128,426000,1.6622390747070312,1920,17,3,500000,1000,,426001.0,0.6729166507720947,0.5933352708816528,0.6458333134651184,0.6219692230224609,1646,973500210,5,3
427001,1920,6405015,819841920,23520,0.6458333134651184,128,427000,1.665937900543213,1920,17,3,500000,1000,,427001.0,0.671875,0.5933311581611633,0.6479166746139526,0.6221307516098022,1650,973500210,5,3
428001,1920,6420015,821761920,23520,0.6479166746139526,128,428000,1.6696059703826904,1920,17,3,500000,1000,,428001.0,0.6697916388511658,0.5933326482772827,0.643750011920929,0.6221489310264587,1654,973500210,5,3
429001,1920,6435015,823681920,23520,0.643750011920929,128,429000,1.6821889877319336,1920,17,3,500000,1000,,429001.0,0.6708333492279053,0.5933337807655334,0.6479166746139526,0.6218194365501404,1659,973500210,5,3
430001,1920,6450015,825601920,23520,0.6479166746139526,128,430000,1.6859948635101318,1920,17,3,500000,1000,,430001.0,0.671875,0.5933264493942261,0.6416666507720947,0.6217235326766968,1675,973500210,5,3
431001,1920,6465015,827521920,23520,0.6416666507720947,128,431000,1.6898608207702637,1920,17,3,500000,1000,,431001.0,0.6713541746139526,0.5933311581611633,0.643750011920929,0.6218206286430359,1693,973500210,5,3
432001,1920,6480015,829441920,23520,0.643750011920929,128,432000,1.6938414573669434,1920,17,3,500000,1000,,432001.0,0.6729166507720947,0.59333735704422,0.6458333134651184,0.6215771436691284,1701,973500210,5,3
433001,1920,6495015,831361920,23520,0.6458333134651184,128,433000,1.6975314617156982,1920,17,3,500000,1000,,433001.0,0.6723958253860474,0.5933336615562439,0.6416666507720947,0.6220892667770386,1705,973500210,5,3
434001,1920,6510015,833281920,23520,0.6416666507720947,128,434000,1.701237678527832,1920,17,3,500000,1000,,434001.0,0.6744791865348816,0.5933307409286499,0.6458333134651184,0.6215123534202576,1709,973500210,5,3
435001,1920,6525015,835201920,23520,0.6458333134651184,128,435000,1.704878807067871,1920,17,3,500000,1000,,435001.0,0.6723958253860474,0.5933295488357544,0.6458333134651184,0.6218474507331848,1712,973500210,5,3
436001,1920,6540015,837121920,23520,0.6458333134651184,128,436000,1.7085766792297363,1920,17,3,500000,1000,,436001.0,0.6713541746139526,0.5933302640914917,0.6458333134651184,0.621853768825531,1716,973500210,5,3
437001,1920,6555015,839041920,23520,0.6458333134651184,128,437000,1.712315559387207,1920,17,3,500000,1000,,437001.0,0.6729166507720947,0.5933355093002319,0.643750011920929,0.6215574145317078,1720,973500210,5,3
438001,1920,6570015,840961920,23520,0.643750011920929,128,438000,1.7161335945129395,1920,17,3,500000,1000,,438001.0,0.6723958253860474,0.5933300256729126,0.6458333134651184,0.6219637989997864,1724,973500210,5,3
439001,1920,6585015,842881920,23520,0.6458333134651184,128,439000,1.7198123931884766,1920,17,3,500000,1000,,439001.0,0.6729166507720947,0.5933290123939514,0.643750011920929,0.6221445798873901,1728,973500210,5,3
440001,1920,6600015,844801920,23520,0.643750011920929,128,440000,1.7235474586486816,1920,17,3,500000,1000,,440001.0,0.6729166507720947,0.593330979347229,0.6458333134651184,0.6218137145042419,1732,973500210,5,3
441001,1920,6615015,846721920,23520,0.6458333134651184,128,441000,1.7272064685821533,1920,17,3,500000,1000,,441001.0,0.6734374761581421,0.5933312177658081,0.6479166746139526,0.6218661069869995,1736,973500210,5,3
442001,1920,6630015,848641920,23520,0.6479166746139526,128,442000,1.7309045791625977,1920,17,3,500000,1000,,442001.0,0.6729166507720947,0.5933336019515991,0.6458333134651184,0.6216939091682434,1740,973500210,5,3
443001,1920,6645015,850561920,23520,0.6458333134651184,128,443000,1.7346055507659912,1920,17,3,500000,1000,,443001.0,0.6744791865348816,0.593328058719635,0.6458333134651184,0.6220805048942566,1744,973500210,5,3
444001,1920,6660015,852481920,23520,0.6458333134651184,128,444000,1.738229751586914,1920,17,3,500000,1000,,444001.0,0.6734374761581421,0.5933334231376648,0.643750011920929,0.622029185295105,1748,973500210,5,3
445001,1920,6675015,854401920,23520,0.643750011920929,128,445000,1.7418687343597412,1920,17,3,500000,1000,,445001.0,0.6734374761581421,0.5933287143707275,0.643750011920929,0.6220366358757019,1752,973500210,5,3
446001,1920,6690015,856321920,23520,0.643750011920929,128,446000,1.7455687522888184,1920,17,3,500000,1000,,446001.0,0.6739583611488342,0.5933263897895813,0.643750011920929,0.6221262812614441,1755,973500210,5,3
447001,1920,6705015,858241920,23520,0.643750011920929,128,447000,1.7492287158966064,1920,17,3,500000,1000,,447001.0,0.6739583611488342,0.5933247804641724,0.643750011920929,0.6220996975898743,1759,973500210,5,3
448001,1920,6720015,860161920,23520,0.643750011920929,128,448000,1.7528808116912842,1920,17,3,500000,1000,,448001.0,0.6739583611488342,0.5933269262313843,0.643750011920929,0.6219999194145203,1763,973500210,5,3
449001,1920,6735015,862081920,23520,0.643750011920929,128,449000,1.7566678524017334,1920,17,3,500000,1000,,449001.0,0.6729166507720947,0.5933254957199097,0.643750011920929,0.6221505999565125,1767,973500210,5,3
450001,1920,6750015,864001920,23520,0.643750011920929,128,450000,1.7604858875274658,1920,17,3,500000,1000,,450001.0,0.6739583611488342,0.5933292508125305,0.643750011920929,0.6220465898513794,1771,973500210,5,3
451001,1920,6765015,865921920,23520,0.643750011920929,128,451000,1.7641339302062988,1920,17,3,500000,1000,,451001.0,0.6713541746139526,0.5933274626731873,0.643750011920929,0.6220635175704956,1775,973500210,5,3
452001,1920,6780015,867841920,23520,0.643750011920929,128,452000,1.7678251266479492,1920,17,3,500000,1000,,452001.0,0.6729166507720947,0.5933250784873962,0.643750011920929,0.6219869256019592,1779,973500210,5,3
453001,1920,6795015,869761920,23520,0.643750011920929,128,453000,1.7715141773223877,1920,17,3,500000,1000,,453001.0,0.6729166507720947,0.593326210975647,0.6458333134651184,0.6222108602523804,1783,973500210,5,3
454001,1920,6810015,871681920,23520,0.6458333134651184,128,454000,1.7753181457519531,1920,17,3,500000,1000,,454001.0,0.6723958253860474,0.5933251976966858,0.6458333134651184,0.6219584345817566,1787,973500210,5,3
455001,1920,6825015,873601920,23520,0.6458333134651184,128,455000,1.7791249752044678,1920,17,3,500000,1000,,455001.0,0.6723958253860474,0.5933265089988708,0.643750011920929,0.6217467188835144,1791,973500210,5,3
456001,1920,6840015,875521920,23520,0.643750011920929,128,456000,1.7828049659729004,1920,17,3,500000,1000,,456001.0,0.6723958253860474,0.5933235287666321,0.643750011920929,0.6219062805175781,1795,973500210,5,3
457001,1920,6855015,877441920,23520,0.643750011920929,128,457000,1.7865920066833496,1920,17,3,500000,1000,,457001.0,0.6739583611488342,0.5933276414871216,0.643750011920929,0.6220554113388062,1799,973500210,5,3
458001,1920,6870015,879361920,23520,0.643750011920929,128,458000,1.7982938289642334,1920,17,3,500000,1000,,458001.0,0.6739583611488342,0.5933265686035156,0.643750011920929,0.6218788623809814,1803,973500210,5,3
459001,1920,6885015,881281920,23520,0.643750011920929,128,459000,1.8019940853118896,1920,17,3,500000,1000,,459001.0,0.6734374761581421,0.5933255553245544,0.6458333134651184,0.6221886277198792,1807,973500210,5,3
460001,1920,6900015,883201920,23520,0.6458333134651184,128,460000,1.8056912422180176,1920,17,3,500000,1000,,460001.0,0.675000011920929,0.5933287143707275,0.643750011920929,0.6219283938407898,1811,973500210,5,3
461001,1920,6915015,885121920,23520,0.643750011920929,128,461000,1.80938720703125,1920,17,3,500000,1000,,461001.0,0.6739583611488342,0.5933315753936768,0.643750011920929,0.6218052506446838,1815,973500210,5,3
462001,1920,6930015,887041920,23520,0.643750011920929,128,462000,1.8137803077697754,1920,17,3,500000,1000,,462001.0,0.675000011920929,0.5933315753936768,0.643750011920929,0.6218615174293518,1819,973500210,5,3
463001,1920,6945015,888961920,23520,0.643750011920929,128,463000,1.8174872398376465,1920,17,3,500000,1000,,463001.0,0.6734374761581421,0.5933277010917664,0.643750011920929,0.6221456527709961,1823,973500210,5,3
464001,1920,6960015,890881920,23520,0.643750011920929,128,464000,1.8211941719055176,1920,17,3,500000,1000,,464001.0,0.6729166507720947,0.5933288335800171,0.6458333134651184,0.6220884323120117,1827,973500210,5,3
465001,1920,6975015,892801920,23520,0.6458333134651184,128,465000,1.825199842453003,1920,17,3,500000,1000,,465001.0,0.6744791865348816,0.5933314561843872,0.6458333134651184,0.6221408247947693,1830,973500210,5,3
466001,1920,6990015,894721920,23520,0.6458333134651184,128,466000,1.8308370113372803,1920,17,3,500000,1000,,466001.0,0.6723958253860474,0.5933269262313843,0.643750011920929,0.6219990849494934,1834,973500210,5,3
467001,1920,7005015,896641920,23520,0.643750011920929,128,467000,1.8345580101013184,1920,17,3,500000,1000,,467001.0,0.671875,0.5933282375335693,0.6458333134651184,0.6220653653144836,1838,973500210,5,3
468001,1920,7020015,898561920,23520,0.6458333134651184,128,468000,1.8382530212402344,1920,17,3,500000,1000,,468001.0,0.6723958253860474,0.5933264493942261,0.6458333134651184,0.6219302415847778,1842,973500210,5,3
469001,1920,7035015,900481920,23520,0.6458333134651184,128,469000,1.8419671058654785,1920,17,3,500000,1000,,469001.0,0.6739583611488342,0.5933301448822021,0.643750011920929,0.621928334236145,1846,973500210,5,3
470001,1920,7050015,902401920,23520,0.643750011920929,128,470000,1.8456470966339111,1920,17,3,500000,1000,,470001.0,0.6739583611488342,0.5933275818824768,0.6416666507720947,0.6221604943275452,1849,973500210,5,3
471001,1920,7065015,904321920,23520,0.6416666507720947,128,471000,1.8493380546569824,1920,17,3,500000,1000,,471001.0,0.675000011920929,0.593331515789032,0.643750011920929,0.621727705001831,1853,973500210,5,3
472001,1920,7080015,906241920,23520,0.643750011920929,128,472000,1.8530540466308594,1920,17,3,500000,1000,,472001.0,0.6734374761581421,0.5933240056037903,0.643750011920929,0.6220033764839172,1857,973500210,5,3
473001,1920,7095015,908161920,23520,0.643750011920929,128,473000,1.8567440509796143,1920,17,3,500000,1000,,473001.0,0.6729166507720947,0.5933284163475037,0.6416666507720947,0.6221520900726318,1861,973500210,5,3
474001,1920,7110015,910081920,23520,0.6416666507720947,128,474000,1.860447883605957,1920,17,3,500000,1000,,474001.0,0.6739583611488342,0.5933237671852112,0.6416666507720947,0.6222076416015625,1865,973500210,5,3
475001,1920,7125015,912001920,23520,0.6416666507720947,128,475000,1.8641431331634521,1920,17,3,500000,1000,,475001.0,0.6723958253860474,0.5933225154876709,0.643750011920929,0.6220348477363586,1869,973500210,5,3
476001,1920,7140015,913921920,23520,0.643750011920929,128,476000,1.8678231239318848,1920,17,3,500000,1000,,476001.0,0.6723958253860474,0.5933254957199097,0.6416666507720947,0.6221016049385071,1872,973500210,5,3
477001,1920,7155015,915841920,23520,0.6416666507720947,128,477000,1.8716933727264404,1920,17,3,500000,1000,,477001.0,0.6739583611488342,0.5933268666267395,0.6416666507720947,0.6220512390136719,1876,973500210,5,3
478001,1920,7170015,917761920,23520,0.6416666507720947,128,478000,1.8753571510314941,1920,17,3,500000,1000,,478001.0,0.6723958253860474,0.5933300852775574,0.6458333134651184,0.6221248507499695,1880,973500210,5,3
479001,1920,7185015,919681920,23520,0.6458333134651184,128,479000,1.8790490627288818,1920,17,3,500000,1000,,479001.0,0.6703125238418579,0.5933298468589783,0.6458333134651184,0.6221742033958435,1884,973500210,5,3
480001,1920,7200015,921601920,23520,0.6458333134651184,128,480000,1.8827481269836426,1920,17,3,500000,1000,,480001.0,0.6744791865348816,0.5933287143707275,0.643750011920929,0.6221814751625061,1888,973500210,5,3
481001,1920,7215015,923521920,23520,0.643750011920929,128,481000,1.8864359855651855,1920,17,3,500000,1000,,481001.0,0.6734374761581421,0.5933300256729126,0.643750011920929,0.6221441030502319,1892,973500210,5,3
482001,1920,7230015,925441920,23520,0.643750011920929,128,482000,1.8901329040527344,1920,17,3,500000,1000,,482001.0,0.675000011920929,0.5933263897895813,0.6458333134651184,0.6219156384468079,1896,973500210,5,3
483001,1920,7245015,927361920,23520,0.6458333134651184,128,483000,1.893838882446289,1920,17,3,500000,1000,,483001.0,0.6734374761581421,0.5933271050453186,0.643750011920929,0.6216119527816772,1900,973500210,5,3
484001,1920,7260015,929281920,23520,0.643750011920929,128,484000,1.8976247310638428,1920,17,3,500000,1000,,484001.0,0.6723958253860474,0.5933284759521484,0.6458333134651184,0.6219646334648132,1904,973500210,5,3
485001,1920,7275015,931201920,23520,0.6458333134651184,128,485000,1.901324987411499,1920,17,3,500000,1000,,485001.0,0.6739583611488342,0.5933282375335693,0.643750011920929,0.6217226386070251,1908,973500210,5,3
486001,1920,7290015,933121920,23520,0.643750011920929,128,486000,1.9049999713897705,1920,17,3,500000,1000,,486001.0,0.6734374761581421,0.5933314561843872,0.6416666507720947,0.6217164397239685,1911,973500210,5,3
487001,1920,7305015,935041920,23520,0.6416666507720947,128,487000,1.9086971282958984,1920,17,3,500000,1000,,487001.0,0.6729166507720947,0.5933305621147156,0.643750011920929,0.6217535734176636,1915,973500210,5,3
488001,1920,7320015,936961920,23520,0.643750011920929,128,488000,1.9123501777648926,1920,17,3,500000,1000,,488001.0,0.675000011920929,0.5933268070220947,0.6458333134651184,0.622003972530365,1919,973500210,5,3
489001,1920,7335015,938881920,23520,0.6458333134651184,128,489000,1.9159862995147705,1920,17,3,500000,1000,,489001.0,0.6744791865348816,0.5933287143707275,0.643750011920929,0.6221197843551636,1923,973500210,5,3
490001,1920,7350015,940801920,23520,0.643750011920929,128,490000,1.9197025299072266,1920,17,3,500000,1000,,490001.0,0.6744791865348816,0.5933290719985962,0.6458333134651184,0.6219944357872009,1927,973500210,5,3
491001,1920,7365015,942721920,23520,0.6458333134651184,128,491000,1.9234273433685303,1920,17,3,500000,1000,,491001.0,0.6734374761581421,0.5933281183242798,0.643750011920929,0.621832549571991,1931,973500210,5,3
492001,1920,7380015,944641920,23520,0.643750011920929,128,492000,1.9271214008331299,1920,17,3,500000,1000,,492001.0,0.671875,0.5933263301849365,0.6416666507720947,0.6220419406890869,1935,973500210,5,3
493001,1920,7395015,946561920,23520,0.6416666507720947,128,493000,1.9322891235351562,1920,17,3,500000,1000,,493001.0,0.6723958253860474,0.5933243036270142,0.6395833492279053,0.6219613552093506,1938,973500210,5,3
494001,1920,7410015,948481920,23520,0.6395833492279053,128,494000,1.9359772205352783,1920,17,3,500000,1000,,494001.0,0.6723958253860474,0.5933249592781067,0.6479166746139526,0.6217570900917053,1942,973500210,5,3
495001,1920,7425015,950401920,23520,0.6479166746139526,128,495000,1.9396600723266602,1920,17,3,500000,1000,,495001.0,0.6739583611488342,0.5933269262313843,0.643750011920929,0.621788740158081,1946,973500210,5,3
496001,1920,7440015,952321920,23520,0.643750011920929,128,496000,1.9433422088623047,1920,17,3,500000,1000,,496001.0,0.6739583611488342,0.5933284163475037,0.643750011920929,0.6219150424003601,1950,973500210,5,3
497001,1920,7455015,954241920,23520,0.643750011920929,128,497000,1.9470431804656982,1920,17,3,500000,1000,,497001.0,0.6723958253860474,0.5933231711387634,0.643750011920929,0.6217344403266907,1954,973500210,5,3
498001,1920,7470015,956161920,23520,0.643750011920929,128,498000,1.9507582187652588,1920,17,3,500000,1000,,498001.0,0.6723958253860474,0.5933226346969604,0.643750011920929,0.6219930052757263,1957,973500210,5,3
499001,1920,7485015,958081920,23520,0.643750011920929,128,499000,1.954603910446167,1920,17,3,500000,1000,,499001.0,0.671875,0.5933271050453186,0.6458333134651184,0.6222034692764282,1961,973500210,5,3
499998,1920,7499970,959996160,23520,0.6458333134651184,128,499997,1.9585318565368652,1920,17,3,500000,1000,,499998.0,0.6723958253860474,0.5933250188827515,0.6458333134651184,0.6219862103462219,1966,973500210,5,3
499999,1920,7499985,959998080,23520,0.6458333134651184,128,499998,1.9624590873718262,1920,17,3,500000,1000,,499999.0,0.6723958253860474,0.5933252573013306,0.6458333134651184,0.6219956278800964,1966,973500210,5,3
500000,1920,7500000,960000000,23520,0.6458333134651184,128,499999,1.9671282768249512,1920,17,3,500000,1000,,500000.0,0.6723958253860474,0.5933251976966858,0.6458333134651184,0.6220104694366455,1966,973500210,5,3
