pf_calls,num_answers,model_updates,num_grad_comps,answers_bytes,last_score,batch_size,k,elapsed_time,train_data,n,d,max_epochs,verbose,ident,_epochs,score_train,loss_train,score_test,loss_test,_elapsed_time,seed,run_id,dim
1,1920,15,1920,23520,0.5041666626930237,128,0,0.01931476593017578,1920,17,1,500000,1000,,1.0,0.5072916746139526,0.6931472420692444,0.5145833492279053,0.6931472420692444,0,1417284141,1,1
1001,1920,15015,1921920,23520,0.5145833492279053,128,1000,0.024031877517700195,1920,17,1,500000,1000,,1001.0,0.6338541507720947,0.6500220894813538,0.6333333253860474,0.647138237953186,4,1417284141,1,1
2001,1920,30015,3841920,23520,0.6333333253860474,128,2000,0.029021024703979492,1920,17,1,500000,1000,,2001.0,0.6343749761581421,0.6466187238693237,0.6229166388511658,0.6431721448898315,9,1417284141,1,1
3001,1920,45015,5761920,23520,0.6229166388511658,128,3000,0.03383612632751465,1920,17,1,500000,1000,,3001.0,0.637499988079071,0.6462066173553467,0.6312500238418579,0.6423084139823914,14,1417284141,1,1
4001,1920,60015,7681920,23520,0.6312500238418579,128,4000,0.03866410255432129,1920,17,1,500000,1000,,4001.0,0.637499988079071,0.6461479067802429,0.6333333253860474,0.6419931650161743,19,1417284141,1,1
5001,1920,75015,9601920,23520,0.6333333253860474,128,5000,0.043435096740722656,1920,17,1,500000,1000,,5001.0,0.6369791626930237,0.6461402773857117,0.6333333253860474,0.6417496800422668,24,1417284141,1,1
6001,1920,90015,11521920,23520,0.6333333253860474,128,6000,0.04836010932922363,1920,17,1,500000,1000,,6001.0,0.6380208134651184,0.6461362242698669,0.625,0.6421385407447815,29,1417284141,1,1
7001,1920,105015,13441920,23520,0.625,128,7000,0.053225040435791016,1920,17,1,500000,1000,,7001.0,0.6385416388511658,0.646134078502655,0.625,0.6419305801391602,34,1417284141,1,1
8001,1920,120015,15361920,23520,0.625,128,8000,0.058844804763793945,1920,17,1,500000,1000,,8001.0,0.6348958611488342,0.6461353898048401,0.625,0.641721785068512,39,1417284141,1,1
9001,1920,135015,17281920,23520,0.625,128,9000,0.06353974342346191,1920,17,1,500000,1000,,9001.0,0.635937511920929,0.64613276720047,0.6270833611488342,0.6420048475265503,44,1417284141,1,1
10001,1920,150015,19201920,23520,0.6270833611488342,128,10000,0.0691378116607666,1920,17,1,500000,1000,,10001.0,0.6338541507720947,0.6461375951766968,0.6208333373069763,0.6419649720191956,49,1417284141,1,1
11001,1920,165015,21121920,23520,0.6208333373069763,128,11000,0.07401394844055176,1920,17,1,500000,1000,,11001.0,0.6364583373069763,0.6461328268051147,0.6312500238418579,0.6418590545654297,54,1417284141,1,1
12001,1920,180015,23041920,23520,0.6312500238418579,128,12000,0.08618497848510742,1920,17,1,500000,1000,,12001.0,0.6338541507720947,0.6461373567581177,0.6270833611488342,0.641931414604187,60,1417284141,1,1
13001,1920,195015,24961920,23520,0.6270833611488342,128,13000,0.09104299545288086,1920,17,1,500000,1000,,13001.0,0.6385416388511658,0.646136462688446,0.625,0.6418370008468628,65,1417284141,1,1
14001,1920,210015,26881920,23520,0.625,128,14000,0.09572601318359375,1920,17,1,500000,1000,,14001.0,0.635937511920929,0.6461361646652222,0.6291666626930237,0.6416000723838806,70,1417284141,1,1
15001,1920,225015,28801920,23520,0.6291666626930237,128,15000,0.1005699634552002,1920,17,1,500000,1000,,15001.0,0.635937511920929,0.6461362242698669,0.6312500238418579,0.6416270732879639,75,1417284141,1,1
16001,1920,240015,30721920,23520,0.6312500238418579,128,16000,0.1053018569946289,1920,17,1,500000,1000,,16001.0,0.6333333253860474,0.6461344957351685,0.6312500238418579,0.6418050527572632,80,1417284141,1,1
17001,1920,255015,32641920,23520,0.6312500238418579,128,17000,0.1100766658782959,1920,17,1,500000,1000,,17001.0,0.6364583373069763,0.6461409330368042,0.6229166388511658,0.641697108745575,85,1417284141,1,1
18001,1920,270015,34561920,23520,0.6229166388511658,128,18000,0.11483073234558105,1920,17,1,500000,1000,,18001.0,0.6385416388511658,0.6461378335952759,0.625,0.6421042084693909,90,1417284141,1,1
19001,1920,285015,36481920,23520,0.625,128,19000,0.11962890625,1920,17,1,500000,1000,,19001.0,0.6348958611488342,0.6461371183395386,0.6312500238418579,0.6419562697410583,95,1417284141,1,1
20001,1920,300015,38401920,23520,0.6312500238418579,128,20000,0.12465381622314453,1920,17,1,500000,1000,,20001.0,0.6364583373069763,0.6461359262466431,0.6270833611488342,0.642095148563385,99,1417284141,1,1
21001,1920,315015,40321920,23520,0.6270833611488342,128,21000,0.12943387031555176,1920,17,1,500000,1000,,21001.0,0.6338541507720947,0.6461408138275146,0.6312500238418579,0.6416599154472351,104,1417284141,1,1
22001,1920,330015,42241920,23520,0.6312500238418579,128,22000,0.13425874710083008,1920,17,1,500000,1000,,22001.0,0.6380208134651184,0.6461358666419983,0.625,0.6420888304710388,109,1417284141,1,1
23001,1920,345015,44161920,23520,0.625,128,23000,0.13907670974731445,1920,17,1,500000,1000,,23001.0,0.6369791626930237,0.646135151386261,0.6270833611488342,0.6419278979301453,114,1417284141,1,1
24001,1920,360015,46081920,23520,0.6270833611488342,128,24000,0.14380550384521484,1920,17,1,500000,1000,,24001.0,0.6364583373069763,0.6461420655250549,0.6270833611488342,0.6414898037910461,119,1417284141,1,1
25001,1920,375015,48001920,23520,0.6270833611488342,128,25000,0.15267443656921387,1920,17,1,500000,1000,,25001.0,0.6338541507720947,0.6461381912231445,0.6333333253860474,0.6417497992515564,123,1417284141,1,1
26001,1920,390015,49921920,23520,0.6333333253860474,128,26000,0.1576385498046875,1920,17,1,500000,1000,,26001.0,0.6343749761581421,0.6461365222930908,0.6208333373069763,0.6418341398239136,128,1417284141,1,1
27001,1920,405015,51841920,23520,0.6208333373069763,128,27000,0.16234970092773438,1920,17,1,500000,1000,,27001.0,0.6354166865348816,0.6461371183395386,0.6229166388511658,0.6420755982398987,133,1417284141,1,1
28001,1920,420015,53761920,23520,0.6229166388511658,128,28000,0.167130708694458,1920,17,1,500000,1000,,28001.0,0.6385416388511658,0.6461368799209595,0.625,0.6421816349029541,138,1417284141,1,1
29001,1920,435015,55681920,23520,0.625,128,29000,0.17185258865356445,1920,17,1,500000,1000,,29001.0,0.6364583373069763,0.6461331844329834,0.6312500238418579,0.6418275237083435,143,1417284141,1,1
30001,1920,450015,57601920,23520,0.6312500238418579,128,30000,0.17657876014709473,1920,17,1,500000,1000,,30001.0,0.6354166865348816,0.6461343765258789,0.6208333373069763,0.6420252323150635,147,1417284141,1,1
31001,1920,465015,59521920,23520,0.6208333373069763,128,31000,0.18129801750183105,1920,17,1,500000,1000,,31001.0,0.6354166865348816,0.6461405158042908,0.6187499761581421,0.6417500972747803,152,1417284141,1,1
32001,1920,480015,61441920,23520,0.6187499761581421,128,32000,0.1860523223876953,1920,17,1,500000,1000,,32001.0,0.6364583373069763,0.6461396813392639,0.6229166388511658,0.6416280269622803,157,1417284141,1,1
33001,1920,495015,63361920,23520,0.6229166388511658,128,33000,0.19088435173034668,1920,17,1,500000,1000,,33001.0,0.6328125,0.6461381316184998,0.6312500238418579,0.6421467661857605,162,1417284141,1,1
34001,1920,510015,65281920,23520,0.6312500238418579,128,34000,0.19569945335388184,1920,17,1,500000,1000,,34001.0,0.6348958611488342,0.6461390256881714,0.6229166388511658,0.6417251229286194,167,1417284141,1,1
35001,1920,525015,67201920,23520,0.6229166388511658,128,35000,0.2004234790802002,1920,17,1,500000,1000,,35001.0,0.6380208134651184,0.646140992641449,0.6229166388511658,0.6413002610206604,171,1417284141,1,1
36001,1920,540015,69121920,23520,0.6229166388511658,128,36000,0.20519661903381348,1920,17,1,500000,1000,,36001.0,0.6354166865348816,0.646136999130249,0.6291666626930237,0.6418691277503967,176,1417284141,1,1
37001,1920,555015,71041920,23520,0.6291666626930237,128,37000,0.20999550819396973,1920,17,1,500000,1000,,37001.0,0.6364583373069763,0.6461384892463684,0.6229166388511658,0.6414521336555481,181,1417284141,1,1
38001,1920,570015,72961920,23520,0.6229166388511658,128,38000,0.21474671363830566,1920,17,1,500000,1000,,38001.0,0.6401041746139526,0.6461384892463684,0.6270833611488342,0.6422430872917175,186,1417284141,1,1
39001,1920,585015,74881920,23520,0.6270833611488342,128,39000,0.21945762634277344,1920,17,1,500000,1000,,39001.0,0.6338541507720947,0.6461346745491028,0.6312500238418579,0.6418629288673401,191,1417284141,1,1
40001,1920,600015,76801920,23520,0.6312500238418579,128,40000,0.22416162490844727,1920,17,1,500000,1000,,40001.0,0.6338541507720947,0.6461417078971863,0.6291666626930237,0.6415784955024719,195,1417284141,1,1
41001,1920,615015,78721920,23520,0.6291666626930237,128,41000,0.22897768020629883,1920,17,1,500000,1000,,41001.0,0.6354166865348816,0.6461393237113953,0.6187499761581421,0.6415621042251587,200,1417284141,1,1
42001,1920,630015,80641920,23520,0.6187499761581421,128,42000,0.23387575149536133,1920,17,1,500000,1000,,42001.0,0.6328125,0.6461416482925415,0.6312500238418579,0.6416508555412292,205,1417284141,1,1
43001,1920,645015,82561920,23520,0.6312500238418579,128,43000,0.23884177207946777,1920,17,1,500000,1000,,43001.0,0.6364583373069763,0.6461387276649475,0.6208333373069763,0.6422126889228821,210,1417284141,1,1
44001,1920,660015,84481920,23520,0.6208333373069763,128,44000,0.24354863166809082,1920,17,1,500000,1000,,44001.0,0.6369791626930237,0.6461378931999207,0.625,0.6417068839073181,215,1417284141,1,1
45001,1920,675015,86401920,23520,0.625,128,45000,0.24826860427856445,1920,17,1,500000,1000,,45001.0,0.6385416388511658,0.6461403369903564,0.625,0.6419885158538818,220,1417284141,1,1
46001,1920,690015,88321920,23520,0.625,128,46000,0.2532236576080322,1920,17,1,500000,1000,,46001.0,0.6354166865348816,0.6461398005485535,0.6187499761581421,0.6419336199760437,224,1417284141,1,1
47001,1920,705015,90241920,23520,0.6187499761581421,128,47000,0.25794458389282227,1920,17,1,500000,1000,,47001.0,0.6364583373069763,0.646134078502655,0.6312500238418579,0.6420067548751831,229,1417284141,1,1
48001,1920,720015,92161920,23520,0.6312500238418579,128,48000,0.26265859603881836,1920,17,1,500000,1000,,48001.0,0.635937511920929,0.6461352109909058,0.625,0.6416394114494324,234,1417284141,1,1
49001,1920,735015,94081920,23520,0.625,128,49000,0.26757168769836426,1920,17,1,500000,1000,,49001.0,0.635937511920929,0.6461370587348938,0.6229166388511658,0.6418606638908386,239,1417284141,1,1
50001,1920,750015,96001920,23520,0.6229166388511658,128,50000,0.2723886966705322,1920,17,1,500000,1000,,50001.0,0.6364583373069763,0.646133542060852,0.6208333373069763,0.6417958736419678,244,1417284141,1,1
51001,1920,765015,97921920,23520,0.6208333373069763,128,51000,0.27735066413879395,1920,17,1,500000,1000,,51001.0,0.6338541507720947,0.6461341977119446,0.6333333253860474,0.6416794657707214,248,1417284141,1,1
52001,1920,780015,99841920,23520,0.6333333253860474,128,52000,0.282085657119751,1920,17,1,500000,1000,,52001.0,0.637499988079071,0.6461372971534729,0.6229166388511658,0.6417886018753052,253,1417284141,1,1
53001,1920,795015,101761920,23520,0.6229166388511658,128,53000,0.28681373596191406,1920,17,1,500000,1000,,53001.0,0.6354166865348816,0.6461410522460938,0.6312500238418579,0.6418435573577881,258,1417284141,1,1
54001,1920,810015,103681920,23520,0.6312500238418579,128,54000,0.29155778884887695,1920,17,1,500000,1000,,54001.0,0.6354166865348816,0.6461378931999207,0.6229166388511658,0.6418920755386353,263,1417284141,1,1
55001,1920,825015,105601920,23520,0.6229166388511658,128,55000,0.2962377071380615,1920,17,1,500000,1000,,55001.0,0.6348958611488342,0.6461342573165894,0.6229166388511658,0.6418564319610596,268,1417284141,1,1
56001,1920,840015,107521920,23520,0.6229166388511658,128,56000,0.30109596252441406,1920,17,1,500000,1000,,56001.0,0.6348958611488342,0.6461370587348938,0.625,0.6417204737663269,273,1417284141,1,1
57001,1920,855015,109441920,23520,0.625,128,57000,0.30580782890319824,1920,17,1,500000,1000,,57001.0,0.6348958611488342,0.6461368799209595,0.6229166388511658,0.6417132019996643,277,1417284141,1,1
58001,1920,870015,111361920,23520,0.6229166388511658,128,58000,0.3108816146850586,1920,17,1,500000,1000,,58001.0,0.6343749761581421,0.6461330652236938,0.6270833611488342,0.6419999003410339,282,1417284141,1,1
59001,1920,885015,113281920,23520,0.6270833611488342,128,59000,0.3157806396484375,1920,17,1,500000,1000,,59001.0,0.6380208134651184,0.6461315751075745,0.6229166388511658,0.6419649720191956,287,1417284141,1,1
60001,1920,900015,115201920,23520,0.6229166388511658,128,60000,0.32054948806762695,1920,17,1,500000,1000,,60001.0,0.635937511920929,0.64613938331604,0.6208333373069763,0.6418589949607849,292,1417284141,1,1
61001,1920,915015,117121920,23520,0.6208333373069763,128,61000,0.3254203796386719,1920,17,1,500000,1000,,61001.0,0.635937511920929,0.6461336612701416,0.6270833611488342,0.6418513059616089,296,1417284141,1,1
62001,1920,930015,119041920,23520,0.6270833611488342,128,62000,0.33035755157470703,1920,17,1,500000,1000,,62001.0,0.6354166865348816,0.6461420655250549,0.625,0.6419612765312195,301,1417284141,1,1
63001,1920,945015,120961920,23520,0.625,128,63000,0.33510756492614746,1920,17,1,500000,1000,,63001.0,0.6338541507720947,0.6461349129676819,0.6312500238418579,0.6413525342941284,306,1417284141,1,1
64001,1920,960015,122881920,23520,0.6312500238418579,128,64000,0.3398146629333496,1920,17,1,500000,1000,,64001.0,0.6364583373069763,0.6461353302001953,0.6312500238418579,0.6417194604873657,311,1417284141,1,1
65001,1920,975015,124801920,23520,0.6312500238418579,128,65000,0.3445165157318115,1920,17,1,500000,1000,,65001.0,0.6385416388511658,0.6461362242698669,0.625,0.6421810984611511,316,1417284141,1,1
66001,1920,990015,126721920,23520,0.625,128,66000,0.34926533699035645,1920,17,1,500000,1000,,66001.0,0.6364583373069763,0.6461331844329834,0.6312500238418579,0.642047107219696,320,1417284141,1,1
67001,1920,1005015,128641920,23520,0.6312500238418579,128,67000,0.35398125648498535,1920,17,1,500000,1000,,67001.0,0.637499988079071,0.6461371183395386,0.6270833611488342,0.6417208313941956,325,1417284141,1,1
68001,1920,1020015,130561920,23520,0.6270833611488342,128,68000,0.35890650749206543,1920,17,1,500000,1000,,68001.0,0.6364583373069763,0.6461344957351685,0.6208333373069763,0.6419689655303955,330,1417284141,1,1
69001,1920,1035015,132481920,23520,0.6208333373069763,128,69000,0.3636012077331543,1920,17,1,500000,1000,,69001.0,0.6348958611488342,0.6461390256881714,0.625,0.6419894695281982,335,1417284141,1,1
70001,1920,1050015,134401920,23520,0.625,128,70000,0.3685739040374756,1920,17,1,500000,1000,,70001.0,0.6364583373069763,0.6461352109909058,0.6312500238418579,0.6420032978057861,340,1417284141,1,1
71001,1920,1065015,136321920,23520,0.6312500238418579,128,71000,0.3734917640686035,1920,17,1,500000,1000,,71001.0,0.6369791626930237,0.6461334824562073,0.6312500238418579,0.6420814394950867,345,1417284141,1,1
72001,1920,1080015,138241920,23520,0.6312500238418579,128,72000,0.3783228397369385,1920,17,1,500000,1000,,72001.0,0.6369791626930237,0.646138608455658,0.625,0.6419997811317444,350,1417284141,1,1
73001,1920,1095015,140161920,23520,0.625,128,73000,0.3832058906555176,1920,17,1,500000,1000,,73001.0,0.6364583373069763,0.6461365818977356,0.6208333373069763,0.6417278051376343,355,1417284141,1,1
74001,1920,1110015,142081920,23520,0.6208333373069763,128,74000,0.3883390426635742,1920,17,1,500000,1000,,74001.0,0.635937511920929,0.6461395025253296,0.6208333373069763,0.6416617631912231,361,1417284141,1,1
75001,1920,1125015,144001920,23520,0.6208333373069763,128,75000,0.3938710689544678,1920,17,1,500000,1000,,75001.0,0.6333333253860474,0.6461342573165894,0.6208333373069763,0.641633152961731,366,1417284141,1,1
76001,1920,1140015,145921920,23520,0.6208333373069763,128,76000,0.39864587783813477,1920,17,1,500000,1000,,76001.0,0.6380208134651184,0.646136462688446,0.6270833611488342,0.6416642665863037,371,1417284141,1,1
77001,1920,1155015,147841920,23520,0.6270833611488342,128,77000,0.4033849239349365,1920,17,1,500000,1000,,77001.0,0.6343749761581421,0.6461378931999207,0.6312500238418579,0.6420295834541321,376,1417284141,1,1
78001,1920,1170015,149761920,23520,0.6312500238418579,128,78000,0.40852808952331543,1920,17,1,500000,1000,,78001.0,0.637499988079071,0.6461344361305237,0.6229166388511658,0.6416439414024353,381,1417284141,1,1
79001,1920,1185015,151681920,23520,0.6229166388511658,128,79000,0.4134562015533447,1920,17,1,500000,1000,,79001.0,0.635937511920929,0.6461402177810669,0.625,0.6416575312614441,386,1417284141,1,1
80001,1920,1200015,153601920,23520,0.625,128,80000,0.41831016540527344,1920,17,1,500000,1000,,80001.0,0.6333333253860474,0.6461346745491028,0.6312500238418579,0.6420316100120544,391,1417284141,1,1
81001,1920,1215015,155521920,23520,0.6312500238418579,128,81000,0.42313313484191895,1920,17,1,500000,1000,,81001.0,0.6364583373069763,0.6461375951766968,0.6312500238418579,0.6421106457710266,396,1417284141,1,1
82001,1920,1230015,157441920,23520,0.6312500238418579,128,82000,0.4280092716217041,1920,17,1,500000,1000,,82001.0,0.6343749761581421,0.6461350917816162,0.6312500238418579,0.6417004466056824,401,1417284141,1,1
83001,1920,1245015,159361920,23520,0.6312500238418579,128,83000,0.4329841136932373,1920,17,1,500000,1000,,83001.0,0.6364583373069763,0.6461396813392639,0.6270833611488342,0.6419748663902283,406,1417284141,1,1
84001,1920,1260015,161281920,23520,0.6270833611488342,128,84000,0.4377450942993164,1920,17,1,500000,1000,,84001.0,0.6348958611488342,0.6461398005485535,0.6229166388511658,0.6418794989585876,411,1417284141,1,1
85001,1920,1275015,163201920,23520,0.6229166388511658,128,85000,0.4424910545349121,1920,17,1,500000,1000,,85001.0,0.635937511920929,0.6461418867111206,0.6333333253860474,0.641703724861145,417,1417284141,1,1
86001,1920,1290015,165121920,23520,0.6333333253860474,128,86000,0.44761204719543457,1920,17,1,500000,1000,,86001.0,0.6385416388511658,0.6461349129676819,0.625,0.6420027613639832,421,1417284141,1,1
87001,1920,1305015,167041920,23520,0.625,128,87000,0.4523758888244629,1920,17,1,500000,1000,,87001.0,0.6380208134651184,0.6461371779441833,0.6270833611488342,0.6417131423950195,426,1417284141,1,1
88001,1920,1320015,168961920,23520,0.6270833611488342,128,88000,0.457273006439209,1920,17,1,500000,1000,,88001.0,0.6369791626930237,0.6461369395256042,0.625,0.6417986154556274,431,1417284141,1,1
89001,1920,1335015,170881920,23520,0.625,128,89000,0.46204519271850586,1920,17,1,500000,1000,,89001.0,0.6348958611488342,0.6461385488510132,0.6291666626930237,0.6421264410018921,436,1417284141,1,1
90001,1920,1350015,172801920,23520,0.6291666626930237,128,90000,0.4667670726776123,1920,17,1,500000,1000,,90001.0,0.6369791626930237,0.6461380124092102,0.6312500238418579,0.6417338848114014,441,1417284141,1,1
91001,1920,1365015,174721920,23520,0.6312500238418579,128,91000,0.47150206565856934,1920,17,1,500000,1000,,91001.0,0.6385416388511658,0.6461430191993713,0.6333333253860474,0.6414690017700195,446,1417284141,1,1
92001,1920,1380015,176641920,23520,0.6333333253860474,128,92000,0.4763360023498535,1920,17,1,500000,1000,,92001.0,0.6364583373069763,0.6461372375488281,0.6208333373069763,0.6418837904930115,450,1417284141,1,1
93001,1920,1395015,178561920,23520,0.6208333373069763,128,93000,0.4811861515045166,1920,17,1,500000,1000,,93001.0,0.6354166865348816,0.6461347937583923,0.6270833611488342,0.6419810652732849,455,1417284141,1,1
94001,1920,1410015,180481920,23520,0.6270833611488342,128,94000,0.4858710765838623,1920,17,1,500000,1000,,94001.0,0.6380208134651184,0.6461377739906311,0.625,0.6416535973548889,460,1417284141,1,1
95001,1920,1425015,182401920,23520,0.625,128,95000,0.49062538146972656,1920,17,1,500000,1000,,95001.0,0.6354166865348816,0.6461371183395386,0.6208333373069763,0.6417491436004639,465,1417284141,1,1
96001,1920,1440015,184321920,23520,0.6208333373069763,128,96000,0.4953932762145996,1920,17,1,500000,1000,,96001.0,0.6354166865348816,0.6461455821990967,0.6229166388511658,0.6418576836585999,470,1417284141,1,1
97001,1920,1455015,186241920,23520,0.6229166388511658,128,97000,0.500145435333252,1920,17,1,500000,1000,,97001.0,0.6354166865348816,0.6461350321769714,0.6291666626930237,0.6420583724975586,474,1417284141,1,1
98001,1920,1470015,188161920,23520,0.6291666626930237,128,98000,0.5048754215240479,1920,17,1,500000,1000,,98001.0,0.6364583373069763,0.6461385488510132,0.6208333373069763,0.6417971849441528,479,1417284141,1,1
99001,1920,1485015,190081920,23520,0.6208333373069763,128,99000,0.5096476078033447,1920,17,1,500000,1000,,99001.0,0.6343749761581421,0.6461345553398132,0.6270833611488342,0.6420954465866089,484,1417284141,1,1
100001,1920,1500015,192001920,23520,0.6270833611488342,128,100000,0.5143485069274902,1920,17,1,500000,1000,,100001.0,0.6364583373069763,0.6461369395256042,0.6208333373069763,0.6419360637664795,489,1417284141,1,1
101001,1920,1515015,193921920,23520,0.6208333373069763,128,101000,0.5191175937652588,1920,17,1,500000,1000,,101001.0,0.6338541507720947,0.6461357474327087,0.6270833611488342,0.6420423984527588,494,1417284141,1,1
102001,1920,1530015,195841920,23520,0.6270833611488342,128,102000,0.523836612701416,1920,17,1,500000,1000,,102001.0,0.6385416388511658,0.6461337208747864,0.625,0.6419013738632202,498,1417284141,1,1
103001,1920,1545015,197761920,23520,0.625,128,103000,0.5286276340484619,1920,17,1,500000,1000,,103001.0,0.6369791626930237,0.6461377739906311,0.6270833611488342,0.6419862508773804,503,1417284141,1,1
104001,1920,1560015,199681920,23520,0.6270833611488342,128,104000,0.5333337783813477,1920,17,1,500000,1000,,104001.0,0.6343749761581421,0.6461406946182251,0.6312500238418579,0.6423622369766235,508,1417284141,1,1
105001,1920,1575015,201601920,23520,0.6312500238418579,128,105000,0.5381779670715332,1920,17,1,500000,1000,,105001.0,0.6354166865348816,0.6461402773857117,0.6229166388511658,0.6416366100311279,513,1417284141,1,1
106001,1920,1590015,203521920,23520,0.6229166388511658,128,106000,0.5429339408874512,1920,17,1,500000,1000,,106001.0,0.635937511920929,0.6461365818977356,0.6312500238418579,0.6415616869926453,518,1417284141,1,1
107001,1920,1605015,205441920,23520,0.6312500238418579,128,107000,0.5476861000061035,1920,17,1,500000,1000,,107001.0,0.6380208134651184,0.6461377739906311,0.6270833611488342,0.6419754028320312,522,1417284141,1,1
108001,1920,1620015,207361920,23520,0.6270833611488342,128,108000,0.5524961948394775,1920,17,1,500000,1000,,108001.0,0.635937511920929,0.6461359858512878,0.625,0.641622006893158,527,1417284141,1,1
109001,1920,1635015,209281920,23520,0.625,128,109000,0.5572981834411621,1920,17,1,500000,1000,,109001.0,0.6328125,0.6461410522460938,0.6208333373069763,0.6419350504875183,532,1417284141,1,1
110001,1920,1650015,211201920,23520,0.6208333373069763,128,110000,0.5622401237487793,1920,17,1,500000,1000,,110001.0,0.6333333253860474,0.6461376547813416,0.6312500238418579,0.6415237188339233,537,1417284141,1,1
111001,1920,1665015,213121920,23520,0.6312500238418579,128,111000,0.5670299530029297,1920,17,1,500000,1000,,111001.0,0.6364583373069763,0.6461424231529236,0.6333333253860474,0.6419420838356018,542,1417284141,1,1
112001,1920,1680015,215041920,23520,0.6333333253860474,128,112000,0.5717849731445312,1920,17,1,500000,1000,,112001.0,0.635937511920929,0.6461356282234192,0.6187499761581421,0.6417404413223267,546,1417284141,1,1
113001,1920,1695015,216961920,23520,0.6187499761581421,128,113000,0.5765068531036377,1920,17,1,500000,1000,,113001.0,0.635937511920929,0.6461366415023804,0.625,0.6417612433433533,551,1417284141,1,1
114001,1920,1710015,218881920,23520,0.625,128,114000,0.581186056137085,1920,17,1,500000,1000,,114001.0,0.6338541507720947,0.6461343765258789,0.6187499761581421,0.6415243148803711,556,1417284141,1,1
115001,1920,1725015,220801920,23520,0.6187499761581421,128,115000,0.5861659049987793,1920,17,1,500000,1000,,115001.0,0.6380208134651184,0.6461331844329834,0.625,0.6418917179107666,561,1417284141,1,1
116001,1920,1740015,222721920,23520,0.625,128,116000,0.5908999443054199,1920,17,1,500000,1000,,116001.0,0.6385416388511658,0.6461382508277893,0.625,0.6420249938964844,566,1417284141,1,1
117001,1920,1755015,224641920,23520,0.625,128,117000,0.5956509113311768,1920,17,1,500000,1000,,117001.0,0.635937511920929,0.6461342573165894,0.625,0.6414812803268433,570,1417284141,1,1
118001,1920,1770015,226561920,23520,0.625,128,118000,0.6003859043121338,1920,17,1,500000,1000,,118001.0,0.635937511920929,0.646138608455658,0.6208333373069763,0.6419548392295837,575,1417284141,1,1
119001,1920,1785015,228481920,23520,0.6208333373069763,128,119000,0.6051986217498779,1920,17,1,500000,1000,,119001.0,0.6369791626930237,0.6461352109909058,0.6312500238418579,0.6421616077423096,580,1417284141,1,1
120001,1920,1800015,230401920,23520,0.6312500238418579,128,120000,0.6099214553833008,1920,17,1,500000,1000,,120001.0,0.6338541507720947,0.6461380124092102,0.6208333373069763,0.6416719555854797,585,1417284141,1,1
121001,1920,1815015,232321920,23520,0.6208333373069763,128,121000,0.6146116256713867,1920,17,1,500000,1000,,121001.0,0.6354166865348816,0.646133542060852,0.6187499761581421,0.641656219959259,590,1417284141,1,1
122001,1920,1830015,234241920,23520,0.6187499761581421,128,122000,0.6193256378173828,1920,17,1,500000,1000,,122001.0,0.6380208134651184,0.6461350321769714,0.6229166388511658,0.6419323086738586,594,1417284141,1,1
123001,1920,1845015,236161920,23520,0.6229166388511658,128,123000,0.624504566192627,1920,17,1,500000,1000,,123001.0,0.637499988079071,0.6461366415023804,0.6229166388511658,0.6420081853866577,600,1417284141,1,1
124001,1920,1860015,238081920,23520,0.6229166388511658,128,124000,0.631023645401001,1920,17,1,500000,1000,,124001.0,0.6348958611488342,0.6461349725723267,0.6187499761581421,0.64200359582901,605,1417284141,1,1
125001,1920,1875015,240001920,23520,0.6187499761581421,128,125000,0.6358366012573242,1920,17,1,500000,1000,,125001.0,0.6380208134651184,0.6461336612701416,0.6229166388511658,0.6419094800949097,610,1417284141,1,1
126001,1920,1890015,241921920,23520,0.6229166388511658,128,126000,0.6409478187561035,1920,17,1,500000,1000,,126001.0,0.637499988079071,0.6461370587348938,0.6229166388511658,0.6417964696884155,615,1417284141,1,1
127001,1920,1905015,243841920,23520,0.6229166388511658,128,127000,0.6456975936889648,1920,17,1,500000,1000,,127001.0,0.6354166865348816,0.646134614944458,0.6333333253860474,0.6418864130973816,620,1417284141,1,1
128001,1920,1920015,245761920,23520,0.6333333253860474,128,128000,0.6507415771484375,1920,17,1,500000,1000,,128001.0,0.6343749761581421,0.6461392641067505,0.6208333373069763,0.641973614692688,625,1417284141,1,1
129001,1920,1935015,247681920,23520,0.6208333373069763,128,129000,0.655747652053833,1920,17,1,500000,1000,,129001.0,0.6380208134651184,0.6461330056190491,0.625,0.6417843699455261,630,1417284141,1,1
130001,1920,1950015,249601920,23520,0.625,128,130000,0.66046142578125,1920,17,1,500000,1000,,130001.0,0.6343749761581421,0.6461411714553833,0.6312500238418579,0.6419153213500977,635,1417284141,1,1
131001,1920,1965015,251521920,23520,0.6312500238418579,128,131000,0.6652052402496338,1920,17,1,500000,1000,,131001.0,0.6338541507720947,0.6461431980133057,0.6312500238418579,0.6419243216514587,640,1417284141,1,1
132001,1920,1980015,253441920,23520,0.6312500238418579,128,132000,0.669978141784668,1920,17,1,500000,1000,,132001.0,0.6348958611488342,0.6461341977119446,0.6270833611488342,0.6417385339736938,645,1417284141,1,1
133001,1920,1995015,255361920,23520,0.6270833611488342,128,133000,0.6746811866760254,1920,17,1,500000,1000,,133001.0,0.6354166865348816,0.646137535572052,0.625,0.642038881778717,650,1417284141,1,1
134001,1920,2010015,257281920,23520,0.625,128,134000,0.679591178894043,1920,17,1,500000,1000,,134001.0,0.6354166865348816,0.6461389064788818,0.6208333373069763,0.6418496370315552,654,1417284141,1,1
135001,1920,2025015,259201920,23520,0.6208333373069763,128,135000,0.6844382286071777,1920,17,1,500000,1000,,135001.0,0.6369791626930237,0.646137535572052,0.625,0.6419055461883545,659,1417284141,1,1
136001,1920,2040015,261121920,23520,0.625,128,136000,0.6891312599182129,1920,17,1,500000,1000,,136001.0,0.6364583373069763,0.6461363434791565,0.625,0.641676127910614,664,1417284141,1,1
137001,1920,2055015,263041920,23520,0.625,128,137000,0.6942622661590576,1920,17,1,500000,1000,,137001.0,0.637499988079071,0.6461321711540222,0.6270833611488342,0.6420665979385376,669,1417284141,1,1
138001,1920,2070015,264961920,23520,0.6270833611488342,128,138000,0.6995162963867188,1920,17,1,500000,1000,,138001.0,0.6338541507720947,0.6461376547813416,0.6333333253860474,0.6418846845626831,674,1417284141,1,1
139001,1920,2085015,266881920,23520,0.6333333253860474,128,139000,0.7042331695556641,1920,17,1,500000,1000,,139001.0,0.635937511920929,0.6461361050605774,0.6208333373069763,0.6419909000396729,679,1417284141,1,1
140001,1920,2100015,268801920,23520,0.6208333373069763,128,140000,0.7090651988983154,1920,17,1,500000,1000,,140001.0,0.637499988079071,0.6461341381072998,0.6208333373069763,0.6417087912559509,684,1417284141,1,1
141001,1920,2115015,270721920,23520,0.6208333373069763,128,141000,0.7139592170715332,1920,17,1,500000,1000,,141001.0,0.6338541507720947,0.6461342573165894,0.6229166388511658,0.6421923041343689,689,1417284141,1,1
142001,1920,2130015,272641920,23520,0.6229166388511658,128,142000,0.719691276550293,1920,17,1,500000,1000,,142001.0,0.6333333253860474,0.6461349725723267,0.6229166388511658,0.6419402360916138,693,1417284141,1,1
143001,1920,2145015,274561920,23520,0.6229166388511658,128,143000,0.724419355392456,1920,17,1,500000,1000,,143001.0,0.6364583373069763,0.6461378931999207,0.6312500238418579,0.6417271494865417,698,1417284141,1,1
144001,1920,2160015,276481920,23520,0.6312500238418579,128,144000,0.7292401790618896,1920,17,1,500000,1000,,144001.0,0.6385416388511658,0.646145224571228,0.625,0.6418611407279968,703,1417284141,1,1
145001,1920,2175015,278401920,23520,0.625,128,145000,0.7341330051422119,1920,17,1,500000,1000,,145001.0,0.635937511920929,0.6461390256881714,0.625,0.6419916152954102,708,1417284141,1,1
146001,1920,2190015,280321920,23520,0.625,128,146000,0.739281177520752,1920,17,1,500000,1000,,146001.0,0.6364583373069763,0.6461366415023804,0.6312500238418579,0.6420737504959106,713,1417284141,1,1
147001,1920,2205015,282241920,23520,0.6312500238418579,128,147000,0.744727373123169,1920,17,1,500000,1000,,147001.0,0.637499988079071,0.6461366415023804,0.6270833611488342,0.6417659521102905,718,1417284141,1,1
148001,1920,2220015,284161920,23520,0.6270833611488342,128,148000,0.7494754791259766,1920,17,1,500000,1000,,148001.0,0.635937511920929,0.6461361646652222,0.6312500238418579,0.6418264508247375,724,1417284141,1,1
149001,1920,2235015,286081920,23520,0.6312500238418579,128,149000,0.7545933723449707,1920,17,1,500000,1000,,149001.0,0.6364583373069763,0.6461359262466431,0.6312500238418579,0.6421709060668945,729,1417284141,1,1
150001,1920,2250015,288001920,23520,0.6312500238418579,128,150000,0.7594611644744873,1920,17,1,500000,1000,,150001.0,0.6338541507720947,0.6461330652236938,0.6312500238418579,0.6417067646980286,734,1417284141,1,1
151001,1920,2265015,289921920,23520,0.6312500238418579,128,151000,0.7644481658935547,1920,17,1,500000,1000,,151001.0,0.6354166865348816,0.6461381316184998,0.6291666626930237,0.64134281873703,739,1417284141,1,1
152001,1920,2280015,291841920,23520,0.6291666626930237,128,152000,0.7697372436523438,1920,17,1,500000,1000,,152001.0,0.6343749761581421,0.6461338400840759,0.6312500238418579,0.6418561339378357,744,1417284141,1,1
153001,1920,2295015,293761920,23520,0.6312500238418579,128,153000,0.7747881412506104,1920,17,1,500000,1000,,153001.0,0.6348958611488342,0.6461370587348938,0.625,0.6419832706451416,749,1417284141,1,1
154001,1920,2310015,295681920,23520,0.625,128,154000,0.7795631885528564,1920,17,1,500000,1000,,154001.0,0.6369791626930237,0.6461422443389893,0.6229166388511658,0.6421852707862854,755,1417284141,1,1
155001,1920,2325015,297601920,23520,0.6229166388511658,128,155000,0.7842931747436523,1920,17,1,500000,1000,,155001.0,0.6364583373069763,0.6461396813392639,0.6270833611488342,0.6419040560722351,760,1417284141,1,1
156001,1920,2340015,299521920,23520,0.6270833611488342,128,156000,0.7893192768096924,1920,17,1,500000,1000,,156001.0,0.637499988079071,0.6461371183395386,0.625,0.6416876912117004,765,1417284141,1,1
157001,1920,2355015,301441920,23520,0.625,128,157000,0.7940983772277832,1920,17,1,500000,1000,,157001.0,0.6348958611488342,0.6461366415023804,0.6187499761581421,0.6415037512779236,770,1417284141,1,1
158001,1920,2370015,303361920,23520,0.6187499761581421,128,158000,0.79925537109375,1920,17,1,500000,1000,,158001.0,0.6364583373069763,0.646137535572052,0.6229166388511658,0.6415374875068665,776,1417284141,1,1
159001,1920,2385015,305281920,23520,0.6229166388511658,128,159000,0.8049352169036865,1920,17,1,500000,1000,,159001.0,0.6354166865348816,0.6461366415023804,0.6208333373069763,0.6421237587928772,781,1417284141,1,1
160001,1920,2400015,307201920,23520,0.6208333373069763,128,160000,0.8101363182067871,1920,17,1,500000,1000,,160001.0,0.6364583373069763,0.6461373567581177,0.6312500238418579,0.6421380639076233,786,1417284141,1,1
161001,1920,2415015,309121920,23520,0.6312500238418579,128,161000,0.8155722618103027,1920,17,1,500000,1000,,161001.0,0.6338541507720947,0.6461426019668579,0.6270833611488342,0.642230212688446,791,1417284141,1,1
162001,1920,2430015,311041920,23520,0.6270833611488342,128,162000,0.8203561305999756,1920,17,1,500000,1000,,162001.0,0.637499988079071,0.6461406946182251,0.625,0.6421176195144653,797,1417284141,1,1
163001,1920,2445015,312961920,23520,0.625,128,163000,0.825646162033081,1920,17,1,500000,1000,,163001.0,0.6338541507720947,0.646138608455658,0.6312500238418579,0.6415824890136719,802,1417284141,1,1
164001,1920,2460015,314881920,23520,0.6312500238418579,128,164000,0.8304121494293213,1920,17,1,500000,1000,,164001.0,0.6343749761581421,0.6461353898048401,0.6312500238418579,0.6420528292655945,807,1417284141,1,1
165001,1920,2475015,316801920,23520,0.6312500238418579,128,165000,0.8352093696594238,1920,17,1,500000,1000,,165001.0,0.6343749761581421,0.6461411714553833,0.6229166388511658,0.6420344114303589,812,1417284141,1,1
166001,1920,2490015,318721920,23520,0.6229166388511658,128,166000,0.8405232429504395,1920,17,1,500000,1000,,166001.0,0.6380208134651184,0.6461365222930908,0.6229166388511658,0.6419397592544556,817,1417284141,1,1
167001,1920,2505015,320641920,23520,0.6229166388511658,128,167000,0.8456282615661621,1920,17,1,500000,1000,,167001.0,0.6354166865348816,0.6461328864097595,0.6229166388511658,0.641657829284668,822,1417284141,1,1
168001,1920,2520015,322561920,23520,0.6229166388511658,128,168000,0.8506171703338623,1920,17,1,500000,1000,,168001.0,0.6343749761581421,0.6461417078971863,0.6229166388511658,0.6419808864593506,827,1417284141,1,1
169001,1920,2535015,324481920,23520,0.6229166388511658,128,169000,0.8554353713989258,1920,17,1,500000,1000,,169001.0,0.6364583373069763,0.6461369395256042,0.6312500238418579,0.6421802043914795,832,1417284141,1,1
170001,1920,2550015,326401920,23520,0.6312500238418579,128,170000,0.8605515956878662,1920,17,1,500000,1000,,170001.0,0.637499988079071,0.6461361646652222,0.625,0.6413805484771729,838,1417284141,1,1
171001,1920,2565015,328321920,23520,0.625,128,171000,0.8653347492218018,1920,17,1,500000,1000,,171001.0,0.6354166865348816,0.646136462688446,0.6229166388511658,0.6421027779579163,843,1417284141,1,1
172001,1920,2580015,330241920,23520,0.6229166388511658,128,172000,0.8701386451721191,1920,17,1,500000,1000,,172001.0,0.6354166865348816,0.6461414098739624,0.6291666626930237,0.6419001221656799,848,1417284141,1,1
173001,1920,2595015,332161920,23520,0.6291666626930237,128,173000,0.8748836517333984,1920,17,1,500000,1000,,173001.0,0.6364583373069763,0.6461389064788818,0.6229166388511658,0.6416808366775513,853,1417284141,1,1
174001,1920,2610015,334081920,23520,0.6229166388511658,128,174000,0.8798468112945557,1920,17,1,500000,1000,,174001.0,0.637499988079071,0.6461376547813416,0.625,0.6419103741645813,858,1417284141,1,1
175001,1920,2625015,336001920,23520,0.625,128,175000,0.8853518962860107,1920,17,1,500000,1000,,175001.0,0.637499988079071,0.6461344361305237,0.6229166388511658,0.6420750021934509,863,1417284141,1,1
176001,1920,2640015,337921920,23520,0.6229166388511658,128,176000,0.8901369571685791,1920,17,1,500000,1000,,176001.0,0.635937511920929,0.6461353302001953,0.6270833611488342,0.6420480012893677,869,1417284141,1,1
177001,1920,2655015,339841920,23520,0.6270833611488342,128,177000,0.8949019908905029,1920,17,1,500000,1000,,177001.0,0.6369791626930237,0.6461353898048401,0.625,0.6422183513641357,874,1417284141,1,1
178001,1920,2670015,341761920,23520,0.625,128,178000,0.8997859954833984,1920,17,1,500000,1000,,178001.0,0.635937511920929,0.6461361646652222,0.6229166388511658,0.6418874263763428,879,1417284141,1,1
179001,1920,2685015,343681920,23520,0.6229166388511658,128,179000,0.904670000076294,1920,17,1,500000,1000,,179001.0,0.6369791626930237,0.6461324691772461,0.6229166388511658,0.6418648958206177,884,1417284141,1,1
180001,1920,2700015,345601920,23520,0.6229166388511658,128,180000,0.9096379280090332,1920,17,1,500000,1000,,180001.0,0.6380208134651184,0.6461414694786072,0.6208333373069763,0.6416906118392944,889,1417284141,1,1
181001,1920,2715015,347521920,23520,0.6208333373069763,128,181000,0.9154739379882812,1920,17,1,500000,1000,,181001.0,0.6338541507720947,0.646138608455658,0.6312500238418579,0.6417388319969177,894,1417284141,1,1
182001,1920,2730015,349441920,23520,0.6312500238418579,128,182000,0.9206328392028809,1920,17,1,500000,1000,,182001.0,0.635937511920929,0.6461360454559326,0.6312500238418579,0.6414054036140442,899,1417284141,1,1
183001,1920,2745015,351361920,23520,0.6312500238418579,128,183000,0.9254920482635498,1920,17,1,500000,1000,,183001.0,0.6364583373069763,0.6461396813392639,0.625,0.6419063806533813,904,1417284141,1,1
184001,1920,2760015,353281920,23520,0.625,128,184000,0.9303309917449951,1920,17,1,500000,1000,,184001.0,0.6380208134651184,0.646135687828064,0.6229166388511658,0.6416345834732056,909,1417284141,1,1
185001,1920,2775015,355201920,23520,0.6229166388511658,128,185000,0.9356989860534668,1920,17,1,500000,1000,,185001.0,0.6343749761581421,0.6461354494094849,0.6312500238418579,0.6420286893844604,914,1417284141,1,1
186001,1920,2790015,357121920,23520,0.6312500238418579,128,186000,0.9404807090759277,1920,17,1,500000,1000,,186001.0,0.637499988079071,0.6461349129676819,0.6229166388511658,0.6416255831718445,919,1417284141,1,1
187001,1920,2805015,359041920,23520,0.6229166388511658,128,187000,0.9458127021789551,1920,17,1,500000,1000,,187001.0,0.6354166865348816,0.6461347937583923,0.625,0.6417380571365356,924,1417284141,1,1
188001,1920,2820015,360961920,23520,0.625,128,188000,0.950549840927124,1920,17,1,500000,1000,,188001.0,0.6354166865348816,0.646135687828064,0.6291666626930237,0.6415722370147705,929,1417284141,1,1
189001,1920,2835015,362881920,23520,0.6291666626930237,128,189000,0.9554877281188965,1920,17,1,500000,1000,,189001.0,0.6354166865348816,0.6461369395256042,0.6291666626930237,0.6416103839874268,934,1417284141,1,1
190001,1920,2850015,364801920,23520,0.6291666626930237,128,190000,0.9603617191314697,1920,17,1,500000,1000,,190001.0,0.6348958611488342,0.6461392641067505,0.625,0.6418769955635071,940,1417284141,1,1
191001,1920,2865015,366721920,23520,0.625,128,191000,0.9656875133514404,1920,17,1,500000,1000,,191001.0,0.6354166865348816,0.6461409330368042,0.6208333373069763,0.6413223743438721,945,1417284141,1,1
192001,1920,2880015,368641920,23520,0.6208333373069763,128,192000,0.9709405899047852,1920,17,1,500000,1000,,192001.0,0.635937511920929,0.6461341977119446,0.6312500238418579,0.6417677998542786,950,1417284141,1,1
193001,1920,2895015,370561920,23520,0.6312500238418579,128,193000,0.9761457443237305,1920,17,1,500000,1000,,193001.0,0.637499988079071,0.6461431384086609,0.6291666626930237,0.6416703462600708,955,1417284141,1,1
194001,1920,2910015,372481920,23520,0.6291666626930237,128,194000,0.9814558029174805,1920,17,1,500000,1000,,194001.0,0.6348958611488342,0.6461409330368042,0.6354166865348816,0.6416414976119995,960,1417284141,1,1
195001,1920,2925015,374401920,23520,0.6354166865348816,128,195000,0.9863200187683105,1920,17,1,500000,1000,,195001.0,0.6354166865348816,0.6461359858512878,0.6208333373069763,0.6415296196937561,965,1417284141,1,1
196001,1920,2940015,376321920,23520,0.6208333373069763,128,196000,0.9910519123077393,1920,17,1,500000,1000,,196001.0,0.635937511920929,0.6461432576179504,0.6291666626930237,0.6416385173797607,970,1417284141,1,1
197001,1920,2955015,378241920,23520,0.6291666626930237,128,197000,0.9964148998260498,1920,17,1,500000,1000,,197001.0,0.6385416388511658,0.646135687828064,0.625,0.6414819955825806,975,1417284141,1,1
198001,1920,2970015,380161920,23520,0.625,128,198000,1.0011489391326904,1920,17,1,500000,1000,,198001.0,0.6348958611488342,0.6461349129676819,0.6312500238418579,0.642108142375946,980,1417284141,1,1
199001,1920,2985015,382081920,23520,0.6312500238418579,128,199000,1.0062947273254395,1920,17,1,500000,1000,,199001.0,0.6354166865348816,0.6461438536643982,0.6208333373069763,0.6417191624641418,985,1417284141,1,1
200001,1920,3000015,384001920,23520,0.6208333373069763,128,200000,1.0110926628112793,1920,17,1,500000,1000,,200001.0,0.6385416388511658,0.6461412310600281,0.625,0.6418215036392212,994,1417284141,1,1
201001,1920,3015015,385921920,23520,0.625,128,201000,1.0159416198730469,1920,17,1,500000,1000,,201001.0,0.635937511920929,0.646132230758667,0.625,0.6419258117675781,999,1417284141,1,1
202001,1920,3030015,387841920,23520,0.625,128,202000,1.0210556983947754,1920,17,1,500000,1000,,202001.0,0.6380208134651184,0.6461341381072998,0.6229166388511658,0.6417483687400818,1004,1417284141,1,1
203001,1920,3045015,389761920,23520,0.6229166388511658,128,203000,1.0260896682739258,1920,17,1,500000,1000,,203001.0,0.6333333253860474,0.6461406946182251,0.6229166388511658,0.6420563459396362,1009,1417284141,1,1
204001,1920,3060015,391681920,23520,0.6229166388511658,128,204000,1.0309107303619385,1920,17,1,500000,1000,,204001.0,0.6364583373069763,0.6461450457572937,0.6208333373069763,0.6416794061660767,1014,1417284141,1,1
205001,1920,3075015,393601920,23520,0.6208333373069763,128,205000,1.0361225605010986,1920,17,1,500000,1000,,205001.0,0.6385416388511658,0.6461367011070251,0.6270833611488342,0.641864538192749,1019,1417284141,1,1
206001,1920,3090015,395521920,23520,0.6270833611488342,128,206000,1.0416326522827148,1920,17,1,500000,1000,,206001.0,0.6333333253860474,0.6461375951766968,0.6187499761581421,0.641610860824585,1024,1417284141,1,1
207001,1920,3105015,397441920,23520,0.6187499761581421,128,207000,1.046966791152954,1920,17,1,500000,1000,,207001.0,0.6354166865348816,0.6461363434791565,0.6291666626930237,0.6419053673744202,1029,1417284141,1,1
208001,1920,3120015,399361920,23520,0.6291666626930237,128,208000,1.0522918701171875,1920,17,1,500000,1000,,208001.0,0.6348958611488342,0.6461359262466431,0.6270833611488342,0.6418572068214417,1034,1417284141,1,1
209001,1920,3135015,401281920,23520,0.6270833611488342,128,209000,1.057579755783081,1920,17,1,500000,1000,,209001.0,0.6343749761581421,0.6461368799209595,0.6208333373069763,0.6418048739433289,1039,1417284141,1,1
210001,1920,3150015,403201920,23520,0.6208333373069763,128,210000,1.0625207424163818,1920,17,1,500000,1000,,210001.0,0.6390625238418579,0.6461362242698669,0.625,0.6417748332023621,1045,1417284141,1,1
211001,1920,3165015,405121920,23520,0.625,128,211000,1.0676770210266113,1920,17,1,500000,1000,,211001.0,0.6348958611488342,0.6461350917816162,0.6270833611488342,0.6418095231056213,1050,1417284141,1,1
212001,1920,3180015,407041920,23520,0.6270833611488342,128,212000,1.0724561214447021,1920,17,1,500000,1000,,212001.0,0.635937511920929,0.6461416482925415,0.6229166388511658,0.6424093246459961,1055,1417284141,1,1
213001,1920,3195015,408961920,23520,0.6229166388511658,128,213000,1.077221155166626,1920,17,1,500000,1000,,213001.0,0.6369791626930237,0.6461357474327087,0.6229166388511658,0.6416195034980774,1060,1417284141,1,1
214001,1920,3210015,410881920,23520,0.6229166388511658,128,214000,1.0822391510009766,1920,17,1,500000,1000,,214001.0,0.6354166865348816,0.6461365818977356,0.625,0.6417970657348633,1065,1417284141,1,1
215001,1920,3225015,412801920,23520,0.625,128,215000,1.0876739025115967,1920,17,1,500000,1000,,215001.0,0.637499988079071,0.6461359262466431,0.625,0.6421282291412354,1070,1417284141,1,1
216001,1920,3240015,414721920,23520,0.625,128,216000,1.0924696922302246,1920,17,1,500000,1000,,216001.0,0.6322916746139526,0.6461353302001953,0.6229166388511658,0.6420884728431702,1075,1417284141,1,1
217001,1920,3255015,416641920,23520,0.6229166388511658,128,217000,1.0972297191619873,1920,17,1,500000,1000,,217001.0,0.635937511920929,0.646138072013855,0.6229166388511658,0.6420214772224426,1080,1417284141,1,1
218001,1920,3270015,418561920,23520,0.6229166388511658,128,218000,1.1019906997680664,1920,17,1,500000,1000,,218001.0,0.6333333253860474,0.6461359858512878,0.6187499761581421,0.6418660283088684,1085,1417284141,1,1
219001,1920,3285015,420481920,23520,0.6187499761581421,128,219000,1.107266902923584,1920,17,1,500000,1000,,219001.0,0.6338541507720947,0.6461368799209595,0.6270833611488342,0.641859233379364,1090,1417284141,1,1
220001,1920,3300015,422401920,23520,0.6270833611488342,128,220000,1.112055778503418,1920,17,1,500000,1000,,220001.0,0.6348958611488342,0.6461376547813416,0.6208333373069763,0.641477644443512,1095,1417284141,1,1
221001,1920,3315015,424321920,23520,0.6208333373069763,128,221000,1.117506980895996,1920,17,1,500000,1000,,221001.0,0.6348958611488342,0.6461350917816162,0.6229166388511658,0.6420395374298096,1100,1417284141,1,1
222001,1920,3330015,426241920,23520,0.6229166388511658,128,222000,1.1224780082702637,1920,17,1,500000,1000,,222001.0,0.6369791626930237,0.6461396813392639,0.625,0.6420558094978333,1106,1417284141,1,1
223001,1920,3345015,428161920,23520,0.625,128,223000,1.1273610591888428,1920,17,1,500000,1000,,223001.0,0.6380208134651184,0.6461346745491028,0.625,0.6415635347366333,1111,1417284141,1,1
224001,1920,3360015,430081920,23520,0.625,128,224000,1.132789134979248,1920,17,1,500000,1000,,224001.0,0.635937511920929,0.6461387276649475,0.625,0.641523003578186,1116,1417284141,1,1
225001,1920,3375015,432001920,23520,0.625,128,225000,1.1383132934570312,1920,17,1,500000,1000,,225001.0,0.6348958611488342,0.6461353302001953,0.625,0.6418581604957581,1121,1417284141,1,1
226001,1920,3390015,433921920,23520,0.625,128,226000,1.1432933807373047,1920,17,1,500000,1000,,226001.0,0.6343749761581421,0.6461363434791565,0.6312500238418579,0.6418806910514832,1126,1417284141,1,1
227001,1920,3405015,435841920,23520,0.6312500238418579,128,227000,1.1484522819519043,1920,17,1,500000,1000,,227001.0,0.635937511920929,0.6461408734321594,0.625,0.641443133354187,1131,1417284141,1,1
228001,1920,3420015,437761920,23520,0.625,128,228000,1.1537160873413086,1920,17,1,500000,1000,,228001.0,0.6364583373069763,0.6461353302001953,0.6229166388511658,0.641835629940033,1136,1417284141,1,1
229001,1920,3435015,439681920,23520,0.6229166388511658,128,229000,1.1584410667419434,1920,17,1,500000,1000,,229001.0,0.635937511920929,0.6461358666419983,0.6208333373069763,0.6416466236114502,1141,1417284141,1,1
230001,1920,3450015,441601920,23520,0.6208333373069763,128,230000,1.1636769771575928,1920,17,1,500000,1000,,230001.0,0.635937511920929,0.646134078502655,0.6229166388511658,0.6416550278663635,1146,1417284141,1,1
231001,1920,3465015,443521920,23520,0.6229166388511658,128,231000,1.1688320636749268,1920,17,1,500000,1000,,231001.0,0.6369791626930237,0.6461343169212341,0.6270833611488342,0.6419550180435181,1151,1417284141,1,1
232001,1920,3480015,445441920,23520,0.6270833611488342,128,232000,1.1737968921661377,1920,17,1,500000,1000,,232001.0,0.637499988079071,0.6461402177810669,0.6291666626930237,0.641854465007782,1156,1417284141,1,1
233001,1920,3495015,447361920,23520,0.6291666626930237,128,233000,1.1785051822662354,1920,17,1,500000,1000,,233001.0,0.6338541507720947,0.6461358666419983,0.6333333253860474,0.641925573348999,1161,1417284141,1,1
234001,1920,3510015,449281920,23520,0.6333333253860474,128,234000,1.183440923690796,1920,17,1,500000,1000,,234001.0,0.6364583373069763,0.6461358666419983,0.6312500238418579,0.6421636343002319,1166,1417284141,1,1
235001,1920,3525015,451201920,23520,0.6312500238418579,128,235000,1.1885457038879395,1920,17,1,500000,1000,,235001.0,0.635937511920929,0.6461368203163147,0.6312500238418579,0.6421102285385132,1171,1417284141,1,1
236001,1920,3540015,453121920,23520,0.6312500238418579,128,236000,1.1938867568969727,1920,17,1,500000,1000,,236001.0,0.6364583373069763,0.6461352109909058,0.6229166388511658,0.6417837142944336,1177,1417284141,1,1
237001,1920,3555015,455041920,23520,0.6229166388511658,128,237000,1.1991188526153564,1920,17,1,500000,1000,,237001.0,0.6343749761581421,0.6461326479911804,0.6312500238418579,0.642007052898407,1182,1417284141,1,1
238001,1920,3570015,456961920,23520,0.6312500238418579,128,238000,1.2038726806640625,1920,17,1,500000,1000,,238001.0,0.6380208134651184,0.6461375951766968,0.6270833611488342,0.6416810750961304,1187,1417284141,1,1
239001,1920,3585015,458881920,23520,0.6270833611488342,128,239000,1.2091355323791504,1920,17,1,500000,1000,,239001.0,0.6380208134651184,0.6461415886878967,0.625,0.6417763233184814,1192,1417284141,1,1
240001,1920,3600015,460801920,23520,0.625,128,240000,1.214362621307373,1920,17,1,500000,1000,,240001.0,0.6307291388511658,0.6461454629898071,0.6208333373069763,0.6419346928596497,1197,1417284141,1,1
241001,1920,3615015,462721920,23520,0.6208333373069763,128,241000,1.2195215225219727,1920,17,1,500000,1000,,241001.0,0.6348958611488342,0.6461364030838013,0.6208333373069763,0.6415996551513672,1202,1417284141,1,1
242001,1920,3630015,464641920,23520,0.6208333373069763,128,242000,1.2243916988372803,1920,17,1,500000,1000,,242001.0,0.6354166865348816,0.6461378931999207,0.6312500238418579,0.6416792273521423,1207,1417284141,1,1
243001,1920,3645015,466561920,23520,0.6312500238418579,128,243000,1.2295358180999756,1920,17,1,500000,1000,,243001.0,0.6364583373069763,0.6461352109909058,0.6270833611488342,0.6417496204376221,1213,1417284141,1,1
244001,1920,3660015,468481920,23520,0.6270833611488342,128,244000,1.234764814376831,1920,17,1,500000,1000,,244001.0,0.6317708492279053,0.6461374759674072,0.6187499761581421,0.6420108675956726,1218,1417284141,1,1
245001,1920,3675015,470401920,23520,0.6187499761581421,128,245000,1.2397828102111816,1920,17,1,500000,1000,,245001.0,0.635937511920929,0.6461371779441833,0.625,0.641651451587677,1223,1417284141,1,1
246001,1920,3690015,472321920,23520,0.625,128,246000,1.2452378273010254,1920,17,1,500000,1000,,246001.0,0.6338541507720947,0.6461347937583923,0.6291666626930237,0.6417904496192932,1228,1417284141,1,1
247001,1920,3705015,474241920,23520,0.6291666626930237,128,247000,1.2500720024108887,1920,17,1,500000,1000,,247001.0,0.6369791626930237,0.6461342573165894,0.625,0.6418198943138123,1233,1417284141,1,1
248001,1920,3720015,476161920,23520,0.625,128,248000,1.2554278373718262,1920,17,1,500000,1000,,248001.0,0.6333333253860474,0.6461445093154907,0.6229166388511658,0.641657292842865,1238,1417284141,1,1
249001,1920,3735015,478081920,23520,0.6229166388511658,128,249000,1.2605640888214111,1920,17,1,500000,1000,,249001.0,0.6369791626930237,0.6461356282234192,0.625,0.6418828368186951,1243,1417284141,1,1
250001,1920,3750015,480001920,23520,0.625,128,250000,1.2653601169586182,1920,17,1,500000,1000,,250001.0,0.6333333253860474,0.6461419463157654,0.6312500238418579,0.6415385007858276,1248,1417284141,1,1
251001,1920,3765015,481921920,23520,0.6312500238418579,128,251000,1.2705299854278564,1920,17,1,500000,1000,,251001.0,0.6364583373069763,0.6461353302001953,0.6208333373069763,0.6420031189918518,1253,1417284141,1,1
252001,1920,3780015,483841920,23520,0.6208333373069763,128,252000,1.275623083114624,1920,17,1,500000,1000,,252001.0,0.6348958611488342,0.6461381316184998,0.6208333373069763,0.6413940191268921,1258,1417284141,1,1
253001,1920,3795015,485761920,23520,0.6208333373069763,128,253000,1.280573844909668,1920,17,1,500000,1000,,253001.0,0.6364583373069763,0.646135687828064,0.6270833611488342,0.6419948935508728,1263,1417284141,1,1
254001,1920,3810015,487681920,23520,0.6270833611488342,128,254000,1.2855029106140137,1920,17,1,500000,1000,,254001.0,0.6343749761581421,0.6461401581764221,0.6270833611488342,0.6421970129013062,1268,1417284141,1,1
255001,1920,3825015,489601920,23520,0.6270833611488342,128,255000,1.2902846336364746,1920,17,1,500000,1000,,255001.0,0.637499988079071,0.6461352705955505,0.625,0.6419956088066101,1274,1417284141,1,1
256001,1920,3840015,491521920,23520,0.625,128,256000,1.2951595783233643,1920,17,1,500000,1000,,256001.0,0.6354166865348816,0.6461411714553833,0.6208333373069763,0.6419904828071594,1279,1417284141,1,1
257001,1920,3855015,493441920,23520,0.6208333373069763,128,257000,1.300018548965454,1920,17,1,500000,1000,,257001.0,0.6364583373069763,0.6461373567581177,0.625,0.6417170166969299,1284,1417284141,1,1
258001,1920,3870015,495361920,23520,0.625,128,258000,1.3049466609954834,1920,17,1,500000,1000,,258001.0,0.6343749761581421,0.646143913269043,0.6270833611488342,0.6416612267494202,1289,1417284141,1,1
259001,1920,3885015,497281920,23520,0.6270833611488342,128,259000,1.3100945949554443,1920,17,1,500000,1000,,259001.0,0.6348958611488342,0.6461355686187744,0.6229166388511658,0.6418452858924866,1294,1417284141,1,1
260001,1920,3900015,499201920,23520,0.6229166388511658,128,260000,1.3150227069854736,1920,17,1,500000,1000,,260001.0,0.6354166865348816,0.6461332440376282,0.6333333253860474,0.6416521668434143,1299,1417284141,1,1
261001,1920,3915015,501121920,23520,0.6333333253860474,128,261000,1.320082664489746,1920,17,1,500000,1000,,261001.0,0.6354166865348816,0.6461364030838013,0.6229166388511658,0.6416822075843811,1304,1417284141,1,1
262001,1920,3930015,503041920,23520,0.6229166388511658,128,262000,1.3249216079711914,1920,17,1,500000,1000,,262001.0,0.6322916746139526,0.6461455225944519,0.6208333373069763,0.6421154141426086,1309,1417284141,1,1
263001,1920,3945015,504961920,23520,0.6208333373069763,128,263000,1.3301417827606201,1920,17,1,500000,1000,,263001.0,0.6343749761581421,0.6461367011070251,0.6270833611488342,0.6417933702468872,1314,1417284141,1,1
264001,1920,3960015,506881920,23520,0.6270833611488342,128,264000,1.3348877429962158,1920,17,1,500000,1000,,264001.0,0.6364583373069763,0.6461389064788818,0.6312500238418579,0.642071545124054,1319,1417284141,1,1
265001,1920,3975015,508801920,23520,0.6312500238418579,128,265000,1.3398568630218506,1920,17,1,500000,1000,,265001.0,0.6380208134651184,0.6461381316184998,0.6229166388511658,0.6416348814964294,1324,1417284141,1,1
266001,1920,3990015,510721920,23520,0.6229166388511658,128,266000,1.344648838043213,1920,17,1,500000,1000,,266001.0,0.6343749761581421,0.6461397409439087,0.6312500238418579,0.6420950293540955,1330,1417284141,1,1
267001,1920,4005015,512641920,23520,0.6312500238418579,128,267000,1.3498835563659668,1920,17,1,500000,1000,,267001.0,0.635937511920929,0.6461353302001953,0.625,0.6421636939048767,1335,1417284141,1,1
268001,1920,4020015,514561920,23520,0.625,128,268000,1.3550474643707275,1920,17,1,500000,1000,,268001.0,0.6343749761581421,0.6461411714553833,0.625,0.6416709423065186,1340,1417284141,1,1
269001,1920,4035015,516481920,23520,0.625,128,269000,1.3605353832244873,1920,17,1,500000,1000,,269001.0,0.635937511920929,0.6461390256881714,0.6312500238418579,0.6421768069267273,1345,1417284141,1,1
270001,1920,4050015,518401920,23520,0.6312500238418579,128,270000,1.3653652667999268,1920,17,1,500000,1000,,270001.0,0.6364583373069763,0.6461362242698669,0.6270833611488342,0.6418693661689758,1350,1417284141,1,1
271001,1920,4065015,520321920,23520,0.6270833611488342,128,271000,1.3705580234527588,1920,17,1,500000,1000,,271001.0,0.6333333253860474,0.6461337804794312,0.6187499761581421,0.6416437029838562,1355,1417284141,1,1
272001,1920,4080015,522241920,23520,0.6187499761581421,128,272000,1.376089096069336,1920,17,1,500000,1000,,272001.0,0.635937511920929,0.6461365818977356,0.6333333253860474,0.6418234705924988,1360,1417284141,1,1
273001,1920,4095015,524161920,23520,0.6333333253860474,128,273000,1.3829591274261475,1920,17,1,500000,1000,,273001.0,0.6354166865348816,0.6461336016654968,0.6312500238418579,0.6416358947753906,1365,1417284141,1,1
274001,1920,4110015,526081920,23520,0.6312500238418579,128,274000,1.3881151676177979,1920,17,1,500000,1000,,274001.0,0.6354166865348816,0.6461398005485535,0.6208333373069763,0.6418613791465759,1370,1417284141,1,1
275001,1920,4125015,528001920,23520,0.6208333373069763,128,275000,1.393110990524292,1920,17,1,500000,1000,,275001.0,0.637499988079071,0.6461362838745117,0.625,0.6417302489280701,1375,1417284141,1,1
276001,1920,4140015,529921920,23520,0.625,128,276000,1.3982269763946533,1920,17,1,500000,1000,,276001.0,0.6328125,0.646135151386261,0.625,0.6420999765396118,1381,1417284141,1,1
277001,1920,4155015,531841920,23520,0.625,128,277000,1.4031150341033936,1920,17,1,500000,1000,,277001.0,0.6348958611488342,0.6461363434791565,0.6312500238418579,0.6418205499649048,1386,1417284141,1,1
278001,1920,4170015,533761920,23520,0.6312500238418579,128,278000,1.4085571765899658,1920,17,1,500000,1000,,278001.0,0.635937511920929,0.646138072013855,0.6312500238418579,0.6420835852622986,1391,1417284141,1,1
279001,1920,4185015,535681920,23520,0.6312500238418579,128,279000,1.413525104522705,1920,17,1,500000,1000,,279001.0,0.637499988079071,0.6461365222930908,0.625,0.6421205401420593,1396,1417284141,1,1
280001,1920,4200015,537601920,23520,0.625,128,280000,1.418874979019165,1920,17,1,500000,1000,,280001.0,0.6364583373069763,0.6461327075958252,0.6229166388511658,0.6418838500976562,1401,1417284141,1,1
281001,1920,4215015,539521920,23520,0.6229166388511658,128,281000,1.4241430759429932,1920,17,1,500000,1000,,281001.0,0.637499988079071,0.6461378931999207,0.6229166388511658,0.6414333581924438,1406,1417284141,1,1
282001,1920,4230015,541441920,23520,0.6229166388511658,128,282000,1.4291751384735107,1920,17,1,500000,1000,,282001.0,0.6338541507720947,0.6461336016654968,0.6333333253860474,0.6417081356048584,1411,1417284141,1,1
283001,1920,4245015,543361920,23520,0.6333333253860474,128,283000,1.4344420433044434,1920,17,1,500000,1000,,283001.0,0.6354166865348816,0.6461362242698669,0.6229166388511658,0.6418667435646057,1417,1417284141,1,1
284001,1920,4260015,545281920,23520,0.6229166388511658,128,284000,1.4401061534881592,1920,17,1,500000,1000,,284001.0,0.6364583373069763,0.6461371183395386,0.625,0.641929566860199,1422,1417284141,1,1
285001,1920,4275015,547201920,23520,0.625,128,285000,1.4451110363006592,1920,17,1,500000,1000,,285001.0,0.6343749761581421,0.6461355686187744,0.6312500238418579,0.6420184373855591,1427,1417284141,1,1
286001,1920,4290015,549121920,23520,0.6312500238418579,128,286000,1.450204849243164,1920,17,1,500000,1000,,286001.0,0.6343749761581421,0.6461426019668579,0.6312500238418579,0.6421050429344177,1432,1417284141,1,1
287001,1920,4305015,551041920,23520,0.6312500238418579,128,287000,1.4550762176513672,1920,17,1,500000,1000,,287001.0,0.6343749761581421,0.6461328268051147,0.6312500238418579,0.6420061588287354,1437,1417284141,1,1
288001,1920,4320015,552961920,23520,0.6312500238418579,128,288000,1.460085153579712,1920,17,1,500000,1000,,288001.0,0.635937511920929,0.6461402773857117,0.625,0.6417325735092163,1442,1417284141,1,1
289001,1920,4335015,554881920,23520,0.625,128,289000,1.4648540019989014,1920,17,1,500000,1000,,289001.0,0.6338541507720947,0.6461364030838013,0.6312500238418579,0.6420179009437561,1447,1417284141,1,1
290001,1920,4350015,556801920,23520,0.6312500238418579,128,290000,1.4702436923980713,1920,17,1,500000,1000,,290001.0,0.6364583373069763,0.6461325287818909,0.625,0.641864538192749,1452,1417284141,1,1
291001,1920,4365015,558721920,23520,0.625,128,291000,1.475637674331665,1920,17,1,500000,1000,,291001.0,0.6343749761581421,0.6461352109909058,0.6312500238418579,0.6416571140289307,1457,1417284141,1,1
292001,1920,4380015,560641920,23520,0.6312500238418579,128,292000,1.4807636737823486,1920,17,1,500000,1000,,292001.0,0.6354166865348816,0.6461378931999207,0.625,0.6414803266525269,1462,1417284141,1,1
293001,1920,4395015,562561920,23520,0.625,128,293000,1.4860494136810303,1920,17,1,500000,1000,,293001.0,0.6333333253860474,0.6461406946182251,0.6291666626930237,0.6419227123260498,1467,1417284141,1,1
294001,1920,4410015,564481920,23520,0.6291666626930237,128,294000,1.4911243915557861,1920,17,1,500000,1000,,294001.0,0.6364583373069763,0.6461321711540222,0.625,0.6420647501945496,1472,1417284141,1,1
295001,1920,4425015,566401920,23520,0.625,128,295000,1.4960596561431885,1920,17,1,500000,1000,,295001.0,0.6364583373069763,0.6461389064788818,0.6312500238418579,0.6420121788978577,1477,1417284141,1,1
296001,1920,4440015,568321920,23520,0.6312500238418579,128,296000,1.501145601272583,1920,17,1,500000,1000,,296001.0,0.6364583373069763,0.6461397409439087,0.6229166388511658,0.6415809392929077,1482,1417284141,1,1
297001,1920,4455015,570241920,23520,0.6229166388511658,128,297000,1.5061087608337402,1920,17,1,500000,1000,,297001.0,0.6364583373069763,0.6461346745491028,0.6312500238418579,0.641755223274231,1488,1417284141,1,1
298001,1920,4470015,572161920,23520,0.6312500238418579,128,298000,1.5113837718963623,1920,17,1,500000,1000,,298001.0,0.6354166865348816,0.646136999130249,0.6312500238418579,0.6418158411979675,1493,1417284141,1,1
299001,1920,4485015,574081920,23520,0.6312500238418579,128,299000,1.5166809558868408,1920,17,1,500000,1000,,299001.0,0.6333333253860474,0.6461344957351685,0.6208333373069763,0.641765832901001,1498,1417284141,1,1
300001,1920,4500015,576001920,23520,0.6208333373069763,128,300000,1.5214548110961914,1920,17,1,500000,1000,,300001.0,0.6385416388511658,0.6461361646652222,0.625,0.6420207619667053,1502,1417284141,1,1
301001,1920,4515015,577921920,23520,0.625,128,301000,1.5262348651885986,1920,17,1,500000,1000,,301001.0,0.637499988079071,0.6461357474327087,0.625,0.6419627070426941,1507,1417284141,1,1
302001,1920,4530015,579841920,23520,0.625,128,302000,1.5373566150665283,1920,17,1,500000,1000,,302001.0,0.635937511920929,0.6461403369903564,0.6229166388511658,0.641836404800415,1512,1417284141,1,1
303001,1920,4545015,581761920,23520,0.6229166388511658,128,303000,1.5429267883300781,1920,17,1,500000,1000,,303001.0,0.6348958611488342,0.6461438536643982,0.625,0.6416976451873779,1517,1417284141,1,1
304001,1920,4560015,583681920,23520,0.625,128,304000,1.5477230548858643,1920,17,1,500000,1000,,304001.0,0.6333333253860474,0.6461390256881714,0.6291666626930237,0.641855776309967,1522,1417284141,1,1
305001,1920,4575015,585601920,23520,0.6291666626930237,128,305000,1.5525381565093994,1920,17,1,500000,1000,,305001.0,0.637499988079071,0.6461381316184998,0.6229166388511658,0.6421147584915161,1528,1417284141,1,1
306001,1920,4590015,587521920,23520,0.6229166388511658,128,306000,1.55743408203125,1920,17,1,500000,1000,,306001.0,0.6369791626930237,0.6461395621299744,0.6312500238418579,0.6422911286354065,1533,1417284141,1,1
307001,1920,4605015,589441920,23520,0.6312500238418579,128,307000,1.5622351169586182,1920,17,1,500000,1000,,307001.0,0.6333333253860474,0.6461406946182251,0.6229166388511658,0.642186164855957,1538,1417284141,1,1
308001,1920,4620015,591361920,23520,0.6229166388511658,128,308000,1.567336082458496,1920,17,1,500000,1000,,308001.0,0.6354166865348816,0.6461430788040161,0.625,0.6418839693069458,1543,1417284141,1,1
309001,1920,4635015,593281920,23520,0.625,128,309000,1.5720782279968262,1920,17,1,500000,1000,,309001.0,0.6343749761581421,0.6461402177810669,0.6312500238418579,0.642087996006012,1548,1417284141,1,1
310001,1920,4650015,595201920,23520,0.6312500238418579,128,310000,1.57759428024292,1920,17,1,500000,1000,,310001.0,0.6343749761581421,0.6461353898048401,0.625,0.6421579718589783,1553,1417284141,1,1
311001,1920,4665015,597121920,23520,0.625,128,311000,1.5833492279052734,1920,17,1,500000,1000,,311001.0,0.6348958611488342,0.6461331844329834,0.6229166388511658,0.641822099685669,1558,1417284141,1,1
312001,1920,4680015,599041920,23520,0.6229166388511658,128,312000,1.588130235671997,1920,17,1,500000,1000,,312001.0,0.6343749761581421,0.646134078502655,0.6312500238418579,0.6417158842086792,1563,1417284141,1,1
313001,1920,4695015,600961920,23520,0.6312500238418579,128,313000,1.5928888320922852,1920,17,1,500000,1000,,313001.0,0.637499988079071,0.6461338400840759,0.625,0.6422709822654724,1568,1417284141,1,1
314001,1920,4710015,602881920,23520,0.625,128,314000,1.5976495742797852,1920,17,1,500000,1000,,314001.0,0.6369791626930237,0.6461341977119446,0.6312500238418579,0.6418884992599487,1573,1417284141,1,1
315001,1920,4725015,604801920,23520,0.6312500238418579,128,315000,1.6024436950683594,1920,17,1,500000,1000,,315001.0,0.6385416388511658,0.6461403369903564,0.625,0.641619861125946,1578,1417284141,1,1
316001,1920,4740015,606721920,23520,0.625,128,316000,1.6076304912567139,1920,17,1,500000,1000,,316001.0,0.6343749761581421,0.646140456199646,0.625,0.6419123411178589,1583,1417284141,1,1
317001,1920,4755015,608641920,23520,0.625,128,317000,1.6127808094024658,1920,17,1,500000,1000,,317001.0,0.6348958611488342,0.6461395621299744,0.6187499761581421,0.6421452164649963,1588,1417284141,1,1
318001,1920,4770015,610561920,23520,0.6187499761581421,128,318000,1.6175215244293213,1920,17,1,500000,1000,,318001.0,0.6369791626930237,0.646136462688446,0.6208333373069763,0.6415082216262817,1593,1417284141,1,1
319001,1920,4785015,612481920,23520,0.6208333373069763,128,319000,1.623072624206543,1920,17,1,500000,1000,,319001.0,0.635937511920929,0.6461339592933655,0.625,0.6416428089141846,1598,1417284141,1,1
320001,1920,4800015,614401920,23520,0.625,128,320000,1.6280198097229004,1920,17,1,500000,1000,,320001.0,0.6354166865348816,0.6461365818977356,0.6312500238418579,0.6419280171394348,1603,1417284141,1,1
321001,1920,4815015,616321920,23520,0.6312500238418579,128,321000,1.6328856945037842,1920,17,1,500000,1000,,321001.0,0.6354166865348816,0.6461359262466431,0.6312500238418579,0.6417046785354614,1608,1417284141,1,1
322001,1920,4830015,618241920,23520,0.6312500238418579,128,322000,1.6375997066497803,1920,17,1,500000,1000,,322001.0,0.6364583373069763,0.6461349129676819,0.6208333373069763,0.6414908766746521,1613,1417284141,1,1
323001,1920,4845015,620161920,23520,0.6208333373069763,128,323000,1.642416000366211,1920,17,1,500000,1000,,323001.0,0.6364583373069763,0.6461383700370789,0.6312500238418579,0.6417043209075928,1618,1417284141,1,1
324001,1920,4860015,622081920,23520,0.6312500238418579,128,324000,1.6476359367370605,1920,17,1,500000,1000,,324001.0,0.6348958611488342,0.6461350321769714,0.6312500238418579,0.6416288018226624,1623,1417284141,1,1
325001,1920,4875015,624001920,23520,0.6312500238418579,128,325000,1.652359962463379,1920,17,1,500000,1000,,325001.0,0.6354166865348816,0.6461354494094849,0.6208333373069763,0.6417240500450134,1628,1417284141,1,1
326001,1920,4890015,625921920,23520,0.6208333373069763,128,326000,1.6576688289642334,1920,17,1,500000,1000,,326001.0,0.635937511920929,0.6461406350135803,0.6312500238418579,0.6415367126464844,1633,1417284141,1,1
327001,1920,4905015,627841920,23520,0.6312500238418579,128,327000,1.6624438762664795,1920,17,1,500000,1000,,327001.0,0.6348958611488342,0.6461427807807922,0.6229166388511658,0.6420921087265015,1638,1417284141,1,1
328001,1920,4920015,629761920,23520,0.6229166388511658,128,328000,1.6674258708953857,1920,17,1,500000,1000,,328001.0,0.6333333253860474,0.6461353898048401,0.6208333373069763,0.6418197154998779,1643,1417284141,1,1
329001,1920,4935015,631681920,23520,0.6208333373069763,128,329000,1.6727797985076904,1920,17,1,500000,1000,,329001.0,0.6369791626930237,0.6461412310600281,0.6270833611488342,0.6416941285133362,1648,1417284141,1,1
330001,1920,4950015,633601920,23520,0.6270833611488342,128,330000,1.6782326698303223,1920,17,1,500000,1000,,330001.0,0.6364583373069763,0.6461384296417236,0.6312500238418579,0.6415827870368958,1653,1417284141,1,1
331001,1920,4965015,635521920,23520,0.6312500238418579,128,331000,1.6830499172210693,1920,17,1,500000,1000,,331001.0,0.635937511920929,0.6461378931999207,0.6312500238418579,0.6417823433876038,1658,1417284141,1,1
332001,1920,4980015,637441920,23520,0.6312500238418579,128,332000,1.6881000995635986,1920,17,1,500000,1000,,332001.0,0.6369791626930237,0.6461319327354431,0.6312500238418579,0.642005205154419,1663,1417284141,1,1
333001,1920,4995015,639361920,23520,0.6312500238418579,128,333000,1.6934082508087158,1920,17,1,500000,1000,,333001.0,0.6348958611488342,0.6461371183395386,0.6312500238418579,0.6413278579711914,1668,1417284141,1,1
334001,1920,5010015,641281920,23520,0.6312500238418579,128,334000,1.6981101036071777,1920,17,1,500000,1000,,334001.0,0.6354166865348816,0.6461366415023804,0.6333333253860474,0.6416375637054443,1673,1417284141,1,1
335001,1920,5025015,643201920,23520,0.6333333253860474,128,335000,1.703355073928833,1920,17,1,500000,1000,,335001.0,0.635937511920929,0.646134078502655,0.6187499761581421,0.6415374875068665,1678,1417284141,1,1
336001,1920,5040015,645121920,23520,0.6187499761581421,128,336000,1.708806037902832,1920,17,1,500000,1000,,336001.0,0.635937511920929,0.6461357474327087,0.6270833611488342,0.642105758190155,1683,1417284141,1,1
337001,1920,5055015,647041920,23520,0.6270833611488342,128,337000,1.713818073272705,1920,17,1,500000,1000,,337001.0,0.6343749761581421,0.646135687828064,0.6229166388511658,0.6415625810623169,1688,1417284141,1,1
338001,1920,5070015,648961920,23520,0.6229166388511658,128,338000,1.7186222076416016,1920,17,1,500000,1000,,338001.0,0.6354166865348816,0.6461333632469177,0.6187499761581421,0.6416264176368713,1693,1417284141,1,1
339001,1920,5085015,650881920,23520,0.6187499761581421,128,339000,1.7234010696411133,1920,17,1,500000,1000,,339001.0,0.6364583373069763,0.6461425423622131,0.6208333373069763,0.6416412591934204,1698,1417284141,1,1
340001,1920,5100015,652801920,23520,0.6208333373069763,128,340000,1.7286763191223145,1920,17,1,500000,1000,,340001.0,0.6343749761581421,0.6461406946182251,0.6208333373069763,0.6420867443084717,1703,1417284141,1,1
341001,1920,5115015,654721920,23520,0.6208333373069763,128,341000,1.7335684299468994,1920,17,1,500000,1000,,341001.0,0.6364583373069763,0.6461363434791565,0.6312500238418579,0.6420912146568298,1709,1417284141,1,1
342001,1920,5130015,656641920,23520,0.6312500238418579,128,342000,1.7388794422149658,1920,17,1,500000,1000,,342001.0,0.6348958611488342,0.6461359858512878,0.6312500238418579,0.6416168212890625,1714,1417284141,1,1
343001,1920,5145015,658561920,23520,0.6312500238418579,128,343000,1.7441604137420654,1920,17,1,500000,1000,,343001.0,0.637499988079071,0.6461354494094849,0.625,0.6417487263679504,1719,1417284141,1,1
344001,1920,5160015,660481920,23520,0.625,128,344000,1.7494173049926758,1920,17,1,500000,1000,,344001.0,0.6343749761581421,0.6461355686187744,0.6312500238418579,0.6419864296913147,1724,1417284141,1,1
345001,1920,5175015,662401920,23520,0.6312500238418579,128,345000,1.754265546798706,1920,17,1,500000,1000,,345001.0,0.6364583373069763,0.6461352705955505,0.625,0.6420994997024536,1729,1417284141,1,1
346001,1920,5190015,664321920,23520,0.625,128,346000,1.759401559829712,1920,17,1,500000,1000,,346001.0,0.637499988079071,0.6461385488510132,0.6208333373069763,0.6416869759559631,1734,1417284141,1,1
347001,1920,5205015,666241920,23520,0.6208333373069763,128,347000,1.7648258209228516,1920,17,1,500000,1000,,347001.0,0.6364583373069763,0.6461389660835266,0.6312500238418579,0.6421658992767334,1739,1417284141,1,1
348001,1920,5220015,668161920,23520,0.6312500238418579,128,348000,1.7696177959442139,1920,17,1,500000,1000,,348001.0,0.635937511920929,0.6461365818977356,0.625,0.6414183378219604,1744,1417284141,1,1
349001,1920,5235015,670081920,23520,0.625,128,349000,1.7744855880737305,1920,17,1,500000,1000,,349001.0,0.6369791626930237,0.6461361050605774,0.6208333373069763,0.6417338252067566,1749,1417284141,1,1
350001,1920,5250015,672001920,23520,0.6208333373069763,128,350000,1.7796673774719238,1920,17,1,500000,1000,,350001.0,0.6328125,0.6461401581764221,0.6187499761581421,0.64165860414505,1754,1417284141,1,1
351001,1920,5265015,673921920,23520,0.6187499761581421,128,351000,1.7845041751861572,1920,17,1,500000,1000,,351001.0,0.6348958611488342,0.6461337804794312,0.6312500238418579,0.641547441482544,1759,1417284141,1,1
352001,1920,5280015,675841920,23520,0.6312500238418579,128,352000,1.7892341613769531,1920,17,1,500000,1000,,352001.0,0.6338541507720947,0.646136462688446,0.6291666626930237,0.6416318416595459,1765,1417284141,1,1
353001,1920,5295015,677761920,23520,0.6291666626930237,128,353000,1.7946100234985352,1920,17,1,500000,1000,,353001.0,0.6354166865348816,0.6461402773857117,0.6208333373069763,0.6415845155715942,1770,1417284141,1,1
354001,1920,5310015,679681920,23520,0.6208333373069763,128,354000,1.7995352745056152,1920,17,1,500000,1000,,354001.0,0.635937511920929,0.646133542060852,0.6312500238418579,0.6415268182754517,1775,1417284141,1,1
355001,1920,5325015,681601920,23520,0.6312500238418579,128,355000,1.8045201301574707,1920,17,1,500000,1000,,355001.0,0.6354166865348816,0.646138608455658,0.6187499761581421,0.6416913270950317,1780,1417284141,1,1
356001,1920,5340015,683521920,23520,0.6187499761581421,128,356000,1.809251308441162,1920,17,1,500000,1000,,356001.0,0.637499988079071,0.646133303642273,0.6229166388511658,0.6417473554611206,1785,1417284141,1,1
357001,1920,5355015,685441920,23520,0.6229166388511658,128,357000,1.8143823146820068,1920,17,1,500000,1000,,357001.0,0.6380208134651184,0.6461361646652222,0.6229166388511658,0.6418201327323914,1790,1417284141,1,1
358001,1920,5370015,687361920,23520,0.6229166388511658,128,358000,1.819810152053833,1920,17,1,500000,1000,,358001.0,0.6343749761581421,0.6461367011070251,0.6291666626930237,0.6413466334342957,1795,1417284141,1,1
359001,1920,5385015,689281920,23520,0.6291666626930237,128,359000,1.8247339725494385,1920,17,1,500000,1000,,359001.0,0.6338541507720947,0.6461385488510132,0.6208333373069763,0.6416186690330505,1800,1417284141,1,1
360001,1920,5400015,691201920,23520,0.6208333373069763,128,360000,1.8302347660064697,1920,17,1,500000,1000,,360001.0,0.6322916746139526,0.6461387276649475,0.6229166388511658,0.6421539187431335,1805,1417284141,1,1
361001,1920,5415015,693121920,23520,0.6229166388511658,128,361000,1.8354477882385254,1920,17,1,500000,1000,,361001.0,0.6380208134651184,0.6461353898048401,0.6229166388511658,0.6418291926383972,1810,1417284141,1,1
362001,1920,5430015,695041920,23520,0.6229166388511658,128,362000,1.8406977653503418,1920,17,1,500000,1000,,362001.0,0.6343749761581421,0.6461374759674072,0.6312500238418579,0.6423823237419128,1815,1417284141,1,1
363001,1920,5445015,696961920,23520,0.6312500238418579,128,363000,1.8462145328521729,1920,17,1,500000,1000,,363001.0,0.6343749761581421,0.6461389064788818,0.6312500238418579,0.6421678066253662,1820,1417284141,1,1
364001,1920,5460015,698881920,23520,0.6312500238418579,128,364000,1.8513092994689941,1920,17,1,500000,1000,,364001.0,0.6364583373069763,0.6461390852928162,0.6229166388511658,0.6416941285133362,1825,1417284141,1,1
365001,1920,5475015,700801920,23520,0.6229166388511658,128,365000,1.8567283153533936,1920,17,1,500000,1000,,365001.0,0.635937511920929,0.6461353898048401,0.625,0.6416555047035217,1830,1417284141,1,1
366001,1920,5490015,702721920,23520,0.625,128,366000,1.8616681098937988,1920,17,1,500000,1000,,366001.0,0.6333333253860474,0.6461356282234192,0.6187499761581421,0.6418902277946472,1836,1417284141,1,1
367001,1920,5505015,704641920,23520,0.6187499761581421,128,367000,1.8670451641082764,1920,17,1,500000,1000,,367001.0,0.637499988079071,0.6461380124092102,0.6208333373069763,0.6418570876121521,1841,1417284141,1,1
368001,1920,5520015,706561920,23520,0.6208333373069763,128,368000,1.8720121383666992,1920,17,1,500000,1000,,368001.0,0.6333333253860474,0.6461370587348938,0.6312500238418579,0.6415843963623047,1846,1417284141,1,1
369001,1920,5535015,708481920,23520,0.6312500238418579,128,369000,1.8769910335540771,1920,17,1,500000,1000,,369001.0,0.6333333253860474,0.6461407542228699,0.6270833611488342,0.6418761610984802,1851,1417284141,1,1
370001,1920,5550015,710401920,23520,0.6270833611488342,128,370000,1.8821930885314941,1920,17,1,500000,1000,,370001.0,0.6369791626930237,0.6461368799209595,0.625,0.6417745351791382,1856,1417284141,1,1
371001,1920,5565015,712321920,23520,0.625,128,371000,1.887747049331665,1920,17,1,500000,1000,,371001.0,0.6333333253860474,0.6461447477340698,0.6270833611488342,0.6420997381210327,1861,1417284141,1,1
372001,1920,5580015,714241920,23520,0.6270833611488342,128,372000,1.8930251598358154,1920,17,1,500000,1000,,372001.0,0.6380208134651184,0.6461328864097595,0.6229166388511658,0.6419704556465149,1866,1417284141,1,1
373001,1920,5595015,716161920,23520,0.6229166388511658,128,373000,1.8984601497650146,1920,17,1,500000,1000,,373001.0,0.6348958611488342,0.6461328268051147,0.6312500238418579,0.6418911218643188,1871,1417284141,1,1
374001,1920,5610015,718081920,23520,0.6312500238418579,128,374000,1.9032421112060547,1920,17,1,500000,1000,,374001.0,0.6369791626930237,0.6461345553398132,0.625,0.6420513391494751,1876,1417284141,1,1
375001,1920,5625015,720001920,23520,0.625,128,375000,1.9079642295837402,1920,17,1,500000,1000,,375001.0,0.635937511920929,0.6461355686187744,0.6312500238418579,0.6420121788978577,1881,1417284141,1,1
376001,1920,5640015,721921920,23520,0.6312500238418579,128,376000,1.9127821922302246,1920,17,1,500000,1000,,376001.0,0.6364583373069763,0.6461390256881714,0.6312500238418579,0.6414831280708313,1886,1417284141,1,1
377001,1920,5655015,723841920,23520,0.6312500238418579,128,377000,1.918626070022583,1920,17,1,500000,1000,,377001.0,0.6369791626930237,0.6461367011070251,0.6187499761581421,0.641782820224762,1891,1417284141,1,1
378001,1920,5670015,725761920,23520,0.6187499761581421,128,378000,1.9234049320220947,1920,17,1,500000,1000,,378001.0,0.6369791626930237,0.6461372375488281,0.625,0.6419262290000916,1896,1417284141,1,1
379001,1920,5685015,727681920,23520,0.625,128,379000,1.9281518459320068,1920,17,1,500000,1000,,379001.0,0.6369791626930237,0.6461337208747864,0.6312500238418579,0.6417399644851685,1901,1417284141,1,1
380001,1920,5700015,729601920,23520,0.6312500238418579,128,380000,1.9333117008209229,1920,17,1,500000,1000,,380001.0,0.6380208134651184,0.6461345553398132,0.6229166388511658,0.6418222784996033,1906,1417284141,1,1
381001,1920,5715015,731521920,23520,0.6229166388511658,128,381000,1.9384286403656006,1920,17,1,500000,1000,,381001.0,0.6343749761581421,0.6461392641067505,0.6291666626930237,0.6417277455329895,1911,1417284141,1,1
382001,1920,5730015,733441920,23520,0.6291666626930237,128,382000,1.9433774948120117,1920,17,1,500000,1000,,382001.0,0.6348958611488342,0.6461346745491028,0.625,0.6418678760528564,1917,1417284141,1,1
383001,1920,5745015,735361920,23520,0.625,128,383000,1.94816255569458,1920,17,1,500000,1000,,383001.0,0.6317708492279053,0.6461367011070251,0.6208333373069763,0.6419467329978943,1922,1417284141,1,1
384001,1920,5760015,737281920,23520,0.6208333373069763,128,384000,1.9531843662261963,1920,17,1,500000,1000,,384001.0,0.6354166865348816,0.6461350917816162,0.6312500238418579,0.6420392394065857,1927,1417284141,1,1
385001,1920,5775015,739201920,23520,0.6312500238418579,128,385000,1.9581873416900635,1920,17,1,500000,1000,,385001.0,0.6338541507720947,0.646134614944458,0.6312500238418579,0.6417810320854187,1932,1417284141,1,1
386001,1920,5790015,741121920,23520,0.6312500238418579,128,386000,1.9629275798797607,1920,17,1,500000,1000,,386001.0,0.6348958611488342,0.6461402773857117,0.6312500238418579,0.6421557068824768,1937,1417284141,1,1
387001,1920,5805015,743041920,23520,0.6312500238418579,128,387000,1.9684486389160156,1920,17,1,500000,1000,,387001.0,0.6354166865348816,0.6461436748504639,0.6229166388511658,0.6423012018203735,1942,1417284141,1,1
388001,1920,5820015,744961920,23520,0.6229166388511658,128,388000,1.9738812446594238,1920,17,1,500000,1000,,388001.0,0.6354166865348816,0.6461347937583923,0.625,0.6421974301338196,1947,1417284141,1,1
389001,1920,5835015,746881920,23520,0.625,128,389000,1.9788143634796143,1920,17,1,500000,1000,,389001.0,0.6364583373069763,0.6461381912231445,0.6270833611488342,0.6418143510818481,1952,1417284141,1,1
390001,1920,5850015,748801920,23520,0.6270833611488342,128,390000,1.9836583137512207,1920,17,1,500000,1000,,390001.0,0.6364583373069763,0.646138072013855,0.625,0.6414692997932434,1957,1417284141,1,1
391001,1920,5865015,750721920,23520,0.625,128,391000,1.9886114597320557,1920,17,1,500000,1000,,391001.0,0.6369791626930237,0.6461390852928162,0.6312500238418579,0.6421444416046143,1962,1417284141,1,1
392001,1920,5880015,752641920,23520,0.6312500238418579,128,392000,1.9940094947814941,1920,17,1,500000,1000,,392001.0,0.6354166865348816,0.6461355686187744,0.625,0.6420121788978577,1967,1417284141,1,1
393001,1920,5895015,754561920,23520,0.625,128,393000,1.9993896484375,1920,17,1,500000,1000,,393001.0,0.6333333253860474,0.6461359262466431,0.6270833611488342,0.6419640779495239,1972,1417284141,1,1
394001,1920,5910015,756481920,23520,0.6270833611488342,128,394000,2.0051424503326416,1920,17,1,500000,1000,,394001.0,0.6343749761581421,0.6461401581764221,0.6208333373069763,0.6416481137275696,1978,1417284141,1,1
395001,1920,5925015,758401920,23520,0.6208333373069763,128,395000,2.0098862648010254,1920,17,1,500000,1000,,395001.0,0.6380208134651184,0.64613276720047,0.6333333253860474,0.6418105363845825,1983,1417284141,1,1
396001,1920,5940015,760321920,23520,0.6333333253860474,128,396000,2.015428304672241,1920,17,1,500000,1000,,396001.0,0.6354166865348816,0.646136462688446,0.6312500238418579,0.6419199705123901,1988,1417284141,1,1
397001,1920,5955015,762241920,23520,0.6312500238418579,128,397000,2.0209121704101562,1920,17,1,500000,1000,,397001.0,0.6328125,0.6461349725723267,0.6187499761581421,0.642182469367981,1993,1417284141,1,1
398001,1920,5970015,764161920,23520,0.6187499761581421,128,398000,2.0257771015167236,1920,17,1,500000,1000,,398001.0,0.635937511920929,0.6461384892463684,0.625,0.6416234970092773,1998,1417284141,1,1
399001,1920,5985015,766081920,23520,0.625,128,399000,2.030700922012329,1920,17,1,500000,1000,,399001.0,0.6369791626930237,0.6461337804794312,0.6312500238418579,0.6418978571891785,2003,1417284141,1,1
400001,1920,6000015,768001920,23520,0.6312500238418579,128,400000,2.0358059406280518,1920,17,1,500000,1000,,400001.0,0.6385416388511658,0.6461396813392639,0.625,0.6423402428627014,2008,1417284141,1,1
401001,1920,6015015,769921920,23520,0.625,128,401000,2.0412659645080566,1920,17,1,500000,1000,,401001.0,0.6333333253860474,0.6461341381072998,0.6208333373069763,0.6416361331939697,2013,1417284141,1,1
402001,1920,6030015,771841920,23520,0.6208333373069763,128,402000,2.046031951904297,1920,17,1,500000,1000,,402001.0,0.6369791626930237,0.6461360454559326,0.6312500238418579,0.6419156193733215,2018,1417284141,1,1
403001,1920,6045015,773761920,23520,0.6312500238418579,128,403000,2.050975799560547,1920,17,1,500000,1000,,403001.0,0.6380208134651184,0.646139919757843,0.6208333373069763,0.6415722966194153,2023,1417284141,1,1
404001,1920,6060015,775681920,23520,0.6208333373069763,128,404000,2.056142807006836,1920,17,1,500000,1000,,404001.0,0.6380208134651184,0.6461383700370789,0.625,0.6420851945877075,2028,1417284141,1,1
405001,1920,6075015,777601920,23520,0.625,128,405000,2.061491012573242,1920,17,1,500000,1000,,405001.0,0.635937511920929,0.6461358666419983,0.6312500238418579,0.6421008706092834,2033,1417284141,1,1
406001,1920,6090015,779521920,23520,0.6312500238418579,128,406000,2.0662500858306885,1920,17,1,500000,1000,,406001.0,0.6354166865348816,0.6461405158042908,0.6208333373069763,0.6416937708854675,2038,1417284141,1,1
407001,1920,6105015,781441920,23520,0.6208333373069763,128,407000,2.071380138397217,1920,17,1,500000,1000,,407001.0,0.6364583373069763,0.6461400985717773,0.6229166388511658,0.6418380737304688,2043,1417284141,1,1
408001,1920,6120015,783361920,23520,0.6229166388511658,128,408000,2.0762059688568115,1920,17,1,500000,1000,,408001.0,0.6369791626930237,0.6461368203163147,0.625,0.6418887376785278,2048,1417284141,1,1
409001,1920,6135015,785281920,23520,0.625,128,409000,2.0814907550811768,1920,17,1,500000,1000,,409001.0,0.6369791626930237,0.6461367011070251,0.6312500238418579,0.6419925689697266,2053,1417284141,1,1
410001,1920,6150015,787201920,23520,0.6312500238418579,128,410000,2.0862648487091064,1920,17,1,500000,1000,,410001.0,0.6385416388511658,0.6461352109909058,0.625,0.641845166683197,2058,1417284141,1,1
411001,1920,6165015,789121920,23520,0.625,128,411000,2.091161012649536,1920,17,1,500000,1000,,411001.0,0.635937511920929,0.6461359858512878,0.6312500238418579,0.6420720219612122,2063,1417284141,1,1
412001,1920,6180015,791041920,23520,0.6312500238418579,128,412000,2.0959630012512207,1920,17,1,500000,1000,,412001.0,0.6369791626930237,0.6461359858512878,0.625,0.6419852375984192,2068,1417284141,1,1
413001,1920,6195015,792961920,23520,0.625,128,413000,2.10113787651062,1920,17,1,500000,1000,,413001.0,0.635937511920929,0.6461383700370789,0.6229166388511658,0.6417163014411926,2073,1417284141,1,1
414001,1920,6210015,794881920,23520,0.6229166388511658,128,414000,2.1059768199920654,1920,17,1,500000,1000,,414001.0,0.6380208134651184,0.6461361050605774,0.625,0.6417713165283203,2078,1417284141,1,1
415001,1920,6225015,796801920,23520,0.625,128,415000,2.1112148761749268,1920,17,1,500000,1000,,415001.0,0.637499988079071,0.6461411714553833,0.625,0.6416520476341248,2083,1417284141,1,1
416001,1920,6240015,798721920,23520,0.625,128,416000,2.117917776107788,1920,17,1,500000,1000,,416001.0,0.6348958611488342,0.6461360454559326,0.6270833611488342,0.6419506669044495,2088,1417284141,1,1
417001,1920,6255015,800641920,23520,0.6270833611488342,128,417000,2.1228909492492676,1920,17,1,500000,1000,,417001.0,0.6364583373069763,0.6461390256881714,0.6229166388511658,0.6417819857597351,2093,1417284141,1,1
418001,1920,6270015,802561920,23520,0.6229166388511658,128,418000,2.1281559467315674,1920,17,1,500000,1000,,418001.0,0.6364583373069763,0.6461382508277893,0.6208333373069763,0.6417382955551147,2098,1417284141,1,1
419001,1920,6285015,804481920,23520,0.6208333373069763,128,419000,2.1329848766326904,1920,17,1,500000,1000,,419001.0,0.6354166865348816,0.64613938331604,0.625,0.6415794491767883,2104,1417284141,1,1
420001,1920,6300015,806401920,23520,0.625,128,420000,2.1378958225250244,1920,17,1,500000,1000,,420001.0,0.6369791626930237,0.6461352705955505,0.6208333373069763,0.6413782238960266,2108,1417284141,1,1
421001,1920,6315015,808321920,23520,0.6208333373069763,128,421000,2.1430609226226807,1920,17,1,500000,1000,,421001.0,0.6354166865348816,0.6461367011070251,0.6208333373069763,0.6417928338050842,2113,1417284141,1,1
422001,1920,6330015,810241920,23520,0.6208333373069763,128,422000,2.1481540203094482,1920,17,1,500000,1000,,422001.0,0.6380208134651184,0.646136462688446,0.625,0.6420155763626099,2119,1417284141,1,1
423001,1920,6345015,812161920,23520,0.625,128,423000,2.152867078781128,1920,17,1,500000,1000,,423001.0,0.6343749761581421,0.646135687828064,0.6312500238418579,0.6421094536781311,2123,1417284141,1,1
424001,1920,6360015,814081920,23520,0.6312500238418579,128,424000,2.157599925994873,1920,17,1,500000,1000,,424001.0,0.6348958611488342,0.6461396813392639,0.625,0.6422873139381409,2128,1417284141,1,1
425001,1920,6375015,816001920,23520,0.625,128,425000,2.162323236465454,1920,17,1,500000,1000,,425001.0,0.6364583373069763,0.6461368799209595,0.6312500238418579,0.642415463924408,2133,1417284141,1,1
426001,1920,6390015,817921920,23520,0.6312500238418579,128,426000,2.167497396469116,1920,17,1,500000,1000,,426001.0,0.635937511920929,0.6461356282234192,0.625,0.6417737603187561,2138,1417284141,1,1
427001,1920,6405015,819841920,23520,0.625,128,427000,2.1729683876037598,1920,17,1,500000,1000,,427001.0,0.637499988079071,0.6461368799209595,0.625,0.6417264938354492,2144,1417284141,1,1
428001,1920,6420015,821761920,23520,0.625,128,428000,2.1777493953704834,1920,17,1,500000,1000,,428001.0,0.6354166865348816,0.6461391448974609,0.625,0.6416124701499939,2149,1417284141,1,1
429001,1920,6435015,823681920,23520,0.625,128,429000,2.182541608810425,1920,17,1,500000,1000,,429001.0,0.635937511920929,0.6461411714553833,0.625,0.6416603326797485,2154,1417284141,1,1
430001,1920,6450015,825601920,23520,0.625,128,430000,2.188089609146118,1920,17,1,500000,1000,,430001.0,0.6385416388511658,0.6461350917816162,0.625,0.6416815519332886,2159,1417284141,1,1
431001,1920,6465015,827521920,23520,0.625,128,431000,2.193185329437256,1920,17,1,500000,1000,,431001.0,0.6380208134651184,0.6461365818977356,0.6229166388511658,0.641817033290863,2164,1417284141,1,1
432001,1920,6480015,829441920,23520,0.6229166388511658,128,432000,2.197960138320923,1920,17,1,500000,1000,,432001.0,0.6354166865348816,0.6461375951766968,0.6208333373069763,0.6419690847396851,2169,1417284141,1,1
433001,1920,6495015,831361920,23520,0.6208333373069763,128,433000,2.2028191089630127,1920,17,1,500000,1000,,433001.0,0.635937511920929,0.6461385488510132,0.6291666626930237,0.6415877938270569,2174,1417284141,1,1
434001,1920,6510015,833281920,23520,0.6291666626930237,128,434000,2.207811117172241,1920,17,1,500000,1000,,434001.0,0.637499988079071,0.6461344361305237,0.625,0.641972541809082,2179,1417284141,1,1
435001,1920,6525015,835201920,23520,0.625,128,435000,2.2125630378723145,1920,17,1,500000,1000,,435001.0,0.6380208134651184,0.6461350321769714,0.625,0.6416988968849182,2184,1417284141,1,1
436001,1920,6540015,837121920,23520,0.625,128,436000,2.217374086380005,1920,17,1,500000,1000,,436001.0,0.6338541507720947,0.6461408734321594,0.6312500238418579,0.6422552466392517,2189,1417284141,1,1
437001,1920,6555015,839041920,23520,0.6312500238418579,128,437000,2.2228009700775146,1920,17,1,500000,1000,,437001.0,0.6348958611488342,0.6461353302001953,0.6270833611488342,0.6416870355606079,2194,1417284141,1,1
438001,1920,6570015,840961920,23520,0.6270833611488342,128,438000,2.227640151977539,1920,17,1,500000,1000,,438001.0,0.6338541507720947,0.6461400985717773,0.6333333253860474,0.6414724588394165,2199,1417284141,1,1
439001,1920,6585015,842881920,23520,0.6333333253860474,128,439000,2.2330551147460938,1920,17,1,500000,1000,,439001.0,0.635937511920929,0.6461375951766968,0.6312500238418579,0.6416106820106506,2204,1417284141,1,1
440001,1920,6600015,844801920,23520,0.6312500238418579,128,440000,2.238452196121216,1920,17,1,500000,1000,,440001.0,0.6369791626930237,0.646137535572052,0.6270833611488342,0.6414222717285156,2209,1417284141,1,1
441001,1920,6615015,846721920,23520,0.6270833611488342,128,441000,2.2436673641204834,1920,17,1,500000,1000,,441001.0,0.6348958611488342,0.6461464762687683,0.6229166388511658,0.6421191692352295,2214,1417284141,1,1
442001,1920,6630015,848641920,23520,0.6229166388511658,128,442000,2.2484943866729736,1920,17,1,500000,1000,,442001.0,0.637499988079071,0.6461375951766968,0.6229166388511658,0.6416066288948059,2219,1417284141,1,1
443001,1920,6645015,850561920,23520,0.6229166388511658,128,443000,2.2533652782440186,1920,17,1,500000,1000,,443001.0,0.6343749761581421,0.6461355686187744,0.6291666626930237,0.6417796611785889,2224,1417284141,1,1
444001,1920,6660015,852481920,23520,0.6291666626930237,128,444000,2.2585713863372803,1920,17,1,500000,1000,,444001.0,0.6369791626930237,0.6461385488510132,0.625,0.6413776874542236,2230,1417284141,1,1
445001,1920,6675015,854401920,23520,0.625,128,445000,2.263899564743042,1920,17,1,500000,1000,,445001.0,0.6348958611488342,0.6461328864097595,0.625,0.6418282985687256,2235,1417284141,1,1
446001,1920,6690015,856321920,23520,0.625,128,446000,2.2686595916748047,1920,17,1,500000,1000,,446001.0,0.635937511920929,0.6461352109909058,0.625,0.6417604684829712,2240,1417284141,1,1
447001,1920,6705015,858241920,23520,0.625,128,447000,2.273585557937622,1920,17,1,500000,1000,,447001.0,0.6333333253860474,0.6461390256881714,0.6229166388511658,0.6422260403633118,2245,1417284141,1,1
448001,1920,6720015,860161920,23520,0.6229166388511658,128,448000,2.2791268825531006,1920,17,1,500000,1000,,448001.0,0.6333333253860474,0.646136462688446,0.6333333253860474,0.6419159173965454,2250,1417284141,1,1
449001,1920,6735015,862081920,23520,0.6333333253860474,128,449000,2.2843611240386963,1920,17,1,500000,1000,,449001.0,0.6343749761581421,0.6461390852928162,0.625,0.6416758298873901,2255,1417284141,1,1
450001,1920,6750015,864001920,23520,0.625,128,450000,2.2894153594970703,1920,17,1,500000,1000,,450001.0,0.635937511920929,0.6461358666419983,0.6270833611488342,0.6417890191078186,2260,1417284141,1,1
451001,1920,6765015,865921920,23520,0.6270833611488342,128,451000,2.294649124145508,1920,17,1,500000,1000,,451001.0,0.6333333253860474,0.6461417078971863,0.6312500238418579,0.6420363187789917,2265,1417284141,1,1
452001,1920,6780015,867841920,23520,0.6312500238418579,128,452000,2.2995519638061523,1920,17,1,500000,1000,,452001.0,0.6354166865348816,0.6461409330368042,0.6208333373069763,0.6412445306777954,2270,1417284141,1,1
453001,1920,6795015,869761920,23520,0.6208333373069763,128,453000,2.30482816696167,1920,17,1,500000,1000,,453001.0,0.637499988079071,0.6461370587348938,0.6229166388511658,0.6417933106422424,2276,1417284141,1,1
454001,1920,6810015,871681920,23520,0.6229166388511658,128,454000,2.3099215030670166,1920,17,1,500000,1000,,454001.0,0.6364583373069763,0.646136999130249,0.6312500238418579,0.6421063542366028,2281,1417284141,1,1
455001,1920,6825015,873601920,23520,0.6312500238418579,128,455000,2.315420389175415,1920,17,1,500000,1000,,455001.0,0.6369791626930237,0.6461377739906311,0.6229166388511658,0.6419670581817627,2286,1417284141,1,1
456001,1920,6840015,875521920,23520,0.6229166388511658,128,456000,2.3205626010894775,1920,17,1,500000,1000,,456001.0,0.635937511920929,0.646136462688446,0.6229166388511658,0.6417701840400696,2291,1417284141,1,1
457001,1920,6855015,877441920,23520,0.6229166388511658,128,457000,2.3258564472198486,1920,17,1,500000,1000,,457001.0,0.6343749761581421,0.6461389660835266,0.6312500238418579,0.6412517428398132,2297,1417284141,1,1
458001,1920,6870015,879361920,23520,0.6312500238418579,128,458000,2.331012725830078,1920,17,1,500000,1000,,458001.0,0.6369791626930237,0.6461358666419983,0.6270833611488342,0.6421158313751221,2302,1417284141,1,1
459001,1920,6885015,881281920,23520,0.6270833611488342,128,459000,2.3366427421569824,1920,17,1,500000,1000,,459001.0,0.6380208134651184,0.6461397409439087,0.6229166388511658,0.6419826149940491,2307,1417284141,1,1
460001,1920,6900015,883201920,23520,0.6229166388511658,128,460000,2.341439723968506,1920,17,1,500000,1000,,460001.0,0.6338541507720947,0.646134614944458,0.6312500238418579,0.6421052813529968,2312,1417284141,1,1
461001,1920,6915015,885121920,23520,0.6312500238418579,128,461000,2.3468177318573,1920,17,1,500000,1000,,461001.0,0.6364583373069763,0.6461403965950012,0.6229166388511658,0.6416252851486206,2317,1417284141,1,1
462001,1920,6930015,887041920,23520,0.6229166388511658,128,462000,2.3520774841308594,1920,17,1,500000,1000,,462001.0,0.6364583373069763,0.646139919757843,0.6208333373069763,0.6419074535369873,2322,1417284141,1,1
463001,1920,6945015,888961920,23520,0.6208333373069763,128,463000,2.3568665981292725,1920,17,1,500000,1000,,463001.0,0.6380208134651184,0.6461359858512878,0.6229166388511658,0.6420114636421204,2327,1417284141,1,1
464001,1920,6960015,890881920,23520,0.6229166388511658,128,464000,2.3618664741516113,1920,17,1,500000,1000,,464001.0,0.6348958611488342,0.6461356282234192,0.6229166388511658,0.6416312456130981,2332,1417284141,1,1
465001,1920,6975015,892801920,23520,0.6229166388511658,128,465000,2.3668453693389893,1920,17,1,500000,1000,,465001.0,0.6369791626930237,0.6461354494094849,0.6270833611488342,0.6418526768684387,2337,1417284141,1,1
466001,1920,6990015,894721920,23520,0.6270833611488342,128,466000,2.371666431427002,1920,17,1,500000,1000,,466001.0,0.6348958611488342,0.6461367011070251,0.6229166388511658,0.6422567963600159,2342,1417284141,1,1
467001,1920,7005015,896641920,23520,0.6229166388511658,128,467000,2.3765861988067627,1920,17,1,500000,1000,,467001.0,0.6343749761581421,0.6461387276649475,0.6229166388511658,0.6418447494506836,2347,1417284141,1,1
468001,1920,7020015,898561920,23520,0.6229166388511658,128,468000,2.381847381591797,1920,17,1,500000,1000,,468001.0,0.6354166865348816,0.6461371183395386,0.625,0.6418720483779907,2352,1417284141,1,1
469001,1920,7035015,900481920,23520,0.625,128,469000,2.3870131969451904,1920,17,1,500000,1000,,469001.0,0.637499988079071,0.6461383104324341,0.625,0.6420527100563049,2357,1417284141,1,1
470001,1920,7050015,902401920,23520,0.625,128,470000,2.392280101776123,1920,17,1,500000,1000,,470001.0,0.6354166865348816,0.6461343765258789,0.625,0.6421595215797424,2363,1417284141,1,1
471001,1920,7065015,904321920,23520,0.625,128,471000,2.3974480628967285,1920,17,1,500000,1000,,471001.0,0.6369791626930237,0.6461358666419983,0.6229166388511658,0.6419428586959839,2368,1417284141,1,1
472001,1920,7080015,906241920,23520,0.6229166388511658,128,472000,2.402304172515869,1920,17,1,500000,1000,,472001.0,0.635937511920929,0.6461436748504639,0.6291666626930237,0.6420301198959351,2373,1417284141,1,1
473001,1920,7095015,908161920,23520,0.6291666626930237,128,473000,2.4075872898101807,1920,17,1,500000,1000,,473001.0,0.6380208134651184,0.6461381912231445,0.6229166388511658,0.6417507529258728,2378,1417284141,1,1
474001,1920,7110015,910081920,23520,0.6229166388511658,128,474000,2.4128503799438477,1920,17,1,500000,1000,,474001.0,0.6354166865348816,0.6461397409439087,0.625,0.642288088798523,2383,1417284141,1,1
475001,1920,7125015,912001920,23520,0.625,128,475000,2.418130397796631,1920,17,1,500000,1000,,475001.0,0.6369791626930237,0.646135687828064,0.6229166388511658,0.6414881944656372,2388,1417284141,1,1
476001,1920,7140015,913921920,23520,0.6229166388511658,128,476000,2.4230213165283203,1920,17,1,500000,1000,,476001.0,0.6343749761581421,0.6461339592933655,0.6312500238418579,0.6419926285743713,2393,1417284141,1,1
477001,1920,7155015,915841920,23520,0.6312500238418579,128,477000,2.428072214126587,1920,17,1,500000,1000,,477001.0,0.6348958611488342,0.6461376547813416,0.6291666626930237,0.6422364115715027,2398,1417284141,1,1
478001,1920,7170015,917761920,23520,0.6291666626930237,128,478000,2.4329833984375,1920,17,1,500000,1000,,478001.0,0.6380208134651184,0.646134078502655,0.625,0.6420676112174988,2403,1417284141,1,1
479001,1920,7185015,919681920,23520,0.625,128,479000,2.437774419784546,1920,17,1,500000,1000,,479001.0,0.6385416388511658,0.6461344361305237,0.625,0.6420243978500366,2408,1417284141,1,1
480001,1920,7200015,921601920,23520,0.625,128,480000,2.4429221153259277,1920,17,1,500000,1000,,480001.0,0.6348958611488342,0.6461382508277893,0.6208333373069763,0.6417155861854553,2414,1417284141,1,1
481001,1920,7215015,923521920,23520,0.6208333373069763,128,481000,2.4477450847625732,1920,17,1,500000,1000,,481001.0,0.6343749761581421,0.6461331844329834,0.6312500238418579,0.6419947743415833,2419,1417284141,1,1
482001,1920,7230015,925441920,23520,0.6312500238418579,128,482000,2.452782154083252,1920,17,1,500000,1000,,482001.0,0.6380208134651184,0.6461360454559326,0.625,0.6416650414466858,2424,1417284141,1,1
483001,1920,7245015,927361920,23520,0.625,128,483000,2.4581453800201416,1920,17,1,500000,1000,,483001.0,0.6364583373069763,0.6461374759674072,0.625,0.641996443271637,2429,1417284141,1,1
484001,1920,7260015,929281920,23520,0.625,128,484000,2.4629571437835693,1920,17,1,500000,1000,,484001.0,0.6328125,0.6461384892463684,0.6312500238418579,0.6420117616653442,2434,1417284141,1,1
485001,1920,7275015,931201920,23520,0.6312500238418579,128,485000,2.4684879779815674,1920,17,1,500000,1000,,485001.0,0.6338541507720947,0.6461384296417236,0.6333333253860474,0.6417608261108398,2439,1417284141,1,1
486001,1920,7290015,933121920,23520,0.6333333253860474,128,486000,2.474262237548828,1920,17,1,500000,1000,,486001.0,0.635937511920929,0.6461377739906311,0.6229166388511658,0.6420681476593018,2444,1417284141,1,1
487001,1920,7305015,935041920,23520,0.6229166388511658,128,487000,2.479647159576416,1920,17,1,500000,1000,,487001.0,0.637499988079071,0.6461361050605774,0.6333333253860474,0.6419764161109924,2450,1417284141,1,1
488001,1920,7320015,936961920,23520,0.6333333253860474,128,488000,2.4850871562957764,1920,17,1,500000,1000,,488001.0,0.6333333253860474,0.646135687828064,0.625,0.6418474316596985,2455,1417284141,1,1
489001,1920,7335015,938881920,23520,0.625,128,489000,2.49015474319458,1920,17,1,500000,1000,,489001.0,0.6338541507720947,0.6461334824562073,0.6312500238418579,0.6415502429008484,2460,1417284141,1,1
490001,1920,7350015,940801920,23520,0.6312500238418579,128,490000,2.4951717853546143,1920,17,1,500000,1000,,490001.0,0.6380208134651184,0.646138072013855,0.6333333253860474,0.6421501040458679,2466,1417284141,1,1
491001,1920,7365015,942721920,23520,0.6333333253860474,128,491000,2.5006191730499268,1920,17,1,500000,1000,,491001.0,0.635937511920929,0.6461362242698669,0.6208333373069763,0.6417443752288818,2471,1417284141,1,1
492001,1920,7380015,944641920,23520,0.6208333373069763,128,492000,2.5093183517456055,1920,17,1,500000,1000,,492001.0,0.6354166865348816,0.6461395025253296,0.6312500238418579,0.641775369644165,2477,1417284141,1,1
493001,1920,7395015,946561920,23520,0.6312500238418579,128,493000,2.5141775608062744,1920,17,1,500000,1000,,493001.0,0.6333333253860474,0.6461374163627625,0.6312500238418579,0.6420376896858215,2482,1417284141,1,1
494001,1920,7410015,948481920,23520,0.6312500238418579,128,494000,2.51946759223938,1920,17,1,500000,1000,,494001.0,0.6364583373069763,0.6461397409439087,0.625,0.6418120861053467,2488,1417284141,1,1
495001,1920,7425015,950401920,23520,0.625,128,495000,2.5251195430755615,1920,17,1,500000,1000,,495001.0,0.6354166865348816,0.6461360454559326,0.625,0.6414785385131836,2493,1417284141,1,1
496001,1920,7440015,952321920,23520,0.625,128,496000,2.530393362045288,1920,17,1,500000,1000,,496001.0,0.6348958611488342,0.646134614944458,0.625,0.6422525644302368,2499,1417284141,1,1
497001,1920,7455015,954241920,23520,0.625,128,497000,2.5355684757232666,1920,17,1,500000,1000,,497001.0,0.6338541507720947,0.6461371183395386,0.6187499761581421,0.6418216824531555,2504,1417284141,1,1
498001,1920,7470015,956161920,23520,0.6187499761581421,128,498000,2.541297674179077,1920,17,1,500000,1000,,498001.0,0.635937511920929,0.6461342573165894,0.6229166388511658,0.6416038870811462,2510,1417284141,1,1
499001,1920,7485015,958081920,23520,0.6229166388511658,128,499000,2.5461666584014893,1920,17,1,500000,1000,,499001.0,0.6354166865348816,0.6461353898048401,0.6291666626930237,0.6417468786239624,2526,1417284141,1,1
499998,1920,7499970,959996160,23520,0.6291666626930237,128,499997,2.551011800765991,1920,17,1,500000,1000,,499998.0,0.635937511920929,0.6461409330368042,0.625,0.6419675350189209,2532,1417284141,1,1
499999,1920,7499985,959998080,23520,0.625,128,499998,2.5567805767059326,1920,17,1,500000,1000,,499999.0,0.635937511920929,0.6461408138275146,0.625,0.6419450044631958,2532,1417284141,1,1
500000,1920,7500000,960000000,23520,0.625,128,499999,2.5617246627807617,1920,17,1,500000,1000,,500000.0,0.635937511920929,0.646140992641449,0.625,0.6419450044631958,2532,1417284141,1,1
