pf_calls,num_answers,model_updates,num_grad_comps,answers_bytes,last_score,batch_size,k,elapsed_time,train_data,n,d,max_epochs,verbose,ident,_epochs,score_train,loss_train,score_test,loss_test,_elapsed_time,seed,run_id,dim
1,1920,15,1920,23520,0.49791666865348816,128,0,0.047663211822509766,1920,17,1,500000,1000,,1.0,0.5218750238418579,0.6931472420692444,0.48124998807907104,0.6931472420692444,0,9998131,1,1
1001,1920,15015,1921920,23520,0.48124998807907104,128,1000,0.0523681640625,1920,17,1,500000,1000,,1001.0,0.628125011920929,0.6561291217803955,0.5958333611488342,0.6659126877784729,4,9998131,1,1
2001,1920,30015,3841920,23520,0.5958333611488342,128,2000,0.05682015419006348,1920,17,1,500000,1000,,2001.0,0.6286458373069763,0.6515160202980042,0.6000000238418579,0.6596527695655823,9,9998131,1,1
3001,1920,45015,5761920,23520,0.6000000238418579,128,3000,0.06124401092529297,1920,17,1,500000,1000,,3001.0,0.621874988079071,0.6508592367172241,0.5979166626930237,0.6590666174888611,14,9998131,1,1
4001,1920,60015,7681920,23520,0.5979166626930237,128,4000,0.06626224517822266,1920,17,1,500000,1000,,4001.0,0.6239583492279053,0.6507309675216675,0.5916666388511658,0.659201443195343,19,9998131,1,1
5001,1920,75015,9601920,23520,0.5916666388511658,128,5000,0.07139825820922852,1920,17,1,500000,1000,,5001.0,0.6213541626930237,0.6506990194320679,0.6000000238418579,0.6587132215499878,23,9998131,1,1
6001,1920,90015,11521920,23520,0.6000000238418579,128,6000,0.07605719566345215,1920,17,1,500000,1000,,6001.0,0.6223958134651184,0.6506956815719604,0.6000000238418579,0.6587960720062256,28,9998131,1,1
7001,1920,105015,13441920,23520,0.6000000238418579,128,7000,0.08041739463806152,1920,17,1,500000,1000,,7001.0,0.621874988079071,0.6506913900375366,0.6020833253860474,0.6586946845054626,32,9998131,1,1
8001,1920,120015,15361920,23520,0.6020833253860474,128,8000,0.08558034896850586,1920,17,1,500000,1000,,8001.0,0.6244791746139526,0.6506944894790649,0.5958333611488342,0.6589443683624268,37,9998131,1,1
9001,1920,135015,17281920,23520,0.5958333611488342,128,9000,0.09036731719970703,1920,17,1,500000,1000,,9001.0,0.6208333373069763,0.6506929993629456,0.6000000238418579,0.658827543258667,42,9998131,1,1
10001,1920,150015,19201920,23520,0.6000000238418579,128,10000,0.09486842155456543,1920,17,1,500000,1000,,10001.0,0.621874988079071,0.6506946086883545,0.6000000238418579,0.6588266491889954,47,9998131,1,1
11001,1920,165015,21121920,23520,0.6000000238418579,128,11000,0.09929633140563965,1920,17,1,500000,1000,,11001.0,0.6223958134651184,0.6506924033164978,0.6000000238418579,0.6590588092803955,51,9998131,1,1
12001,1920,180015,23041920,23520,0.6000000238418579,128,12000,0.10391736030578613,1920,17,1,500000,1000,,12001.0,0.6208333373069763,0.6506951451301575,0.6020833253860474,0.6590532660484314,56,9998131,1,1
13001,1920,195015,24961920,23520,0.6020833253860474,128,13000,0.10849809646606445,1920,17,1,500000,1000,,13001.0,0.6223958134651184,0.6507065296173096,0.6000000238418579,0.6591551303863525,60,9998131,1,1
14001,1920,210015,26881920,23520,0.6000000238418579,128,14000,0.11291337013244629,1920,17,1,500000,1000,,14001.0,0.6234375238418579,0.6506946086883545,0.6020833253860474,0.6587711572647095,65,9998131,1,1
15001,1920,225015,28801920,23520,0.6020833253860474,128,15000,0.1173543930053711,1920,17,1,500000,1000,,15001.0,0.6244791746139526,0.650696337223053,0.5958333611488342,0.6590526700019836,69,9998131,1,1
16001,1920,240015,30721920,23520,0.5958333611488342,128,16000,0.12182331085205078,1920,17,1,500000,1000,,16001.0,0.6229166388511658,0.6506956219673157,0.6041666865348816,0.6587918996810913,74,9998131,1,1
17001,1920,255015,32641920,23520,0.6041666865348816,128,17000,0.1262366771697998,1920,17,1,500000,1000,,17001.0,0.6239583492279053,0.6506940722465515,0.6020833253860474,0.6590422987937927,78,9998131,1,1
18001,1920,270015,34561920,23520,0.6020833253860474,128,18000,0.13066768646240234,1920,17,1,500000,1000,,18001.0,0.6223958134651184,0.650702178478241,0.6020833253860474,0.6587651371955872,83,9998131,1,1
19001,1920,285015,36481920,23520,0.6020833253860474,128,19000,0.13538169860839844,1920,17,1,500000,1000,,19001.0,0.6239583492279053,0.6506994366645813,0.6020833253860474,0.658852219581604,87,9998131,1,1
20001,1920,300015,38401920,23520,0.6020833253860474,128,20000,0.13977670669555664,1920,17,1,500000,1000,,20001.0,0.6229166388511658,0.6507013440132141,0.6020833253860474,0.658962607383728,92,9998131,1,1
21001,1920,315015,40321920,23520,0.6020833253860474,128,21000,0.14421367645263672,1920,17,1,500000,1000,,21001.0,0.6234375238418579,0.6506936550140381,0.6000000238418579,0.6587883234024048,96,9998131,1,1
22001,1920,330015,42241920,23520,0.6000000238418579,128,22000,0.14860749244689941,1920,17,1,500000,1000,,22001.0,0.625,0.6506968140602112,0.59375,0.6587401628494263,101,9998131,1,1
23001,1920,345015,44161920,23520,0.59375,128,23000,0.1530466079711914,1920,17,1,500000,1000,,23001.0,0.6223958134651184,0.6506947875022888,0.6000000238418579,0.6589844822883606,105,9998131,1,1
24001,1920,360015,46081920,23520,0.6000000238418579,128,24000,0.15744590759277344,1920,17,1,500000,1000,,24001.0,0.621874988079071,0.6506918668746948,0.6000000238418579,0.6586124897003174,109,9998131,1,1
25001,1920,375015,48001920,23520,0.6000000238418579,128,25000,0.16197991371154785,1920,17,1,500000,1000,,25001.0,0.6223958134651184,0.6506922245025635,0.6020833253860474,0.6589605808258057,114,9998131,1,1
26001,1920,390015,49921920,23520,0.6020833253860474,128,26000,0.1666262149810791,1920,17,1,500000,1000,,26001.0,0.6239583492279053,0.6506999135017395,0.6020833253860474,0.6590356826782227,119,9998131,1,1
27001,1920,405015,51841920,23520,0.6020833253860474,128,27000,0.1710340976715088,1920,17,1,500000,1000,,27001.0,0.6213541626930237,0.650699257850647,0.5979166626930237,0.6593522429466248,123,9998131,1,1
28001,1920,420015,53761920,23520,0.5979166626930237,128,28000,0.17547369003295898,1920,17,1,500000,1000,,28001.0,0.6229166388511658,0.6506962180137634,0.6020833253860474,0.658992350101471,127,9998131,1,1
29001,1920,435015,55681920,23520,0.6020833253860474,128,29000,0.1799025535583496,1920,17,1,500000,1000,,29001.0,0.6223958134651184,0.6506974697113037,0.6000000238418579,0.6590394377708435,132,9998131,1,1
30001,1920,450015,57601920,23520,0.6000000238418579,128,30000,0.18434858322143555,1920,17,1,500000,1000,,30001.0,0.6234375238418579,0.650693953037262,0.6000000238418579,0.6593454480171204,136,9998131,1,1
31001,1920,465015,59521920,23520,0.6000000238418579,128,31000,0.18876051902770996,1920,17,1,500000,1000,,31001.0,0.6260416507720947,0.6506934762001038,0.5958333611488342,0.6590437293052673,141,9998131,1,1
32001,1920,480015,61441920,23520,0.5958333611488342,128,32000,0.19318032264709473,1920,17,1,500000,1000,,32001.0,0.6239583492279053,0.6506927013397217,0.6020833253860474,0.6587408185005188,145,9998131,1,1
33001,1920,495015,63361920,23520,0.6020833253860474,128,33000,0.19763731956481934,1920,17,1,500000,1000,,33001.0,0.6229166388511658,0.6506978273391724,0.6000000238418579,0.6589062809944153,150,9998131,1,1
34001,1920,510015,65281920,23520,0.6000000238418579,128,34000,0.2020432949066162,1920,17,1,500000,1000,,34001.0,0.625,0.6506941318511963,0.5958333611488342,0.6594985127449036,154,9998131,1,1
35001,1920,525015,67201920,23520,0.5958333611488342,128,35000,0.20647549629211426,1920,17,1,500000,1000,,35001.0,0.6229166388511658,0.6506932377815247,0.6041666865348816,0.6587258577346802,159,9998131,1,1
36001,1920,540015,69121920,23520,0.6041666865348816,128,36000,0.21089434623718262,1920,17,1,500000,1000,,36001.0,0.6229166388511658,0.6506948471069336,0.6041666865348816,0.6590487360954285,163,9998131,1,1
37001,1920,555015,71041920,23520,0.6041666865348816,128,37000,0.21532559394836426,1920,17,1,500000,1000,,37001.0,0.6239583492279053,0.6506950259208679,0.6041666865348816,0.6587734222412109,168,9998131,1,1
38001,1920,570015,72961920,23520,0.6041666865348816,128,38000,0.21975946426391602,1920,17,1,500000,1000,,38001.0,0.621874988079071,0.6506956815719604,0.6020833253860474,0.6592972874641418,172,9998131,1,1
39001,1920,585015,74881920,23520,0.6020833253860474,128,39000,0.22422266006469727,1920,17,1,500000,1000,,39001.0,0.6213541626930237,0.6506938934326172,0.6000000238418579,0.6590166687965393,177,9998131,1,1
40001,1920,600015,76801920,23520,0.6000000238418579,128,40000,0.22868633270263672,1920,17,1,500000,1000,,40001.0,0.625,0.650691568851471,0.6020833253860474,0.6590844988822937,181,9998131,1,1
41001,1920,615015,78721920,23520,0.6020833253860474,128,41000,0.2331371307373047,1920,17,1,500000,1000,,41001.0,0.6229166388511658,0.6506938338279724,0.6020833253860474,0.6592027544975281,186,9998131,1,1
42001,1920,630015,80641920,23520,0.6020833253860474,128,42000,0.2375333309173584,1920,17,1,500000,1000,,42001.0,0.6255208253860474,0.6506935954093933,0.5958333611488342,0.6590555310249329,190,9998131,1,1
43001,1920,645015,82561920,23520,0.5958333611488342,128,43000,0.24199438095092773,1920,17,1,500000,1000,,43001.0,0.6260416507720947,0.6507022380828857,0.59375,0.6594967246055603,195,9998131,1,1
44001,1920,660015,84481920,23520,0.59375,128,44000,0.2464151382446289,1920,17,1,500000,1000,,44001.0,0.6234375238418579,0.6506929993629456,0.6041666865348816,0.6593506336212158,199,9998131,1,1
45001,1920,675015,86401920,23520,0.6041666865348816,128,45000,0.25104618072509766,1920,17,1,500000,1000,,45001.0,0.6229166388511658,0.6506974697113037,0.6000000238418579,0.6589077711105347,204,9998131,1,1
46001,1920,690015,88321920,23520,0.6000000238418579,128,46000,0.25543928146362305,1920,17,1,500000,1000,,46001.0,0.6234375238418579,0.6506975293159485,0.6020833253860474,0.6589778661727905,208,9998131,1,1
47001,1920,705015,90241920,23520,0.6020833253860474,128,47000,0.26004505157470703,1920,17,1,500000,1000,,47001.0,0.625,0.6506938934326172,0.6041666865348816,0.6591586470603943,213,9998131,1,1
48001,1920,720015,92161920,23520,0.6041666865348816,128,48000,0.2644343376159668,1920,17,1,500000,1000,,48001.0,0.6265624761581421,0.6506954431533813,0.5958333611488342,0.6594903469085693,217,9998131,1,1
49001,1920,735015,94081920,23520,0.5958333611488342,128,49000,0.2688572406768799,1920,17,1,500000,1000,,49001.0,0.6239583492279053,0.6506932973861694,0.59375,0.6588333249092102,221,9998131,1,1
50001,1920,750015,96001920,23520,0.59375,128,50000,0.2732822895050049,1920,17,1,500000,1000,,50001.0,0.6239583492279053,0.6506954431533813,0.6020833253860474,0.6585329174995422,226,9998131,1,1
51001,1920,765015,97921920,23520,0.6020833253860474,128,51000,0.27771425247192383,1920,17,1,500000,1000,,51001.0,0.6239583492279053,0.6506984233856201,0.6020833253860474,0.6592175960540771,230,9998131,1,1
52001,1920,780015,99841920,23520,0.6020833253860474,128,52000,0.2821793556213379,1920,17,1,500000,1000,,52001.0,0.6213541626930237,0.6507008075714111,0.6000000238418579,0.6590957641601562,235,9998131,1,1
53001,1920,795015,101761920,23520,0.6000000238418579,128,53000,0.28679633140563965,1920,17,1,500000,1000,,53001.0,0.6208333373069763,0.6506993770599365,0.6020833253860474,0.6588079929351807,239,9998131,1,1
54001,1920,810015,103681920,23520,0.6020833253860474,128,54000,0.29118847846984863,1920,17,1,500000,1000,,54001.0,0.6223958134651184,0.6506956219673157,0.6000000238418579,0.6586954593658447,244,9998131,1,1
55001,1920,825015,105601920,23520,0.6000000238418579,128,55000,0.295595645904541,1920,17,1,500000,1000,,55001.0,0.6229166388511658,0.6506965756416321,0.6020833253860474,0.6592865586280823,248,9998131,1,1
56001,1920,840015,107521920,23520,0.6020833253860474,128,56000,0.3000147342681885,1920,17,1,500000,1000,,56001.0,0.6239583492279053,0.650695264339447,0.59375,0.6591804027557373,253,9998131,1,1
57001,1920,855015,109441920,23520,0.59375,128,57000,0.3046610355377197,1920,17,1,500000,1000,,57001.0,0.620312511920929,0.6506963968276978,0.6000000238418579,0.6589213609695435,257,9998131,1,1
58001,1920,870015,111361920,23520,0.6000000238418579,128,58000,0.3093593120574951,1920,17,1,500000,1000,,58001.0,0.6234375238418579,0.6506996750831604,0.6000000238418579,0.6586031317710876,262,9998131,1,1
59001,1920,885015,113281920,23520,0.6000000238418579,128,59000,0.3139302730560303,1920,17,1,500000,1000,,59001.0,0.6213541626930237,0.650698721408844,0.6020833253860474,0.6587926745414734,266,9998131,1,1
60001,1920,900015,115201920,23520,0.6020833253860474,128,60000,0.31833839416503906,1920,17,1,500000,1000,,60001.0,0.620312511920929,0.6506978273391724,0.5979166626930237,0.6588735580444336,271,9998131,1,1
61001,1920,915015,117121920,23520,0.5979166626930237,128,61000,0.32308530807495117,1920,17,1,500000,1000,,61001.0,0.6239583492279053,0.6506989002227783,0.59375,0.6590936183929443,275,9998131,1,1
62001,1920,930015,119041920,23520,0.59375,128,62000,0.32765817642211914,1920,17,1,500000,1000,,62001.0,0.6213541626930237,0.6506964564323425,0.6020833253860474,0.6589590907096863,280,9998131,1,1
63001,1920,945015,120961920,23520,0.6020833253860474,128,63000,0.3321411609649658,1920,17,1,500000,1000,,63001.0,0.6234375238418579,0.6506989598274231,0.5916666388511658,0.6588665246963501,284,9998131,1,1
64001,1920,960015,122881920,23520,0.5916666388511658,128,64000,0.3365790843963623,1920,17,1,500000,1000,,64001.0,0.6223958134651184,0.6506954431533813,0.6020833253860474,0.6585918664932251,289,9998131,1,1
65001,1920,975015,124801920,23520,0.6020833253860474,128,65000,0.34099602699279785,1920,17,1,500000,1000,,65001.0,0.6223958134651184,0.6506994366645813,0.6020833253860474,0.659102737903595,293,9998131,1,1
66001,1920,990015,126721920,23520,0.6020833253860474,128,66000,0.3454291820526123,1920,17,1,500000,1000,,66001.0,0.6234375238418579,0.6506943106651306,0.6020833253860474,0.6592746376991272,298,9998131,1,1
67001,1920,1005015,128641920,23520,0.6020833253860474,128,67000,0.3502943515777588,1920,17,1,500000,1000,,67001.0,0.6239583492279053,0.6506943106651306,0.6020833253860474,0.6590113043785095,302,9998131,1,1
68001,1920,1020015,130561920,23520,0.6020833253860474,128,68000,0.3546314239501953,1920,17,1,500000,1000,,68001.0,0.6213541626930237,0.6506919264793396,0.6000000238418579,0.6587924957275391,307,9998131,1,1
69001,1920,1035015,132481920,23520,0.6000000238418579,128,69000,0.3592991828918457,1920,17,1,500000,1000,,69001.0,0.6234375238418579,0.6506940722465515,0.6020833253860474,0.658645510673523,312,9998131,1,1
70001,1920,1050015,134401920,23520,0.6020833253860474,128,70000,0.36375904083251953,1920,17,1,500000,1000,,70001.0,0.621874988079071,0.6506943106651306,0.6041666865348816,0.6591275334358215,316,9998131,1,1
71001,1920,1065015,136321920,23520,0.6041666865348816,128,71000,0.36815929412841797,1920,17,1,500000,1000,,71001.0,0.6223958134651184,0.6506960988044739,0.6000000238418579,0.6591597199440002,321,9998131,1,1
72001,1920,1080015,138241920,23520,0.6000000238418579,128,72000,0.3725864887237549,1920,17,1,500000,1000,,72001.0,0.6223958134651184,0.6506949663162231,0.6000000238418579,0.6589757204055786,325,9998131,1,1
73001,1920,1095015,140161920,23520,0.6000000238418579,128,73000,0.37695956230163574,1920,17,1,500000,1000,,73001.0,0.621874988079071,0.6506919264793396,0.6020833253860474,0.6588575839996338,330,9998131,1,1
74001,1920,1110015,142081920,23520,0.6020833253860474,128,74000,0.381427526473999,1920,17,1,500000,1000,,74001.0,0.6223958134651184,0.6506944298744202,0.6041666865348816,0.6589533090591431,334,9998131,1,1
75001,1920,1125015,144001920,23520,0.6041666865348816,128,75000,0.38584041595458984,1920,17,1,500000,1000,,75001.0,0.6208333373069763,0.6506973505020142,0.6000000238418579,0.6589344143867493,338,9998131,1,1
76001,1920,1140015,145921920,23520,0.6000000238418579,128,76000,0.3902432918548584,1920,17,1,500000,1000,,76001.0,0.6213541626930237,0.6506960391998291,0.6000000238418579,0.6588336229324341,343,9998131,1,1
77001,1920,1155015,147841920,23520,0.6000000238418579,128,77000,0.3946566581726074,1920,17,1,500000,1000,,77001.0,0.6213541626930237,0.6506949067115784,0.6000000238418579,0.6588882803916931,347,9998131,1,1
78001,1920,1170015,149761920,23520,0.6000000238418579,128,78000,0.39911961555480957,1920,17,1,500000,1000,,78001.0,0.6223958134651184,0.650696873664856,0.5979166626930237,0.6593265533447266,352,9998131,1,1
79001,1920,1185015,151681920,23520,0.5979166626930237,128,79000,0.4035506248474121,1920,17,1,500000,1000,,79001.0,0.6234375238418579,0.6506969332695007,0.5916666388511658,0.6591275334358215,356,9998131,1,1
80001,1920,1200015,153601920,23520,0.5916666388511658,128,80000,0.40816235542297363,1920,17,1,500000,1000,,80001.0,0.6213541626930237,0.6506929397583008,0.6000000238418579,0.6589991450309753,361,9998131,1,1
81001,1920,1215015,155521920,23520,0.6000000238418579,128,81000,0.4126272201538086,1920,17,1,500000,1000,,81001.0,0.6223958134651184,0.6506956815719604,0.6020833253860474,0.6589053869247437,365,9998131,1,1
82001,1920,1230015,157441920,23520,0.6020833253860474,128,82000,0.41704320907592773,1920,17,1,500000,1000,,82001.0,0.6213541626930237,0.6506973505020142,0.6000000238418579,0.6589323878288269,370,9998131,1,1
83001,1920,1245015,159361920,23520,0.6000000238418579,128,83000,0.4214611053466797,1920,17,1,500000,1000,,83001.0,0.6229166388511658,0.6506973505020142,0.6041666865348816,0.6591241359710693,374,9998131,1,1
84001,1920,1260015,161281920,23520,0.6041666865348816,128,84000,0.4259161949157715,1920,17,1,500000,1000,,84001.0,0.6255208253860474,0.6506956815719604,0.59375,0.6589838266372681,379,9998131,1,1
85001,1920,1275015,163201920,23520,0.59375,128,85000,0.4303112030029297,1920,17,1,500000,1000,,85001.0,0.6223958134651184,0.6506937146186829,0.6000000238418579,0.6590970158576965,383,9998131,1,1
86001,1920,1290015,165121920,23520,0.6000000238418579,128,86000,0.43471622467041016,1920,17,1,500000,1000,,86001.0,0.6265624761581421,0.6507020592689514,0.5958333611488342,0.6596503853797913,388,9998131,1,1
87001,1920,1305015,167041920,23520,0.5958333611488342,128,87000,0.439133882522583,1920,17,1,500000,1000,,87001.0,0.6234375238418579,0.6506969332695007,0.6000000238418579,0.6589832901954651,392,9998131,1,1
88001,1920,1320015,168961920,23520,0.6000000238418579,128,88000,0.44354891777038574,1920,17,1,500000,1000,,88001.0,0.6234375238418579,0.6506977081298828,0.5958333611488342,0.6591358184814453,397,9998131,1,1
89001,1920,1335015,170881920,23520,0.5958333611488342,128,89000,0.4479339122772217,1920,17,1,500000,1000,,89001.0,0.6223958134651184,0.6506931185722351,0.6000000238418579,0.6588269472122192,401,9998131,1,1
90001,1920,1350015,172801920,23520,0.6000000238418579,128,90000,0.45240116119384766,1920,17,1,500000,1000,,90001.0,0.6244791746139526,0.6506936550140381,0.6041666865348816,0.6591458916664124,405,9998131,1,1
91001,1920,1365015,174721920,23520,0.6041666865348816,128,91000,0.4568343162536621,1920,17,1,500000,1000,,91001.0,0.6234375238418579,0.6506974101066589,0.6000000238418579,0.6584791541099548,410,9998131,1,1
92001,1920,1380015,176641920,23520,0.6000000238418579,128,92000,0.4612603187561035,1920,17,1,500000,1000,,92001.0,0.6223958134651184,0.6507012844085693,0.6020833253860474,0.658600926399231,414,9998131,1,1
93001,1920,1395015,178561920,23520,0.6020833253860474,128,93000,0.4656863212585449,1920,17,1,500000,1000,,93001.0,0.6229166388511658,0.650696337223053,0.6020833253860474,0.6590818762779236,419,9998131,1,1
94001,1920,1410015,180481920,23520,0.6020833253860474,128,94000,0.4702942371368408,1920,17,1,500000,1000,,94001.0,0.6265624761581421,0.6506942510604858,0.5958333611488342,0.6590365767478943,423,9998131,1,1
95001,1920,1425015,182401920,23520,0.5958333611488342,128,95000,0.4747164249420166,1920,17,1,500000,1000,,95001.0,0.6229166388511658,0.6506944298744202,0.6020833253860474,0.6590986847877502,428,9998131,1,1
96001,1920,1440015,184321920,23520,0.6020833253860474,128,96000,0.4791452884674072,1920,17,1,500000,1000,,96001.0,0.6239583492279053,0.6506982445716858,0.6041666865348816,0.6591242551803589,432,9998131,1,1
97001,1920,1455015,186241920,23520,0.6041666865348816,128,97000,0.48355698585510254,1920,17,1,500000,1000,,97001.0,0.6229166388511658,0.6506917476654053,0.6041666865348816,0.6592879891395569,437,9998131,1,1
98001,1920,1470015,188161920,23520,0.6041666865348816,128,98000,0.48808717727661133,1920,17,1,500000,1000,,98001.0,0.6239583492279053,0.650692880153656,0.6020833253860474,0.6591840386390686,441,9998131,1,1
99001,1920,1485015,190081920,23520,0.6020833253860474,128,99000,0.4925203323364258,1920,17,1,500000,1000,,99001.0,0.621874988079071,0.6506964564323425,0.6000000238418579,0.6588541865348816,446,9998131,1,1
100001,1920,1500015,192001920,23520,0.6000000238418579,128,100000,0.4969310760498047,1920,17,1,500000,1000,,100001.0,0.620312511920929,0.6506949067115784,0.5979166626930237,0.6588109135627747,450,9998131,1,1
101001,1920,1515015,193921920,23520,0.5979166626930237,128,101000,0.5013830661773682,1920,17,1,500000,1000,,101001.0,0.6223958134651184,0.6506918668746948,0.6020833253860474,0.6589505672454834,455,9998131,1,1
102001,1920,1530015,195841920,23520,0.6020833253860474,128,102000,0.505803108215332,1920,17,1,500000,1000,,102001.0,0.621874988079071,0.6506943106651306,0.6020833253860474,0.659102737903595,459,9998131,1,1
103001,1920,1545015,197761920,23520,0.6020833253860474,128,103000,0.5102472305297852,1920,17,1,500000,1000,,103001.0,0.620312511920929,0.65069580078125,0.6000000238418579,0.6586188077926636,464,9998131,1,1
104001,1920,1560015,199681920,23520,0.6000000238418579,128,104000,0.5148301124572754,1920,17,1,500000,1000,,104001.0,0.6223958134651184,0.6506937742233276,0.6000000238418579,0.6587818264961243,468,9998131,1,1
105001,1920,1575015,201601920,23520,0.6000000238418579,128,105000,0.5192370414733887,1920,17,1,500000,1000,,105001.0,0.621874988079071,0.6506930589675903,0.6000000238418579,0.658650279045105,473,9998131,1,1
106001,1920,1590015,203521920,23520,0.6000000238418579,128,106000,0.5238239765167236,1920,17,1,500000,1000,,106001.0,0.6213541626930237,0.6506922245025635,0.6000000238418579,0.6588189601898193,477,9998131,1,1
107001,1920,1605015,205441920,23520,0.6000000238418579,128,107000,0.528252124786377,1920,17,1,500000,1000,,107001.0,0.6234375238418579,0.6506953835487366,0.59375,0.659179151058197,482,9998131,1,1
108001,1920,1620015,207361920,23520,0.59375,128,108000,0.5326371192932129,1920,17,1,500000,1000,,108001.0,0.6255208253860474,0.6506942510604858,0.5958333611488342,0.6592559814453125,486,9998131,1,1
109001,1920,1635015,209281920,23520,0.5958333611488342,128,109000,0.5370237827301025,1920,17,1,500000,1000,,109001.0,0.6234375238418579,0.650694727897644,0.6041666865348816,0.6589372754096985,491,9998131,1,1
110001,1920,1650015,211201920,23520,0.6041666865348816,128,110000,0.5415618419647217,1920,17,1,500000,1000,,110001.0,0.621874988079071,0.6506924033164978,0.6000000238418579,0.6589062809944153,495,9998131,1,1
111001,1920,1665015,213121920,23520,0.6000000238418579,128,111000,0.546259880065918,1920,17,1,500000,1000,,111001.0,0.620312511920929,0.650691032409668,0.6000000238418579,0.6586282253265381,500,9998131,1,1
112001,1920,1680015,215041920,23520,0.6000000238418579,128,112000,0.5506737232208252,1920,17,1,500000,1000,,112001.0,0.6255208253860474,0.6506940126419067,0.59375,0.6590866446495056,504,9998131,1,1
113001,1920,1695015,216961920,23520,0.59375,128,113000,0.5551149845123291,1920,17,1,500000,1000,,113001.0,0.6234375238418579,0.6507009267807007,0.6000000238418579,0.6590098738670349,509,9998131,1,1
114001,1920,1710015,218881920,23520,0.6000000238418579,128,114000,0.5595488548278809,1920,17,1,500000,1000,,114001.0,0.6223958134651184,0.6506962180137634,0.6020833253860474,0.6585572957992554,513,9998131,1,1
115001,1920,1725015,220801920,23520,0.6020833253860474,128,115000,0.5639879703521729,1920,17,1,500000,1000,,115001.0,0.6234375238418579,0.6506949067115784,0.59375,0.6592755913734436,518,9998131,1,1
116001,1920,1740015,222721920,23520,0.59375,128,116000,0.5684230327606201,1920,17,1,500000,1000,,116001.0,0.6223958134651184,0.6506966948509216,0.6000000238418579,0.6589331030845642,522,9998131,1,1
117001,1920,1755015,224641920,23520,0.6000000238418579,128,117000,0.5728693008422852,1920,17,1,500000,1000,,117001.0,0.6255208253860474,0.6506994366645813,0.5979166626930237,0.6591464877128601,526,9998131,1,1
118001,1920,1770015,226561920,23520,0.5979166626930237,128,118000,0.5774774551391602,1920,17,1,500000,1000,,118001.0,0.6239583492279053,0.6506925225257874,0.6020833253860474,0.6590132117271423,531,9998131,1,1
119001,1920,1785015,228481920,23520,0.6020833253860474,128,119000,0.5818853378295898,1920,17,1,500000,1000,,119001.0,0.6223958134651184,0.6506966948509216,0.6000000238418579,0.6589892506599426,535,9998131,1,1
120001,1920,1800015,230401920,23520,0.6000000238418579,128,120000,0.5875091552734375,1920,17,1,500000,1000,,120001.0,0.6223958134651184,0.650696337223053,0.6020833253860474,0.6588469743728638,540,9998131,1,1
121001,1920,1815015,232321920,23520,0.6020833253860474,128,121000,0.591907262802124,1920,17,1,500000,1000,,121001.0,0.6208333373069763,0.6506946682929993,0.6020833253860474,0.6590603590011597,545,9998131,1,1
122001,1920,1830015,234241920,23520,0.6020833253860474,128,122000,0.5966463088989258,1920,17,1,500000,1000,,122001.0,0.625,0.6506938934326172,0.6020833253860474,0.6589316129684448,549,9998131,1,1
123001,1920,1845015,236161920,23520,0.6020833253860474,128,123000,0.6010832786560059,1920,17,1,500000,1000,,123001.0,0.6255208253860474,0.6506963968276978,0.59375,0.6590176224708557,553,9998131,1,1
124001,1920,1860015,238081920,23520,0.59375,128,124000,0.6055803298950195,1920,17,1,500000,1000,,124001.0,0.6229166388511658,0.6506941318511963,0.6000000238418579,0.6587514281272888,558,9998131,1,1
125001,1920,1875015,240001920,23520,0.6000000238418579,128,125000,0.6099863052368164,1920,17,1,500000,1000,,125001.0,0.6234375238418579,0.6506978273391724,0.6020833253860474,0.6590505242347717,563,9998131,1,1
126001,1920,1890015,241921920,23520,0.6020833253860474,128,126000,0.6146643161773682,1920,17,1,500000,1000,,126001.0,0.6239583492279053,0.6506925821304321,0.6041666865348816,0.659438967704773,567,9998131,1,1
127001,1920,1905015,243841920,23520,0.6041666865348816,128,127000,0.6192853450775146,1920,17,1,500000,1000,,127001.0,0.6260416507720947,0.6507025957107544,0.5958333611488342,0.6594150066375732,572,9998131,1,1
128001,1920,1920015,245761920,23520,0.5958333611488342,128,128000,0.6239502429962158,1920,17,1,500000,1000,,128001.0,0.6234375238418579,0.6506945490837097,0.59375,0.6590562462806702,576,9998131,1,1
129001,1920,1935015,247681920,23520,0.59375,128,129000,0.6285953521728516,1920,17,1,500000,1000,,129001.0,0.6223958134651184,0.6506952047348022,0.6041666865348816,0.6588369607925415,581,9998131,1,1
130001,1920,1950015,249601920,23520,0.6041666865348816,128,130000,0.633230447769165,1920,17,1,500000,1000,,130001.0,0.6239583492279053,0.65069580078125,0.59375,0.6593015193939209,585,9998131,1,1
131001,1920,1965015,251521920,23520,0.59375,128,131000,0.6377565860748291,1920,17,1,500000,1000,,131001.0,0.6239583492279053,0.6506926417350769,0.6020833253860474,0.659071683883667,590,9998131,1,1
132001,1920,1980015,253441920,23520,0.6020833253860474,128,132000,0.6422057151794434,1920,17,1,500000,1000,,132001.0,0.625,0.6506989598274231,0.6020833253860474,0.6587072610855103,594,9998131,1,1
133001,1920,1995015,255361920,23520,0.6020833253860474,128,133000,0.6466968059539795,1920,17,1,500000,1000,,133001.0,0.6255208253860474,0.650692343711853,0.5958333611488342,0.6591562032699585,599,9998131,1,1
134001,1920,2010015,257281920,23520,0.5958333611488342,128,134000,0.6512618064880371,1920,17,1,500000,1000,,134001.0,0.6244791746139526,0.6506938338279724,0.5916666388511658,0.6591900587081909,603,9998131,1,1
135001,1920,2025015,259201920,23520,0.5916666388511658,128,135000,0.656322717666626,1920,17,1,500000,1000,,135001.0,0.625,0.6506955623626709,0.6020833253860474,0.6586114764213562,608,9998131,1,1
136001,1920,2040015,261121920,23520,0.6020833253860474,128,136000,0.6606926918029785,1920,17,1,500000,1000,,136001.0,0.621874988079071,0.6506941318511963,0.6000000238418579,0.6591594815254211,612,9998131,1,1
137001,1920,2055015,263041920,23520,0.6000000238418579,128,137000,0.6651296615600586,1920,17,1,500000,1000,,137001.0,0.6234375238418579,0.6506925225257874,0.6000000238418579,0.658901572227478,617,9998131,1,1
138001,1920,2070015,264961920,23520,0.6000000238418579,128,138000,0.6698007583618164,1920,17,1,500000,1000,,138001.0,0.6239583492279053,0.6506978273391724,0.6020833253860474,0.6589706540107727,621,9998131,1,1
139001,1920,2085015,266881920,23520,0.6020833253860474,128,139000,0.6742017269134521,1920,17,1,500000,1000,,139001.0,0.6213541626930237,0.6506977081298828,0.6020833253860474,0.6587608456611633,625,9998131,1,1
140001,1920,2100015,268801920,23520,0.6020833253860474,128,140000,0.678595781326294,1920,17,1,500000,1000,,140001.0,0.621874988079071,0.6506977677345276,0.6000000238418579,0.6585484147071838,630,9998131,1,1
141001,1920,2115015,270721920,23520,0.6000000238418579,128,141000,0.6830308437347412,1920,17,1,500000,1000,,141001.0,0.6239583492279053,0.6506941318511963,0.6020833253860474,0.6589023470878601,634,9998131,1,1
142001,1920,2130015,272641920,23520,0.6020833253860474,128,142000,0.6874170303344727,1920,17,1,500000,1000,,142001.0,0.6265624761581421,0.6507002711296082,0.5979166626930237,0.6597335934638977,639,9998131,1,1
143001,1920,2145015,274561920,23520,0.5979166626930237,128,143000,0.6917238235473633,1920,17,1,500000,1000,,143001.0,0.6223958134651184,0.6506936550140381,0.6000000238418579,0.6590808629989624,643,9998131,1,1
144001,1920,2160015,276481920,23520,0.6000000238418579,128,144000,0.6960256099700928,1920,17,1,500000,1000,,144001.0,0.6223958134651184,0.6506940126419067,0.6000000238418579,0.6592093110084534,648,9998131,1,1
145001,1920,2175015,278401920,23520,0.6000000238418579,128,145000,0.7004096508026123,1920,17,1,500000,1000,,145001.0,0.6260416507720947,0.6506931185722351,0.5979166626930237,0.6593683362007141,652,9998131,1,1
146001,1920,2190015,280321920,23520,0.5979166626930237,128,146000,0.7047815322875977,1920,17,1,500000,1000,,146001.0,0.6229166388511658,0.6506916284561157,0.6000000238418579,0.6591152548789978,657,9998131,1,1
147001,1920,2205015,282241920,23520,0.6000000238418579,128,147000,0.7091677188873291,1920,17,1,500000,1000,,147001.0,0.6286458373069763,0.6506949663162231,0.5958333611488342,0.6592156887054443,661,9998131,1,1
148001,1920,2220015,284161920,23520,0.5958333611488342,128,148000,0.7135367393493652,1920,17,1,500000,1000,,148001.0,0.6229166388511658,0.6506965160369873,0.6020833253860474,0.6587567925453186,666,9998131,1,1
149001,1920,2235015,286081920,23520,0.6020833253860474,128,149000,0.7179038524627686,1920,17,1,500000,1000,,149001.0,0.6223958134651184,0.6506938934326172,0.6020833253860474,0.6591611504554749,670,9998131,1,1
150001,1920,2250015,288001920,23520,0.6020833253860474,128,150000,0.7223067283630371,1920,17,1,500000,1000,,150001.0,0.6244791746139526,0.650694727897644,0.6041666865348816,0.6591808199882507,675,9998131,1,1
151001,1920,2265015,289921920,23520,0.6041666865348816,128,151000,0.7266218662261963,1920,17,1,500000,1000,,151001.0,0.621874988079071,0.6506921052932739,0.6000000238418579,0.6586811542510986,679,9998131,1,1
152001,1920,2280015,291841920,23520,0.6000000238418579,128,152000,0.7309958934783936,1920,17,1,500000,1000,,152001.0,0.6260416507720947,0.6506958603858948,0.5958333611488342,0.6590338945388794,684,9998131,1,1
153001,1920,2295015,293761920,23520,0.5958333611488342,128,153000,0.7352879047393799,1920,17,1,500000,1000,,153001.0,0.6255208253860474,0.6506958603858948,0.5979166626930237,0.6595219373703003,688,9998131,1,1
154001,1920,2310015,295681920,23520,0.5979166626930237,128,154000,0.7396390438079834,1920,17,1,500000,1000,,154001.0,0.621874988079071,0.6506919264793396,0.6020833253860474,0.6590996384620667,692,9998131,1,1
155001,1920,2325015,297601920,23520,0.6020833253860474,128,155000,0.7439908981323242,1920,17,1,500000,1000,,155001.0,0.6223958134651184,0.6506965160369873,0.6000000238418579,0.6591276526451111,697,9998131,1,1
156001,1920,2340015,299521920,23520,0.6000000238418579,128,156000,0.7483389377593994,1920,17,1,500000,1000,,156001.0,0.6213541626930237,0.6506948471069336,0.6000000238418579,0.6590080261230469,701,9998131,1,1
157001,1920,2355015,301441920,23520,0.6000000238418579,128,157000,0.7526957988739014,1920,17,1,500000,1000,,157001.0,0.6208333373069763,0.6506996750831604,0.6000000238418579,0.6582233309745789,706,9998131,1,1
158001,1920,2370015,303361920,23520,0.6000000238418579,128,158000,0.7570240497589111,1920,17,1,500000,1000,,158001.0,0.625,0.6507008671760559,0.5958333611488342,0.6591740846633911,710,9998131,1,1
159001,1920,2385015,305281920,23520,0.5958333611488342,128,159000,0.7619757652282715,1920,17,1,500000,1000,,159001.0,0.6223958134651184,0.6506940126419067,0.6000000238418579,0.6585553884506226,715,9998131,1,1
160001,1920,2400015,307201920,23520,0.6000000238418579,128,160000,0.7665567398071289,1920,17,1,500000,1000,,160001.0,0.6213541626930237,0.6506944894790649,0.6000000238418579,0.6587149500846863,719,9998131,1,1
161001,1920,2415015,309121920,23520,0.6000000238418579,128,161000,0.7708926200866699,1920,17,1,500000,1000,,161001.0,0.6223958134651184,0.6506955027580261,0.6020833253860474,0.6584705114364624,723,9998131,1,1
162001,1920,2430015,311041920,23520,0.6020833253860474,128,162000,0.7752468585968018,1920,17,1,500000,1000,,162001.0,0.620312511920929,0.6506965160369873,0.6000000238418579,0.6589012145996094,728,9998131,1,1
163001,1920,2445015,312961920,23520,0.6000000238418579,128,163000,0.7795610427856445,1920,17,1,500000,1000,,163001.0,0.6244791746139526,0.6506943106651306,0.6020833253860474,0.6591242551803589,732,9998131,1,1
164001,1920,2460015,314881920,23520,0.6020833253860474,128,164000,0.783898115158081,1920,17,1,500000,1000,,164001.0,0.6270833611488342,0.6506934762001038,0.5979166626930237,0.6594818234443665,737,9998131,1,1
165001,1920,2475015,316801920,23520,0.5979166626930237,128,165000,0.788243293762207,1920,17,1,500000,1000,,165001.0,0.6239583492279053,0.6506931185722351,0.6041666865348816,0.6591407656669617,741,9998131,1,1
166001,1920,2490015,318721920,23520,0.6041666865348816,128,166000,0.7925612926483154,1920,17,1,500000,1000,,166001.0,0.6255208253860474,0.65069580078125,0.5979166626930237,0.6594581604003906,746,9998131,1,1
167001,1920,2505015,320641920,23520,0.5979166626930237,128,167000,0.7968995571136475,1920,17,1,500000,1000,,167001.0,0.6239583492279053,0.6506938934326172,0.6000000238418579,0.6590002179145813,750,9998131,1,1
168001,1920,2520015,322561920,23520,0.6000000238418579,128,168000,0.801213264465332,1920,17,1,500000,1000,,168001.0,0.6255208253860474,0.6506932377815247,0.59375,0.6592696905136108,755,9998131,1,1
169001,1920,2535015,324481920,23520,0.59375,128,169000,0.805572509765625,1920,17,1,500000,1000,,169001.0,0.6229166388511658,0.6506934762001038,0.59375,0.6590318083763123,759,9998131,1,1
170001,1920,2550015,326401920,23520,0.59375,128,170000,0.8099164962768555,1920,17,1,500000,1000,,170001.0,0.6234375238418579,0.6506956815719604,0.5958333611488342,0.6589899063110352,763,9998131,1,1
171001,1920,2565015,328321920,23520,0.5958333611488342,128,171000,0.8142507076263428,1920,17,1,500000,1000,,171001.0,0.625,0.6506978869438171,0.5958333611488342,0.6595596671104431,768,9998131,1,1
172001,1920,2580015,330241920,23520,0.5958333611488342,128,172000,0.8185737133026123,1920,17,1,500000,1000,,172001.0,0.6239583492279053,0.6506948471069336,0.6020833253860474,0.6590777635574341,772,9998131,1,1
173001,1920,2595015,332161920,23520,0.6020833253860474,128,173000,0.8230156898498535,1920,17,1,500000,1000,,173001.0,0.6239583492279053,0.6506908535957336,0.6020833253860474,0.6589187979698181,777,9998131,1,1
174001,1920,2610015,334081920,23520,0.6020833253860474,128,174000,0.8273525238037109,1920,17,1,500000,1000,,174001.0,0.6213541626930237,0.6506950855255127,0.6041666865348816,0.6586775183677673,781,9998131,1,1
175001,1920,2625015,336001920,23520,0.6041666865348816,128,175000,0.8316845893859863,1920,17,1,500000,1000,,175001.0,0.621874988079071,0.6506952047348022,0.6000000238418579,0.6590177416801453,785,9998131,1,1
176001,1920,2640015,337921920,23520,0.6000000238418579,128,176000,0.8359947204589844,1920,17,1,500000,1000,,176001.0,0.621874988079071,0.650696337223053,0.6020833253860474,0.6588204503059387,790,9998131,1,1
177001,1920,2655015,339841920,23520,0.6020833253860474,128,177000,0.8403656482696533,1920,17,1,500000,1000,,177001.0,0.6229166388511658,0.6507011651992798,0.6000000238418579,0.6584117412567139,794,9998131,1,1
178001,1920,2670015,341761920,23520,0.6000000238418579,128,178000,0.8447515964508057,1920,17,1,500000,1000,,178001.0,0.6213541626930237,0.6506966948509216,0.6020833253860474,0.658855140209198,799,9998131,1,1
179001,1920,2685015,343681920,23520,0.6020833253860474,128,179000,0.8491995334625244,1920,17,1,500000,1000,,179001.0,0.6260416507720947,0.6506985425949097,0.59375,0.6589817404747009,803,9998131,1,1
180001,1920,2700015,345601920,23520,0.59375,128,180000,0.8535666465759277,1920,17,1,500000,1000,,180001.0,0.620312511920929,0.6506932973861694,0.6000000238418579,0.6588954925537109,808,9998131,1,1
181001,1920,2715015,347521920,23520,0.6000000238418579,128,181000,0.8580727577209473,1920,17,1,500000,1000,,181001.0,0.6234375238418579,0.6506919264793396,0.6020833253860474,0.6589658260345459,812,9998131,1,1
182001,1920,2730015,349441920,23520,0.6020833253860474,128,182000,0.8624410629272461,1920,17,1,500000,1000,,182001.0,0.6244791746139526,0.65069580078125,0.6020833253860474,0.6589561104774475,816,9998131,1,1
183001,1920,2745015,351361920,23520,0.6020833253860474,128,183000,0.8667492866516113,1920,17,1,500000,1000,,183001.0,0.6255208253860474,0.6506954431533813,0.5958333611488342,0.6592979431152344,821,9998131,1,1
184001,1920,2760015,353281920,23520,0.5958333611488342,128,184000,0.8711433410644531,1920,17,1,500000,1000,,184001.0,0.625,0.6506947875022888,0.6000000238418579,0.659063458442688,825,9998131,1,1
185001,1920,2775015,355201920,23520,0.6000000238418579,128,185000,0.8754773139953613,1920,17,1,500000,1000,,185001.0,0.6229166388511658,0.6506910920143127,0.6000000238418579,0.6589918732643127,830,9998131,1,1
186001,1920,2790015,357121920,23520,0.6000000238418579,128,186000,0.8798432350158691,1920,17,1,500000,1000,,186001.0,0.6239583492279053,0.6506938934326172,0.6020833253860474,0.6589740514755249,834,9998131,1,1
187001,1920,2805015,359041920,23520,0.6020833253860474,128,187000,0.8841812610626221,1920,17,1,500000,1000,,187001.0,0.6244791746139526,0.6506983041763306,0.5958333611488342,0.6593111157417297,839,9998131,1,1
188001,1920,2820015,360961920,23520,0.5958333611488342,128,188000,0.8884732723236084,1920,17,1,500000,1000,,188001.0,0.6208333373069763,0.6507036685943604,0.6000000238418579,0.6587851643562317,843,9998131,1,1
189001,1920,2835015,362881920,23520,0.6000000238418579,128,189000,0.8927993774414062,1920,17,1,500000,1000,,189001.0,0.6223958134651184,0.6506988406181335,0.6020833253860474,0.6590799689292908,847,9998131,1,1
190001,1920,2850015,364801920,23520,0.6020833253860474,128,190000,0.8971536159515381,1920,17,1,500000,1000,,190001.0,0.6229166388511658,0.6506931185722351,0.6000000238418579,0.6590785384178162,852,9998131,1,1
191001,1920,2865015,366721920,23520,0.6000000238418579,128,191000,0.9015307426452637,1920,17,1,500000,1000,,191001.0,0.6244791746139526,0.6506951451301575,0.6020833253860474,0.6588377356529236,856,9998131,1,1
192001,1920,2880015,368641920,23520,0.6020833253860474,128,192000,0.9059126377105713,1920,17,1,500000,1000,,192001.0,0.6270833611488342,0.650701105594635,0.6020833253860474,0.6590834856033325,861,9998131,1,1
193001,1920,2895015,370561920,23520,0.6020833253860474,128,193000,0.9102704524993896,1920,17,1,500000,1000,,193001.0,0.6234375238418579,0.6506952047348022,0.6041666865348816,0.6588672399520874,866,9998131,1,1
194001,1920,2910015,372481920,23520,0.6041666865348816,128,194000,0.9145662784576416,1920,17,1,500000,1000,,194001.0,0.621874988079071,0.6506945490837097,0.6000000238418579,0.6588563323020935,870,9998131,1,1
195001,1920,2925015,374401920,23520,0.6000000238418579,128,195000,0.9189193248748779,1920,17,1,500000,1000,,195001.0,0.621874988079071,0.6506941318511963,0.6000000238418579,0.6591053605079651,874,9998131,1,1
196001,1920,2940015,376321920,23520,0.6000000238418579,128,196000,0.9232783317565918,1920,17,1,500000,1000,,196001.0,0.6213541626930237,0.6506950259208679,0.6000000238418579,0.6590074300765991,879,9998131,1,1
197001,1920,2955015,378241920,23520,0.6000000238418579,128,197000,0.9276266098022461,1920,17,1,500000,1000,,197001.0,0.6239583492279053,0.6506936550140381,0.5958333611488342,0.6594922542572021,883,9998131,1,1
198001,1920,2970015,380161920,23520,0.5958333611488342,128,198000,0.931990385055542,1920,17,1,500000,1000,,198001.0,0.625,0.6506937742233276,0.6041666865348816,0.6592105627059937,888,9998131,1,1
199001,1920,2985015,382081920,23520,0.6041666865348816,128,199000,0.9363381862640381,1920,17,1,500000,1000,,199001.0,0.6260416507720947,0.650698721408844,0.5958333611488342,0.6590616106987,892,9998131,1,1
200001,1920,3000015,384001920,23520,0.5958333611488342,128,200000,0.9407379627227783,1920,17,1,500000,1000,,200001.0,0.6244791746139526,0.6506959199905396,0.5979166626930237,0.6591101884841919,897,9998131,1,1
201001,1920,3015015,385921920,23520,0.5979166626930237,128,201000,0.9450910091400146,1920,17,1,500000,1000,,201001.0,0.6208333373069763,0.6506946682929993,0.6000000238418579,0.6590520143508911,901,9998131,1,1
202001,1920,3030015,387841920,23520,0.6000000238418579,128,202000,0.9494469165802002,1920,17,1,500000,1000,,202001.0,0.6255208253860474,0.6507021188735962,0.6020833253860474,0.6590080857276917,905,9998131,1,1
203001,1920,3045015,389761920,23520,0.6020833253860474,128,203000,0.9537968635559082,1920,17,1,500000,1000,,203001.0,0.620312511920929,0.650696337223053,0.6000000238418579,0.6584964990615845,910,9998131,1,1
204001,1920,3060015,391681920,23520,0.6000000238418579,128,204000,0.95823073387146,1920,17,1,500000,1000,,204001.0,0.6223958134651184,0.650696873664856,0.6020833253860474,0.6592856049537659,914,9998131,1,1
205001,1920,3075015,393601920,23520,0.6020833253860474,128,205000,0.9626078605651855,1920,17,1,500000,1000,,205001.0,0.6286458373069763,0.6507007479667664,0.5958333611488342,0.659724771976471,919,9998131,1,1
206001,1920,3090015,395521920,23520,0.5958333611488342,128,206000,0.9669716358184814,1920,17,1,500000,1000,,206001.0,0.6244791746139526,0.6506929397583008,0.6020833253860474,0.6588736176490784,923,9998131,1,1
207001,1920,3105015,397441920,23520,0.6020833253860474,128,207000,0.9713225364685059,1920,17,1,500000,1000,,207001.0,0.621874988079071,0.6506917476654053,0.6020833253860474,0.6589913964271545,928,9998131,1,1
208001,1920,3120015,399361920,23520,0.6020833253860474,128,208000,0.9756984710693359,1920,17,1,500000,1000,,208001.0,0.6239583492279053,0.6506962180137634,0.6020833253860474,0.6593514084815979,932,9998131,1,1
209001,1920,3135015,401281920,23520,0.6020833253860474,128,209000,0.9800667762756348,1920,17,1,500000,1000,,209001.0,0.6229166388511658,0.6506968140602112,0.6000000238418579,0.659164309501648,937,9998131,1,1
210001,1920,3150015,403201920,23520,0.6000000238418579,128,210000,0.9843857288360596,1920,17,1,500000,1000,,210001.0,0.625,0.6506938934326172,0.6041666865348816,0.6590341329574585,942,9998131,1,1
211001,1920,3165015,405121920,23520,0.6041666865348816,128,211000,0.9887597560882568,1920,17,1,500000,1000,,211001.0,0.6223958134651184,0.6506989002227783,0.6020833253860474,0.6592881679534912,947,9998131,1,1
212001,1920,3180015,407041920,23520,0.6020833253860474,128,212000,0.9931268692016602,1920,17,1,500000,1000,,212001.0,0.6265624761581421,0.650695264339447,0.5979166626930237,0.6591457724571228,951,9998131,1,1
213001,1920,3195015,408961920,23520,0.5979166626930237,128,213000,0.9974768161773682,1920,17,1,500000,1000,,213001.0,0.6213541626930237,0.6506936550140381,0.6020833253860474,0.6590069532394409,955,9998131,1,1
214001,1920,3210015,410881920,23520,0.6020833253860474,128,214000,1.0018277168273926,1920,17,1,500000,1000,,214001.0,0.6223958134651184,0.6506935358047485,0.6020833253860474,0.6588916778564453,960,9998131,1,1
215001,1920,3225015,412801920,23520,0.6020833253860474,128,215000,1.0061917304992676,1920,17,1,500000,1000,,215001.0,0.621874988079071,0.6506932973861694,0.6020833253860474,0.6590222120285034,964,9998131,1,1
216001,1920,3240015,414721920,23520,0.6020833253860474,128,216000,1.0105268955230713,1920,17,1,500000,1000,,216001.0,0.6244791746139526,0.6506916880607605,0.6020833253860474,0.658828616142273,969,9998131,1,1
217001,1920,3255015,416641920,23520,0.6020833253860474,128,217000,1.014897108078003,1920,17,1,500000,1000,,217001.0,0.621874988079071,0.650697648525238,0.6020833253860474,0.658917248249054,973,9998131,1,1
218001,1920,3270015,418561920,23520,0.6020833253860474,128,218000,1.0192840099334717,1920,17,1,500000,1000,,218001.0,0.6223958134651184,0.6507043838500977,0.6020833253860474,0.6585235595703125,978,9998131,1,1
219001,1920,3285015,420481920,23520,0.6020833253860474,128,219000,1.0236618518829346,1920,17,1,500000,1000,,219001.0,0.6197916865348816,0.6506979465484619,0.6020833253860474,0.658697247505188,982,9998131,1,1
220001,1920,3300015,422401920,23520,0.6020833253860474,128,220000,1.0283067226409912,1920,17,1,500000,1000,,220001.0,0.6213541626930237,0.6506932973861694,0.6020833253860474,0.6589785218238831,986,9998131,1,1
221001,1920,3315015,424321920,23520,0.6020833253860474,128,221000,1.032639741897583,1920,17,1,500000,1000,,221001.0,0.6234375238418579,0.6506950855255127,0.6020833253860474,0.6589327454566956,991,9998131,1,1
222001,1920,3330015,426241920,23520,0.6020833253860474,128,222000,1.0369927883148193,1920,17,1,500000,1000,,222001.0,0.6260416507720947,0.650700032711029,0.5958333611488342,0.6590660810470581,995,9998131,1,1
223001,1920,3345015,428161920,23520,0.5958333611488342,128,223000,1.0413787364959717,1920,17,1,500000,1000,,223001.0,0.6244791746139526,0.6506997346878052,0.59375,0.6585980653762817,1000,9998131,1,1
224001,1920,3360015,430081920,23520,0.59375,128,224000,1.0457367897033691,1920,17,1,500000,1000,,224001.0,0.6229166388511658,0.650692343711853,0.5916666388511658,0.6589959263801575,1004,9998131,1,1
225001,1920,3375015,432001920,23520,0.5916666388511658,128,225000,1.0500438213348389,1920,17,1,500000,1000,,225001.0,0.6223958134651184,0.6506977677345276,0.6020833253860474,0.6588588356971741,1008,9998131,1,1
226001,1920,3390015,433921920,23520,0.6020833253860474,128,226000,1.0544097423553467,1920,17,1,500000,1000,,226001.0,0.621874988079071,0.6506920456886292,0.5916666388511658,0.6590856313705444,1013,9998131,1,1
227001,1920,3405015,435841920,23520,0.5916666388511658,128,227000,1.0587947368621826,1920,17,1,500000,1000,,227001.0,0.621874988079071,0.6506959199905396,0.6020833253860474,0.6588941216468811,1017,9998131,1,1
228001,1920,3420015,437761920,23520,0.6020833253860474,128,228000,1.0631537437438965,1920,17,1,500000,1000,,228001.0,0.6208333373069763,0.6506974697113037,0.6000000238418579,0.6590427160263062,1022,9998131,1,1
229001,1920,3435015,439681920,23520,0.6000000238418579,128,229000,1.0675137042999268,1920,17,1,500000,1000,,229001.0,0.6213541626930237,0.6506955623626709,0.6000000238418579,0.6591200232505798,1026,9998131,1,1
230001,1920,3450015,441601920,23520,0.6000000238418579,128,230000,1.0718936920166016,1920,17,1,500000,1000,,230001.0,0.6229166388511658,0.6506925821304321,0.6041666865348816,0.6589809656143188,1031,9998131,1,1
231001,1920,3465015,443521920,23520,0.6041666865348816,128,231000,1.0762314796447754,1920,17,1,500000,1000,,231001.0,0.6223958134651184,0.6506909132003784,0.6020833253860474,0.6589927673339844,1035,9998131,1,1
232001,1920,3480015,445441920,23520,0.6020833253860474,128,232000,1.0805792808532715,1920,17,1,500000,1000,,232001.0,0.6255208253860474,0.6506911516189575,0.59375,0.6592957973480225,1039,9998131,1,1
233001,1920,3495015,447361920,23520,0.59375,128,233000,1.0849871635437012,1920,17,1,500000,1000,,233001.0,0.625,0.6506993174552917,0.6041666865348816,0.6593118906021118,1044,9998131,1,1
234001,1920,3510015,449281920,23520,0.6041666865348816,128,234000,1.0893464088439941,1920,17,1,500000,1000,,234001.0,0.6244791746139526,0.650695264339447,0.6000000238418579,0.6589754819869995,1048,9998131,1,1
235001,1920,3525015,451201920,23520,0.6000000238418579,128,235000,1.0936965942382812,1920,17,1,500000,1000,,235001.0,0.6270833611488342,0.6506946682929993,0.5979166626930237,0.6591719388961792,1053,9998131,1,1
236001,1920,3540015,453121920,23520,0.5979166626930237,128,236000,1.0979957580566406,1920,17,1,500000,1000,,236001.0,0.6229166388511658,0.6506963968276978,0.6000000238418579,0.6588764786720276,1057,9998131,1,1
237001,1920,3555015,455041920,23520,0.6000000238418579,128,237000,1.102369785308838,1920,17,1,500000,1000,,237001.0,0.6239583492279053,0.6506942510604858,0.59375,0.6592791080474854,1062,9998131,1,1
238001,1920,3570015,456961920,23520,0.59375,128,238000,1.1067326068878174,1920,17,1,500000,1000,,238001.0,0.625,0.6506985425949097,0.6000000238418579,0.6593392491340637,1066,9998131,1,1
239001,1920,3585015,458881920,23520,0.6000000238418579,128,239000,1.1110475063323975,1920,17,1,500000,1000,,239001.0,0.621874988079071,0.6506908535957336,0.6020833253860474,0.6589984893798828,1071,9998131,1,1
240001,1920,3600015,460801920,23520,0.6020833253860474,128,240000,1.11541748046875,1920,17,1,500000,1000,,240001.0,0.625,0.65069580078125,0.5979166626930237,0.6592320203781128,1075,9998131,1,1
241001,1920,3615015,462721920,23520,0.5979166626930237,128,241000,1.119760274887085,1920,17,1,500000,1000,,241001.0,0.6239583492279053,0.650693953037262,0.6041666865348816,0.6592103838920593,1079,9998131,1,1
242001,1920,3630015,464641920,23520,0.6041666865348816,128,242000,1.1241343021392822,1920,17,1,500000,1000,,242001.0,0.6234375238418579,0.6506938934326172,0.6020833253860474,0.6588645577430725,1084,9998131,1,1
243001,1920,3645015,466561920,23520,0.6020833253860474,128,243000,1.1285021305084229,1920,17,1,500000,1000,,243001.0,0.6260416507720947,0.6506949663162231,0.5958333611488342,0.6594465970993042,1088,9998131,1,1
244001,1920,3660015,468481920,23520,0.5958333611488342,128,244000,1.1328778266906738,1920,17,1,500000,1000,,244001.0,0.6213541626930237,0.650696337223053,0.6020833253860474,0.6589513421058655,1093,9998131,1,1
245001,1920,3675015,470401920,23520,0.6020833253860474,128,245000,1.137291669845581,1920,17,1,500000,1000,,245001.0,0.6239583492279053,0.6506937742233276,0.6041666865348816,0.6588453054428101,1097,9998131,1,1
246001,1920,3690015,472321920,23520,0.6041666865348816,128,246000,1.141641616821289,1920,17,1,500000,1000,,246001.0,0.6234375238418579,0.6506946086883545,0.6041666865348816,0.6591745018959045,1101,9998131,1,1
247001,1920,3705015,474241920,23520,0.6041666865348816,128,247000,1.1459946632385254,1920,17,1,500000,1000,,247001.0,0.6229166388511658,0.650698721408844,0.6020833253860474,0.658494234085083,1106,9998131,1,1
248001,1920,3720015,476161920,23520,0.6020833253860474,128,248000,1.1503586769104004,1920,17,1,500000,1000,,248001.0,0.6239583492279053,0.6507026553153992,0.6041666865348816,0.6593201756477356,1110,9998131,1,1
249001,1920,3735015,478081920,23520,0.6041666865348816,128,249000,1.154726505279541,1920,17,1,500000,1000,,249001.0,0.6255208253860474,0.650696337223053,0.59375,0.6592397093772888,1115,9998131,1,1
250001,1920,3750015,480001920,23520,0.59375,128,250000,1.1590745449066162,1920,17,1,500000,1000,,250001.0,0.6244791746139526,0.6506929993629456,0.6020833253860474,0.6592328548431396,1119,9998131,1,1
251001,1920,3765015,481921920,23520,0.6020833253860474,128,251000,1.1634466648101807,1920,17,1,500000,1000,,251001.0,0.6260416507720947,0.6506940126419067,0.59375,0.6592118740081787,1123,9998131,1,1
252001,1920,3780015,483841920,23520,0.59375,128,252000,1.1678006649017334,1920,17,1,500000,1000,,252001.0,0.6270833611488342,0.6506911516189575,0.5958333611488342,0.6593916416168213,1128,9998131,1,1
253001,1920,3795015,485761920,23520,0.5958333611488342,128,253000,1.172175645828247,1920,17,1,500000,1000,,253001.0,0.6239583492279053,0.6506931781768799,0.6020833253860474,0.6590844392776489,1132,9998131,1,1
254001,1920,3810015,487681920,23520,0.6020833253860474,128,254000,1.1764914989471436,1920,17,1,500000,1000,,254001.0,0.6234375238418579,0.6506926417350769,0.6020833253860474,0.658977210521698,1137,9998131,1,1
255001,1920,3825015,489601920,23520,0.6020833253860474,128,255000,1.1808385848999023,1920,17,1,500000,1000,,255001.0,0.6213541626930237,0.6506944298744202,0.6000000238418579,0.6584926247596741,1141,9998131,1,1
256001,1920,3840015,491521920,23520,0.6000000238418579,128,256000,1.1853187084197998,1920,17,1,500000,1000,,256001.0,0.6229166388511658,0.6506950259208679,0.6020833253860474,0.6587387323379517,1146,9998131,1,1
257001,1920,3855015,493441920,23520,0.6020833253860474,128,257000,1.189685583114624,1920,17,1,500000,1000,,257001.0,0.6244791746139526,0.6506996750831604,0.59375,0.6588712930679321,1150,9998131,1,1
258001,1920,3870015,495361920,23520,0.59375,128,258000,1.1948816776275635,1920,17,1,500000,1000,,258001.0,0.6244791746139526,0.6506990194320679,0.5958333611488342,0.6593090891838074,1154,9998131,1,1
259001,1920,3885015,497281920,23520,0.5958333611488342,128,259000,1.1992497444152832,1920,17,1,500000,1000,,259001.0,0.6213541626930237,0.6506950259208679,0.6000000238418579,0.6591222882270813,1159,9998131,1,1
260001,1920,3900015,499201920,23520,0.6000000238418579,128,260000,1.2036075592041016,1920,17,1,500000,1000,,260001.0,0.6213541626930237,0.6506988406181335,0.6000000238418579,0.6588181257247925,1163,9998131,1,1
261001,1920,3915015,501121920,23520,0.6000000238418579,128,261000,1.207970380783081,1920,17,1,500000,1000,,261001.0,0.625,0.6506932973861694,0.59375,0.6591311097145081,1168,9998131,1,1
262001,1920,3930015,503041920,23520,0.59375,128,262000,1.2123396396636963,1920,17,1,500000,1000,,262001.0,0.6255208253860474,0.6506920456886292,0.6041666865348816,0.659258246421814,1172,9998131,1,1
263001,1920,3945015,504961920,23520,0.6041666865348816,128,263000,1.216691493988037,1920,17,1,500000,1000,,263001.0,0.6234375238418579,0.6506935358047485,0.6041666865348816,0.6592691540718079,1177,9998131,1,1
264001,1920,3960015,506881920,23520,0.6041666865348816,128,264000,1.2210652828216553,1920,17,1,500000,1000,,264001.0,0.6223958134651184,0.6506913304328918,0.6000000238418579,0.6592060327529907,1181,9998131,1,1
265001,1920,3975015,508801920,23520,0.6000000238418579,128,265000,1.226013422012329,1920,17,1,500000,1000,,265001.0,0.6244791746139526,0.6506956815719604,0.6020833253860474,0.6587313413619995,1186,9998131,1,1
266001,1920,3990015,510721920,23520,0.6020833253860474,128,266000,1.2303764820098877,1920,17,1,500000,1000,,266001.0,0.6260416507720947,0.6506933569908142,0.59375,0.6592850089073181,1190,9998131,1,1
267001,1920,4005015,512641920,23520,0.59375,128,267000,1.234724521636963,1920,17,1,500000,1000,,267001.0,0.6208333373069763,0.6506901979446411,0.6000000238418579,0.6590432524681091,1194,9998131,1,1
268001,1920,4020015,514561920,23520,0.6000000238418579,128,268000,1.2390992641448975,1920,17,1,500000,1000,,268001.0,0.6239583492279053,0.6506934762001038,0.59375,0.6592262387275696,1199,9998131,1,1
269001,1920,4035015,516481920,23520,0.59375,128,269000,1.243455171585083,1920,17,1,500000,1000,,269001.0,0.6223958134651184,0.6506996750831604,0.6041666865348816,0.6585235595703125,1203,9998131,1,1
270001,1920,4050015,518401920,23520,0.6041666865348816,128,270000,1.247765302658081,1920,17,1,500000,1000,,270001.0,0.6213541626930237,0.6506967544555664,0.6000000238418579,0.6586170196533203,1208,9998131,1,1
271001,1920,4065015,520321920,23520,0.6000000238418579,128,271000,1.2521231174468994,1920,17,1,500000,1000,,271001.0,0.6255208253860474,0.6506914496421814,0.59375,0.6591652035713196,1212,9998131,1,1
272001,1920,4080015,522241920,23520,0.59375,128,272000,1.2564921379089355,1920,17,1,500000,1000,,272001.0,0.628125011920929,0.6507009863853455,0.5958333611488342,0.6591330766677856,1217,9998131,1,1
273001,1920,4095015,524161920,23520,0.5958333611488342,128,273000,1.2610483169555664,1920,17,1,500000,1000,,273001.0,0.6255208253860474,0.6506919860839844,0.5958333611488342,0.6592919230461121,1221,9998131,1,1
274001,1920,4110015,526081920,23520,0.5958333611488342,128,274000,1.2690153121948242,1920,17,1,500000,1000,,274001.0,0.6244791746139526,0.6507003903388977,0.6020833253860474,0.658877432346344,1226,9998131,1,1
275001,1920,4125015,528001920,23520,0.6020833253860474,128,275000,1.2733814716339111,1920,17,1,500000,1000,,275001.0,0.6229166388511658,0.6507003307342529,0.6020833253860474,0.6589618921279907,1230,9998131,1,1
276001,1920,4140015,529921920,23520,0.6020833253860474,128,276000,1.277766466140747,1920,17,1,500000,1000,,276001.0,0.6265624761581421,0.6506933569908142,0.5979166626930237,0.659102737903595,1234,9998131,1,1
277001,1920,4155015,531841920,23520,0.5979166626930237,128,277000,1.2821626663208008,1920,17,1,500000,1000,,277001.0,0.6223958134651184,0.6506947875022888,0.6020833253860474,0.659010648727417,1239,9998131,1,1
278001,1920,4170015,533761920,23520,0.6020833253860474,128,278000,1.286503553390503,1920,17,1,500000,1000,,278001.0,0.6260416507720947,0.6506940126419067,0.5958333611488342,0.6591461300849915,1243,9998131,1,1
279001,1920,4185015,535681920,23520,0.5958333611488342,128,279000,1.2908058166503906,1920,17,1,500000,1000,,279001.0,0.621874988079071,0.6506993174552917,0.5979166626930237,0.6592569947242737,1248,9998131,1,1
280001,1920,4200015,537601920,23520,0.5979166626930237,128,280000,1.2951247692108154,1920,17,1,500000,1000,,280001.0,0.6213541626930237,0.6506965160369873,0.5979166626930237,0.658635139465332,1252,9998131,1,1
281001,1920,4215015,539521920,23520,0.5979166626930237,128,281000,1.2994897365570068,1920,17,1,500000,1000,,281001.0,0.6229166388511658,0.6507008075714111,0.6020833253860474,0.6587267518043518,1256,9998131,1,1
282001,1920,4230015,541441920,23520,0.6020833253860474,128,282000,1.304349660873413,1920,17,1,500000,1000,,282001.0,0.6244791746139526,0.6506970524787903,0.6020833253860474,0.6585572957992554,1261,9998131,1,1
283001,1920,4245015,543361920,23520,0.6020833253860474,128,283000,1.3087053298950195,1920,17,1,500000,1000,,283001.0,0.6260416507720947,0.650699257850647,0.59375,0.6595442295074463,1265,9998131,1,1
284001,1920,4260015,545281920,23520,0.59375,128,284000,1.3130903244018555,1920,17,1,500000,1000,,284001.0,0.6223958134651184,0.6506909132003784,0.6000000238418579,0.6590073108673096,1270,9998131,1,1
285001,1920,4275015,547201920,23520,0.6000000238418579,128,285000,1.3174464702606201,1920,17,1,500000,1000,,285001.0,0.6244791746139526,0.650695264339447,0.6020833253860474,0.6592246890068054,1274,9998131,1,1
286001,1920,4290015,549121920,23520,0.6020833253860474,128,286000,1.321803331375122,1920,17,1,500000,1000,,286001.0,0.6229166388511658,0.6506942510604858,0.6041666865348816,0.6586655974388123,1279,9998131,1,1
287001,1920,4305015,551041920,23520,0.6041666865348816,128,287000,1.3261702060699463,1920,17,1,500000,1000,,287001.0,0.6213541626930237,0.6506946086883545,0.6000000238418579,0.6588117480278015,1283,9998131,1,1
288001,1920,4320015,552961920,23520,0.6000000238418579,128,288000,1.3305511474609375,1920,17,1,500000,1000,,288001.0,0.6255208253860474,0.6506962180137634,0.5958333611488342,0.6592978239059448,1287,9998131,1,1
289001,1920,4335015,554881920,23520,0.5958333611488342,128,289000,1.3349173069000244,1920,17,1,500000,1000,,289001.0,0.6213541626930237,0.6506921648979187,0.6020833253860474,0.6586501002311707,1292,9998131,1,1
290001,1920,4350015,556801920,23520,0.6020833253860474,128,290000,1.3392481803894043,1920,17,1,500000,1000,,290001.0,0.6255208253860474,0.6506957411766052,0.6020833253860474,0.6591998934745789,1296,9998131,1,1
291001,1920,4365015,558721920,23520,0.6020833253860474,128,291000,1.3436031341552734,1920,17,1,500000,1000,,291001.0,0.6239583492279053,0.6506912112236023,0.6020833253860474,0.6588007211685181,1301,9998131,1,1
292001,1920,4380015,560641920,23520,0.6020833253860474,128,292000,1.3483788967132568,1920,17,1,500000,1000,,292001.0,0.6265624761581421,0.6506981253623962,0.5958333611488342,0.6588524580001831,1305,9998131,1,1
293001,1920,4395015,562561920,23520,0.5958333611488342,128,293000,1.3526878356933594,1920,17,1,500000,1000,,293001.0,0.6229166388511658,0.650696337223053,0.6020833253860474,0.6588296890258789,1309,9998131,1,1
294001,1920,4410015,564481920,23520,0.6020833253860474,128,294000,1.3569879531860352,1920,17,1,500000,1000,,294001.0,0.6213541626930237,0.650692343711853,0.6000000238418579,0.6588454842567444,1314,9998131,1,1
295001,1920,4425015,566401920,23520,0.6000000238418579,128,295000,1.361304759979248,1920,17,1,500000,1000,,295001.0,0.6244791746139526,0.6506972908973694,0.6041666865348816,0.6588166952133179,1318,9998131,1,1
296001,1920,4440015,568321920,23520,0.6041666865348816,128,296000,1.3657050132751465,1920,17,1,500000,1000,,296001.0,0.6229166388511658,0.6506987810134888,0.6020833253860474,0.6586796045303345,1323,9998131,1,1
297001,1920,4455015,570241920,23520,0.6020833253860474,128,297000,1.370121955871582,1920,17,1,500000,1000,,297001.0,0.6229166388511658,0.6506933569908142,0.6020833253860474,0.6590052843093872,1327,9998131,1,1
298001,1920,4470015,572161920,23520,0.6020833253860474,128,298000,1.3744709491729736,1920,17,1,500000,1000,,298001.0,0.6276041865348816,0.6506918668746948,0.5979166626930237,0.6594887971878052,1332,9998131,1,1
299001,1920,4485015,574081920,23520,0.5979166626930237,128,299000,1.3788511753082275,1920,17,1,500000,1000,,299001.0,0.6260416507720947,0.6506982445716858,0.5958333611488342,0.6591529846191406,1336,9998131,1,1
300001,1920,4500015,576001920,23520,0.5958333611488342,128,300000,1.383338212966919,1920,17,1,500000,1000,,300001.0,0.6213541626930237,0.6506989598274231,0.6000000238418579,0.6589195728302002,1341,9998131,1,1
301001,1920,4515015,577921920,23520,0.6000000238418579,128,301000,1.3876433372497559,1920,17,1,500000,1000,,301001.0,0.6208333373069763,0.6506922245025635,0.6000000238418579,0.6588390469551086,1345,9998131,1,1
302001,1920,4530015,579841920,23520,0.6000000238418579,128,302000,1.3920133113861084,1920,17,1,500000,1000,,302001.0,0.6213541626930237,0.650693953037262,0.6000000238418579,0.659053385257721,1349,9998131,1,1
303001,1920,4545015,581761920,23520,0.6000000238418579,128,303000,1.3963351249694824,1920,17,1,500000,1000,,303001.0,0.620312511920929,0.6506943106651306,0.6020833253860474,0.6590756177902222,1354,9998131,1,1
304001,1920,4560015,583681920,23520,0.6020833253860474,128,304000,1.4006760120391846,1920,17,1,500000,1000,,304001.0,0.6208333373069763,0.6506978869438171,0.6000000238418579,0.6583592295646667,1358,9998131,1,1
305001,1920,4575015,585601920,23520,0.6000000238418579,128,305000,1.4050419330596924,1920,17,1,500000,1000,,305001.0,0.6260416507720947,0.6506934762001038,0.59375,0.6592566967010498,1363,9998131,1,1
306001,1920,4590015,587521920,23520,0.59375,128,306000,1.4094228744506836,1920,17,1,500000,1000,,306001.0,0.625,0.6506922245025635,0.6020833253860474,0.6590782999992371,1367,9998131,1,1
307001,1920,4605015,589441920,23520,0.6020833253860474,128,307000,1.413766860961914,1920,17,1,500000,1000,,307001.0,0.6239583492279053,0.6506946682929993,0.6041666865348816,0.6585031747817993,1372,9998131,1,1
308001,1920,4620015,591361920,23520,0.6041666865348816,128,308000,1.4181437492370605,1920,17,1,500000,1000,,308001.0,0.6255208253860474,0.6506910920143127,0.59375,0.6591400504112244,1376,9998131,1,1
309001,1920,4635015,593281920,23520,0.59375,128,309000,1.4225459098815918,1920,17,1,500000,1000,,309001.0,0.6229166388511658,0.6506930589675903,0.6020833253860474,0.6587945222854614,1380,9998131,1,1
310001,1920,4650015,595201920,23520,0.6020833253860474,128,310000,1.4269096851348877,1920,17,1,500000,1000,,310001.0,0.6255208253860474,0.650695264339447,0.5958333611488342,0.6591660976409912,1385,9998131,1,1
311001,1920,4665015,597121920,23520,0.5958333611488342,128,311000,1.431288719177246,1920,17,1,500000,1000,,311001.0,0.6213541626930237,0.6506940126419067,0.6000000238418579,0.6590573787689209,1389,9998131,1,1
312001,1920,4680015,599041920,23520,0.6000000238418579,128,312000,1.4356377124786377,1920,17,1,500000,1000,,312001.0,0.6223958134651184,0.6506947875022888,0.6020833253860474,0.6587847471237183,1394,9998131,1,1
313001,1920,4695015,600961920,23520,0.6020833253860474,128,313000,1.4399347305297852,1920,17,1,500000,1000,,313001.0,0.6239583492279053,0.6506929397583008,0.59375,0.6590356230735779,1398,9998131,1,1
314001,1920,4710015,602881920,23520,0.59375,128,314000,1.4442358016967773,1920,17,1,500000,1000,,314001.0,0.6197916865348816,0.6506977081298828,0.6000000238418579,0.658859372138977,1403,9998131,1,1
315001,1920,4725015,604801920,23520,0.6000000238418579,128,315000,1.448625087738037,1920,17,1,500000,1000,,315001.0,0.6208333373069763,0.6506951451301575,0.6020833253860474,0.6590530872344971,1407,9998131,1,1
316001,1920,4740015,606721920,23520,0.6020833253860474,128,316000,1.4529383182525635,1920,17,1,500000,1000,,316001.0,0.6229166388511658,0.6506969332695007,0.6020833253860474,0.658734142780304,1411,9998131,1,1
317001,1920,4755015,608641920,23520,0.6020833253860474,128,317000,1.4572701454162598,1920,17,1,500000,1000,,317001.0,0.6229166388511658,0.6506991982460022,0.6020833253860474,0.6588698625564575,1416,9998131,1,1
318001,1920,4770015,610561920,23520,0.6020833253860474,128,318000,1.4615631103515625,1920,17,1,500000,1000,,318001.0,0.6270833611488342,0.6506914496421814,0.59375,0.6592628359794617,1420,9998131,1,1
319001,1920,4785015,612481920,23520,0.59375,128,319000,1.4659252166748047,1920,17,1,500000,1000,,319001.0,0.6239583492279053,0.6506935358047485,0.59375,0.6589861512184143,1425,9998131,1,1
320001,1920,4800015,614401920,23520,0.59375,128,320000,1.4702951908111572,1920,17,1,500000,1000,,320001.0,0.6234375238418579,0.6506929397583008,0.59375,0.6589316725730896,1429,9998131,1,1
321001,1920,4815015,616321920,23520,0.59375,128,321000,1.4758670330047607,1920,17,1,500000,1000,,321001.0,0.6223958134651184,0.650692343711853,0.6020833253860474,0.6590334177017212,1433,9998131,1,1
322001,1920,4830015,618241920,23520,0.6020833253860474,128,322000,1.4801697731018066,1920,17,1,500000,1000,,322001.0,0.6234375238418579,0.6507014036178589,0.6000000238418579,0.6589940786361694,1438,9998131,1,1
323001,1920,4845015,620161920,23520,0.6000000238418579,128,323000,1.4845459461212158,1920,17,1,500000,1000,,323001.0,0.6223958134651184,0.6506959795951843,0.6020833253860474,0.6590337753295898,1442,9998131,1,1
324001,1920,4860015,622081920,23520,0.6020833253860474,128,324000,1.488893747329712,1920,17,1,500000,1000,,324001.0,0.6234375238418579,0.6506929397583008,0.5958333611488342,0.6590666174888611,1447,9998131,1,1
325001,1920,4875015,624001920,23520,0.5958333611488342,128,325000,1.4932658672332764,1920,17,1,500000,1000,,325001.0,0.6213541626930237,0.650691568851471,0.6020833253860474,0.6587578654289246,1452,9998131,1,1
326001,1920,4890015,625921920,23520,0.6020833253860474,128,326000,1.4976227283477783,1920,17,1,500000,1000,,326001.0,0.6244791746139526,0.6506971120834351,0.5958333611488342,0.6592005491256714,1456,9998131,1,1
327001,1920,4905015,627841920,23520,0.5958333611488342,128,327000,1.5020167827606201,1920,17,1,500000,1000,,327001.0,0.6255208253860474,0.6506938338279724,0.5958333611488342,0.6589130759239197,1461,9998131,1,1
328001,1920,4920015,629761920,23520,0.5958333611488342,128,328000,1.506354808807373,1920,17,1,500000,1000,,328001.0,0.6234375238418579,0.6506929993629456,0.6041666865348816,0.6590742468833923,1465,9998131,1,1
329001,1920,4935015,631681920,23520,0.6041666865348816,128,329000,1.5107128620147705,1920,17,1,500000,1000,,329001.0,0.621874988079071,0.6506937742233276,0.6020833253860474,0.6589042544364929,1469,9998131,1,1
330001,1920,4950015,633601920,23520,0.6020833253860474,128,330000,1.5150785446166992,1920,17,1,500000,1000,,330001.0,0.6239583492279053,0.650691568851471,0.6020833253860474,0.6589002013206482,1474,9998131,1,1
331001,1920,4965015,635521920,23520,0.6020833253860474,128,331000,1.5194406509399414,1920,17,1,500000,1000,,331001.0,0.621874988079071,0.6506978869438171,0.6041666865348816,0.6590086817741394,1478,9998131,1,1
332001,1920,4980015,637441920,23520,0.6041666865348816,128,332000,1.525545597076416,1920,17,1,500000,1000,,332001.0,0.6229166388511658,0.6506979465484619,0.6020833253860474,0.6587398052215576,1483,9998131,1,1
333001,1920,4995015,639361920,23520,0.6020833253860474,128,333000,1.5298864841461182,1920,17,1,500000,1000,,333001.0,0.6229166388511658,0.6506986021995544,0.5979166626930237,0.6590195894241333,1488,9998131,1,1
334001,1920,5010015,641281920,23520,0.5979166626930237,128,334000,1.5342364311218262,1920,17,1,500000,1000,,334001.0,0.6239583492279053,0.6506920456886292,0.6000000238418579,0.6590367555618286,1492,9998131,1,1
335001,1920,5025015,643201920,23520,0.6000000238418579,128,335000,1.538618564605713,1920,17,1,500000,1000,,335001.0,0.6244791746139526,0.6506956219673157,0.6041666865348816,0.659069836139679,1497,9998131,1,1
336001,1920,5040015,645121920,23520,0.6041666865348816,128,336000,1.5429456233978271,1920,17,1,500000,1000,,336001.0,0.625,0.6506940126419067,0.5979166626930237,0.6590579152107239,1501,9998131,1,1
337001,1920,5055015,647041920,23520,0.5979166626930237,128,337000,1.547297716140747,1920,17,1,500000,1000,,337001.0,0.6255208253860474,0.6506978869438171,0.5979166626930237,0.6592255234718323,1505,9998131,1,1
338001,1920,5070015,648961920,23520,0.5979166626930237,128,338000,1.551600694656372,1920,17,1,500000,1000,,338001.0,0.6265624761581421,0.6506977081298828,0.6041666865348816,0.6594449281692505,1510,9998131,1,1
339001,1920,5085015,650881920,23520,0.6041666865348816,128,339000,1.5559580326080322,1920,17,1,500000,1000,,339001.0,0.6229166388511658,0.6506929993629456,0.5916666388511658,0.6593219041824341,1514,9998131,1,1
340001,1920,5100015,652801920,23520,0.5916666388511658,128,340000,1.5603280067443848,1920,17,1,500000,1000,,340001.0,0.6229166388511658,0.650692343711853,0.6020833253860474,0.6589547395706177,1519,9998131,1,1
341001,1920,5115015,654721920,23520,0.6020833253860474,128,341000,1.5646889209747314,1920,17,1,500000,1000,,341001.0,0.6213541626930237,0.6506921648979187,0.6020833253860474,0.6587473154067993,1523,9998131,1,1
342001,1920,5130015,656641920,23520,0.6020833253860474,128,342000,1.569040060043335,1920,17,1,500000,1000,,342001.0,0.6223958134651184,0.650702178478241,0.6000000238418579,0.6584547758102417,1528,9998131,1,1
343001,1920,5145015,658561920,23520,0.6000000238418579,128,343000,1.5735652446746826,1920,17,1,500000,1000,,343001.0,0.6255208253860474,0.6506949067115784,0.5916666388511658,0.6589784622192383,1532,9998131,1,1
344001,1920,5160015,660481920,23520,0.5916666388511658,128,344000,1.5779311656951904,1920,17,1,500000,1000,,344001.0,0.6255208253860474,0.6506974697113037,0.5958333611488342,0.6584922671318054,1537,9998131,1,1
345001,1920,5175015,662401920,23520,0.5958333611488342,128,345000,1.5822699069976807,1920,17,1,500000,1000,,345001.0,0.6234375238418579,0.6506983637809753,0.6041666865348816,0.6589199304580688,1541,9998131,1,1
346001,1920,5190015,664321920,23520,0.6041666865348816,128,346000,1.5871310234069824,1920,17,1,500000,1000,,346001.0,0.6255208253860474,0.6506971716880798,0.5958333611488342,0.6589515209197998,1546,9998131,1,1
347001,1920,5205015,666241920,23520,0.5958333611488342,128,347000,1.5914430618286133,1920,17,1,500000,1000,,347001.0,0.6213541626930237,0.6506931185722351,0.6020833253860474,0.6588444113731384,1550,9998131,1,1
348001,1920,5220015,668161920,23520,0.6020833253860474,128,348000,1.6027929782867432,1920,17,1,500000,1000,,348001.0,0.6208333373069763,0.6506940126419067,0.6000000238418579,0.659086287021637,1554,9998131,1,1
349001,1920,5235015,670081920,23520,0.6000000238418579,128,349000,1.6073329448699951,1920,17,1,500000,1000,,349001.0,0.6239583492279053,0.6506994962692261,0.6020833253860474,0.658465564250946,1559,9998131,1,1
350001,1920,5250015,672001920,23520,0.6020833253860474,128,350000,1.6116909980773926,1920,17,1,500000,1000,,350001.0,0.6223958134651184,0.6506949067115784,0.6020833253860474,0.6588097214698792,1563,9998131,1,1
351001,1920,5265015,673921920,23520,0.6020833253860474,128,351000,1.616063117980957,1920,17,1,500000,1000,,351001.0,0.6234375238418579,0.6506929397583008,0.6041666865348816,0.6591166853904724,1568,9998131,1,1
352001,1920,5280015,675841920,23520,0.6041666865348816,128,352000,1.6204240322113037,1920,17,1,500000,1000,,352001.0,0.6229166388511658,0.6506937742233276,0.6020833253860474,0.658906102180481,1572,9998131,1,1
353001,1920,5295015,677761920,23520,0.6020833253860474,128,353000,1.6248769760131836,1920,17,1,500000,1000,,353001.0,0.6234375238418579,0.6507002711296082,0.6020833253860474,0.6585807204246521,1576,9998131,1,1
354001,1920,5310015,679681920,23520,0.6020833253860474,128,354000,1.6292259693145752,1920,17,1,500000,1000,,354001.0,0.6270833611488342,0.6506951451301575,0.6041666865348816,0.6593957543373108,1581,9998131,1,1
355001,1920,5325015,681601920,23520,0.6041666865348816,128,355000,1.6335690021514893,1920,17,1,500000,1000,,355001.0,0.6234375238418579,0.6506935358047485,0.6041666865348816,0.6591506600379944,1585,9998131,1,1
356001,1920,5340015,683521920,23520,0.6041666865348816,128,356000,1.6379542350769043,1920,17,1,500000,1000,,356001.0,0.6239583492279053,0.6507028937339783,0.6041666865348816,0.6587538123130798,1590,9998131,1,1
357001,1920,5355015,685441920,23520,0.6041666865348816,128,357000,1.642303228378296,1920,17,1,500000,1000,,357001.0,0.6255208253860474,0.6506940126419067,0.6020833253860474,0.6593118906021118,1594,9998131,1,1
358001,1920,5370015,687361920,23520,0.6020833253860474,128,358000,1.6467781066894531,1920,17,1,500000,1000,,358001.0,0.625,0.6506959199905396,0.6020833253860474,0.659038782119751,1599,9998131,1,1
359001,1920,5385015,689281920,23520,0.6020833253860474,128,359000,1.6511280536651611,1920,17,1,500000,1000,,359001.0,0.6265624761581421,0.6506955027580261,0.5979166626930237,0.6596581339836121,1603,9998131,1,1
360001,1920,5400015,691201920,23520,0.5979166626930237,128,360000,1.655480146408081,1920,17,1,500000,1000,,360001.0,0.6270833611488342,0.6506926417350769,0.59375,0.6593917012214661,1607,9998131,1,1
361001,1920,5415015,693121920,23520,0.59375,128,361000,1.659858226776123,1920,17,1,500000,1000,,361001.0,0.6260416507720947,0.6506919264793396,0.5958333611488342,0.6591483950614929,1612,9998131,1,1
362001,1920,5430015,695041920,23520,0.5958333611488342,128,362000,1.6642482280731201,1920,17,1,500000,1000,,362001.0,0.6234375238418579,0.650696873664856,0.6020833253860474,0.6590719819068909,1616,9998131,1,1
363001,1920,5445015,696961920,23520,0.6020833253860474,128,363000,1.6685640811920166,1920,17,1,500000,1000,,363001.0,0.6255208253860474,0.650696337223053,0.5958333611488342,0.659491777420044,1621,9998131,1,1
364001,1920,5460015,698881920,23520,0.5958333611488342,128,364000,1.6729240417480469,1920,17,1,500000,1000,,364001.0,0.6265624761581421,0.6506952047348022,0.5979166626930237,0.6590659022331238,1625,9998131,1,1
365001,1920,5475015,700801920,23520,0.5979166626930237,128,365000,1.6799168586730957,1920,17,1,500000,1000,,365001.0,0.6229166388511658,0.6506977081298828,0.6020833253860474,0.6588031649589539,1629,9998131,1,1
366001,1920,5490015,702721920,23520,0.6020833253860474,128,366000,1.6842527389526367,1920,17,1,500000,1000,,366001.0,0.6234375238418579,0.6506974697113037,0.6041666865348816,0.6593016386032104,1634,9998131,1,1
367001,1920,5505015,704641920,23520,0.6041666865348816,128,367000,1.6886255741119385,1920,17,1,500000,1000,,367001.0,0.6234375238418579,0.6506938934326172,0.6020833253860474,0.6590216159820557,1638,9998131,1,1
368001,1920,5520015,706561920,23520,0.6020833253860474,128,368000,1.697014570236206,1920,17,1,500000,1000,,368001.0,0.6213541626930237,0.6506944894790649,0.6000000238418579,0.6592292785644531,1644,9998131,1,1
369001,1920,5535015,708481920,23520,0.6000000238418579,128,369000,1.701615571975708,1920,17,1,500000,1000,,369001.0,0.6239583492279053,0.6506945490837097,0.59375,0.6590250730514526,1649,9998131,1,1
370001,1920,5550015,710401920,23520,0.59375,128,370000,1.7062225341796875,1920,17,1,500000,1000,,370001.0,0.6234375238418579,0.6506949663162231,0.6020833253860474,0.6590362191200256,1657,9998131,1,1
371001,1920,5565015,712321920,23520,0.6020833253860474,128,371000,1.7105803489685059,1920,17,1,500000,1000,,371001.0,0.6234375238418579,0.6506913900375366,0.6020833253860474,0.6588852405548096,1662,9998131,1,1
372001,1920,5580015,714241920,23520,0.6020833253860474,128,372000,1.7151634693145752,1920,17,1,500000,1000,,372001.0,0.6270833611488342,0.6506983637809753,0.5958333611488342,0.6593325734138489,1667,9998131,1,1
373001,1920,5595015,716161920,23520,0.5958333611488342,128,373000,1.719780445098877,1920,17,1,500000,1000,,373001.0,0.6223958134651184,0.6506990790367126,0.5979166626930237,0.6588941216468811,1672,9998131,1,1
374001,1920,5610015,718081920,23520,0.5979166626930237,128,374000,1.724595546722412,1920,17,1,500000,1000,,374001.0,0.6229166388511658,0.650691568851471,0.6020833253860474,0.6590347290039062,1676,9998131,1,1
375001,1920,5625015,720001920,23520,0.6020833253860474,128,375000,1.7289626598358154,1920,17,1,500000,1000,,375001.0,0.6229166388511658,0.6506943106651306,0.6020833253860474,0.6590307950973511,1681,9998131,1,1
376001,1920,5640015,721921920,23520,0.6020833253860474,128,376000,1.7333035469055176,1920,17,1,500000,1000,,376001.0,0.621874988079071,0.650689423084259,0.6000000238418579,0.6588140726089478,1686,9998131,1,1
377001,1920,5655015,723841920,23520,0.6000000238418579,128,377000,1.7376654148101807,1920,17,1,500000,1000,,377001.0,0.6229166388511658,0.650697648525238,0.6000000238418579,0.6591863632202148,1690,9998131,1,1
378001,1920,5670015,725761920,23520,0.6000000238418579,128,378000,1.7420153617858887,1920,17,1,500000,1000,,378001.0,0.620312511920929,0.6506949067115784,0.5979166626930237,0.6590437293052673,1694,9998131,1,1
379001,1920,5685015,727681920,23520,0.5979166626930237,128,379000,1.746387243270874,1920,17,1,500000,1000,,379001.0,0.6229166388511658,0.6506933569908142,0.6020833253860474,0.6587942838668823,1699,9998131,1,1
380001,1920,5700015,729601920,23520,0.6020833253860474,128,380000,1.7508151531219482,1920,17,1,500000,1000,,380001.0,0.6229166388511658,0.6506921052932739,0.6041666865348816,0.6590222716331482,1703,9998131,1,1
381001,1920,5715015,731521920,23520,0.6041666865348816,128,381000,1.7563438415527344,1920,17,1,500000,1000,,381001.0,0.6260416507720947,0.6506951451301575,0.59375,0.6592022776603699,1708,9998131,1,1
382001,1920,5730015,733441920,23520,0.59375,128,382000,1.760711908340454,1920,17,1,500000,1000,,382001.0,0.621874988079071,0.6506934762001038,0.6000000238418579,0.6591273546218872,1712,9998131,1,1
383001,1920,5745015,735361920,23520,0.6000000238418579,128,383000,1.7651009559631348,1920,17,1,500000,1000,,383001.0,0.6208333373069763,0.6506946086883545,0.6020833253860474,0.6591384410858154,1717,9998131,1,1
384001,1920,5760015,737281920,23520,0.6020833253860474,128,384000,1.7694776058197021,1920,17,1,500000,1000,,384001.0,0.6213541626930237,0.6506964564323425,0.5979166626930237,0.6588682532310486,1721,9998131,1,1
385001,1920,5775015,739201920,23520,0.5979166626930237,128,385000,1.773850679397583,1920,17,1,500000,1000,,385001.0,0.6197916865348816,0.6506950855255127,0.5979166626930237,0.6588138341903687,1726,9998131,1,1
386001,1920,5790015,741121920,23520,0.5979166626930237,128,386000,1.7782185077667236,1920,17,1,500000,1000,,386001.0,0.6244791746139526,0.6506946682929993,0.5958333611488342,0.6592599153518677,1730,9998131,1,1
387001,1920,5805015,743041920,23520,0.5958333611488342,128,387000,1.7826035022735596,1920,17,1,500000,1000,,387001.0,0.6208333373069763,0.6506965160369873,0.5979166626930237,0.6584941148757935,1735,9998131,1,1
388001,1920,5820015,744961920,23520,0.5979166626930237,128,388000,1.7869744300842285,1920,17,1,500000,1000,,388001.0,0.625,0.6506960988044739,0.6041666865348816,0.6589714884757996,1739,9998131,1,1
389001,1920,5835015,746881920,23520,0.6041666865348816,128,389000,1.7913086414337158,1920,17,1,500000,1000,,389001.0,0.6234375238418579,0.6506938338279724,0.6041666865348816,0.6589671969413757,1743,9998131,1,1
390001,1920,5850015,748801920,23520,0.6041666865348816,128,390000,1.7956888675689697,1920,17,1,500000,1000,,390001.0,0.6223958134651184,0.6506922841072083,0.6020833253860474,0.6585577726364136,1748,9998131,1,1
391001,1920,5865015,750721920,23520,0.6020833253860474,128,391000,1.800055980682373,1920,17,1,500000,1000,,391001.0,0.6223958134651184,0.6506948471069336,0.6041666865348816,0.6591212153434753,1752,9998131,1,1
392001,1920,5880015,752641920,23520,0.6041666865348816,128,392000,1.8044209480285645,1920,17,1,500000,1000,,392001.0,0.621874988079071,0.6506974697113037,0.6000000238418579,0.6587318778038025,1757,9998131,1,1
393001,1920,5895015,754561920,23520,0.6000000238418579,128,393000,1.8087828159332275,1920,17,1,500000,1000,,393001.0,0.6223958134651184,0.6506973505020142,0.6000000238418579,0.6589843034744263,1761,9998131,1,1
394001,1920,5910015,756481920,23520,0.6000000238418579,128,394000,1.8130848407745361,1920,17,1,500000,1000,,394001.0,0.6213541626930237,0.6506941914558411,0.6000000238418579,0.6588461995124817,1766,9998131,1,1
395001,1920,5925015,758401920,23520,0.6000000238418579,128,395000,1.8174669742584229,1920,17,1,500000,1000,,395001.0,0.6244791746139526,0.6506916284561157,0.5958333611488342,0.6589750051498413,1770,9998131,1,1
396001,1920,5940015,760321920,23520,0.5958333611488342,128,396000,1.8240718841552734,1920,17,1,500000,1000,,396001.0,0.628125011920929,0.6506996750831604,0.59375,0.6589917540550232,1774,9998131,1,1
397001,1920,5955015,762241920,23520,0.59375,128,397000,1.828380823135376,1920,17,1,500000,1000,,397001.0,0.6234375238418579,0.6506975889205933,0.59375,0.6586867570877075,1779,9998131,1,1
398001,1920,5970015,764161920,23520,0.59375,128,398000,1.832730770111084,1920,17,1,500000,1000,,398001.0,0.620312511920929,0.6506966948509216,0.5979166626930237,0.6590708494186401,1783,9998131,1,1
399001,1920,5985015,766081920,23520,0.5979166626930237,128,399000,1.8378026485443115,1920,17,1,500000,1000,,399001.0,0.6244791746139526,0.6506929397583008,0.5958333611488342,0.659084677696228,1788,9998131,1,1
400001,1920,6000015,768001920,23520,0.5958333611488342,128,400000,1.8421285152435303,1920,17,1,500000,1000,,400001.0,0.6208333373069763,0.6506979465484619,0.6000000238418579,0.658850371837616,1792,9998131,1,1
401001,1920,6015015,769921920,23520,0.6000000238418579,128,401000,1.8464972972869873,1920,17,1,500000,1000,,401001.0,0.6223958134651184,0.6506966948509216,0.6020833253860474,0.65887850522995,1797,9998131,1,1
402001,1920,6030015,771841920,23520,0.6020833253860474,128,402000,1.8508753776550293,1920,17,1,500000,1000,,402001.0,0.6239583492279053,0.650700569152832,0.6020833253860474,0.6593378782272339,1801,9998131,1,1
403001,1920,6045015,773761920,23520,0.6020833253860474,128,403000,1.8552279472351074,1920,17,1,500000,1000,,403001.0,0.6239583492279053,0.6506986021995544,0.59375,0.6588722467422485,1805,9998131,1,1
404001,1920,6060015,775681920,23520,0.59375,128,404000,1.8595867156982422,1920,17,1,500000,1000,,404001.0,0.621874988079071,0.6506954431533813,0.6020833253860474,0.6593077182769775,1810,9998131,1,1
405001,1920,6075015,777601920,23520,0.6020833253860474,128,405000,1.863940954208374,1920,17,1,500000,1000,,405001.0,0.620312511920929,0.6506925225257874,0.6020833253860474,0.6589478850364685,1814,9998131,1,1
406001,1920,6090015,779521920,23520,0.6020833253860474,128,406000,1.8690156936645508,1920,17,1,500000,1000,,406001.0,0.6229166388511658,0.6506955027580261,0.6041666865348816,0.6591373682022095,1819,9998131,1,1
407001,1920,6105015,781441920,23520,0.6041666865348816,128,407000,1.8733887672424316,1920,17,1,500000,1000,,407001.0,0.621874988079071,0.6506993770599365,0.6041666865348816,0.6590571999549866,1823,9998131,1,1
408001,1920,6120015,783361920,23520,0.6041666865348816,128,408000,1.8777477741241455,1920,17,1,500000,1000,,408001.0,0.6208333373069763,0.6506937146186829,0.6000000238418579,0.658977210521698,1828,9998131,1,1
409001,1920,6135015,785281920,23520,0.6000000238418579,128,409000,1.8821136951446533,1920,17,1,500000,1000,,409001.0,0.6223958134651184,0.6506974101066589,0.6020833253860474,0.6590271592140198,1832,9998131,1,1
410001,1920,6150015,787201920,23520,0.6020833253860474,128,410000,1.8864929676055908,1920,17,1,500000,1000,,410001.0,0.625,0.6506959199905396,0.5958333611488342,0.6592465043067932,1837,9998131,1,1
411001,1920,6165015,789121920,23520,0.5958333611488342,128,411000,1.8908538818359375,1920,17,1,500000,1000,,411001.0,0.621874988079071,0.6507003903388977,0.5979166626930237,0.6586753129959106,1841,9998131,1,1
412001,1920,6180015,791041920,23520,0.5979166626930237,128,412000,1.8951618671417236,1920,17,1,500000,1000,,412001.0,0.621874988079071,0.6507046222686768,0.6000000238418579,0.6585376858711243,1845,9998131,1,1
413001,1920,6195015,792961920,23520,0.6000000238418579,128,413000,1.8995397090911865,1920,17,1,500000,1000,,413001.0,0.6213541626930237,0.6506987810134888,0.6000000238418579,0.658545732498169,1850,9998131,1,1
414001,1920,6210015,794881920,23520,0.6000000238418579,128,414000,1.9039146900177002,1920,17,1,500000,1000,,414001.0,0.6208333373069763,0.6506924033164978,0.6000000238418579,0.6587995886802673,1854,9998131,1,1
415001,1920,6225015,796801920,23520,0.6000000238418579,128,415000,1.908186674118042,1920,17,1,500000,1000,,415001.0,0.6265624761581421,0.6506988406181335,0.59375,0.6593235731124878,1859,9998131,1,1
416001,1920,6240015,798721920,23520,0.59375,128,416000,1.912557601928711,1920,17,1,500000,1000,,416001.0,0.6239583492279053,0.6506919264793396,0.6020833253860474,0.6590983271598816,1863,9998131,1,1
417001,1920,6255015,800641920,23520,0.6020833253860474,128,417000,1.9169535636901855,1920,17,1,500000,1000,,417001.0,0.6265624761581421,0.6506959795951843,0.5979166626930237,0.6590496897697449,1868,9998131,1,1
418001,1920,6270015,802561920,23520,0.5979166626930237,128,418000,1.921337604522705,1920,17,1,500000,1000,,418001.0,0.6260416507720947,0.6507004499435425,0.6020833253860474,0.6594808101654053,1872,9998131,1,1
419001,1920,6285015,804481920,23520,0.6020833253860474,128,419000,1.9256477355957031,1920,17,1,500000,1000,,419001.0,0.6244791746139526,0.6506967544555664,0.6020833253860474,0.6592134833335876,1876,9998131,1,1
420001,1920,6300015,806401920,23520,0.6020833253860474,128,420000,1.929938793182373,1920,17,1,500000,1000,,420001.0,0.6229166388511658,0.6506912112236023,0.6020833253860474,0.659301221370697,1881,9998131,1,1
421001,1920,6315015,808321920,23520,0.6020833253860474,128,421000,1.934419870376587,1920,17,1,500000,1000,,421001.0,0.620312511920929,0.6506994366645813,0.5979166626930237,0.6586924195289612,1885,9998131,1,1
422001,1920,6330015,810241920,23520,0.5979166626930237,128,422000,1.938769817352295,1920,17,1,500000,1000,,422001.0,0.6239583492279053,0.6506966948509216,0.6041666865348816,0.6593182682991028,1890,9998131,1,1
423001,1920,6345015,812161920,23520,0.6041666865348816,128,423000,1.9431359767913818,1920,17,1,500000,1000,,423001.0,0.6270833611488342,0.6506960391998291,0.59375,0.6595085263252258,1894,9998131,1,1
424001,1920,6360015,814081920,23520,0.59375,128,424000,1.9474680423736572,1920,17,1,500000,1000,,424001.0,0.6229166388511658,0.6506952047348022,0.6041666865348816,0.6595056056976318,1898,9998131,1,1
425001,1920,6375015,816001920,23520,0.6041666865348816,128,425000,1.9518048763275146,1920,17,1,500000,1000,,425001.0,0.6276041865348816,0.6507005095481873,0.5979166626930237,0.659937858581543,1903,9998131,1,1
426001,1920,6390015,817921920,23520,0.5979166626930237,128,426000,1.956153154373169,1920,17,1,500000,1000,,426001.0,0.6260416507720947,0.6506993174552917,0.5979166626930237,0.6591641902923584,1907,9998131,1,1
427001,1920,6405015,819841920,23520,0.5979166626930237,128,427000,1.9605493545532227,1920,17,1,500000,1000,,427001.0,0.6260416507720947,0.6506927013397217,0.5958333611488342,0.6590900421142578,1912,9998131,1,1
428001,1920,6420015,821761920,23520,0.5958333611488342,128,428000,1.9649012088775635,1920,17,1,500000,1000,,428001.0,0.6260416507720947,0.6506988406181335,0.5979166626930237,0.6595699191093445,1916,9998131,1,1
429001,1920,6435015,823681920,23520,0.5979166626930237,128,429000,1.9692461490631104,1920,17,1,500000,1000,,429001.0,0.6229166388511658,0.6506917476654053,0.6020833253860474,0.6591008305549622,1921,9998131,1,1
430001,1920,6450015,825601920,23520,0.6020833253860474,128,430000,1.973607063293457,1920,17,1,500000,1000,,430001.0,0.6223958134651184,0.6506977677345276,0.6020833253860474,0.6590010523796082,1925,9998131,1,1
431001,1920,6465015,827521920,23520,0.6020833253860474,128,431000,1.9779350757598877,1920,17,1,500000,1000,,431001.0,0.6223958134651184,0.650694727897644,0.6000000238418579,0.6590596437454224,1929,9998131,1,1
432001,1920,6480015,829441920,23520,0.6000000238418579,128,432000,1.9823248386383057,1920,17,1,500000,1000,,432001.0,0.621874988079071,0.650693953037262,0.6000000238418579,0.6586853861808777,1934,9998131,1,1
433001,1920,6495015,831361920,23520,0.6000000238418579,128,433000,1.9867017269134521,1920,17,1,500000,1000,,433001.0,0.6244791746139526,0.6506963968276978,0.6041666865348816,0.6590742468833923,1938,9998131,1,1
434001,1920,6510015,833281920,23520,0.6041666865348816,128,434000,1.9910476207733154,1920,17,1,500000,1000,,434001.0,0.6223958134651184,0.6506980061531067,0.6000000238418579,0.6584628224372864,1943,9998131,1,1
435001,1920,6525015,835201920,23520,0.6000000238418579,128,435000,1.995438575744629,1920,17,1,500000,1000,,435001.0,0.6223958134651184,0.6506998538970947,0.6041666865348816,0.659181535243988,1947,9998131,1,1
436001,1920,6540015,837121920,23520,0.6041666865348816,128,436000,1.9997806549072266,1920,17,1,500000,1000,,436001.0,0.6223958134651184,0.6506974697113037,0.6041666865348816,0.6591296792030334,1952,9998131,1,1
437001,1920,6555015,839041920,23520,0.6041666865348816,128,437000,2.0041346549987793,1920,17,1,500000,1000,,437001.0,0.6229166388511658,0.6506952047348022,0.6020833253860474,0.6589957475662231,1956,9998131,1,1
438001,1920,6570015,840961920,23520,0.6020833253860474,128,438000,2.008488655090332,1920,17,1,500000,1000,,438001.0,0.6229166388511658,0.6506940722465515,0.6020833253860474,0.6592172384262085,1960,9998131,1,1
439001,1920,6585015,842881920,23520,0.6020833253860474,128,439000,2.0127975940704346,1920,17,1,500000,1000,,439001.0,0.6270833611488342,0.6506947875022888,0.5958333611488342,0.6593647003173828,1965,9998131,1,1
440001,1920,6600015,844801920,23520,0.5958333611488342,128,440000,2.017113447189331,1920,17,1,500000,1000,,440001.0,0.6234375238418579,0.6506981253623962,0.6000000238418579,0.6587485671043396,1969,9998131,1,1
441001,1920,6615015,846721920,23520,0.6000000238418579,128,441000,2.0214784145355225,1920,17,1,500000,1000,,441001.0,0.6244791746139526,0.6506948471069336,0.6020833253860474,0.6590753197669983,1974,9998131,1,1
442001,1920,6630015,848641920,23520,0.6020833253860474,128,442000,2.025906562805176,1920,17,1,500000,1000,,442001.0,0.6239583492279053,0.6506946086883545,0.6041666865348816,0.6591377854347229,1978,9998131,1,1
443001,1920,6645015,850561920,23520,0.6041666865348816,128,443000,2.030226707458496,1920,17,1,500000,1000,,443001.0,0.6260416507720947,0.6506909728050232,0.5979166626930237,0.6591495275497437,1983,9998131,1,1
444001,1920,6660015,852481920,23520,0.5979166626930237,128,444000,2.0345935821533203,1920,17,1,500000,1000,,444001.0,0.6239583492279053,0.650696337223053,0.5916666388511658,0.6592268347740173,1987,9998131,1,1
445001,1920,6675015,854401920,23520,0.5916666388511658,128,445000,2.0389437675476074,1920,17,1,500000,1000,,445001.0,0.6239583492279053,0.6506961584091187,0.6041666865348816,0.6589125990867615,1991,9998131,1,1
446001,1920,6690015,856321920,23520,0.6041666865348816,128,446000,2.0433051586151123,1920,17,1,500000,1000,,446001.0,0.6234375238418579,0.6506984829902649,0.6020833253860474,0.6588631868362427,1996,9998131,1,1
447001,1920,6705015,858241920,23520,0.6020833253860474,128,447000,2.0497353076934814,1920,17,1,500000,1000,,447001.0,0.6213541626930237,0.6506966948509216,0.6000000238418579,0.6586301326751709,2000,9998131,1,1
448001,1920,6720015,860161920,23520,0.6000000238418579,128,448000,2.0540833473205566,1920,17,1,500000,1000,,448001.0,0.6197916865348816,0.6506926417350769,0.5979166626930237,0.6589214205741882,2005,9998131,1,1
449001,1920,6735015,862081920,23520,0.5979166626930237,128,449000,2.0584354400634766,1920,17,1,500000,1000,,449001.0,0.6208333373069763,0.6506916880607605,0.6000000238418579,0.6586633324623108,2009,9998131,1,1
450001,1920,6750015,864001920,23520,0.6000000238418579,128,450000,2.0628435611724854,1920,17,1,500000,1000,,450001.0,0.621874988079071,0.6506932377815247,0.6020833253860474,0.6590192914009094,2014,9998131,1,1
451001,1920,6765015,865921920,23520,0.6020833253860474,128,451000,2.067211627960205,1920,17,1,500000,1000,,451001.0,0.621874988079071,0.65069580078125,0.6020833253860474,0.6590694785118103,2018,9998131,1,1
452001,1920,6780015,867841920,23520,0.6020833253860474,128,452000,2.071589708328247,1920,17,1,500000,1000,,452001.0,0.6223958134651184,0.6506984829902649,0.6000000238418579,0.6591970920562744,2022,9998131,1,1
453001,1920,6795015,869761920,23520,0.6000000238418579,128,453000,2.0759036540985107,1920,17,1,500000,1000,,453001.0,0.6223958134651184,0.6506948471069336,0.6000000238418579,0.6589517593383789,2027,9998131,1,1
454001,1920,6810015,871681920,23520,0.6000000238418579,128,454000,2.08019757270813,1920,17,1,500000,1000,,454001.0,0.6213541626930237,0.6506927609443665,0.6000000238418579,0.6588737964630127,2031,9998131,1,1
455001,1920,6825015,873601920,23520,0.6000000238418579,128,455000,2.0845396518707275,1920,17,1,500000,1000,,455001.0,0.6213541626930237,0.6506932377815247,0.6000000238418579,0.6590662002563477,2036,9998131,1,1
456001,1920,6840015,875521920,23520,0.6000000238418579,128,456000,2.088850736618042,1920,17,1,500000,1000,,456001.0,0.6229166388511658,0.6506966948509216,0.59375,0.6592096090316772,2040,9998131,1,1
457001,1920,6855015,877441920,23520,0.59375,128,457000,2.0932118892669678,1920,17,1,500000,1000,,457001.0,0.6244791746139526,0.65069180727005,0.59375,0.6591503024101257,2045,9998131,1,1
458001,1920,6870015,879361920,23520,0.59375,128,458000,2.0975749492645264,1920,17,1,500000,1000,,458001.0,0.6239583492279053,0.6506926417350769,0.5979166626930237,0.6593965291976929,2049,9998131,1,1
459001,1920,6885015,881281920,23520,0.5979166626930237,128,459000,2.1019349098205566,1920,17,1,500000,1000,,459001.0,0.6223958134651184,0.6506978273391724,0.6000000238418579,0.6590824127197266,2053,9998131,1,1
460001,1920,6900015,883201920,23520,0.6000000238418579,128,460000,2.1063199043273926,1920,17,1,500000,1000,,460001.0,0.6270833611488342,0.650694727897644,0.5958333611488342,0.659214973449707,2058,9998131,1,1
461001,1920,6915015,885121920,23520,0.5958333611488342,128,461000,2.110630989074707,1920,17,1,500000,1000,,461001.0,0.6255208253860474,0.6506950855255127,0.5958333611488342,0.6591789126396179,2062,9998131,1,1
462001,1920,6930015,887041920,23520,0.5958333611488342,128,462000,2.1150238513946533,1920,17,1,500000,1000,,462001.0,0.6255208253860474,0.6506925225257874,0.5958333611488342,0.6592437028884888,2067,9998131,1,1
463001,1920,6945015,888961920,23520,0.5958333611488342,128,463000,2.119335651397705,1920,17,1,500000,1000,,463001.0,0.6265624761581421,0.6506932973861694,0.5979166626930237,0.6595278382301331,2071,9998131,1,1
464001,1920,6960015,890881920,23520,0.5979166626930237,128,464000,2.1239736080169678,1920,17,1,500000,1000,,464001.0,0.6255208253860474,0.6506975293159485,0.59375,0.6591936945915222,2076,9998131,1,1
465001,1920,6975015,892801920,23520,0.59375,128,465000,2.1283376216888428,1920,17,1,500000,1000,,465001.0,0.6234375238418579,0.6506956815719604,0.5958333611488342,0.6589099168777466,2080,9998131,1,1
466001,1920,6990015,894721920,23520,0.5958333611488342,128,466000,2.1326744556427,1920,17,1,500000,1000,,466001.0,0.621874988079071,0.6506910920143127,0.6020833253860474,0.658883810043335,2085,9998131,1,1
467001,1920,7005015,896641920,23520,0.6020833253860474,128,467000,2.1370303630828857,1920,17,1,500000,1000,,467001.0,0.621874988079071,0.6506931185722351,0.6020833253860474,0.6591797471046448,2089,9998131,1,1
468001,1920,7020015,898561920,23520,0.6020833253860474,128,468000,2.141411304473877,1920,17,1,500000,1000,,468001.0,0.6260416507720947,0.6507014036178589,0.5916666388511658,0.6592742800712585,2094,9998131,1,1
469001,1920,7035015,900481920,23520,0.5916666388511658,128,469000,2.1458041667938232,1920,17,1,500000,1000,,469001.0,0.621874988079071,0.6506959199905396,0.6000000238418579,0.6591673493385315,2098,9998131,1,1
470001,1920,7050015,902401920,23520,0.6000000238418579,128,470000,2.1505000591278076,1920,17,1,500000,1000,,470001.0,0.6213541626930237,0.6506946086883545,0.6041666865348816,0.6590855121612549,2102,9998131,1,1
471001,1920,7065015,904321920,23520,0.6041666865348816,128,471000,2.154867172241211,1920,17,1,500000,1000,,471001.0,0.6192708611488342,0.6506967544555664,0.5979166626930237,0.6585366725921631,2108,9998131,1,1
472001,1920,7080015,906241920,23520,0.5979166626930237,128,472000,2.159227132797241,1920,17,1,500000,1000,,472001.0,0.621874988079071,0.6507005095481873,0.6000000238418579,0.6586393713951111,2112,9998131,1,1
473001,1920,7095015,908161920,23520,0.6000000238418579,128,473000,2.1636059284210205,1920,17,1,500000,1000,,473001.0,0.6213541626930237,0.6506940126419067,0.6041666865348816,0.6589080691337585,2117,9998131,1,1
474001,1920,7110015,910081920,23520,0.6041666865348816,128,474000,2.167922019958496,1920,17,1,500000,1000,,474001.0,0.6208333373069763,0.6506974697113037,0.6000000238418579,0.6590116620063782,2121,9998131,1,1
475001,1920,7125015,912001920,23520,0.6000000238418579,128,475000,2.172292947769165,1920,17,1,500000,1000,,475001.0,0.6229166388511658,0.6506938338279724,0.6041666865348816,0.6590449213981628,2126,9998131,1,1
476001,1920,7140015,913921920,23520,0.6041666865348816,128,476000,2.1766529083251953,1920,17,1,500000,1000,,476001.0,0.6234375238418579,0.6506965160369873,0.5916666388511658,0.6591519117355347,2130,9998131,1,1
477001,1920,7155015,915841920,23520,0.5916666388511658,128,477000,2.180985689163208,1920,17,1,500000,1000,,477001.0,0.6197916865348816,0.6506961584091187,0.5979166626930237,0.6584182977676392,2135,9998131,1,1
478001,1920,7170015,917761920,23520,0.5979166626930237,128,478000,2.185356616973877,1920,17,1,500000,1000,,478001.0,0.6229166388511658,0.6506975889205933,0.6000000238418579,0.6591303944587708,2139,9998131,1,1
479001,1920,7185015,919681920,23520,0.6000000238418579,128,479000,2.189706563949585,1920,17,1,500000,1000,,479001.0,0.6239583492279053,0.6506994366645813,0.59375,0.6590345501899719,2143,9998131,1,1
480001,1920,7200015,921601920,23520,0.59375,128,480000,2.194056749343872,1920,17,1,500000,1000,,480001.0,0.6213541626930237,0.6506983041763306,0.6041666865348816,0.659185528755188,2148,9998131,1,1
481001,1920,7215015,923521920,23520,0.6041666865348816,128,481000,2.1984167098999023,1920,17,1,500000,1000,,481001.0,0.6244791746139526,0.6506967544555664,0.5979166626930237,0.6589824557304382,2152,9998131,1,1
482001,1920,7230015,925441920,23520,0.5979166626930237,128,482000,2.202702522277832,1920,17,1,500000,1000,,482001.0,0.6223958134651184,0.6506949663162231,0.6000000238418579,0.6590527892112732,2157,9998131,1,1
483001,1920,7245015,927361920,23520,0.6000000238418579,128,483000,2.2070045471191406,1920,17,1,500000,1000,,483001.0,0.6223958134651184,0.6506947875022888,0.6020833253860474,0.6592325568199158,2161,9998131,1,1
484001,1920,7260015,929281920,23520,0.6020833253860474,128,484000,2.211357593536377,1920,17,1,500000,1000,,484001.0,0.6234375238418579,0.6506965756416321,0.5958333611488342,0.6588726043701172,2165,9998131,1,1
485001,1920,7275015,931201920,23520,0.5958333611488342,128,485000,2.2157044410705566,1920,17,1,500000,1000,,485001.0,0.6234375238418579,0.6506931185722351,0.6041666865348816,0.6589738130569458,2170,9998131,1,1
486001,1920,7290015,933121920,23520,0.6041666865348816,128,486000,2.220062732696533,1920,17,1,500000,1000,,486001.0,0.6223958134651184,0.6506988406181335,0.6020833253860474,0.6586839556694031,2174,9998131,1,1
487001,1920,7305015,935041920,23520,0.6020833253860474,128,487000,2.224430799484253,1920,17,1,500000,1000,,487001.0,0.6276041865348816,0.6506949067115784,0.5958333611488342,0.6594110131263733,2179,9998131,1,1
488001,1920,7320015,936961920,23520,0.5958333611488342,128,488000,2.228747844696045,1920,17,1,500000,1000,,488001.0,0.6286458373069763,0.6506928205490112,0.5979166626930237,0.659530758857727,2183,9998131,1,1
489001,1920,7335015,938881920,23520,0.5979166626930237,128,489000,2.233093738555908,1920,17,1,500000,1000,,489001.0,0.6239583492279053,0.6506958603858948,0.6020833253860474,0.6588776707649231,2188,9998131,1,1
490001,1920,7350015,940801920,23520,0.6020833253860474,128,490000,2.237611770629883,1920,17,1,500000,1000,,490001.0,0.6265624761581421,0.650700569152832,0.6020833253860474,0.659416139125824,2192,9998131,1,1
491001,1920,7365015,942721920,23520,0.6020833253860474,128,491000,2.2419676780700684,1920,17,1,500000,1000,,491001.0,0.6223958134651184,0.6506991982460022,0.6000000238418579,0.6587713956832886,2196,9998131,1,1
492001,1920,7380015,944641920,23520,0.6000000238418579,128,492000,2.246342658996582,1920,17,1,500000,1000,,492001.0,0.6234375238418579,0.6506957411766052,0.6041666865348816,0.6589850187301636,2201,9998131,1,1
493001,1920,7395015,946561920,23520,0.6041666865348816,128,493000,2.2507197856903076,1920,17,1,500000,1000,,493001.0,0.6244791746139526,0.6506955623626709,0.6020833253860474,0.6592710614204407,2205,9998131,1,1
494001,1920,7410015,948481920,23520,0.6020833253860474,128,494000,2.2550899982452393,1920,17,1,500000,1000,,494001.0,0.6234375238418579,0.6506970524787903,0.6020833253860474,0.6590213179588318,2210,9998131,1,1
495001,1920,7425015,950401920,23520,0.6020833253860474,128,495000,2.2594501972198486,1920,17,1,500000,1000,,495001.0,0.6265624761581421,0.6506966948509216,0.5979166626930237,0.6593896150588989,2214,9998131,1,1
496001,1920,7440015,952321920,23520,0.5979166626930237,128,496000,2.263756036758423,1920,17,1,500000,1000,,496001.0,0.6239583492279053,0.6506926417350769,0.6041666865348816,0.6591732501983643,2218,9998131,1,1
497001,1920,7455015,954241920,23520,0.6041666865348816,128,497000,2.2681310176849365,1920,17,1,500000,1000,,497001.0,0.6244791746139526,0.65069580078125,0.6000000238418579,0.6592683792114258,2223,9998131,1,1
498001,1920,7470015,956161920,23520,0.6000000238418579,128,498000,2.2724900245666504,1920,17,1,500000,1000,,498001.0,0.6239583492279053,0.6506943106651306,0.6041666865348816,0.6591920256614685,2227,9998131,1,1
499001,1920,7485015,958081920,23520,0.6041666865348816,128,499000,2.276888847351074,1920,17,1,500000,1000,,499001.0,0.6291666626930237,0.6506946682929993,0.5979166626930237,0.6594464778900146,2232,9998131,1,1
499998,1920,7499970,959996160,23520,0.5979166626930237,128,499997,2.2812418937683105,1920,17,1,500000,1000,,499998.0,0.6239583492279053,0.6506949663162231,0.6041666865348816,0.6592416763305664,2236,9998131,1,1
499999,1920,7499985,959998080,23520,0.6041666865348816,128,499998,2.2855896949768066,1920,17,1,500000,1000,,499999.0,0.6239583492279053,0.650695264339447,0.6041666865348816,0.659255862236023,2236,9998131,1,1
500000,1920,7500000,960000000,23520,0.6041666865348816,128,499999,2.289944648742676,1920,17,1,500000,1000,,500000.0,0.6239583492279053,0.6506946086883545,0.6020833253860474,0.6592304706573486,2236,9998131,1,1
