pf_calls,num_answers,model_updates,num_grad_comps,answers_bytes,last_score,batch_size,k,elapsed_time,train_data,n,d,max_epochs,verbose,ident,_epochs,score_train,loss_train,score_test,loss_test,_elapsed_time,seed,run_id,dim
1,1920,15,1920,23520,0.45625001192092896,128,0,0.024821043014526367,1920,17,1,500000,1000,,1.0,0.4958333373069763,0.6931472420692444,0.46041667461395264,0.6931473016738892,0,1699966317,2,1
1001,1920,15015,1921920,23520,0.46041667461395264,128,1000,0.028412342071533203,1920,17,1,500000,1000,,1001.0,0.625,0.6519699692726135,0.637499988079071,0.6432488560676575,4,1699966317,2,1
2001,1920,30015,3841920,23520,0.637499988079071,128,2000,0.031989097595214844,1920,17,1,500000,1000,,2001.0,0.6328125,0.6476711630821228,0.6499999761581421,0.6354635953903198,7,1699966317,2,1
3001,1920,45015,5761920,23520,0.6499999761581421,128,3000,0.0355682373046875,1920,17,1,500000,1000,,3001.0,0.6322916746139526,0.6471642255783081,0.6458333134651184,0.6344257593154907,11,1699966317,2,1
4001,1920,60015,7681920,23520,0.6458333134651184,128,4000,0.03917431831359863,1920,17,1,500000,1000,,4001.0,0.6348958611488342,0.6470703482627869,0.6458333134651184,0.6345389485359192,14,1699966317,2,1
5001,1920,75015,9601920,23520,0.6458333134651184,128,5000,0.04278230667114258,1920,17,1,500000,1000,,5001.0,0.6333333253860474,0.6470528841018677,0.6416666507720947,0.6342860460281372,18,1699966317,2,1
6001,1920,90015,11521920,23520,0.6416666507720947,128,6000,0.04629945755004883,1920,17,1,500000,1000,,6001.0,0.6312500238418579,0.6470444798469543,0.6395833492279053,0.6343012452125549,22,1699966317,2,1
7001,1920,105015,13441920,23520,0.6395833492279053,128,7000,0.049898624420166016,1920,17,1,500000,1000,,7001.0,0.6328125,0.647045373916626,0.6395833492279053,0.6341748833656311,25,1699966317,2,1
8001,1920,120015,15361920,23520,0.6395833492279053,128,8000,0.053467512130737305,1920,17,1,500000,1000,,8001.0,0.6354166865348816,0.6470479965209961,0.6479166746139526,0.6341912746429443,29,1699966317,2,1
9001,1920,135015,17281920,23520,0.6479166746139526,128,9000,0.057053565979003906,1920,17,1,500000,1000,,9001.0,0.635937511920929,0.6470487117767334,0.6416666507720947,0.6343430876731873,33,1699966317,2,1
10001,1920,150015,19201920,23520,0.6416666507720947,128,10000,0.060782670974731445,1920,17,1,500000,1000,,10001.0,0.6328125,0.6470491886138916,0.6395833492279053,0.6343687176704407,36,1699966317,2,1
11001,1920,165015,21121920,23520,0.6395833492279053,128,11000,0.06440258026123047,1920,17,1,500000,1000,,11001.0,0.6322916746139526,0.6470460295677185,0.6416666507720947,0.6342287659645081,40,1699966317,2,1
12001,1920,180015,23041920,23520,0.6416666507720947,128,12000,0.06799769401550293,1920,17,1,500000,1000,,12001.0,0.6317708492279053,0.6470494866371155,0.6458333134651184,0.6340693235397339,44,1699966317,2,1
13001,1920,195015,24961920,23520,0.6458333134651184,128,13000,0.07159066200256348,1920,17,1,500000,1000,,13001.0,0.6333333253860474,0.647045910358429,0.6395833492279053,0.6340051889419556,47,1699966317,2,1
14001,1920,210015,26881920,23520,0.6395833492279053,128,14000,0.0751805305480957,1920,17,1,500000,1000,,14001.0,0.6312500238418579,0.6470441818237305,0.6416666507720947,0.6339251399040222,51,1699966317,2,1
15001,1920,225015,28801920,23520,0.6416666507720947,128,15000,0.07876253128051758,1920,17,1,500000,1000,,15001.0,0.6348958611488342,0.6470499634742737,0.6416666507720947,0.634380578994751,55,1699966317,2,1
16001,1920,240015,30721920,23520,0.6416666507720947,128,16000,0.08228349685668945,1920,17,1,500000,1000,,16001.0,0.6312500238418579,0.6470451354980469,0.6416666507720947,0.6344118714332581,58,1699966317,2,1
17001,1920,255015,32641920,23520,0.6416666507720947,128,17000,0.08588862419128418,1920,17,1,500000,1000,,17001.0,0.6338541507720947,0.6470454931259155,0.643750011920929,0.6342220306396484,62,1699966317,2,1
18001,1920,270015,34561920,23520,0.643750011920929,128,18000,0.0895836353302002,1920,17,1,500000,1000,,18001.0,0.6328125,0.6470494866371155,0.643750011920929,0.6342648267745972,66,1699966317,2,1
19001,1920,285015,36481920,23520,0.643750011920929,128,19000,0.09311556816101074,1920,17,1,500000,1000,,19001.0,0.6338541507720947,0.6470510959625244,0.6458333134651184,0.633988082408905,69,1699966317,2,1
20001,1920,300015,38401920,23520,0.6458333134651184,128,20000,0.09667754173278809,1920,17,1,500000,1000,,20001.0,0.6322916746139526,0.6470502018928528,0.6458333134651184,0.6339401006698608,73,1699966317,2,1
21001,1920,315015,40321920,23520,0.6458333134651184,128,21000,0.10019850730895996,1920,17,1,500000,1000,,21001.0,0.6317708492279053,0.6470486521720886,0.6416666507720947,0.6342397928237915,76,1699966317,2,1
22001,1920,330015,42241920,23520,0.6416666507720947,128,22000,0.10376453399658203,1920,17,1,500000,1000,,22001.0,0.6302083134651184,0.6470485329627991,0.6416666507720947,0.6341016292572021,80,1699966317,2,1
23001,1920,345015,44161920,23520,0.6416666507720947,128,23000,0.1075735092163086,1920,17,1,500000,1000,,23001.0,0.6328125,0.6470473408699036,0.6395833492279053,0.6340417265892029,84,1699966317,2,1
24001,1920,360015,46081920,23520,0.6395833492279053,128,24000,0.11112737655639648,1920,17,1,500000,1000,,24001.0,0.6348958611488342,0.6470460891723633,0.6458333134651184,0.6339345574378967,87,1699966317,2,1
25001,1920,375015,48001920,23520,0.6458333134651184,128,25000,0.11467742919921875,1920,17,1,500000,1000,,25001.0,0.6328125,0.6470483541488647,0.6458333134651184,0.6344747543334961,91,1699966317,2,1
26001,1920,390015,49921920,23520,0.6458333134651184,128,26000,0.11823630332946777,1920,17,1,500000,1000,,26001.0,0.6317708492279053,0.647045910358429,0.6416666507720947,0.6342209577560425,95,1699966317,2,1
27001,1920,405015,51841920,23520,0.6416666507720947,128,27000,0.12181949615478516,1920,17,1,500000,1000,,27001.0,0.6328125,0.647045373916626,0.6416666507720947,0.6339120268821716,98,1699966317,2,1
28001,1920,420015,53761920,23520,0.6416666507720947,128,28000,0.125626802444458,1920,17,1,500000,1000,,28001.0,0.6302083134651184,0.6470508575439453,0.6416666507720947,0.6343130469322205,102,1699966317,2,1
29001,1920,435015,55681920,23520,0.6416666507720947,128,29000,0.1291975975036621,1920,17,1,500000,1000,,29001.0,0.6302083134651184,0.6470520496368408,0.6416666507720947,0.6342737674713135,106,1699966317,2,1
30001,1920,450015,57601920,23520,0.6416666507720947,128,30000,0.13277554512023926,1920,17,1,500000,1000,,30001.0,0.6322916746139526,0.6470486521720886,0.6499999761581421,0.6342179179191589,109,1699966317,2,1
31001,1920,465015,59521920,23520,0.6499999761581421,128,31000,0.13642263412475586,1920,17,1,500000,1000,,31001.0,0.6333333253860474,0.6470481753349304,0.6416666507720947,0.6343169808387756,113,1699966317,2,1
32001,1920,480015,61441920,23520,0.6416666507720947,128,32000,0.1400775909423828,1920,17,1,500000,1000,,32001.0,0.6317708492279053,0.6470515727996826,0.6416666507720947,0.6341974139213562,117,1699966317,2,1
33001,1920,495015,63361920,23520,0.6416666507720947,128,33000,0.14379549026489258,1920,17,1,500000,1000,,33001.0,0.6312500238418579,0.6470510363578796,0.6458333134651184,0.6340383291244507,120,1699966317,2,1
34001,1920,510015,65281920,23520,0.6458333134651184,128,34000,0.14733266830444336,1920,17,1,500000,1000,,34001.0,0.6322916746139526,0.6470445394515991,0.6458333134651184,0.6342268586158752,124,1699966317,2,1
35001,1920,525015,67201920,23520,0.6458333134651184,128,35000,0.15089988708496094,1920,17,1,500000,1000,,35001.0,0.6322916746139526,0.6470457911491394,0.643750011920929,0.634138822555542,127,1699966317,2,1
36001,1920,540015,69121920,23520,0.643750011920929,128,36000,0.15441083908081055,1920,17,1,500000,1000,,36001.0,0.6333333253860474,0.647051990032196,0.6458333134651184,0.6341457962989807,131,1699966317,2,1
37001,1920,555015,71041920,23520,0.6458333134651184,128,37000,0.15807294845581055,1920,17,1,500000,1000,,37001.0,0.6317708492279053,0.6470546722412109,0.6479166746139526,0.6340695023536682,135,1699966317,2,1
38001,1920,570015,72961920,23520,0.6479166746139526,128,38000,0.1625046730041504,1920,17,1,500000,1000,,38001.0,0.6317708492279053,0.6470491886138916,0.6395833492279053,0.634118914604187,138,1699966317,2,1
39001,1920,585015,74881920,23520,0.6395833492279053,128,39000,0.16608262062072754,1920,17,1,500000,1000,,39001.0,0.6328125,0.6470503211021423,0.643750011920929,0.6340629458427429,142,1699966317,2,1
40001,1920,600015,76801920,23520,0.643750011920929,128,40000,0.16992449760437012,1920,17,1,500000,1000,,40001.0,0.6322916746139526,0.6470504999160767,0.6416666507720947,0.6343141794204712,146,1699966317,2,1
41001,1920,615015,78721920,23520,0.6416666507720947,128,41000,0.173506498336792,1920,17,1,500000,1000,,41001.0,0.6338541507720947,0.6470491886138916,0.6416666507720947,0.6341930031776428,150,1699966317,2,1
42001,1920,630015,80641920,23520,0.6416666507720947,128,42000,0.17706632614135742,1920,17,1,500000,1000,,42001.0,0.6317708492279053,0.6470469832420349,0.6458333134651184,0.634285569190979,153,1699966317,2,1
43001,1920,645015,82561920,23520,0.6458333134651184,128,43000,0.18066954612731934,1920,17,1,500000,1000,,43001.0,0.6328125,0.6470533013343811,0.643750011920929,0.6338706612586975,157,1699966317,2,1
44001,1920,660015,84481920,23520,0.643750011920929,128,44000,0.1841886043548584,1920,17,1,500000,1000,,44001.0,0.6343749761581421,0.6470519304275513,0.6416666507720947,0.6340429782867432,161,1699966317,2,1
45001,1920,675015,86401920,23520,0.6416666507720947,128,45000,0.18776774406433105,1920,17,1,500000,1000,,45001.0,0.6338541507720947,0.6470516324043274,0.6458333134651184,0.6339839696884155,164,1699966317,2,1
46001,1920,690015,88321920,23520,0.6458333134651184,128,46000,0.19132256507873535,1920,17,1,500000,1000,,46001.0,0.6322916746139526,0.6470471024513245,0.6458333134651184,0.6343575716018677,168,1699966317,2,1
47001,1920,705015,90241920,23520,0.6458333134651184,128,47000,0.1950676441192627,1920,17,1,500000,1000,,47001.0,0.6307291388511658,0.6470450162887573,0.6416666507720947,0.63395756483078,171,1699966317,2,1
48001,1920,720015,92161920,23520,0.6416666507720947,128,48000,0.20318365097045898,1920,17,1,500000,1000,,48001.0,0.6328125,0.6470453143119812,0.6395833492279053,0.6340478658676147,175,1699966317,2,1
49001,1920,735015,94081920,23520,0.6395833492279053,128,49000,0.20677852630615234,1920,17,1,500000,1000,,49001.0,0.6328125,0.6470478773117065,0.643750011920929,0.6341670155525208,179,1699966317,2,1
50001,1920,750015,96001920,23520,0.643750011920929,128,50000,0.21036672592163086,1920,17,1,500000,1000,,50001.0,0.6333333253860474,0.6470504999160767,0.643750011920929,0.6344864368438721,183,1699966317,2,1
51001,1920,765015,97921920,23520,0.643750011920929,128,51000,0.21394658088684082,1920,17,1,500000,1000,,51001.0,0.6317708492279053,0.6470470428466797,0.6395833492279053,0.6342398524284363,186,1699966317,2,1
52001,1920,780015,99841920,23520,0.6395833492279053,128,52000,0.21753144264221191,1920,17,1,500000,1000,,52001.0,0.6333333253860474,0.6470521688461304,0.6499999761581421,0.6342840194702148,190,1699966317,2,1
53001,1920,795015,101761920,23520,0.6499999761581421,128,53000,0.22110557556152344,1920,17,1,500000,1000,,53001.0,0.6317708492279053,0.6470526456832886,0.6416666507720947,0.6343079805374146,194,1699966317,2,1
54001,1920,810015,103681920,23520,0.6416666507720947,128,54000,0.22468852996826172,1920,17,1,500000,1000,,54001.0,0.6328125,0.6470504999160767,0.6479166746139526,0.6340938806533813,197,1699966317,2,1
55001,1920,825015,105601920,23520,0.6479166746139526,128,55000,0.22826766967773438,1920,17,1,500000,1000,,55001.0,0.6348958611488342,0.6470498442649841,0.6416666507720947,0.6339262127876282,201,1699966317,2,1
56001,1920,840015,107521920,23520,0.6416666507720947,128,56000,0.232102632522583,1920,17,1,500000,1000,,56001.0,0.629687488079071,0.6470432877540588,0.6416666507720947,0.6342054009437561,204,1699966317,2,1
57001,1920,855015,109441920,23520,0.6416666507720947,128,57000,0.23566937446594238,1920,17,1,500000,1000,,57001.0,0.6328125,0.6470449566841125,0.6395833492279053,0.6340075731277466,208,1699966317,2,1
58001,1920,870015,111361920,23520,0.6395833492279053,128,58000,0.23947358131408691,1920,17,1,500000,1000,,58001.0,0.6317708492279053,0.6470471620559692,0.6416666507720947,0.6342141628265381,212,1699966317,2,1
59001,1920,885015,113281920,23520,0.6416666507720947,128,59000,0.24304652214050293,1920,17,1,500000,1000,,59001.0,0.6317708492279053,0.6470482349395752,0.6416666507720947,0.6342400908470154,216,1699966317,2,1
60001,1920,900015,115201920,23520,0.6416666507720947,128,60000,0.24668455123901367,1920,17,1,500000,1000,,60001.0,0.6307291388511658,0.6470491886138916,0.643750011920929,0.6340965032577515,219,1699966317,2,1
61001,1920,915015,117121920,23520,0.643750011920929,128,61000,0.2502474784851074,1920,17,1,500000,1000,,61001.0,0.629687488079071,0.6470493674278259,0.637499988079071,0.6342397332191467,223,1699966317,2,1
62001,1920,930015,119041920,23520,0.637499988079071,128,62000,0.25377941131591797,1920,17,1,500000,1000,,62001.0,0.6307291388511658,0.6470495462417603,0.643750011920929,0.6341372728347778,227,1699966317,2,1
63001,1920,945015,120961920,23520,0.643750011920929,128,63000,0.257366418838501,1920,17,1,500000,1000,,63001.0,0.6343749761581421,0.6470524668693542,0.6395833492279053,0.6338874697685242,230,1699966317,2,1
64001,1920,960015,122881920,23520,0.6395833492279053,128,64000,0.26093029975891113,1920,17,1,500000,1000,,64001.0,0.6312500238418579,0.6470490097999573,0.6416666507720947,0.633923351764679,234,1699966317,2,1
65001,1920,975015,124801920,23520,0.6416666507720947,128,65000,0.26450228691101074,1920,17,1,500000,1000,,65001.0,0.6348958611488342,0.64704829454422,0.643750011920929,0.6342042684555054,237,1699966317,2,1
66001,1920,990015,126721920,23520,0.643750011920929,128,66000,0.2680983543395996,1920,17,1,500000,1000,,66001.0,0.6317708492279053,0.6470522284507751,0.6416666507720947,0.6339536309242249,241,1699966317,2,1
67001,1920,1005015,128641920,23520,0.6416666507720947,128,67000,0.27168822288513184,1920,17,1,500000,1000,,67001.0,0.6343749761581421,0.6470515131950378,0.6458333134651184,0.6340898871421814,245,1699966317,2,1
68001,1920,1020015,130561920,23520,0.6458333134651184,128,68000,0.2751963138580322,1920,17,1,500000,1000,,68001.0,0.6322916746139526,0.6470510959625244,0.6458333134651184,0.6340866088867188,248,1699966317,2,1
69001,1920,1035015,132481920,23520,0.6458333134651184,128,69000,0.27933692932128906,1920,17,1,500000,1000,,69001.0,0.6307291388511658,0.6470460891723633,0.6395833492279053,0.6340795755386353,252,1699966317,2,1
70001,1920,1050015,134401920,23520,0.6395833492279053,128,70000,0.2829101085662842,1920,17,1,500000,1000,,70001.0,0.6312500238418579,0.6470497846603394,0.6416666507720947,0.6339138746261597,256,1699966317,2,1
71001,1920,1065015,136321920,23520,0.6416666507720947,128,71000,0.28649306297302246,1920,17,1,500000,1000,,71001.0,0.6317708492279053,0.6470479965209961,0.6458333134651184,0.6340511441230774,259,1699966317,2,1
72001,1920,1080015,138241920,23520,0.6458333134651184,128,72000,0.29007601737976074,1920,17,1,500000,1000,,72001.0,0.6338541507720947,0.6470473408699036,0.6479166746139526,0.6342610120773315,263,1699966317,2,1
73001,1920,1095015,140161920,23520,0.6479166746139526,128,73000,0.293654203414917,1920,17,1,500000,1000,,73001.0,0.6322916746139526,0.6470484137535095,0.643750011920929,0.6339769959449768,267,1699966317,2,1
74001,1920,1110015,142081920,23520,0.643750011920929,128,74000,0.2972371578216553,1920,17,1,500000,1000,,74001.0,0.6348958611488342,0.647045910358429,0.643750011920929,0.6343309879302979,270,1699966317,2,1
75001,1920,1125015,144001920,23520,0.643750011920929,128,75000,0.30082130432128906,1920,17,1,500000,1000,,75001.0,0.6322916746139526,0.6470445394515991,0.6395833492279053,0.6341993808746338,274,1699966317,2,1
76001,1920,1140015,145921920,23520,0.6395833492279053,128,76000,0.3043851852416992,1920,17,1,500000,1000,,76001.0,0.6333333253860474,0.6470529437065125,0.6458333134651184,0.6343391537666321,278,1699966317,2,1
77001,1920,1155015,147841920,23520,0.6458333134651184,128,77000,0.3079652786254883,1920,17,1,500000,1000,,77001.0,0.6322916746139526,0.6470471620559692,0.6416666507720947,0.6342061161994934,281,1699966317,2,1
78001,1920,1170015,149761920,23520,0.6416666507720947,128,78000,0.3120753765106201,1920,17,1,500000,1000,,78001.0,0.6333333253860474,0.6470463871955872,0.643750011920929,0.634332001209259,285,1699966317,2,1
79001,1920,1185015,151681920,23520,0.643750011920929,128,79000,0.31687116622924805,1920,17,1,500000,1000,,79001.0,0.6322916746139526,0.647045373916626,0.637499988079071,0.6342387795448303,288,1699966317,2,1
80001,1920,1200015,153601920,23520,0.637499988079071,128,80000,0.320742130279541,1920,17,1,500000,1000,,80001.0,0.6333333253860474,0.647047221660614,0.637499988079071,0.634116530418396,292,1699966317,2,1
81001,1920,1215015,155521920,23520,0.637499988079071,128,81000,0.324329137802124,1920,17,1,500000,1000,,81001.0,0.6333333253860474,0.6470463275909424,0.6395833492279053,0.6342871189117432,296,1699966317,2,1
82001,1920,1230015,157441920,23520,0.6395833492279053,128,82000,0.3278932571411133,1920,17,1,500000,1000,,82001.0,0.6333333253860474,0.64704829454422,0.643750011920929,0.6343201398849487,299,1699966317,2,1
83001,1920,1245015,159361920,23520,0.643750011920929,128,83000,0.33144116401672363,1920,17,1,500000,1000,,83001.0,0.6312500238418579,0.6470440626144409,0.6395833492279053,0.6342923641204834,303,1699966317,2,1
84001,1920,1260015,161281920,23520,0.6395833492279053,128,84000,0.3349771499633789,1920,17,1,500000,1000,,84001.0,0.6322916746139526,0.6470498442649841,0.6416666507720947,0.6343040466308594,307,1699966317,2,1
85001,1920,1275015,163201920,23520,0.6416666507720947,128,85000,0.3385460376739502,1920,17,1,500000,1000,,85001.0,0.6348958611488342,0.6470474004745483,0.6395833492279053,0.6343820691108704,310,1699966317,2,1
86001,1920,1290015,165121920,23520,0.6395833492279053,128,86000,0.3421347141265869,1920,17,1,500000,1000,,86001.0,0.6322916746139526,0.647045910358429,0.6395833492279053,0.6342689394950867,314,1699966317,2,1
87001,1920,1305015,167041920,23520,0.6395833492279053,128,87000,0.345714807510376,1920,17,1,500000,1000,,87001.0,0.6333333253860474,0.6470527052879333,0.643750011920929,0.634460985660553,318,1699966317,2,1
88001,1920,1320015,168961920,23520,0.643750011920929,128,88000,0.34949374198913574,1920,17,1,500000,1000,,88001.0,0.6322916746139526,0.6470470428466797,0.643750011920929,0.6340212225914001,321,1699966317,2,1
89001,1920,1335015,170881920,23520,0.643750011920929,128,89000,0.35306763648986816,1920,17,1,500000,1000,,89001.0,0.6333333253860474,0.6470476388931274,0.643750011920929,0.6341027021408081,325,1699966317,2,1
90001,1920,1350015,172801920,23520,0.643750011920929,128,90000,0.35700559616088867,1920,17,1,500000,1000,,90001.0,0.6317708492279053,0.6470493674278259,0.6416666507720947,0.6340514421463013,329,1699966317,2,1
91001,1920,1365015,174721920,23520,0.6416666507720947,128,91000,0.36058950424194336,1920,17,1,500000,1000,,91001.0,0.6312500238418579,0.6470451951026917,0.643750011920929,0.6340686678886414,332,1699966317,2,1
92001,1920,1380015,176641920,23520,0.643750011920929,128,92000,0.3641664981842041,1920,17,1,500000,1000,,92001.0,0.6328125,0.6470488905906677,0.6458333134651184,0.6341888904571533,336,1699966317,2,1
93001,1920,1395015,178561920,23520,0.6458333134651184,128,93000,0.3677675724029541,1920,17,1,500000,1000,,93001.0,0.6343749761581421,0.6470549702644348,0.6458333134651184,0.6338948011398315,340,1699966317,2,1
94001,1920,1410015,180481920,23520,0.6458333134651184,128,94000,0.3713107109069824,1920,17,1,500000,1000,,94001.0,0.6333333253860474,0.6470496654510498,0.6416666507720947,0.6340105533599854,343,1699966317,2,1
95001,1920,1425015,182401920,23520,0.6416666507720947,128,95000,0.3748917579650879,1920,17,1,500000,1000,,95001.0,0.6338541507720947,0.6470481157302856,0.643750011920929,0.6341809630393982,347,1699966317,2,1
96001,1920,1440015,184321920,23520,0.643750011920929,128,96000,0.37843966484069824,1920,17,1,500000,1000,,96001.0,0.6322916746139526,0.6470528244972229,0.643750011920929,0.6342195272445679,351,1699966317,2,1
97001,1920,1455015,186241920,23520,0.643750011920929,128,97000,0.3820476531982422,1920,17,1,500000,1000,,97001.0,0.6312500238418579,0.6470479369163513,0.6416666507720947,0.63426274061203,354,1699966317,2,1
98001,1920,1470015,188161920,23520,0.6416666507720947,128,98000,0.3856368064880371,1920,17,1,500000,1000,,98001.0,0.6333333253860474,0.6470524072647095,0.6395833492279053,0.6338574290275574,358,1699966317,2,1
99001,1920,1485015,190081920,23520,0.6395833492279053,128,99000,0.3892045021057129,1920,17,1,500000,1000,,99001.0,0.6338541507720947,0.6470431685447693,0.6416666507720947,0.6341836452484131,362,1699966317,2,1
100001,1920,1500015,192001920,23520,0.6416666507720947,128,100000,0.3927185535430908,1920,17,1,500000,1000,,100001.0,0.6307291388511658,0.647058367729187,0.6416666507720947,0.6340972185134888,365,1699966317,2,1
101001,1920,1515015,193921920,23520,0.6416666507720947,128,101000,0.3964855670928955,1920,17,1,500000,1000,,101001.0,0.6328125,0.6470476984977722,0.6416666507720947,0.6343356966972351,369,1699966317,2,1
102001,1920,1530015,195841920,23520,0.6416666507720947,128,102000,0.40001773834228516,1920,17,1,500000,1000,,102001.0,0.629687488079071,0.6470493674278259,0.643750011920929,0.6342396140098572,373,1699966317,2,1
103001,1920,1545015,197761920,23520,0.643750011920929,128,103000,0.4035937786102295,1920,17,1,500000,1000,,103001.0,0.6328125,0.6470500230789185,0.6458333134651184,0.6340513229370117,376,1699966317,2,1
104001,1920,1560015,199681920,23520,0.6458333134651184,128,104000,0.4080808162689209,1920,17,1,500000,1000,,104001.0,0.6307291388511658,0.6470450162887573,0.6416666507720947,0.6341432929039001,380,1699966317,2,1
105001,1920,1575015,201601920,23520,0.6416666507720947,128,105000,0.41165757179260254,1920,17,1,500000,1000,,105001.0,0.6317708492279053,0.6470476984977722,0.6458333134651184,0.6340826749801636,384,1699966317,2,1
106001,1920,1590015,203521920,23520,0.6458333134651184,128,106000,0.41527748107910156,1920,17,1,500000,1000,,106001.0,0.629687488079071,0.6470486521720886,0.6395833492279053,0.634034276008606,387,1699966317,2,1
107001,1920,1605015,205441920,23520,0.6395833492279053,128,107000,0.418959379196167,1920,17,1,500000,1000,,107001.0,0.6333333253860474,0.6470534801483154,0.643750011920929,0.6341330409049988,391,1699966317,2,1
108001,1920,1620015,207361920,23520,0.643750011920929,128,108000,0.42257261276245117,1920,17,1,500000,1000,,108001.0,0.6328125,0.6470465064048767,0.637499988079071,0.6342717409133911,395,1699966317,2,1
109001,1920,1635015,209281920,23520,0.637499988079071,128,109000,0.42613649368286133,1920,17,1,500000,1000,,109001.0,0.6354166865348816,0.6470514535903931,0.6479166746139526,0.6340436935424805,398,1699966317,2,1
110001,1920,1650015,211201920,23520,0.6479166746139526,128,110000,0.429720401763916,1920,17,1,500000,1000,,110001.0,0.6338541507720947,0.6470486521720886,0.6416666507720947,0.6340960264205933,402,1699966317,2,1
111001,1920,1665015,213121920,23520,0.6416666507720947,128,111000,0.4332892894744873,1920,17,1,500000,1000,,111001.0,0.6328125,0.647045373916626,0.6416666507720947,0.6340768337249756,406,1699966317,2,1
112001,1920,1680015,215041920,23520,0.6416666507720947,128,112000,0.43682146072387695,1920,17,1,500000,1000,,112001.0,0.6312500238418579,0.647045910358429,0.6416666507720947,0.634108304977417,409,1699966317,2,1
113001,1920,1695015,216961920,23520,0.6416666507720947,128,113000,0.44040846824645996,1920,17,1,500000,1000,,113001.0,0.6322916746139526,0.647047758102417,0.6458333134651184,0.6341594457626343,413,1699966317,2,1
114001,1920,1710015,218881920,23520,0.6458333134651184,128,114000,0.4439835548400879,1920,17,1,500000,1000,,114001.0,0.6312500238418579,0.6470505595207214,0.6416666507720947,0.6341388821601868,416,1699966317,2,1
115001,1920,1725015,220801920,23520,0.6416666507720947,128,115000,0.4475705623626709,1920,17,1,500000,1000,,115001.0,0.6322916746139526,0.6470499038696289,0.6416666507720947,0.6342819333076477,420,1699966317,2,1
116001,1920,1740015,222721920,23520,0.6416666507720947,128,116000,0.4511454105377197,1920,17,1,500000,1000,,116001.0,0.6322916746139526,0.6470494866371155,0.6458333134651184,0.6342031955718994,424,1699966317,2,1
117001,1920,1755015,224641920,23520,0.6458333134651184,128,117000,0.4547245502471924,1920,17,1,500000,1000,,117001.0,0.6317708492279053,0.6470463871955872,0.643750011920929,0.634177029132843,427,1699966317,2,1
118001,1920,1770015,226561920,23520,0.643750011920929,128,118000,0.4585247039794922,1920,17,1,500000,1000,,118001.0,0.6312500238418579,0.6470504403114319,0.6416666507720947,0.6339790225028992,431,1699966317,2,1
119001,1920,1785015,228481920,23520,0.6416666507720947,128,119000,0.46270155906677246,1920,17,1,500000,1000,,119001.0,0.6312500238418579,0.6470476984977722,0.6416666507720947,0.6339635848999023,435,1699966317,2,1
120001,1920,1800015,230401920,23520,0.6416666507720947,128,120000,0.4663236141204834,1920,17,1,500000,1000,,120001.0,0.6307291388511658,0.6470476984977722,0.6395833492279053,0.6341664791107178,438,1699966317,2,1
121001,1920,1815015,232321920,23520,0.6395833492279053,128,121000,0.46991968154907227,1920,17,1,500000,1000,,121001.0,0.6312500238418579,0.6470465064048767,0.643750011920929,0.6339711546897888,442,1699966317,2,1
122001,1920,1830015,234241920,23520,0.643750011920929,128,122000,0.4734969139099121,1920,17,1,500000,1000,,122001.0,0.6307291388511658,0.647043764591217,0.643750011920929,0.6341938376426697,446,1699966317,2,1
123001,1920,1845015,236161920,23520,0.643750011920929,128,123000,0.4770641326904297,1920,17,1,500000,1000,,123001.0,0.635937511920929,0.6470491886138916,0.6458333134651184,0.6341907978057861,449,1699966317,2,1
124001,1920,1860015,238081920,23520,0.6458333134651184,128,124000,0.4806172847747803,1920,17,1,500000,1000,,124001.0,0.6328125,0.6470539569854736,0.643750011920929,0.6343817114830017,453,1699966317,2,1
125001,1920,1875015,240001920,23520,0.643750011920929,128,125000,0.4845254421234131,1920,17,1,500000,1000,,125001.0,0.6348958611488342,0.647042453289032,0.6416666507720947,0.634166419506073,457,1699966317,2,1
126001,1920,1890015,241921920,23520,0.6416666507720947,128,126000,0.48836851119995117,1920,17,1,500000,1000,,126001.0,0.6333333253860474,0.6470493078231812,0.6458333134651184,0.6342229247093201,460,1699966317,2,1
127001,1920,1905015,243841920,23520,0.6458333134651184,128,127000,0.4925954341888428,1920,17,1,500000,1000,,127001.0,0.6333333253860474,0.6470488905906677,0.643750011920929,0.6340058445930481,464,1699966317,2,1
128001,1920,1920015,245761920,23520,0.643750011920929,128,128000,0.4966554641723633,1920,17,1,500000,1000,,128001.0,0.6317708492279053,0.647049069404602,0.6458333134651184,0.6341117024421692,468,1699966317,2,1
129001,1920,1935015,247681920,23520,0.6458333134651184,128,129000,0.5002284049987793,1920,17,1,500000,1000,,129001.0,0.6312500238418579,0.6470439434051514,0.6416666507720947,0.6341059803962708,471,1699966317,2,1
130001,1920,1950015,249601920,23520,0.6416666507720947,128,130000,0.5038144588470459,1920,17,1,500000,1000,,130001.0,0.6322916746139526,0.6470438838005066,0.643750011920929,0.6340668797492981,475,1699966317,2,1
131001,1920,1965015,251521920,23520,0.643750011920929,128,131000,0.5073816776275635,1920,17,1,500000,1000,,131001.0,0.6354166865348816,0.6470528841018677,0.643750011920929,0.6339390873908997,479,1699966317,2,1
132001,1920,1980015,253441920,23520,0.643750011920929,128,132000,0.5109734535217285,1920,17,1,500000,1000,,132001.0,0.6312500238418579,0.6470471024513245,0.6416666507720947,0.6340821385383606,482,1699966317,2,1
133001,1920,1995015,255361920,23520,0.6416666507720947,128,133000,0.514507532119751,1920,17,1,500000,1000,,133001.0,0.6322916746139526,0.6470533013343811,0.6416666507720947,0.6340453028678894,486,1699966317,2,1
134001,1920,2010015,257281920,23520,0.6416666507720947,128,134000,0.5289585590362549,1920,17,1,500000,1000,,134001.0,0.6322916746139526,0.647047758102417,0.643750011920929,0.6339740753173828,490,1699966317,2,1
135001,1920,2025015,259201920,23520,0.643750011920929,128,135000,0.5325226783752441,1920,17,1,500000,1000,,135001.0,0.6307291388511658,0.6470478177070618,0.6416666507720947,0.6340607404708862,493,1699966317,2,1
136001,1920,2040015,261121920,23520,0.6416666507720947,128,136000,0.5360896587371826,1920,17,1,500000,1000,,136001.0,0.6312500238418579,0.6470445394515991,0.6395833492279053,0.6342560648918152,497,1699966317,2,1
137001,1920,2055015,263041920,23520,0.6395833492279053,128,137000,0.5396597385406494,1920,17,1,500000,1000,,137001.0,0.6348958611488342,0.6470561623573303,0.6458333134651184,0.633762001991272,501,1699966317,2,1
138001,1920,2070015,264961920,23520,0.6458333134651184,128,138000,0.5432479381561279,1920,17,1,500000,1000,,138001.0,0.6338541507720947,0.6470479369163513,0.6458333134651184,0.6343117952346802,504,1699966317,2,1
139001,1920,2085015,266881920,23520,0.6458333134651184,128,139000,0.5468218326568604,1920,17,1,500000,1000,,139001.0,0.6307291388511658,0.6470491886138916,0.643750011920929,0.6341837048530579,508,1699966317,2,1
140001,1920,2100015,268801920,23520,0.643750011920929,128,140000,0.5503716468811035,1920,17,1,500000,1000,,140001.0,0.6317708492279053,0.6470459699630737,0.6416666507720947,0.6341533660888672,512,1699966317,2,1
141001,1920,2115015,270721920,23520,0.6416666507720947,128,141000,0.5539596080780029,1920,17,1,500000,1000,,141001.0,0.6317708492279053,0.647048830986023,0.6458333134651184,0.6340614557266235,515,1699966317,2,1
142001,1920,2130015,272641920,23520,0.6458333134651184,128,142000,0.5575203895568848,1920,17,1,500000,1000,,142001.0,0.6317708492279053,0.6470474004745483,0.6395833492279053,0.6342133283615112,519,1699966317,2,1
143001,1920,2145015,274561920,23520,0.6395833492279053,128,143000,0.5611011981964111,1920,17,1,500000,1000,,143001.0,0.6317708492279053,0.6470460891723633,0.6416666507720947,0.6340571641921997,523,1699966317,2,1
144001,1920,2160015,276481920,23520,0.6416666507720947,128,144000,0.5646934509277344,1920,17,1,500000,1000,,144001.0,0.6322916746139526,0.6470491290092468,0.6416666507720947,0.6341894865036011,526,1699966317,2,1
145001,1920,2175015,278401920,23520,0.6416666507720947,128,145000,0.5682835578918457,1920,17,1,500000,1000,,145001.0,0.6312500238418579,0.6470500230789185,0.6395833492279053,0.6343583464622498,530,1699966317,2,1
146001,1920,2190015,280321920,23520,0.6395833492279053,128,146000,0.5720624923706055,1920,17,1,500000,1000,,146001.0,0.6364583373069763,0.6470489501953125,0.6458333134651184,0.6343190670013428,534,1699966317,2,1
147001,1920,2205015,282241920,23520,0.6458333134651184,128,147000,0.575636625289917,1920,17,1,500000,1000,,147001.0,0.6312500238418579,0.6470486521720886,0.6395833492279053,0.6342793107032776,537,1699966317,2,1
148001,1920,2220015,284161920,23520,0.6395833492279053,128,148000,0.5792086124420166,1920,17,1,500000,1000,,148001.0,0.6312500238418579,0.6470465064048767,0.6395833492279053,0.6340750455856323,541,1699966317,2,1
149001,1920,2235015,286081920,23520,0.6395833492279053,128,149000,0.5828065872192383,1920,17,1,500000,1000,,149001.0,0.6333333253860474,0.6470587849617004,0.643750011920929,0.6346161365509033,545,1699966317,2,1
150001,1920,2250015,288001920,23520,0.643750011920929,128,150000,0.5865013599395752,1920,17,1,500000,1000,,150001.0,0.6317708492279053,0.6470475792884827,0.643750011920929,0.6344452500343323,548,1699966317,2,1
151001,1920,2265015,289921920,23520,0.643750011920929,128,151000,0.5900704860687256,1920,17,1,500000,1000,,151001.0,0.6328125,0.64704829454422,0.6458333134651184,0.6342321038246155,552,1699966317,2,1
152001,1920,2280015,291841920,23520,0.6458333134651184,128,152000,0.593639612197876,1920,17,1,500000,1000,,152001.0,0.629687488079071,0.6470476984977722,0.643750011920929,0.6341202259063721,555,1699966317,2,1
153001,1920,2295015,293761920,23520,0.643750011920929,128,153000,0.597198486328125,1920,17,1,500000,1000,,153001.0,0.6333333253860474,0.6470494866371155,0.6416666507720947,0.6341654062271118,559,1699966317,2,1
154001,1920,2310015,295681920,23520,0.6416666507720947,128,154000,0.6007652282714844,1920,17,1,500000,1000,,154001.0,0.6307291388511658,0.6470467448234558,0.6416666507720947,0.6342674493789673,563,1699966317,2,1
155001,1920,2325015,297601920,23520,0.6416666507720947,128,155000,0.6043334007263184,1920,17,1,500000,1000,,155001.0,0.629687488079071,0.6470481157302856,0.6416666507720947,0.6342126131057739,566,1699966317,2,1
156001,1920,2340015,299521920,23520,0.6416666507720947,128,156000,0.6079175472259521,1920,17,1,500000,1000,,156001.0,0.6333333253860474,0.647046685218811,0.643750011920929,0.6341562867164612,570,1699966317,2,1
157001,1920,2355015,301441920,23520,0.643750011920929,128,157000,0.6114616394042969,1920,17,1,500000,1000,,157001.0,0.6317708492279053,0.6470456719398499,0.643750011920929,0.6342394351959229,574,1699966317,2,1
158001,1920,2370015,303361920,23520,0.643750011920929,128,158000,0.6150555610656738,1920,17,1,500000,1000,,158001.0,0.6333333253860474,0.6470474004745483,0.6458333134651184,0.6340094208717346,577,1699966317,2,1
159001,1920,2385015,305281920,23520,0.6458333134651184,128,159000,0.6186234951019287,1920,17,1,500000,1000,,159001.0,0.635937511920929,0.6470476984977722,0.643750011920929,0.6341037154197693,581,1699966317,2,1
160001,1920,2400015,307201920,23520,0.643750011920929,128,160000,0.622154712677002,1920,17,1,500000,1000,,160001.0,0.6312500238418579,0.6470497250556946,0.6458333134651184,0.6339738368988037,585,1699966317,2,1
161001,1920,2415015,309121920,23520,0.6458333134651184,128,161000,0.6257114410400391,1920,17,1,500000,1000,,161001.0,0.6317708492279053,0.6470498442649841,0.643750011920929,0.634252667427063,588,1699966317,2,1
162001,1920,2430015,311041920,23520,0.643750011920929,128,162000,0.6292843818664551,1920,17,1,500000,1000,,162001.0,0.6317708492279053,0.6470481753349304,0.6416666507720947,0.6341660618782043,592,1699966317,2,1
163001,1920,2445015,312961920,23520,0.6416666507720947,128,163000,0.6328134536743164,1920,17,1,500000,1000,,163001.0,0.6328125,0.6470492482185364,0.643750011920929,0.6344007253646851,595,1699966317,2,1
164001,1920,2460015,314881920,23520,0.643750011920929,128,164000,0.6364083290100098,1920,17,1,500000,1000,,164001.0,0.6333333253860474,0.6470457911491394,0.6395833492279053,0.6341751217842102,599,1699966317,2,1
165001,1920,2475015,316801920,23520,0.6395833492279053,128,165000,0.6399703025817871,1920,17,1,500000,1000,,165001.0,0.6312500238418579,0.6470460295677185,0.6416666507720947,0.6340959072113037,603,1699966317,2,1
166001,1920,2490015,318721920,23520,0.6416666507720947,128,166000,0.6435422897338867,1920,17,1,500000,1000,,166001.0,0.6328125,0.6470537185668945,0.643750011920929,0.6342325210571289,606,1699966317,2,1
167001,1920,2505015,320641920,23520,0.643750011920929,128,167000,0.6471211910247803,1920,17,1,500000,1000,,167001.0,0.629687488079071,0.6470507979393005,0.6416666507720947,0.6341926455497742,610,1699966317,2,1
168001,1920,2520015,322561920,23520,0.6416666507720947,128,168000,0.6506540775299072,1920,17,1,500000,1000,,168001.0,0.6317708492279053,0.647050678730011,0.6416666507720947,0.6339670419692993,614,1699966317,2,1
169001,1920,2535015,324481920,23520,0.6416666507720947,128,169000,0.6542232036590576,1920,17,1,500000,1000,,169001.0,0.6338541507720947,0.6470479369163513,0.643750011920929,0.6342250108718872,617,1699966317,2,1
170001,1920,2550015,326401920,23520,0.643750011920929,128,170000,0.6578552722930908,1920,17,1,500000,1000,,170001.0,0.6317708492279053,0.6470491886138916,0.6458333134651184,0.6339079737663269,621,1699966317,2,1
171001,1920,2565015,328321920,23520,0.6458333134651184,128,171000,0.6614103317260742,1920,17,1,500000,1000,,171001.0,0.6354166865348816,0.6470479965209961,0.6458333134651184,0.6340054273605347,624,1699966317,2,1
172001,1920,2580015,330241920,23520,0.6458333134651184,128,172000,0.664992094039917,1920,17,1,500000,1000,,172001.0,0.6333333253860474,0.6470439434051514,0.6395833492279053,0.6343177556991577,628,1699966317,2,1
173001,1920,2595015,332161920,23520,0.6395833492279053,128,173000,0.6685633659362793,1920,17,1,500000,1000,,173001.0,0.6317708492279053,0.6470470428466797,0.6416666507720947,0.6343047022819519,632,1699966317,2,1
174001,1920,2610015,334081920,23520,0.6416666507720947,128,174000,0.6721525192260742,1920,17,1,500000,1000,,174001.0,0.6328125,0.6470504403114319,0.6458333134651184,0.6343134641647339,635,1699966317,2,1
175001,1920,2625015,336001920,23520,0.6458333134651184,128,175000,0.6757364273071289,1920,17,1,500000,1000,,175001.0,0.6317708492279053,0.6470520496368408,0.6416666507720947,0.6339081525802612,639,1699966317,2,1
176001,1920,2640015,337921920,23520,0.6416666507720947,128,176000,0.679302453994751,1920,17,1,500000,1000,,176001.0,0.6343749761581421,0.647049069404602,0.643750011920929,0.6340352296829224,643,1699966317,2,1
177001,1920,2655015,339841920,23520,0.643750011920929,128,177000,0.6828725337982178,1920,17,1,500000,1000,,177001.0,0.6343749761581421,0.6470481157302856,0.6458333134651184,0.6338987350463867,646,1699966317,2,1
178001,1920,2670015,341761920,23520,0.6458333134651184,128,178000,0.6865425109863281,1920,17,1,500000,1000,,178001.0,0.6328125,0.6470473408699036,0.643750011920929,0.6340347528457642,650,1699966317,2,1
179001,1920,2685015,343681920,23520,0.643750011920929,128,179000,0.6901235580444336,1920,17,1,500000,1000,,179001.0,0.6333333253860474,0.6470492482185364,0.6458333134651184,0.633917510509491,654,1699966317,2,1
180001,1920,2700015,345601920,23520,0.6458333134651184,128,180000,0.6937024593353271,1920,17,1,500000,1000,,180001.0,0.6317708492279053,0.6470572352409363,0.6416666507720947,0.6342283487319946,657,1699966317,2,1
181001,1920,2715015,347521920,23520,0.6416666507720947,128,181000,0.697270393371582,1920,17,1,500000,1000,,181001.0,0.6322916746139526,0.6470515131950378,0.6416666507720947,0.6342923045158386,661,1699966317,2,1
182001,1920,2730015,349441920,23520,0.6416666507720947,128,182000,0.7008523941040039,1920,17,1,500000,1000,,182001.0,0.6328125,0.6470483541488647,0.643750011920929,0.6341379284858704,664,1699966317,2,1
183001,1920,2745015,351361920,23520,0.643750011920929,128,183000,0.7044174671173096,1920,17,1,500000,1000,,183001.0,0.6307291388511658,0.6470476388931274,0.6416666507720947,0.6342153549194336,668,1699966317,2,1
184001,1920,2760015,353281920,23520,0.6416666507720947,128,184000,0.7079942226409912,1920,17,1,500000,1000,,184001.0,0.6364583373069763,0.6470535397529602,0.6479166746139526,0.6340200901031494,672,1699966317,2,1
185001,1920,2775015,355201920,23520,0.6479166746139526,128,185000,0.7133731842041016,1920,17,1,500000,1000,,185001.0,0.6328125,0.647053599357605,0.6416666507720947,0.6342382431030273,675,1699966317,2,1
186001,1920,2790015,357121920,23520,0.6416666507720947,128,186000,0.7168972492218018,1920,17,1,500000,1000,,186001.0,0.6338541507720947,0.6470516324043274,0.6458333134651184,0.6339866518974304,679,1699966317,2,1
187001,1920,2805015,359041920,23520,0.6458333134651184,128,187000,0.720487117767334,1920,17,1,500000,1000,,187001.0,0.6348958611488342,0.6470508575439453,0.643750011920929,0.633986234664917,683,1699966317,2,1
188001,1920,2820015,360961920,23520,0.643750011920929,128,188000,0.724066972732544,1920,17,1,500000,1000,,188001.0,0.6317708492279053,0.6470487117767334,0.643750011920929,0.6340563297271729,686,1699966317,2,1
189001,1920,2835015,362881920,23520,0.643750011920929,128,189000,0.7276437282562256,1920,17,1,500000,1000,,189001.0,0.6322916746139526,0.6470463871955872,0.6458333134651184,0.6340564489364624,690,1699966317,2,1
190001,1920,2850015,364801920,23520,0.6458333134651184,128,190000,0.7312219142913818,1920,17,1,500000,1000,,190001.0,0.6317708492279053,0.6470528244972229,0.6416666507720947,0.6344082951545715,694,1699966317,2,1
191001,1920,2865015,366721920,23520,0.6416666507720947,128,191000,0.7347927093505859,1920,17,1,500000,1000,,191001.0,0.6328125,0.6470480561256409,0.643750011920929,0.6340705752372742,697,1699966317,2,1
192001,1920,2880015,368641920,23520,0.643750011920929,128,192000,0.7383565902709961,1920,17,1,500000,1000,,192001.0,0.6333333253860474,0.6470469832420349,0.6416666507720947,0.6344447731971741,701,1699966317,2,1
193001,1920,2895015,370561920,23520,0.6416666507720947,128,193000,0.7419517040252686,1920,17,1,500000,1000,,193001.0,0.6343749761581421,0.6470478773117065,0.6458333134651184,0.6340590715408325,704,1699966317,2,1
194001,1920,2910015,372481920,23520,0.6458333134651184,128,194000,0.7455205917358398,1920,17,1,500000,1000,,194001.0,0.6307291388511658,0.6470537781715393,0.6416666507720947,0.6341907978057861,708,1699966317,2,1
195001,1920,2925015,374401920,23520,0.6416666507720947,128,195000,0.7490572929382324,1920,17,1,500000,1000,,195001.0,0.6333333253860474,0.6470494866371155,0.6479166746139526,0.6341535449028015,712,1699966317,2,1
196001,1920,2940015,376321920,23520,0.6479166746139526,128,196000,0.7526552677154541,1920,17,1,500000,1000,,196001.0,0.6317708492279053,0.6470481753349304,0.6395833492279053,0.6342227458953857,715,1699966317,2,1
197001,1920,2955015,378241920,23520,0.6395833492279053,128,197000,0.7562382221221924,1920,17,1,500000,1000,,197001.0,0.6307291388511658,0.6470479369163513,0.637499988079071,0.634036123752594,719,1699966317,2,1
198001,1920,2970015,380161920,23520,0.637499988079071,128,198000,0.7598099708557129,1920,17,1,500000,1000,,198001.0,0.6317708492279053,0.6470448970794678,0.6416666507720947,0.6342848539352417,723,1699966317,2,1
199001,1920,2985015,382081920,23520,0.6416666507720947,128,199000,0.7633371353149414,1920,17,1,500000,1000,,199001.0,0.6312500238418579,0.6470464468002319,0.643750011920929,0.6342158913612366,726,1699966317,2,1
200001,1920,3000015,384001920,23520,0.643750011920929,128,200000,0.766848087310791,1920,17,1,500000,1000,,200001.0,0.6307291388511658,0.6470454335212708,0.6416666507720947,0.6342292428016663,730,1699966317,2,1
201001,1920,3015015,385921920,23520,0.6416666507720947,128,201000,0.7706451416015625,1920,17,1,500000,1000,,201001.0,0.6322916746139526,0.6470491886138916,0.6458333134651184,0.6342571973800659,734,1699966317,2,1
202001,1920,3030015,387841920,23520,0.6458333134651184,128,202000,0.7741949558258057,1920,17,1,500000,1000,,202001.0,0.6322916746139526,0.647048830986023,0.6416666507720947,0.6341707110404968,737,1699966317,2,1
203001,1920,3045015,389761920,23520,0.6416666507720947,128,203000,0.77777099609375,1920,17,1,500000,1000,,203001.0,0.6338541507720947,0.647044837474823,0.6458333134651184,0.6341791749000549,741,1699966317,2,1
204001,1920,3060015,391681920,23520,0.6458333134651184,128,204000,0.7813520431518555,1920,17,1,500000,1000,,204001.0,0.6328125,0.6470431089401245,0.6395833492279053,0.6339789032936096,745,1699966317,2,1
205001,1920,3075015,393601920,23520,0.6395833492279053,128,205000,0.784937858581543,1920,17,1,500000,1000,,205001.0,0.6328125,0.6470472812652588,0.643750011920929,0.6340942978858948,749,1699966317,2,1
206001,1920,3090015,395521920,23520,0.643750011920929,128,206000,0.7884781360626221,1920,17,1,500000,1000,,206001.0,0.6333333253860474,0.64704829454422,0.6458333134651184,0.6339000463485718,752,1699966317,2,1
207001,1920,3105015,397441920,23520,0.6458333134651184,128,207000,0.7920541763305664,1920,17,1,500000,1000,,207001.0,0.6328125,0.6470472812652588,0.6416666507720947,0.6342418193817139,756,1699966317,2,1
208001,1920,3120015,399361920,23520,0.6416666507720947,128,208000,0.7956371307373047,1920,17,1,500000,1000,,208001.0,0.6333333253860474,0.64704430103302,0.643750011920929,0.6340944170951843,760,1699966317,2,1
209001,1920,3135015,401281920,23520,0.643750011920929,128,209000,0.7991869449615479,1920,17,1,500000,1000,,209001.0,0.6333333253860474,0.6470469236373901,0.6458333134651184,0.6339946985244751,763,1699966317,2,1
210001,1920,3150015,403201920,23520,0.6458333134651184,128,210000,0.8030190467834473,1920,17,1,500000,1000,,210001.0,0.6328125,0.6470480561256409,0.643750011920929,0.6340950727462769,767,1699966317,2,1
211001,1920,3165015,405121920,23520,0.643750011920929,128,211000,0.8065798282623291,1920,17,1,500000,1000,,211001.0,0.6328125,0.6470506191253662,0.6479166746139526,0.6341819167137146,771,1699966317,2,1
212001,1920,3180015,407041920,23520,0.6479166746139526,128,212000,0.8101348876953125,1920,17,1,500000,1000,,212001.0,0.6302083134651184,0.647047221660614,0.6416666507720947,0.6342233419418335,774,1699966317,2,1
213001,1920,3195015,408961920,23520,0.6416666507720947,128,213000,0.8137190341949463,1920,17,1,500000,1000,,213001.0,0.6291666626930237,0.6470492482185364,0.643750011920929,0.6342620849609375,778,1699966317,2,1
214001,1920,3210015,410881920,23520,0.643750011920929,128,214000,0.8172931671142578,1920,17,1,500000,1000,,214001.0,0.6312500238418579,0.6470462083816528,0.643750011920929,0.6342769861221313,782,1699966317,2,1
215001,1920,3225015,412801920,23520,0.643750011920929,128,215000,0.8208601474761963,1920,17,1,500000,1000,,215001.0,0.6338541507720947,0.6470514535903931,0.6458333134651184,0.634140133857727,785,1699966317,2,1
216001,1920,3240015,414721920,23520,0.6458333134651184,128,216000,0.8244001865386963,1920,17,1,500000,1000,,216001.0,0.6328125,0.6470426917076111,0.643750011920929,0.6340582966804504,789,1699966317,2,1
217001,1920,3255015,416641920,23520,0.643750011920929,128,217000,0.8279111385345459,1920,17,1,500000,1000,,217001.0,0.6317708492279053,0.6470476388931274,0.6395833492279053,0.6341359615325928,793,1699966317,2,1
218001,1920,3270015,418561920,23520,0.6395833492279053,128,218000,0.8314821720123291,1920,17,1,500000,1000,,218001.0,0.6348958611488342,0.647053599357605,0.6499999761581421,0.6341593265533447,796,1699966317,2,1
219001,1920,3285015,420481920,23520,0.6499999761581421,128,219000,0.8350558280944824,1920,17,1,500000,1000,,219001.0,0.6338541507720947,0.6470444798469543,0.643750011920929,0.6343100666999817,800,1699966317,2,1
220001,1920,3300015,422401920,23520,0.643750011920929,128,220000,0.8385879993438721,1920,17,1,500000,1000,,220001.0,0.6328125,0.6470524668693542,0.6395833492279053,0.6341493129730225,804,1699966317,2,1
221001,1920,3315015,424321920,23520,0.6395833492279053,128,221000,0.8426108360290527,1920,17,1,500000,1000,,221001.0,0.6328125,0.6470469236373901,0.6395833492279053,0.6339467167854309,807,1699966317,2,1
222001,1920,3330015,426241920,23520,0.6395833492279053,128,222000,0.8461976051330566,1920,17,1,500000,1000,,222001.0,0.6302083134651184,0.6470488905906677,0.643750011920929,0.6339482069015503,811,1699966317,2,1
223001,1920,3345015,428161920,23520,0.643750011920929,128,223000,0.8497657775878906,1920,17,1,500000,1000,,223001.0,0.6348958611488342,0.6470536589622498,0.6499999761581421,0.6341902613639832,815,1699966317,2,1
224001,1920,3360015,430081920,23520,0.6499999761581421,128,224000,0.8533565998077393,1920,17,1,500000,1000,,224001.0,0.6328125,0.6470507383346558,0.643750011920929,0.6341899037361145,818,1699966317,2,1
225001,1920,3375015,432001920,23520,0.643750011920929,128,225000,0.8569164276123047,1920,17,1,500000,1000,,225001.0,0.6338541507720947,0.6470462083816528,0.6395833492279053,0.6341220140457153,822,1699966317,2,1
226001,1920,3390015,433921920,23520,0.6395833492279053,128,226000,0.8604934215545654,1920,17,1,500000,1000,,226001.0,0.6354166865348816,0.647047221660614,0.6479166746139526,0.6342207789421082,826,1699966317,2,1
227001,1920,3405015,435841920,23520,0.6479166746139526,128,227000,0.8640594482421875,1920,17,1,500000,1000,,227001.0,0.6322916746139526,0.6470457315444946,0.6416666507720947,0.6341152191162109,829,1699966317,2,1
228001,1920,3420015,437761920,23520,0.6416666507720947,128,228000,0.8676533699035645,1920,17,1,500000,1000,,228001.0,0.6348958611488342,0.6470510959625244,0.6479166746139526,0.6339204907417297,833,1699966317,2,1
229001,1920,3435015,439681920,23520,0.6479166746139526,128,229000,0.8711843490600586,1920,17,1,500000,1000,,229001.0,0.6317708492279053,0.6470534205436707,0.6395833492279053,0.6342374086380005,837,1699966317,2,1
230001,1920,3450015,441601920,23520,0.6395833492279053,128,230000,0.8747694492340088,1920,17,1,500000,1000,,230001.0,0.6307291388511658,0.6470491886138916,0.6395833492279053,0.6341067552566528,840,1699966317,2,1
231001,1920,3465015,443521920,23520,0.6395833492279053,128,231000,0.8784754276275635,1920,17,1,500000,1000,,231001.0,0.6317708492279053,0.6470531821250916,0.643750011920929,0.6342679858207703,844,1699966317,2,1
232001,1920,3480015,445441920,23520,0.643750011920929,128,232000,0.8820321559906006,1920,17,1,500000,1000,,232001.0,0.6302083134651184,0.6470454931259155,0.6416666507720947,0.6342777013778687,847,1699966317,2,1
233001,1920,3495015,447361920,23520,0.6416666507720947,128,233000,0.8856070041656494,1920,17,1,500000,1000,,233001.0,0.6302083134651184,0.6470458507537842,0.6416666507720947,0.6341670155525208,851,1699966317,2,1
234001,1920,3510015,449281920,23520,0.6416666507720947,128,234000,0.8891770839691162,1920,17,1,500000,1000,,234001.0,0.6333333253860474,0.647049605846405,0.643750011920929,0.6341142654418945,855,1699966317,2,1
235001,1920,3525015,451201920,23520,0.643750011920929,128,235000,0.8930690288543701,1920,17,1,500000,1000,,235001.0,0.6312500238418579,0.6470527648925781,0.6395833492279053,0.634118378162384,858,1699966317,2,1
236001,1920,3540015,453121920,23520,0.6395833492279053,128,236000,0.8966658115386963,1920,17,1,500000,1000,,236001.0,0.6338541507720947,0.6470487117767334,0.6416666507720947,0.6343089938163757,862,1699966317,2,1
237001,1920,3555015,455041920,23520,0.6416666507720947,128,237000,0.9002268314361572,1920,17,1,500000,1000,,237001.0,0.6317708492279053,0.6470493078231812,0.637499988079071,0.6343300938606262,866,1699966317,2,1
238001,1920,3570015,456961920,23520,0.637499988079071,128,238000,0.9037978649139404,1920,17,1,500000,1000,,238001.0,0.6338541507720947,0.6470470428466797,0.643750011920929,0.6340190768241882,869,1699966317,2,1
239001,1920,3585015,458881920,23520,0.643750011920929,128,239000,0.9073538780212402,1920,17,1,500000,1000,,239001.0,0.6322916746139526,0.647049605846405,0.643750011920929,0.6340229511260986,873,1699966317,2,1
240001,1920,3600015,460801920,23520,0.643750011920929,128,240000,0.9109339714050293,1920,17,1,500000,1000,,240001.0,0.6348958611488342,0.6470475792884827,0.6395833492279053,0.6341105699539185,877,1699966317,2,1
241001,1920,3615015,462721920,23520,0.6395833492279053,128,241000,0.9144868850708008,1920,17,1,500000,1000,,241001.0,0.6322916746139526,0.6470506191253662,0.6395833492279053,0.6340771317481995,880,1699966317,2,1
242001,1920,3630015,464641920,23520,0.6395833492279053,128,242000,0.9180119037628174,1920,17,1,500000,1000,,242001.0,0.6322916746139526,0.6470469832420349,0.6395833492279053,0.6340782046318054,884,1699966317,2,1
243001,1920,3645015,466561920,23520,0.6395833492279053,128,243000,0.9215829372406006,1920,17,1,500000,1000,,243001.0,0.6302083134651184,0.6470478177070618,0.6416666507720947,0.6340830326080322,888,1699966317,2,1
244001,1920,3660015,468481920,23520,0.6416666507720947,128,244000,0.9252777099609375,1920,17,1,500000,1000,,244001.0,0.6343749761581421,0.6470453143119812,0.637499988079071,0.6340904235839844,892,1699966317,2,1
245001,1920,3675015,470401920,23520,0.637499988079071,128,245000,0.928884744644165,1920,17,1,500000,1000,,245001.0,0.6338541507720947,0.6470455527305603,0.6458333134651184,0.6340613961219788,895,1699966317,2,1
246001,1920,3690015,472321920,23520,0.6458333134651184,128,246000,0.9324836730957031,1920,17,1,500000,1000,,246001.0,0.6317708492279053,0.6470461487770081,0.643750011920929,0.6341259479522705,899,1699966317,2,1
247001,1920,3705015,474241920,23520,0.643750011920929,128,247000,0.9360477924346924,1920,17,1,500000,1000,,247001.0,0.6333333253860474,0.6470456719398499,0.6416666507720947,0.6340897083282471,903,1699966317,2,1
248001,1920,3720015,476161920,23520,0.6416666507720947,128,248000,0.939619779586792,1920,17,1,500000,1000,,248001.0,0.6333333253860474,0.6470478773117065,0.6395833492279053,0.6342816948890686,906,1699966317,2,1
249001,1920,3735015,478081920,23520,0.6395833492279053,128,249000,0.9432990550994873,1920,17,1,500000,1000,,249001.0,0.6307291388511658,0.6470461487770081,0.6416666507720947,0.6342284083366394,910,1699966317,2,1
250001,1920,3750015,480001920,23520,0.6416666507720947,128,250000,0.9469060897827148,1920,17,1,500000,1000,,250001.0,0.6328125,0.6470475792884827,0.6395833492279053,0.6342694163322449,914,1699966317,2,1
251001,1920,3765015,481921920,23520,0.6395833492279053,128,251000,0.9504530429840088,1920,17,1,500000,1000,,251001.0,0.6348958611488342,0.647045373916626,0.6458333134651184,0.634286642074585,917,1699966317,2,1
252001,1920,3780015,483841920,23520,0.6458333134651184,128,252000,0.9539809226989746,1920,17,1,500000,1000,,252001.0,0.6307291388511658,0.6470468044281006,0.6416666507720947,0.6343224048614502,921,1699966317,2,1
253001,1920,3795015,485761920,23520,0.6416666507720947,128,253000,0.9575140476226807,1920,17,1,500000,1000,,253001.0,0.6317708492279053,0.6470503211021423,0.6416666507720947,0.6342973113059998,925,1699966317,2,1
254001,1920,3810015,487681920,23520,0.6416666507720947,128,254000,0.9611330032348633,1920,17,1,500000,1000,,254001.0,0.6312500238418579,0.6470510959625244,0.643750011920929,0.6345071196556091,928,1699966317,2,1
255001,1920,3825015,489601920,23520,0.643750011920929,128,255000,0.9646520614624023,1920,17,1,500000,1000,,255001.0,0.6333333253860474,0.6470481753349304,0.6458333134651184,0.6340633630752563,932,1699966317,2,1
256001,1920,3840015,491521920,23520,0.6458333134651184,128,256000,0.9682211875915527,1920,17,1,500000,1000,,256001.0,0.6338541507720947,0.6470516324043274,0.6395833492279053,0.6340903639793396,935,1699966317,2,1
257001,1920,3855015,493441920,23520,0.6395833492279053,128,257000,0.9717721939086914,1920,17,1,500000,1000,,257001.0,0.6328125,0.6470476388931274,0.643750011920929,0.6338468194007874,939,1699966317,2,1
258001,1920,3870015,495361920,23520,0.643750011920929,128,258000,0.9753432273864746,1920,17,1,500000,1000,,258001.0,0.6328125,0.6470499038696289,0.643750011920929,0.6338397860527039,943,1699966317,2,1
259001,1920,3885015,497281920,23520,0.643750011920929,128,259000,0.9788970947265625,1920,17,1,500000,1000,,259001.0,0.6328125,0.6470469236373901,0.6416666507720947,0.6343129873275757,946,1699966317,2,1
260001,1920,3900015,499201920,23520,0.6416666507720947,128,260000,0.9824843406677246,1920,17,1,500000,1000,,260001.0,0.6328125,0.6470469236373901,0.6416666507720947,0.6338605284690857,950,1699966317,2,1
261001,1920,3915015,501121920,23520,0.6416666507720947,128,261000,0.986058235168457,1920,17,1,500000,1000,,261001.0,0.6333333253860474,0.6470504999160767,0.6458333134651184,0.6339333653450012,954,1699966317,2,1
262001,1920,3930015,503041920,23520,0.6458333134651184,128,262000,0.9896314144134521,1920,17,1,500000,1000,,262001.0,0.6317708492279053,0.6470509767532349,0.6395833492279053,0.6341164112091064,957,1699966317,2,1
263001,1920,3945015,504961920,23520,0.6395833492279053,128,263000,0.9931724071502686,1920,17,1,500000,1000,,263001.0,0.6302083134651184,0.6470479369163513,0.6479166746139526,0.6339657306671143,961,1699966317,2,1
264001,1920,3960015,506881920,23520,0.6479166746139526,128,264000,0.9967353343963623,1920,17,1,500000,1000,,264001.0,0.6322916746139526,0.6470469236373901,0.6395833492279053,0.6343787908554077,965,1699966317,2,1
265001,1920,3975015,508801920,23520,0.6395833492279053,128,265000,1.0003173351287842,1920,17,1,500000,1000,,265001.0,0.6333333253860474,0.6470533013343811,0.643750011920929,0.6344109773635864,969,1699966317,2,1
266001,1920,3990015,510721920,23520,0.643750011920929,128,266000,1.0040862560272217,1920,17,1,500000,1000,,266001.0,0.6338541507720947,0.647055447101593,0.643750011920929,0.634274423122406,972,1699966317,2,1
267001,1920,4005015,512641920,23520,0.643750011920929,128,267000,1.0076451301574707,1920,17,1,500000,1000,,267001.0,0.6333333253860474,0.647046685218811,0.6416666507720947,0.6340934634208679,976,1699966317,2,1
268001,1920,4020015,514561920,23520,0.6416666507720947,128,268000,1.0111942291259766,1920,17,1,500000,1000,,268001.0,0.6328125,0.6470476388931274,0.6416666507720947,0.634198784828186,980,1699966317,2,1
269001,1920,4035015,516481920,23520,0.6416666507720947,128,269000,1.0147881507873535,1920,17,1,500000,1000,,269001.0,0.6322916746139526,0.6470469236373901,0.6479166746139526,0.6342747807502747,983,1699966317,2,1
270001,1920,4050015,518401920,23520,0.6479166746139526,128,270000,1.018367052078247,1920,17,1,500000,1000,,270001.0,0.6328125,0.6470448970794678,0.643750011920929,0.6342542171478271,987,1699966317,2,1
271001,1920,4065015,520321920,23520,0.643750011920929,128,271000,1.0219390392303467,1920,17,1,500000,1000,,271001.0,0.6312500238418579,0.6470545530319214,0.643750011920929,0.6339403986930847,991,1699966317,2,1
272001,1920,4080015,522241920,23520,0.643750011920929,128,272000,1.0255141258239746,1920,17,1,500000,1000,,272001.0,0.6312500238418579,0.647047758102417,0.6395833492279053,0.6340112090110779,994,1699966317,2,1
273001,1920,4095015,524161920,23520,0.6395833492279053,128,273000,1.0290682315826416,1920,17,1,500000,1000,,273001.0,0.6328125,0.6470485329627991,0.6416666507720947,0.6344406008720398,998,1699966317,2,1
274001,1920,4110015,526081920,23520,0.6416666507720947,128,274000,1.032682180404663,1920,17,1,500000,1000,,274001.0,0.6312500238418579,0.647050678730011,0.6416666507720947,0.6340650916099548,1002,1699966317,2,1
275001,1920,4125015,528001920,23520,0.6416666507720947,128,275000,1.0362331867218018,1920,17,1,500000,1000,,275001.0,0.6328125,0.6470470428466797,0.6395833492279053,0.63416987657547,1005,1699966317,2,1
276001,1920,4140015,529921920,23520,0.6395833492279053,128,276000,1.0398170948028564,1920,17,1,500000,1000,,276001.0,0.6348958611488342,0.6470463275909424,0.6416666507720947,0.6341409683227539,1009,1699966317,2,1
277001,1920,4155015,531841920,23520,0.6416666507720947,128,277000,1.043426275253296,1920,17,1,500000,1000,,277001.0,0.6312500238418579,0.6470441222190857,0.6458333134651184,0.6341411471366882,1013,1699966317,2,1
278001,1920,4170015,533761920,23520,0.6458333134651184,128,278000,1.0469772815704346,1920,17,1,500000,1000,,278001.0,0.635937511920929,0.6470460891723633,0.6458333134651184,0.6341161131858826,1016,1699966317,2,1
279001,1920,4185015,535681920,23520,0.6458333134651184,128,279000,1.0506093502044678,1920,17,1,500000,1000,,279001.0,0.6343749761581421,0.6470474600791931,0.6458333134651184,0.6341068744659424,1020,1699966317,2,1
280001,1920,4200015,537601920,23520,0.6458333134651184,128,280000,1.0541613101959229,1920,17,1,500000,1000,,280001.0,0.6307291388511658,0.6470434665679932,0.6416666507720947,0.6340734958648682,1024,1699966317,2,1
281001,1920,4215015,539521920,23520,0.6416666507720947,128,281000,1.0577392578125,1920,17,1,500000,1000,,281001.0,0.6328125,0.6470445990562439,0.643750011920929,0.6339722871780396,1027,1699966317,2,1
282001,1920,4230015,541441920,23520,0.643750011920929,128,282000,1.0613024234771729,1920,17,1,500000,1000,,282001.0,0.6328125,0.6470484137535095,0.643750011920929,0.6341397762298584,1031,1699966317,2,1
283001,1920,4245015,543361920,23520,0.643750011920929,128,283000,1.064894437789917,1920,17,1,500000,1000,,283001.0,0.6317708492279053,0.6470469832420349,0.6416666507720947,0.6341485977172852,1035,1699966317,2,1
284001,1920,4260015,545281920,23520,0.6416666507720947,128,284000,1.0684075355529785,1920,17,1,500000,1000,,284001.0,0.6317708492279053,0.6470459699630737,0.643750011920929,0.634070098400116,1038,1699966317,2,1
285001,1920,4275015,547201920,23520,0.643750011920929,128,285000,1.0720043182373047,1920,17,1,500000,1000,,285001.0,0.6307291388511658,0.6470461487770081,0.6416666507720947,0.6340800523757935,1042,1699966317,2,1
286001,1920,4290015,549121920,23520,0.6416666507720947,128,286000,1.0756182670593262,1920,17,1,500000,1000,,286001.0,0.6307291388511658,0.6470485329627991,0.6416666507720947,0.6343197226524353,1045,1699966317,2,1
287001,1920,4305015,551041920,23520,0.6416666507720947,128,287000,1.0791902542114258,1920,17,1,500000,1000,,287001.0,0.6328125,0.6470542550086975,0.643750011920929,0.6341241598129272,1049,1699966317,2,1
288001,1920,4320015,552961920,23520,0.643750011920929,128,288000,1.082754373550415,1920,17,1,500000,1000,,288001.0,0.6333333253860474,0.6470496654510498,0.6395833492279053,0.634036660194397,1053,1699966317,2,1
289001,1920,4335015,554881920,23520,0.6395833492279053,128,289000,1.086332082748413,1920,17,1,500000,1000,,289001.0,0.6307291388511658,0.6470469832420349,0.6416666507720947,0.6342315077781677,1056,1699966317,2,1
290001,1920,4350015,556801920,23520,0.6416666507720947,128,290000,1.089905023574829,1920,17,1,500000,1000,,290001.0,0.6317708492279053,0.647044837474823,0.6395833492279053,0.6342207193374634,1060,1699966317,2,1
291001,1920,4365015,558721920,23520,0.6395833492279053,128,291000,1.0934948921203613,1920,17,1,500000,1000,,291001.0,0.6343749761581421,0.6470487117767334,0.6458333134651184,0.6341186761856079,1064,1699966317,2,1
292001,1920,4380015,560641920,23520,0.6458333134651184,128,292000,1.0970749855041504,1920,17,1,500000,1000,,292001.0,0.6343749761581421,0.6470519304275513,0.6458333134651184,0.6342735290527344,1067,1699966317,2,1
293001,1920,4395015,562561920,23520,0.6458333134651184,128,293000,1.1007740497589111,1920,17,1,500000,1000,,293001.0,0.6328125,0.6470464468002319,0.6395833492279053,0.6343363523483276,1071,1699966317,2,1
294001,1920,4410015,564481920,23520,0.6395833492279053,128,294000,1.1043329238891602,1920,17,1,500000,1000,,294001.0,0.6354166865348816,0.6470525860786438,0.6499999761581421,0.6342384219169617,1075,1699966317,2,1
295001,1920,4425015,566401920,23520,0.6499999761581421,128,295000,1.1079168319702148,1920,17,1,500000,1000,,295001.0,0.6307291388511658,0.647051215171814,0.6416666507720947,0.6341519951820374,1078,1699966317,2,1
296001,1920,4440015,568321920,23520,0.6416666507720947,128,296000,1.1114954948425293,1920,17,1,500000,1000,,296001.0,0.6312500238418579,0.6470474004745483,0.6458333134651184,0.6342936158180237,1082,1699966317,2,1
297001,1920,4455015,570241920,23520,0.6458333134651184,128,297000,1.1150646209716797,1920,17,1,500000,1000,,297001.0,0.6338541507720947,0.6470483541488647,0.6458333134651184,0.6342326998710632,1086,1699966317,2,1
298001,1920,4470015,572161920,23520,0.6458333134651184,128,298000,1.118654489517212,1920,17,1,500000,1000,,298001.0,0.6333333253860474,0.6470471024513245,0.6416666507720947,0.6341008543968201,1089,1699966317,2,1
299001,1920,4485015,574081920,23520,0.6416666507720947,128,299000,1.1222121715545654,1920,17,1,500000,1000,,299001.0,0.6328125,0.6470481753349304,0.643750011920929,0.6341975927352905,1093,1699966317,2,1
300001,1920,4500015,576001920,23520,0.643750011920929,128,300000,1.1257824897766113,1920,17,1,500000,1000,,300001.0,0.635937511920929,0.6470495462417603,0.6458333134651184,0.6340566277503967,1097,1699966317,2,1
301001,1920,4515015,577921920,23520,0.6458333134651184,128,301000,1.1293528079986572,1920,17,1,500000,1000,,301001.0,0.6328125,0.6470485329627991,0.643750011920929,0.6338597536087036,1100,1699966317,2,1
302001,1920,4530015,579841920,23520,0.643750011920929,128,302000,1.1329426765441895,1920,17,1,500000,1000,,302001.0,0.6312500238418579,0.6470464468002319,0.6395833492279053,0.6341638565063477,1104,1699966317,2,1
303001,1920,4545015,581761920,23520,0.6395833492279053,128,303000,1.1364867687225342,1920,17,1,500000,1000,,303001.0,0.6312500238418579,0.64704829454422,0.6395833492279053,0.6341723799705505,1107,1699966317,2,1
304001,1920,4560015,583681920,23520,0.6395833492279053,128,304000,1.140056848526001,1920,17,1,500000,1000,,304001.0,0.6307291388511658,0.6470445394515991,0.643750011920929,0.6343368887901306,1111,1699966317,2,1
305001,1920,4575015,585601920,23520,0.643750011920929,128,305000,1.1436607837677002,1920,17,1,500000,1000,,305001.0,0.629687488079071,0.6470506191253662,0.6458333134651184,0.6339014172554016,1115,1699966317,2,1
306001,1920,4590015,587521920,23520,0.6458333134651184,128,306000,1.1472575664520264,1920,17,1,500000,1000,,306001.0,0.6343749761581421,0.6470468044281006,0.6416666507720947,0.634265661239624,1119,1699966317,2,1
307001,1920,4605015,589441920,23520,0.6416666507720947,128,307000,1.151031494140625,1920,17,1,500000,1000,,307001.0,0.6348958611488342,0.6470571756362915,0.6458333134651184,0.6340604424476624,1122,1699966317,2,1
308001,1920,4620015,591361920,23520,0.6458333134651184,128,308000,1.1546094417572021,1920,17,1,500000,1000,,308001.0,0.6317708492279053,0.6470483541488647,0.643750011920929,0.6342052221298218,1126,1699966317,2,1
309001,1920,4635015,593281920,23520,0.643750011920929,128,309000,1.1581943035125732,1920,17,1,500000,1000,,309001.0,0.6322916746139526,0.6470467448234558,0.6395833492279053,0.6340991854667664,1130,1699966317,2,1
310001,1920,4650015,595201920,23520,0.6395833492279053,128,310000,1.1617724895477295,1920,17,1,500000,1000,,310001.0,0.6317708492279053,0.6470475792884827,0.6395833492279053,0.6341531276702881,1133,1699966317,2,1
311001,1920,4665015,597121920,23520,0.6395833492279053,128,311000,1.1653485298156738,1920,17,1,500000,1000,,311001.0,0.6312500238418579,0.6470450162887573,0.6416666507720947,0.6341111660003662,1137,1699966317,2,1
312001,1920,4680015,599041920,23520,0.6416666507720947,128,312000,1.1691203117370605,1920,17,1,500000,1000,,312001.0,0.6312500238418579,0.6470542550086975,0.6416666507720947,0.6340542435646057,1140,1699966317,2,1
313001,1920,4695015,600961920,23520,0.6416666507720947,128,313000,1.1728532314300537,1920,17,1,500000,1000,,313001.0,0.6302083134651184,0.6470479965209961,0.6395833492279053,0.6340751647949219,1144,1699966317,2,1
314001,1920,4710015,602881920,23520,0.6395833492279053,128,314000,1.17641019821167,1920,17,1,500000,1000,,314001.0,0.6312500238418579,0.6470485329627991,0.6416666507720947,0.6344654560089111,1148,1699966317,2,1
315001,1920,4725015,604801920,23520,0.6416666507720947,128,315000,1.1799561977386475,1920,17,1,500000,1000,,315001.0,0.6317708492279053,0.6470454335212708,0.6395833492279053,0.6342148184776306,1151,1699966317,2,1
316001,1920,4740015,606721920,23520,0.6395833492279053,128,316000,1.1835343837738037,1920,17,1,500000,1000,,316001.0,0.6338541507720947,0.6470459699630737,0.6458333134651184,0.634120762348175,1155,1699966317,2,1
317001,1920,4755015,608641920,23520,0.6458333134651184,128,317000,1.1871094703674316,1920,17,1,500000,1000,,317001.0,0.6317708492279053,0.6470563411712646,0.643750011920929,0.6339654922485352,1159,1699966317,2,1
318001,1920,4770015,610561920,23520,0.643750011920929,128,318000,1.1907005310058594,1920,17,1,500000,1000,,318001.0,0.6307291388511658,0.647049069404602,0.643750011920929,0.6343050599098206,1162,1699966317,2,1
319001,1920,4785015,612481920,23520,0.643750011920929,128,319000,1.1942546367645264,1920,17,1,500000,1000,,319001.0,0.6317708492279053,0.6470474004745483,0.6395833492279053,0.6339974999427795,1166,1699966317,2,1
320001,1920,4800015,614401920,23520,0.6395833492279053,128,320000,1.1978428363800049,1920,17,1,500000,1000,,320001.0,0.6307291388511658,0.6470468044281006,0.6416666507720947,0.6342134475708008,1170,1699966317,2,1
321001,1920,4815015,616321920,23520,0.6416666507720947,128,321000,1.2033367156982422,1920,17,1,500000,1000,,321001.0,0.6322916746139526,0.6470484137535095,0.6458333134651184,0.6340675354003906,1173,1699966317,2,1
322001,1920,4830015,618241920,23520,0.6458333134651184,128,322000,1.2069125175476074,1920,17,1,500000,1000,,322001.0,0.6348958611488342,0.6470484137535095,0.6458333134651184,0.6338614225387573,1177,1699966317,2,1
323001,1920,4845015,620161920,23520,0.6458333134651184,128,323000,1.2104783058166504,1920,17,1,500000,1000,,323001.0,0.6307291388511658,0.6470489501953125,0.6395833492279053,0.6340570449829102,1181,1699966317,2,1
324001,1920,4860015,622081920,23520,0.6395833492279053,128,324000,1.214076280593872,1920,17,1,500000,1000,,324001.0,0.6354166865348816,0.6470521092414856,0.637499988079071,0.6340909600257874,1184,1699966317,2,1
325001,1920,4875015,624001920,23520,0.637499988079071,128,325000,1.2176194190979004,1920,17,1,500000,1000,,325001.0,0.6333333253860474,0.6470490097999573,0.643750011920929,0.6341207027435303,1188,1699966317,2,1
326001,1920,4890015,625921920,23520,0.643750011920929,128,326000,1.2212045192718506,1920,17,1,500000,1000,,326001.0,0.6328125,0.6470480561256409,0.6416666507720947,0.6341333985328674,1192,1699966317,2,1
327001,1920,4905015,627841920,23520,0.6416666507720947,128,327000,1.2247354984283447,1920,17,1,500000,1000,,327001.0,0.6328125,0.6470518708229065,0.643750011920929,0.6343220472335815,1195,1699966317,2,1
328001,1920,4920015,629761920,23520,0.643750011920929,128,328000,1.2283236980438232,1920,17,1,500000,1000,,328001.0,0.6343749761581421,0.6470455527305603,0.6458333134651184,0.6341391205787659,1199,1699966317,2,1
329001,1920,4935015,631681920,23520,0.6458333134651184,128,329000,1.2318756580352783,1920,17,1,500000,1000,,329001.0,0.6328125,0.6470453143119812,0.6416666507720947,0.6340793371200562,1203,1699966317,2,1
330001,1920,4950015,633601920,23520,0.6416666507720947,128,330000,1.2354376316070557,1920,17,1,500000,1000,,330001.0,0.6312500238418579,0.6470474004745483,0.6416666507720947,0.6341920495033264,1206,1699966317,2,1
331001,1920,4965015,635521920,23520,0.6416666507720947,128,331000,1.239128589630127,1920,17,1,500000,1000,,331001.0,0.6333333253860474,0.6470543146133423,0.643750011920929,0.6340625882148743,1210,1699966317,2,1
332001,1920,4980015,637441920,23520,0.643750011920929,128,332000,1.2426774501800537,1920,17,1,500000,1000,,332001.0,0.6312500238418579,0.6470445990562439,0.6395833492279053,0.6341779828071594,1213,1699966317,2,1
333001,1920,4995015,639361920,23520,0.6395833492279053,128,333000,1.246239423751831,1920,17,1,500000,1000,,333001.0,0.6307291388511658,0.6470451951026917,0.6416666507720947,0.6341524720191956,1217,1699966317,2,1
334001,1920,5010015,641281920,23520,0.6416666507720947,128,334000,1.2498152256011963,1920,17,1,500000,1000,,334001.0,0.6322916746139526,0.647050678730011,0.643750011920929,0.6339887976646423,1221,1699966317,2,1
335001,1920,5025015,643201920,23520,0.643750011920929,128,335000,1.2535593509674072,1920,17,1,500000,1000,,335001.0,0.6302083134651184,0.6470547914505005,0.6416666507720947,0.6343144178390503,1224,1699966317,2,1
336001,1920,5040015,645121920,23520,0.6416666507720947,128,336000,1.2570862770080566,1920,17,1,500000,1000,,336001.0,0.6312500238418579,0.6470488905906677,0.6416666507720947,0.6339556574821472,1228,1699966317,2,1
337001,1920,5055015,647041920,23520,0.6416666507720947,128,337000,1.260667085647583,1920,17,1,500000,1000,,337001.0,0.6328125,0.6470487117767334,0.643750011920929,0.6342253088951111,1232,1699966317,2,1
338001,1920,5070015,648961920,23520,0.643750011920929,128,338000,1.2642102241516113,1920,17,1,500000,1000,,338001.0,0.6322916746139526,0.6470493078231812,0.6458333134651184,0.6339641213417053,1235,1699966317,2,1
339001,1920,5085015,650881920,23520,0.6458333134651184,128,339000,1.26778244972229,1920,17,1,500000,1000,,339001.0,0.6322916746139526,0.6470476388931274,0.6395833492279053,0.6340982913970947,1239,1699966317,2,1
340001,1920,5100015,652801920,23520,0.6395833492279053,128,340000,1.2713773250579834,1920,17,1,500000,1000,,340001.0,0.6312500238418579,0.6470510959625244,0.6395833492279053,0.6344116926193237,1243,1699966317,2,1
341001,1920,5115015,654721920,23520,0.6395833492279053,128,341000,1.2749543190002441,1920,17,1,500000,1000,,341001.0,0.6333333253860474,0.6470478177070618,0.6416666507720947,0.6339768171310425,1246,1699966317,2,1
342001,1920,5130015,656641920,23520,0.6416666507720947,128,342000,1.2785131931304932,1920,17,1,500000,1000,,342001.0,0.6328125,0.6470510363578796,0.6458333134651184,0.6341604590415955,1250,1699966317,2,1
343001,1920,5145015,658561920,23520,0.6458333134651184,128,343000,1.2826521396636963,1920,17,1,500000,1000,,343001.0,0.6343749761581421,0.6470533013343811,0.643750011920929,0.634155809879303,1254,1699966317,2,1
344001,1920,5160015,660481920,23520,0.643750011920929,128,344000,1.286250352859497,1920,17,1,500000,1000,,344001.0,0.6333333253860474,0.647048830986023,0.6395833492279053,0.6342515349388123,1259,1699966317,2,1
345001,1920,5175015,662401920,23520,0.6395833492279053,128,345000,1.2899844646453857,1920,17,1,500000,1000,,345001.0,0.6333333253860474,0.64704430103302,0.6416666507720947,0.6341655850410461,1266,1699966317,2,1
346001,1920,5190015,664321920,23520,0.6416666507720947,128,346000,1.2935645580291748,1920,17,1,500000,1000,,346001.0,0.6333333253860474,0.647049605846405,0.6458333134651184,0.6343124508857727,1270,1699966317,2,1
347001,1920,5205015,666241920,23520,0.6458333134651184,128,347000,1.2986705303192139,1920,17,1,500000,1000,,347001.0,0.6338541507720947,0.6470470428466797,0.6458333134651184,0.6342576146125793,1274,1699966317,2,1
348001,1920,5220015,668161920,23520,0.6458333134651184,128,348000,1.3022096157073975,1920,17,1,500000,1000,,348001.0,0.6307291388511658,0.6470463275909424,0.6395833492279053,0.634066641330719,1278,1699966317,2,1
349001,1920,5235015,670081920,23520,0.6395833492279053,128,349000,1.3063604831695557,1920,17,1,500000,1000,,349001.0,0.6312500238418579,0.6470500826835632,0.643750011920929,0.6344155669212341,1282,1699966317,2,1
350001,1920,5250015,672001920,23520,0.643750011920929,128,350000,1.3099465370178223,1920,17,1,500000,1000,,350001.0,0.6322916746139526,0.6470479369163513,0.6395833492279053,0.6341990232467651,1286,1699966317,2,1
351001,1920,5265015,673921920,23520,0.6395833492279053,128,351000,1.3134896755218506,1920,17,1,500000,1000,,351001.0,0.6307291388511658,0.647047221660614,0.6395833492279053,0.6343489289283752,1290,1699966317,2,1
352001,1920,5280015,675841920,23520,0.6395833492279053,128,352000,1.317009449005127,1920,17,1,500000,1000,,352001.0,0.6333333253860474,0.6470441818237305,0.6416666507720947,0.6341086030006409,1294,1699966317,2,1
353001,1920,5295015,677761920,23520,0.6416666507720947,128,353000,1.3205363750457764,1920,17,1,500000,1000,,353001.0,0.6348958611488342,0.6470457911491394,0.6416666507720947,0.6340798735618591,1297,1699966317,2,1
354001,1920,5310015,679681920,23520,0.6416666507720947,128,354000,1.3240883350372314,1920,17,1,500000,1000,,354001.0,0.6338541507720947,0.6470507979393005,0.6479166746139526,0.6341705918312073,1301,1699966317,2,1
355001,1920,5325015,681601920,23520,0.6479166746139526,128,355000,1.3276731967926025,1920,17,1,500000,1000,,355001.0,0.6312500238418579,0.6470457911491394,0.6395833492279053,0.6342529654502869,1305,1699966317,2,1
356001,1920,5340015,683521920,23520,0.6395833492279053,128,356000,1.3313753604888916,1920,17,1,500000,1000,,356001.0,0.6328125,0.6470487117767334,0.6458333134651184,0.6340568661689758,1308,1699966317,2,1
357001,1920,5355015,685441920,23520,0.6458333134651184,128,357000,1.3349614143371582,1920,17,1,500000,1000,,357001.0,0.6333333253860474,0.6470470428466797,0.6395833492279053,0.6342287063598633,1312,1699966317,2,1
358001,1920,5370015,687361920,23520,0.6395833492279053,128,358000,1.338536262512207,1920,17,1,500000,1000,,358001.0,0.635937511920929,0.6470463871955872,0.643750011920929,0.6340323090553284,1316,1699966317,2,1
359001,1920,5385015,689281920,23520,0.643750011920929,128,359000,1.3421201705932617,1920,17,1,500000,1000,,359001.0,0.6317708492279053,0.6470518708229065,0.6395833492279053,0.6342359185218811,1319,1699966317,2,1
360001,1920,5400015,691201920,23520,0.6395833492279053,128,360000,1.345670461654663,1920,17,1,500000,1000,,360001.0,0.6338541507720947,0.6470499038696289,0.6458333134651184,0.6341038942337036,1323,1699966317,2,1
361001,1920,5415015,693121920,23520,0.6458333134651184,128,361000,1.3492436408996582,1920,17,1,500000,1000,,361001.0,0.6328125,0.6470478773117065,0.643750011920929,0.6340792179107666,1326,1699966317,2,1
362001,1920,5430015,695041920,23520,0.643750011920929,128,362000,1.3529796600341797,1920,17,1,500000,1000,,362001.0,0.6333333253860474,0.6470476388931274,0.6416666507720947,0.6340903043746948,1330,1699966317,2,1
363001,1920,5445015,696961920,23520,0.6416666507720947,128,363000,1.3565526008605957,1920,17,1,500000,1000,,363001.0,0.6333333253860474,0.6470488905906677,0.6416666507720947,0.6343004107475281,1334,1699966317,2,1
364001,1920,5460015,698881920,23520,0.6416666507720947,128,364000,1.360135555267334,1920,17,1,500000,1000,,364001.0,0.6312500238418579,0.6470444202423096,0.6395833492279053,0.6342605948448181,1337,1699966317,2,1
365001,1920,5475015,700801920,23520,0.6395833492279053,128,365000,1.3637135028839111,1920,17,1,500000,1000,,365001.0,0.6317708492279053,0.6470445990562439,0.6416666507720947,0.634296178817749,1341,1699966317,2,1
366001,1920,5490015,702721920,23520,0.6416666507720947,128,366000,1.3672776222229004,1920,17,1,500000,1000,,366001.0,0.6317708492279053,0.6470497846603394,0.643750011920929,0.6340948939323425,1345,1699966317,2,1
367001,1920,5505015,704641920,23520,0.643750011920929,128,367000,1.3708117008209229,1920,17,1,500000,1000,,367001.0,0.6333333253860474,0.647046685218811,0.6479166746139526,0.6341144442558289,1348,1699966317,2,1
368001,1920,5520015,706561920,23520,0.6479166746139526,128,368000,1.3744094371795654,1920,17,1,500000,1000,,368001.0,0.6333333253860474,0.6470472812652588,0.6416666507720947,0.6342748999595642,1352,1699966317,2,1
369001,1920,5535015,708481920,23520,0.6416666507720947,128,369000,1.378502368927002,1920,17,1,500000,1000,,369001.0,0.6348958611488342,0.6470506191253662,0.6458333134651184,0.6343255639076233,1356,1699966317,2,1
370001,1920,5550015,710401920,23520,0.6458333134651184,128,370000,1.3820631504058838,1920,17,1,500000,1000,,370001.0,0.6343749761581421,0.6470462083816528,0.6499999761581421,0.6341243982315063,1359,1699966317,2,1
371001,1920,5565015,712321920,23520,0.6499999761581421,128,371000,1.385824203491211,1920,17,1,500000,1000,,371001.0,0.6328125,0.6470483541488647,0.6416666507720947,0.6344049572944641,1363,1699966317,2,1
372001,1920,5580015,714241920,23520,0.6416666507720947,128,372000,1.3894202709197998,1920,17,1,500000,1000,,372001.0,0.6312500238418579,0.64704430103302,0.6395833492279053,0.6341789960861206,1367,1699966317,2,1
373001,1920,5595015,716161920,23520,0.6395833492279053,128,373000,1.3929972648620605,1920,17,1,500000,1000,,373001.0,0.6343749761581421,0.6470460295677185,0.643750011920929,0.6343116164207458,1370,1699966317,2,1
374001,1920,5610015,718081920,23520,0.643750011920929,128,374000,1.396557092666626,1920,17,1,500000,1000,,374001.0,0.6354166865348816,0.6470500826835632,0.6479166746139526,0.634052038192749,1374,1699966317,2,1
375001,1920,5625015,720001920,23520,0.6479166746139526,128,375000,1.4001891613006592,1920,17,1,500000,1000,,375001.0,0.6302083134651184,0.6470456719398499,0.6416666507720947,0.6341502666473389,1378,1699966317,2,1
376001,1920,5640015,721921920,23520,0.6416666507720947,128,376000,1.4037673473358154,1920,17,1,500000,1000,,376001.0,0.6302083134651184,0.6470469236373901,0.6416666507720947,0.6341179013252258,1381,1699966317,2,1
377001,1920,5655015,723841920,23520,0.6416666507720947,128,377000,1.4072954654693604,1920,17,1,500000,1000,,377001.0,0.6333333253860474,0.6470526456832886,0.643750011920929,0.6339337229728699,1385,1699966317,2,1
378001,1920,5670015,725761920,23520,0.643750011920929,128,378000,1.4108586311340332,1920,17,1,500000,1000,,378001.0,0.6322916746139526,0.647052526473999,0.6416666507720947,0.6340023875236511,1389,1699966317,2,1
379001,1920,5685015,727681920,23520,0.6416666507720947,128,379000,1.4143943786621094,1920,17,1,500000,1000,,379001.0,0.6333333253860474,0.6470503211021423,0.6416666507720947,0.6341350078582764,1392,1699966317,2,1
380001,1920,5700015,729601920,23520,0.6416666507720947,128,380000,1.4179723262786865,1920,17,1,500000,1000,,380001.0,0.6338541507720947,0.6470511555671692,0.6479166746139526,0.6340510249137878,1396,1699966317,2,1
381001,1920,5715015,731521920,23520,0.6479166746139526,128,381000,1.4215521812438965,1920,17,1,500000,1000,,381001.0,0.6322916746139526,0.6470480561256409,0.6416666507720947,0.6340869665145874,1400,1699966317,2,1
382001,1920,5730015,733441920,23520,0.6416666507720947,128,382000,1.4252331256866455,1920,17,1,500000,1000,,382001.0,0.6317708492279053,0.647049605846405,0.6416666507720947,0.6341955065727234,1403,1699966317,2,1
383001,1920,5745015,735361920,23520,0.6416666507720947,128,383000,1.4290261268615723,1920,17,1,500000,1000,,383001.0,0.6322916746139526,0.6470514535903931,0.6395833492279053,0.6345608234405518,1407,1699966317,2,1
384001,1920,5760015,737281920,23520,0.6395833492279053,128,384000,1.4325571060180664,1920,17,1,500000,1000,,384001.0,0.6328125,0.647045373916626,0.6458333134651184,0.6342537999153137,1411,1699966317,2,1
385001,1920,5775015,739201920,23520,0.6458333134651184,128,385000,1.436136245727539,1920,17,1,500000,1000,,385001.0,0.6343749761581421,0.6470467448234558,0.6395833492279053,0.6341017484664917,1414,1699966317,2,1
386001,1920,5790015,741121920,23520,0.6395833492279053,128,386000,1.4396934509277344,1920,17,1,500000,1000,,386001.0,0.6328125,0.6470475792884827,0.643750011920929,0.6343414187431335,1418,1699966317,2,1
387001,1920,5805015,743041920,23520,0.643750011920929,128,387000,1.4432885646820068,1920,17,1,500000,1000,,387001.0,0.6338541507720947,0.6470462679862976,0.6458333134651184,0.6340380907058716,1422,1699966317,2,1
388001,1920,5820015,744961920,23520,0.6458333134651184,128,388000,1.4468777179718018,1920,17,1,500000,1000,,388001.0,0.6317708492279053,0.6470468640327454,0.643750011920929,0.6341251134872437,1425,1699966317,2,1
389001,1920,5835015,746881920,23520,0.643750011920929,128,389000,1.4504296779632568,1920,17,1,500000,1000,,389001.0,0.6317708492279053,0.6470469832420349,0.643750011920929,0.6340906023979187,1429,1699966317,2,1
390001,1920,5850015,748801920,23520,0.643750011920929,128,390000,1.4540355205535889,1920,17,1,500000,1000,,390001.0,0.6328125,0.6470497250556946,0.637499988079071,0.6344342827796936,1432,1699966317,2,1
391001,1920,5865015,750721920,23520,0.637499988079071,128,391000,1.4575793743133545,1920,17,1,500000,1000,,391001.0,0.6312500238418579,0.6470511555671692,0.6479166746139526,0.6343680620193481,1436,1699966317,2,1
392001,1920,5880015,752641920,23520,0.6479166746139526,128,392000,1.4611523151397705,1920,17,1,500000,1000,,392001.0,0.6312500238418579,0.6470464468002319,0.6416666507720947,0.6341543197631836,1440,1699966317,2,1
393001,1920,5895015,754561920,23520,0.6416666507720947,128,393000,1.46470046043396,1920,17,1,500000,1000,,393001.0,0.6328125,0.6470509767532349,0.6458333134651184,0.6338337063789368,1443,1699966317,2,1
394001,1920,5910015,756481920,23520,0.6458333134651184,128,394000,1.468249797821045,1920,17,1,500000,1000,,394001.0,0.6312500238418579,0.6470537781715393,0.643750011920929,0.6342028379440308,1447,1699966317,2,1
395001,1920,5925015,758401920,23520,0.643750011920929,128,395000,1.4718358516693115,1920,17,1,500000,1000,,395001.0,0.6328125,0.6470472812652588,0.643750011920929,0.634223997592926,1451,1699966317,2,1
396001,1920,5940015,760321920,23520,0.643750011920929,128,396000,1.4753968715667725,1920,17,1,500000,1000,,396001.0,0.6322916746139526,0.6470502018928528,0.643750011920929,0.6342765688896179,1454,1699966317,2,1
397001,1920,5955015,762241920,23520,0.643750011920929,128,397000,1.4793837070465088,1920,17,1,500000,1000,,397001.0,0.6312500238418579,0.6470476984977722,0.6416666507720947,0.6342430710792542,1458,1699966317,2,1
398001,1920,5970015,764161920,23520,0.6416666507720947,128,398000,1.4829587936401367,1920,17,1,500000,1000,,398001.0,0.6333333253860474,0.6470492482185364,0.6479166746139526,0.6339648962020874,1462,1699966317,2,1
399001,1920,5985015,766081920,23520,0.6479166746139526,128,399000,1.486555814743042,1920,17,1,500000,1000,,399001.0,0.6317708492279053,0.6470505595207214,0.643750011920929,0.6340749263763428,1465,1699966317,2,1
400001,1920,6000015,768001920,23520,0.643750011920929,128,400000,1.490121603012085,1920,17,1,500000,1000,,400001.0,0.6348958611488342,0.6470476984977722,0.643750011920929,0.6338932514190674,1469,1699966317,2,1
401001,1920,6015015,769921920,23520,0.643750011920929,128,401000,1.4936904907226562,1920,17,1,500000,1000,,401001.0,0.6291666626930237,0.6470473408699036,0.6458333134651184,0.6340788006782532,1473,1699966317,2,1
402001,1920,6030015,771841920,23520,0.6458333134651184,128,402000,1.49745774269104,1920,17,1,500000,1000,,402001.0,0.6302083134651184,0.6470488905906677,0.643750011920929,0.6339828372001648,1476,1699966317,2,1
403001,1920,6045015,773761920,23520,0.643750011920929,128,403000,1.5010426044464111,1920,17,1,500000,1000,,403001.0,0.6312500238418579,0.6470481753349304,0.6416666507720947,0.6342785954475403,1480,1699966317,2,1
404001,1920,6060015,775681920,23520,0.6416666507720947,128,404000,1.5046303272247314,1920,17,1,500000,1000,,404001.0,0.6302083134651184,0.6470472812652588,0.6416666507720947,0.6342173218727112,1484,1699966317,2,1
405001,1920,6075015,777601920,23520,0.6416666507720947,128,405000,1.508209228515625,1920,17,1,500000,1000,,405001.0,0.6328125,0.6470505595207214,0.6416666507720947,0.6343241930007935,1487,1699966317,2,1
406001,1920,6090015,779521920,23520,0.6416666507720947,128,406000,1.5117862224578857,1920,17,1,500000,1000,,406001.0,0.6317708492279053,0.6470487713813782,0.6395833492279053,0.6342262029647827,1491,1699966317,2,1
407001,1920,6105015,781441920,23520,0.6395833492279053,128,407000,1.5153303146362305,1920,17,1,500000,1000,,407001.0,0.6322916746139526,0.6470511555671692,0.643750011920929,0.6341429948806763,1494,1699966317,2,1
408001,1920,6120015,783361920,23520,0.643750011920929,128,408000,1.519167423248291,1920,17,1,500000,1000,,408001.0,0.6338541507720947,0.6470475792884827,0.6416666507720947,0.6343732476234436,1498,1699966317,2,1
409001,1920,6135015,785281920,23520,0.6416666507720947,128,409000,1.5226922035217285,1920,17,1,500000,1000,,409001.0,0.6322916746139526,0.6470464468002319,0.6416666507720947,0.6339560151100159,1502,1699966317,2,1
410001,1920,6150015,787201920,23520,0.6416666507720947,128,410000,1.5262730121612549,1920,17,1,500000,1000,,410001.0,0.6348958611488342,0.647050678730011,0.6395833492279053,0.6342286467552185,1505,1699966317,2,1
411001,1920,6165015,789121920,23520,0.6395833492279053,128,411000,1.5298230648040771,1920,17,1,500000,1000,,411001.0,0.6328125,0.6470493078231812,0.6458333134651184,0.6343399286270142,1509,1699966317,2,1
412001,1920,6180015,791041920,23520,0.6458333134651184,128,412000,1.5333621501922607,1920,17,1,500000,1000,,412001.0,0.6328125,0.6470466256141663,0.6416666507720947,0.6341782808303833,1513,1699966317,2,1
413001,1920,6195015,792961920,23520,0.6416666507720947,128,413000,1.5369362831115723,1920,17,1,500000,1000,,413001.0,0.6328125,0.647048830986023,0.6416666507720947,0.6338728070259094,1516,1699966317,2,1
414001,1920,6210015,794881920,23520,0.6416666507720947,128,414000,1.5405263900756836,1920,17,1,500000,1000,,414001.0,0.6307291388511658,0.6470457911491394,0.6395833492279053,0.6340405344963074,1520,1699966317,2,1
415001,1920,6225015,796801920,23520,0.6395833492279053,128,415000,1.5440866947174072,1920,17,1,500000,1000,,415001.0,0.6328125,0.6470492482185364,0.6479166746139526,0.6341694593429565,1524,1699966317,2,1
416001,1920,6240015,798721920,23520,0.6479166746139526,128,416000,1.5476586818695068,1920,17,1,500000,1000,,416001.0,0.6338541507720947,0.6470462679862976,0.6395833492279053,0.6340543031692505,1527,1699966317,2,1
417001,1920,6255015,800641920,23520,0.6395833492279053,128,417000,1.5512547492980957,1920,17,1,500000,1000,,417001.0,0.6343749761581421,0.6470514535903931,0.6479166746139526,0.6340039372444153,1531,1699966317,2,1
418001,1920,6270015,802561920,23520,0.6479166746139526,128,418000,1.5547988414764404,1920,17,1,500000,1000,,418001.0,0.6317708492279053,0.6470481157302856,0.6416666507720947,0.6343553066253662,1535,1699966317,2,1
419001,1920,6285015,804481920,23520,0.6416666507720947,128,419000,1.5583791732788086,1920,17,1,500000,1000,,419001.0,0.6333333253860474,0.6470521688461304,0.6416666507720947,0.6341328024864197,1538,1699966317,2,1
420001,1920,6300015,806401920,23520,0.6416666507720947,128,420000,1.5619721412658691,1920,17,1,500000,1000,,420001.0,0.6333333253860474,0.6470498442649841,0.6416666507720947,0.6341329216957092,1542,1699966317,2,1
421001,1920,6315015,808321920,23520,0.6416666507720947,128,421000,1.5655262470245361,1920,17,1,500000,1000,,421001.0,0.6338541507720947,0.6470471620559692,0.6458333134651184,0.6340072751045227,1546,1699966317,2,1
422001,1920,6330015,810241920,23520,0.6458333134651184,128,422000,1.56911039352417,1920,17,1,500000,1000,,422001.0,0.6338541507720947,0.6470491886138916,0.643750011920929,0.6340152621269226,1549,1699966317,2,1
423001,1920,6345015,812161920,23520,0.643750011920929,128,423000,1.5726804733276367,1920,17,1,500000,1000,,423001.0,0.6338541507720947,0.6470471620559692,0.643750011920929,0.6342226266860962,1553,1699966317,2,1
424001,1920,6360015,814081920,23520,0.643750011920929,128,424000,1.5762794017791748,1920,17,1,500000,1000,,424001.0,0.6348958611488342,0.6470491290092468,0.637499988079071,0.6342732310295105,1556,1699966317,2,1
425001,1920,6375015,816001920,23520,0.637499988079071,128,425000,1.5798583030700684,1920,17,1,500000,1000,,425001.0,0.6322916746139526,0.6470491886138916,0.6395833492279053,0.6340047121047974,1560,1699966317,2,1
426001,1920,6390015,817921920,23520,0.6395833492279053,128,426000,1.583498477935791,1920,17,1,500000,1000,,426001.0,0.6348958611488342,0.6470482349395752,0.6458333134651184,0.6341142654418945,1564,1699966317,2,1
427001,1920,6405015,819841920,23520,0.6458333134651184,128,427000,1.5874745845794678,1920,17,1,500000,1000,,427001.0,0.6307291388511658,0.6470420360565186,0.6416666507720947,0.6341531872749329,1567,1699966317,2,1
428001,1920,6420015,821761920,23520,0.6416666507720947,128,428000,1.5910415649414062,1920,17,1,500000,1000,,428001.0,0.6338541507720947,0.6470475792884827,0.6416666507720947,0.634113609790802,1571,1699966317,2,1
429001,1920,6435015,823681920,23520,0.6416666507720947,128,429000,1.5945818424224854,1920,17,1,500000,1000,,429001.0,0.6322916746139526,0.647049069404602,0.643750011920929,0.6342105269432068,1575,1699966317,2,1
430001,1920,6450015,825601920,23520,0.643750011920929,128,430000,1.5981638431549072,1920,17,1,500000,1000,,430001.0,0.6328125,0.6470442414283752,0.643750011920929,0.6340728998184204,1579,1699966317,2,1
431001,1920,6465015,827521920,23520,0.643750011920929,128,431000,1.6017227172851562,1920,17,1,500000,1000,,431001.0,0.6307291388511658,0.6470472812652588,0.6395833492279053,0.6340724229812622,1582,1699966317,2,1
432001,1920,6480015,829441920,23520,0.6395833492279053,128,432000,1.605264663696289,1920,17,1,500000,1000,,432001.0,0.6312500238418579,0.6470461487770081,0.6458333134651184,0.6340247988700867,1586,1699966317,2,1
433001,1920,6495015,831361920,23520,0.6458333134651184,128,433000,1.6087899208068848,1920,17,1,500000,1000,,433001.0,0.6333333253860474,0.6470493674278259,0.643750011920929,0.6343216300010681,1590,1699966317,2,1
434001,1920,6510015,833281920,23520,0.643750011920929,128,434000,1.6123857498168945,1920,17,1,500000,1000,,434001.0,0.6338541507720947,0.6470453143119812,0.6458333134651184,0.6340342164039612,1593,1699966317,2,1
435001,1920,6525015,835201920,23520,0.6458333134651184,128,435000,1.6159718036651611,1920,17,1,500000,1000,,435001.0,0.6307291388511658,0.6470470428466797,0.6416666507720947,0.6341532468795776,1597,1699966317,2,1
436001,1920,6540015,837121920,23520,0.6416666507720947,128,436000,1.6195495128631592,1920,17,1,500000,1000,,436001.0,0.635937511920929,0.6470494866371155,0.6499999761581421,0.6341426968574524,1600,1699966317,2,1
437001,1920,6555015,839041920,23520,0.6499999761581421,128,437000,1.6230576038360596,1920,17,1,500000,1000,,437001.0,0.6322916746139526,0.6470495462417603,0.643750011920929,0.634279191493988,1604,1699966317,2,1
438001,1920,6570015,840961920,23520,0.643750011920929,128,438000,1.6266374588012695,1920,17,1,500000,1000,,438001.0,0.6302083134651184,0.647050142288208,0.643750011920929,0.6343317627906799,1608,1699966317,2,1
439001,1920,6585015,842881920,23520,0.643750011920929,128,439000,1.6303086280822754,1920,17,1,500000,1000,,439001.0,0.6322916746139526,0.6470507383346558,0.6499999761581421,0.6339878439903259,1611,1699966317,2,1
440001,1920,6600015,844801920,23520,0.6499999761581421,128,440000,1.6340785026550293,1920,17,1,500000,1000,,440001.0,0.6328125,0.6470524072647095,0.643750011920929,0.6338435411453247,1615,1699966317,2,1
441001,1920,6615015,846721920,23520,0.643750011920929,128,441000,1.6382644176483154,1920,17,1,500000,1000,,441001.0,0.6322916746139526,0.6470468640327454,0.6395833492279053,0.6341446042060852,1619,1699966317,2,1
442001,1920,6630015,848641920,23520,0.6395833492279053,128,442000,1.64176344871521,1920,17,1,500000,1000,,442001.0,0.6307291388511658,0.6470460891723633,0.6416666507720947,0.6340743899345398,1622,1699966317,2,1
443001,1920,6645015,850561920,23520,0.6416666507720947,128,443000,1.6453306674957275,1920,17,1,500000,1000,,443001.0,0.6312500238418579,0.6470447182655334,0.6416666507720947,0.6342394948005676,1626,1699966317,2,1
444001,1920,6660015,852481920,23520,0.6416666507720947,128,444000,1.648909568786621,1920,17,1,500000,1000,,444001.0,0.6322916746139526,0.6470457911491394,0.6395833492279053,0.6342049837112427,1630,1699966317,2,1
445001,1920,6675015,854401920,23520,0.6395833492279053,128,445000,1.6524415016174316,1920,17,1,500000,1000,,445001.0,0.6307291388511658,0.647052526473999,0.643750011920929,0.6340453028678894,1633,1699966317,2,1
446001,1920,6690015,856321920,23520,0.643750011920929,128,446000,1.6560065746307373,1920,17,1,500000,1000,,446001.0,0.6333333253860474,0.6470433473587036,0.6458333134651184,0.6342942714691162,1637,1699966317,2,1
447001,1920,6705015,858241920,23520,0.6458333134651184,128,447000,1.6595394611358643,1920,17,1,500000,1000,,447001.0,0.629687488079071,0.6470485925674438,0.643750011920929,0.634103536605835,1641,1699966317,2,1
448001,1920,6720015,860161920,23520,0.643750011920929,128,448000,1.663116693496704,1920,17,1,500000,1000,,448001.0,0.6312500238418579,0.6470547914505005,0.6416666507720947,0.6341217160224915,1645,1699966317,2,1
449001,1920,6735015,862081920,23520,0.6416666507720947,128,449000,1.666752576828003,1920,17,1,500000,1000,,449001.0,0.6317708492279053,0.6470497846603394,0.6395833492279053,0.6339289546012878,1648,1699966317,2,1
450001,1920,6750015,864001920,23520,0.6395833492279053,128,450000,1.6703135967254639,1920,17,1,500000,1000,,450001.0,0.6333333253860474,0.6470487117767334,0.6416666507720947,0.6343603134155273,1652,1699966317,2,1
451001,1920,6765015,865921920,23520,0.6416666507720947,128,451000,1.6738336086273193,1920,17,1,500000,1000,,451001.0,0.6307291388511658,0.647049069404602,0.6416666507720947,0.6343640089035034,1656,1699966317,2,1
452001,1920,6780015,867841920,23520,0.6416666507720947,128,452000,1.6773695945739746,1920,17,1,500000,1000,,452001.0,0.6307291388511658,0.6470481157302856,0.6416666507720947,0.6343061923980713,1659,1699966317,2,1
453001,1920,6795015,869761920,23520,0.6416666507720947,128,453000,1.680898904800415,1920,17,1,500000,1000,,453001.0,0.6333333253860474,0.6470432281494141,0.643750011920929,0.6341009736061096,1663,1699966317,2,1
454001,1920,6810015,871681920,23520,0.643750011920929,128,454000,1.684675931930542,1920,17,1,500000,1000,,454001.0,0.6333333253860474,0.6470444798469543,0.6458333134651184,0.6341070532798767,1666,1699966317,2,1
455001,1920,6825015,873601920,23520,0.6458333134651184,128,455000,1.6883575916290283,1920,17,1,500000,1000,,455001.0,0.6328125,0.6470439434051514,0.6395833492279053,0.6340224742889404,1670,1699966317,2,1
456001,1920,6840015,875521920,23520,0.6395833492279053,128,456000,1.6919324398040771,1920,17,1,500000,1000,,456001.0,0.6322916746139526,0.6470540761947632,0.6520833373069763,0.6341889500617981,1674,1699966317,2,1
457001,1920,6855015,877441920,23520,0.6520833373069763,128,457000,1.6954572200775146,1920,17,1,500000,1000,,457001.0,0.6312500238418579,0.6470510363578796,0.6416666507720947,0.633968710899353,1677,1699966317,2,1
458001,1920,6870015,879361920,23520,0.6416666507720947,128,458000,1.6990470886230469,1920,17,1,500000,1000,,458001.0,0.6338541507720947,0.6470487117767334,0.6395833492279053,0.6342713832855225,1681,1699966317,2,1
459001,1920,6885015,881281920,23520,0.6395833492279053,128,459000,1.7026212215423584,1920,17,1,500000,1000,,459001.0,0.6364583373069763,0.6470507383346558,0.6520833373069763,0.6343184113502502,1685,1699966317,2,1
460001,1920,6900015,883201920,23520,0.6520833373069763,128,460000,1.706146478652954,1920,17,1,500000,1000,,460001.0,0.6348958611488342,0.6470523476600647,0.6416666507720947,0.6343141794204712,1688,1699966317,2,1
461001,1920,6915015,885121920,23520,0.6416666507720947,128,461000,1.7097115516662598,1920,17,1,500000,1000,,461001.0,0.6322916746139526,0.6470500826835632,0.643750011920929,0.6341176629066467,1692,1699966317,2,1
462001,1920,6930015,887041920,23520,0.643750011920929,128,462000,1.7132892608642578,1920,17,1,500000,1000,,462001.0,0.6348958611488342,0.6470536589622498,0.6416666507720947,0.6341543197631836,1696,1699966317,2,1
463001,1920,6945015,888961920,23520,0.6416666507720947,128,463000,1.7169990539550781,1920,17,1,500000,1000,,463001.0,0.6302083134651184,0.6470474004745483,0.6416666507720947,0.6342728734016418,1699,1699966317,2,1
464001,1920,6960015,890881920,23520,0.6416666507720947,128,464000,1.7205960750579834,1920,17,1,500000,1000,,464001.0,0.6322916746139526,0.647056519985199,0.6479166746139526,0.6342549920082092,1703,1699966317,2,1
465001,1920,6975015,892801920,23520,0.6479166746139526,128,465000,1.724146842956543,1920,17,1,500000,1000,,465001.0,0.6343749761581421,0.6470483541488647,0.6395833492279053,0.6343889236450195,1707,1699966317,2,1
466001,1920,6990015,894721920,23520,0.6395833492279053,128,466000,1.727720022201538,1920,17,1,500000,1000,,466001.0,0.6338541507720947,0.6470463871955872,0.6479166746139526,0.6341820955276489,1710,1699966317,2,1
467001,1920,7005015,896641920,23520,0.6479166746139526,128,467000,1.7313129901885986,1920,17,1,500000,1000,,467001.0,0.6328125,0.6470464468002319,0.6395833492279053,0.6342899799346924,1714,1699966317,2,1
468001,1920,7020015,898561920,23520,0.6395833492279053,128,468000,1.734924077987671,1920,17,1,500000,1000,,468001.0,0.6338541507720947,0.6470531821250916,0.643750011920929,0.6339795589447021,1718,1699966317,2,1
469001,1920,7035015,900481920,23520,0.643750011920929,128,469000,1.7384979724884033,1920,17,1,500000,1000,,469001.0,0.6322916746139526,0.64705491065979,0.6395833492279053,0.6341370940208435,1721,1699966317,2,1
470001,1920,7050015,902401920,23520,0.6395833492279053,128,470000,1.7420227527618408,1920,17,1,500000,1000,,470001.0,0.6307291388511658,0.647046685218811,0.6416666507720947,0.6342707872390747,1725,1699966317,2,1
471001,1920,7065015,904321920,23520,0.6416666507720947,128,471000,1.7456278800964355,1920,17,1,500000,1000,,471001.0,0.6338541507720947,0.6470495462417603,0.643750011920929,0.634200394153595,1729,1699966317,2,1
472001,1920,7080015,906241920,23520,0.643750011920929,128,472000,1.7492048740386963,1920,17,1,500000,1000,,472001.0,0.6302083134651184,0.6470499634742737,0.6416666507720947,0.6343488693237305,1732,1699966317,2,1
473001,1920,7095015,908161920,23520,0.6416666507720947,128,473000,1.752776861190796,1920,17,1,500000,1000,,473001.0,0.6343749761581421,0.6470489501953125,0.643750011920929,0.6341058611869812,1736,1699966317,2,1
474001,1920,7110015,910081920,23520,0.643750011920929,128,474000,1.756354808807373,1920,17,1,500000,1000,,474001.0,0.6328125,0.647047758102417,0.6395833492279053,0.6342223882675171,1740,1699966317,2,1
475001,1920,7125015,912001920,23520,0.6395833492279053,128,475000,1.7599308490753174,1920,17,1,500000,1000,,475001.0,0.6312500238418579,0.6470476388931274,0.6416666507720947,0.6343291997909546,1743,1699966317,2,1
476001,1920,7140015,913921920,23520,0.6416666507720947,128,476000,1.7635197639465332,1920,17,1,500000,1000,,476001.0,0.6343749761581421,0.6470462679862976,0.643750011920929,0.6342639923095703,1747,1699966317,2,1
477001,1920,7155015,915841920,23520,0.643750011920929,128,477000,1.767347812652588,1920,17,1,500000,1000,,477001.0,0.6348958611488342,0.6470474004745483,0.643750011920929,0.6342592239379883,1751,1699966317,2,1
478001,1920,7170015,917761920,23520,0.643750011920929,128,478000,1.7709219455718994,1920,17,1,500000,1000,,478001.0,0.6328125,0.6470510363578796,0.6395833492279053,0.6342373490333557,1754,1699966317,2,1
479001,1920,7185015,919681920,23520,0.6395833492279053,128,479000,1.7744858264923096,1920,17,1,500000,1000,,479001.0,0.6307291388511658,0.6470461487770081,0.6416666507720947,0.6340754628181458,1758,1699966317,2,1
480001,1920,7200015,921601920,23520,0.6416666507720947,128,480000,1.7780587673187256,1920,17,1,500000,1000,,480001.0,0.6307291388511658,0.6470540165901184,0.6395833492279053,0.6341930031776428,1761,1699966317,2,1
481001,1920,7215015,923521920,23520,0.6395833492279053,128,481000,1.7833576202392578,1920,17,1,500000,1000,,481001.0,0.6302083134651184,0.6470470428466797,0.6395833492279053,0.6341542601585388,1765,1699966317,2,1
482001,1920,7230015,925441920,23520,0.6395833492279053,128,482000,1.7869338989257812,1920,17,1,500000,1000,,482001.0,0.6317708492279053,0.6470499038696289,0.643750011920929,0.6342085599899292,1769,1699966317,2,1
483001,1920,7245015,927361920,23520,0.643750011920929,128,483000,1.7904789447784424,1920,17,1,500000,1000,,483001.0,0.6333333253860474,0.6470494866371155,0.6458333134651184,0.6340344548225403,1772,1699966317,2,1
484001,1920,7260015,929281920,23520,0.6458333134651184,128,484000,1.7940430641174316,1920,17,1,500000,1000,,484001.0,0.6312500238418579,0.647048830986023,0.6416666507720947,0.634131669998169,1776,1699966317,2,1
485001,1920,7275015,931201920,23520,0.6416666507720947,128,485000,1.7976129055023193,1920,17,1,500000,1000,,485001.0,0.6354166865348816,0.6470491886138916,0.6458333134651184,0.6338871717453003,1780,1699966317,2,1
486001,1920,7290015,933121920,23520,0.6458333134651184,128,486000,1.8013229370117188,1920,17,1,500000,1000,,486001.0,0.6338541507720947,0.6470525860786438,0.6416666507720947,0.6339339017868042,1783,1699966317,2,1
487001,1920,7305015,935041920,23520,0.6416666507720947,128,487000,1.804882287979126,1920,17,1,500000,1000,,487001.0,0.6328125,0.6470463871955872,0.643750011920929,0.6341032385826111,1787,1699966317,2,1
488001,1920,7320015,936961920,23520,0.643750011920929,128,488000,1.8083863258361816,1920,17,1,500000,1000,,488001.0,0.6333333253860474,0.6470474600791931,0.6416666507720947,0.634246826171875,1791,1699966317,2,1
489001,1920,7335015,938881920,23520,0.6416666507720947,128,489000,1.8119244575500488,1920,17,1,500000,1000,,489001.0,0.6312500238418579,0.6470531225204468,0.6416666507720947,0.6340690851211548,1794,1699966317,2,1
490001,1920,7350015,940801920,23520,0.6416666507720947,128,490000,1.8155004978179932,1920,17,1,500000,1000,,490001.0,0.6317708492279053,0.6470468044281006,0.6458333134651184,0.6341111660003662,1798,1699966317,2,1
491001,1920,7365015,942721920,23520,0.6458333134651184,128,491000,1.8190922737121582,1920,17,1,500000,1000,,491001.0,0.6322916746139526,0.6470489501953125,0.6458333134651184,0.6341379880905151,1801,1699966317,2,1
492001,1920,7380015,944641920,23520,0.6458333134651184,128,492000,1.822641134262085,1920,17,1,500000,1000,,492001.0,0.6302083134651184,0.6470486521720886,0.6416666507720947,0.6340413689613342,1805,1699966317,2,1
493001,1920,7395015,946561920,23520,0.6416666507720947,128,493000,1.826202154159546,1920,17,1,500000,1000,,493001.0,0.6322916746139526,0.6470481157302856,0.6395833492279053,0.6342906355857849,1809,1699966317,2,1
494001,1920,7410015,948481920,23520,0.6395833492279053,128,494000,1.8297901153564453,1920,17,1,500000,1000,,494001.0,0.6328125,0.6470484137535095,0.6416666507720947,0.6342832446098328,1812,1699966317,2,1
495001,1920,7425015,950401920,23520,0.6416666507720947,128,495000,1.8332970142364502,1920,17,1,500000,1000,,495001.0,0.6322916746139526,0.6470493674278259,0.643750011920929,0.6340920925140381,1816,1699966317,2,1
496001,1920,7440015,952321920,23520,0.643750011920929,128,496000,1.8368680477142334,1920,17,1,500000,1000,,496001.0,0.6322916746139526,0.6470474600791931,0.6479166746139526,0.634250283241272,1820,1699966317,2,1
497001,1920,7455015,954241920,23520,0.6479166746139526,128,497000,1.8403990268707275,1920,17,1,500000,1000,,497001.0,0.6328125,0.6470507383346558,0.637499988079071,0.6343222856521606,1823,1699966317,2,1
498001,1920,7470015,956161920,23520,0.637499988079071,128,498000,1.8442201614379883,1920,17,1,500000,1000,,498001.0,0.6328125,0.6470469832420349,0.6416666507720947,0.6341058611869812,1827,1699966317,2,1
499001,1920,7485015,958081920,23520,0.6416666507720947,128,499000,1.847752332687378,1920,17,1,500000,1000,,499001.0,0.6317708492279053,0.6470495462417603,0.6395833492279053,0.6340373158454895,1831,1699966317,2,1
499998,1920,7499970,959996160,23520,0.6395833492279053,128,499997,1.8514502048492432,1920,17,1,500000,1000,,499998.0,0.6333333253860474,0.6470466256141663,0.6416666507720947,0.6341294646263123,1834,1699966317,2,1
499999,1920,7499985,959998080,23520,0.6416666507720947,128,499998,1.8551092147827148,1920,17,1,500000,1000,,499999.0,0.6333333253860474,0.6470462679862976,0.6416666507720947,0.634112536907196,1834,1699966317,2,1
500000,1920,7500000,960000000,23520,0.6416666507720947,128,499999,1.858738899230957,1920,17,1,500000,1000,,500000.0,0.6333333253860474,0.6470469236373901,0.6416666507720947,0.6341010928153992,1834,1699966317,2,1
