pf_calls,num_answers,model_updates,num_grad_comps,answers_bytes,last_score,batch_size,k,elapsed_time,train_data,n,d,max_epochs,verbose,ident,_epochs,score_train,loss_train,score_test,loss_test,_elapsed_time,seed,run_id,dim
1,1920,15,1920,23520,0.5,128,0,0.027390003204345703,1920,17,4,500000,1000,,1.0,0.5453125238418579,0.6931470036506653,0.5166666507720947,0.6931470632553101,0,1207614675,5,4
1001,1920,15015,1921920,23520,0.5166666507720947,128,1000,0.03139209747314453,1920,17,4,500000,1000,,1001.0,0.6666666865348816,0.6135552525520325,0.6499999761581421,0.6287801265716553,4,1207614675,5,4
2001,1920,30015,3841920,23520,0.6499999761581421,128,2000,0.0352320671081543,1920,17,4,500000,1000,,2001.0,0.6682291626930237,0.6016736626625061,0.6354166865348816,0.619485080242157,9,1207614675,5,4
3001,1920,45015,5761920,23520,0.6354166865348816,128,3000,0.055943965911865234,1920,17,4,500000,1000,,3001.0,0.6776041388511658,0.596146821975708,0.643750011920929,0.6140897870063782,14,1207614675,5,4
4001,1920,60015,7681920,23520,0.643750011920929,128,4000,0.06633591651916504,1920,17,4,500000,1000,,4001.0,0.682812511920929,0.5934409499168396,0.6458333134651184,0.611487627029419,19,1207614675,5,4
5001,1920,75015,9601920,23520,0.6458333134651184,128,5000,0.07087492942810059,1920,17,4,500000,1000,,5001.0,0.684374988079071,0.5918750166893005,0.6583333611488342,0.6102972626686096,25,1207614675,5,4
6001,1920,90015,11521920,23520,0.6583333611488342,128,6000,0.07482409477233887,1920,17,4,500000,1000,,6001.0,0.6880208253860474,0.590804398059845,0.6541666388511658,0.6093706488609314,31,1207614675,5,4
7001,1920,105015,13441920,23520,0.6541666388511658,128,7000,0.07870340347290039,1920,17,4,500000,1000,,7001.0,0.6885416507720947,0.5900340676307678,0.6583333611488342,0.6088051199913025,36,1207614675,5,4
8001,1920,120015,15361920,23520,0.6583333611488342,128,8000,0.0844724178314209,1920,17,4,500000,1000,,8001.0,0.6890624761581421,0.5894443988800049,0.6583333611488342,0.6084625720977783,40,1207614675,5,4
9001,1920,135015,17281920,23520,0.6583333611488342,128,9000,0.08826327323913574,1920,17,4,500000,1000,,9001.0,0.6895833611488342,0.5889806151390076,0.65625,0.608553946018219,45,1207614675,5,4
10001,1920,150015,19201920,23520,0.65625,128,10000,0.09201502799987793,1920,17,4,500000,1000,,10001.0,0.6880208253860474,0.5886034369468689,0.65625,0.6081478595733643,49,1207614675,5,4
11001,1920,165015,21121920,23520,0.65625,128,11000,0.09589910507202148,1920,17,4,500000,1000,,11001.0,0.6885416507720947,0.5882943272590637,0.65625,0.6074970364570618,53,1207614675,5,4
12001,1920,180015,23041920,23520,0.65625,128,12000,0.09963417053222656,1920,17,4,500000,1000,,12001.0,0.6880208253860474,0.5880361199378967,0.6604166626930237,0.6075425744056702,57,1207614675,5,4
13001,1920,195015,24961920,23520,0.6604166626930237,128,13000,0.10341644287109375,1920,17,4,500000,1000,,13001.0,0.6875,0.5878125429153442,0.6583333611488342,0.6075718998908997,61,1207614675,5,4
14001,1920,210015,26881920,23520,0.6583333611488342,128,14000,0.10722064971923828,1920,17,4,500000,1000,,14001.0,0.6859375238418579,0.5876192450523376,0.6625000238418579,0.6073167324066162,65,1207614675,5,4
15001,1920,225015,28801920,23520,0.6625000238418579,128,15000,0.1110234260559082,1920,17,4,500000,1000,,15001.0,0.6869791746139526,0.5874508619308472,0.6583333611488342,0.6075731515884399,69,1207614675,5,4
16001,1920,240015,30721920,23520,0.6583333611488342,128,16000,0.11479949951171875,1920,17,4,500000,1000,,16001.0,0.6869791746139526,0.587306022644043,0.6604166626930237,0.6075772047042847,73,1207614675,5,4
17001,1920,255015,32641920,23520,0.6604166626930237,128,17000,0.11855864524841309,1920,17,4,500000,1000,,17001.0,0.6885416507720947,0.5871782898902893,0.65625,0.6071240901947021,77,1207614675,5,4
18001,1920,270015,34561920,23520,0.65625,128,18000,0.12241649627685547,1920,17,4,500000,1000,,18001.0,0.6854166388511658,0.5870525240898132,0.65625,0.607207715511322,81,1207614675,5,4
19001,1920,285015,36481920,23520,0.65625,128,19000,0.1261765956878662,1920,17,4,500000,1000,,19001.0,0.6875,0.5869391560554504,0.6583333611488342,0.607355535030365,85,1207614675,5,4
20001,1920,300015,38401920,23520,0.6583333611488342,128,20000,0.129990816116333,1920,17,4,500000,1000,,20001.0,0.6875,0.5868452191352844,0.6583333611488342,0.6072261333465576,90,1207614675,5,4
21001,1920,315015,40321920,23520,0.6583333611488342,128,21000,0.13376784324645996,1920,17,4,500000,1000,,21001.0,0.6859375238418579,0.5867509245872498,0.65625,0.6073706746101379,94,1207614675,5,4
22001,1920,330015,42241920,23520,0.65625,128,22000,0.13748764991760254,1920,17,4,500000,1000,,22001.0,0.6864583492279053,0.5866683721542358,0.6583333611488342,0.6072747111320496,98,1207614675,5,4
23001,1920,345015,44161920,23520,0.6583333611488342,128,23000,0.1482837200164795,1920,17,4,500000,1000,,23001.0,0.6864583492279053,0.5865954160690308,0.6604166626930237,0.6072877049446106,102,1207614675,5,4
24001,1920,360015,46081920,23520,0.6604166626930237,128,24000,0.15202999114990234,1920,17,4,500000,1000,,24001.0,0.6869791746139526,0.5865224003791809,0.65625,0.6071451306343079,106,1207614675,5,4
25001,1920,375015,48001920,23520,0.65625,128,25000,0.16232013702392578,1920,17,4,500000,1000,,25001.0,0.6854166388511658,0.5864601135253906,0.6583333611488342,0.6072157025337219,110,1207614675,5,4
26001,1920,390015,49921920,23520,0.6583333611488342,128,26000,0.16619324684143066,1920,17,4,500000,1000,,26001.0,0.6854166388511658,0.5863982439041138,0.6583333611488342,0.6074734330177307,115,1207614675,5,4
27001,1920,405015,51841920,23520,0.6583333611488342,128,27000,0.16997122764587402,1920,17,4,500000,1000,,27001.0,0.6859375238418579,0.5863415002822876,0.6604166626930237,0.6077329516410828,119,1207614675,5,4
28001,1920,420015,53761920,23520,0.6604166626930237,128,28000,0.1737823486328125,1920,17,4,500000,1000,,28001.0,0.6854166388511658,0.5862857699394226,0.6604166626930237,0.6072109341621399,123,1207614675,5,4
29001,1920,435015,55681920,23520,0.6604166626930237,128,29000,0.17783236503601074,1920,17,4,500000,1000,,29001.0,0.6875,0.5862369537353516,0.6583333611488342,0.6073325872421265,127,1207614675,5,4
30001,1920,450015,57601920,23520,0.6583333611488342,128,30000,0.18174457550048828,1920,17,4,500000,1000,,30001.0,0.6854166388511658,0.5861853361129761,0.6583333611488342,0.6074936985969543,131,1207614675,5,4
31001,1920,465015,59521920,23520,0.6583333611488342,128,31000,0.1855623722076416,1920,17,4,500000,1000,,31001.0,0.6848958134651184,0.5861400365829468,0.65625,0.6073839068412781,136,1207614675,5,4
32001,1920,480015,61441920,23520,0.65625,128,32000,0.18997430801391602,1920,17,4,500000,1000,,32001.0,0.6859375238418579,0.5860964059829712,0.65625,0.6074190139770508,140,1207614675,5,4
33001,1920,495015,63361920,23520,0.65625,128,33000,0.193711519241333,1920,17,4,500000,1000,,33001.0,0.6859375238418579,0.5860555768013,0.6520833373069763,0.6073302626609802,144,1207614675,5,4
34001,1920,510015,65281920,23520,0.6520833373069763,128,34000,0.19751548767089844,1920,17,4,500000,1000,,34001.0,0.6848958134651184,0.5860180258750916,0.6604166626930237,0.6074053049087524,148,1207614675,5,4
35001,1920,525015,67201920,23520,0.6604166626930237,128,35000,0.201310396194458,1920,17,4,500000,1000,,35001.0,0.6854166388511658,0.5859824419021606,0.6541666388511658,0.6073401570320129,152,1207614675,5,4
36001,1920,540015,69121920,23520,0.6541666388511658,128,36000,0.20508432388305664,1920,17,4,500000,1000,,36001.0,0.6864583492279053,0.5859489440917969,0.65625,0.6073309183120728,157,1207614675,5,4
37001,1920,555015,71041920,23520,0.65625,128,37000,0.2089993953704834,1920,17,4,500000,1000,,37001.0,0.6859375238418579,0.5859107971191406,0.65625,0.6075108647346497,161,1207614675,5,4
38001,1920,570015,72961920,23520,0.65625,128,38000,0.21307826042175293,1920,17,4,500000,1000,,38001.0,0.6869791746139526,0.5858805775642395,0.6499999761581421,0.607460081577301,165,1207614675,5,4
39001,1920,585015,74881920,23520,0.6499999761581421,128,39000,0.21683835983276367,1920,17,4,500000,1000,,39001.0,0.6854166388511658,0.5858473181724548,0.6583333611488342,0.6074368357658386,169,1207614675,5,4
40001,1920,600015,76801920,23520,0.6583333611488342,128,40000,0.22076940536499023,1920,17,4,500000,1000,,40001.0,0.6864583492279053,0.5858199596405029,0.6541666388511658,0.6072219014167786,173,1207614675,5,4
41001,1920,615015,78721920,23520,0.6541666388511658,128,41000,0.22467947006225586,1920,17,4,500000,1000,,41001.0,0.6869791746139526,0.585795521736145,0.6520833373069763,0.607283890247345,177,1207614675,5,4
42001,1920,630015,80641920,23520,0.6520833373069763,128,42000,0.22850561141967773,1920,17,4,500000,1000,,42001.0,0.6854166388511658,0.5857665538787842,0.6583333611488342,0.6074573397636414,181,1207614675,5,4
43001,1920,645015,82561920,23520,0.6583333611488342,128,43000,0.23334741592407227,1920,17,4,500000,1000,,43001.0,0.6848958134651184,0.5857377648353577,0.6583333611488342,0.6076375246047974,186,1207614675,5,4
44001,1920,660015,84481920,23520,0.6583333611488342,128,44000,0.23756623268127441,1920,17,4,500000,1000,,44001.0,0.6854166388511658,0.5857143998146057,0.6541666388511658,0.6073611974716187,190,1207614675,5,4
45001,1920,675015,86401920,23520,0.6541666388511658,128,45000,0.24138593673706055,1920,17,4,500000,1000,,45001.0,0.6854166388511658,0.5856883525848389,0.6520833373069763,0.6075156927108765,196,1207614675,5,4
46001,1920,690015,88321920,23520,0.6520833373069763,128,46000,0.24757099151611328,1920,17,4,500000,1000,,46001.0,0.6859375238418579,0.5856676697731018,0.65625,0.6074682474136353,200,1207614675,5,4
47001,1920,705015,90241920,23520,0.65625,128,47000,0.2515749931335449,1920,17,4,500000,1000,,47001.0,0.6848958134651184,0.585641086101532,0.6499999761581421,0.6074046492576599,204,1207614675,5,4
48001,1920,720015,92161920,23520,0.6499999761581421,128,48000,0.25536680221557617,1920,17,4,500000,1000,,48001.0,0.6848958134651184,0.5856203436851501,0.6541666388511658,0.6073200106620789,208,1207614675,5,4
49001,1920,735015,94081920,23520,0.6541666388511658,128,49000,0.2591400146484375,1920,17,4,500000,1000,,49001.0,0.6864583492279053,0.585601270198822,0.6520833373069763,0.6074671149253845,213,1207614675,5,4
50001,1920,750015,96001920,23520,0.6520833373069763,128,50000,0.26287412643432617,1920,17,4,500000,1000,,50001.0,0.6848958134651184,0.5855796933174133,0.6625000238418579,0.607463002204895,217,1207614675,5,4
51001,1920,765015,97921920,23520,0.6625000238418579,128,51000,0.2666943073272705,1920,17,4,500000,1000,,51001.0,0.6854166388511658,0.5855615735054016,0.65625,0.6077524423599243,221,1207614675,5,4
52001,1920,780015,99841920,23520,0.65625,128,52000,0.27050042152404785,1920,17,4,500000,1000,,52001.0,0.6854166388511658,0.5855445861816406,0.6541666388511658,0.6074901819229126,225,1207614675,5,4
53001,1920,795015,101761920,23520,0.6541666388511658,128,53000,0.2742652893066406,1920,17,4,500000,1000,,53001.0,0.6859375238418579,0.5855224132537842,0.6541666388511658,0.6077622175216675,229,1207614675,5,4
54001,1920,810015,103681920,23520,0.6541666388511658,128,54000,0.2781646251678467,1920,17,4,500000,1000,,54001.0,0.6859375238418579,0.5855063199996948,0.65625,0.6078348159790039,233,1207614675,5,4
55001,1920,825015,105601920,23520,0.65625,128,55000,0.2819855213165283,1920,17,4,500000,1000,,55001.0,0.6854166388511658,0.5854882001876831,0.6499999761581421,0.607501208782196,237,1207614675,5,4
56001,1920,840015,107521920,23520,0.6499999761581421,128,56000,0.2860074043273926,1920,17,4,500000,1000,,56001.0,0.6854166388511658,0.5854716897010803,0.6520833373069763,0.6075708270072937,241,1207614675,5,4
57001,1920,855015,109441920,23520,0.6520833373069763,128,57000,0.29041552543640137,1920,17,4,500000,1000,,57001.0,0.6848958134651184,0.5854539275169373,0.6541666388511658,0.6076801419258118,246,1207614675,5,4
58001,1920,870015,111361920,23520,0.6541666388511658,128,58000,0.29448437690734863,1920,17,4,500000,1000,,58001.0,0.6848958134651184,0.5854408740997314,0.6541666388511658,0.6075945496559143,250,1207614675,5,4
59001,1920,885015,113281920,23520,0.6541666388511658,128,59000,0.2983825206756592,1920,17,4,500000,1000,,59001.0,0.6864583492279053,0.5854259729385376,0.6520833373069763,0.608015239238739,254,1207614675,5,4
60001,1920,900015,115201920,23520,0.6520833373069763,128,60000,0.302492618560791,1920,17,4,500000,1000,,60001.0,0.6869791746139526,0.5854084491729736,0.6499999761581421,0.6079424023628235,258,1207614675,5,4
61001,1920,915015,117121920,23520,0.6499999761581421,128,61000,0.3063015937805176,1920,17,4,500000,1000,,61001.0,0.6859375238418579,0.5853930115699768,0.6541666388511658,0.6076698303222656,262,1207614675,5,4
62001,1920,930015,119041920,23520,0.6541666388511658,128,62000,0.31006765365600586,1920,17,4,500000,1000,,62001.0,0.6848958134651184,0.585383415222168,0.6541666388511658,0.6077542901039124,266,1207614675,5,4
63001,1920,945015,120961920,23520,0.6541666388511658,128,63000,0.3138866424560547,1920,17,4,500000,1000,,63001.0,0.6838541626930237,0.5853675007820129,0.65625,0.607525110244751,270,1207614675,5,4
64001,1920,960015,122881920,23520,0.65625,128,64000,0.3176555633544922,1920,17,4,500000,1000,,64001.0,0.684374988079071,0.5853531360626221,0.65625,0.6078349947929382,274,1207614675,5,4
65001,1920,975015,124801920,23520,0.65625,128,65000,0.32143139839172363,1920,17,4,500000,1000,,65001.0,0.6854166388511658,0.5853420495986938,0.6541666388511658,0.6077340841293335,278,1207614675,5,4
66001,1920,990015,126721920,23520,0.6541666388511658,128,66000,0.3253185749053955,1920,17,4,500000,1000,,66001.0,0.6848958134651184,0.5853301286697388,0.6583333611488342,0.6074031591415405,282,1207614675,5,4
67001,1920,1005015,128641920,23520,0.6583333611488342,128,67000,0.3290998935699463,1920,17,4,500000,1000,,67001.0,0.6859375238418579,0.5853168368339539,0.6541666388511658,0.6075029373168945,286,1207614675,5,4
68001,1920,1020015,130561920,23520,0.6541666388511658,128,68000,0.334597110748291,1920,17,4,500000,1000,,68001.0,0.6833333373069763,0.5853061676025391,0.65625,0.6077108383178711,290,1207614675,5,4
69001,1920,1035015,132481920,23520,0.65625,128,69000,0.3385131359100342,1920,17,4,500000,1000,,69001.0,0.6854166388511658,0.5852917432785034,0.6520833373069763,0.6079065203666687,294,1207614675,5,4
70001,1920,1050015,134401920,23520,0.6520833373069763,128,70000,0.3423483371734619,1920,17,4,500000,1000,,70001.0,0.6859375238418579,0.5852792263031006,0.6541666388511658,0.6079027056694031,298,1207614675,5,4
71001,1920,1065015,136321920,23520,0.6541666388511658,128,71000,0.34632229804992676,1920,17,4,500000,1000,,71001.0,0.6848958134651184,0.5852705240249634,0.6541666388511658,0.6076691746711731,303,1207614675,5,4
72001,1920,1080015,138241920,23520,0.6541666388511658,128,72000,0.3500533103942871,1920,17,4,500000,1000,,72001.0,0.6838541626930237,0.5852574706077576,0.6499999761581421,0.6078203320503235,307,1207614675,5,4
73001,1920,1095015,140161920,23520,0.6499999761581421,128,73000,0.35382843017578125,1920,17,4,500000,1000,,73001.0,0.6848958134651184,0.5852442979812622,0.65625,0.6079424619674683,311,1207614675,5,4
74001,1920,1110015,142081920,23520,0.65625,128,74000,0.3590991497039795,1920,17,4,500000,1000,,74001.0,0.6848958134651184,0.5852336883544922,0.6520833373069763,0.6080154180526733,315,1207614675,5,4
75001,1920,1125015,144001920,23520,0.6520833373069763,128,75000,0.36423635482788086,1920,17,4,500000,1000,,75001.0,0.6854166388511658,0.5852242112159729,0.6520833373069763,0.6077919006347656,319,1207614675,5,4
76001,1920,1140015,145921920,23520,0.6520833373069763,128,76000,0.3679993152618408,1920,17,4,500000,1000,,76001.0,0.6859375238418579,0.5852163434028625,0.6541666388511658,0.6080083250999451,323,1207614675,5,4
77001,1920,1155015,147841920,23520,0.6541666388511658,128,77000,0.3719363212585449,1920,17,4,500000,1000,,77001.0,0.6848958134651184,0.585207998752594,0.6541666388511658,0.6079815030097961,327,1207614675,5,4
78001,1920,1170015,149761920,23520,0.6541666388511658,128,78000,0.3757030963897705,1920,17,4,500000,1000,,78001.0,0.6822916865348816,0.5851960778236389,0.65625,0.6077510118484497,332,1207614675,5,4
79001,1920,1185015,151681920,23520,0.65625,128,79000,0.3828432559967041,1920,17,4,500000,1000,,79001.0,0.6838541626930237,0.5851871967315674,0.6541666388511658,0.607848048210144,336,1207614675,5,4
80001,1920,1200015,153601920,23520,0.6541666388511658,128,80000,0.39028024673461914,1920,17,4,500000,1000,,80001.0,0.684374988079071,0.5851815342903137,0.6583333611488342,0.6076985597610474,340,1207614675,5,4
81001,1920,1215015,155521920,23520,0.6583333611488342,128,81000,0.3941473960876465,1920,17,4,500000,1000,,81001.0,0.684374988079071,0.5851678252220154,0.65625,0.607681155204773,344,1207614675,5,4
82001,1920,1230015,157441920,23520,0.65625,128,82000,0.39791035652160645,1920,17,4,500000,1000,,82001.0,0.6848958134651184,0.5851614475250244,0.6541666388511658,0.6079230904579163,348,1207614675,5,4
83001,1920,1245015,159361920,23520,0.6541666388511658,128,83000,0.40181732177734375,1920,17,4,500000,1000,,83001.0,0.6848958134651184,0.5851499438285828,0.6499999761581421,0.6081278920173645,353,1207614675,5,4
84001,1920,1260015,161281920,23520,0.6499999761581421,128,84000,0.40561342239379883,1920,17,4,500000,1000,,84001.0,0.6838541626930237,0.5851437449455261,0.6541666388511658,0.6081542372703552,358,1207614675,5,4
85001,1920,1275015,163201920,23520,0.6541666388511658,128,85000,0.40943455696105957,1920,17,4,500000,1000,,85001.0,0.6838541626930237,0.5851391553878784,0.65625,0.6077505946159363,363,1207614675,5,4
86001,1920,1290015,165121920,23520,0.65625,128,86000,0.413196325302124,1920,17,4,500000,1000,,86001.0,0.6859375238418579,0.5851290225982666,0.6541666388511658,0.6079521775245667,367,1207614675,5,4
87001,1920,1305015,167041920,23520,0.6541666388511658,128,87000,0.4169962406158447,1920,17,4,500000,1000,,87001.0,0.6848958134651184,0.5851192474365234,0.65625,0.6078593730926514,371,1207614675,5,4
88001,1920,1320015,168961920,23520,0.65625,128,88000,0.42096424102783203,1920,17,4,500000,1000,,88001.0,0.6848958134651184,0.5851110219955444,0.65625,0.6079620122909546,375,1207614675,5,4
89001,1920,1335015,170881920,23520,0.65625,128,89000,0.42488718032836914,1920,17,4,500000,1000,,89001.0,0.684374988079071,0.5851016640663147,0.6520833373069763,0.6078206896781921,380,1207614675,5,4
90001,1920,1350015,172801920,23520,0.6520833373069763,128,90000,0.4286952018737793,1920,17,4,500000,1000,,90001.0,0.6833333373069763,0.5850909948348999,0.6520833373069763,0.6079909801483154,384,1207614675,5,4
91001,1920,1365015,174721920,23520,0.6520833373069763,128,91000,0.4325432777404785,1920,17,4,500000,1000,,91001.0,0.6869791746139526,0.5850862860679626,0.6520833373069763,0.6078149676322937,388,1207614675,5,4
92001,1920,1380015,176641920,23520,0.6520833373069763,128,92000,0.4366142749786377,1920,17,4,500000,1000,,92001.0,0.6838541626930237,0.5850805640220642,0.6541666388511658,0.607812225818634,397,1207614675,5,4
93001,1920,1395015,178561920,23520,0.6541666388511658,128,93000,0.44063544273376465,1920,17,4,500000,1000,,93001.0,0.6848958134651184,0.5850706696510315,0.6541666388511658,0.6079833507537842,441,1207614675,5,4
94001,1920,1410015,180481920,23520,0.6541666388511658,128,94000,0.44681334495544434,1920,17,4,500000,1000,,94001.0,0.6854166388511658,0.5850650072097778,0.65625,0.6077988743782043,454,1207614675,5,4
95001,1920,1425015,182401920,23520,0.65625,128,95000,0.451005220413208,1920,17,4,500000,1000,,95001.0,0.684374988079071,0.5850573182106018,0.6541666388511658,0.6079074740409851,459,1207614675,5,4
96001,1920,1440015,184321920,23520,0.6541666388511658,128,96000,0.4549102783203125,1920,17,4,500000,1000,,96001.0,0.684374988079071,0.5850507020950317,0.6541666388511658,0.6079968214035034,463,1207614675,5,4
97001,1920,1455015,186241920,23520,0.6541666388511658,128,97000,0.45913052558898926,1920,17,4,500000,1000,,97001.0,0.6838541626930237,0.5850446820259094,0.6520833373069763,0.6079087853431702,467,1207614675,5,4
98001,1920,1470015,188161920,23520,0.6520833373069763,128,98000,0.46343469619750977,1920,17,4,500000,1000,,98001.0,0.6848958134651184,0.5850372314453125,0.6541666388511658,0.6078320741653442,471,1207614675,5,4
99001,1920,1485015,190081920,23520,0.6541666388511658,128,99000,0.46786952018737793,1920,17,4,500000,1000,,99001.0,0.6859375238418579,0.5850291848182678,0.6520833373069763,0.6079676151275635,476,1207614675,5,4
100001,1920,1500015,192001920,23520,0.6520833373069763,128,100000,0.4721343517303467,1920,17,4,500000,1000,,100001.0,0.684374988079071,0.5850232243537903,0.6520833373069763,0.6078003644943237,480,1207614675,5,4
101001,1920,1515015,193921920,23520,0.6520833373069763,128,101000,0.4763195514678955,1920,17,4,500000,1000,,101001.0,0.6833333373069763,0.585018515586853,0.6541666388511658,0.607700526714325,484,1207614675,5,4
102001,1920,1530015,195841920,23520,0.6541666388511658,128,102000,0.48099422454833984,1920,17,4,500000,1000,,102001.0,0.6854166388511658,0.5850162506103516,0.6541666388511658,0.6076763868331909,488,1207614675,5,4
103001,1920,1545015,197761920,23520,0.6541666388511658,128,103000,0.4848933219909668,1920,17,4,500000,1000,,103001.0,0.684374988079071,0.5850067138671875,0.6520833373069763,0.6077242493629456,492,1207614675,5,4
104001,1920,1560015,199681920,23520,0.6520833373069763,128,104000,0.48929405212402344,1920,17,4,500000,1000,,104001.0,0.6833333373069763,0.5850036144256592,0.65625,0.6076586842536926,497,1207614675,5,4
105001,1920,1575015,201601920,23520,0.65625,128,105000,0.49362826347351074,1920,17,4,500000,1000,,105001.0,0.6833333373069763,0.5849966406822205,0.6541666388511658,0.607778787612915,501,1207614675,5,4
106001,1920,1590015,203521920,23520,0.6541666388511658,128,106000,0.4975762367248535,1920,17,4,500000,1000,,106001.0,0.684374988079071,0.5849922895431519,0.6625000238418579,0.6076650023460388,505,1207614675,5,4
107001,1920,1605015,205441920,23520,0.6625000238418579,128,107000,0.5049450397491455,1920,17,4,500000,1000,,107001.0,0.6854166388511658,0.584984540939331,0.6583333611488342,0.6080154776573181,509,1207614675,5,4
108001,1920,1620015,207361920,23520,0.6583333611488342,128,108000,0.5090970993041992,1920,17,4,500000,1000,,108001.0,0.6859375238418579,0.5849772691726685,0.6541666388511658,0.6081166863441467,513,1207614675,5,4
109001,1920,1635015,209281920,23520,0.6541666388511658,128,109000,0.5138640403747559,1920,17,4,500000,1000,,109001.0,0.6854166388511658,0.5849704742431641,0.6520833373069763,0.6078950762748718,517,1207614675,5,4
110001,1920,1650015,211201920,23520,0.6520833373069763,128,110000,0.5182991027832031,1920,17,4,500000,1000,,110001.0,0.684374988079071,0.5849646925926208,0.6541666388511658,0.6079238653182983,522,1207614675,5,4
111001,1920,1665015,213121920,23520,0.6541666388511658,128,111000,0.5221707820892334,1920,17,4,500000,1000,,111001.0,0.6833333373069763,0.5849628448486328,0.6541666388511658,0.60786372423172,526,1207614675,5,4
112001,1920,1680015,215041920,23520,0.6541666388511658,128,112000,0.5261688232421875,1920,17,4,500000,1000,,112001.0,0.6838541626930237,0.5849601030349731,0.6520833373069763,0.6076633334159851,530,1207614675,5,4
113001,1920,1695015,216961920,23520,0.6520833373069763,128,113000,0.5303378105163574,1920,17,4,500000,1000,,113001.0,0.6833333373069763,0.584953248500824,0.6541666388511658,0.6079942584037781,534,1207614675,5,4
114001,1920,1710015,218881920,23520,0.6541666388511658,128,114000,0.5345547199249268,1920,17,4,500000,1000,,114001.0,0.6838541626930237,0.584946870803833,0.6541666388511658,0.6078557968139648,538,1207614675,5,4
115001,1920,1725015,220801920,23520,0.6541666388511658,128,115000,0.5387649536132812,1920,17,4,500000,1000,,115001.0,0.684374988079071,0.584939181804657,0.6520833373069763,0.607905387878418,542,1207614675,5,4
116001,1920,1740015,222721920,23520,0.6520833373069763,128,116000,0.5425510406494141,1920,17,4,500000,1000,,116001.0,0.6848958134651184,0.5849315524101257,0.6541666388511658,0.6080905795097351,546,1207614675,5,4
117001,1920,1755015,224641920,23520,0.6541666388511658,128,117000,0.5466618537902832,1920,17,4,500000,1000,,117001.0,0.6848958134651184,0.5849302411079407,0.6520833373069763,0.6081262826919556,551,1207614675,5,4
118001,1920,1770015,226561920,23520,0.6520833373069763,128,118000,0.5511617660522461,1920,17,4,500000,1000,,118001.0,0.6833333373069763,0.5849265456199646,0.6541666388511658,0.6077795028686523,555,1207614675,5,4
119001,1920,1785015,228481920,23520,0.6541666388511658,128,119000,0.5555267333984375,1920,17,4,500000,1000,,119001.0,0.6854166388511658,0.5849215984344482,0.6520833373069763,0.6077314019203186,559,1207614675,5,4
120001,1920,1800015,230401920,23520,0.6520833373069763,128,120000,0.5601716041564941,1920,17,4,500000,1000,,120001.0,0.6838541626930237,0.5849127173423767,0.6583333611488342,0.6077684164047241,563,1207614675,5,4
121001,1920,1815015,232321920,23520,0.6583333611488342,128,121000,0.5647704601287842,1920,17,4,500000,1000,,121001.0,0.6854166388511658,0.5849124193191528,0.6541666388511658,0.6078587770462036,568,1207614675,5,4
122001,1920,1830015,234241920,23520,0.6541666388511658,128,122000,0.5686342716217041,1920,17,4,500000,1000,,122001.0,0.6833333373069763,0.584909200668335,0.6541666388511658,0.6077438592910767,572,1207614675,5,4
123001,1920,1845015,236161920,23520,0.6541666388511658,128,123000,0.5724716186523438,1920,17,4,500000,1000,,123001.0,0.6854166388511658,0.584908664226532,0.6541666388511658,0.6076133847236633,576,1207614675,5,4
124001,1920,1860015,238081920,23520,0.6541666388511658,128,124000,0.576432466506958,1920,17,4,500000,1000,,124001.0,0.6854166388511658,0.5848988890647888,0.65625,0.6076889038085938,580,1207614675,5,4
125001,1920,1875015,240001920,23520,0.65625,128,125000,0.5805985927581787,1920,17,4,500000,1000,,125001.0,0.6833333373069763,0.5848934650421143,0.65625,0.6078544855117798,584,1207614675,5,4
126001,1920,1890015,241921920,23520,0.65625,128,126000,0.5844545364379883,1920,17,4,500000,1000,,126001.0,0.6848958134651184,0.5848895311355591,0.6520833373069763,0.6077672243118286,588,1207614675,5,4
127001,1920,1905015,243841920,23520,0.6520833373069763,128,127000,0.5887625217437744,1920,17,4,500000,1000,,127001.0,0.6854166388511658,0.5848844647407532,0.6541666388511658,0.6079569458961487,592,1207614675,5,4
128001,1920,1920015,245761920,23520,0.6541666388511658,128,128000,0.5929875373840332,1920,17,4,500000,1000,,128001.0,0.6833333373069763,0.5848777890205383,0.6520833373069763,0.608047366142273,596,1207614675,5,4
129001,1920,1935015,247681920,23520,0.6520833373069763,128,129000,0.5969297885894775,1920,17,4,500000,1000,,129001.0,0.6848958134651184,0.5848745107650757,0.65625,0.6080456376075745,601,1207614675,5,4
130001,1920,1950015,249601920,23520,0.65625,128,130000,0.6011447906494141,1920,17,4,500000,1000,,130001.0,0.6822916865348816,0.5848733186721802,0.65625,0.607782244682312,605,1207614675,5,4
131001,1920,1965015,251521920,23520,0.65625,128,131000,0.6051218509674072,1920,17,4,500000,1000,,131001.0,0.6838541626930237,0.5848667025566101,0.6541666388511658,0.6076205968856812,609,1207614675,5,4
132001,1920,1980015,253441920,23520,0.6541666388511658,128,132000,0.6089797019958496,1920,17,4,500000,1000,,132001.0,0.6838541626930237,0.5848625302314758,0.6541666388511658,0.6078805923461914,613,1207614675,5,4
133001,1920,1995015,255361920,23520,0.6541666388511658,128,133000,0.6128048896789551,1920,17,4,500000,1000,,133001.0,0.6838541626930237,0.5848628282546997,0.6520833373069763,0.6077314615249634,617,1207614675,5,4
134001,1920,2010015,257281920,23520,0.6520833373069763,128,134000,0.6171998977661133,1920,17,4,500000,1000,,134001.0,0.6859375238418579,0.5848562717437744,0.6499999761581421,0.6080802083015442,621,1207614675,5,4
135001,1920,2025015,259201920,23520,0.6499999761581421,128,135000,0.6210651397705078,1920,17,4,500000,1000,,135001.0,0.6848958134651184,0.5848550200462341,0.6520833373069763,0.6078974604606628,625,1207614675,5,4
136001,1920,2040015,261121920,23520,0.6520833373069763,128,136000,0.6248562335968018,1920,17,4,500000,1000,,136001.0,0.684374988079071,0.5848481059074402,0.6541666388511658,0.6079809665679932,629,1207614675,5,4
137001,1920,2055015,263041920,23520,0.6541666388511658,128,137000,0.6288151741027832,1920,17,4,500000,1000,,137001.0,0.6838541626930237,0.5848451852798462,0.6520833373069763,0.6079849004745483,633,1207614675,5,4
138001,1920,2070015,264961920,23520,0.6520833373069763,128,138000,0.6327192783355713,1920,17,4,500000,1000,,138001.0,0.6833333373069763,0.5848453044891357,0.6541666388511658,0.6078568696975708,637,1207614675,5,4
139001,1920,2085015,266881920,23520,0.6541666388511658,128,139000,0.6365461349487305,1920,17,4,500000,1000,,139001.0,0.684374988079071,0.5848403573036194,0.6541666388511658,0.6080329418182373,641,1207614675,5,4
140001,1920,2100015,268801920,23520,0.6541666388511658,128,140000,0.6407439708709717,1920,17,4,500000,1000,,140001.0,0.6838541626930237,0.5848308205604553,0.6541666388511658,0.6080669164657593,645,1207614675,5,4
141001,1920,2115015,270721920,23520,0.6541666388511658,128,141000,0.6446287631988525,1920,17,4,500000,1000,,141001.0,0.684374988079071,0.5848286747932434,0.6520833373069763,0.6081328988075256,649,1207614675,5,4
142001,1920,2130015,272641920,23520,0.6520833373069763,128,142000,0.649338960647583,1920,17,4,500000,1000,,142001.0,0.684374988079071,0.584823489189148,0.65625,0.608138918876648,653,1207614675,5,4
143001,1920,2145015,274561920,23520,0.65625,128,143000,0.6540720462799072,1920,17,4,500000,1000,,143001.0,0.6854166388511658,0.5848233699798584,0.65625,0.6081562042236328,657,1207614675,5,4
144001,1920,2160015,276481920,23520,0.65625,128,144000,0.6584432125091553,1920,17,4,500000,1000,,144001.0,0.6854166388511658,0.5848178863525391,0.6583333611488342,0.608148992061615,662,1207614675,5,4
145001,1920,2175015,278401920,23520,0.6583333611488342,128,145000,0.6622631549835205,1920,17,4,500000,1000,,145001.0,0.684374988079071,0.5848169922828674,0.6541666388511658,0.6082125306129456,666,1207614675,5,4
146001,1920,2190015,280321920,23520,0.6541666388511658,128,146000,0.6661312580108643,1920,17,4,500000,1000,,146001.0,0.6864583492279053,0.5848167538642883,0.6520833373069763,0.6079660058021545,670,1207614675,5,4
147001,1920,2205015,282241920,23520,0.6520833373069763,128,147000,0.6701083183288574,1920,17,4,500000,1000,,147001.0,0.684374988079071,0.5848096013069153,0.6541666388511658,0.6078475713729858,674,1207614675,5,4
148001,1920,2220015,284161920,23520,0.6541666388511658,128,148000,0.6740803718566895,1920,17,4,500000,1000,,148001.0,0.6869791746139526,0.5848104953765869,0.65625,0.6081966757774353,678,1207614675,5,4
149001,1920,2235015,286081920,23520,0.65625,128,149000,0.6785662174224854,1920,17,4,500000,1000,,149001.0,0.6864583492279053,0.5848038792610168,0.6541666388511658,0.6080465912818909,682,1207614675,5,4
150001,1920,2250015,288001920,23520,0.6541666388511658,128,150000,0.682420015335083,1920,17,4,500000,1000,,150001.0,0.6848958134651184,0.5847999453544617,0.6520833373069763,0.6081361174583435,686,1207614675,5,4
151001,1920,2265015,289921920,23520,0.6520833373069763,128,151000,0.6863441467285156,1920,17,4,500000,1000,,151001.0,0.6838541626930237,0.584793746471405,0.65625,0.6081536412239075,690,1207614675,5,4
152001,1920,2280015,291841920,23520,0.65625,128,152000,0.6905372142791748,1920,17,4,500000,1000,,152001.0,0.6848958134651184,0.584790050983429,0.6520833373069763,0.6080750823020935,694,1207614675,5,4
153001,1920,2295015,293761920,23520,0.6520833373069763,128,153000,0.6943700313568115,1920,17,4,500000,1000,,153001.0,0.6848958134651184,0.5847868323326111,0.65625,0.6079761385917664,698,1207614675,5,4
154001,1920,2310015,295681920,23520,0.65625,128,154000,0.6985740661621094,1920,17,4,500000,1000,,154001.0,0.684374988079071,0.5847845673561096,0.65625,0.6080216765403748,702,1207614675,5,4
155001,1920,2325015,297601920,23520,0.65625,128,155000,0.703179121017456,1920,17,4,500000,1000,,155001.0,0.684374988079071,0.5847812294960022,0.6541666388511658,0.6080284714698792,707,1207614675,5,4
156001,1920,2340015,299521920,23520,0.6541666388511658,128,156000,0.7069880962371826,1920,17,4,500000,1000,,156001.0,0.6854166388511658,0.5847782492637634,0.6541666388511658,0.6078706383705139,711,1207614675,5,4
157001,1920,2355015,301441920,23520,0.6541666388511658,128,157000,0.7108292579650879,1920,17,4,500000,1000,,157001.0,0.6854166388511658,0.5847741961479187,0.65625,0.6080300807952881,715,1207614675,5,4
158001,1920,2370015,303361920,23520,0.65625,128,158000,0.7155122756958008,1920,17,4,500000,1000,,158001.0,0.6854166388511658,0.5847747325897217,0.6583333611488342,0.6077629327774048,719,1207614675,5,4
159001,1920,2385015,305281920,23520,0.6583333611488342,128,159000,0.7194585800170898,1920,17,4,500000,1000,,159001.0,0.6833333373069763,0.5847684144973755,0.6520833373069763,0.608050525188446,723,1207614675,5,4
160001,1920,2400015,307201920,23520,0.6520833373069763,128,160000,0.7238106727600098,1920,17,4,500000,1000,,160001.0,0.6838541626930237,0.5847684144973755,0.6541666388511658,0.6078115701675415,728,1207614675,5,4
161001,1920,2415015,309121920,23520,0.6541666388511658,128,161000,0.7278425693511963,1920,17,4,500000,1000,,161001.0,0.6838541626930237,0.584765613079071,0.6541666388511658,0.6078424453735352,732,1207614675,5,4
162001,1920,2430015,311041920,23520,0.6541666388511658,128,162000,0.731581449508667,1920,17,4,500000,1000,,162001.0,0.6838541626930237,0.5847627520561218,0.65625,0.6079431176185608,736,1207614675,5,4
163001,1920,2445015,312961920,23520,0.65625,128,163000,0.7356023788452148,1920,17,4,500000,1000,,163001.0,0.6838541626930237,0.5847585201263428,0.6541666388511658,0.6079002618789673,740,1207614675,5,4
164001,1920,2460015,314881920,23520,0.6541666388511658,128,164000,0.7394213676452637,1920,17,4,500000,1000,,164001.0,0.6838541626930237,0.5847548246383667,0.65625,0.6080601811408997,744,1207614675,5,4
165001,1920,2475015,316801920,23520,0.65625,128,165000,0.7432973384857178,1920,17,4,500000,1000,,165001.0,0.6833333373069763,0.584753692150116,0.6541666388511658,0.6078563928604126,748,1207614675,5,4
166001,1920,2490015,318721920,23520,0.6541666388511658,128,166000,0.7476911544799805,1920,17,4,500000,1000,,166001.0,0.684374988079071,0.5847494602203369,0.6520833373069763,0.6079174876213074,752,1207614675,5,4
167001,1920,2505015,320641920,23520,0.6520833373069763,128,167000,0.7517750263214111,1920,17,4,500000,1000,,167001.0,0.6854166388511658,0.5847504734992981,0.6520833373069763,0.608156144618988,756,1207614675,5,4
168001,1920,2520015,322561920,23520,0.6520833373069763,128,168000,0.7568168640136719,1920,17,4,500000,1000,,168001.0,0.6838541626930237,0.5847465395927429,0.6520833373069763,0.6081297397613525,760,1207614675,5,4
169001,1920,2535015,324481920,23520,0.6520833373069763,128,169000,0.7612528800964355,1920,17,4,500000,1000,,169001.0,0.6838541626930237,0.584741473197937,0.6541666388511658,0.607994794845581,764,1207614675,5,4
170001,1920,2550015,326401920,23520,0.6541666388511658,128,170000,0.765078067779541,1920,17,4,500000,1000,,170001.0,0.682812511920929,0.5847374200820923,0.6520833373069763,0.6082092523574829,768,1207614675,5,4
171001,1920,2565015,328321920,23520,0.6520833373069763,128,171000,0.7690329551696777,1920,17,4,500000,1000,,171001.0,0.6838541626930237,0.5847362875938416,0.6541666388511658,0.6078994870185852,772,1207614675,5,4
172001,1920,2580015,330241920,23520,0.6541666388511658,128,172000,0.7729029655456543,1920,17,4,500000,1000,,172001.0,0.6838541626930237,0.5847320556640625,0.6520833373069763,0.6081556081771851,777,1207614675,5,4
173001,1920,2595015,332161920,23520,0.6520833373069763,128,173000,0.77699875831604,1920,17,4,500000,1000,,173001.0,0.6838541626930237,0.584730327129364,0.65625,0.6078831553459167,781,1207614675,5,4
174001,1920,2610015,334081920,23520,0.65625,128,174000,0.781174898147583,1920,17,4,500000,1000,,174001.0,0.6838541626930237,0.5847256779670715,0.6541666388511658,0.6080095171928406,785,1207614675,5,4
175001,1920,2625015,336001920,23520,0.6541666388511658,128,175000,0.7853708267211914,1920,17,4,500000,1000,,175001.0,0.6838541626930237,0.5847226977348328,0.6541666388511658,0.6080561280250549,790,1207614675,5,4
176001,1920,2640015,337921920,23520,0.6541666388511658,128,176000,0.7896389961242676,1920,17,4,500000,1000,,176001.0,0.6838541626930237,0.5847212076187134,0.6541666388511658,0.6078149080276489,794,1207614675,5,4
177001,1920,2655015,339841920,23520,0.6541666388511658,128,177000,0.7936320304870605,1920,17,4,500000,1000,,177001.0,0.6838541626930237,0.5847195386886597,0.6541666388511658,0.6079405546188354,798,1207614675,5,4
178001,1920,2670015,341761920,23520,0.6541666388511658,128,178000,0.7978582382202148,1920,17,4,500000,1000,,178001.0,0.6838541626930237,0.5847193002700806,0.6520833373069763,0.6077774167060852,802,1207614675,5,4
179001,1920,2685015,343681920,23520,0.6520833373069763,128,179000,0.8018412590026855,1920,17,4,500000,1000,,179001.0,0.6838541626930237,0.5847169160842896,0.6520833373069763,0.6079720258712769,807,1207614675,5,4
180001,1920,2700015,345601920,23520,0.6520833373069763,128,180000,0.8058452606201172,1920,17,4,500000,1000,,180001.0,0.6833333373069763,0.5847128629684448,0.6541666388511658,0.607947587966919,811,1207614675,5,4
181001,1920,2715015,347521920,23520,0.6541666388511658,128,181000,0.8100519180297852,1920,17,4,500000,1000,,181001.0,0.6822916865348816,0.5847137570381165,0.65625,0.60770583152771,815,1207614675,5,4
182001,1920,2730015,349441920,23520,0.65625,128,182000,0.8140091896057129,1920,17,4,500000,1000,,182001.0,0.6854166388511658,0.5847101807594299,0.65625,0.6079998016357422,820,1207614675,5,4
183001,1920,2745015,351361920,23520,0.65625,128,183000,0.8179173469543457,1920,17,4,500000,1000,,183001.0,0.682812511920929,0.5847063064575195,0.65625,0.6081915497779846,824,1207614675,5,4
184001,1920,2760015,353281920,23520,0.65625,128,184000,0.8221733570098877,1920,17,4,500000,1000,,184001.0,0.682812511920929,0.5847007632255554,0.6520833373069763,0.6081224083900452,828,1207614675,5,4
185001,1920,2775015,355201920,23520,0.6520833373069763,128,185000,0.8263463973999023,1920,17,4,500000,1000,,185001.0,0.6838541626930237,0.5847011208534241,0.6520833373069763,0.6081945300102234,832,1207614675,5,4
186001,1920,2790015,357121920,23520,0.6520833373069763,128,186000,0.830573320388794,1920,17,4,500000,1000,,186001.0,0.6838541626930237,0.5847014784812927,0.6520833373069763,0.6080226898193359,836,1207614675,5,4
187001,1920,2805015,359041920,23520,0.6520833373069763,128,187000,0.8349442481994629,1920,17,4,500000,1000,,187001.0,0.6833333373069763,0.584695041179657,0.65625,0.6078359484672546,841,1207614675,5,4
188001,1920,2820015,360961920,23520,0.65625,128,188000,0.8401961326599121,1920,17,4,500000,1000,,188001.0,0.682812511920929,0.5846935510635376,0.65625,0.6080816984176636,845,1207614675,5,4
189001,1920,2835015,362881920,23520,0.65625,128,189000,0.844029426574707,1920,17,4,500000,1000,,189001.0,0.682812511920929,0.5846909880638123,0.6541666388511658,0.6080827116966248,849,1207614675,5,4
190001,1920,2850015,364801920,23520,0.6541666388511658,128,190000,0.8484392166137695,1920,17,4,500000,1000,,190001.0,0.6838541626930237,0.5846880078315735,0.6541666388511658,0.6081063747406006,853,1207614675,5,4
191001,1920,2865015,366721920,23520,0.6541666388511658,128,191000,0.8525981903076172,1920,17,4,500000,1000,,191001.0,0.684374988079071,0.5846853256225586,0.6583333611488342,0.6081924438476562,857,1207614675,5,4
192001,1920,2880015,368641920,23520,0.6583333611488342,128,192000,0.8575272560119629,1920,17,4,500000,1000,,192001.0,0.6833333373069763,0.5846836566925049,0.65625,0.6080281734466553,862,1207614675,5,4
193001,1920,2895015,370561920,23520,0.65625,128,193000,0.8624312877655029,1920,17,4,500000,1000,,193001.0,0.6822916865348816,0.5846805572509766,0.6541666388511658,0.608095109462738,866,1207614675,5,4
194001,1920,2910015,372481920,23520,0.6541666388511658,128,194000,0.8663070201873779,1920,17,4,500000,1000,,194001.0,0.6833333373069763,0.584680438041687,0.6541666388511658,0.6081300973892212,870,1207614675,5,4
195001,1920,2925015,374401920,23520,0.6541666388511658,128,195000,0.870276689529419,1920,17,4,500000,1000,,195001.0,0.6833333373069763,0.5846771597862244,0.6541666388511658,0.6083120703697205,874,1207614675,5,4
196001,1920,2940015,376321920,23520,0.6541666388511658,128,196000,0.8744969367980957,1920,17,4,500000,1000,,196001.0,0.6838541626930237,0.584675133228302,0.65625,0.6083757281303406,878,1207614675,5,4
197001,1920,2955015,378241920,23520,0.65625,128,197000,0.8790087699890137,1920,17,4,500000,1000,,197001.0,0.6838541626930237,0.5846716165542603,0.6520833373069763,0.6082139611244202,882,1207614675,5,4
198001,1920,2970015,380161920,23520,0.6520833373069763,128,198000,0.8829107284545898,1920,17,4,500000,1000,,198001.0,0.6838541626930237,0.584667444229126,0.6541666388511658,0.6082322001457214,887,1207614675,5,4
199001,1920,2985015,382081920,23520,0.6541666388511658,128,199000,0.8869585990905762,1920,17,4,500000,1000,,199001.0,0.6833333373069763,0.5846682190895081,0.6541666388511658,0.6083806157112122,891,1207614675,5,4
200001,1920,3000015,384001920,23520,0.6541666388511658,128,200000,0.8914794921875,1920,17,4,500000,1000,,200001.0,0.6838541626930237,0.5846664905548096,0.6541666388511658,0.6081826686859131,895,1207614675,5,4
201001,1920,3015015,385921920,23520,0.6541666388511658,128,201000,0.8955204486846924,1920,17,4,500000,1000,,201001.0,0.682812511920929,0.5846607685089111,0.6520833373069763,0.608170211315155,900,1207614675,5,4
202001,1920,3030015,387841920,23520,0.6520833373069763,128,202000,0.9004402160644531,1920,17,4,500000,1000,,202001.0,0.6854166388511658,0.5846613049507141,0.6541666388511658,0.6081410050392151,904,1207614675,5,4
203001,1920,3045015,389761920,23520,0.6541666388511658,128,203000,0.9048142433166504,1920,17,4,500000,1000,,203001.0,0.6838541626930237,0.5846594572067261,0.65625,0.6081302165985107,909,1207614675,5,4
204001,1920,3060015,391681920,23520,0.65625,128,204000,0.9095332622528076,1920,17,4,500000,1000,,204001.0,0.6838541626930237,0.5846589803695679,0.6541666388511658,0.6080705523490906,913,1207614675,5,4
205001,1920,3075015,393601920,23520,0.6541666388511658,128,205000,0.9138543605804443,1920,17,4,500000,1000,,205001.0,0.6838541626930237,0.5846595764160156,0.6541666388511658,0.607955276966095,917,1207614675,5,4
206001,1920,3090015,395521920,23520,0.6541666388511658,128,206000,0.9180152416229248,1920,17,4,500000,1000,,206001.0,0.6848958134651184,0.5846586227416992,0.65625,0.6080782413482666,922,1207614675,5,4
207001,1920,3105015,397441920,23520,0.65625,128,207000,0.9222261905670166,1920,17,4,500000,1000,,207001.0,0.684374988079071,0.5846548080444336,0.65625,0.6079040765762329,926,1207614675,5,4
208001,1920,3120015,399361920,23520,0.65625,128,208000,0.9265642166137695,1920,17,4,500000,1000,,208001.0,0.6854166388511658,0.5846479535102844,0.6541666388511658,0.6081803441047668,930,1207614675,5,4
209001,1920,3135015,401281920,23520,0.6541666388511658,128,209000,0.9306683540344238,1920,17,4,500000,1000,,209001.0,0.6848958134651184,0.5846489667892456,0.6520833373069763,0.6081605553627014,935,1207614675,5,4
210001,1920,3150015,403201920,23520,0.6520833373069763,128,210000,0.93450927734375,1920,17,4,500000,1000,,210001.0,0.6848958134651184,0.5846459865570068,0.65625,0.6080393195152283,939,1207614675,5,4
211001,1920,3165015,405121920,23520,0.65625,128,211000,0.9386560916900635,1920,17,4,500000,1000,,211001.0,0.6838541626930237,0.5846447348594666,0.65625,0.6082163453102112,943,1207614675,5,4
212001,1920,3180015,407041920,23520,0.65625,128,212000,0.9427757263183594,1920,17,4,500000,1000,,212001.0,0.6854166388511658,0.5846472978591919,0.6520833373069763,0.6079071760177612,948,1207614675,5,4
213001,1920,3195015,408961920,23520,0.6520833373069763,128,213000,0.9477367401123047,1920,17,4,500000,1000,,213001.0,0.6848958134651184,0.5846408009529114,0.6520833373069763,0.6082814931869507,952,1207614675,5,4
214001,1920,3210015,410881920,23520,0.6520833373069763,128,214000,0.9525167942047119,1920,17,4,500000,1000,,214001.0,0.6848958134651184,0.5846418738365173,0.6541666388511658,0.6083952784538269,956,1207614675,5,4
215001,1920,3225015,412801920,23520,0.6541666388511658,128,215000,0.956993579864502,1920,17,4,500000,1000,,215001.0,0.684374988079071,0.5846439599990845,0.6541666388511658,0.6083547472953796,961,1207614675,5,4
216001,1920,3240015,414721920,23520,0.6541666388511658,128,216000,0.9613335132598877,1920,17,4,500000,1000,,216001.0,0.6848958134651184,0.584639847278595,0.65625,0.6081418991088867,965,1207614675,5,4
217001,1920,3255015,416641920,23520,0.65625,128,217000,0.9652833938598633,1920,17,4,500000,1000,,217001.0,0.6859375238418579,0.5846354961395264,0.65625,0.6081865429878235,970,1207614675,5,4
218001,1920,3270015,418561920,23520,0.65625,128,218000,0.9695193767547607,1920,17,4,500000,1000,,218001.0,0.6838541626930237,0.5846328139305115,0.6520833373069763,0.6079694628715515,974,1207614675,5,4
219001,1920,3285015,420481920,23520,0.6520833373069763,128,219000,0.9740111827850342,1920,17,4,500000,1000,,219001.0,0.6848958134651184,0.5846303105354309,0.6520833373069763,0.6080997586250305,979,1207614675,5,4
220001,1920,3300015,422401920,23520,0.6520833373069763,128,220000,0.9779031276702881,1920,17,4,500000,1000,,220001.0,0.6848958134651184,0.5846301913261414,0.6520833373069763,0.6082013845443726,983,1207614675,5,4
221001,1920,3315015,424321920,23520,0.6520833373069763,128,221000,0.9826290607452393,1920,17,4,500000,1000,,221001.0,0.6848958134651184,0.5846286416053772,0.6520833373069763,0.6083508729934692,988,1207614675,5,4
222001,1920,3330015,426241920,23520,0.6520833373069763,128,222000,0.9870703220367432,1920,17,4,500000,1000,,222001.0,0.684374988079071,0.5846258997917175,0.6541666388511658,0.6079654693603516,992,1207614675,5,4
223001,1920,3345015,428161920,23520,0.6541666388511658,128,223000,0.9912972450256348,1920,17,4,500000,1000,,223001.0,0.6838541626930237,0.5846275687217712,0.6541666388511658,0.6078659296035767,996,1207614675,5,4
224001,1920,3360015,430081920,23520,0.6541666388511658,128,224000,0.995964527130127,1920,17,4,500000,1000,,224001.0,0.6838541626930237,0.5846236944198608,0.6541666388511658,0.6080958843231201,1001,1207614675,5,4
225001,1920,3375015,432001920,23520,0.6541666388511658,128,225000,1.0006465911865234,1920,17,4,500000,1000,,225001.0,0.6838541626930237,0.584619402885437,0.6520833373069763,0.6082037687301636,1005,1207614675,5,4
226001,1920,3390015,433921920,23520,0.6520833373069763,128,226000,1.0052175521850586,1920,17,4,500000,1000,,226001.0,0.6848958134651184,0.5846179127693176,0.6520833373069763,0.608258843421936,1010,1207614675,5,4
227001,1920,3405015,435841920,23520,0.6520833373069763,128,227000,1.0099334716796875,1920,17,4,500000,1000,,227001.0,0.6859375238418579,0.584617555141449,0.6541666388511658,0.6081311702728271,1014,1207614675,5,4
228001,1920,3420015,437761920,23520,0.6541666388511658,128,228000,1.0143086910247803,1920,17,4,500000,1000,,228001.0,0.6848958134651184,0.5846146941184998,0.6541666388511658,0.6081788539886475,1018,1207614675,5,4
229001,1920,3435015,439681920,23520,0.6541666388511658,128,229000,1.0184025764465332,1920,17,4,500000,1000,,229001.0,0.6838541626930237,0.5846127867698669,0.6541666388511658,0.6079059839248657,1023,1207614675,5,4
230001,1920,3450015,441601920,23520,0.6541666388511658,128,230000,1.0229136943817139,1920,17,4,500000,1000,,230001.0,0.6838541626930237,0.5846118330955505,0.65625,0.6081316471099854,1027,1207614675,5,4
231001,1920,3465015,443521920,23520,0.65625,128,231000,1.0273146629333496,1920,17,4,500000,1000,,231001.0,0.6838541626930237,0.5846079587936401,0.6541666388511658,0.6081516146659851,1032,1207614675,5,4
232001,1920,3480015,445441920,23520,0.6541666388511658,128,232000,1.0319626331329346,1920,17,4,500000,1000,,232001.0,0.6838541626930237,0.5846077799797058,0.6520833373069763,0.6080560088157654,1036,1207614675,5,4
233001,1920,3495015,447361920,23520,0.6520833373069763,128,233000,1.0365626811981201,1920,17,4,500000,1000,,233001.0,0.6859375238418579,0.5846090912818909,0.6541666388511658,0.6082087755203247,1040,1207614675,5,4
234001,1920,3510015,449281920,23520,0.6541666388511658,128,234000,1.041832685470581,1920,17,4,500000,1000,,234001.0,0.6859375238418579,0.584606945514679,0.6520833373069763,0.6083409786224365,1045,1207614675,5,4
235001,1920,3525015,451201920,23520,0.6520833373069763,128,235000,1.0464496612548828,1920,17,4,500000,1000,,235001.0,0.6854166388511658,0.5846039056777954,0.65625,0.6081520318984985,1049,1207614675,5,4
236001,1920,3540015,453121920,23520,0.65625,128,236000,1.0520448684692383,1920,17,4,500000,1000,,236001.0,0.6848958134651184,0.5846023559570312,0.6520833373069763,0.6081408858299255,1054,1207614675,5,4
237001,1920,3555015,455041920,23520,0.6520833373069763,128,237000,1.0597176551818848,1920,17,4,500000,1000,,237001.0,0.6848958134651184,0.5846017599105835,0.6541666388511658,0.6081088781356812,1059,1207614675,5,4
238001,1920,3570015,456961920,23520,0.6541666388511658,128,238000,1.0649676322937012,1920,17,4,500000,1000,,238001.0,0.684374988079071,0.5845979452133179,0.6541666388511658,0.6080390214920044,1064,1207614675,5,4
239001,1920,3585015,458881920,23520,0.6541666388511658,128,239000,1.0691616535186768,1920,17,4,500000,1000,,239001.0,0.6838541626930237,0.5845954418182373,0.6520833373069763,0.6082327365875244,1068,1207614675,5,4
240001,1920,3600015,460801920,23520,0.6520833373069763,128,240000,1.073293924331665,1920,17,4,500000,1000,,240001.0,0.6838541626930237,0.584595263004303,0.6541666388511658,0.608190655708313,1073,1207614675,5,4
241001,1920,3615015,462721920,23520,0.6541666388511658,128,241000,1.0773708820343018,1920,17,4,500000,1000,,241001.0,0.6848958134651184,0.5845951437950134,0.6520833373069763,0.6083579659461975,1077,1207614675,5,4
242001,1920,3630015,464641920,23520,0.6520833373069763,128,242000,1.0819246768951416,1920,17,4,500000,1000,,242001.0,0.6848958134651184,0.5845922231674194,0.6541666388511658,0.6080613732337952,1082,1207614675,5,4
243001,1920,3645015,466561920,23520,0.6541666388511658,128,243000,1.0865256786346436,1920,17,4,500000,1000,,243001.0,0.6838541626930237,0.584593653678894,0.6520833373069763,0.6081611514091492,1086,1207614675,5,4
244001,1920,3660015,468481920,23520,0.6520833373069763,128,244000,1.0922017097473145,1920,17,4,500000,1000,,244001.0,0.6838541626930237,0.5845908522605896,0.6520833373069763,0.6084058880805969,1091,1207614675,5,4
245001,1920,3675015,470401920,23520,0.6520833373069763,128,245000,1.0962278842926025,1920,17,4,500000,1000,,245001.0,0.6848958134651184,0.5845905542373657,0.6520833373069763,0.6080801486968994,1096,1207614675,5,4
246001,1920,3690015,472321920,23520,0.6520833373069763,128,246000,1.1012301445007324,1920,17,4,500000,1000,,246001.0,0.6838541626930237,0.5845906734466553,0.6520833373069763,0.608022153377533,1100,1207614675,5,4
247001,1920,3705015,474241920,23520,0.6520833373069763,128,247000,1.1057841777801514,1920,17,4,500000,1000,,247001.0,0.6848958134651184,0.5845874547958374,0.6541666388511658,0.6080490946769714,1105,1207614675,5,4
248001,1920,3720015,476161920,23520,0.6541666388511658,128,248000,1.110241174697876,1920,17,4,500000,1000,,248001.0,0.6838541626930237,0.5845853686332703,0.65625,0.608115553855896,1109,1207614675,5,4
249001,1920,3735015,478081920,23520,0.65625,128,249000,1.1141302585601807,1920,17,4,500000,1000,,249001.0,0.6854166388511658,0.5845819711685181,0.65625,0.6080901622772217,1113,1207614675,5,4
250001,1920,3750015,480001920,23520,0.65625,128,250000,1.118147611618042,1920,17,4,500000,1000,,250001.0,0.6848958134651184,0.5845796465873718,0.6541666388511658,0.608416736125946,1118,1207614675,5,4
251001,1920,3765015,481921920,23520,0.6541666388511658,128,251000,1.1226375102996826,1920,17,4,500000,1000,,251001.0,0.684374988079071,0.5845769047737122,0.6541666388511658,0.6081166863441467,1122,1207614675,5,4
252001,1920,3780015,483841920,23520,0.6541666388511658,128,252000,1.1265935897827148,1920,17,4,500000,1000,,252001.0,0.6838541626930237,0.5845797657966614,0.65625,0.6079830527305603,1127,1207614675,5,4
253001,1920,3795015,485761920,23520,0.65625,128,253000,1.1307804584503174,1920,17,4,500000,1000,,253001.0,0.684374988079071,0.5845756530761719,0.6520833373069763,0.6081782579421997,1131,1207614675,5,4
254001,1920,3810015,487681920,23520,0.6520833373069763,128,254000,1.1354234218597412,1920,17,4,500000,1000,,254001.0,0.6848958134651184,0.5845746397972107,0.6520833373069763,0.6083707213401794,1135,1207614675,5,4
255001,1920,3825015,489601920,23520,0.6520833373069763,128,255000,1.1397664546966553,1920,17,4,500000,1000,,255001.0,0.6848958134651184,0.58457350730896,0.6541666388511658,0.6081556677818298,1140,1207614675,5,4
256001,1920,3840015,491521920,23520,0.6541666388511658,128,256000,1.1441075801849365,1920,17,4,500000,1000,,256001.0,0.6848958134651184,0.5845741033554077,0.6520833373069763,0.608077883720398,1144,1207614675,5,4
257001,1920,3855015,493441920,23520,0.6520833373069763,128,257000,1.1488213539123535,1920,17,4,500000,1000,,257001.0,0.684374988079071,0.5845711827278137,0.6541666388511658,0.608194887638092,1148,1207614675,5,4
258001,1920,3870015,495361920,23520,0.6541666388511658,128,258000,1.1527814865112305,1920,17,4,500000,1000,,258001.0,0.684374988079071,0.5845689177513123,0.6520833373069763,0.608552098274231,1153,1207614675,5,4
259001,1920,3885015,497281920,23520,0.6520833373069763,128,259000,1.1573824882507324,1920,17,4,500000,1000,,259001.0,0.684374988079071,0.5845677256584167,0.65625,0.6082761883735657,1157,1207614675,5,4
260001,1920,3900015,499201920,23520,0.65625,128,260000,1.1612985134124756,1920,17,4,500000,1000,,260001.0,0.684374988079071,0.5845667123794556,0.6499999761581421,0.6081435084342957,1162,1207614675,5,4
261001,1920,3915015,501121920,23520,0.6499999761581421,128,261000,1.1657233238220215,1920,17,4,500000,1000,,261001.0,0.682812511920929,0.5845663547515869,0.6520833373069763,0.6080719232559204,1166,1207614675,5,4
262001,1920,3930015,503041920,23520,0.6520833373069763,128,262000,1.1700563430786133,1920,17,4,500000,1000,,262001.0,0.6848958134651184,0.5845673084259033,0.6541666388511658,0.6081046462059021,1170,1207614675,5,4
263001,1920,3945015,504961920,23520,0.6541666388511658,128,263000,1.1739823818206787,1920,17,4,500000,1000,,263001.0,0.682812511920929,0.584564745426178,0.6520833373069763,0.6081998348236084,1175,1207614675,5,4
264001,1920,3960015,506881920,23520,0.6520833373069763,128,264000,1.1783215999603271,1920,17,4,500000,1000,,264001.0,0.6848958134651184,0.5845634341239929,0.6520833373069763,0.6082505583763123,1179,1207614675,5,4
265001,1920,3975015,508801920,23520,0.6520833373069763,128,265000,1.182687759399414,1920,17,4,500000,1000,,265001.0,0.6838541626930237,0.5845610499382019,0.6520833373069763,0.6082406640052795,1184,1207614675,5,4
266001,1920,3990015,510721920,23520,0.6520833373069763,128,266000,1.187450885772705,1920,17,4,500000,1000,,266001.0,0.6838541626930237,0.5845615863800049,0.6520833373069763,0.6083208918571472,1188,1207614675,5,4
267001,1920,4005015,512641920,23520,0.6520833373069763,128,267000,1.1913838386535645,1920,17,4,500000,1000,,267001.0,0.6838541626930237,0.5845581889152527,0.6541666388511658,0.6082152128219604,1192,1207614675,5,4
268001,1920,4020015,514561920,23520,0.6541666388511658,128,268000,1.1958377361297607,1920,17,4,500000,1000,,268001.0,0.682812511920929,0.5845576524734497,0.6520833373069763,0.6080977916717529,1197,1207614675,5,4
269001,1920,4035015,516481920,23520,0.6520833373069763,128,269000,1.2009594440460205,1920,17,4,500000,1000,,269001.0,0.684374988079071,0.5845544934272766,0.6541666388511658,0.6082748770713806,1201,1207614675,5,4
270001,1920,4050015,518401920,23520,0.6541666388511658,128,270000,1.2049026489257812,1920,17,4,500000,1000,,270001.0,0.684374988079071,0.5845538973808289,0.65625,0.6083097457885742,1205,1207614675,5,4
271001,1920,4065015,520321920,23520,0.65625,128,271000,1.2088515758514404,1920,17,4,500000,1000,,271001.0,0.684374988079071,0.5845521092414856,0.6541666388511658,0.6082351803779602,1210,1207614675,5,4
272001,1920,4080015,522241920,23520,0.6541666388511658,128,272000,1.2128283977508545,1920,17,4,500000,1000,,272001.0,0.684374988079071,0.5845515131950378,0.65625,0.6083059310913086,1214,1207614675,5,4
273001,1920,4095015,524161920,23520,0.65625,128,273000,1.217099666595459,1920,17,4,500000,1000,,273001.0,0.684374988079071,0.5845505595207214,0.65625,0.6081898808479309,1219,1207614675,5,4
274001,1920,4110015,526081920,23520,0.65625,128,274000,1.221313714981079,1920,17,4,500000,1000,,274001.0,0.6838541626930237,0.5845484137535095,0.6520833373069763,0.6083158254623413,1223,1207614675,5,4
275001,1920,4125015,528001920,23520,0.6520833373069763,128,275000,1.2253875732421875,1920,17,4,500000,1000,,275001.0,0.6838541626930237,0.5845479369163513,0.6541666388511658,0.6084731817245483,1227,1207614675,5,4
276001,1920,4140015,529921920,23520,0.6541666388511658,128,276000,1.2297425270080566,1920,17,4,500000,1000,,276001.0,0.682812511920929,0.5845481157302856,0.6541666388511658,0.608368456363678,1232,1207614675,5,4
277001,1920,4155015,531841920,23520,0.6541666388511658,128,277000,1.2339415550231934,1920,17,4,500000,1000,,277001.0,0.6848958134651184,0.5845463871955872,0.6541666388511658,0.6084558963775635,1236,1207614675,5,4
278001,1920,4170015,533761920,23520,0.6541666388511658,128,278000,1.2381126880645752,1920,17,4,500000,1000,,278001.0,0.6838541626930237,0.5845462679862976,0.6541666388511658,0.6084234118461609,1240,1207614675,5,4
279001,1920,4185015,535681920,23520,0.6541666388511658,128,279000,1.242919683456421,1920,17,4,500000,1000,,279001.0,0.682812511920929,0.5845442414283752,0.6541666388511658,0.6081749796867371,1245,1207614675,5,4
280001,1920,4200015,537601920,23520,0.6541666388511658,128,280000,1.248544454574585,1920,17,4,500000,1000,,280001.0,0.6854166388511658,0.5845418572425842,0.6583333611488342,0.60820072889328,1249,1207614675,5,4
281001,1920,4215015,539521920,23520,0.6583333611488342,128,281000,1.2525615692138672,1920,17,4,500000,1000,,281001.0,0.684374988079071,0.5845393538475037,0.65625,0.6082330942153931,1254,1207614675,5,4
282001,1920,4230015,541441920,23520,0.65625,128,282000,1.2569715976715088,1920,17,4,500000,1000,,282001.0,0.6838541626930237,0.5845401883125305,0.6541666388511658,0.6084028482437134,1258,1207614675,5,4
283001,1920,4245015,543361920,23520,0.6541666388511658,128,283000,1.260981559753418,1920,17,4,500000,1000,,283001.0,0.6838541626930237,0.5845377445220947,0.6520833373069763,0.6082746982574463,1262,1207614675,5,4
284001,1920,4260015,545281920,23520,0.6520833373069763,128,284000,1.2652804851531982,1920,17,4,500000,1000,,284001.0,0.6848958134651184,0.5845392346382141,0.6520833373069763,0.6081660389900208,1267,1207614675,5,4
285001,1920,4275015,547201920,23520,0.6520833373069763,128,285000,1.2700574398040771,1920,17,4,500000,1000,,285001.0,0.684374988079071,0.5845374464988708,0.6541666388511658,0.6082724928855896,1271,1207614675,5,4
286001,1920,4290015,549121920,23520,0.6541666388511658,128,286000,1.2772154808044434,1920,17,4,500000,1000,,286001.0,0.6838541626930237,0.5845366716384888,0.6520833373069763,0.6081697940826416,1275,1207614675,5,4
287001,1920,4305015,551041920,23520,0.6520833373069763,128,287000,1.2822232246398926,1920,17,4,500000,1000,,287001.0,0.682812511920929,0.5845349431037903,0.6520833373069763,0.6081598997116089,1280,1207614675,5,4
288001,1920,4320015,552961920,23520,0.6520833373069763,128,288000,1.2867262363433838,1920,17,4,500000,1000,,288001.0,0.682812511920929,0.5845309495925903,0.65625,0.6081959009170532,1284,1207614675,5,4
289001,1920,4335015,554881920,23520,0.65625,128,289000,1.2912492752075195,1920,17,4,500000,1000,,289001.0,0.6838541626930237,0.5845316648483276,0.6541666388511658,0.6082156300544739,1288,1207614675,5,4
290001,1920,4350015,556801920,23520,0.6541666388511658,128,290000,1.2959282398223877,1920,17,4,500000,1000,,290001.0,0.6838541626930237,0.5845297574996948,0.6520833373069763,0.6081079244613647,1293,1207614675,5,4
291001,1920,4365015,558721920,23520,0.6520833373069763,128,291000,1.2998626232147217,1920,17,4,500000,1000,,291001.0,0.6838541626930237,0.5845268368721008,0.6520833373069763,0.6081333756446838,1297,1207614675,5,4
292001,1920,4380015,560641920,23520,0.6520833373069763,128,292000,1.3044977188110352,1920,17,4,500000,1000,,292001.0,0.6854166388511658,0.5845277309417725,0.6541666388511658,0.6082255244255066,1302,1207614675,5,4
293001,1920,4395015,562561920,23520,0.6541666388511658,128,293000,1.3084347248077393,1920,17,4,500000,1000,,293001.0,0.6838541626930237,0.5845255255699158,0.6541666388511658,0.6080449819564819,1306,1207614675,5,4
294001,1920,4410015,564481920,23520,0.6541666388511658,128,294000,1.312513828277588,1920,17,4,500000,1000,,294001.0,0.6838541626930237,0.5845227837562561,0.6541666388511658,0.6081407070159912,1310,1207614675,5,4
295001,1920,4425015,566401920,23520,0.6541666388511658,128,295000,1.3164429664611816,1920,17,4,500000,1000,,295001.0,0.6848958134651184,0.5845242738723755,0.6520833373069763,0.6081311106681824,1315,1207614675,5,4
296001,1920,4440015,568321920,23520,0.6520833373069763,128,296000,1.3208212852478027,1920,17,4,500000,1000,,296001.0,0.6848958134651184,0.5845222473144531,0.6520833373069763,0.6082260608673096,1319,1207614675,5,4
297001,1920,4455015,570241920,23520,0.6520833373069763,128,297000,1.3247032165527344,1920,17,4,500000,1000,,297001.0,0.6848958134651184,0.5845241546630859,0.6541666388511658,0.6081167459487915,1323,1207614675,5,4
298001,1920,4470015,572161920,23520,0.6541666388511658,128,298000,1.3286113739013672,1920,17,4,500000,1000,,298001.0,0.6848958134651184,0.5845195055007935,0.6520833373069763,0.6082887649536133,1328,1207614675,5,4
299001,1920,4485015,574081920,23520,0.6520833373069763,128,299000,1.332578420639038,1920,17,4,500000,1000,,299001.0,0.6838541626930237,0.5845208764076233,0.6520833373069763,0.6082767844200134,1332,1207614675,5,4
300001,1920,4500015,576001920,23520,0.6520833373069763,128,300000,1.337031364440918,1920,17,4,500000,1000,,300001.0,0.6838541626930237,0.5845168828964233,0.6520833373069763,0.6081494688987732,1336,1207614675,5,4
301001,1920,4515015,577921920,23520,0.6520833373069763,128,301000,1.3413703441619873,1920,17,4,500000,1000,,301001.0,0.6838541626930237,0.584514856338501,0.6520833373069763,0.6082133054733276,1341,1207614675,5,4
302001,1920,4530015,579841920,23520,0.6520833373069763,128,302000,1.3454663753509521,1920,17,4,500000,1000,,302001.0,0.6854166388511658,0.5845143795013428,0.6541666388511658,0.6084669232368469,1345,1207614675,5,4
303001,1920,4545015,581761920,23520,0.6541666388511658,128,303000,1.3499414920806885,1920,17,4,500000,1000,,303001.0,0.6833333373069763,0.5845153331756592,0.6541666388511658,0.6083741784095764,1349,1207614675,5,4
304001,1920,4560015,583681920,23520,0.6541666388511658,128,304000,1.3544435501098633,1920,17,4,500000,1000,,304001.0,0.684374988079071,0.5845166444778442,0.6541666388511658,0.6083776354789734,1354,1207614675,5,4
305001,1920,4575015,585601920,23520,0.6541666388511658,128,305000,1.3588905334472656,1920,17,4,500000,1000,,305001.0,0.684374988079071,0.5845128297805786,0.6541666388511658,0.6083375215530396,1358,1207614675,5,4
306001,1920,4590015,587521920,23520,0.6541666388511658,128,306000,1.3627874851226807,1920,17,4,500000,1000,,306001.0,0.684374988079071,0.5845110416412354,0.65625,0.608278214931488,1363,1207614675,5,4
307001,1920,4605015,589441920,23520,0.65625,128,307000,1.3682374954223633,1920,17,4,500000,1000,,307001.0,0.6838541626930237,0.5845108032226562,0.6520833373069763,0.6082869172096252,1367,1207614675,5,4
308001,1920,4620015,591361920,23520,0.6520833373069763,128,308000,1.3726985454559326,1920,17,4,500000,1000,,308001.0,0.684374988079071,0.5845109224319458,0.65625,0.607983410358429,1371,1207614675,5,4
309001,1920,4635015,593281920,23520,0.65625,128,309000,1.3770785331726074,1920,17,4,500000,1000,,309001.0,0.6838541626930237,0.5845125317573547,0.6541666388511658,0.6079176068305969,1376,1207614675,5,4
310001,1920,4650015,595201920,23520,0.6541666388511658,128,310000,1.3812332153320312,1920,17,4,500000,1000,,310001.0,0.6838541626930237,0.5845088362693787,0.6520833373069763,0.6081398129463196,1380,1207614675,5,4
311001,1920,4665015,597121920,23520,0.6520833373069763,128,311000,1.3855013847351074,1920,17,4,500000,1000,,311001.0,0.6848958134651184,0.584506630897522,0.6520833373069763,0.6081175208091736,1385,1207614675,5,4
312001,1920,4680015,599041920,23520,0.6520833373069763,128,312000,1.3894033432006836,1920,17,4,500000,1000,,312001.0,0.6838541626930237,0.5845049619674683,0.6541666388511658,0.6082093119621277,1389,1207614675,5,4
313001,1920,4695015,600961920,23520,0.6541666388511658,128,313000,1.393425464630127,1920,17,4,500000,1000,,313001.0,0.6848958134651184,0.5845059156417847,0.6520833373069763,0.6083447337150574,1393,1207614675,5,4
314001,1920,4710015,602881920,23520,0.6520833373069763,128,314000,1.3989665508270264,1920,17,4,500000,1000,,314001.0,0.6848958134651184,0.5845028162002563,0.6541666388511658,0.6084198355674744,1398,1207614675,5,4
315001,1920,4725015,604801920,23520,0.6541666388511658,128,315000,1.4036085605621338,1920,17,4,500000,1000,,315001.0,0.6848958134651184,0.5845070481300354,0.6520833373069763,0.6082407236099243,1402,1207614675,5,4
316001,1920,4740015,606721920,23520,0.6520833373069763,128,316000,1.4076316356658936,1920,17,4,500000,1000,,316001.0,0.6854166388511658,0.5845039486885071,0.6541666388511658,0.6085334420204163,1406,1207614675,5,4
317001,1920,4755015,608641920,23520,0.6541666388511658,128,317000,1.412064552307129,1920,17,4,500000,1000,,317001.0,0.6854166388511658,0.5845028758049011,0.6541666388511658,0.6083365678787231,1411,1207614675,5,4
318001,1920,4770015,610561920,23520,0.6541666388511658,128,318000,1.4160284996032715,1920,17,4,500000,1000,,318001.0,0.6859375238418579,0.5845023393630981,0.6541666388511658,0.608390748500824,1415,1207614675,5,4
319001,1920,4785015,612481920,23520,0.6541666388511658,128,319000,1.4203674793243408,1920,17,4,500000,1000,,319001.0,0.6838541626930237,0.5845033526420593,0.6583333611488342,0.6080522537231445,1420,1207614675,5,4
320001,1920,4800015,614401920,23520,0.6583333611488342,128,320000,1.4250192642211914,1920,17,4,500000,1000,,320001.0,0.6838541626930237,0.5844992399215698,0.6520833373069763,0.6082656979560852,1424,1207614675,5,4
321001,1920,4815015,616321920,23520,0.6520833373069763,128,321000,1.4294981956481934,1920,17,4,500000,1000,,321001.0,0.6838541626930237,0.5845013856887817,0.6520833373069763,0.6081459522247314,1428,1207614675,5,4
322001,1920,4830015,618241920,23520,0.6520833373069763,128,322000,1.4338781833648682,1920,17,4,500000,1000,,322001.0,0.6838541626930237,0.5844964981079102,0.6541666388511658,0.6083194017410278,1433,1207614675,5,4
323001,1920,4845015,620161920,23520,0.6541666388511658,128,323000,1.4377961158752441,1920,17,4,500000,1000,,323001.0,0.6848958134651184,0.5844981074333191,0.6520833373069763,0.6082250475883484,1437,1207614675,5,4
324001,1920,4860015,622081920,23520,0.6520833373069763,128,324000,1.4422252178192139,1920,17,4,500000,1000,,324001.0,0.6848958134651184,0.584495484828949,0.6541666388511658,0.6082624793052673,1441,1207614675,5,4
325001,1920,4875015,624001920,23520,0.6541666388511658,128,325000,1.4465744495391846,1920,17,4,500000,1000,,325001.0,0.6854166388511658,0.5844913721084595,0.65625,0.6082039475440979,1446,1207614675,5,4
326001,1920,4890015,625921920,23520,0.65625,128,326000,1.4511184692382812,1920,17,4,500000,1000,,326001.0,0.6838541626930237,0.5844904780387878,0.6520833373069763,0.6082980632781982,1450,1207614675,5,4
327001,1920,4905015,627841920,23520,0.6520833373069763,128,327000,1.4550046920776367,1920,17,4,500000,1000,,327001.0,0.6854166388511658,0.5844910144805908,0.65625,0.60819011926651,1455,1207614675,5,4
328001,1920,4920015,629761920,23520,0.65625,128,328000,1.4589784145355225,1920,17,4,500000,1000,,328001.0,0.6848958134651184,0.5844908356666565,0.6520833373069763,0.6084004640579224,1459,1207614675,5,4
329001,1920,4935015,631681920,23520,0.6520833373069763,128,329000,1.4640214443206787,1920,17,4,500000,1000,,329001.0,0.6854166388511658,0.5844889283180237,0.6541666388511658,0.6083952784538269,1463,1207614675,5,4
330001,1920,4950015,633601920,23520,0.6541666388511658,128,330000,1.4686367511749268,1920,17,4,500000,1000,,330001.0,0.6848958134651184,0.5844897627830505,0.6541666388511658,0.6082007884979248,1468,1207614675,5,4
331001,1920,4965015,635521920,23520,0.6541666388511658,128,331000,1.4733145236968994,1920,17,4,500000,1000,,331001.0,0.6848958134651184,0.5844937562942505,0.6520833373069763,0.6082177758216858,1472,1207614675,5,4
332001,1920,4980015,637441920,23520,0.6520833373069763,128,332000,1.477628469467163,1920,17,4,500000,1000,,332001.0,0.6848958134651184,0.5844873189926147,0.6520833373069763,0.6083259582519531,1476,1207614675,5,4
333001,1920,4995015,639361920,23520,0.6520833373069763,128,333000,1.4817454814910889,1920,17,4,500000,1000,,333001.0,0.6848958134651184,0.5844866037368774,0.6541666388511658,0.6082294583320618,1481,1207614675,5,4
334001,1920,5010015,641281920,23520,0.6541666388511658,128,334000,1.485654592514038,1920,17,4,500000,1000,,334001.0,0.6848958134651184,0.5844881534576416,0.6541666388511658,0.6082027554512024,1485,1207614675,5,4
335001,1920,5025015,643201920,23520,0.6541666388511658,128,335000,1.49013352394104,1920,17,4,500000,1000,,335001.0,0.6848958134651184,0.5844881534576416,0.6541666388511658,0.6082144379615784,1490,1207614675,5,4
336001,1920,5040015,645121920,23520,0.6541666388511658,128,336000,1.4942574501037598,1920,17,4,500000,1000,,336001.0,0.6848958134651184,0.5844841599464417,0.6541666388511658,0.6081134676933289,1494,1207614675,5,4
337001,1920,5055015,647041920,23520,0.6541666388511658,128,337000,1.4982984066009521,1920,17,4,500000,1000,,337001.0,0.6838541626930237,0.5844830274581909,0.6520833373069763,0.6080465316772461,1498,1207614675,5,4
338001,1920,5070015,648961920,23520,0.6520833373069763,128,338000,1.5022034645080566,1920,17,4,500000,1000,,338001.0,0.6848958134651184,0.5844823718070984,0.6520833373069763,0.6082189083099365,1503,1207614675,5,4
339001,1920,5085015,650881920,23520,0.6520833373069763,128,339000,1.5063953399658203,1920,17,4,500000,1000,,339001.0,0.6848958134651184,0.5844829082489014,0.6520833373069763,0.6082996129989624,1507,1207614675,5,4
340001,1920,5100015,652801920,23520,0.6520833373069763,128,340000,1.5106313228607178,1920,17,4,500000,1000,,340001.0,0.6854166388511658,0.5844814777374268,0.6583333611488342,0.6081452965736389,1513,1207614675,5,4
341001,1920,5115015,654721920,23520,0.6583333611488342,128,341000,1.5165503025054932,1920,17,4,500000,1000,,341001.0,0.684374988079071,0.5844787359237671,0.6583333611488342,0.60826575756073,1517,1207614675,5,4
342001,1920,5130015,656641920,23520,0.6583333611488342,128,342000,1.5206923484802246,1920,17,4,500000,1000,,342001.0,0.684374988079071,0.5844765305519104,0.6541666388511658,0.6082956790924072,1521,1207614675,5,4
343001,1920,5145015,658561920,23520,0.6541666388511658,128,343000,1.5247523784637451,1920,17,4,500000,1000,,343001.0,0.6864583492279053,0.584477424621582,0.6541666388511658,0.6083495616912842,1525,1207614675,5,4
344001,1920,5160015,660481920,23520,0.6541666388511658,128,344000,1.5289692878723145,1920,17,4,500000,1000,,344001.0,0.6833333373069763,0.5844763517379761,0.6520833373069763,0.6082980036735535,1530,1207614675,5,4
345001,1920,5175015,662401920,23520,0.6520833373069763,128,345000,1.5329394340515137,1920,17,4,500000,1000,,345001.0,0.6838541626930237,0.5844755172729492,0.6541666388511658,0.6084749102592468,1534,1207614675,5,4
346001,1920,5190015,664321920,23520,0.6541666388511658,128,346000,1.5371723175048828,1920,17,4,500000,1000,,346001.0,0.6838541626930237,0.5844764113426208,0.6520833373069763,0.6083361506462097,1538,1207614675,5,4
347001,1920,5205015,666241920,23520,0.6520833373069763,128,347000,1.5416152477264404,1920,17,4,500000,1000,,347001.0,0.6838541626930237,0.5844734907150269,0.6541666388511658,0.6082124710083008,1542,1207614675,5,4
348001,1920,5220015,668161920,23520,0.6541666388511658,128,348000,1.5455172061920166,1920,17,4,500000,1000,,348001.0,0.6838541626930237,0.5844711661338806,0.6520833373069763,0.6084522604942322,1547,1207614675,5,4
349001,1920,5235015,670081920,23520,0.6520833373069763,128,349000,1.5495681762695312,1920,17,4,500000,1000,,349001.0,0.6838541626930237,0.5844718813896179,0.6520833373069763,0.6082535982131958,1551,1207614675,5,4
350001,1920,5250015,672001920,23520,0.6520833373069763,128,350000,1.5541973114013672,1920,17,4,500000,1000,,350001.0,0.684374988079071,0.5844722986221313,0.6583333611488342,0.608283281326294,1557,1207614675,5,4
351001,1920,5265015,673921920,23520,0.6583333611488342,128,351000,1.5581915378570557,1920,17,4,500000,1000,,351001.0,0.6848958134651184,0.5844736099243164,0.6541666388511658,0.6079786419868469,1561,1207614675,5,4
352001,1920,5280015,675841920,23520,0.6541666388511658,128,352000,1.562361478805542,1920,17,4,500000,1000,,352001.0,0.684374988079071,0.584466814994812,0.65625,0.6083625555038452,1566,1207614675,5,4
353001,1920,5295015,677761920,23520,0.65625,128,353000,1.5662975311279297,1920,17,4,500000,1000,,353001.0,0.6848958134651184,0.5844681262969971,0.6541666388511658,0.6083981990814209,1570,1207614675,5,4
354001,1920,5310015,679681920,23520,0.6541666388511658,128,354000,1.5703675746917725,1920,17,4,500000,1000,,354001.0,0.6848958134651184,0.5844661593437195,0.65625,0.6084769368171692,1574,1207614675,5,4
355001,1920,5325015,681601920,23520,0.65625,128,355000,1.574338674545288,1920,17,4,500000,1000,,355001.0,0.684374988079071,0.5844651460647583,0.65625,0.6086439490318298,1579,1207614675,5,4
356001,1920,5340015,683521920,23520,0.65625,128,356000,1.5784378051757812,1920,17,4,500000,1000,,356001.0,0.6838541626930237,0.5844663381576538,0.6520833373069763,0.6083852052688599,1583,1207614675,5,4
357001,1920,5355015,685441920,23520,0.6520833373069763,128,357000,1.5824916362762451,1920,17,4,500000,1000,,357001.0,0.6833333373069763,0.5844659805297852,0.65625,0.6081802845001221,1587,1207614675,5,4
358001,1920,5370015,687361920,23520,0.65625,128,358000,1.586857557296753,1920,17,4,500000,1000,,358001.0,0.6833333373069763,0.5844656825065613,0.6541666388511658,0.6082007884979248,1592,1207614675,5,4
359001,1920,5385015,689281920,23520,0.6541666388511658,128,359000,1.5913054943084717,1920,17,4,500000,1000,,359001.0,0.6838541626930237,0.5844642519950867,0.6541666388511658,0.6082075834274292,1598,1207614675,5,4
360001,1920,5400015,691201920,23520,0.6541666388511658,128,360000,1.5964295864105225,1920,17,4,500000,1000,,360001.0,0.6848958134651184,0.5844638347625732,0.6541666388511658,0.6081421375274658,1602,1207614675,5,4
361001,1920,5415015,693121920,23520,0.6541666388511658,128,361000,1.6008596420288086,1920,17,4,500000,1000,,361001.0,0.6848958134651184,0.5844619870185852,0.6541666388511658,0.6083306670188904,1607,1207614675,5,4
362001,1920,5430015,695041920,23520,0.6541666388511658,128,362000,1.604813814163208,1920,17,4,500000,1000,,362001.0,0.6854166388511658,0.5844631791114807,0.6541666388511658,0.608116865158081,1611,1207614675,5,4
363001,1920,5445015,696961920,23520,0.6541666388511658,128,363000,1.6090366840362549,1920,17,4,500000,1000,,363001.0,0.6854166388511658,0.5844601988792419,0.6541666388511658,0.6082035303115845,1616,1207614675,5,4
364001,1920,5460015,698881920,23520,0.6541666388511658,128,364000,1.613621711730957,1920,17,4,500000,1000,,364001.0,0.6838541626930237,0.5844576954841614,0.6520833373069763,0.6081405878067017,1620,1207614675,5,4
365001,1920,5475015,700801920,23520,0.6520833373069763,128,365000,1.6180839538574219,1920,17,4,500000,1000,,365001.0,0.6838541626930237,0.5844588875770569,0.6541666388511658,0.6081973910331726,1624,1207614675,5,4
366001,1920,5490015,702721920,23520,0.6541666388511658,128,366000,1.6222419738769531,1920,17,4,500000,1000,,366001.0,0.6838541626930237,0.5844585299491882,0.6541666388511658,0.6082363128662109,1629,1207614675,5,4
367001,1920,5505015,704641920,23520,0.6541666388511658,128,367000,1.626891851425171,1920,17,4,500000,1000,,367001.0,0.6838541626930237,0.584457516670227,0.6520833373069763,0.608324408531189,1633,1207614675,5,4
368001,1920,5520015,706561920,23520,0.6520833373069763,128,368000,1.6309700012207031,1920,17,4,500000,1000,,368001.0,0.6838541626930237,0.5844558477401733,0.6541666388511658,0.6083580255508423,1637,1207614675,5,4
369001,1920,5535015,708481920,23520,0.6541666388511658,128,369000,1.6353530883789062,1920,17,4,500000,1000,,369001.0,0.6838541626930237,0.5844542384147644,0.6541666388511658,0.6082695722579956,1642,1207614675,5,4
370001,1920,5550015,710401920,23520,0.6541666388511658,128,370000,1.639207124710083,1920,17,4,500000,1000,,370001.0,0.6833333373069763,0.5844587683677673,0.6541666388511658,0.6082154512405396,1646,1207614675,5,4
371001,1920,5565015,712321920,23520,0.6541666388511658,128,371000,1.643141269683838,1920,17,4,500000,1000,,371001.0,0.6838541626930237,0.5844538807868958,0.6541666388511658,0.6081181168556213,1651,1207614675,5,4
372001,1920,5580015,714241920,23520,0.6541666388511658,128,372000,1.6474151611328125,1920,17,4,500000,1000,,372001.0,0.6854166388511658,0.5844539999961853,0.6541666388511658,0.6081593036651611,1655,1207614675,5,4
373001,1920,5595015,716161920,23520,0.6541666388511658,128,373000,1.6526901721954346,1920,17,4,500000,1000,,373001.0,0.684374988079071,0.5844535231590271,0.6541666388511658,0.6081543564796448,1659,1207614675,5,4
374001,1920,5610015,718081920,23520,0.6541666388511658,128,374000,1.6565642356872559,1920,17,4,500000,1000,,374001.0,0.6854166388511658,0.5844500064849854,0.65625,0.6082507967948914,1663,1207614675,5,4
375001,1920,5625015,720001920,23520,0.65625,128,375000,1.660703182220459,1920,17,4,500000,1000,,375001.0,0.684374988079071,0.5844507813453674,0.6541666388511658,0.6083646416664124,1668,1207614675,5,4
376001,1920,5640015,721921920,23520,0.6541666388511658,128,376000,1.6646044254302979,1920,17,4,500000,1000,,376001.0,0.6854166388511658,0.584446907043457,0.65625,0.6082835793495178,1672,1207614675,5,4
377001,1920,5655015,723841920,23520,0.65625,128,377000,1.6684885025024414,1920,17,4,500000,1000,,377001.0,0.6848958134651184,0.5844466090202332,0.65625,0.6082599759101868,1676,1207614675,5,4
378001,1920,5670015,725761920,23520,0.65625,128,378000,1.672391414642334,1920,17,4,500000,1000,,378001.0,0.6859375238418579,0.5844476222991943,0.65625,0.6083806753158569,1681,1207614675,5,4
379001,1920,5685015,727681920,23520,0.65625,128,379000,1.676837682723999,1920,17,4,500000,1000,,379001.0,0.6838541626930237,0.5844469666481018,0.6541666388511658,0.608192503452301,1685,1207614675,5,4
380001,1920,5700015,729601920,23520,0.6541666388511658,128,380000,1.6807665824890137,1920,17,4,500000,1000,,380001.0,0.684374988079071,0.5844460129737854,0.6541666388511658,0.6082372069358826,1689,1207614675,5,4
381001,1920,5715015,731521920,23520,0.6541666388511658,128,381000,1.6849355697631836,1920,17,4,500000,1000,,381001.0,0.684374988079071,0.5844472646713257,0.65625,0.6082833409309387,1694,1207614675,5,4
382001,1920,5730015,733441920,23520,0.65625,128,382000,1.6893465518951416,1920,17,4,500000,1000,,382001.0,0.6859375238418579,0.5844469666481018,0.65625,0.6083754897117615,1698,1207614675,5,4
383001,1920,5745015,735361920,23520,0.65625,128,383000,1.6935627460479736,1920,17,4,500000,1000,,383001.0,0.684374988079071,0.5844440460205078,0.65625,0.6082659959793091,1702,1207614675,5,4
384001,1920,5760015,737281920,23520,0.65625,128,384000,1.6978745460510254,1920,17,4,500000,1000,,384001.0,0.6854166388511658,0.5844446420669556,0.6541666388511658,0.608206033706665,1706,1207614675,5,4
385001,1920,5775015,739201920,23520,0.6541666388511658,128,385000,1.7017877101898193,1920,17,4,500000,1000,,385001.0,0.682812511920929,0.5844457149505615,0.6541666388511658,0.6082208156585693,1710,1207614675,5,4
386001,1920,5790015,741121920,23520,0.6541666388511658,128,386000,1.7060747146606445,1920,17,4,500000,1000,,386001.0,0.684374988079071,0.5844424962997437,0.65625,0.6081334948539734,1715,1207614675,5,4
387001,1920,5805015,743041920,23520,0.65625,128,387000,1.7103047370910645,1920,17,4,500000,1000,,387001.0,0.6833333373069763,0.5844424366950989,0.65625,0.6079994440078735,1719,1207614675,5,4
388001,1920,5820015,744961920,23520,0.65625,128,388000,1.7142338752746582,1920,17,4,500000,1000,,388001.0,0.6838541626930237,0.584442138671875,0.6541666388511658,0.6080920100212097,1723,1207614675,5,4
389001,1920,5835015,746881920,23520,0.6541666388511658,128,389000,1.7184877395629883,1920,17,4,500000,1000,,389001.0,0.684374988079071,0.5844424962997437,0.6541666388511658,0.6082683205604553,1727,1207614675,5,4
390001,1920,5850015,748801920,23520,0.6541666388511658,128,390000,1.7226989269256592,1920,17,4,500000,1000,,390001.0,0.682812511920929,0.5844407677650452,0.6541666388511658,0.6081331968307495,1731,1207614675,5,4
391001,1920,5865015,750721920,23520,0.6541666388511658,128,391000,1.7269818782806396,1920,17,4,500000,1000,,391001.0,0.6838541626930237,0.5844396948814392,0.6541666388511658,0.6082139611244202,1736,1207614675,5,4
392001,1920,5880015,752641920,23520,0.6541666388511658,128,392000,1.7310006618499756,1920,17,4,500000,1000,,392001.0,0.682812511920929,0.5844400525093079,0.6541666388511658,0.6080519556999207,1740,1207614675,5,4
393001,1920,5895015,754561920,23520,0.6541666388511658,128,393000,1.7349827289581299,1920,17,4,500000,1000,,393001.0,0.682812511920929,0.5844355821609497,0.6541666388511658,0.6081958413124084,1744,1207614675,5,4
394001,1920,5910015,756481920,23520,0.6541666388511658,128,394000,1.7394838333129883,1920,17,4,500000,1000,,394001.0,0.682812511920929,0.5844346880912781,0.6541666388511658,0.6082823276519775,1748,1207614675,5,4
395001,1920,5925015,758401920,23520,0.6541666388511658,128,395000,1.7435619831085205,1920,17,4,500000,1000,,395001.0,0.6838541626930237,0.5844360589981079,0.6541666388511658,0.6082452535629272,1753,1207614675,5,4
396001,1920,5940015,760321920,23520,0.6541666388511658,128,396000,1.747905969619751,1920,17,4,500000,1000,,396001.0,0.6848958134651184,0.5844354033470154,0.6541666388511658,0.6081497669219971,1757,1207614675,5,4
397001,1920,5955015,762241920,23520,0.6541666388511658,128,397000,1.7518959045410156,1920,17,4,500000,1000,,397001.0,0.6848958134651184,0.584435224533081,0.6520833373069763,0.6082711815834045,1761,1207614675,5,4
398001,1920,5970015,764161920,23520,0.6520833373069763,128,398000,1.7561798095703125,1920,17,4,500000,1000,,398001.0,0.6854166388511658,0.5844347476959229,0.6520833373069763,0.6083990335464478,1766,1207614675,5,4
399001,1920,5985015,766081920,23520,0.6520833373069763,128,399000,1.7605838775634766,1920,17,4,500000,1000,,399001.0,0.6848958134651184,0.5844331979751587,0.6541666388511658,0.6083165407180786,1770,1207614675,5,4
400001,1920,6000015,768001920,23520,0.6541666388511658,128,400000,1.7646551132202148,1920,17,4,500000,1000,,400001.0,0.6838541626930237,0.5844346284866333,0.6541666388511658,0.6083731055259705,1774,1207614675,5,4
401001,1920,6015015,769921920,23520,0.6541666388511658,128,401000,1.768829107284546,1920,17,4,500000,1000,,401001.0,0.682812511920929,0.5844345092773438,0.6541666388511658,0.6082841157913208,1778,1207614675,5,4
402001,1920,6030015,771841920,23520,0.6541666388511658,128,402000,1.7730028629302979,1920,17,4,500000,1000,,402001.0,0.6864583492279053,0.5844355821609497,0.6520833373069763,0.6084156632423401,1782,1207614675,5,4
403001,1920,6045015,773761920,23520,0.6520833373069763,128,403000,1.7768869400024414,1920,17,4,500000,1000,,403001.0,0.684374988079071,0.584430992603302,0.6520833373069763,0.6084064245223999,1786,1207614675,5,4
404001,1920,6060015,775681920,23520,0.6520833373069763,128,404000,1.7808570861816406,1920,17,4,500000,1000,,404001.0,0.6838541626930237,0.5844306349754333,0.6520833373069763,0.6084625124931335,1791,1207614675,5,4
405001,1920,6075015,777601920,23520,0.6520833373069763,128,405000,1.7848420143127441,1920,17,4,500000,1000,,405001.0,0.6848958134651184,0.5844312310218811,0.6520833373069763,0.6084660291671753,1795,1207614675,5,4
406001,1920,6090015,779521920,23520,0.6520833373069763,128,406000,1.7891027927398682,1920,17,4,500000,1000,,406001.0,0.684374988079071,0.584430992603302,0.65625,0.6083276867866516,1799,1207614675,5,4
407001,1920,6105015,781441920,23520,0.65625,128,407000,1.7931716442108154,1920,17,4,500000,1000,,407001.0,0.684374988079071,0.5844274163246155,0.65625,0.6084036231040955,1803,1207614675,5,4
408001,1920,6120015,783361920,23520,0.65625,128,408000,1.7974205017089844,1920,17,4,500000,1000,,408001.0,0.6838541626930237,0.5844274163246155,0.6541666388511658,0.6082907915115356,1808,1207614675,5,4
409001,1920,6135015,785281920,23520,0.6541666388511658,128,409000,1.801722526550293,1920,17,4,500000,1000,,409001.0,0.684374988079071,0.5844247341156006,0.65625,0.6081727743148804,1812,1207614675,5,4
410001,1920,6150015,787201920,23520,0.65625,128,410000,1.8056755065917969,1920,17,4,500000,1000,,410001.0,0.6833333373069763,0.58442622423172,0.65625,0.6081876754760742,1816,1207614675,5,4
411001,1920,6165015,789121920,23520,0.65625,128,411000,1.8098444938659668,1920,17,4,500000,1000,,411001.0,0.6822916865348816,0.5844252705574036,0.65625,0.6080129146575928,1820,1207614675,5,4
412001,1920,6180015,791041920,23520,0.65625,128,412000,1.8137774467468262,1920,17,4,500000,1000,,412001.0,0.6838541626930237,0.5844259858131409,0.6520833373069763,0.6081912517547607,1824,1207614675,5,4
413001,1920,6195015,792961920,23520,0.6520833373069763,128,413000,1.8177354335784912,1920,17,4,500000,1000,,413001.0,0.6838541626930237,0.5844268798828125,0.6520833373069763,0.6082807183265686,1828,1207614675,5,4
414001,1920,6210015,794881920,23520,0.6520833373069763,128,414000,1.8221793174743652,1920,17,4,500000,1000,,414001.0,0.6838541626930237,0.5844271779060364,0.6541666388511658,0.6082037091255188,1833,1207614675,5,4
415001,1920,6225015,796801920,23520,0.6541666388511658,128,415000,1.8261394500732422,1920,17,4,500000,1000,,415001.0,0.682812511920929,0.584426760673523,0.6541666388511658,0.6081258058547974,1837,1207614675,5,4
416001,1920,6240015,798721920,23520,0.6541666388511658,128,416000,1.8303613662719727,1920,17,4,500000,1000,,416001.0,0.682812511920929,0.5844250917434692,0.6541666388511658,0.608066976070404,1841,1207614675,5,4
417001,1920,6255015,800641920,23520,0.6541666388511658,128,417000,1.8346803188323975,1920,17,4,500000,1000,,417001.0,0.6838541626930237,0.5844255089759827,0.6541666388511658,0.6081277132034302,1846,1207614675,5,4
418001,1920,6270015,802561920,23520,0.6541666388511658,128,418000,1.8392221927642822,1920,17,4,500000,1000,,418001.0,0.6838541626930237,0.5844206213951111,0.6520833373069763,0.6083071827888489,1850,1207614675,5,4
419001,1920,6285015,804481920,23520,0.6520833373069763,128,419000,1.8430981636047363,1920,17,4,500000,1000,,419001.0,0.6848958134651184,0.5844182372093201,0.6520833373069763,0.6084424257278442,1854,1207614675,5,4
420001,1920,6300015,806401920,23520,0.6520833373069763,128,420000,1.8470683097839355,1920,17,4,500000,1000,,420001.0,0.6838541626930237,0.5844193696975708,0.65625,0.6083050966262817,1858,1207614675,5,4
421001,1920,6315015,808321920,23520,0.65625,128,421000,1.8512041568756104,1920,17,4,500000,1000,,421001.0,0.6854166388511658,0.5844188332557678,0.65625,0.6083589792251587,1862,1207614675,5,4
422001,1920,6330015,810241920,23520,0.65625,128,422000,1.8553111553192139,1920,17,4,500000,1000,,422001.0,0.684374988079071,0.5844182968139648,0.65625,0.6084461808204651,1867,1207614675,5,4
423001,1920,6345015,812161920,23520,0.65625,128,423000,1.859248161315918,1920,17,4,500000,1000,,423001.0,0.6848958134651184,0.5844172239303589,0.6520833373069763,0.6080141067504883,1871,1207614675,5,4
424001,1920,6360015,814081920,23520,0.6520833373069763,128,424000,1.863309383392334,1920,17,4,500000,1000,,424001.0,0.684374988079071,0.5844191908836365,0.6583333611488342,0.6082462072372437,1875,1207614675,5,4
425001,1920,6375015,816001920,23520,0.6583333611488342,128,425000,1.8678452968597412,1920,17,4,500000,1000,,425001.0,0.6854166388511658,0.5844178795814514,0.65625,0.6082572340965271,1880,1207614675,5,4
426001,1920,6390015,817921920,23520,0.65625,128,426000,1.872260332107544,1920,17,4,500000,1000,,426001.0,0.6854166388511658,0.5844152569770813,0.65625,0.6084728240966797,1884,1207614675,5,4
427001,1920,6405015,819841920,23520,0.65625,128,427000,1.8770332336425781,1920,17,4,500000,1000,,427001.0,0.6854166388511658,0.5844168066978455,0.65625,0.6084542870521545,1888,1207614675,5,4
428001,1920,6420015,821761920,23520,0.65625,128,428000,1.8812341690063477,1920,17,4,500000,1000,,428001.0,0.684374988079071,0.5844125151634216,0.65625,0.6083776950836182,1892,1207614675,5,4
429001,1920,6435015,823681920,23520,0.65625,128,429000,1.8854670524597168,1920,17,4,500000,1000,,429001.0,0.684374988079071,0.5844137668609619,0.65625,0.6082972288131714,1896,1207614675,5,4
430001,1920,6450015,825601920,23520,0.65625,128,430000,1.8896431922912598,1920,17,4,500000,1000,,430001.0,0.6859375238418579,0.5844128131866455,0.6541666388511658,0.6083137392997742,1901,1207614675,5,4
431001,1920,6465015,827521920,23520,0.6541666388511658,128,431000,1.8937132358551025,1920,17,4,500000,1000,,431001.0,0.6854166388511658,0.5844134092330933,0.6541666388511658,0.6085171103477478,1905,1207614675,5,4
432001,1920,6480015,829441920,23520,0.6541666388511658,128,432000,1.8979642391204834,1920,17,4,500000,1000,,432001.0,0.6854166388511658,0.5844127535820007,0.65625,0.6083710789680481,1909,1207614675,5,4
433001,1920,6495015,831361920,23520,0.65625,128,433000,1.9018499851226807,1920,17,4,500000,1000,,433001.0,0.684374988079071,0.5844120383262634,0.65625,0.6083753108978271,1914,1207614675,5,4
434001,1920,6510015,833281920,23520,0.65625,128,434000,1.906067132949829,1920,17,4,500000,1000,,434001.0,0.6848958134651184,0.5844122767448425,0.65625,0.6083090901374817,1918,1207614675,5,4
435001,1920,6525015,835201920,23520,0.65625,128,435000,1.9103732109069824,1920,17,4,500000,1000,,435001.0,0.684374988079071,0.5844091773033142,0.65625,0.6083724498748779,1922,1207614675,5,4
436001,1920,6540015,837121920,23520,0.65625,128,436000,1.9147651195526123,1920,17,4,500000,1000,,436001.0,0.6838541626930237,0.5844115018844604,0.6541666388511658,0.6082846522331238,1927,1207614675,5,4
437001,1920,6555015,839041920,23520,0.6541666388511658,128,437000,1.9192590713500977,1920,17,4,500000,1000,,437001.0,0.6848958134651184,0.5844107866287231,0.6520833373069763,0.608312726020813,1931,1207614675,5,4
438001,1920,6570015,840961920,23520,0.6520833373069763,128,438000,1.9237878322601318,1920,17,4,500000,1000,,438001.0,0.6854166388511658,0.5844094157218933,0.65625,0.6081942319869995,1935,1207614675,5,4
439001,1920,6585015,842881920,23520,0.65625,128,439000,1.9282917976379395,1920,17,4,500000,1000,,439001.0,0.6848958134651184,0.5844113826751709,0.6520833373069763,0.6082669496536255,1940,1207614675,5,4
440001,1920,6600015,844801920,23520,0.6520833373069763,128,440000,1.9327988624572754,1920,17,4,500000,1000,,440001.0,0.6854166388511658,0.5844064950942993,0.65625,0.6083909869194031,1944,1207614675,5,4
441001,1920,6615015,846721920,23520,0.65625,128,441000,1.9368858337402344,1920,17,4,500000,1000,,441001.0,0.684374988079071,0.5844075083732605,0.6541666388511658,0.6083069443702698,1949,1207614675,5,4
442001,1920,6630015,848641920,23520,0.6541666388511658,128,442000,1.9407858848571777,1920,17,4,500000,1000,,442001.0,0.6838541626930237,0.5844043493270874,0.6520833373069763,0.6083323955535889,1954,1207614675,5,4
443001,1920,6645015,850561920,23520,0.6520833373069763,128,443000,1.9459469318389893,1920,17,4,500000,1000,,443001.0,0.684374988079071,0.5844034552574158,0.6541666388511658,0.6083545088768005,1958,1207614675,5,4
444001,1920,6660015,852481920,23520,0.6541666388511658,128,444000,1.9499578475952148,1920,17,4,500000,1000,,444001.0,0.6838541626930237,0.5844036340713501,0.65625,0.608324408531189,1963,1207614675,5,4
445001,1920,6675015,854401920,23520,0.65625,128,445000,1.9542169570922852,1920,17,4,500000,1000,,445001.0,0.684374988079071,0.584405243396759,0.6541666388511658,0.6083635687828064,1967,1207614675,5,4
446001,1920,6690015,856321920,23520,0.6541666388511658,128,446000,1.9583187103271484,1920,17,4,500000,1000,,446001.0,0.682812511920929,0.5844041109085083,0.6541666388511658,0.608171820640564,1972,1207614675,5,4
447001,1920,6705015,858241920,23520,0.6541666388511658,128,447000,1.9641807079315186,1920,17,4,500000,1000,,447001.0,0.6854166388511658,0.5844024419784546,0.6541666388511658,0.608198881149292,1977,1207614675,5,4
448001,1920,6720015,860161920,23520,0.6541666388511658,128,448000,1.968202829360962,1920,17,4,500000,1000,,448001.0,0.684374988079071,0.5844011902809143,0.65625,0.6082372665405273,1982,1207614675,5,4
449001,1920,6735015,862081920,23520,0.65625,128,449000,1.9722416400909424,1920,17,4,500000,1000,,449001.0,0.684374988079071,0.5844024419784546,0.6541666388511658,0.6082879900932312,1987,1207614675,5,4
450001,1920,6750015,864001920,23520,0.6541666388511658,128,450000,1.9770679473876953,1920,17,4,500000,1000,,450001.0,0.6848958134651184,0.5844011902809143,0.65625,0.6081168055534363,1991,1207614675,5,4
451001,1920,6765015,865921920,23520,0.65625,128,451000,1.9810099601745605,1920,17,4,500000,1000,,451001.0,0.6854166388511658,0.5843977332115173,0.6541666388511658,0.6083947420120239,1996,1207614675,5,4
452001,1920,6780015,867841920,23520,0.6541666388511658,128,452000,1.9855289459228516,1920,17,4,500000,1000,,452001.0,0.6854166388511658,0.5844002366065979,0.6583333611488342,0.608311116695404,2000,1207614675,5,4
453001,1920,6795015,869761920,23520,0.6583333611488342,128,453000,1.989495038986206,1920,17,4,500000,1000,,453001.0,0.684374988079071,0.5844007730484009,0.65625,0.6084772348403931,2005,1207614675,5,4
454001,1920,6810015,871681920,23520,0.65625,128,454000,1.9934971332550049,1920,17,4,500000,1000,,454001.0,0.6838541626930237,0.5843990445137024,0.6520833373069763,0.6084066033363342,2009,1207614675,5,4
455001,1920,6825015,873601920,23520,0.6520833373069763,128,455000,1.9979419708251953,1920,17,4,500000,1000,,455001.0,0.6838541626930237,0.5843995809555054,0.6520833373069763,0.6082082390785217,2013,1207614675,5,4
456001,1920,6840015,875521920,23520,0.6520833373069763,128,456000,2.0028939247131348,1920,17,4,500000,1000,,456001.0,0.6848958134651184,0.5843960642814636,0.6520833373069763,0.6083425283432007,2018,1207614675,5,4
457001,1920,6855015,877441920,23520,0.6520833373069763,128,457000,2.008185863494873,1920,17,4,500000,1000,,457001.0,0.6848958134651184,0.5843973755836487,0.65625,0.6083099246025085,2022,1207614675,5,4
458001,1920,6870015,879361920,23520,0.65625,128,458000,2.012946844100952,1920,17,4,500000,1000,,458001.0,0.6838541626930237,0.5843994617462158,0.6541666388511658,0.6082510352134705,2027,1207614675,5,4
459001,1920,6885015,881281920,23520,0.6541666388511658,128,459000,2.017960786819458,1920,17,4,500000,1000,,459001.0,0.684374988079071,0.5843982696533203,0.6541666388511658,0.6081876158714294,2031,1207614675,5,4
460001,1920,6900015,883201920,23520,0.6541666388511658,128,460000,2.0220258235931396,1920,17,4,500000,1000,,460001.0,0.6838541626930237,0.5843973755836487,0.6520833373069763,0.6082113981246948,2036,1207614675,5,4
461001,1920,6915015,885121920,23520,0.6520833373069763,128,461000,2.0261638164520264,1920,17,4,500000,1000,,461001.0,0.684374988079071,0.5843951106071472,0.6520833373069763,0.6083336472511292,2040,1207614675,5,4
462001,1920,6930015,887041920,23520,0.6520833373069763,128,462000,2.0304348468780518,1920,17,4,500000,1000,,462001.0,0.684374988079071,0.5843943953514099,0.6583333611488342,0.6083157658576965,2045,1207614675,5,4
463001,1920,6945015,888961920,23520,0.6583333611488342,128,463000,2.034355878829956,1920,17,4,500000,1000,,463001.0,0.684374988079071,0.5843941569328308,0.65625,0.6082601547241211,2049,1207614675,5,4
464001,1920,6960015,890881920,23520,0.65625,128,464000,2.0385119915008545,1920,17,4,500000,1000,,464001.0,0.684374988079071,0.5843942761421204,0.6520833373069763,0.6082545518875122,2054,1207614675,5,4
465001,1920,6975015,892801920,23520,0.6520833373069763,128,465000,2.0430850982666016,1920,17,4,500000,1000,,465001.0,0.6854166388511658,0.5843925476074219,0.6541666388511658,0.6083385944366455,2058,1207614675,5,4
466001,1920,6990015,894721920,23520,0.6541666388511658,128,466000,2.0482277870178223,1920,17,4,500000,1000,,466001.0,0.6833333373069763,0.5843924880027771,0.6541666388511658,0.608130693435669,2063,1207614675,5,4
467001,1920,7005015,896641920,23520,0.6541666388511658,128,467000,2.0532150268554688,1920,17,4,500000,1000,,467001.0,0.6833333373069763,0.5843905210494995,0.6520833373069763,0.6080833673477173,2067,1207614675,5,4
468001,1920,7020015,898561920,23520,0.6520833373069763,128,468000,2.0573620796203613,1920,17,4,500000,1000,,468001.0,0.6833333373069763,0.5843902826309204,0.6520833373069763,0.6081205010414124,2072,1207614675,5,4
469001,1920,7035015,900481920,23520,0.6520833373069763,128,469000,2.061655044555664,1920,17,4,500000,1000,,469001.0,0.6838541626930237,0.584388017654419,0.65625,0.6084592938423157,2076,1207614675,5,4
470001,1920,7050015,902401920,23520,0.65625,128,470000,2.065798282623291,1920,17,4,500000,1000,,470001.0,0.6854166388511658,0.5843886137008667,0.65625,0.6082811951637268,2081,1207614675,5,4
471001,1920,7065015,904321920,23520,0.65625,128,471000,2.0698082447052,1920,17,4,500000,1000,,471001.0,0.6859375238418579,0.584389328956604,0.65625,0.6084432005882263,2086,1207614675,5,4
472001,1920,7080015,906241920,23520,0.65625,128,472000,2.073744297027588,1920,17,4,500000,1000,,472001.0,0.6854166388511658,0.5843877792358398,0.6583333611488342,0.6082236170768738,2090,1207614675,5,4
473001,1920,7095015,908161920,23520,0.6583333611488342,128,473000,2.0780460834503174,1920,17,4,500000,1000,,473001.0,0.684374988079071,0.5843928456306458,0.65625,0.6082372069358826,2094,1207614675,5,4
474001,1920,7110015,910081920,23520,0.65625,128,474000,2.0819880962371826,1920,17,4,500000,1000,,474001.0,0.6838541626930237,0.5843897461891174,0.65625,0.608342707157135,2099,1207614675,5,4
475001,1920,7125015,912001920,23520,0.65625,128,475000,2.086454153060913,1920,17,4,500000,1000,,475001.0,0.6854166388511658,0.5843895077705383,0.65625,0.6083736419677734,2106,1207614675,5,4
476001,1920,7140015,913921920,23520,0.65625,128,476000,2.0908660888671875,1920,17,4,500000,1000,,476001.0,0.6854166388511658,0.5843881368637085,0.65625,0.6084061861038208,2111,1207614675,5,4
477001,1920,7155015,915841920,23520,0.65625,128,477000,2.0948612689971924,1920,17,4,500000,1000,,477001.0,0.6848958134651184,0.5843867063522339,0.65625,0.6083352565765381,2115,1207614675,5,4
478001,1920,7170015,917761920,23520,0.65625,128,478000,2.098879337310791,1920,17,4,500000,1000,,478001.0,0.6848958134651184,0.5843862891197205,0.65625,0.6083526015281677,2120,1207614675,5,4
479001,1920,7185015,919681920,23520,0.65625,128,479000,2.1028242111206055,1920,17,4,500000,1000,,479001.0,0.6848958134651184,0.5843843817710876,0.65625,0.6082632541656494,2124,1207614675,5,4
480001,1920,7200015,921601920,23520,0.65625,128,480000,2.1066930294036865,1920,17,4,500000,1000,,480001.0,0.6848958134651184,0.584385097026825,0.65625,0.6081874966621399,2128,1207614675,5,4
481001,1920,7215015,923521920,23520,0.65625,128,481000,2.110818862915039,1920,17,4,500000,1000,,481001.0,0.6859375238418579,0.5843848586082458,0.65625,0.6082478165626526,2132,1207614675,5,4
482001,1920,7230015,925441920,23520,0.65625,128,482000,2.115027666091919,1920,17,4,500000,1000,,482001.0,0.6854166388511658,0.5843849182128906,0.6541666388511658,0.6082363128662109,2136,1207614675,5,4
483001,1920,7245015,927361920,23520,0.6541666388511658,128,483000,2.119051694869995,1920,17,4,500000,1000,,483001.0,0.6848958134651184,0.5843841433525085,0.6520833373069763,0.6082972288131714,2141,1207614675,5,4
484001,1920,7260015,929281920,23520,0.6520833373069763,128,484000,2.123084783554077,1920,17,4,500000,1000,,484001.0,0.6854166388511658,0.5843839049339294,0.6541666388511658,0.608320415019989,2145,1207614675,5,4
485001,1920,7275015,931201920,23520,0.6541666388511658,128,485000,2.127286911010742,1920,17,4,500000,1000,,485001.0,0.6848958134651184,0.5843840837478638,0.6520833373069763,0.6082025170326233,2149,1207614675,5,4
486001,1920,7290015,933121920,23520,0.6520833373069763,128,486000,2.131258726119995,1920,17,4,500000,1000,,486001.0,0.6838541626930237,0.5843818783760071,0.6541666388511658,0.6081769466400146,2153,1207614675,5,4
487001,1920,7305015,935041920,23520,0.6541666388511658,128,487000,2.1351988315582275,1920,17,4,500000,1000,,487001.0,0.6859375238418579,0.5843815207481384,0.65625,0.6084285974502563,2158,1207614675,5,4
488001,1920,7320015,936961920,23520,0.65625,128,488000,2.139714002609253,1920,17,4,500000,1000,,488001.0,0.6848958134651184,0.5843843817710876,0.65625,0.6083585023880005,2162,1207614675,5,4
489001,1920,7335015,938881920,23520,0.65625,128,489000,2.1444079875946045,1920,17,4,500000,1000,,489001.0,0.684374988079071,0.5843846201896667,0.6520833373069763,0.6084908843040466,2166,1207614675,5,4
490001,1920,7350015,940801920,23520,0.6520833373069763,128,490000,2.148721694946289,1920,17,4,500000,1000,,490001.0,0.684374988079071,0.5843815207481384,0.6604166626930237,0.6082667112350464,2171,1207614675,5,4
491001,1920,7365015,942721920,23520,0.6604166626930237,128,491000,2.1530277729034424,1920,17,4,500000,1000,,491001.0,0.6859375238418579,0.5843790173530579,0.65625,0.6082907915115356,2175,1207614675,5,4
492001,1920,7380015,944641920,23520,0.65625,128,492000,2.1574296951293945,1920,17,4,500000,1000,,492001.0,0.684374988079071,0.5843770503997803,0.6541666388511658,0.6083611845970154,2179,1207614675,5,4
493001,1920,7395015,946561920,23520,0.6541666388511658,128,493000,2.161472797393799,1920,17,4,500000,1000,,493001.0,0.6854166388511658,0.5843798518180847,0.65625,0.608221709728241,2184,1207614675,5,4
494001,1920,7410015,948481920,23520,0.65625,128,494000,2.1657557487487793,1920,17,4,500000,1000,,494001.0,0.684374988079071,0.5843782424926758,0.6583333611488342,0.608360230922699,2188,1207614675,5,4
495001,1920,7425015,950401920,23520,0.6583333611488342,128,495000,2.170276641845703,1920,17,4,500000,1000,,495001.0,0.684374988079071,0.5843769311904907,0.6520833373069763,0.6084241271018982,2192,1207614675,5,4
496001,1920,7440015,952321920,23520,0.6520833373069763,128,496000,2.1743505001068115,1920,17,4,500000,1000,,496001.0,0.6833333373069763,0.5843763947486877,0.6520833373069763,0.6083361506462097,2196,1207614675,5,4
497001,1920,7455015,954241920,23520,0.6520833373069763,128,497000,2.1787686347961426,1920,17,4,500000,1000,,497001.0,0.6838541626930237,0.5843781232833862,0.65625,0.6083720922470093,2201,1207614675,5,4
498001,1920,7470015,956161920,23520,0.65625,128,498000,2.1832547187805176,1920,17,4,500000,1000,,498001.0,0.684374988079071,0.5843772888183594,0.6520833373069763,0.6082160472869873,2205,1207614675,5,4
499001,1920,7485015,958081920,23520,0.6520833373069763,128,499000,2.1874427795410156,1920,17,4,500000,1000,,499001.0,0.684374988079071,0.5843765735626221,0.65625,0.6082357168197632,2210,1207614675,5,4
499998,1920,7499970,959996160,23520,0.65625,128,499997,2.191309690475464,1920,17,4,500000,1000,,499998.0,0.684374988079071,0.5843750238418579,0.6541666388511658,0.6083070635795593,2214,1207614675,5,4
499999,1920,7499985,959998080,23520,0.6541666388511658,128,499998,2.195861577987671,1920,17,4,500000,1000,,499999.0,0.684374988079071,0.5843748450279236,0.6520833373069763,0.6083136200904846,2214,1207614675,5,4
500000,1920,7500000,960000000,23520,0.6520833373069763,128,499999,2.200063705444336,1920,17,4,500000,1000,,500000.0,0.684374988079071,0.5843747854232788,0.6541666388511658,0.6083194613456726,2214,1207614675,5,4
