pf_calls,num_answers,model_updates,num_grad_comps,answers_bytes,last_score,batch_size,k,elapsed_time,train_data,n,d,max_epochs,verbose,ident,_epochs,score_train,loss_train,score_test,loss_test,_elapsed_time,seed,run_id,dim
1,1920,15,1920,23520,0.5458333492279053,128,0,0.03996396064758301,1920,17,2,500000,1000,,1.0,0.5307291746139526,0.6931472420692444,0.5520833134651184,0.6931471228599548,0,1328365866,1,2
1001,1920,15015,1921920,23520,0.5520833134651184,128,1000,0.04380226135253906,1920,17,2,500000,1000,,1001.0,0.6390625238418579,0.6316223740577698,0.6020833253860474,0.6369982361793518,3,1328365866,1,2
2001,1920,30015,3841920,23520,0.6020833253860474,128,2000,0.04762625694274902,1920,17,2,500000,1000,,2001.0,0.6536458134651184,0.6226781010627747,0.6000000238418579,0.6350618600845337,7,1328365866,1,2
3001,1920,45015,5761920,23520,0.6000000238418579,128,3000,0.051369428634643555,1920,17,2,500000,1000,,3001.0,0.6546875238418579,0.61977618932724,0.6020833253860474,0.6383755207061768,11,1328365866,1,2
4001,1920,60015,7681920,23520,0.6020833253860474,128,4000,0.05522346496582031,1920,17,2,500000,1000,,4001.0,0.6484375,0.6183924078941345,0.6104166507720947,0.6414654850959778,15,1328365866,1,2
5001,1920,75015,9601920,23520,0.6104166507720947,128,5000,0.059051513671875,1920,17,2,500000,1000,,5001.0,0.653124988079071,0.617601752281189,0.6020833253860474,0.6438403725624084,19,1328365866,1,2
6001,1920,90015,11521920,23520,0.6020833253860474,128,6000,0.06351161003112793,1920,17,2,500000,1000,,6001.0,0.6541666388511658,0.6170903444290161,0.6041666865348816,0.6461424231529236,23,1328365866,1,2
7001,1920,105015,13441920,23520,0.6041666865348816,128,7000,0.06751370429992676,1920,17,2,500000,1000,,7001.0,0.6552083492279053,0.616738498210907,0.6020833253860474,0.6476176381111145,27,1328365866,1,2
8001,1920,120015,15361920,23520,0.6020833253860474,128,8000,0.07125473022460938,1920,17,2,500000,1000,,8001.0,0.6520833373069763,0.6164870858192444,0.6083333492279053,0.6493045091629028,31,1328365866,1,2
9001,1920,135015,17281920,23520,0.6083333492279053,128,9000,0.0750126838684082,1920,17,2,500000,1000,,9001.0,0.6536458134651184,0.6163027286529541,0.6104166507720947,0.6508632302284241,35,1328365866,1,2
10001,1920,150015,19201920,23520,0.6104166507720947,128,10000,0.07936573028564453,1920,17,2,500000,1000,,10001.0,0.6557291746139526,0.6161646246910095,0.6145833134651184,0.6513733267784119,39,1328365866,1,2
11001,1920,165015,21121920,23520,0.6145833134651184,128,11000,0.08306264877319336,1920,17,2,500000,1000,,11001.0,0.6567708253860474,0.6160455942153931,0.612500011920929,0.6521019339561462,43,1328365866,1,2
12001,1920,180015,23041920,23520,0.612500011920929,128,12000,0.08686256408691406,1920,17,2,500000,1000,,12001.0,0.6567708253860474,0.6159554719924927,0.612500011920929,0.6530357599258423,47,1328365866,1,2
13001,1920,195015,24961920,23520,0.612500011920929,128,13000,0.09063863754272461,1920,17,2,500000,1000,,13001.0,0.6578124761581421,0.6158515214920044,0.6104166507720947,0.6540334820747375,51,1328365866,1,2
14001,1920,210015,26881920,23520,0.6104166507720947,128,14000,0.09466958045959473,1920,17,2,500000,1000,,14001.0,0.6583333611488342,0.6157386898994446,0.606249988079071,0.6544924974441528,55,1328365866,1,2
15001,1920,225015,28801920,23520,0.606249988079071,128,15000,0.09897160530090332,1920,17,2,500000,1000,,15001.0,0.6588541865348816,0.615621030330658,0.6041666865348816,0.6551818251609802,59,1328365866,1,2
16001,1920,240015,30721920,23520,0.6041666865348816,128,16000,0.10362887382507324,1920,17,2,500000,1000,,16001.0,0.6604166626930237,0.6154324412345886,0.606249988079071,0.6559906601905823,63,1328365866,1,2
17001,1920,255015,32641920,23520,0.606249988079071,128,17000,0.10741162300109863,1920,17,2,500000,1000,,17001.0,0.6619791388511658,0.6152580380439758,0.6041666865348816,0.6567232608795166,68,1328365866,1,2
18001,1920,270015,34561920,23520,0.6041666865348816,128,18000,0.11145162582397461,1920,17,2,500000,1000,,18001.0,0.6619791388511658,0.6150778532028198,0.6041666865348816,0.6581132411956787,72,1328365866,1,2
19001,1920,285015,36481920,23520,0.6041666865348816,128,19000,0.1157066822052002,1920,17,2,500000,1000,,19001.0,0.6619791388511658,0.61497962474823,0.6020833253860474,0.6588704586029053,76,1328365866,1,2
20001,1920,300015,38401920,23520,0.6020833253860474,128,20000,0.1196136474609375,1920,17,2,500000,1000,,20001.0,0.6619791388511658,0.6149032115936279,0.5958333611488342,0.6597428917884827,80,1328365866,1,2
21001,1920,315015,40321920,23520,0.5958333611488342,128,21000,0.12525033950805664,1920,17,2,500000,1000,,21001.0,0.6619791388511658,0.6148595213890076,0.5958333611488342,0.6605106592178345,86,1328365866,1,2
22001,1920,330015,42241920,23520,0.5958333611488342,128,22000,0.1290283203125,1920,17,2,500000,1000,,22001.0,0.6625000238418579,0.6148157715797424,0.5979166626930237,0.6613444089889526,92,1328365866,1,2
23001,1920,345015,44161920,23520,0.5979166626930237,128,23000,0.13294291496276855,1920,17,2,500000,1000,,23001.0,0.6625000238418579,0.614793598651886,0.6000000238418579,0.6615061163902283,97,1328365866,1,2
24001,1920,360015,46081920,23520,0.6000000238418579,128,24000,0.13669586181640625,1920,17,2,500000,1000,,24001.0,0.6630208492279053,0.6147684454917908,0.5958333611488342,0.6622937321662903,101,1328365866,1,2
25001,1920,375015,48001920,23520,0.5958333611488342,128,25000,0.14107966423034668,1920,17,2,500000,1000,,25001.0,0.6635416746139526,0.6147556304931641,0.5958333611488342,0.6625010967254639,106,1328365866,1,2
26001,1920,390015,49921920,23520,0.5958333611488342,128,26000,0.14526963233947754,1920,17,2,500000,1000,,26001.0,0.6635416746139526,0.6147348880767822,0.5979166626930237,0.6626269221305847,111,1328365866,1,2
27001,1920,405015,51841920,23520,0.5979166626930237,128,27000,0.14902687072753906,1920,17,2,500000,1000,,27001.0,0.6651041507720947,0.6147221922874451,0.5979166626930237,0.6629323363304138,115,1328365866,1,2
28001,1920,420015,53761920,23520,0.5979166626930237,128,28000,0.15289092063903809,1920,17,2,500000,1000,,28001.0,0.6651041507720947,0.6147104501724243,0.5979166626930237,0.6634373068809509,119,1328365866,1,2
29001,1920,435015,55681920,23520,0.5979166626930237,128,29000,0.15676283836364746,1920,17,2,500000,1000,,29001.0,0.6640625,0.6147024631500244,0.5979166626930237,0.6635122895240784,123,1328365866,1,2
30001,1920,450015,57601920,23520,0.5979166626930237,128,30000,0.16080474853515625,1920,17,2,500000,1000,,30001.0,0.6645833253860474,0.6146970987319946,0.5958333611488342,0.6639015674591064,127,1328365866,1,2
31001,1920,465015,59521920,23520,0.5958333611488342,128,31000,0.16469597816467285,1920,17,2,500000,1000,,31001.0,0.6656249761581421,0.6146901845932007,0.6000000238418579,0.663838803768158,131,1328365866,1,2
32001,1920,480015,61441920,23520,0.6000000238418579,128,32000,0.16882681846618652,1920,17,2,500000,1000,,32001.0,0.6645833253860474,0.6146863698959351,0.6000000238418579,0.6640427112579346,137,1328365866,1,2
33001,1920,495015,63361920,23520,0.6000000238418579,128,33000,0.17308902740478516,1920,17,2,500000,1000,,33001.0,0.6656249761581421,0.6146799921989441,0.5979166626930237,0.6642374396324158,143,1328365866,1,2
34001,1920,510015,65281920,23520,0.5979166626930237,128,34000,0.17676186561584473,1920,17,2,500000,1000,,34001.0,0.6656249761581421,0.6146763563156128,0.6000000238418579,0.6642364263534546,147,1328365866,1,2
35001,1920,525015,67201920,23520,0.6000000238418579,128,35000,0.18050694465637207,1920,17,2,500000,1000,,35001.0,0.6645833253860474,0.6146790385246277,0.6000000238418579,0.6644365191459656,152,1328365866,1,2
36001,1920,540015,69121920,23520,0.6000000238418579,128,36000,0.18443799018859863,1920,17,2,500000,1000,,36001.0,0.6640625,0.6146696209907532,0.5979166626930237,0.6643068194389343,157,1328365866,1,2
37001,1920,555015,71041920,23520,0.5979166626930237,128,37000,0.19544219970703125,1920,17,2,500000,1000,,37001.0,0.667187511920929,0.6146619319915771,0.5979166626930237,0.6647244691848755,162,1328365866,1,2
38001,1920,570015,72961920,23520,0.5979166626930237,128,38000,0.1995542049407959,1920,17,2,500000,1000,,38001.0,0.6656249761581421,0.6146621108055115,0.5979166626930237,0.6650230288505554,167,1328365866,1,2
39001,1920,585015,74881920,23520,0.5979166626930237,128,39000,0.2032933235168457,1920,17,2,500000,1000,,39001.0,0.6656249761581421,0.614665687084198,0.5979166626930237,0.6649721264839172,172,1328365866,1,2
40001,1920,600015,76801920,23520,0.5979166626930237,128,40000,0.20769619941711426,1920,17,2,500000,1000,,40001.0,0.6645833253860474,0.6146574020385742,0.6000000238418579,0.665040135383606,177,1328365866,1,2
41001,1920,615015,78721920,23520,0.6000000238418579,128,41000,0.2115480899810791,1920,17,2,500000,1000,,41001.0,0.6625000238418579,0.6146566271781921,0.6020833253860474,0.6648854613304138,181,1328365866,1,2
42001,1920,630015,80641920,23520,0.6020833253860474,128,42000,0.21532130241394043,1920,17,2,500000,1000,,42001.0,0.6625000238418579,0.6146541833877563,0.5979166626930237,0.6654344201087952,185,1328365866,1,2
43001,1920,645015,82561920,23520,0.5979166626930237,128,43000,0.2190873622894287,1920,17,2,500000,1000,,43001.0,0.6640625,0.6146498322486877,0.6000000238418579,0.6653066873550415,189,1328365866,1,2
44001,1920,660015,84481920,23520,0.6000000238418579,128,44000,0.22284340858459473,1920,17,2,500000,1000,,44001.0,0.6645833253860474,0.6146499514579773,0.5979166626930237,0.6650868654251099,193,1328365866,1,2
45001,1920,675015,86401920,23520,0.5979166626930237,128,45000,0.22665143013000488,1920,17,2,500000,1000,,45001.0,0.6625000238418579,0.6146469116210938,0.6000000238418579,0.6653229594230652,197,1328365866,1,2
46001,1920,690015,88321920,23520,0.6000000238418579,128,46000,0.23057055473327637,1920,17,2,500000,1000,,46001.0,0.6635416746139526,0.6146488189697266,0.5979166626930237,0.6655299663543701,200,1328365866,1,2
47001,1920,705015,90241920,23520,0.5979166626930237,128,47000,0.23437786102294922,1920,17,2,500000,1000,,47001.0,0.6619791388511658,0.6146519780158997,0.6000000238418579,0.6654261350631714,204,1328365866,1,2
48001,1920,720015,92161920,23520,0.6000000238418579,128,48000,0.2381758689880371,1920,17,2,500000,1000,,48001.0,0.6619791388511658,0.6146456003189087,0.5979166626930237,0.6657218933105469,208,1328365866,1,2
49001,1920,735015,94081920,23520,0.5979166626930237,128,49000,0.24198698997497559,1920,17,2,500000,1000,,49001.0,0.6619791388511658,0.6146445870399475,0.5979166626930237,0.6657741069793701,212,1328365866,1,2
50001,1920,750015,96001920,23520,0.5979166626930237,128,50000,0.24652814865112305,1920,17,2,500000,1000,,50001.0,0.6630208492279053,0.6146467924118042,0.6000000238418579,0.6653910279273987,216,1328365866,1,2
51001,1920,765015,97921920,23520,0.6000000238418579,128,51000,0.2508270740509033,1920,17,2,500000,1000,,51001.0,0.6625000238418579,0.6146436929702759,0.5979166626930237,0.6661614775657654,220,1328365866,1,2
52001,1920,780015,99841920,23520,0.5979166626930237,128,52000,0.25461411476135254,1920,17,2,500000,1000,,52001.0,0.6625000238418579,0.6146451830863953,0.6020833253860474,0.6656550168991089,224,1328365866,1,2
53001,1920,795015,101761920,23520,0.6020833253860474,128,53000,0.2585132122039795,1920,17,2,500000,1000,,53001.0,0.6625000238418579,0.6146427989006042,0.6000000238418579,0.6655986905097961,229,1328365866,1,2
54001,1920,810015,103681920,23520,0.6000000238418579,128,54000,0.26225829124450684,1920,17,2,500000,1000,,54001.0,0.6619791388511658,0.6146419644355774,0.6000000238418579,0.6657494306564331,232,1328365866,1,2
55001,1920,825015,105601920,23520,0.6000000238418579,128,55000,0.2685973644256592,1920,17,2,500000,1000,,55001.0,0.6640625,0.6146410703659058,0.6000000238418579,0.665897786617279,237,1328365866,1,2
56001,1920,840015,107521920,23520,0.6000000238418579,128,56000,0.27321934700012207,1920,17,2,500000,1000,,56001.0,0.6635416746139526,0.6146407723426819,0.6000000238418579,0.6662184596061707,241,1328365866,1,2
57001,1920,855015,109441920,23520,0.6000000238418579,128,57000,0.27715134620666504,1920,17,2,500000,1000,,57001.0,0.6640625,0.6146422624588013,0.6000000238418579,0.6663972735404968,245,1328365866,1,2
58001,1920,870015,111361920,23520,0.6000000238418579,128,58000,0.28090643882751465,1920,17,2,500000,1000,,58001.0,0.6630208492279053,0.6146391034126282,0.6000000238418579,0.6661084294319153,249,1328365866,1,2
59001,1920,885015,113281920,23520,0.6000000238418579,128,59000,0.28465723991394043,1920,17,2,500000,1000,,59001.0,0.6651041507720947,0.6146364212036133,0.6000000238418579,0.6662589311599731,253,1328365866,1,2
60001,1920,900015,115201920,23520,0.6000000238418579,128,60000,0.28837132453918457,1920,17,2,500000,1000,,60001.0,0.6619791388511658,0.6146373152732849,0.5979166626930237,0.6660149693489075,257,1328365866,1,2
61001,1920,915015,117121920,23520,0.5979166626930237,128,61000,0.2921173572540283,1920,17,2,500000,1000,,61001.0,0.6630208492279053,0.6146405339241028,0.6020833253860474,0.6659381985664368,260,1328365866,1,2
62001,1920,930015,119041920,23520,0.6020833253860474,128,62000,0.29598426818847656,1920,17,2,500000,1000,,62001.0,0.6619791388511658,0.6146408319473267,0.5979166626930237,0.6657484769821167,264,1328365866,1,2
63001,1920,945015,120961920,23520,0.5979166626930237,128,63000,0.30002427101135254,1920,17,2,500000,1000,,63001.0,0.6635416746139526,0.6146387457847595,0.6000000238418579,0.6660553812980652,268,1328365866,1,2
64001,1920,960015,122881920,23520,0.6000000238418579,128,64000,0.3037753105163574,1920,17,2,500000,1000,,64001.0,0.6619791388511658,0.6146372556686401,0.5979166626930237,0.666525661945343,272,1328365866,1,2
65001,1920,975015,124801920,23520,0.5979166626930237,128,65000,0.3075141906738281,1920,17,2,500000,1000,,65001.0,0.6625000238418579,0.6146399974822998,0.5958333611488342,0.6659677028656006,276,1328365866,1,2
66001,1920,990015,126721920,23520,0.5958333611488342,128,66000,0.311276912689209,1920,17,2,500000,1000,,66001.0,0.6625000238418579,0.6146355867385864,0.5979166626930237,0.6657343506813049,280,1328365866,1,2
67001,1920,1005015,128641920,23520,0.5979166626930237,128,67000,0.31537485122680664,1920,17,2,500000,1000,,67001.0,0.6625000238418579,0.6146363615989685,0.5979166626930237,0.6660029292106628,284,1328365866,1,2
68001,1920,1020015,130561920,23520,0.5979166626930237,128,68000,0.31910157203674316,1920,17,2,500000,1000,,68001.0,0.6630208492279053,0.6146354675292969,0.6000000238418579,0.6662311553955078,288,1328365866,1,2
69001,1920,1035015,132481920,23520,0.6000000238418579,128,69000,0.32286548614501953,1920,17,2,500000,1000,,69001.0,0.6640625,0.6146345734596252,0.6000000238418579,0.666488766670227,292,1328365866,1,2
70001,1920,1050015,134401920,23520,0.6000000238418579,128,70000,0.32662439346313477,1920,17,2,500000,1000,,70001.0,0.6630208492279053,0.6146374344825745,0.6000000238418579,0.6660931706428528,296,1328365866,1,2
71001,1920,1065015,136321920,23520,0.6000000238418579,128,71000,0.33055758476257324,1920,17,2,500000,1000,,71001.0,0.6625000238418579,0.6146325469017029,0.6000000238418579,0.666551947593689,300,1328365866,1,2
72001,1920,1080015,138241920,23520,0.6000000238418579,128,72000,0.3343033790588379,1920,17,2,500000,1000,,72001.0,0.6635416746139526,0.6146350502967834,0.6000000238418579,0.6660976409912109,304,1328365866,1,2
73001,1920,1095015,140161920,23520,0.6000000238418579,128,73000,0.3380253314971924,1920,17,2,500000,1000,,73001.0,0.6630208492279053,0.6146333813667297,0.6000000238418579,0.6666997075080872,308,1328365866,1,2
74001,1920,1110015,142081920,23520,0.6000000238418579,128,74000,0.3419151306152344,1920,17,2,500000,1000,,74001.0,0.6625000238418579,0.6146361827850342,0.6000000238418579,0.6662976741790771,311,1328365866,1,2
75001,1920,1125015,144001920,23520,0.6000000238418579,128,75000,0.34565234184265137,1920,17,2,500000,1000,,75001.0,0.6619791388511658,0.6146339178085327,0.5979166626930237,0.6664236783981323,315,1328365866,1,2
76001,1920,1140015,145921920,23520,0.5979166626930237,128,76000,0.3493962287902832,1920,17,2,500000,1000,,76001.0,0.6625000238418579,0.6146297454833984,0.6000000238418579,0.6664956212043762,319,1328365866,1,2
77001,1920,1155015,147841920,23520,0.6000000238418579,128,77000,0.35312628746032715,1920,17,2,500000,1000,,77001.0,0.6625000238418579,0.6146360635757446,0.6000000238418579,0.6669183373451233,323,1328365866,1,2
78001,1920,1170015,149761920,23520,0.6000000238418579,128,78000,0.35692501068115234,1920,17,2,500000,1000,,78001.0,0.6630208492279053,0.6146379113197327,0.6020833253860474,0.6663346886634827,327,1328365866,1,2
79001,1920,1185015,151681920,23520,0.6020833253860474,128,79000,0.3606722354888916,1920,17,2,500000,1000,,79001.0,0.660937488079071,0.6146369576454163,0.6000000238418579,0.6663553714752197,331,1328365866,1,2
80001,1920,1200015,153601920,23520,0.6000000238418579,128,80000,0.364530086517334,1920,17,2,500000,1000,,80001.0,0.6604166626930237,0.614629864692688,0.5979166626930237,0.6663954854011536,335,1328365866,1,2
81001,1920,1215015,155521920,23520,0.5979166626930237,128,81000,0.3682999610900879,1920,17,2,500000,1000,,81001.0,0.660937488079071,0.6146348118782043,0.6000000238418579,0.6669192910194397,338,1328365866,1,2
82001,1920,1230015,157441920,23520,0.6000000238418579,128,82000,0.37212681770324707,1920,17,2,500000,1000,,82001.0,0.660937488079071,0.6146300435066223,0.5979166626930237,0.6668003797531128,342,1328365866,1,2
83001,1920,1245015,159361920,23520,0.5979166626930237,128,83000,0.37586092948913574,1920,17,2,500000,1000,,83001.0,0.6588541865348816,0.6146321892738342,0.6000000238418579,0.6663745641708374,346,1328365866,1,2
84001,1920,1260015,161281920,23520,0.6000000238418579,128,84000,0.3796117305755615,1920,17,2,500000,1000,,84001.0,0.6604166626930237,0.6146317720413208,0.6000000238418579,0.6665264964103699,350,1328365866,1,2
85001,1920,1275015,163201920,23520,0.6000000238418579,128,85000,0.3833458423614502,1920,17,2,500000,1000,,85001.0,0.659375011920929,0.6146293878555298,0.6000000238418579,0.6664034724235535,354,1328365866,1,2
86001,1920,1290015,165121920,23520,0.6000000238418579,128,86000,0.38710474967956543,1920,17,2,500000,1000,,86001.0,0.6604166626930237,0.6146298050880432,0.6020833253860474,0.6664775609970093,358,1328365866,1,2
87001,1920,1305015,167041920,23520,0.6020833253860474,128,87000,0.3908865451812744,1920,17,2,500000,1000,,87001.0,0.6578124761581421,0.6146298050880432,0.606249988079071,0.6665233373641968,361,1328365866,1,2
88001,1920,1320015,168961920,23520,0.606249988079071,128,88000,0.39461350440979004,1920,17,2,500000,1000,,88001.0,0.6588541865348816,0.6146271824836731,0.6020833253860474,0.6665876507759094,365,1328365866,1,2
89001,1920,1335015,170881920,23520,0.6020833253860474,128,89000,0.3984057903289795,1920,17,2,500000,1000,,89001.0,0.6583333611488342,0.6146318912506104,0.6041666865348816,0.6667055487632751,369,1328365866,1,2
90001,1920,1350015,172801920,23520,0.6041666865348816,128,90000,0.4024088382720947,1920,17,2,500000,1000,,90001.0,0.6583333611488342,0.6146349310874939,0.5958333611488342,0.6656283736228943,373,1328365866,1,2
91001,1920,1365015,174721920,23520,0.5958333611488342,128,91000,0.4061777591705322,1920,17,2,500000,1000,,91001.0,0.6583333611488342,0.6146270036697388,0.6020833253860474,0.666342556476593,377,1328365866,1,2
92001,1920,1380015,176641920,23520,0.6020833253860474,128,92000,0.41003990173339844,1920,17,2,500000,1000,,92001.0,0.6583333611488342,0.6146249771118164,0.5979166626930237,0.6664928197860718,381,1328365866,1,2
93001,1920,1395015,178561920,23520,0.5979166626930237,128,93000,0.41388392448425293,1920,17,2,500000,1000,,93001.0,0.6583333611488342,0.6146329641342163,0.6000000238418579,0.6665485501289368,385,1328365866,1,2
94001,1920,1410015,180481920,23520,0.6000000238418579,128,94000,0.41761207580566406,1920,17,2,500000,1000,,94001.0,0.6583333611488342,0.6146301627159119,0.6020833253860474,0.6665111780166626,388,1328365866,1,2
95001,1920,1425015,182401920,23520,0.6020833253860474,128,95000,0.42134928703308105,1920,17,2,500000,1000,,95001.0,0.6578124761581421,0.6146263480186462,0.6041666865348816,0.6664443612098694,392,1328365866,1,2
96001,1920,1440015,184321920,23520,0.6041666865348816,128,96000,0.4250791072845459,1920,17,2,500000,1000,,96001.0,0.6588541865348816,0.614630937576294,0.5979166626930237,0.6662012338638306,396,1328365866,1,2
97001,1920,1455015,186241920,23520,0.5979166626930237,128,97000,0.42881274223327637,1920,17,2,500000,1000,,97001.0,0.6583333611488342,0.6146324872970581,0.6020833253860474,0.6664113998413086,400,1328365866,1,2
98001,1920,1470015,188161920,23520,0.6020833253860474,128,98000,0.43263792991638184,1920,17,2,500000,1000,,98001.0,0.6578124761581421,0.6146243214607239,0.6000000238418579,0.6667754054069519,404,1328365866,1,2
99001,1920,1485015,190081920,23520,0.6000000238418579,128,99000,0.43639659881591797,1920,17,2,500000,1000,,99001.0,0.6604166626930237,0.6146264672279358,0.6020833253860474,0.6667789816856384,407,1328365866,1,2
100001,1920,1500015,192001920,23520,0.6020833253860474,128,100000,0.44014763832092285,1920,17,2,500000,1000,,100001.0,0.6588541865348816,0.614632248878479,0.6041666865348816,0.6667633056640625,411,1328365866,1,2
101001,1920,1515015,193921920,23520,0.6041666865348816,128,101000,0.4440953731536865,1920,17,2,500000,1000,,101001.0,0.659375011920929,0.6146281957626343,0.6020833253860474,0.6669390201568604,415,1328365866,1,2
102001,1920,1530015,195841920,23520,0.6020833253860474,128,102000,0.4478940963745117,1920,17,2,500000,1000,,102001.0,0.6572916507720947,0.614624559879303,0.6020833253860474,0.6666761040687561,419,1328365866,1,2
103001,1920,1545015,197761920,23520,0.6020833253860474,128,103000,0.4521191120147705,1920,17,2,500000,1000,,103001.0,0.6588541865348816,0.6146284937858582,0.6020833253860474,0.6666469573974609,423,1328365866,1,2
104001,1920,1560015,199681920,23520,0.6020833253860474,128,104000,0.45589303970336914,1920,17,2,500000,1000,,104001.0,0.65625,0.6146223545074463,0.6020833253860474,0.6668573617935181,426,1328365866,1,2
105001,1920,1575015,201601920,23520,0.6020833253860474,128,105000,0.4596560001373291,1920,17,2,500000,1000,,105001.0,0.6588541865348816,0.6146253943443298,0.6041666865348816,0.666848361492157,430,1328365866,1,2
106001,1920,1590015,203521920,23520,0.6041666865348816,128,106000,0.46338415145874023,1920,17,2,500000,1000,,106001.0,0.6588541865348816,0.6146247982978821,0.6041666865348816,0.6666005253791809,434,1328365866,1,2
107001,1920,1605015,205441920,23520,0.6041666865348816,128,107000,0.4671361446380615,1920,17,2,500000,1000,,107001.0,0.6588541865348816,0.6146259307861328,0.6041666865348816,0.6664233803749084,438,1328365866,1,2
108001,1920,1620015,207361920,23520,0.6041666865348816,128,108000,0.4712200164794922,1920,17,2,500000,1000,,108001.0,0.6578124761581421,0.6146255135536194,0.6041666865348816,0.6664003133773804,442,1328365866,1,2
109001,1920,1635015,209281920,23520,0.6041666865348816,128,109000,0.47493481636047363,1920,17,2,500000,1000,,109001.0,0.6578124761581421,0.6146236658096313,0.6041666865348816,0.6665909290313721,446,1328365866,1,2
110001,1920,1650015,211201920,23520,0.6041666865348816,128,110000,0.4787416458129883,1920,17,2,500000,1000,,110001.0,0.6572916507720947,0.6146222949028015,0.6020833253860474,0.6667976975440979,450,1328365866,1,2
111001,1920,1665015,213121920,23520,0.6020833253860474,128,111000,0.48247575759887695,1920,17,2,500000,1000,,111001.0,0.65625,0.6146270036697388,0.6041666865348816,0.6661512851715088,453,1328365866,1,2
112001,1920,1680015,215041920,23520,0.6041666865348816,128,112000,0.48621392250061035,1920,17,2,500000,1000,,112001.0,0.6578124761581421,0.6146257519721985,0.6041666865348816,0.6665485501289368,457,1328365866,1,2
113001,1920,1695015,216961920,23520,0.6041666865348816,128,113000,0.4899461269378662,1920,17,2,500000,1000,,113001.0,0.65625,0.6146215796470642,0.6041666865348816,0.66667640209198,461,1328365866,1,2
114001,1920,1710015,218881920,23520,0.6041666865348816,128,114000,0.49367618560791016,1920,17,2,500000,1000,,114001.0,0.6583333611488342,0.6146232485771179,0.6000000238418579,0.6668586730957031,465,1328365866,1,2
115001,1920,1725015,220801920,23520,0.6000000238418579,128,115000,0.49744200706481934,1920,17,2,500000,1000,,115001.0,0.6598958373069763,0.6146262884140015,0.6041666865348816,0.6666742563247681,469,1328365866,1,2
116001,1920,1740015,222721920,23520,0.6041666865348816,128,116000,0.5011827945709229,1920,17,2,500000,1000,,116001.0,0.6578124761581421,0.6146248579025269,0.6041666865348816,0.6663181185722351,473,1328365866,1,2
117001,1920,1755015,224641920,23520,0.6041666865348816,128,117000,0.5051429271697998,1920,17,2,500000,1000,,117001.0,0.6572916507720947,0.6146166324615479,0.6041666865348816,0.6668813824653625,476,1328365866,1,2
118001,1920,1770015,226561920,23520,0.6041666865348816,128,118000,0.5088679790496826,1920,17,2,500000,1000,,118001.0,0.6572916507720947,0.6146240234375,0.6041666865348816,0.6670331358909607,480,1328365866,1,2
119001,1920,1785015,228481920,23520,0.6041666865348816,128,119000,0.5127136707305908,1920,17,2,500000,1000,,119001.0,0.6572916507720947,0.614618182182312,0.606249988079071,0.6668230891227722,484,1328365866,1,2
120001,1920,1800015,230401920,23520,0.606249988079071,128,120000,0.5165586471557617,1920,17,2,500000,1000,,120001.0,0.6567708253860474,0.6146184802055359,0.6020833253860474,0.6667793393135071,488,1328365866,1,2
121001,1920,1815015,232321920,23520,0.6020833253860474,128,121000,0.5203588008880615,1920,17,2,500000,1000,,121001.0,0.65625,0.6146161556243896,0.6041666865348816,0.6667160391807556,492,1328365866,1,2
122001,1920,1830015,234241920,23520,0.6041666865348816,128,122000,0.5241167545318604,1920,17,2,500000,1000,,122001.0,0.65625,0.6146170496940613,0.6041666865348816,0.6669166684150696,496,1328365866,1,2
123001,1920,1845015,236161920,23520,0.6041666865348816,128,123000,0.527890682220459,1920,17,2,500000,1000,,123001.0,0.6572916507720947,0.614623486995697,0.6083333492279053,0.666770875453949,500,1328365866,1,2
124001,1920,1860015,238081920,23520,0.6083333492279053,128,124000,0.5316169261932373,1920,17,2,500000,1000,,124001.0,0.6578124761581421,0.6146166324615479,0.6020833253860474,0.6669123768806458,504,1328365866,1,2
125001,1920,1875015,240001920,23520,0.6020833253860474,128,125000,0.5353498458862305,1920,17,2,500000,1000,,125001.0,0.65625,0.6146212220191956,0.6041666865348816,0.6666380167007446,508,1328365866,1,2
126001,1920,1890015,241921920,23520,0.6041666865348816,128,126000,0.539125919342041,1920,17,2,500000,1000,,126001.0,0.6578124761581421,0.6146162152290344,0.606249988079071,0.6669812798500061,512,1328365866,1,2
127001,1920,1905015,243841920,23520,0.606249988079071,128,127000,0.5428740978240967,1920,17,2,500000,1000,,127001.0,0.6583333611488342,0.6146216988563538,0.6041666865348816,0.6666869521141052,515,1328365866,1,2
128001,1920,1920015,245761920,23520,0.6041666865348816,128,128000,0.5466506481170654,1920,17,2,500000,1000,,128001.0,0.6572916507720947,0.6146154999732971,0.606249988079071,0.6668433547019958,519,1328365866,1,2
129001,1920,1935015,247681920,23520,0.606249988079071,128,129000,0.5505037307739258,1920,17,2,500000,1000,,129001.0,0.6572916507720947,0.6146199703216553,0.6083333492279053,0.6669016480445862,523,1328365866,1,2
130001,1920,1950015,249601920,23520,0.6083333492279053,128,130000,0.5542478561401367,1920,17,2,500000,1000,,130001.0,0.6583333611488342,0.6146156191825867,0.606249988079071,0.6667274236679077,527,1328365866,1,2
131001,1920,1965015,251521920,23520,0.606249988079071,128,131000,0.5580079555511475,1920,17,2,500000,1000,,131001.0,0.6583333611488342,0.6146196126937866,0.606249988079071,0.6668619513511658,531,1328365866,1,2
132001,1920,1980015,253441920,23520,0.606249988079071,128,132000,0.5617001056671143,1920,17,2,500000,1000,,132001.0,0.6588541865348816,0.6146144270896912,0.606249988079071,0.6669765710830688,535,1328365866,1,2
133001,1920,1995015,255361920,23520,0.606249988079071,128,133000,0.5656142234802246,1920,17,2,500000,1000,,133001.0,0.6578124761581421,0.6146194338798523,0.606249988079071,0.6672545075416565,539,1328365866,1,2
134001,1920,2010015,257281920,23520,0.606249988079071,128,134000,0.5693750381469727,1920,17,2,500000,1000,,134001.0,0.6583333611488342,0.6146172881126404,0.606249988079071,0.6669636964797974,543,1328365866,1,2
135001,1920,2025015,259201920,23520,0.606249988079071,128,135000,0.5731289386749268,1920,17,2,500000,1000,,135001.0,0.6578124761581421,0.614613950252533,0.6083333492279053,0.6669676303863525,547,1328365866,1,2
136001,1920,2040015,261121920,23520,0.6083333492279053,128,136000,0.5768697261810303,1920,17,2,500000,1000,,136001.0,0.6578124761581421,0.614621102809906,0.606249988079071,0.6670325398445129,551,1328365866,1,2
137001,1920,2055015,263041920,23520,0.606249988079071,128,137000,0.5805997848510742,1920,17,2,500000,1000,,137001.0,0.6598958373069763,0.6146148443222046,0.6083333492279053,0.6664549112319946,554,1328365866,1,2
138001,1920,2070015,264961920,23520,0.6083333492279053,128,138000,0.5843629837036133,1920,17,2,500000,1000,,138001.0,0.6572916507720947,0.6146112084388733,0.606249988079071,0.6671165227890015,558,1328365866,1,2
139001,1920,2085015,266881920,23520,0.606249988079071,128,139000,0.5880939960479736,1920,17,2,500000,1000,,139001.0,0.6588541865348816,0.614616334438324,0.606249988079071,0.6674484610557556,562,1328365866,1,2
140001,1920,2100015,268801920,23520,0.606249988079071,128,140000,0.591961145401001,1920,17,2,500000,1000,,140001.0,0.6588541865348816,0.6146096587181091,0.606249988079071,0.667264997959137,566,1328365866,1,2
141001,1920,2115015,270721920,23520,0.606249988079071,128,141000,0.5957210063934326,1920,17,2,500000,1000,,141001.0,0.6578124761581421,0.614612877368927,0.606249988079071,0.6666907668113708,570,1328365866,1,2
142001,1920,2130015,272641920,23520,0.606249988079071,128,142000,0.5994679927825928,1920,17,2,500000,1000,,142001.0,0.6567708253860474,0.6146154403686523,0.606249988079071,0.6668816208839417,574,1328365866,1,2
143001,1920,2145015,274561920,23520,0.606249988079071,128,143000,0.6032376289367676,1920,17,2,500000,1000,,143001.0,0.6578124761581421,0.6146142482757568,0.6083333492279053,0.6671362519264221,578,1328365866,1,2
144001,1920,2160015,276481920,23520,0.6083333492279053,128,144000,0.6069836616516113,1920,17,2,500000,1000,,144001.0,0.6578124761581421,0.6146227717399597,0.6083333492279053,0.6672589778900146,582,1328365866,1,2
145001,1920,2175015,278401920,23520,0.6083333492279053,128,145000,0.6108448505401611,1920,17,2,500000,1000,,145001.0,0.6578124761581421,0.6146107912063599,0.6104166507720947,0.6667073965072632,585,1328365866,1,2
146001,1920,2190015,280321920,23520,0.6104166507720947,128,146000,0.6145598888397217,1920,17,2,500000,1000,,146001.0,0.6572916507720947,0.6146109104156494,0.606249988079071,0.6670845746994019,589,1328365866,1,2
147001,1920,2205015,282241920,23520,0.606249988079071,128,147000,0.6182892322540283,1920,17,2,500000,1000,,147001.0,0.6583333611488342,0.6146075129508972,0.6104166507720947,0.6674587726593018,593,1328365866,1,2
148001,1920,2220015,284161920,23520,0.6104166507720947,128,148000,0.6220822334289551,1920,17,2,500000,1000,,148001.0,0.65625,0.6146073937416077,0.6041666865348816,0.666817843914032,597,1328365866,1,2
149001,1920,2235015,286081920,23520,0.6041666865348816,128,149000,0.6258361339569092,1920,17,2,500000,1000,,149001.0,0.6598958373069763,0.6146100163459778,0.606249988079071,0.6668103337287903,601,1328365866,1,2
150001,1920,2250015,288001920,23520,0.606249988079071,128,150000,0.6296241283416748,1920,17,2,500000,1000,,150001.0,0.6572916507720947,0.6146032810211182,0.6083333492279053,0.666803240776062,605,1328365866,1,2
151001,1920,2265015,289921920,23520,0.6083333492279053,128,151000,0.6333329677581787,1920,17,2,500000,1000,,151001.0,0.6572916507720947,0.6146038174629211,0.6041666865348816,0.6673550009727478,608,1328365866,1,2
152001,1920,2280015,291841920,23520,0.6041666865348816,128,152000,0.6371049880981445,1920,17,2,500000,1000,,152001.0,0.6598958373069763,0.6146052479743958,0.6083333492279053,0.6666907668113708,612,1328365866,1,2
153001,1920,2295015,293761920,23520,0.6083333492279053,128,153000,0.6410188674926758,1920,17,2,500000,1000,,153001.0,0.6567708253860474,0.6146066784858704,0.6020833253860474,0.667487382888794,616,1328365866,1,2
154001,1920,2310015,295681920,23520,0.6020833253860474,128,154000,0.6449868679046631,1920,17,2,500000,1000,,154001.0,0.6583333611488342,0.6146063208580017,0.6041666865348816,0.6673164963722229,620,1328365866,1,2
155001,1920,2325015,297601920,23520,0.6041666865348816,128,155000,0.6487569808959961,1920,17,2,500000,1000,,155001.0,0.6578124761581421,0.6146024465560913,0.6041666865348816,0.6669193506240845,624,1328365866,1,2
156001,1920,2340015,299521920,23520,0.6041666865348816,128,156000,0.6524848937988281,1920,17,2,500000,1000,,156001.0,0.6572916507720947,0.6146029829978943,0.606249988079071,0.6666955947875977,628,1328365866,1,2
157001,1920,2355015,301441920,23520,0.606249988079071,128,157000,0.6565296649932861,1920,17,2,500000,1000,,157001.0,0.659375011920929,0.6146010756492615,0.6083333492279053,0.6671642065048218,631,1328365866,1,2
158001,1920,2370015,303361920,23520,0.6083333492279053,128,158000,0.6603727340698242,1920,17,2,500000,1000,,158001.0,0.6578124761581421,0.6146013736724854,0.606249988079071,0.667185366153717,635,1328365866,1,2
159001,1920,2385015,305281920,23520,0.606249988079071,128,159000,0.6641557216644287,1920,17,2,500000,1000,,159001.0,0.65625,0.6146067976951599,0.6083333492279053,0.6667200326919556,639,1328365866,1,2
160001,1920,2400015,307201920,23520,0.6083333492279053,128,160000,0.6679236888885498,1920,17,2,500000,1000,,160001.0,0.6557291746139526,0.6146024465560913,0.6020833253860474,0.667263925075531,643,1328365866,1,2
161001,1920,2415015,309121920,23520,0.6020833253860474,128,161000,0.6718027591705322,1920,17,2,500000,1000,,161001.0,0.6598958373069763,0.614594042301178,0.6083333492279053,0.6671218872070312,647,1328365866,1,2
162001,1920,2430015,311041920,23520,0.6083333492279053,128,162000,0.6755697727203369,1920,17,2,500000,1000,,162001.0,0.65625,0.6145933866500854,0.6020833253860474,0.6669280529022217,651,1328365866,1,2
163001,1920,2445015,312961920,23520,0.6020833253860474,128,163000,0.6794118881225586,1920,17,2,500000,1000,,163001.0,0.6572916507720947,0.6145963668823242,0.6020833253860474,0.6671913266181946,655,1328365866,1,2
164001,1920,2460015,314881920,23520,0.6020833253860474,128,164000,0.6831521987915039,1920,17,2,500000,1000,,164001.0,0.6567708253860474,0.6145942211151123,0.6020833253860474,0.6676114797592163,659,1328365866,1,2
165001,1920,2475015,316801920,23520,0.6020833253860474,128,165000,0.6873509883880615,1920,17,2,500000,1000,,165001.0,0.6588541865348816,0.6145971417427063,0.6041666865348816,0.6675683856010437,663,1328365866,1,2
166001,1920,2490015,318721920,23520,0.6041666865348816,128,166000,0.6912062168121338,1920,17,2,500000,1000,,166001.0,0.6583333611488342,0.6145951151847839,0.6020833253860474,0.6673075556755066,666,1328365866,1,2
167001,1920,2505015,320641920,23520,0.6020833253860474,128,167000,0.6949484348297119,1920,17,2,500000,1000,,167001.0,0.6567708253860474,0.6145930886268616,0.5979166626930237,0.6674739122390747,670,1328365866,1,2
168001,1920,2520015,322561920,23520,0.5979166626930237,128,168000,0.6987166404724121,1920,17,2,500000,1000,,168001.0,0.6567708253860474,0.614588737487793,0.6000000238418579,0.6673000454902649,674,1328365866,1,2
169001,1920,2535015,324481920,23520,0.6000000238418579,128,169000,0.7024238109588623,1920,17,2,500000,1000,,169001.0,0.6572916507720947,0.6145827174186707,0.6000000238418579,0.6674622893333435,678,1328365866,1,2
170001,1920,2550015,326401920,23520,0.6000000238418579,128,170000,0.7062027454376221,1920,17,2,500000,1000,,170001.0,0.659375011920929,0.6145872473716736,0.5979166626930237,0.6667189002037048,682,1328365866,1,2
171001,1920,2565015,328321920,23520,0.5979166626930237,128,171000,0.7099606990814209,1920,17,2,500000,1000,,171001.0,0.6578124761581421,0.6145866513252258,0.6020833253860474,0.6669061183929443,686,1328365866,1,2
172001,1920,2580015,330241920,23520,0.6020833253860474,128,172000,0.7137446403503418,1920,17,2,500000,1000,,172001.0,0.6588541865348816,0.6145850419998169,0.5979166626930237,0.6666505336761475,689,1328365866,1,2
173001,1920,2595015,332161920,23520,0.5979166626930237,128,173000,0.7178013324737549,1920,17,2,500000,1000,,173001.0,0.659375011920929,0.6145828366279602,0.5958333611488342,0.6669653058052063,693,1328365866,1,2
174001,1920,2610015,334081920,23520,0.5958333611488342,128,174000,0.7216193675994873,1920,17,2,500000,1000,,174001.0,0.660937488079071,0.6145831942558289,0.6000000238418579,0.6669741868972778,697,1328365866,1,2
175001,1920,2625015,336001920,23520,0.6000000238418579,128,175000,0.7255163192749023,1920,17,2,500000,1000,,175001.0,0.6598958373069763,0.6145800352096558,0.6000000238418579,0.6671386957168579,701,1328365866,1,2
176001,1920,2640015,337921920,23520,0.6000000238418579,128,176000,0.7292923927307129,1920,17,2,500000,1000,,176001.0,0.6619791388511658,0.614574670791626,0.6000000238418579,0.6671504974365234,705,1328365866,1,2
177001,1920,2655015,339841920,23520,0.6000000238418579,128,177000,0.7330293655395508,1920,17,2,500000,1000,,177001.0,0.660937488079071,0.6145744323730469,0.6000000238418579,0.6671991348266602,709,1328365866,1,2
178001,1920,2670015,341761920,23520,0.6000000238418579,128,178000,0.7369632720947266,1920,17,2,500000,1000,,178001.0,0.6604166626930237,0.6145696043968201,0.6000000238418579,0.6670091152191162,713,1328365866,1,2
179001,1920,2685015,343681920,23520,0.6000000238418579,128,179000,0.7407352924346924,1920,17,2,500000,1000,,179001.0,0.6625000238418579,0.614569365978241,0.5979166626930237,0.6673350930213928,717,1328365866,1,2
180001,1920,2700015,345601920,23520,0.5979166626930237,128,180000,0.7452623844146729,1920,17,2,500000,1000,,180001.0,0.659375011920929,0.614564061164856,0.6000000238418579,0.6668676733970642,721,1328365866,1,2
181001,1920,2715015,347521920,23520,0.6000000238418579,128,181000,0.7490434646606445,1920,17,2,500000,1000,,181001.0,0.6598958373069763,0.6145684123039246,0.5979166626930237,0.6669608354568481,725,1328365866,1,2
182001,1920,2730015,349441920,23520,0.5979166626930237,128,182000,0.7527945041656494,1920,17,2,500000,1000,,182001.0,0.6614583134651184,0.614564836025238,0.6000000238418579,0.6669298410415649,729,1328365866,1,2
183001,1920,2745015,351361920,23520,0.6000000238418579,128,183000,0.7566416263580322,1920,17,2,500000,1000,,183001.0,0.6619791388511658,0.6145569086074829,0.6020833253860474,0.6666691303253174,733,1328365866,1,2
184001,1920,2760015,353281920,23520,0.6020833253860474,128,184000,0.7606663703918457,1920,17,2,500000,1000,,184001.0,0.6619791388511658,0.6145572662353516,0.5979166626930237,0.6671107411384583,737,1328365866,1,2
185001,1920,2775015,355201920,23520,0.5979166626930237,128,185000,0.7644953727722168,1920,17,2,500000,1000,,185001.0,0.6588541865348816,0.6145544052124023,0.5979166626930237,0.6668906807899475,741,1328365866,1,2
186001,1920,2790015,357121920,23520,0.5979166626930237,128,186000,0.7683203220367432,1920,17,2,500000,1000,,186001.0,0.6588541865348816,0.6145471334457397,0.6000000238418579,0.6674172282218933,744,1328365866,1,2
187001,1920,2805015,359041920,23520,0.6000000238418579,128,187000,0.7726492881774902,1920,17,2,500000,1000,,187001.0,0.6572916507720947,0.6145445704460144,0.6000000238418579,0.6671750545501709,748,1328365866,1,2
188001,1920,2820015,360961920,23520,0.6000000238418579,128,188000,0.7763833999633789,1920,17,2,500000,1000,,188001.0,0.6588541865348816,0.6145368218421936,0.6000000238418579,0.6671807765960693,752,1328365866,1,2
189001,1920,2835015,362881920,23520,0.6000000238418579,128,189000,0.7804455757141113,1920,17,2,500000,1000,,189001.0,0.659375011920929,0.6145324110984802,0.6020833253860474,0.6670939326286316,756,1328365866,1,2
190001,1920,2850015,364801920,23520,0.6020833253860474,128,190000,0.7842895984649658,1920,17,2,500000,1000,,190001.0,0.6598958373069763,0.6145274639129639,0.6020833253860474,0.6669858694076538,760,1328365866,1,2
191001,1920,2865015,366721920,23520,0.6020833253860474,128,191000,0.7880885601043701,1920,17,2,500000,1000,,191001.0,0.6588541865348816,0.6145239472389221,0.5979166626930237,0.6671733856201172,764,1328365866,1,2
192001,1920,2880015,368641920,23520,0.5979166626930237,128,192000,0.7918107509613037,1920,17,2,500000,1000,,192001.0,0.6588541865348816,0.6145116686820984,0.6000000238418579,0.6670020818710327,768,1328365866,1,2
193001,1920,2895015,370561920,23520,0.6000000238418579,128,193000,0.7955751419067383,1920,17,2,500000,1000,,193001.0,0.6583333611488342,0.6145070195198059,0.6000000238418579,0.6668483018875122,772,1328365866,1,2
194001,1920,2910015,372481920,23520,0.6000000238418579,128,194000,0.7993552684783936,1920,17,2,500000,1000,,194001.0,0.6588541865348816,0.6145017147064209,0.5979166626930237,0.6666674017906189,776,1328365866,1,2
195001,1920,2925015,374401920,23520,0.5979166626930237,128,195000,0.8031370639801025,1920,17,2,500000,1000,,195001.0,0.6583333611488342,0.6144898533821106,0.5979166626930237,0.6670020222663879,780,1328365866,1,2
196001,1920,2940015,376321920,23520,0.5979166626930237,128,196000,0.8069241046905518,1920,17,2,500000,1000,,196001.0,0.659375011920929,0.614486575126648,0.5979166626930237,0.6667804718017578,784,1328365866,1,2
197001,1920,2955015,378241920,23520,0.5979166626930237,128,197000,0.8106920719146729,1920,17,2,500000,1000,,197001.0,0.6604166626930237,0.614479660987854,0.5979166626930237,0.6667860150337219,788,1328365866,1,2
198001,1920,2970015,380161920,23520,0.5979166626930237,128,198000,0.8144571781158447,1920,17,2,500000,1000,,198001.0,0.6598958373069763,0.6144705414772034,0.5979166626930237,0.6667570471763611,792,1328365866,1,2
199001,1920,2985015,382081920,23520,0.5979166626930237,128,199000,0.818260908126831,1920,17,2,500000,1000,,199001.0,0.6598958373069763,0.6144632697105408,0.5979166626930237,0.6669651865959167,795,1328365866,1,2
200001,1920,3000015,384001920,23520,0.5979166626930237,128,200000,0.8220300674438477,1920,17,2,500000,1000,,200001.0,0.6588541865348816,0.614447295665741,0.5979166626930237,0.6668881177902222,799,1328365866,1,2
201001,1920,3015015,385921920,23520,0.5979166626930237,128,201000,0.8257930278778076,1920,17,2,500000,1000,,201001.0,0.6572916507720947,0.6144344210624695,0.6000000238418579,0.6661578416824341,803,1328365866,1,2
202001,1920,3030015,387841920,23520,0.6000000238418579,128,202000,0.8295700550079346,1920,17,2,500000,1000,,202001.0,0.6567708253860474,0.6144243478775024,0.6000000238418579,0.6659764647483826,807,1328365866,1,2
203001,1920,3045015,389761920,23520,0.6000000238418579,128,203000,0.8333570957183838,1920,17,2,500000,1000,,203001.0,0.6572916507720947,0.6144075393676758,0.6000000238418579,0.6660693883895874,811,1328365866,1,2
204001,1920,3060015,391681920,23520,0.6000000238418579,128,204000,0.8371231555938721,1920,17,2,500000,1000,,204001.0,0.6583333611488342,0.6144012212753296,0.6041666865348816,0.6659859418869019,815,1328365866,1,2
205001,1920,3075015,393601920,23520,0.6041666865348816,128,205000,0.841210126876831,1920,17,2,500000,1000,,205001.0,0.6588541865348816,0.6143777966499329,0.6020833253860474,0.6660993695259094,819,1328365866,1,2
206001,1920,3090015,395521920,23520,0.6020833253860474,128,206000,0.8449811935424805,1920,17,2,500000,1000,,206001.0,0.6583333611488342,0.6143530607223511,0.6020833253860474,0.6657573580741882,823,1328365866,1,2
207001,1920,3105015,397441920,23520,0.6020833253860474,128,207000,0.8487563133239746,1920,17,2,500000,1000,,207001.0,0.6583333611488342,0.6143357157707214,0.6020833253860474,0.6655243635177612,827,1328365866,1,2
208001,1920,3120015,399361920,23520,0.6020833253860474,128,208000,0.8525753021240234,1920,17,2,500000,1000,,208001.0,0.6578124761581421,0.6143060326576233,0.6020833253860474,0.6662827134132385,831,1328365866,1,2
209001,1920,3135015,401281920,23520,0.6020833253860474,128,209000,0.857673168182373,1920,17,2,500000,1000,,209001.0,0.6578124761581421,0.6142679452896118,0.6020833253860474,0.6656162142753601,835,1328365866,1,2
210001,1920,3150015,403201920,23520,0.6020833253860474,128,210000,0.861436128616333,1920,17,2,500000,1000,,210001.0,0.6583333611488342,0.6142356991767883,0.6041666865348816,0.6651458740234375,839,1328365866,1,2
211001,1920,3165015,405121920,23520,0.6041666865348816,128,211000,0.8652639389038086,1920,17,2,500000,1000,,211001.0,0.6578124761581421,0.6141864061355591,0.606249988079071,0.6652228236198425,842,1328365866,1,2
212001,1920,3180015,407041920,23520,0.606249988079071,128,212000,0.869042158126831,1920,17,2,500000,1000,,212001.0,0.6578124761581421,0.6141106486320496,0.6020833253860474,0.6650610566139221,846,1328365866,1,2
213001,1920,3195015,408961920,23520,0.6020833253860474,128,213000,0.8728959560394287,1920,17,2,500000,1000,,213001.0,0.6588541865348816,0.6140153408050537,0.6020833253860474,0.664721667766571,850,1328365866,1,2
214001,1920,3210015,410881920,23520,0.6020833253860474,128,214000,0.87673020362854,1920,17,2,500000,1000,,214001.0,0.6598958373069763,0.6138893961906433,0.6083333492279053,0.6638731360435486,854,1328365866,1,2
215001,1920,3225015,412801920,23520,0.6083333492279053,128,215000,0.8804893493652344,1920,17,2,500000,1000,,215001.0,0.659375011920929,0.6137323379516602,0.612500011920929,0.6630701422691345,858,1328365866,1,2
216001,1920,3240015,414721920,23520,0.612500011920929,128,216000,0.884263277053833,1920,17,2,500000,1000,,216001.0,0.659375011920929,0.6135197281837463,0.6104166507720947,0.662181556224823,862,1328365866,1,2
217001,1920,3255015,416641920,23520,0.6104166507720947,128,217000,0.8880791664123535,1920,17,2,500000,1000,,217001.0,0.6619791388511658,0.6132981181144714,0.6104166507720947,0.6609047055244446,866,1328365866,1,2
218001,1920,3270015,418561920,23520,0.6104166507720947,128,218000,0.8918170928955078,1920,17,2,500000,1000,,218001.0,0.6604166626930237,0.6131227016448975,0.606249988079071,0.6596009135246277,870,1328365866,1,2
219001,1920,3285015,420481920,23520,0.606249988079071,128,219000,0.8956542015075684,1920,17,2,500000,1000,,219001.0,0.6604166626930237,0.6129631400108337,0.6000000238418579,0.6591070890426636,874,1328365866,1,2
220001,1920,3300015,422401920,23520,0.6000000238418579,128,220000,0.8994431495666504,1920,17,2,500000,1000,,220001.0,0.660937488079071,0.6128603219985962,0.6020833253860474,0.6583179235458374,877,1328365866,1,2
221001,1920,3315015,424321920,23520,0.6020833253860474,128,221000,0.9032032489776611,1920,17,2,500000,1000,,221001.0,0.6588541865348816,0.6127735376358032,0.6041666865348816,0.6578313708305359,881,1328365866,1,2
222001,1920,3330015,426241920,23520,0.6041666865348816,128,222000,0.9072861671447754,1920,17,2,500000,1000,,222001.0,0.6583333611488342,0.6127187013626099,0.6083333492279053,0.6570804715156555,885,1328365866,1,2
223001,1920,3345015,428161920,23520,0.6083333492279053,128,223000,0.9110209941864014,1920,17,2,500000,1000,,223001.0,0.659375011920929,0.6126748323440552,0.6104166507720947,0.6565418839454651,889,1328365866,1,2
224001,1920,3360015,430081920,23520,0.6104166507720947,128,224000,0.9147810935974121,1920,17,2,500000,1000,,224001.0,0.659375011920929,0.6126530766487122,0.6104166507720947,0.6564569473266602,893,1328365866,1,2
225001,1920,3375015,432001920,23520,0.6104166507720947,128,225000,0.9185159206390381,1920,17,2,500000,1000,,225001.0,0.6583333611488342,0.612636148929596,0.6083333492279053,0.6556646823883057,897,1328365866,1,2
226001,1920,3390015,433921920,23520,0.6083333492279053,128,226000,0.9222440719604492,1920,17,2,500000,1000,,226001.0,0.6578124761581421,0.6126181483268738,0.6083333492279053,0.6556562185287476,901,1328365866,1,2
227001,1920,3405015,435841920,23520,0.6083333492279053,128,227000,0.9260261058807373,1920,17,2,500000,1000,,227001.0,0.6578124761581421,0.6126050353050232,0.6104166507720947,0.6555076837539673,904,1328365866,1,2
228001,1920,3420015,437761920,23520,0.6104166507720947,128,228000,0.9297680854797363,1920,17,2,500000,1000,,228001.0,0.659375011920929,0.6126042604446411,0.6083333492279053,0.6555723547935486,908,1328365866,1,2
229001,1920,3435015,439681920,23520,0.6083333492279053,128,229000,0.9335501194000244,1920,17,2,500000,1000,,229001.0,0.6598958373069763,0.6125995516777039,0.6083333492279053,0.6552132368087769,912,1328365866,1,2
230001,1920,3450015,441601920,23520,0.6083333492279053,128,230000,0.9375162124633789,1920,17,2,500000,1000,,230001.0,0.6583333611488342,0.6125984191894531,0.6083333492279053,0.6553085446357727,916,1328365866,1,2
231001,1920,3465015,443521920,23520,0.6083333492279053,128,231000,0.941270112991333,1920,17,2,500000,1000,,231001.0,0.6598958373069763,0.6125890612602234,0.6083333492279053,0.6557695865631104,920,1328365866,1,2
232001,1920,3480015,445441920,23520,0.6083333492279053,128,232000,0.9450609683990479,1920,17,2,500000,1000,,232001.0,0.659375011920929,0.6125906705856323,0.6083333492279053,0.6550968289375305,924,1328365866,1,2
233001,1920,3495015,447361920,23520,0.6083333492279053,128,233000,0.9488439559936523,1920,17,2,500000,1000,,233001.0,0.659375011920929,0.6125843524932861,0.606249988079071,0.6553158164024353,928,1328365866,1,2
234001,1920,3510015,449281920,23520,0.606249988079071,128,234000,0.9526300430297852,1920,17,2,500000,1000,,234001.0,0.6598958373069763,0.6125856041908264,0.606249988079071,0.6552841663360596,931,1328365866,1,2
235001,1920,3525015,451201920,23520,0.606249988079071,128,235000,0.9564690589904785,1920,17,2,500000,1000,,235001.0,0.6598958373069763,0.6125820875167847,0.606249988079071,0.6550289988517761,935,1328365866,1,2
236001,1920,3540015,453121920,23520,0.606249988079071,128,236000,0.9601969718933105,1920,17,2,500000,1000,,236001.0,0.6588541865348816,0.6125794053077698,0.606249988079071,0.6553119421005249,939,1328365866,1,2
237001,1920,3555015,455041920,23520,0.606249988079071,128,237000,0.9639670848846436,1920,17,2,500000,1000,,237001.0,0.6598958373069763,0.6125783920288086,0.6083333492279053,0.6553260684013367,943,1328365866,1,2
238001,1920,3570015,456961920,23520,0.6083333492279053,128,238000,0.9682490825653076,1920,17,2,500000,1000,,238001.0,0.6598958373069763,0.6125805974006653,0.606249988079071,0.6554380059242249,947,1328365866,1,2
239001,1920,3585015,458881920,23520,0.606249988079071,128,239000,0.9720690250396729,1920,17,2,500000,1000,,239001.0,0.6588541865348816,0.6125804781913757,0.606249988079071,0.6550352573394775,951,1328365866,1,2
240001,1920,3600015,460801920,23520,0.606249988079071,128,240000,0.9758532047271729,1920,17,2,500000,1000,,240001.0,0.659375011920929,0.6125815510749817,0.606249988079071,0.6551325917243958,955,1328365866,1,2
241001,1920,3615015,462721920,23520,0.606249988079071,128,241000,0.9796123504638672,1920,17,2,500000,1000,,241001.0,0.659375011920929,0.6125756502151489,0.606249988079071,0.6554564833641052,959,1328365866,1,2
242001,1920,3630015,464641920,23520,0.606249988079071,128,242000,0.9834604263305664,1920,17,2,500000,1000,,242001.0,0.659375011920929,0.6125782132148743,0.606249988079071,0.6556379795074463,963,1328365866,1,2
243001,1920,3645015,466561920,23520,0.606249988079071,128,243000,0.9872193336486816,1920,17,2,500000,1000,,243001.0,0.6583333611488342,0.6125777959823608,0.606249988079071,0.6553508043289185,967,1328365866,1,2
244001,1920,3660015,468481920,23520,0.606249988079071,128,244000,0.9909534454345703,1920,17,2,500000,1000,,244001.0,0.659375011920929,0.6125775575637817,0.606249988079071,0.6551529169082642,970,1328365866,1,2
245001,1920,3675015,470401920,23520,0.606249988079071,128,245000,0.9947664737701416,1920,17,2,500000,1000,,245001.0,0.659375011920929,0.6125746369361877,0.606249988079071,0.6554276943206787,974,1328365866,1,2
246001,1920,3690015,472321920,23520,0.606249988079071,128,246000,0.9985811710357666,1920,17,2,500000,1000,,246001.0,0.660937488079071,0.6125738024711609,0.606249988079071,0.6558887958526611,978,1328365866,1,2
247001,1920,3705015,474241920,23520,0.606249988079071,128,247000,1.0023012161254883,1920,17,2,500000,1000,,247001.0,0.659375011920929,0.6125737428665161,0.6083333492279053,0.6554681658744812,982,1328365866,1,2
248001,1920,3720015,476161920,23520,0.6083333492279053,128,248000,1.0060603618621826,1920,17,2,500000,1000,,248001.0,0.6588541865348816,0.6125742793083191,0.606249988079071,0.6557833552360535,986,1328365866,1,2
249001,1920,3735015,478081920,23520,0.606249988079071,128,249000,1.0098075866699219,1920,17,2,500000,1000,,249001.0,0.659375011920929,0.6125734448432922,0.606249988079071,0.6555691957473755,990,1328365866,1,2
250001,1920,3750015,480001920,23520,0.606249988079071,128,250000,1.0140917301177979,1920,17,2,500000,1000,,250001.0,0.659375011920929,0.6125713586807251,0.606249988079071,0.6557271480560303,994,1328365866,1,2
251001,1920,3765015,481921920,23520,0.606249988079071,128,251000,1.0178766250610352,1920,17,2,500000,1000,,251001.0,0.6588541865348816,0.612575113773346,0.606249988079071,0.6558780074119568,998,1328365866,1,2
252001,1920,3780015,483841920,23520,0.606249988079071,128,252000,1.0216777324676514,1920,17,2,500000,1000,,252001.0,0.659375011920929,0.6125797033309937,0.606249988079071,0.6557907462120056,1002,1328365866,1,2
253001,1920,3795015,485761920,23520,0.606249988079071,128,253000,1.0254206657409668,1920,17,2,500000,1000,,253001.0,0.6583333611488342,0.612576425075531,0.606249988079071,0.6556081771850586,1006,1328365866,1,2
254001,1920,3810015,487681920,23520,0.606249988079071,128,254000,1.0296919345855713,1920,17,2,500000,1000,,254001.0,0.6588541865348816,0.6125769019126892,0.606249988079071,0.6557385921478271,1010,1328365866,1,2
255001,1920,3825015,489601920,23520,0.606249988079071,128,255000,1.0333960056304932,1920,17,2,500000,1000,,255001.0,0.659375011920929,0.6125767230987549,0.6083333492279053,0.6557424068450928,1014,1328365866,1,2
256001,1920,3840015,491521920,23520,0.6083333492279053,128,256000,1.0371041297912598,1920,17,2,500000,1000,,256001.0,0.660937488079071,0.6125734448432922,0.606249988079071,0.6561427712440491,1018,1328365866,1,2
257001,1920,3855015,493441920,23520,0.606249988079071,128,257000,1.0408363342285156,1920,17,2,500000,1000,,257001.0,0.6598958373069763,0.6125713586807251,0.606249988079071,0.6557351350784302,1022,1328365866,1,2
258001,1920,3870015,495361920,23520,0.606249988079071,128,258000,1.044539213180542,1920,17,2,500000,1000,,258001.0,0.659375011920929,0.6125776767730713,0.606249988079071,0.656054675579071,1026,1328365866,1,2
259001,1920,3885015,497281920,23520,0.606249988079071,128,259000,1.0482711791992188,1920,17,2,500000,1000,,259001.0,0.660937488079071,0.612574577331543,0.606249988079071,0.6560770273208618,1030,1328365866,1,2
260001,1920,3900015,499201920,23520,0.606249988079071,128,260000,1.052011251449585,1920,17,2,500000,1000,,260001.0,0.659375011920929,0.6125707030296326,0.606249988079071,0.6561621427536011,1034,1328365866,1,2
261001,1920,3915015,501121920,23520,0.606249988079071,128,261000,1.0559613704681396,1920,17,2,500000,1000,,261001.0,0.6588541865348816,0.612572968006134,0.606249988079071,0.6556049585342407,1038,1328365866,1,2
262001,1920,3930015,503041920,23520,0.606249988079071,128,262000,1.0597193241119385,1920,17,2,500000,1000,,262001.0,0.6598958373069763,0.6125698089599609,0.606249988079071,0.6561174392700195,1042,1328365866,1,2
263001,1920,3945015,504961920,23520,0.606249988079071,128,263000,1.0634641647338867,1920,17,2,500000,1000,,263001.0,0.659375011920929,0.6125707030296326,0.606249988079071,0.6559871435165405,1046,1328365866,1,2
264001,1920,3960015,506881920,23520,0.606249988079071,128,264000,1.0680253505706787,1920,17,2,500000,1000,,264001.0,0.659375011920929,0.6125746369361877,0.606249988079071,0.6561533212661743,1050,1328365866,1,2
265001,1920,3975015,508801920,23520,0.606249988079071,128,265000,1.0718352794647217,1920,17,2,500000,1000,,265001.0,0.6588541865348816,0.6125712990760803,0.606249988079071,0.6556972861289978,1054,1328365866,1,2
266001,1920,3990015,510721920,23520,0.606249988079071,128,266000,1.0755534172058105,1920,17,2,500000,1000,,266001.0,0.659375011920929,0.6125768423080444,0.606249988079071,0.6562155485153198,1058,1328365866,1,2
267001,1920,4005015,512641920,23520,0.606249988079071,128,267000,1.0793135166168213,1920,17,2,500000,1000,,267001.0,0.6598958373069763,0.6125710606575012,0.606249988079071,0.655796229839325,1062,1328365866,1,2
268001,1920,4020015,514561920,23520,0.606249988079071,128,268000,1.0831105709075928,1920,17,2,500000,1000,,268001.0,0.6598958373069763,0.6125709414482117,0.606249988079071,0.6563157439231873,1066,1328365866,1,2
269001,1920,4035015,516481920,23520,0.606249988079071,128,269000,1.0868525505065918,1920,17,2,500000,1000,,269001.0,0.659375011920929,0.6125763058662415,0.6083333492279053,0.6561963558197021,1069,1328365866,1,2
270001,1920,4050015,518401920,23520,0.6083333492279053,128,270000,1.090578556060791,1920,17,2,500000,1000,,270001.0,0.6598958373069763,0.6125719547271729,0.606249988079071,0.6565547585487366,1073,1328365866,1,2
271001,1920,4065015,520321920,23520,0.606249988079071,128,271000,1.0943505764007568,1920,17,2,500000,1000,,271001.0,0.6588541865348816,0.612574577331543,0.606249988079071,0.6559751629829407,1077,1328365866,1,2
272001,1920,4080015,522241920,23520,0.606249988079071,128,272000,1.0981476306915283,1920,17,2,500000,1000,,272001.0,0.6598958373069763,0.6125738024711609,0.606249988079071,0.6561243534088135,1081,1328365866,1,2
273001,1920,4095015,524161920,23520,0.606249988079071,128,273000,1.1019363403320312,1920,17,2,500000,1000,,273001.0,0.6588541865348816,0.6125726699829102,0.606249988079071,0.6559844613075256,1086,1328365866,1,2
274001,1920,4110015,526081920,23520,0.606249988079071,128,274000,1.1056594848632812,1920,17,2,500000,1000,,274001.0,0.6598958373069763,0.6125690937042236,0.606249988079071,0.6562463045120239,1090,1328365866,1,2
275001,1920,4125015,528001920,23520,0.606249988079071,128,275000,1.1094486713409424,1920,17,2,500000,1000,,275001.0,0.660937488079071,0.6125747561454773,0.6083333492279053,0.656402051448822,1093,1328365866,1,2
276001,1920,4140015,529921920,23520,0.6083333492279053,128,276000,1.1131575107574463,1920,17,2,500000,1000,,276001.0,0.6588541865348816,0.6125726103782654,0.606249988079071,0.655750036239624,1097,1328365866,1,2
277001,1920,4155015,531841920,23520,0.606249988079071,128,277000,1.1169192790985107,1920,17,2,500000,1000,,277001.0,0.660937488079071,0.6125698685646057,0.606249988079071,0.6560989618301392,1101,1328365866,1,2
278001,1920,4170015,533761920,23520,0.606249988079071,128,278000,1.1207404136657715,1920,17,2,500000,1000,,278001.0,0.659375011920929,0.6125723123550415,0.606249988079071,0.6557202935218811,1105,1328365866,1,2
279001,1920,4185015,535681920,23520,0.606249988079071,128,279000,1.1249024868011475,1920,17,2,500000,1000,,279001.0,0.6583333611488342,0.6125673055648804,0.606249988079071,0.6561127305030823,1109,1328365866,1,2
280001,1920,4200015,537601920,23520,0.606249988079071,128,280000,1.1286842823028564,1920,17,2,500000,1000,,280001.0,0.659375011920929,0.6125717163085938,0.606249988079071,0.6558710932731628,1113,1328365866,1,2
281001,1920,4215015,539521920,23520,0.606249988079071,128,281000,1.1324005126953125,1920,17,2,500000,1000,,281001.0,0.6604166626930237,0.6125713586807251,0.606249988079071,0.6561453342437744,1117,1328365866,1,2
282001,1920,4230015,541441920,23520,0.606249988079071,128,282000,1.1376426219940186,1920,17,2,500000,1000,,282001.0,0.6583333611488342,0.6125739216804504,0.606249988079071,0.6562442779541016,1121,1328365866,1,2
283001,1920,4245015,543361920,23520,0.606249988079071,128,283000,1.1414265632629395,1920,17,2,500000,1000,,283001.0,0.6598958373069763,0.6125739216804504,0.6083333492279053,0.6559229493141174,1125,1328365866,1,2
284001,1920,4260015,545281920,23520,0.6083333492279053,128,284000,1.145221471786499,1920,17,2,500000,1000,,284001.0,0.6598958373069763,0.6125703454017639,0.6083333492279053,0.656082808971405,1129,1328365866,1,2
285001,1920,4275015,547201920,23520,0.6083333492279053,128,285000,1.1489603519439697,1920,17,2,500000,1000,,285001.0,0.659375011920929,0.612570583820343,0.606249988079071,0.656097412109375,1133,1328365866,1,2
286001,1920,4290015,549121920,23520,0.606249988079071,128,286000,1.1527025699615479,1920,17,2,500000,1000,,286001.0,0.6604166626930237,0.6125717163085938,0.606249988079071,0.6566723585128784,1137,1328365866,1,2
287001,1920,4305015,551041920,23520,0.606249988079071,128,287000,1.1565403938293457,1920,17,2,500000,1000,,287001.0,0.659375011920929,0.6125737428665161,0.6104166507720947,0.6557608842849731,1141,1328365866,1,2
288001,1920,4320015,552961920,23520,0.6104166507720947,128,288000,1.1604783535003662,1920,17,2,500000,1000,,288001.0,0.6598958373069763,0.6125754714012146,0.606249988079071,0.6559255123138428,1145,1328365866,1,2
289001,1920,4335015,554881920,23520,0.606249988079071,128,289000,1.1641745567321777,1920,17,2,500000,1000,,289001.0,0.6588541865348816,0.6125672459602356,0.606249988079071,0.6559751629829407,1149,1328365866,1,2
290001,1920,4350015,556801920,23520,0.606249988079071,128,290000,1.167900562286377,1920,17,2,500000,1000,,290001.0,0.659375011920929,0.6125711798667908,0.606249988079071,0.6565096378326416,1153,1328365866,1,2
291001,1920,4365015,558721920,23520,0.606249988079071,128,291000,1.1716256141662598,1920,17,2,500000,1000,,291001.0,0.6588541865348816,0.6125699281692505,0.606249988079071,0.6558811068534851,1156,1328365866,1,2
292001,1920,4380015,560641920,23520,0.606249988079071,128,292000,1.1753885746002197,1920,17,2,500000,1000,,292001.0,0.659375011920929,0.6125698685646057,0.606249988079071,0.656004011631012,1160,1328365866,1,2
293001,1920,4395015,562561920,23520,0.606249988079071,128,293000,1.1791784763336182,1920,17,2,500000,1000,,293001.0,0.6598958373069763,0.6125692129135132,0.606249988079071,0.6564209461212158,1164,1328365866,1,2
294001,1920,4410015,564481920,23520,0.606249988079071,128,294000,1.1837952136993408,1920,17,2,500000,1000,,294001.0,0.6588541865348816,0.6125760674476624,0.606249988079071,0.6563031673431396,1168,1328365866,1,2
295001,1920,4425015,566401920,23520,0.606249988079071,128,295000,1.188486099243164,1920,17,2,500000,1000,,295001.0,0.6588541865348816,0.612575352191925,0.606249988079071,0.6558418273925781,1172,1328365866,1,2
296001,1920,4440015,568321920,23520,0.606249988079071,128,296000,1.1922361850738525,1920,17,2,500000,1000,,296001.0,0.6598958373069763,0.6125761866569519,0.606249988079071,0.656166672706604,1176,1328365866,1,2
297001,1920,4455015,570241920,23520,0.606249988079071,128,297000,1.1964232921600342,1920,17,2,500000,1000,,297001.0,0.6598958373069763,0.6125718951225281,0.606249988079071,0.6568173170089722,1180,1328365866,1,2
298001,1920,4470015,572161920,23520,0.606249988079071,128,298000,1.200202465057373,1920,17,2,500000,1000,,298001.0,0.6598958373069763,0.6125722527503967,0.606249988079071,0.6567494869232178,1184,1328365866,1,2
299001,1920,4485015,574081920,23520,0.606249988079071,128,299000,1.2039315700531006,1920,17,2,500000,1000,,299001.0,0.6588541865348816,0.6125720739364624,0.606249988079071,0.6565519571304321,1188,1328365866,1,2
300001,1920,4500015,576001920,23520,0.606249988079071,128,300000,1.2076725959777832,1920,17,2,500000,1000,,300001.0,0.6583333611488342,0.6125710010528564,0.606249988079071,0.656218409538269,1192,1328365866,1,2
301001,1920,4515015,577921920,23520,0.606249988079071,128,301000,1.211491584777832,1920,17,2,500000,1000,,301001.0,0.6588541865348816,0.6125739812850952,0.606249988079071,0.6560156941413879,1196,1328365866,1,2
302001,1920,4530015,579841920,23520,0.606249988079071,128,302000,1.2152085304260254,1920,17,2,500000,1000,,302001.0,0.659375011920929,0.61257004737854,0.606249988079071,0.6567304730415344,1200,1328365866,1,2
303001,1920,4545015,581761920,23520,0.606249988079071,128,303000,1.21897554397583,1920,17,2,500000,1000,,303001.0,0.659375011920929,0.6125736236572266,0.6083333492279053,0.6561004519462585,1204,1328365866,1,2
304001,1920,4560015,583681920,23520,0.6083333492279053,128,304000,1.222717523574829,1920,17,2,500000,1000,,304001.0,0.6588541865348816,0.6125735640525818,0.606249988079071,0.6562382578849792,1208,1328365866,1,2
305001,1920,4575015,585601920,23520,0.606249988079071,128,305000,1.2265582084655762,1920,17,2,500000,1000,,305001.0,0.659375011920929,0.6125734448432922,0.606249988079071,0.6560319066047668,1211,1328365866,1,2
306001,1920,4590015,587521920,23520,0.606249988079071,128,306000,1.2303500175476074,1920,17,2,500000,1000,,306001.0,0.659375011920929,0.6125707030296326,0.606249988079071,0.6562223434448242,1215,1328365866,1,2
307001,1920,4605015,589441920,23520,0.606249988079071,128,307000,1.234093189239502,1920,17,2,500000,1000,,307001.0,0.6588541865348816,0.6125760674476624,0.606249988079071,0.6564965844154358,1219,1328365866,1,2
308001,1920,4620015,591361920,23520,0.606249988079071,128,308000,1.2378771305084229,1920,17,2,500000,1000,,308001.0,0.659375011920929,0.6125680208206177,0.606249988079071,0.6563777327537537,1223,1328365866,1,2
309001,1920,4635015,593281920,23520,0.606249988079071,128,309000,1.2415871620178223,1920,17,2,500000,1000,,309001.0,0.659375011920929,0.6125738620758057,0.606249988079071,0.6561114192008972,1227,1328365866,1,2
310001,1920,4650015,595201920,23520,0.606249988079071,128,310000,1.2453184127807617,1920,17,2,500000,1000,,310001.0,0.6588541865348816,0.6125701069831848,0.606249988079071,0.6564436554908752,1231,1328365866,1,2
311001,1920,4665015,597121920,23520,0.606249988079071,128,311000,1.2490718364715576,1920,17,2,500000,1000,,311001.0,0.6598958373069763,0.6125698089599609,0.606249988079071,0.6561978459358215,1235,1328365866,1,2
312001,1920,4680015,599041920,23520,0.606249988079071,128,312000,1.2528767585754395,1920,17,2,500000,1000,,312001.0,0.659375011920929,0.6125714778900146,0.606249988079071,0.656437337398529,1238,1328365866,1,2
313001,1920,4695015,600961920,23520,0.606249988079071,128,313000,1.2571349143981934,1920,17,2,500000,1000,,313001.0,0.659375011920929,0.6125714778900146,0.606249988079071,0.6560536623001099,1242,1328365866,1,2
314001,1920,4710015,602881920,23520,0.606249988079071,128,314000,1.2614588737487793,1920,17,2,500000,1000,,314001.0,0.6598958373069763,0.6125708818435669,0.606249988079071,0.6560890078544617,1247,1328365866,1,2
315001,1920,4725015,604801920,23520,0.606249988079071,128,315000,1.2651896476745605,1920,17,2,500000,1000,,315001.0,0.6598958373069763,0.6125726699829102,0.606249988079071,0.6566163897514343,1251,1328365866,1,2
316001,1920,4740015,606721920,23520,0.606249988079071,128,316000,1.268920660018921,1920,17,2,500000,1000,,316001.0,0.6598958373069763,0.6125745177268982,0.606249988079071,0.6564264297485352,1255,1328365866,1,2
317001,1920,4755015,608641920,23520,0.606249988079071,128,317000,1.272653579711914,1920,17,2,500000,1000,,317001.0,0.660937488079071,0.6125724911689758,0.606249988079071,0.6567018032073975,1258,1328365866,1,2
318001,1920,4770015,610561920,23520,0.606249988079071,128,318000,1.2767863273620605,1920,17,2,500000,1000,,318001.0,0.659375011920929,0.6125727295875549,0.606249988079071,0.6563923358917236,1262,1328365866,1,2
319001,1920,4785015,612481920,23520,0.606249988079071,128,319000,1.280517578125,1920,17,2,500000,1000,,319001.0,0.659375011920929,0.6125723123550415,0.606249988079071,0.6568313241004944,1266,1328365866,1,2
320001,1920,4800015,614401920,23520,0.606249988079071,128,320000,1.2842516899108887,1920,17,2,500000,1000,,320001.0,0.6588541865348816,0.6125717163085938,0.606249988079071,0.65617835521698,1270,1328365866,1,2
321001,1920,4815015,616321920,23520,0.606249988079071,128,321000,1.287996768951416,1920,17,2,500000,1000,,321001.0,0.659375011920929,0.6125723123550415,0.606249988079071,0.6557757258415222,1274,1328365866,1,2
322001,1920,4830015,618241920,23520,0.606249988079071,128,322000,1.2918217182159424,1920,17,2,500000,1000,,322001.0,0.6588541865348816,0.6125710606575012,0.606249988079071,0.6559427380561829,1278,1328365866,1,2
323001,1920,4845015,620161920,23520,0.606249988079071,128,323000,1.2957727909088135,1920,17,2,500000,1000,,323001.0,0.659375011920929,0.6125705242156982,0.606249988079071,0.6558969616889954,1282,1328365866,1,2
324001,1920,4860015,622081920,23520,0.606249988079071,128,324000,1.2995498180389404,1920,17,2,500000,1000,,324001.0,0.659375011920929,0.6125723123550415,0.606249988079071,0.6559761762619019,1286,1328365866,1,2
325001,1920,4875015,624001920,23520,0.606249988079071,128,325000,1.303276777267456,1920,17,2,500000,1000,,325001.0,0.659375011920929,0.6125742793083191,0.606249988079071,0.6563297510147095,1290,1328365866,1,2
326001,1920,4890015,625921920,23520,0.606249988079071,128,326000,1.3069977760314941,1920,17,2,500000,1000,,326001.0,0.660937488079071,0.612571120262146,0.606249988079071,0.6560238003730774,1294,1328365866,1,2
327001,1920,4905015,627841920,23520,0.606249988079071,128,327000,1.3107521533966064,1920,17,2,500000,1000,,327001.0,0.659375011920929,0.6125710606575012,0.606249988079071,0.6560288667678833,1298,1328365866,1,2
328001,1920,4920015,629761920,23520,0.606249988079071,128,328000,1.3145661354064941,1920,17,2,500000,1000,,328001.0,0.659375011920929,0.6125715970993042,0.606249988079071,0.6566288471221924,1302,1328365866,1,2
329001,1920,4935015,631681920,23520,0.606249988079071,128,329000,1.318716287612915,1920,17,2,500000,1000,,329001.0,0.659375011920929,0.6125733852386475,0.606249988079071,0.656254231929779,1306,1328365866,1,2
330001,1920,4950015,633601920,23520,0.606249988079071,128,330000,1.3225431442260742,1920,17,2,500000,1000,,330001.0,0.659375011920929,0.6125715970993042,0.606249988079071,0.6567792296409607,1310,1328365866,1,2
331001,1920,4965015,635521920,23520,0.606249988079071,128,331000,1.3262791633605957,1920,17,2,500000,1000,,331001.0,0.6598958373069763,0.6125672459602356,0.606249988079071,0.6566252112388611,1314,1328365866,1,2
332001,1920,4980015,637441920,23520,0.606249988079071,128,332000,1.330000400543213,1920,17,2,500000,1000,,332001.0,0.6598958373069763,0.6125752925872803,0.606249988079071,0.656195342540741,1317,1328365866,1,2
333001,1920,4995015,639361920,23520,0.606249988079071,128,333000,1.333735466003418,1920,17,2,500000,1000,,333001.0,0.659375011920929,0.6125744581222534,0.606249988079071,0.6564307808876038,1321,1328365866,1,2
334001,1920,5010015,641281920,23520,0.606249988079071,128,334000,1.3374874591827393,1920,17,2,500000,1000,,334001.0,0.6588541865348816,0.6125752925872803,0.606249988079071,0.6563647389411926,1325,1328365866,1,2
335001,1920,5025015,643201920,23520,0.606249988079071,128,335000,1.3415865898132324,1920,17,2,500000,1000,,335001.0,0.6604166626930237,0.6125717759132385,0.606249988079071,0.6562538743019104,1329,1328365866,1,2
336001,1920,5040015,645121920,23520,0.606249988079071,128,336000,1.3453307151794434,1920,17,2,500000,1000,,336001.0,0.659375011920929,0.6125757098197937,0.6083333492279053,0.6560295224189758,1333,1328365866,1,2
337001,1920,5055015,647041920,23520,0.6083333492279053,128,337000,1.3490355014801025,1920,17,2,500000,1000,,337001.0,0.6583333611488342,0.6125715374946594,0.606249988079071,0.6560301184654236,1337,1328365866,1,2
338001,1920,5070015,648961920,23520,0.606249988079071,128,338000,1.352766513824463,1920,17,2,500000,1000,,338001.0,0.6598958373069763,0.6125742197036743,0.6083333492279053,0.6562196016311646,1341,1328365866,1,2
339001,1920,5085015,650881920,23520,0.6083333492279053,128,339000,1.3567471504211426,1920,17,2,500000,1000,,339001.0,0.6604166626930237,0.6125735640525818,0.606249988079071,0.6567608118057251,1345,1328365866,1,2
340001,1920,5100015,652801920,23520,0.606249988079071,128,340000,1.3604822158813477,1920,17,2,500000,1000,,340001.0,0.659375011920929,0.6125708818435669,0.606249988079071,0.656819760799408,1349,1328365866,1,2
341001,1920,5115015,654721920,23520,0.606249988079071,128,341000,1.364389181137085,1920,17,2,500000,1000,,341001.0,0.659375011920929,0.6125704050064087,0.606249988079071,0.656358003616333,1353,1328365866,1,2
342001,1920,5130015,656641920,23520,0.606249988079071,128,342000,1.3681352138519287,1920,17,2,500000,1000,,342001.0,0.659375011920929,0.6125738620758057,0.606249988079071,0.6563599109649658,1357,1328365866,1,2
343001,1920,5145015,658561920,23520,0.606249988079071,128,343000,1.371880292892456,1920,17,2,500000,1000,,343001.0,0.6598958373069763,0.612571120262146,0.606249988079071,0.6562110781669617,1361,1328365866,1,2
344001,1920,5160015,660481920,23520,0.606249988079071,128,344000,1.3756191730499268,1920,17,2,500000,1000,,344001.0,0.6588541865348816,0.6125719547271729,0.606249988079071,0.6561371088027954,1364,1328365866,1,2
345001,1920,5175015,662401920,23520,0.606249988079071,128,345000,1.3793632984161377,1920,17,2,500000,1000,,345001.0,0.6604166626930237,0.6125736236572266,0.6083333492279053,0.6563847064971924,1368,1328365866,1,2
346001,1920,5190015,664321920,23520,0.6083333492279053,128,346000,1.383113145828247,1920,17,2,500000,1000,,346001.0,0.659375011920929,0.6125698089599609,0.606249988079071,0.6564130783081055,1372,1328365866,1,2
347001,1920,5205015,666241920,23520,0.606249988079071,128,347000,1.387392282485962,1920,17,2,500000,1000,,347001.0,0.6588541865348816,0.6125729084014893,0.606249988079071,0.6563349962234497,1376,1328365866,1,2
348001,1920,5220015,668161920,23520,0.606249988079071,128,348000,1.3911159038543701,1920,17,2,500000,1000,,348001.0,0.659375011920929,0.6125717759132385,0.606249988079071,0.6568251252174377,1380,1328365866,1,2
349001,1920,5235015,670081920,23520,0.606249988079071,128,349000,1.3948729038238525,1920,17,2,500000,1000,,349001.0,0.6588541865348816,0.6125732064247131,0.6083333492279053,0.6561693549156189,1384,1328365866,1,2
350001,1920,5250015,672001920,23520,0.6083333492279053,128,350000,1.3986759185791016,1920,17,2,500000,1000,,350001.0,0.6604166626930237,0.6125713586807251,0.606249988079071,0.656380832195282,1388,1328365866,1,2
351001,1920,5265015,673921920,23520,0.606249988079071,128,351000,1.4104809761047363,1920,17,2,500000,1000,,351001.0,0.6598958373069763,0.6125724911689758,0.606249988079071,0.6563776731491089,1392,1328365866,1,2
352001,1920,5280015,675841920,23520,0.606249988079071,128,352000,1.414466142654419,1920,17,2,500000,1000,,352001.0,0.6588541865348816,0.6125722527503967,0.606249988079071,0.6564342975616455,1396,1328365866,1,2
353001,1920,5295015,677761920,23520,0.606249988079071,128,353000,1.4182300567626953,1920,17,2,500000,1000,,353001.0,0.659375011920929,0.6125784516334534,0.606249988079071,0.6564077734947205,1399,1328365866,1,2
354001,1920,5310015,679681920,23520,0.606249988079071,128,354000,1.4225339889526367,1920,17,2,500000,1000,,354001.0,0.659375011920929,0.6125702261924744,0.606249988079071,0.6565395593643188,1403,1328365866,1,2
355001,1920,5325015,681601920,23520,0.606249988079071,128,355000,1.4262628555297852,1920,17,2,500000,1000,,355001.0,0.6598958373069763,0.612571120262146,0.606249988079071,0.6569338440895081,1407,1328365866,1,2
356001,1920,5340015,683521920,23520,0.606249988079071,128,356000,1.4301128387451172,1920,17,2,500000,1000,,356001.0,0.659375011920929,0.6125757694244385,0.606249988079071,0.6564429402351379,1411,1328365866,1,2
357001,1920,5355015,685441920,23520,0.606249988079071,128,357000,1.4338786602020264,1920,17,2,500000,1000,,357001.0,0.6598958373069763,0.6125712990760803,0.606249988079071,0.6565607786178589,1415,1328365866,1,2
358001,1920,5370015,687361920,23520,0.606249988079071,128,358000,1.4375927448272705,1920,17,2,500000,1000,,358001.0,0.659375011920929,0.6125770807266235,0.6083333492279053,0.6560316681861877,1418,1328365866,1,2
359001,1920,5385015,689281920,23520,0.6083333492279053,128,359000,1.4413115978240967,1920,17,2,500000,1000,,359001.0,0.6598958373069763,0.6125701069831848,0.606249988079071,0.6564775109291077,1422,1328365866,1,2
360001,1920,5400015,691201920,23520,0.606249988079071,128,360000,1.4450595378875732,1920,17,2,500000,1000,,360001.0,0.659375011920929,0.6125720143318176,0.606249988079071,0.6562539935112,1426,1328365866,1,2
361001,1920,5415015,693121920,23520,0.606249988079071,128,361000,1.4488165378570557,1920,17,2,500000,1000,,361001.0,0.6598958373069763,0.6125724911689758,0.6083333492279053,0.6561757922172546,1430,1328365866,1,2
362001,1920,5430015,695041920,23520,0.6083333492279053,128,362000,1.4525845050811768,1920,17,2,500000,1000,,362001.0,0.6598958373069763,0.6125728487968445,0.6083333492279053,0.6559770703315735,1434,1328365866,1,2
363001,1920,5445015,696961920,23520,0.6083333492279053,128,363000,1.4563038349151611,1920,17,2,500000,1000,,363001.0,0.659375011920929,0.6125742197036743,0.606249988079071,0.6564342379570007,1437,1328365866,1,2
364001,1920,5460015,698881920,23520,0.606249988079071,128,364000,1.4601008892059326,1920,17,2,500000,1000,,364001.0,0.659375011920929,0.6125818490982056,0.606249988079071,0.6562350988388062,1442,1328365866,1,2
365001,1920,5475015,700801920,23520,0.606249988079071,128,365000,1.463824987411499,1920,17,2,500000,1000,,365001.0,0.659375011920929,0.6125695109367371,0.606249988079071,0.6559575796127319,1445,1328365866,1,2
366001,1920,5490015,702721920,23520,0.606249988079071,128,366000,1.4675929546356201,1920,17,2,500000,1000,,366001.0,0.659375011920929,0.6125745177268982,0.606249988079071,0.656212568283081,1449,1328365866,1,2
367001,1920,5505015,704641920,23520,0.606249988079071,128,367000,1.4713211059570312,1920,17,2,500000,1000,,367001.0,0.659375011920929,0.6125683188438416,0.606249988079071,0.6561809182167053,1453,1328365866,1,2
368001,1920,5520015,706561920,23520,0.606249988079071,128,368000,1.4750499725341797,1920,17,2,500000,1000,,368001.0,0.659375011920929,0.6125707030296326,0.606249988079071,0.656072735786438,1457,1328365866,1,2
369001,1920,5535015,708481920,23520,0.606249988079071,128,369000,1.4788539409637451,1920,17,2,500000,1000,,369001.0,0.6588541865348816,0.6125737428665161,0.606249988079071,0.6562985181808472,1461,1328365866,1,2
370001,1920,5550015,710401920,23520,0.606249988079071,128,370000,1.482625961303711,1920,17,2,500000,1000,,370001.0,0.6598958373069763,0.6125709414482117,0.606249988079071,0.6562672257423401,1464,1328365866,1,2
371001,1920,5565015,712321920,23520,0.606249988079071,128,371000,1.486616849899292,1920,17,2,500000,1000,,371001.0,0.6583333611488342,0.6125704050064087,0.606249988079071,0.6560068726539612,1468,1328365866,1,2
372001,1920,5580015,714241920,23520,0.606249988079071,128,372000,1.49037504196167,1920,17,2,500000,1000,,372001.0,0.6588541865348816,0.6125691533088684,0.606249988079071,0.6558893322944641,1472,1328365866,1,2
373001,1920,5595015,716161920,23520,0.606249988079071,128,373000,1.4941189289093018,1920,17,2,500000,1000,,373001.0,0.6598958373069763,0.6125722527503967,0.606249988079071,0.6561954617500305,1476,1328365866,1,2
374001,1920,5610015,718081920,23520,0.606249988079071,128,374000,1.4982457160949707,1920,17,2,500000,1000,,374001.0,0.6598958373069763,0.6125703454017639,0.606249988079071,0.6559394598007202,1480,1328365866,1,2
375001,1920,5625015,720001920,23520,0.606249988079071,128,375000,1.5020086765289307,1920,17,2,500000,1000,,375001.0,0.659375011920929,0.6125727295875549,0.6083333492279053,0.656157910823822,1484,1328365866,1,2
376001,1920,5640015,721921920,23520,0.6083333492279053,128,376000,1.505720615386963,1920,17,2,500000,1000,,376001.0,0.659375011920929,0.6125699877738953,0.606249988079071,0.6564843654632568,1488,1328365866,1,2
377001,1920,5655015,723841920,23520,0.606249988079071,128,377000,1.5098326206207275,1920,17,2,500000,1000,,377001.0,0.659375011920929,0.6125723123550415,0.606249988079071,0.656398594379425,1492,1328365866,1,2
378001,1920,5670015,725761920,23520,0.606249988079071,128,378000,1.5140235424041748,1920,17,2,500000,1000,,378001.0,0.659375011920929,0.6125772595405579,0.6083333492279053,0.6565065383911133,1496,1328365866,1,2
379001,1920,5685015,727681920,23520,0.6083333492279053,128,379000,1.517775297164917,1920,17,2,500000,1000,,379001.0,0.6588541865348816,0.6125696897506714,0.606249988079071,0.6558102965354919,1500,1328365866,1,2
380001,1920,5700015,729601920,23520,0.606249988079071,128,380000,1.5217921733856201,1920,17,2,500000,1000,,380001.0,0.659375011920929,0.6125737428665161,0.606249988079071,0.6560282111167908,1504,1328365866,1,2
381001,1920,5715015,731521920,23520,0.606249988079071,128,381000,1.5255203247070312,1920,17,2,500000,1000,,381001.0,0.6604166626930237,0.6125696897506714,0.606249988079071,0.6567668318748474,1508,1328365866,1,2
382001,1920,5730015,733441920,23520,0.606249988079071,128,382000,1.5292754173278809,1920,17,2,500000,1000,,382001.0,0.6588541865348816,0.6125738620758057,0.606249988079071,0.6564854979515076,1512,1328365866,1,2
383001,1920,5745015,735361920,23520,0.606249988079071,128,383000,1.533024549484253,1920,17,2,500000,1000,,383001.0,0.6604166626930237,0.6125724911689758,0.606249988079071,0.656773567199707,1516,1328365866,1,2
384001,1920,5760015,737281920,23520,0.606249988079071,128,384000,1.5371944904327393,1920,17,2,500000,1000,,384001.0,0.6588541865348816,0.6125704646110535,0.606249988079071,0.6560197472572327,1520,1328365866,1,2
385001,1920,5775015,739201920,23520,0.606249988079071,128,385000,1.5409176349639893,1920,17,2,500000,1000,,385001.0,0.6598958373069763,0.6125720739364624,0.606249988079071,0.656204879283905,1524,1328365866,1,2
386001,1920,5790015,741121920,23520,0.606249988079071,128,386000,1.5446515083312988,1920,17,2,500000,1000,,386001.0,0.659375011920929,0.6125762462615967,0.606249988079071,0.6565778851509094,1527,1328365866,1,2
387001,1920,5805015,743041920,23520,0.606249988079071,128,387000,1.548656702041626,1920,17,2,500000,1000,,387001.0,0.6604166626930237,0.6125745177268982,0.606249988079071,0.6565530896186829,1532,1328365866,1,2
388001,1920,5820015,744961920,23520,0.606249988079071,128,388000,1.5524840354919434,1920,17,2,500000,1000,,388001.0,0.6604166626930237,0.6125727295875549,0.606249988079071,0.6566855907440186,1536,1328365866,1,2
389001,1920,5835015,746881920,23520,0.606249988079071,128,389000,1.5562670230865479,1920,17,2,500000,1000,,389001.0,0.6588541865348816,0.6125746965408325,0.606249988079071,0.6562672257423401,1540,1328365866,1,2
390001,1920,5850015,748801920,23520,0.606249988079071,128,390000,1.560054063796997,1920,17,2,500000,1000,,390001.0,0.659375011920929,0.6125712990760803,0.606249988079071,0.6568720936775208,1544,1328365866,1,2
391001,1920,5865015,750721920,23520,0.606249988079071,128,391000,1.5638279914855957,1920,17,2,500000,1000,,391001.0,0.6598958373069763,0.6125706434249878,0.606249988079071,0.6563441157341003,1548,1328365866,1,2
392001,1920,5880015,752641920,23520,0.606249988079071,128,392000,1.5676050186157227,1920,17,2,500000,1000,,392001.0,0.659375011920929,0.6125707030296326,0.606249988079071,0.6561310887336731,1552,1328365866,1,2
393001,1920,5895015,754561920,23520,0.606249988079071,128,393000,1.5714020729064941,1920,17,2,500000,1000,,393001.0,0.659375011920929,0.6125689148902893,0.606249988079071,0.6564992070198059,1556,1328365866,1,2
394001,1920,5910015,756481920,23520,0.606249988079071,128,394000,1.5751500129699707,1920,17,2,500000,1000,,394001.0,0.6598958373069763,0.6125743389129639,0.606249988079071,0.6572244167327881,1560,1328365866,1,2
395001,1920,5925015,758401920,23520,0.606249988079071,128,395000,1.5789289474487305,1920,17,2,500000,1000,,395001.0,0.6588541865348816,0.6125746369361877,0.606249988079071,0.6565279364585876,1564,1328365866,1,2
396001,1920,5940015,760321920,23520,0.606249988079071,128,396000,1.5827479362487793,1920,17,2,500000,1000,,396001.0,0.6604166626930237,0.6125727295875549,0.606249988079071,0.6564800143241882,1569,1328365866,1,2
397001,1920,5955015,762241920,23520,0.606249988079071,128,397000,1.586599588394165,1920,17,2,500000,1000,,397001.0,0.660937488079071,0.6125722527503967,0.606249988079071,0.6567327380180359,1573,1328365866,1,2
398001,1920,5970015,764161920,23520,0.606249988079071,128,398000,1.590702772140503,1920,17,2,500000,1000,,398001.0,0.6588541865348816,0.6125715970993042,0.606249988079071,0.6564380526542664,1577,1328365866,1,2
399001,1920,5985015,766081920,23520,0.606249988079071,128,399000,1.59444260597229,1920,17,2,500000,1000,,399001.0,0.6598958373069763,0.6125730276107788,0.606249988079071,0.6561572551727295,1580,1328365866,1,2
400001,1920,6000015,768001920,23520,0.606249988079071,128,400000,1.5983116626739502,1920,17,2,500000,1000,,400001.0,0.660937488079071,0.6125745177268982,0.606249988079071,0.6564689874649048,1584,1328365866,1,2
401001,1920,6015015,769921920,23520,0.606249988079071,128,401000,1.6023435592651367,1920,17,2,500000,1000,,401001.0,0.6604166626930237,0.6125704646110535,0.606249988079071,0.6562532186508179,1588,1328365866,1,2
402001,1920,6030015,771841920,23520,0.606249988079071,128,402000,1.606177806854248,1920,17,2,500000,1000,,402001.0,0.6588541865348816,0.6125702261924744,0.606249988079071,0.6560489535331726,1592,1328365866,1,2
403001,1920,6045015,773761920,23520,0.606249988079071,128,403000,1.609947919845581,1920,17,2,500000,1000,,403001.0,0.659375011920929,0.6125732660293579,0.606249988079071,0.6560170650482178,1596,1328365866,1,2
404001,1920,6060015,775681920,23520,0.606249988079071,128,404000,1.6136939525604248,1920,17,2,500000,1000,,404001.0,0.6583333611488342,0.6125736832618713,0.606249988079071,0.6560594439506531,1600,1328365866,1,2
405001,1920,6075015,777601920,23520,0.606249988079071,128,405000,1.6174328327178955,1920,17,2,500000,1000,,405001.0,0.659375011920929,0.6125745177268982,0.606249988079071,0.6567366123199463,1604,1328365866,1,2
406001,1920,6090015,779521920,23520,0.606249988079071,128,406000,1.6211907863616943,1920,17,2,500000,1000,,406001.0,0.6598958373069763,0.6125685572624207,0.606249988079071,0.6563278436660767,1608,1328365866,1,2
407001,1920,6105015,781441920,23520,0.606249988079071,128,407000,1.6250028610229492,1920,17,2,500000,1000,,407001.0,0.660937488079071,0.6125715970993042,0.6083333492279053,0.6558789610862732,1612,1328365866,1,2
408001,1920,6120015,783361920,23520,0.6083333492279053,128,408000,1.6287288665771484,1920,17,2,500000,1000,,408001.0,0.659375011920929,0.6125780940055847,0.606249988079071,0.6563687920570374,1616,1328365866,1,2
409001,1920,6135015,785281920,23520,0.606249988079071,128,409000,1.6325149536132812,1920,17,2,500000,1000,,409001.0,0.659375011920929,0.6125746369361877,0.6083333492279053,0.6563214063644409,1620,1328365866,1,2
410001,1920,6150015,787201920,23520,0.6083333492279053,128,410000,1.6385447978973389,1920,17,2,500000,1000,,410001.0,0.6604166626930237,0.6125767230987549,0.6083333492279053,0.6561187505722046,1624,1328365866,1,2
411001,1920,6165015,789121920,23520,0.6083333492279053,128,411000,1.6422767639160156,1920,17,2,500000,1000,,411001.0,0.659375011920929,0.6125791072845459,0.606249988079071,0.6561757326126099,1628,1328365866,1,2
412001,1920,6180015,791041920,23520,0.606249988079071,128,412000,1.646115779876709,1920,17,2,500000,1000,,412001.0,0.6604166626930237,0.6125709414482117,0.606249988079071,0.6563697457313538,1632,1328365866,1,2
413001,1920,6195015,792961920,23520,0.606249988079071,128,413000,1.6504168510437012,1920,17,2,500000,1000,,413001.0,0.659375011920929,0.6125713586807251,0.606249988079071,0.656451404094696,1636,1328365866,1,2
414001,1920,6210015,794881920,23520,0.606249988079071,128,414000,1.6541666984558105,1920,17,2,500000,1000,,414001.0,0.659375011920929,0.6125722527503967,0.606249988079071,0.6560724973678589,1640,1328365866,1,2
415001,1920,6225015,796801920,23520,0.606249988079071,128,415000,1.6579103469848633,1920,17,2,500000,1000,,415001.0,0.6598958373069763,0.6125684380531311,0.606249988079071,0.6564575433731079,1644,1328365866,1,2
416001,1920,6240015,798721920,23520,0.606249988079071,128,416000,1.661966323852539,1920,17,2,500000,1000,,416001.0,0.6598958373069763,0.612573504447937,0.606249988079071,0.6563917994499207,1647,1328365866,1,2
417001,1920,6255015,800641920,23520,0.606249988079071,128,417000,1.665776014328003,1920,17,2,500000,1000,,417001.0,0.6583333611488342,0.612573504447937,0.606249988079071,0.6563250422477722,1651,1328365866,1,2
418001,1920,6270015,802561920,23520,0.606249988079071,128,418000,1.6695168018341064,1920,17,2,500000,1000,,418001.0,0.6598958373069763,0.612575352191925,0.6083333492279053,0.6561059951782227,1656,1328365866,1,2
419001,1920,6285015,804481920,23520,0.6083333492279053,128,419000,1.6732850074768066,1920,17,2,500000,1000,,419001.0,0.6588541865348816,0.6125727891921997,0.606249988079071,0.656829297542572,1660,1328365866,1,2
420001,1920,6300015,806401920,23520,0.606249988079071,128,420000,1.6770641803741455,1920,17,2,500000,1000,,420001.0,0.659375011920929,0.6125738620758057,0.606249988079071,0.6565463542938232,1664,1328365866,1,2
421001,1920,6315015,808321920,23520,0.606249988079071,128,421000,1.6808042526245117,1920,17,2,500000,1000,,421001.0,0.6598958373069763,0.6125742197036743,0.6083333492279053,0.6558263301849365,1668,1328365866,1,2
422001,1920,6330015,810241920,23520,0.6083333492279053,128,422000,1.6847631931304932,1920,17,2,500000,1000,,422001.0,0.6598958373069763,0.6125717163085938,0.6083333492279053,0.6560647487640381,1672,1328365866,1,2
423001,1920,6345015,812161920,23520,0.6083333492279053,128,423000,1.6884784698486328,1920,17,2,500000,1000,,423001.0,0.6588541865348816,0.6125699877738953,0.606249988079071,0.6561316251754761,1675,1328365866,1,2
424001,1920,6360015,814081920,23520,0.606249988079071,128,424000,1.6925251483917236,1920,17,2,500000,1000,,424001.0,0.6588541865348816,0.6125717163085938,0.606249988079071,0.6566610336303711,1679,1328365866,1,2
425001,1920,6375015,816001920,23520,0.606249988079071,128,425000,1.6962449550628662,1920,17,2,500000,1000,,425001.0,0.6598958373069763,0.6125714182853699,0.606249988079071,0.6564323306083679,1683,1328365866,1,2
426001,1920,6390015,817921920,23520,0.606249988079071,128,426000,1.6999850273132324,1920,17,2,500000,1000,,426001.0,0.659375011920929,0.6125739812850952,0.606249988079071,0.6563007235527039,1687,1328365866,1,2
427001,1920,6405015,819841920,23520,0.606249988079071,128,427000,1.7037389278411865,1920,17,2,500000,1000,,427001.0,0.660937488079071,0.6125718951225281,0.6083333492279053,0.656389594078064,1691,1328365866,1,2
428001,1920,6420015,821761920,23520,0.6083333492279053,128,428000,1.7075128555297852,1920,17,2,500000,1000,,428001.0,0.6598958373069763,0.6125720739364624,0.606249988079071,0.6564668416976929,1694,1328365866,1,2
429001,1920,6435015,823681920,23520,0.606249988079071,128,429000,1.7114789485931396,1920,17,2,500000,1000,,429001.0,0.6598958373069763,0.6125707030296326,0.606249988079071,0.6565150022506714,1698,1328365866,1,2
430001,1920,6450015,825601920,23520,0.606249988079071,128,430000,1.715240716934204,1920,17,2,500000,1000,,430001.0,0.6604166626930237,0.6125710606575012,0.606249988079071,0.6563852429389954,1702,1328365866,1,2
431001,1920,6465015,827521920,23520,0.606249988079071,128,431000,1.7190697193145752,1920,17,2,500000,1000,,431001.0,0.659375011920929,0.6125713586807251,0.606249988079071,0.6567279696464539,1706,1328365866,1,2
432001,1920,6480015,829441920,23520,0.606249988079071,128,432000,1.7228047847747803,1920,17,2,500000,1000,,432001.0,0.659375011920929,0.6125720143318176,0.606249988079071,0.6561176776885986,1710,1328365866,1,2
433001,1920,6495015,831361920,23520,0.606249988079071,128,433000,1.726862907409668,1920,17,2,500000,1000,,433001.0,0.6588541865348816,0.6125723123550415,0.606249988079071,0.6562896966934204,1714,1328365866,1,2
434001,1920,6510015,833281920,23520,0.606249988079071,128,434000,1.730625867843628,1920,17,2,500000,1000,,434001.0,0.659375011920929,0.6125704050064087,0.606249988079071,0.6565283536911011,1718,1328365866,1,2
435001,1920,6525015,835201920,23520,0.606249988079071,128,435000,1.7343521118164062,1920,17,2,500000,1000,,435001.0,0.6604166626930237,0.612573504447937,0.606249988079071,0.6567713618278503,1721,1328365866,1,2
436001,1920,6540015,837121920,23520,0.606249988079071,128,436000,1.7382800579071045,1920,17,2,500000,1000,,436001.0,0.6588541865348816,0.6125714182853699,0.606249988079071,0.6563366651535034,1725,1328365866,1,2
437001,1920,6555015,839041920,23520,0.606249988079071,128,437000,1.742002010345459,1920,17,2,500000,1000,,437001.0,0.659375011920929,0.6125710010528564,0.606249988079071,0.6563633680343628,1729,1328365866,1,2
438001,1920,6570015,840961920,23520,0.606249988079071,128,438000,1.7457408905029297,1920,17,2,500000,1000,,438001.0,0.659375011920929,0.6125729084014893,0.606249988079071,0.6562125086784363,1733,1328365866,1,2
439001,1920,6585015,842881920,23520,0.606249988079071,128,439000,1.7495498657226562,1920,17,2,500000,1000,,439001.0,0.6598958373069763,0.6125775575637817,0.606249988079071,0.6561926603317261,1737,1328365866,1,2
440001,1920,6600015,844801920,23520,0.606249988079071,128,440000,1.7533059120178223,1920,17,2,500000,1000,,440001.0,0.660937488079071,0.6125738620758057,0.606249988079071,0.6563047766685486,1740,1328365866,1,2
441001,1920,6615015,846721920,23520,0.606249988079071,128,441000,1.7570247650146484,1920,17,2,500000,1000,,441001.0,0.6588541865348816,0.6125694513320923,0.606249988079071,0.6565074920654297,1744,1328365866,1,2
442001,1920,6630015,848641920,23520,0.606249988079071,128,442000,1.7607226371765137,1920,17,2,500000,1000,,442001.0,0.659375011920929,0.6125712990760803,0.606249988079071,0.6565592288970947,1748,1328365866,1,2
443001,1920,6645015,850561920,23520,0.606249988079071,128,443000,1.7644495964050293,1920,17,2,500000,1000,,443001.0,0.6588541865348816,0.6125751733779907,0.606249988079071,0.6563156247138977,1752,1328365866,1,2
444001,1920,6660015,852481920,23520,0.606249988079071,128,444000,1.7686495780944824,1920,17,2,500000,1000,,444001.0,0.6598958373069763,0.6125773191452026,0.606249988079071,0.655659019947052,1756,1328365866,1,2
445001,1920,6675015,854401920,23520,0.606249988079071,128,445000,1.7723743915557861,1920,17,2,500000,1000,,445001.0,0.6588541865348816,0.6125720739364624,0.606249988079071,0.656086802482605,1759,1328365866,1,2
446001,1920,6690015,856321920,23520,0.606249988079071,128,446000,1.7767972946166992,1920,17,2,500000,1000,,446001.0,0.659375011920929,0.6125743985176086,0.606249988079071,0.655981719493866,1763,1328365866,1,2
447001,1920,6705015,858241920,23520,0.606249988079071,128,447000,1.7811622619628906,1920,17,2,500000,1000,,447001.0,0.6598958373069763,0.6125738024711609,0.606249988079071,0.6560083031654358,1767,1328365866,1,2
448001,1920,6720015,860161920,23520,0.606249988079071,128,448000,1.784919261932373,1920,17,2,500000,1000,,448001.0,0.6583333611488342,0.6125717163085938,0.606249988079071,0.656110405921936,1771,1328365866,1,2
449001,1920,6735015,862081920,23520,0.606249988079071,128,449000,1.7888474464416504,1920,17,2,500000,1000,,449001.0,0.6598958373069763,0.6125689744949341,0.606249988079071,0.656485915184021,1775,1328365866,1,2
450001,1920,6750015,864001920,23520,0.606249988079071,128,450000,1.7925763130187988,1920,17,2,500000,1000,,450001.0,0.659375011920929,0.612571120262146,0.606249988079071,0.6563442349433899,1779,1328365866,1,2
451001,1920,6765015,865921920,23520,0.606249988079071,128,451000,1.7964305877685547,1920,17,2,500000,1000,,451001.0,0.659375011920929,0.612571656703949,0.606249988079071,0.6562082171440125,1783,1328365866,1,2
452001,1920,6780015,867841920,23520,0.606249988079071,128,452000,1.8003747463226318,1920,17,2,500000,1000,,452001.0,0.659375011920929,0.6125742793083191,0.606249988079071,0.6566243767738342,1788,1328365866,1,2
453001,1920,6795015,869761920,23520,0.606249988079071,128,453000,1.804093599319458,1920,17,2,500000,1000,,453001.0,0.6598958373069763,0.6125695109367371,0.606249988079071,0.6566386818885803,1791,1328365866,1,2
454001,1920,6810015,871681920,23520,0.606249988079071,128,454000,1.8101227283477783,1920,17,2,500000,1000,,454001.0,0.659375011920929,0.6125709414482117,0.606249988079071,0.6566576361656189,1795,1328365866,1,2
455001,1920,6825015,873601920,23520,0.606249988079071,128,455000,1.8141746520996094,1920,17,2,500000,1000,,455001.0,0.6598958373069763,0.6125730872154236,0.606249988079071,0.6567813754081726,1799,1328365866,1,2
456001,1920,6840015,875521920,23520,0.606249988079071,128,456000,1.8180665969848633,1920,17,2,500000,1000,,456001.0,0.659375011920929,0.6125708222389221,0.606249988079071,0.6565261483192444,1803,1328365866,1,2
457001,1920,6855015,877441920,23520,0.606249988079071,128,457000,1.8221025466918945,1920,17,2,500000,1000,,457001.0,0.6604166626930237,0.6125684976577759,0.606249988079071,0.6563447117805481,1807,1328365866,1,2
458001,1920,6870015,879361920,23520,0.606249988079071,128,458000,1.825958490371704,1920,17,2,500000,1000,,458001.0,0.6598958373069763,0.6125730276107788,0.606249988079071,0.6564481258392334,1811,1328365866,1,2
459001,1920,6885015,881281920,23520,0.606249988079071,128,459000,1.829761266708374,1920,17,2,500000,1000,,459001.0,0.660937488079071,0.6125708222389221,0.606249988079071,0.6563875675201416,1815,1328365866,1,2
460001,1920,6900015,883201920,23520,0.606249988079071,128,460000,1.8335435390472412,1920,17,2,500000,1000,,460001.0,0.6588541865348816,0.6125767827033997,0.606249988079071,0.656363844871521,1819,1328365866,1,2
461001,1920,6915015,885121920,23520,0.606249988079071,128,461000,1.837261438369751,1920,17,2,500000,1000,,461001.0,0.6604166626930237,0.6125762462615967,0.606249988079071,0.6565186381340027,1823,1328365866,1,2
462001,1920,6930015,887041920,23520,0.606249988079071,128,462000,1.8409953117370605,1920,17,2,500000,1000,,462001.0,0.659375011920929,0.6125739216804504,0.606249988079071,0.6560641527175903,1826,1328365866,1,2
463001,1920,6945015,888961920,23520,0.606249988079071,128,463000,1.8447461128234863,1920,17,2,500000,1000,,463001.0,0.6598958373069763,0.6125698089599609,0.606249988079071,0.6561368107795715,1830,1328365866,1,2
464001,1920,6960015,890881920,23520,0.606249988079071,128,464000,1.848526954650879,1920,17,2,500000,1000,,464001.0,0.6598958373069763,0.6125727891921997,0.606249988079071,0.6560131907463074,1834,1328365866,1,2
465001,1920,6975015,892801920,23520,0.606249988079071,128,465000,1.852306842803955,1920,17,2,500000,1000,,465001.0,0.6598958373069763,0.6125752329826355,0.606249988079071,0.6561011075973511,1838,1328365866,1,2
466001,1920,6990015,894721920,23520,0.606249988079071,128,466000,1.8562569618225098,1920,17,2,500000,1000,,466001.0,0.6588541865348816,0.6125699281692505,0.606249988079071,0.656220018863678,1842,1328365866,1,2
467001,1920,7005015,896641920,23520,0.606249988079071,128,467000,1.8600108623504639,1920,17,2,500000,1000,,467001.0,0.6604166626930237,0.6125696897506714,0.606249988079071,0.6561232209205627,1846,1328365866,1,2
468001,1920,7020015,898561920,23520,0.606249988079071,128,468000,1.863738775253296,1920,17,2,500000,1000,,468001.0,0.6588541865348816,0.6125719547271729,0.606249988079071,0.6561397910118103,1850,1328365866,1,2
469001,1920,7035015,900481920,23520,0.606249988079071,128,469000,1.8675928115844727,1920,17,2,500000,1000,,469001.0,0.659375011920929,0.6125739216804504,0.606249988079071,0.6561161279678345,1854,1328365866,1,2
470001,1920,7050015,902401920,23520,0.606249988079071,128,470000,1.871323823928833,1920,17,2,500000,1000,,470001.0,0.6588541865348816,0.6125739216804504,0.6083333492279053,0.6563464403152466,1858,1328365866,1,2
471001,1920,7065015,904321920,23520,0.6083333492279053,128,471000,1.8752110004425049,1920,17,2,500000,1000,,471001.0,0.6588541865348816,0.6125733852386475,0.606249988079071,0.6566321849822998,1862,1328365866,1,2
472001,1920,7080015,906241920,23520,0.606249988079071,128,472000,1.8791296482086182,1920,17,2,500000,1000,,472001.0,0.6588541865348816,0.6125715374946594,0.606249988079071,0.6561378240585327,1866,1328365866,1,2
473001,1920,7095015,908161920,23520,0.606249988079071,128,473000,1.8828537464141846,1920,17,2,500000,1000,,473001.0,0.6583333611488342,0.6125719547271729,0.606249988079071,0.6565665006637573,1870,1328365866,1,2
474001,1920,7110015,910081920,23520,0.606249988079071,128,474000,1.8866846561431885,1920,17,2,500000,1000,,474001.0,0.6598958373069763,0.6125762462615967,0.606249988079071,0.6567484140396118,1874,1328365866,1,2
475001,1920,7125015,912001920,23520,0.606249988079071,128,475000,1.8904428482055664,1920,17,2,500000,1000,,475001.0,0.6598958373069763,0.6125692129135132,0.606249988079071,0.6563278436660767,1878,1328365866,1,2
476001,1920,7140015,913921920,23520,0.606249988079071,128,476000,1.8941941261291504,1920,17,2,500000,1000,,476001.0,0.6604166626930237,0.6125723719596863,0.606249988079071,0.6561318635940552,1882,1328365866,1,2
477001,1920,7155015,915841920,23520,0.606249988079071,128,477000,1.8981263637542725,1920,17,2,500000,1000,,477001.0,0.6598958373069763,0.6125725507736206,0.6083333492279053,0.6559627056121826,1885,1328365866,1,2
478001,1920,7170015,917761920,23520,0.6083333492279053,128,478000,1.9018642902374268,1920,17,2,500000,1000,,478001.0,0.6588541865348816,0.6125693917274475,0.606249988079071,0.6562146544456482,1889,1328365866,1,2
479001,1920,7185015,919681920,23520,0.606249988079071,128,479000,1.905590295791626,1920,17,2,500000,1000,,479001.0,0.659375011920929,0.6125677824020386,0.606249988079071,0.6566197872161865,1893,1328365866,1,2
480001,1920,7200015,921601920,23520,0.606249988079071,128,480000,1.9092891216278076,1920,17,2,500000,1000,,480001.0,0.659375011920929,0.6125746965408325,0.606249988079071,0.6567802429199219,1897,1328365866,1,2
481001,1920,7215015,923521920,23520,0.606249988079071,128,481000,1.913041114807129,1920,17,2,500000,1000,,481001.0,0.6588541865348816,0.6125709414482117,0.606249988079071,0.6562350988388062,1901,1328365866,1,2
482001,1920,7230015,925441920,23520,0.606249988079071,128,482000,1.9168879985809326,1920,17,2,500000,1000,,482001.0,0.6588541865348816,0.6125695109367371,0.606249988079071,0.6562977433204651,1905,1328365866,1,2
483001,1920,7245015,927361920,23520,0.606249988079071,128,483000,1.9209420680999756,1920,17,2,500000,1000,,483001.0,0.6604166626930237,0.6125756502151489,0.606249988079071,0.6563304662704468,1909,1328365866,1,2
484001,1920,7260015,929281920,23520,0.606249988079071,128,484000,1.9248628616333008,1920,17,2,500000,1000,,484001.0,0.6588541865348816,0.6125712990760803,0.606249988079071,0.6559492349624634,1912,1328365866,1,2
485001,1920,7275015,931201920,23520,0.606249988079071,128,485000,1.9286251068115234,1920,17,2,500000,1000,,485001.0,0.660937488079071,0.6125741600990295,0.606249988079071,0.6561765074729919,1916,1328365866,1,2
486001,1920,7290015,933121920,23520,0.606249988079071,128,486000,1.9324679374694824,1920,17,2,500000,1000,,486001.0,0.660937488079071,0.6125745177268982,0.606249988079071,0.6563637256622314,1920,1328365866,1,2
487001,1920,7305015,935041920,23520,0.606249988079071,128,487000,1.936202049255371,1920,17,2,500000,1000,,487001.0,0.6583333611488342,0.6125718951225281,0.606249988079071,0.6562674641609192,1924,1328365866,1,2
488001,1920,7320015,936961920,23520,0.606249988079071,128,488000,1.9400088787078857,1920,17,2,500000,1000,,488001.0,0.659375011920929,0.6125752925872803,0.606249988079071,0.6561753153800964,1928,1328365866,1,2
489001,1920,7335015,938881920,23520,0.606249988079071,128,489000,1.943713903427124,1920,17,2,500000,1000,,489001.0,0.659375011920929,0.6125728487968445,0.606249988079071,0.6564146876335144,1932,1328365866,1,2
490001,1920,7350015,940801920,23520,0.606249988079071,128,490000,1.947455883026123,1920,17,2,500000,1000,,490001.0,0.659375011920929,0.6125695705413818,0.606249988079071,0.6562041640281677,1935,1328365866,1,2
491001,1920,7365015,942721920,23520,0.606249988079071,128,491000,1.9512531757354736,1920,17,2,500000,1000,,491001.0,0.6598958373069763,0.6125730276107788,0.606249988079071,0.6564422845840454,1939,1328365866,1,2
492001,1920,7380015,944641920,23520,0.606249988079071,128,492000,1.9549610614776611,1920,17,2,500000,1000,,492001.0,0.659375011920929,0.6125726103782654,0.606249988079071,0.6563140153884888,1943,1328365866,1,2
493001,1920,7395015,946561920,23520,0.606249988079071,128,493000,1.958894968032837,1920,17,2,500000,1000,,493001.0,0.659375011920929,0.612569272518158,0.606249988079071,0.6562995910644531,1947,1328365866,1,2
494001,1920,7410015,948481920,23520,0.606249988079071,128,494000,1.962641716003418,1920,17,2,500000,1000,,494001.0,0.659375011920929,0.6125745177268982,0.606249988079071,0.6559945344924927,1951,1328365866,1,2
495001,1920,7425015,950401920,23520,0.606249988079071,128,495000,1.9666385650634766,1920,17,2,500000,1000,,495001.0,0.659375011920929,0.6125730276107788,0.606249988079071,0.6560361981391907,1955,1328365866,1,2
496001,1920,7440015,952321920,23520,0.606249988079071,128,496000,1.9711008071899414,1920,17,2,500000,1000,,496001.0,0.659375011920929,0.6125707626342773,0.606249988079071,0.6561726927757263,1959,1328365866,1,2
497001,1920,7455015,954241920,23520,0.606249988079071,128,497000,1.975010871887207,1920,17,2,500000,1000,,497001.0,0.659375011920929,0.6125695705413818,0.606249988079071,0.6563147306442261,1962,1328365866,1,2
498001,1920,7470015,956161920,23520,0.606249988079071,128,498000,1.978759765625,1920,17,2,500000,1000,,498001.0,0.6598958373069763,0.6125706434249878,0.606249988079071,0.6561754941940308,1966,1328365866,1,2
499001,1920,7485015,958081920,23520,0.606249988079071,128,499000,1.9825077056884766,1920,17,2,500000,1000,,499001.0,0.659375011920929,0.6125718355178833,0.606249988079071,0.656436026096344,1970,1328365866,1,2
499998,1920,7499970,959996160,23520,0.606249988079071,128,499997,1.9862048625946045,1920,17,2,500000,1000,,499998.0,0.6598958373069763,0.6125703454017639,0.606249988079071,0.6563740968704224,1974,1328365866,1,2
499999,1920,7499985,959998080,23520,0.606249988079071,128,499998,1.9903678894042969,1920,17,2,500000,1000,,499999.0,0.6598958373069763,0.612570583820343,0.606249988079071,0.6563905477523804,1974,1328365866,1,2
500000,1920,7500000,960000000,23520,0.606249988079071,128,499999,1.994520664215088,1920,17,2,500000,1000,,500000.0,0.6598958373069763,0.6125708222389221,0.606249988079071,0.6563829183578491,1974,1328365866,1,2
