pf_calls,num_answers,model_updates,num_grad_comps,answers_bytes,last_score,batch_size,k,elapsed_time,train_data,n,d,max_epochs,verbose,ident,_epochs,score_train,loss_train,score_test,loss_test,_elapsed_time,seed,run_id,dim
1,1920,15,1920,23520,0.4729166626930237,128,0,0.02202129364013672,1920,17,5,500000,1000,,1.0,0.5432291626930237,0.6931472420692444,0.4937500059604645,0.6931472420692444,0,509950510,5,5
1001,1920,15015,1921920,23520,0.4937500059604645,128,1000,0.02677631378173828,1920,17,5,500000,1000,,1001.0,0.6781250238418579,0.6106518507003784,0.643750011920929,0.6279305815696716,5,509950510,5,5
2001,1920,30015,3841920,23520,0.643750011920929,128,2000,0.031365394592285156,1920,17,5,500000,1000,,2001.0,0.6807291507720947,0.5969454646110535,0.6499999761581421,0.6231781840324402,10,509950510,5,5
3001,1920,45015,5761920,23520,0.6499999761581421,128,3000,0.03593850135803223,1920,17,5,500000,1000,,3001.0,0.6880208253860474,0.5922164916992188,0.6479166746139526,0.6221252083778381,15,509950510,5,5
4001,1920,60015,7681920,23520,0.6479166746139526,128,4000,0.04115772247314453,1920,17,5,500000,1000,,4001.0,0.6848958134651184,0.5896733403205872,0.6541666388511658,0.6220336556434631,20,509950510,5,5
5001,1920,75015,9601920,23520,0.6541666388511658,128,5000,0.045822858810424805,1920,17,5,500000,1000,,5001.0,0.6822916865348816,0.5881026387214661,0.6583333611488342,0.6220398545265198,26,509950510,5,5
6001,1920,90015,11521920,23520,0.6583333611488342,128,6000,0.050444602966308594,1920,17,5,500000,1000,,6001.0,0.6848958134651184,0.587024450302124,0.65625,0.6223151087760925,31,509950510,5,5
7001,1920,105015,13441920,23520,0.65625,128,7000,0.055092811584472656,1920,17,5,500000,1000,,7001.0,0.6838541626930237,0.5862663388252258,0.65625,0.6222536563873291,36,509950510,5,5
8001,1920,120015,15361920,23520,0.65625,128,8000,0.05962681770324707,1920,17,5,500000,1000,,8001.0,0.6848958134651184,0.5856740474700928,0.6583333611488342,0.6225846409797668,41,509950510,5,5
9001,1920,135015,17281920,23520,0.6583333611488342,128,9000,0.0656578540802002,1920,17,5,500000,1000,,9001.0,0.6822916865348816,0.5852001309394836,0.65625,0.6227569580078125,46,509950510,5,5
10001,1920,150015,19201920,23520,0.65625,128,10000,0.07021284103393555,1920,17,5,500000,1000,,10001.0,0.684374988079071,0.5847964882850647,0.6583333611488342,0.6234692931175232,50,509950510,5,5
11001,1920,165015,21121920,23520,0.6583333611488342,128,11000,0.07477998733520508,1920,17,5,500000,1000,,11001.0,0.6833333373069763,0.5844563245773315,0.6604166626930237,0.6234666705131531,55,509950510,5,5
12001,1920,180015,23041920,23520,0.6604166626930237,128,12000,0.07933688163757324,1920,17,5,500000,1000,,12001.0,0.6817708611488342,0.5841625332832336,0.6645833253860474,0.6240702867507935,60,509950510,5,5
13001,1920,195015,24961920,23520,0.6645833253860474,128,13000,0.08384585380554199,1920,17,5,500000,1000,,13001.0,0.682812511920929,0.5839027166366577,0.6604166626930237,0.6239120364189148,65,509950510,5,5
14001,1920,210015,26881920,23520,0.6604166626930237,128,14000,0.08839559555053711,1920,17,5,500000,1000,,14001.0,0.6817708611488342,0.5836858153343201,0.6645833253860474,0.6236060857772827,70,509950510,5,5
15001,1920,225015,28801920,23520,0.6645833253860474,128,15000,0.11538887023925781,1920,17,5,500000,1000,,15001.0,0.6833333373069763,0.5834788084030151,0.6583333611488342,0.6239802241325378,75,509950510,5,5
16001,1920,240015,30721920,23520,0.6583333611488342,128,16000,0.11991357803344727,1920,17,5,500000,1000,,16001.0,0.682812511920929,0.5833006501197815,0.6604166626930237,0.6247314810752869,80,509950510,5,5
17001,1920,255015,32641920,23520,0.6604166626930237,128,17000,0.12441468238830566,1920,17,5,500000,1000,,17001.0,0.6838541626930237,0.5831485986709595,0.6583333611488342,0.6243554949760437,85,509950510,5,5
18001,1920,270015,34561920,23520,0.6583333611488342,128,18000,0.12892770767211914,1920,17,5,500000,1000,,18001.0,0.6833333373069763,0.5830024480819702,0.6604166626930237,0.624137282371521,90,509950510,5,5
19001,1920,285015,36481920,23520,0.6604166626930237,128,19000,0.13457965850830078,1920,17,5,500000,1000,,19001.0,0.6822916865348816,0.5828709006309509,0.6583333611488342,0.6250861883163452,95,509950510,5,5
20001,1920,300015,38401920,23520,0.6583333611488342,128,20000,0.13907480239868164,1920,17,5,500000,1000,,20001.0,0.6838541626930237,0.5827549695968628,0.6604166626930237,0.6247339248657227,100,509950510,5,5
21001,1920,315015,40321920,23520,0.6604166626930237,128,21000,0.14520955085754395,1920,17,5,500000,1000,,21001.0,0.6833333373069763,0.5826542377471924,0.6604166626930237,0.6246528029441833,104,509950510,5,5
22001,1920,330015,42241920,23520,0.6604166626930237,128,22000,0.14977550506591797,1920,17,5,500000,1000,,22001.0,0.682812511920929,0.58255934715271,0.6604166626930237,0.6251134872436523,109,509950510,5,5
23001,1920,345015,44161920,23520,0.6604166626930237,128,23000,0.15432047843933105,1920,17,5,500000,1000,,23001.0,0.684374988079071,0.5824689865112305,0.6583333611488342,0.6252481341362,114,509950510,5,5
24001,1920,360015,46081920,23520,0.6583333611488342,128,24000,0.15888452529907227,1920,17,5,500000,1000,,24001.0,0.682812511920929,0.5823881030082703,0.6604166626930237,0.6252084374427795,118,509950510,5,5
25001,1920,375015,48001920,23520,0.6604166626930237,128,25000,0.16359472274780273,1920,17,5,500000,1000,,25001.0,0.6838541626930237,0.58231520652771,0.6583333611488342,0.625665009021759,123,509950510,5,5
26001,1920,390015,49921920,23520,0.6583333611488342,128,26000,0.16808772087097168,1920,17,5,500000,1000,,26001.0,0.6833333373069763,0.5822431445121765,0.6583333611488342,0.6253076195716858,128,509950510,5,5
27001,1920,405015,51841920,23520,0.6583333611488342,128,27000,0.17263484001159668,1920,17,5,500000,1000,,27001.0,0.6838541626930237,0.5821777582168579,0.6583333611488342,0.6255251169204712,133,509950510,5,5
28001,1920,420015,53761920,23520,0.6583333611488342,128,28000,0.1771845817565918,1920,17,5,500000,1000,,28001.0,0.682812511920929,0.5821216702461243,0.6604166626930237,0.6256647706031799,138,509950510,5,5
29001,1920,435015,55681920,23520,0.6604166626930237,128,29000,0.18194270133972168,1920,17,5,500000,1000,,29001.0,0.6838541626930237,0.5820608735084534,0.6604166626930237,0.6252475380897522,142,509950510,5,5
30001,1920,450015,57601920,23520,0.6604166626930237,128,30000,0.18649673461914062,1920,17,5,500000,1000,,30001.0,0.6848958134651184,0.5820087194442749,0.6583333611488342,0.625762403011322,148,509950510,5,5
31001,1920,465015,59521920,23520,0.6583333611488342,128,31000,0.1912398338317871,1920,17,5,500000,1000,,31001.0,0.6854166388511658,0.5819593667984009,0.6583333611488342,0.6251148581504822,152,509950510,5,5
32001,1920,480015,61441920,23520,0.6583333611488342,128,32000,0.19578862190246582,1920,17,5,500000,1000,,32001.0,0.6848958134651184,0.5819080471992493,0.6604166626930237,0.6253947615623474,157,509950510,5,5
33001,1920,495015,63361920,23520,0.6604166626930237,128,33000,0.20032358169555664,1920,17,5,500000,1000,,33001.0,0.684374988079071,0.5818643569946289,0.6604166626930237,0.625898540019989,162,509950510,5,5
34001,1920,510015,65281920,23520,0.6604166626930237,128,34000,0.2048494815826416,1920,17,5,500000,1000,,34001.0,0.6838541626930237,0.5818274617195129,0.6583333611488342,0.6261104345321655,167,509950510,5,5
35001,1920,525015,67201920,23520,0.6583333611488342,128,35000,0.20937156677246094,1920,17,5,500000,1000,,35001.0,0.6848958134651184,0.5817848443984985,0.6604166626930237,0.6258020997047424,172,509950510,5,5
36001,1920,540015,69121920,23520,0.6604166626930237,128,36000,0.2138819694519043,1920,17,5,500000,1000,,36001.0,0.6848958134651184,0.5817440748214722,0.6583333611488342,0.625616192817688,176,509950510,5,5
37001,1920,555015,71041920,23520,0.6583333611488342,128,37000,0.2185072898864746,1920,17,5,500000,1000,,37001.0,0.6848958134651184,0.5817053914070129,0.6604166626930237,0.6255996823310852,181,509950510,5,5
38001,1920,570015,72961920,23520,0.6604166626930237,128,38000,0.22306227684020996,1920,17,5,500000,1000,,38001.0,0.6848958134651184,0.5816681981086731,0.6583333611488342,0.6257715821266174,186,509950510,5,5
39001,1920,585015,74881920,23520,0.6583333611488342,128,39000,0.22764229774475098,1920,17,5,500000,1000,,39001.0,0.6869791746139526,0.5816358327865601,0.6625000238418579,0.6258199214935303,190,509950510,5,5
40001,1920,600015,76801920,23520,0.6625000238418579,128,40000,0.23220419883728027,1920,17,5,500000,1000,,40001.0,0.6859375238418579,0.5816009640693665,0.6604166626930237,0.6258335113525391,195,509950510,5,5
41001,1920,615015,78721920,23520,0.6604166626930237,128,41000,0.23672199249267578,1920,17,5,500000,1000,,41001.0,0.6859375238418579,0.5815732479095459,0.6604166626930237,0.625683605670929,200,509950510,5,5
42001,1920,630015,80641920,23520,0.6604166626930237,128,42000,0.24128174781799316,1920,17,5,500000,1000,,42001.0,0.6854166388511658,0.5815442204475403,0.6604166626930237,0.625688910484314,205,509950510,5,5
43001,1920,645015,82561920,23520,0.6604166626930237,128,43000,0.24580073356628418,1920,17,5,500000,1000,,43001.0,0.6859375238418579,0.5815137028694153,0.6604166626930237,0.6259602904319763,209,509950510,5,5
44001,1920,660015,84481920,23520,0.6604166626930237,128,44000,0.2514529228210449,1920,17,5,500000,1000,,44001.0,0.6859375238418579,0.5814876556396484,0.6604166626930237,0.6258544325828552,214,509950510,5,5
45001,1920,675015,86401920,23520,0.6604166626930237,128,45000,0.25597262382507324,1920,17,5,500000,1000,,45001.0,0.6875,0.5814696550369263,0.6604166626930237,0.6255210638046265,219,509950510,5,5
46001,1920,690015,88321920,23520,0.6604166626930237,128,46000,0.2605109214782715,1920,17,5,500000,1000,,46001.0,0.6869791746139526,0.5814331769943237,0.6625000238418579,0.6257277131080627,224,509950510,5,5
47001,1920,705015,90241920,23520,0.6625000238418579,128,47000,0.2650580406188965,1920,17,5,500000,1000,,47001.0,0.6864583492279053,0.5814122557640076,0.6625000238418579,0.6258619427680969,228,509950510,5,5
48001,1920,720015,92161920,23520,0.6625000238418579,128,48000,0.26959681510925293,1920,17,5,500000,1000,,48001.0,0.6848958134651184,0.5813846588134766,0.6625000238418579,0.6258202791213989,233,509950510,5,5
49001,1920,735015,94081920,23520,0.6625000238418579,128,49000,0.2740969657897949,1920,17,5,500000,1000,,49001.0,0.6859375238418579,0.5813655257225037,0.6604166626930237,0.6257638931274414,238,509950510,5,5
50001,1920,750015,96001920,23520,0.6604166626930237,128,50000,0.27864789962768555,1920,17,5,500000,1000,,50001.0,0.6864583492279053,0.5813404321670532,0.6625000238418579,0.6257774829864502,243,509950510,5,5
51001,1920,765015,97921920,23520,0.6625000238418579,128,51000,0.28321290016174316,1920,17,5,500000,1000,,51001.0,0.6875,0.5813227295875549,0.6625000238418579,0.6258777379989624,247,509950510,5,5
52001,1920,780015,99841920,23520,0.6625000238418579,128,52000,0.2877488136291504,1920,17,5,500000,1000,,52001.0,0.6864583492279053,0.5813029408454895,0.6583333611488342,0.626032829284668,252,509950510,5,5
53001,1920,795015,101761920,23520,0.6583333611488342,128,53000,0.2937507629394531,1920,17,5,500000,1000,,53001.0,0.6854166388511658,0.5812804102897644,0.6625000238418579,0.6259766221046448,258,509950510,5,5
54001,1920,810015,103681920,23520,0.6625000238418579,128,54000,0.2982907295227051,1920,17,5,500000,1000,,54001.0,0.6864583492279053,0.5812587141990662,0.6625000238418579,0.6260444521903992,263,509950510,5,5
55001,1920,825015,105601920,23520,0.6625000238418579,128,55000,0.30282068252563477,1920,17,5,500000,1000,,55001.0,0.6880208253860474,0.5812444090843201,0.6625000238418579,0.6259470582008362,267,509950510,5,5
56001,1920,840015,107521920,23520,0.6625000238418579,128,56000,0.30750536918640137,1920,17,5,500000,1000,,56001.0,0.6854166388511658,0.5812251567840576,0.6625000238418579,0.6261542439460754,272,509950510,5,5
57001,1920,855015,109441920,23520,0.6625000238418579,128,57000,0.31204748153686523,1920,17,5,500000,1000,,57001.0,0.6859375238418579,0.5812081098556519,0.6625000238418579,0.6256334781646729,277,509950510,5,5
58001,1920,870015,111361920,23520,0.6625000238418579,128,58000,0.31778955459594727,1920,17,5,500000,1000,,58001.0,0.6859375238418579,0.5811898708343506,0.6625000238418579,0.626096785068512,282,509950510,5,5
59001,1920,885015,113281920,23520,0.6625000238418579,128,59000,0.3224654197692871,1920,17,5,500000,1000,,59001.0,0.6859375238418579,0.5811761021614075,0.6625000238418579,0.6265380382537842,287,509950510,5,5
60001,1920,900015,115201920,23520,0.6625000238418579,128,60000,0.3280012607574463,1920,17,5,500000,1000,,60001.0,0.6869791746139526,0.5811603665351868,0.6625000238418579,0.6261830925941467,291,509950510,5,5
61001,1920,915015,117121920,23520,0.6625000238418579,128,61000,0.3325672149658203,1920,17,5,500000,1000,,61001.0,0.6864583492279053,0.581145703792572,0.6625000238418579,0.6261988878250122,296,509950510,5,5
62001,1920,930015,119041920,23520,0.6625000238418579,128,62000,0.33706212043762207,1920,17,5,500000,1000,,62001.0,0.6869791746139526,0.5811346173286438,0.6625000238418579,0.6264303922653198,301,509950510,5,5
63001,1920,945015,120961920,23520,0.6625000238418579,128,63000,0.34172606468200684,1920,17,5,500000,1000,,63001.0,0.6869791746139526,0.5811124444007874,0.6625000238418579,0.6262250542640686,306,509950510,5,5
64001,1920,960015,122881920,23520,0.6625000238418579,128,64000,0.34630513191223145,1920,17,5,500000,1000,,64001.0,0.6859375238418579,0.5811004638671875,0.6625000238418579,0.62617427110672,311,509950510,5,5
65001,1920,975015,124801920,23520,0.6625000238418579,128,65000,0.35084009170532227,1920,17,5,500000,1000,,65001.0,0.6859375238418579,0.5810911655426025,0.6625000238418579,0.6261781454086304,315,509950510,5,5
66001,1920,990015,126721920,23520,0.6625000238418579,128,66000,0.35533714294433594,1920,17,5,500000,1000,,66001.0,0.6864583492279053,0.5810733437538147,0.6625000238418579,0.6258057355880737,320,509950510,5,5
67001,1920,1005015,128641920,23520,0.6625000238418579,128,67000,0.35990118980407715,1920,17,5,500000,1000,,67001.0,0.6869791746139526,0.5810592770576477,0.6625000238418579,0.6259284615516663,325,509950510,5,5
68001,1920,1020015,130561920,23520,0.6625000238418579,128,68000,0.3643929958343506,1920,17,5,500000,1000,,68001.0,0.6875,0.5810474157333374,0.6604166626930237,0.6259698271751404,330,509950510,5,5
69001,1920,1035015,132481920,23520,0.6604166626930237,128,69000,0.36895203590393066,1920,17,5,500000,1000,,69001.0,0.6885416507720947,0.5810353755950928,0.6604166626930237,0.6257131099700928,335,509950510,5,5
70001,1920,1050015,134401920,23520,0.6604166626930237,128,70000,0.3746190071105957,1920,17,5,500000,1000,,70001.0,0.6880208253860474,0.5810245275497437,0.6583333611488342,0.625460684299469,340,509950510,5,5
71001,1920,1065015,136321920,23520,0.6583333611488342,128,71000,0.37915587425231934,1920,17,5,500000,1000,,71001.0,0.6885416507720947,0.5810072422027588,0.6604166626930237,0.6257979273796082,344,509950510,5,5
72001,1920,1080015,138241920,23520,0.6604166626930237,128,72000,0.3836817741394043,1920,17,5,500000,1000,,72001.0,0.6875,0.5809966325759888,0.6604166626930237,0.6260688304901123,349,509950510,5,5
73001,1920,1095015,140161920,23520,0.6604166626930237,128,73000,0.388960599899292,1920,17,5,500000,1000,,73001.0,0.6875,0.5809863805770874,0.6625000238418579,0.6261945366859436,354,509950510,5,5
74001,1920,1110015,142081920,23520,0.6625000238418579,128,74000,0.3935065269470215,1920,17,5,500000,1000,,74001.0,0.6869791746139526,0.5809752941131592,0.6625000238418579,0.6259679794311523,358,509950510,5,5
75001,1920,1125015,144001920,23520,0.6625000238418579,128,75000,0.39808058738708496,1920,17,5,500000,1000,,75001.0,0.6869791746139526,0.580963134765625,0.6625000238418579,0.6261122226715088,363,509950510,5,5
76001,1920,1140015,145921920,23520,0.6625000238418579,128,76000,0.4027998447418213,1920,17,5,500000,1000,,76001.0,0.6875,0.5809497237205505,0.6604166626930237,0.626202404499054,368,509950510,5,5
77001,1920,1155015,147841920,23520,0.6604166626930237,128,77000,0.4073328971862793,1920,17,5,500000,1000,,77001.0,0.6880208253860474,0.5809407830238342,0.6625000238418579,0.6259727478027344,373,509950510,5,5
78001,1920,1170015,149761920,23520,0.6625000238418579,128,78000,0.41189002990722656,1920,17,5,500000,1000,,78001.0,0.6875,0.5809319615364075,0.6625000238418579,0.6260799169540405,377,509950510,5,5
79001,1920,1185015,151681920,23520,0.6625000238418579,128,79000,0.41643214225769043,1920,17,5,500000,1000,,79001.0,0.6869791746139526,0.5809215307235718,0.6604166626930237,0.6264334321022034,382,509950510,5,5
80001,1920,1200015,153601920,23520,0.6604166626930237,128,80000,0.42099428176879883,1920,17,5,500000,1000,,80001.0,0.6875,0.5809117555618286,0.6604166626930237,0.6262607574462891,387,509950510,5,5
81001,1920,1215015,155521920,23520,0.6604166626930237,128,81000,0.4255392551422119,1920,17,5,500000,1000,,81001.0,0.6880208253860474,0.5809056162834167,0.6625000238418579,0.6260287761688232,391,509950510,5,5
82001,1920,1230015,157441920,23520,0.6625000238418579,128,82000,0.43009018898010254,1920,17,5,500000,1000,,82001.0,0.6875,0.580893337726593,0.6625000238418579,0.6261107325553894,396,509950510,5,5
83001,1920,1245015,159361920,23520,0.6625000238418579,128,83000,0.4355943202972412,1920,17,5,500000,1000,,83001.0,0.6875,0.580882728099823,0.6625000238418579,0.6262019276618958,401,509950510,5,5
84001,1920,1260015,161281920,23520,0.6625000238418579,128,84000,0.440143346786499,1920,17,5,500000,1000,,84001.0,0.6869791746139526,0.5808742642402649,0.6625000238418579,0.6260871887207031,406,509950510,5,5
85001,1920,1275015,163201920,23520,0.6625000238418579,128,85000,0.44628119468688965,1920,17,5,500000,1000,,85001.0,0.6875,0.5808690786361694,0.6604166626930237,0.6264179944992065,411,509950510,5,5
86001,1920,1290015,165121920,23520,0.6604166626930237,128,86000,0.45091915130615234,1920,17,5,500000,1000,,86001.0,0.6880208253860474,0.580860435962677,0.6604166626930237,0.6263669729232788,416,509950510,5,5
87001,1920,1305015,167041920,23520,0.6604166626930237,128,87000,0.4554762840270996,1920,17,5,500000,1000,,87001.0,0.6875,0.5808472037315369,0.6625000238418579,0.6264461874961853,420,509950510,5,5
88001,1920,1320015,168961920,23520,0.6625000238418579,128,88000,0.46003031730651855,1920,17,5,500000,1000,,88001.0,0.6859375238418579,0.5808395147323608,0.6625000238418579,0.6265628933906555,425,509950510,5,5
89001,1920,1335015,170881920,23520,0.6625000238418579,128,89000,0.46454644203186035,1920,17,5,500000,1000,,89001.0,0.6875,0.5808307528495789,0.6604166626930237,0.6267281770706177,430,509950510,5,5
90001,1920,1350015,172801920,23520,0.6604166626930237,128,90000,0.469104528427124,1920,17,5,500000,1000,,90001.0,0.6885416507720947,0.5808252096176147,0.6604166626930237,0.6262558102607727,435,509950510,5,5
91001,1920,1365015,174721920,23520,0.6604166626930237,128,91000,0.4736025333404541,1920,17,5,500000,1000,,91001.0,0.6880208253860474,0.5808138251304626,0.6604166626930237,0.6260891556739807,439,509950510,5,5
92001,1920,1380015,176641920,23520,0.6604166626930237,128,92000,0.47816967964172363,1920,17,5,500000,1000,,92001.0,0.6880208253860474,0.5808082222938538,0.6604166626930237,0.6262381076812744,444,509950510,5,5
93001,1920,1395015,178561920,23520,0.6604166626930237,128,93000,0.4826946258544922,1920,17,5,500000,1000,,93001.0,0.6885416507720947,0.5808036923408508,0.6604166626930237,0.6262749433517456,449,509950510,5,5
94001,1920,1410015,180481920,23520,0.6604166626930237,128,94000,0.4873933792114258,1920,17,5,500000,1000,,94001.0,0.6880208253860474,0.5807920098304749,0.6625000238418579,0.6262980103492737,453,509950510,5,5
95001,1920,1425015,182401920,23520,0.6625000238418579,128,95000,0.4920165538787842,1920,17,5,500000,1000,,95001.0,0.6859375238418579,0.5807905793190002,0.6625000238418579,0.6265113353729248,458,509950510,5,5
96001,1920,1440015,184321920,23520,0.6625000238418579,128,96000,0.4972057342529297,1920,17,5,500000,1000,,96001.0,0.6854166388511658,0.5807821750640869,0.6604166626930237,0.6263434290885925,463,509950510,5,5
97001,1920,1455015,186241920,23520,0.6604166626930237,128,97000,0.5017385482788086,1920,17,5,500000,1000,,97001.0,0.6859375238418579,0.5807732343673706,0.6625000238418579,0.6262375712394714,468,509950510,5,5
98001,1920,1470015,188161920,23520,0.6625000238418579,128,98000,0.5062515735626221,1920,17,5,500000,1000,,98001.0,0.6864583492279053,0.5807660222053528,0.6625000238418579,0.6264358162879944,472,509950510,5,5
99001,1920,1485015,190081920,23520,0.6625000238418579,128,99000,0.5107715129852295,1920,17,5,500000,1000,,99001.0,0.6859375238418579,0.5807545781135559,0.6583333611488342,0.6265314221382141,477,509950510,5,5
100001,1920,1500015,192001920,23520,0.6583333611488342,128,100000,0.5153226852416992,1920,17,5,500000,1000,,100001.0,0.6864583492279053,0.5807492136955261,0.6604166626930237,0.6264103055000305,482,509950510,5,5
101001,1920,1515015,193921920,23520,0.6604166626930237,128,101000,0.5198838710784912,1920,17,5,500000,1000,,101001.0,0.6859375238418579,0.5807451009750366,0.6583333611488342,0.6266638040542603,486,509950510,5,5
102001,1920,1530015,195841920,23520,0.6583333611488342,128,102000,0.5244648456573486,1920,17,5,500000,1000,,102001.0,0.6869791746139526,0.5807374119758606,0.6625000238418579,0.6263264417648315,491,509950510,5,5
103001,1920,1545015,197761920,23520,0.6625000238418579,128,103000,0.5290029048919678,1920,17,5,500000,1000,,103001.0,0.6875,0.5807315707206726,0.6583333611488342,0.6263511776924133,496,509950510,5,5
104001,1920,1560015,199681920,23520,0.6583333611488342,128,104000,0.5335307121276855,1920,17,5,500000,1000,,104001.0,0.6869791746139526,0.5807249546051025,0.6625000238418579,0.6264163255691528,501,509950510,5,5
105001,1920,1575015,201601920,23520,0.6625000238418579,128,105000,0.5381016731262207,1920,17,5,500000,1000,,105001.0,0.6869791746139526,0.5807226896286011,0.6604166626930237,0.6265197992324829,505,509950510,5,5
106001,1920,1590015,203521920,23520,0.6604166626930237,128,106000,0.5431478023529053,1920,17,5,500000,1000,,106001.0,0.6869791746139526,0.5807121396064758,0.6604166626930237,0.6265491843223572,510,509950510,5,5
107001,1920,1605015,205441920,23520,0.6604166626930237,128,107000,0.5478336811065674,1920,17,5,500000,1000,,107001.0,0.6875,0.5807077288627625,0.6604166626930237,0.6263617873191833,515,509950510,5,5
108001,1920,1620015,207361920,23520,0.6604166626930237,128,108000,0.5523929595947266,1920,17,5,500000,1000,,108001.0,0.6864583492279053,0.5806972980499268,0.6583333611488342,0.6265067458152771,520,509950510,5,5
109001,1920,1635015,209281920,23520,0.6583333611488342,128,109000,0.5569312572479248,1920,17,5,500000,1000,,109001.0,0.6885416507720947,0.5806933641433716,0.6604166626930237,0.6263725757598877,525,509950510,5,5
110001,1920,1650015,211201920,23520,0.6604166626930237,128,110000,0.5615804195404053,1920,17,5,500000,1000,,110001.0,0.6869791746139526,0.5806900262832642,0.6604166626930237,0.6264715194702148,529,509950510,5,5
111001,1920,1665015,213121920,23520,0.6604166626930237,128,111000,0.5661294460296631,1920,17,5,500000,1000,,111001.0,0.6864583492279053,0.5806841254234314,0.6604166626930237,0.6263929009437561,534,509950510,5,5
112001,1920,1680015,215041920,23520,0.6604166626930237,128,112000,0.5706744194030762,1920,17,5,500000,1000,,112001.0,0.6869791746139526,0.5806831121444702,0.6604166626930237,0.6266600489616394,539,509950510,5,5
113001,1920,1695015,216961920,23520,0.6604166626930237,128,113000,0.5751931667327881,1920,17,5,500000,1000,,113001.0,0.6875,0.580673098564148,0.6604166626930237,0.6267409920692444,543,509950510,5,5
114001,1920,1710015,218881920,23520,0.6604166626930237,128,114000,0.5797133445739746,1920,17,5,500000,1000,,114001.0,0.6869791746139526,0.5806699991226196,0.6604166626930237,0.6269387006759644,548,509950510,5,5
115001,1920,1725015,220801920,23520,0.6604166626930237,128,115000,0.5842394828796387,1920,17,5,500000,1000,,115001.0,0.6864583492279053,0.5806657075881958,0.6583333611488342,0.6267536282539368,553,509950510,5,5
116001,1920,1740015,222721920,23520,0.6583333611488342,128,116000,0.5890734195709229,1920,17,5,500000,1000,,116001.0,0.6854166388511658,0.5806607007980347,0.6604166626930237,0.6266847252845764,558,509950510,5,5
117001,1920,1755015,224641920,23520,0.6604166626930237,128,117000,0.5935864448547363,1920,17,5,500000,1000,,117001.0,0.6885416507720947,0.5806527733802795,0.6604166626930237,0.6263490319252014,563,509950510,5,5
118001,1920,1770015,226561920,23520,0.6604166626930237,128,118000,0.59808349609375,1920,17,5,500000,1000,,118001.0,0.6869791746139526,0.5806440711021423,0.6604166626930237,0.6266183257102966,567,509950510,5,5
119001,1920,1785015,228481920,23520,0.6604166626930237,128,119000,0.6025655269622803,1920,17,5,500000,1000,,119001.0,0.6875,0.5806387662887573,0.6625000238418579,0.6266177892684937,572,509950510,5,5
120001,1920,1800015,230401920,23520,0.6625000238418579,128,120000,0.6070606708526611,1920,17,5,500000,1000,,120001.0,0.6875,0.5806379318237305,0.6604166626930237,0.6267017126083374,577,509950510,5,5
121001,1920,1815015,232321920,23520,0.6604166626930237,128,121000,0.6118943691253662,1920,17,5,500000,1000,,121001.0,0.6875,0.5806292295455933,0.6583333611488342,0.6263191103935242,582,509950510,5,5
122001,1920,1830015,234241920,23520,0.6583333611488342,128,122000,0.6164703369140625,1920,17,5,500000,1000,,122001.0,0.6864583492279053,0.5806271433830261,0.6583333611488342,0.6266430616378784,588,509950510,5,5
123001,1920,1845015,236161920,23520,0.6583333611488342,128,123000,0.621084451675415,1920,17,5,500000,1000,,123001.0,0.6869791746139526,0.580622673034668,0.6583333611488342,0.6266818642616272,593,509950510,5,5
124001,1920,1860015,238081920,23520,0.6583333611488342,128,124000,0.6273994445800781,1920,17,5,500000,1000,,124001.0,0.6869791746139526,0.5806175470352173,0.6583333611488342,0.6265947818756104,598,509950510,5,5
125001,1920,1875015,240001920,23520,0.6583333611488342,128,125000,0.6321594715118408,1920,17,5,500000,1000,,125001.0,0.6869791746139526,0.5806148648262024,0.6583333611488342,0.626761257648468,603,509950510,5,5
126001,1920,1890015,241921920,23520,0.6583333611488342,128,126000,0.6368141174316406,1920,17,5,500000,1000,,126001.0,0.6880208253860474,0.5806075930595398,0.6604166626930237,0.626724898815155,608,509950510,5,5
127001,1920,1905015,243841920,23520,0.6604166626930237,128,127000,0.641463041305542,1920,17,5,500000,1000,,127001.0,0.6869791746139526,0.580601155757904,0.6583333611488342,0.62653648853302,613,509950510,5,5
128001,1920,1920015,245761920,23520,0.6583333611488342,128,128000,0.6461360454559326,1920,17,5,500000,1000,,128001.0,0.6880208253860474,0.5805988311767578,0.6625000238418579,0.6265997290611267,617,509950510,5,5
129001,1920,1935015,247681920,23520,0.6625000238418579,128,129000,0.6507949829101562,1920,17,5,500000,1000,,129001.0,0.6875,0.5805930495262146,0.6583333611488342,0.626602292060852,622,509950510,5,5
130001,1920,1950015,249601920,23520,0.6583333611488342,128,130000,0.6554019451141357,1920,17,5,500000,1000,,130001.0,0.6864583492279053,0.5805876851081848,0.6583333611488342,0.626713216304779,627,509950510,5,5
131001,1920,1965015,251521920,23520,0.6583333611488342,128,131000,0.6599979400634766,1920,17,5,500000,1000,,131001.0,0.6875,0.5805826783180237,0.6583333611488342,0.6266632080078125,631,509950510,5,5
132001,1920,1980015,253441920,23520,0.6583333611488342,128,132000,0.6647827625274658,1920,17,5,500000,1000,,132001.0,0.6864583492279053,0.580579400062561,0.6583333611488342,0.626880943775177,636,509950510,5,5
133001,1920,1995015,255361920,23520,0.6583333611488342,128,133000,0.6693618297576904,1920,17,5,500000,1000,,133001.0,0.6864583492279053,0.5805766582489014,0.6583333611488342,0.6269304752349854,641,509950510,5,5
134001,1920,2010015,257281920,23520,0.6583333611488342,128,134000,0.6739461421966553,1920,17,5,500000,1000,,134001.0,0.6869791746139526,0.5805718898773193,0.6625000238418579,0.6266729831695557,646,509950510,5,5
135001,1920,2025015,259201920,23520,0.6625000238418579,128,135000,0.6785233020782471,1920,17,5,500000,1000,,135001.0,0.6854166388511658,0.5805691480636597,0.6583333611488342,0.6267935633659363,650,509950510,5,5
136001,1920,2040015,261121920,23520,0.6583333611488342,128,136000,0.6830873489379883,1920,17,5,500000,1000,,136001.0,0.6854166388511658,0.5805632472038269,0.6583333611488342,0.6266672015190125,655,509950510,5,5
137001,1920,2055015,263041920,23520,0.6583333611488342,128,137000,0.6877124309539795,1920,17,5,500000,1000,,137001.0,0.6880208253860474,0.5805606842041016,0.6583333611488342,0.626598060131073,660,509950510,5,5
138001,1920,2070015,264961920,23520,0.6583333611488342,128,138000,0.6924076080322266,1920,17,5,500000,1000,,138001.0,0.6880208253860474,0.5805535912513733,0.6583333611488342,0.6266708374023438,664,509950510,5,5
139001,1920,2085015,266881920,23520,0.6583333611488342,128,139000,0.6971266269683838,1920,17,5,500000,1000,,139001.0,0.6869791746139526,0.5805478692054749,0.6583333611488342,0.6267013549804688,669,509950510,5,5
140001,1920,2100015,268801920,23520,0.6583333611488342,128,140000,0.7017664909362793,1920,17,5,500000,1000,,140001.0,0.6859375238418579,0.5805421471595764,0.6583333611488342,0.6262986660003662,674,509950510,5,5
141001,1920,2115015,270721920,23520,0.6583333611488342,128,141000,0.7065544128417969,1920,17,5,500000,1000,,141001.0,0.6869791746139526,0.5805418491363525,0.6583333611488342,0.6265424489974976,678,509950510,5,5
142001,1920,2130015,272641920,23520,0.6583333611488342,128,142000,0.7111303806304932,1920,17,5,500000,1000,,142001.0,0.6869791746139526,0.5805398225784302,0.6583333611488342,0.6264941096305847,683,509950510,5,5
143001,1920,2145015,274561920,23520,0.6583333611488342,128,143000,0.7157094478607178,1920,17,5,500000,1000,,143001.0,0.6869791746139526,0.5805328488349915,0.6604166626930237,0.6263014078140259,688,509950510,5,5
144001,1920,2160015,276481920,23520,0.6604166626930237,128,144000,0.7202897071838379,1920,17,5,500000,1000,,144001.0,0.6869791746139526,0.5805342197418213,0.6604166626930237,0.626747727394104,693,509950510,5,5
145001,1920,2175015,278401920,23520,0.6604166626930237,128,145000,0.7252776622772217,1920,17,5,500000,1000,,145001.0,0.6869791746139526,0.5805302262306213,0.6604166626930237,0.6266252398490906,697,509950510,5,5
146001,1920,2190015,280321920,23520,0.6604166626930237,128,146000,0.7299816608428955,1920,17,5,500000,1000,,146001.0,0.6864583492279053,0.580522358417511,0.6583333611488342,0.6263176202774048,702,509950510,5,5
147001,1920,2205015,282241920,23520,0.6583333611488342,128,147000,0.7345485687255859,1920,17,5,500000,1000,,147001.0,0.6869791746139526,0.5805178880691528,0.6583333611488342,0.6265134215354919,707,509950510,5,5
148001,1920,2220015,284161920,23520,0.6583333611488342,128,148000,0.7391147613525391,1920,17,5,500000,1000,,148001.0,0.6859375238418579,0.5805166363716125,0.6583333611488342,0.6263211965560913,711,509950510,5,5
149001,1920,2235015,286081920,23520,0.6583333611488342,128,149000,0.7437095642089844,1920,17,5,500000,1000,,149001.0,0.6869791746139526,0.5805168747901917,0.6604166626930237,0.6268092393875122,716,509950510,5,5
150001,1920,2250015,288001920,23520,0.6604166626930237,128,150000,0.7483437061309814,1920,17,5,500000,1000,,150001.0,0.6885416507720947,0.5805112719535828,0.6604166626930237,0.6267507076263428,721,509950510,5,5
151001,1920,2265015,289921920,23520,0.6604166626930237,128,151000,0.7531306743621826,1920,17,5,500000,1000,,151001.0,0.6880208253860474,0.5805040597915649,0.6583333611488342,0.6268035173416138,725,509950510,5,5
152001,1920,2280015,291841920,23520,0.6583333611488342,128,152000,0.7577238082885742,1920,17,5,500000,1000,,152001.0,0.6880208253860474,0.5805026292800903,0.6604166626930237,0.6268925070762634,730,509950510,5,5
153001,1920,2295015,293761920,23520,0.6604166626930237,128,153000,0.7623298168182373,1920,17,5,500000,1000,,153001.0,0.6885416507720947,0.5805012583732605,0.6604166626930237,0.6266459226608276,735,509950510,5,5
154001,1920,2310015,295681920,23520,0.6604166626930237,128,154000,0.7669100761413574,1920,17,5,500000,1000,,154001.0,0.6875,0.5804954171180725,0.6583333611488342,0.6269041895866394,739,509950510,5,5
155001,1920,2325015,297601920,23520,0.6583333611488342,128,155000,0.7715973854064941,1920,17,5,500000,1000,,155001.0,0.6859375238418579,0.5804899334907532,0.6583333611488342,0.6267117261886597,744,509950510,5,5
156001,1920,2340015,299521920,23520,0.6583333611488342,128,156000,0.7761614322662354,1920,17,5,500000,1000,,156001.0,0.6875,0.5804885625839233,0.6583333611488342,0.6266752481460571,749,509950510,5,5
157001,1920,2355015,301441920,23520,0.6583333611488342,128,157000,0.7808182239532471,1920,17,5,500000,1000,,157001.0,0.6880208253860474,0.5804852843284607,0.6583333611488342,0.6263357400894165,754,509950510,5,5
158001,1920,2370015,303361920,23520,0.6583333611488342,128,158000,0.785595178604126,1920,17,5,500000,1000,,158001.0,0.6875,0.5804827213287354,0.6583333611488342,0.6266106963157654,758,509950510,5,5
159001,1920,2385015,305281920,23520,0.6583333611488342,128,159000,0.7902381420135498,1920,17,5,500000,1000,,159001.0,0.6864583492279053,0.5804827809333801,0.6604166626930237,0.6265827417373657,763,509950510,5,5
160001,1920,2400015,307201920,23520,0.6604166626930237,128,160000,0.7948071956634521,1920,17,5,500000,1000,,160001.0,0.6859375238418579,0.5804796814918518,0.6583333611488342,0.6265732049942017,768,509950510,5,5
161001,1920,2415015,309121920,23520,0.6583333611488342,128,161000,0.7993853092193604,1920,17,5,500000,1000,,161001.0,0.6854166388511658,0.58048015832901,0.6583333611488342,0.6268739104270935,772,509950510,5,5
162001,1920,2430015,311041920,23520,0.6583333611488342,128,162000,0.8042142391204834,1920,17,5,500000,1000,,162001.0,0.6864583492279053,0.5804697275161743,0.6583333611488342,0.6268535852432251,777,509950510,5,5
163001,1920,2445015,312961920,23520,0.6583333611488342,128,163000,0.808882474899292,1920,17,5,500000,1000,,163001.0,0.6859375238418579,0.5804669857025146,0.6583333611488342,0.6266864538192749,782,509950510,5,5
164001,1920,2460015,314881920,23520,0.6583333611488342,128,164000,0.8135452270507812,1920,17,5,500000,1000,,164001.0,0.6880208253860474,0.5804643034934998,0.6604166626930237,0.6266466975212097,787,509950510,5,5
165001,1920,2475015,316801920,23520,0.6604166626930237,128,165000,0.8182229995727539,1920,17,5,500000,1000,,165001.0,0.6869791746139526,0.5804598331451416,0.6604166626930237,0.6269462704658508,791,509950510,5,5
166001,1920,2490015,318721920,23520,0.6604166626930237,128,166000,0.8231902122497559,1920,17,5,500000,1000,,166001.0,0.6869791746139526,0.5804575085639954,0.6583333611488342,0.626682698726654,796,509950510,5,5
167001,1920,2505015,320641920,23520,0.6583333611488342,128,167000,0.8280613422393799,1920,17,5,500000,1000,,167001.0,0.6875,0.5804533362388611,0.6604166626930237,0.6265296936035156,801,509950510,5,5
168001,1920,2520015,322561920,23520,0.6604166626930237,128,168000,0.8326482772827148,1920,17,5,500000,1000,,168001.0,0.6890624761581421,0.5804523229598999,0.6604166626930237,0.6266698837280273,805,509950510,5,5
169001,1920,2535015,324481920,23520,0.6604166626930237,128,169000,0.8373513221740723,1920,17,5,500000,1000,,169001.0,0.6869791746139526,0.5804486870765686,0.6604166626930237,0.626806378364563,810,509950510,5,5
170001,1920,2550015,326401920,23520,0.6604166626930237,128,170000,0.8422656059265137,1920,17,5,500000,1000,,170001.0,0.6869791746139526,0.580445408821106,0.6604166626930237,0.6267616748809814,815,509950510,5,5
171001,1920,2565015,328321920,23520,0.6604166626930237,128,171000,0.846848726272583,1920,17,5,500000,1000,,171001.0,0.6875,0.5804460644721985,0.6604166626930237,0.6267473697662354,820,509950510,5,5
172001,1920,2580015,330241920,23520,0.6604166626930237,128,172000,0.8517537117004395,1920,17,5,500000,1000,,172001.0,0.6854166388511658,0.5804411768913269,0.6583333611488342,0.6265851259231567,824,509950510,5,5
173001,1920,2595015,332161920,23520,0.6583333611488342,128,173000,0.8563337326049805,1920,17,5,500000,1000,,173001.0,0.6864583492279053,0.5804383158683777,0.6583333611488342,0.6266492009162903,829,509950510,5,5
174001,1920,2610015,334081920,23520,0.6583333611488342,128,174000,0.8609097003936768,1920,17,5,500000,1000,,174001.0,0.6880208253860474,0.5804402828216553,0.6604166626930237,0.6269863843917847,834,509950510,5,5
175001,1920,2625015,336001920,23520,0.6604166626930237,128,175000,0.8654725551605225,1920,17,5,500000,1000,,175001.0,0.6869791746139526,0.5804354548454285,0.6604166626930237,0.6270792484283447,838,509950510,5,5
176001,1920,2640015,337921920,23520,0.6604166626930237,128,176000,0.870086669921875,1920,17,5,500000,1000,,176001.0,0.6880208253860474,0.5804339051246643,0.6604166626930237,0.6271056532859802,843,509950510,5,5
177001,1920,2655015,339841920,23520,0.6604166626930237,128,177000,0.8746757507324219,1920,17,5,500000,1000,,177001.0,0.6875,0.5804290771484375,0.6604166626930237,0.626995861530304,848,509950510,5,5
178001,1920,2670015,341761920,23520,0.6604166626930237,128,178000,0.8795199394226074,1920,17,5,500000,1000,,178001.0,0.6885416507720947,0.5804287195205688,0.6604166626930237,0.6269799470901489,853,509950510,5,5
179001,1920,2685015,343681920,23520,0.6604166626930237,128,179000,0.884087085723877,1920,17,5,500000,1000,,179001.0,0.6875,0.5804241299629211,0.6604166626930237,0.6269195675849915,857,509950510,5,5
180001,1920,2700015,345601920,23520,0.6604166626930237,128,180000,0.888751745223999,1920,17,5,500000,1000,,180001.0,0.6869791746139526,0.580421507358551,0.6583333611488342,0.6269608736038208,862,509950510,5,5
181001,1920,2715015,347521920,23520,0.6583333611488342,128,181000,0.8933408260345459,1920,17,5,500000,1000,,181001.0,0.6880208253860474,0.5804184079170227,0.6583333611488342,0.6268793344497681,867,509950510,5,5
182001,1920,2730015,349441920,23520,0.6583333611488342,128,182000,0.8979816436767578,1920,17,5,500000,1000,,182001.0,0.6880208253860474,0.5804156064987183,0.6583333611488342,0.6267457604408264,871,509950510,5,5
183001,1920,2745015,351361920,23520,0.6583333611488342,128,183000,0.9026315212249756,1920,17,5,500000,1000,,183001.0,0.6885416507720947,0.5804126858711243,0.6583333611488342,0.6266602873802185,876,509950510,5,5
184001,1920,2760015,353281920,23520,0.6583333611488342,128,184000,0.9075746536254883,1920,17,5,500000,1000,,184001.0,0.6890624761581421,0.5804108381271362,0.6604166626930237,0.6268061995506287,881,509950510,5,5
185001,1920,2775015,355201920,23520,0.6604166626930237,128,185000,0.9121677875518799,1920,17,5,500000,1000,,185001.0,0.6875,0.5804076790809631,0.6583333611488342,0.6265670657157898,886,509950510,5,5
186001,1920,2790015,357121920,23520,0.6583333611488342,128,186000,0.9168517589569092,1920,17,5,500000,1000,,186001.0,0.6880208253860474,0.5804078578948975,0.6583333611488342,0.6266399025917053,890,509950510,5,5
187001,1920,2805015,359041920,23520,0.6583333611488342,128,187000,0.9214377403259277,1920,17,5,500000,1000,,187001.0,0.6890624761581421,0.5804039239883423,0.6583333611488342,0.6266338229179382,895,509950510,5,5
188001,1920,2820015,360961920,23520,0.6583333611488342,128,188000,0.9266960620880127,1920,17,5,500000,1000,,188001.0,0.6875,0.5804006457328796,0.6583333611488342,0.6267515420913696,900,509950510,5,5
189001,1920,2835015,362881920,23520,0.6583333611488342,128,189000,0.9312601089477539,1920,17,5,500000,1000,,189001.0,0.6875,0.5804002285003662,0.6583333611488342,0.62676602602005,904,509950510,5,5
190001,1920,2850015,364801920,23520,0.6583333611488342,128,190000,0.9358487129211426,1920,17,5,500000,1000,,190001.0,0.6854166388511658,0.5803977847099304,0.6583333611488342,0.6267261505126953,909,509950510,5,5
191001,1920,2865015,366721920,23520,0.6583333611488342,128,191000,0.9405138492584229,1920,17,5,500000,1000,,191001.0,0.6854166388511658,0.5803940892219543,0.6583333611488342,0.6270206570625305,914,509950510,5,5
192001,1920,2880015,368641920,23520,0.6583333611488342,128,192000,0.9451417922973633,1920,17,5,500000,1000,,192001.0,0.6854166388511658,0.5803906917572021,0.6583333611488342,0.6270002126693726,919,509950510,5,5
193001,1920,2895015,370561920,23520,0.6583333611488342,128,193000,0.9497289657592773,1920,17,5,500000,1000,,193001.0,0.6880208253860474,0.5803872346878052,0.6583333611488342,0.6268278956413269,923,509950510,5,5
194001,1920,2910015,372481920,23520,0.6583333611488342,128,194000,0.9543471336364746,1920,17,5,500000,1000,,194001.0,0.6859375238418579,0.5803850889205933,0.6583333611488342,0.6269749402999878,928,509950510,5,5
195001,1920,2925015,374401920,23520,0.6583333611488342,128,195000,0.9590590000152588,1920,17,5,500000,1000,,195001.0,0.6880208253860474,0.5803817510604858,0.6583333611488342,0.6268650889396667,933,509950510,5,5
196001,1920,2940015,376321920,23520,0.6583333611488342,128,196000,0.9636669158935547,1920,17,5,500000,1000,,196001.0,0.6875,0.5803840756416321,0.6583333611488342,0.6270207762718201,937,509950510,5,5
197001,1920,2955015,378241920,23520,0.6583333611488342,128,197000,0.9682567119598389,1920,17,5,500000,1000,,197001.0,0.6854166388511658,0.5803827047348022,0.6583333611488342,0.6270805597305298,942,509950510,5,5
198001,1920,2970015,380161920,23520,0.6583333611488342,128,198000,0.9729478359222412,1920,17,5,500000,1000,,198001.0,0.6864583492279053,0.5803815722465515,0.6583333611488342,0.6267651915550232,947,509950510,5,5
199001,1920,2985015,382081920,23520,0.6583333611488342,128,199000,0.9775397777557373,1920,17,5,500000,1000,,199001.0,0.6859375238418579,0.580375075340271,0.6583333611488342,0.6268491744995117,951,509950510,5,5
200001,1920,3000015,384001920,23520,0.6583333611488342,128,200000,0.9822287559509277,1920,17,5,500000,1000,,200001.0,0.6864583492279053,0.5803751349449158,0.6583333611488342,0.626785933971405,956,509950510,5,5
201001,1920,3015015,385921920,23520,0.6583333611488342,128,201000,0.9867889881134033,1920,17,5,500000,1000,,201001.0,0.6864583492279053,0.5803688764572144,0.6583333611488342,0.626754641532898,961,509950510,5,5
202001,1920,3030015,387841920,23520,0.6583333611488342,128,202000,0.9913821220397949,1920,17,5,500000,1000,,202001.0,0.6859375238418579,0.5803652405738831,0.6583333611488342,0.6268445253372192,965,509950510,5,5
203001,1920,3045015,389761920,23520,0.6583333611488342,128,203000,0.9962310791015625,1920,17,5,500000,1000,,203001.0,0.6864583492279053,0.5803665518760681,0.6583333611488342,0.6268356442451477,970,509950510,5,5
204001,1920,3060015,391681920,23520,0.6583333611488342,128,204000,1.001143217086792,1920,17,5,500000,1000,,204001.0,0.6854166388511658,0.5803674459457397,0.6583333611488342,0.6269722580909729,975,509950510,5,5
205001,1920,3075015,393601920,23520,0.6583333611488342,128,205000,1.0057344436645508,1920,17,5,500000,1000,,205001.0,0.6864583492279053,0.5803667902946472,0.6583333611488342,0.6271212100982666,980,509950510,5,5
206001,1920,3090015,395521920,23520,0.6583333611488342,128,206000,1.0103733539581299,1920,17,5,500000,1000,,206001.0,0.6854166388511658,0.58036208152771,0.6583333611488342,0.6269791126251221,984,509950510,5,5
207001,1920,3105015,397441920,23520,0.6583333611488342,128,207000,1.0149524211883545,1920,17,5,500000,1000,,207001.0,0.6859375238418579,0.5803616642951965,0.6583333611488342,0.6271249055862427,989,509950510,5,5
208001,1920,3120015,399361920,23520,0.6583333611488342,128,208000,1.020111322402954,1920,17,5,500000,1000,,208001.0,0.6859375238418579,0.5803560018539429,0.6583333611488342,0.6268654465675354,994,509950510,5,5
209001,1920,3135015,401281920,23520,0.6583333611488342,128,209000,1.024684190750122,1920,17,5,500000,1000,,209001.0,0.6859375238418579,0.5803540349006653,0.6583333611488342,0.6268002986907959,998,509950510,5,5
210001,1920,3150015,403201920,23520,0.6583333611488342,128,210000,1.0292730331420898,1920,17,5,500000,1000,,210001.0,0.6869791746139526,0.5803539156913757,0.6583333611488342,0.6270239353179932,1003,509950510,5,5
211001,1920,3165015,405121920,23520,0.6583333611488342,128,211000,1.0338730812072754,1920,17,5,500000,1000,,211001.0,0.6875,0.5803530216217041,0.6583333611488342,0.6269120573997498,1008,509950510,5,5
212001,1920,3180015,407041920,23520,0.6583333611488342,128,212000,1.0387310981750488,1920,17,5,500000,1000,,212001.0,0.6875,0.5803515911102295,0.6583333611488342,0.6268452405929565,1012,509950510,5,5
213001,1920,3195015,408961920,23520,0.6583333611488342,128,213000,1.043558120727539,1920,17,5,500000,1000,,213001.0,0.6854166388511658,0.5803468227386475,0.6583333611488342,0.6269565224647522,1017,509950510,5,5
214001,1920,3210015,410881920,23520,0.6583333611488342,128,214000,1.0481302738189697,1920,17,5,500000,1000,,214001.0,0.6859375238418579,0.5803457498550415,0.6583333611488342,0.6271800398826599,1021,509950510,5,5
215001,1920,3225015,412801920,23520,0.6583333611488342,128,215000,1.0527024269104004,1920,17,5,500000,1000,,215001.0,0.6864583492279053,0.5803438425064087,0.6583333611488342,0.6270630955696106,1026,509950510,5,5
216001,1920,3240015,414721920,23520,0.6583333611488342,128,216000,1.0573194026947021,1920,17,5,500000,1000,,216001.0,0.6864583492279053,0.5803442597389221,0.6583333611488342,0.6269578337669373,1031,509950510,5,5
217001,1920,3255015,416641920,23520,0.6583333611488342,128,217000,1.061908483505249,1920,17,5,500000,1000,,217001.0,0.6864583492279053,0.580342173576355,0.6583333611488342,0.6269883513450623,1036,509950510,5,5
218001,1920,3270015,418561920,23520,0.6583333611488342,128,218000,1.0665254592895508,1920,17,5,500000,1000,,218001.0,0.6875,0.580337643623352,0.6583333611488342,0.6269906759262085,1040,509950510,5,5
219001,1920,3285015,420481920,23520,0.6583333611488342,128,219000,1.0711853504180908,1920,17,5,500000,1000,,219001.0,0.6869791746139526,0.580333948135376,0.6583333611488342,0.6269086003303528,1045,509950510,5,5
220001,1920,3300015,422401920,23520,0.6583333611488342,128,220000,1.0758075714111328,1920,17,5,500000,1000,,220001.0,0.6885416507720947,0.5803318023681641,0.6583333611488342,0.6266984939575195,1049,509950510,5,5
221001,1920,3315015,424321920,23520,0.6583333611488342,128,221000,1.0805108547210693,1920,17,5,500000,1000,,221001.0,0.6880208253860474,0.5803326368331909,0.6583333611488342,0.6269886493682861,1054,509950510,5,5
222001,1920,3330015,426241920,23520,0.6583333611488342,128,222000,1.0851266384124756,1920,17,5,500000,1000,,222001.0,0.6864583492279053,0.58033287525177,0.6583333611488342,0.6271216869354248,1059,509950510,5,5
223001,1920,3345015,428161920,23520,0.6583333611488342,128,223000,1.0897135734558105,1920,17,5,500000,1000,,223001.0,0.6859375238418579,0.5803288221359253,0.6583333611488342,0.6271880269050598,1063,509950510,5,5
224001,1920,3360015,430081920,23520,0.6583333611488342,128,224000,1.094299554824829,1920,17,5,500000,1000,,224001.0,0.6864583492279053,0.5803225040435791,0.6583333611488342,0.626969039440155,1068,509950510,5,5
225001,1920,3375015,432001920,23520,0.6583333611488342,128,225000,1.098867416381836,1920,17,5,500000,1000,,225001.0,0.6875,0.5803252458572388,0.6583333611488342,0.626822292804718,1073,509950510,5,5
226001,1920,3390015,433921920,23520,0.6583333611488342,128,226000,1.1034486293792725,1920,17,5,500000,1000,,226001.0,0.6875,0.5803212523460388,0.6583333611488342,0.6268097162246704,1077,509950510,5,5
227001,1920,3405015,435841920,23520,0.6583333611488342,128,227000,1.1080257892608643,1920,17,5,500000,1000,,227001.0,0.6864583492279053,0.580318808555603,0.6583333611488342,0.6267533898353577,1082,509950510,5,5
228001,1920,3420015,437761920,23520,0.6583333611488342,128,228000,1.1126387119293213,1920,17,5,500000,1000,,228001.0,0.6875,0.5803192257881165,0.6583333611488342,0.6266183853149414,1087,509950510,5,5
229001,1920,3435015,439681920,23520,0.6583333611488342,128,229000,1.117337703704834,1920,17,5,500000,1000,,229001.0,0.6869791746139526,0.5803161263465881,0.6583333611488342,0.6267315149307251,1091,509950510,5,5
230001,1920,3450015,441601920,23520,0.6583333611488342,128,230000,1.1219875812530518,1920,17,5,500000,1000,,230001.0,0.6864583492279053,0.5803169012069702,0.6583333611488342,0.6269773840904236,1096,509950510,5,5
231001,1920,3465015,443521920,23520,0.6583333611488342,128,231000,1.1267976760864258,1920,17,5,500000,1000,,231001.0,0.6859375238418579,0.5803127288818359,0.6583333611488342,0.6270098090171814,1101,509950510,5,5
232001,1920,3480015,445441920,23520,0.6583333611488342,128,232000,1.131410837173462,1920,17,5,500000,1000,,232001.0,0.6875,0.5803137421607971,0.6583333611488342,0.6268244385719299,1106,509950510,5,5
233001,1920,3495015,447361920,23520,0.6583333611488342,128,233000,1.135990858078003,1920,17,5,500000,1000,,233001.0,0.6875,0.5803110003471375,0.6583333611488342,0.6269713044166565,1111,509950510,5,5
234001,1920,3510015,449281920,23520,0.6583333611488342,128,234000,1.1408889293670654,1920,17,5,500000,1000,,234001.0,0.6869791746139526,0.580306887626648,0.6583333611488342,0.6269870400428772,1115,509950510,5,5
235001,1920,3525015,451201920,23520,0.6583333611488342,128,235000,1.145488977432251,1920,17,5,500000,1000,,235001.0,0.6875,0.58030766248703,0.6583333611488342,0.6266387701034546,1120,509950510,5,5
236001,1920,3540015,453121920,23520,0.6583333611488342,128,236000,1.1508538722991943,1920,17,5,500000,1000,,236001.0,0.6875,0.5803059935569763,0.6583333611488342,0.6268975138664246,1125,509950510,5,5
237001,1920,3555015,455041920,23520,0.6583333611488342,128,237000,1.155451774597168,1920,17,5,500000,1000,,237001.0,0.6875,0.5803024172782898,0.6583333611488342,0.6267894506454468,1130,509950510,5,5
238001,1920,3570015,456961920,23520,0.6583333611488342,128,238000,1.1602656841278076,1920,17,5,500000,1000,,238001.0,0.6869791746139526,0.580297589302063,0.6583333611488342,0.6269323229789734,1134,509950510,5,5
239001,1920,3585015,458881920,23520,0.6583333611488342,128,239000,1.164855718612671,1920,17,5,500000,1000,,239001.0,0.6875,0.58029705286026,0.6583333611488342,0.6269681453704834,1139,509950510,5,5
240001,1920,3600015,460801920,23520,0.6583333611488342,128,240000,1.1694388389587402,1920,17,5,500000,1000,,240001.0,0.6875,0.5802985429763794,0.6583333611488342,0.6268531084060669,1144,509950510,5,5
241001,1920,3615015,462721920,23520,0.6583333611488342,128,241000,1.17423677444458,1920,17,5,500000,1000,,241001.0,0.6875,0.5803011655807495,0.6583333611488342,0.6270817518234253,1148,509950510,5,5
242001,1920,3630015,464641920,23520,0.6583333611488342,128,242000,1.178832769393921,1920,17,5,500000,1000,,242001.0,0.6864583492279053,0.5802953243255615,0.6583333611488342,0.6269939541816711,1153,509950510,5,5
243001,1920,3645015,466561920,23520,0.6583333611488342,128,243000,1.183816909790039,1920,17,5,500000,1000,,243001.0,0.6869791746139526,0.5802940130233765,0.6583333611488342,0.6269036531448364,1158,509950510,5,5
244001,1920,3660015,468481920,23520,0.6583333611488342,128,244000,1.1886930465698242,1920,17,5,500000,1000,,244001.0,0.6864583492279053,0.5802900791168213,0.6583333611488342,0.6268594264984131,1163,509950510,5,5
245001,1920,3675015,470401920,23520,0.6583333611488342,128,245000,1.1932899951934814,1920,17,5,500000,1000,,245001.0,0.6875,0.5802903771400452,0.6583333611488342,0.6266888976097107,1168,509950510,5,5
246001,1920,3690015,472321920,23520,0.6583333611488342,128,246000,1.1978759765625,1920,17,5,500000,1000,,246001.0,0.6869791746139526,0.5802892446517944,0.6583333611488342,0.6267643570899963,1172,509950510,5,5
247001,1920,3705015,474241920,23520,0.6583333611488342,128,247000,1.202976942062378,1920,17,5,500000,1000,,247001.0,0.6869791746139526,0.5802885890007019,0.6583333611488342,0.626654326915741,1177,509950510,5,5
248001,1920,3720015,476161920,23520,0.6583333611488342,128,248000,1.2075858116149902,1920,17,5,500000,1000,,248001.0,0.6854166388511658,0.5802856087684631,0.6583333611488342,0.6268524527549744,1182,509950510,5,5
249001,1920,3735015,478081920,23520,0.6583333611488342,128,249000,1.2121939659118652,1920,17,5,500000,1000,,249001.0,0.6859375238418579,0.5802815556526184,0.6583333611488342,0.6268194913864136,1187,509950510,5,5
250001,1920,3750015,480001920,23520,0.6583333611488342,128,250000,1.2167329788208008,1920,17,5,500000,1000,,250001.0,0.6859375238418579,0.5802842378616333,0.6583333611488342,0.6266028881072998,1191,509950510,5,5
251001,1920,3765015,481921920,23520,0.6583333611488342,128,251000,1.2213311195373535,1920,17,5,500000,1000,,251001.0,0.6869791746139526,0.5802823305130005,0.6583333611488342,0.626672625541687,1196,509950510,5,5
252001,1920,3780015,483841920,23520,0.6583333611488342,128,252000,1.2258861064910889,1920,17,5,500000,1000,,252001.0,0.6864583492279053,0.5802791118621826,0.6583333611488342,0.6269361972808838,1200,509950510,5,5
253001,1920,3795015,485761920,23520,0.6583333611488342,128,253000,1.2304811477661133,1920,17,5,500000,1000,,253001.0,0.6880208253860474,0.5802780389785767,0.6583333611488342,0.6268682479858398,1205,509950510,5,5
254001,1920,3810015,487681920,23520,0.6583333611488342,128,254000,1.2352211475372314,1920,17,5,500000,1000,,254001.0,0.6880208253860474,0.5802783966064453,0.6583333611488342,0.6271307468414307,1210,509950510,5,5
255001,1920,3825015,489601920,23520,0.6583333611488342,128,255000,1.23980712890625,1920,17,5,500000,1000,,255001.0,0.6875,0.5802763104438782,0.6583333611488342,0.6270244121551514,1214,509950510,5,5
256001,1920,3840015,491521920,23520,0.6583333611488342,128,256000,1.2443859577178955,1920,17,5,500000,1000,,256001.0,0.6880208253860474,0.5802738070487976,0.6583333611488342,0.6270312070846558,1219,509950510,5,5
257001,1920,3855015,493441920,23520,0.6583333611488342,128,257000,1.2489590644836426,1920,17,5,500000,1000,,257001.0,0.6875,0.58027583360672,0.6583333611488342,0.6271094083786011,1224,509950510,5,5
258001,1920,3870015,495361920,23520,0.6583333611488342,128,258000,1.2535371780395508,1920,17,5,500000,1000,,258001.0,0.6875,0.5802708268165588,0.6583333611488342,0.627082109451294,1228,509950510,5,5
259001,1920,3885015,497281920,23520,0.6583333611488342,128,259000,1.2581489086151123,1920,17,5,500000,1000,,259001.0,0.6875,0.5802699327468872,0.6583333611488342,0.6270531415939331,1233,509950510,5,5
260001,1920,3900015,499201920,23520,0.6583333611488342,128,260000,1.2627458572387695,1920,17,5,500000,1000,,260001.0,0.6869791746139526,0.5802718997001648,0.6583333611488342,0.6273353695869446,1238,509950510,5,5
261001,1920,3915015,501121920,23520,0.6583333611488342,128,261000,1.2673828601837158,1920,17,5,500000,1000,,261001.0,0.6880208253860474,0.5802665948867798,0.6583333611488342,0.6271665096282959,1242,509950510,5,5
262001,1920,3930015,503041920,23520,0.6583333611488342,128,262000,1.2720129489898682,1920,17,5,500000,1000,,262001.0,0.6869791746139526,0.580264687538147,0.6583333611488342,0.6271886825561523,1247,509950510,5,5
263001,1920,3945015,504961920,23520,0.6583333611488342,128,263000,1.2765891551971436,1920,17,5,500000,1000,,263001.0,0.6864583492279053,0.5802628993988037,0.6583333611488342,0.6272153258323669,1252,509950510,5,5
264001,1920,3960015,506881920,23520,0.6583333611488342,128,264000,1.2811529636383057,1920,17,5,500000,1000,,264001.0,0.6859375238418579,0.5802663564682007,0.6583333611488342,0.6273745894432068,1256,509950510,5,5
265001,1920,3975015,508801920,23520,0.6583333611488342,128,265000,1.2857179641723633,1920,17,5,500000,1000,,265001.0,0.6875,0.5802624821662903,0.6583333611488342,0.6271969079971313,1261,509950510,5,5
266001,1920,3990015,510721920,23520,0.6583333611488342,128,266000,1.2903108596801758,1920,17,5,500000,1000,,266001.0,0.6869791746139526,0.5802595019340515,0.6583333611488342,0.627095639705658,1265,509950510,5,5
267001,1920,4005015,512641920,23520,0.6583333611488342,128,267000,1.2948999404907227,1920,17,5,500000,1000,,267001.0,0.6859375238418579,0.58025723695755,0.6583333611488342,0.6272724866867065,1270,509950510,5,5
268001,1920,4020015,514561920,23520,0.6583333611488342,128,268000,1.2995021343231201,1920,17,5,500000,1000,,268001.0,0.6859375238418579,0.5802533030509949,0.6583333611488342,0.6270959377288818,1275,509950510,5,5
269001,1920,4035015,516481920,23520,0.6583333611488342,128,269000,1.3040852546691895,1920,17,5,500000,1000,,269001.0,0.6869791746139526,0.5802538990974426,0.6583333611488342,0.627058207988739,1280,509950510,5,5
270001,1920,4050015,518401920,23520,0.6583333611488342,128,270000,1.3086843490600586,1920,17,5,500000,1000,,270001.0,0.6869791746139526,0.5802501440048218,0.6583333611488342,0.627082109451294,1284,509950510,5,5
271001,1920,4065015,520321920,23520,0.6583333611488342,128,271000,1.3132743835449219,1920,17,5,500000,1000,,271001.0,0.6880208253860474,0.5802487730979919,0.6583333611488342,0.6270810961723328,1289,509950510,5,5
272001,1920,4080015,522241920,23520,0.6583333611488342,128,272000,1.3178534507751465,1920,17,5,500000,1000,,272001.0,0.6864583492279053,0.5802489519119263,0.6583333611488342,0.6269622445106506,1294,509950510,5,5
273001,1920,4095015,524161920,23520,0.6583333611488342,128,273000,1.3224503993988037,1920,17,5,500000,1000,,273001.0,0.6859375238418579,0.5802492499351501,0.6583333611488342,0.6272203326225281,1298,509950510,5,5
274001,1920,4110015,526081920,23520,0.6583333611488342,128,274000,1.3270695209503174,1920,17,5,500000,1000,,274001.0,0.6854166388511658,0.5802478790283203,0.6583333611488342,0.6267552971839905,1303,509950510,5,5
275001,1920,4125015,528001920,23520,0.6583333611488342,128,275000,1.3321855068206787,1920,17,5,500000,1000,,275001.0,0.6864583492279053,0.5802488923072815,0.6604166626930237,0.6270908117294312,1308,509950510,5,5
276001,1920,4140015,529921920,23520,0.6604166626930237,128,276000,1.3367805480957031,1920,17,5,500000,1000,,276001.0,0.6875,0.5802471041679382,0.6604166626930237,0.6270290017127991,1312,509950510,5,5
277001,1920,4155015,531841920,23520,0.6604166626930237,128,277000,1.3413944244384766,1920,17,5,500000,1000,,277001.0,0.6864583492279053,0.5802457928657532,0.6604166626930237,0.6270894408226013,1317,509950510,5,5
278001,1920,4170015,533761920,23520,0.6604166626930237,128,278000,1.3460516929626465,1920,17,5,500000,1000,,278001.0,0.6875,0.5802432298660278,0.6604166626930237,0.6270694136619568,1322,509950510,5,5
279001,1920,4185015,535681920,23520,0.6604166626930237,128,279000,1.3506498336791992,1920,17,5,500000,1000,,279001.0,0.6864583492279053,0.5802435278892517,0.6583333611488342,0.6268889904022217,1326,509950510,5,5
280001,1920,4200015,537601920,23520,0.6583333611488342,128,280000,1.3552336692810059,1920,17,5,500000,1000,,280001.0,0.6869791746139526,0.5802406668663025,0.6583333611488342,0.6270946264266968,1331,509950510,5,5
281001,1920,4215015,539521920,23520,0.6583333611488342,128,281000,1.3600146770477295,1920,17,5,500000,1000,,281001.0,0.6859375238418579,0.5802402496337891,0.6583333611488342,0.6270292401313782,1336,509950510,5,5
282001,1920,4230015,541441920,23520,0.6583333611488342,128,282000,1.3646056652069092,1920,17,5,500000,1000,,282001.0,0.6875,0.5802372097969055,0.6583333611488342,0.6269480586051941,1340,509950510,5,5
283001,1920,4245015,543361920,23520,0.6583333611488342,128,283000,1.3692247867584229,1920,17,5,500000,1000,,283001.0,0.6880208253860474,0.5802364349365234,0.6583333611488342,0.6269234418869019,1345,509950510,5,5
284001,1920,4260015,545281920,23520,0.6583333611488342,128,284000,1.3738667964935303,1920,17,5,500000,1000,,284001.0,0.6875,0.5802367925643921,0.6583333611488342,0.627062201499939,1350,509950510,5,5
285001,1920,4275015,547201920,23520,0.6583333611488342,128,285000,1.378746509552002,1920,17,5,500000,1000,,285001.0,0.6869791746139526,0.5802358984947205,0.6583333611488342,0.6271184086799622,1354,509950510,5,5
286001,1920,4290015,549121920,23520,0.6583333611488342,128,286000,1.3833763599395752,1920,17,5,500000,1000,,286001.0,0.6859375238418579,0.580234706401825,0.6583333611488342,0.6271495819091797,1359,509950510,5,5
287001,1920,4305015,551041920,23520,0.6583333611488342,128,287000,1.3879492282867432,1920,17,5,500000,1000,,287001.0,0.6880208253860474,0.5802326202392578,0.6583333611488342,0.6272274851799011,1364,509950510,5,5
288001,1920,4320015,552961920,23520,0.6583333611488342,128,288000,1.392545223236084,1920,17,5,500000,1000,,288001.0,0.6859375238418579,0.5802323222160339,0.6583333611488342,0.6271839141845703,1368,509950510,5,5
289001,1920,4335015,554881920,23520,0.6583333611488342,128,289000,1.3971271514892578,1920,17,5,500000,1000,,289001.0,0.6859375238418579,0.5802291631698608,0.6583333611488342,0.6270102262496948,1373,509950510,5,5
290001,1920,4350015,556801920,23520,0.6583333611488342,128,290000,1.4016952514648438,1920,17,5,500000,1000,,290001.0,0.6859375238418579,0.5802270770072937,0.6583333611488342,0.6272227764129639,1378,509950510,5,5
291001,1920,4365015,558721920,23520,0.6583333611488342,128,291000,1.4062769412994385,1920,17,5,500000,1000,,291001.0,0.6869791746139526,0.5802298784255981,0.6583333611488342,0.627236008644104,1382,509950510,5,5
292001,1920,4380015,560641920,23520,0.6583333611488342,128,292000,1.410876989364624,1920,17,5,500000,1000,,292001.0,0.6864583492279053,0.5802299976348877,0.6583333611488342,0.6271175742149353,1387,509950510,5,5
293001,1920,4395015,562561920,23520,0.6583333611488342,128,293000,1.4154980182647705,1920,17,5,500000,1000,,293001.0,0.6869791746139526,0.5802279710769653,0.6583333611488342,0.6270666718482971,1392,509950510,5,5
294001,1920,4410015,564481920,23520,0.6583333611488342,128,294000,1.4201221466064453,1920,17,5,500000,1000,,294001.0,0.6875,0.5802224278450012,0.6583333611488342,0.6269723176956177,1396,509950510,5,5
295001,1920,4425015,566401920,23520,0.6583333611488342,128,295000,1.4249742031097412,1920,17,5,500000,1000,,295001.0,0.6869791746139526,0.5802235007286072,0.6583333611488342,0.6269952058792114,1401,509950510,5,5
296001,1920,4440015,568321920,23520,0.6583333611488342,128,296000,1.4295485019683838,1920,17,5,500000,1000,,296001.0,0.6864583492279053,0.58022141456604,0.6583333611488342,0.6271392703056335,1406,509950510,5,5
297001,1920,4455015,570241920,23520,0.6583333611488342,128,297000,1.4341404438018799,1920,17,5,500000,1000,,297001.0,0.6864583492279053,0.5802210569381714,0.6583333611488342,0.6270193457603455,1410,509950510,5,5
298001,1920,4470015,572161920,23520,0.6583333611488342,128,298000,1.438875436782837,1920,17,5,500000,1000,,298001.0,0.6869791746139526,0.5802215933799744,0.6583333611488342,0.6268641352653503,1415,509950510,5,5
299001,1920,4485015,574081920,23520,0.6583333611488342,128,299000,1.444002628326416,1920,17,5,500000,1000,,299001.0,0.6859375238418579,0.5802208781242371,0.6583333611488342,0.6269801259040833,1420,509950510,5,5
300001,1920,4500015,576001920,23520,0.6583333611488342,128,300000,1.4487366676330566,1920,17,5,500000,1000,,300001.0,0.6864583492279053,0.5802213549613953,0.6604166626930237,0.6272901892662048,1424,509950510,5,5
301001,1920,4515015,577921920,23520,0.6604166626930237,128,301000,1.4534285068511963,1920,17,5,500000,1000,,301001.0,0.6864583492279053,0.5802208185195923,0.6583333611488342,0.6272103190422058,1429,509950510,5,5
302001,1920,4530015,579841920,23520,0.6583333611488342,128,302000,1.4579966068267822,1920,17,5,500000,1000,,302001.0,0.6859375238418579,0.5802161693572998,0.6583333611488342,0.6272636651992798,1434,509950510,5,5
303001,1920,4545015,581761920,23520,0.6583333611488342,128,303000,1.46256685256958,1920,17,5,500000,1000,,303001.0,0.6875,0.580214262008667,0.6583333611488342,0.6271301507949829,1438,509950510,5,5
304001,1920,4560015,583681920,23520,0.6583333611488342,128,304000,1.4671728610992432,1920,17,5,500000,1000,,304001.0,0.6854166388511658,0.5802147388458252,0.6583333611488342,0.6271312236785889,1443,509950510,5,5
305001,1920,4575015,585601920,23520,0.6583333611488342,128,305000,1.471756935119629,1920,17,5,500000,1000,,305001.0,0.6875,0.5802124738693237,0.6583333611488342,0.6272653937339783,1448,509950510,5,5
306001,1920,4590015,587521920,23520,0.6583333611488342,128,306000,1.4763619899749756,1920,17,5,500000,1000,,306001.0,0.6864583492279053,0.5802086591720581,0.6583333611488342,0.6273049116134644,1452,509950510,5,5
307001,1920,4605015,589441920,23520,0.6583333611488342,128,307000,1.480942964553833,1920,17,5,500000,1000,,307001.0,0.6875,0.5802080035209656,0.6583333611488342,0.6271337866783142,1457,509950510,5,5
308001,1920,4620015,591361920,23520,0.6583333611488342,128,308000,1.4857299327850342,1920,17,5,500000,1000,,308001.0,0.6864583492279053,0.5802099108695984,0.6583333611488342,0.6272216439247131,1462,509950510,5,5
309001,1920,4635015,593281920,23520,0.6583333611488342,128,309000,1.490644931793213,1920,17,5,500000,1000,,309001.0,0.6859375238418579,0.5802081227302551,0.6583333611488342,0.6270993947982788,1467,509950510,5,5
310001,1920,4650015,595201920,23520,0.6583333611488342,128,310000,1.4952259063720703,1920,17,5,500000,1000,,310001.0,0.6859375238418579,0.5802056789398193,0.6583333611488342,0.627018392086029,1471,509950510,5,5
311001,1920,4665015,597121920,23520,0.6583333611488342,128,311000,1.4999775886535645,1920,17,5,500000,1000,,311001.0,0.6864583492279053,0.5802047848701477,0.6583333611488342,0.6269785165786743,1476,509950510,5,5
312001,1920,4680015,599041920,23520,0.6583333611488342,128,312000,1.5045504570007324,1920,17,5,500000,1000,,312001.0,0.6869791746139526,0.5802000164985657,0.6583333611488342,0.6269029974937439,1481,509950510,5,5
313001,1920,4695015,600961920,23520,0.6583333611488342,128,313000,1.5093772411346436,1920,17,5,500000,1000,,313001.0,0.6869791746139526,0.5802006125450134,0.6583333611488342,0.627126932144165,1485,509950510,5,5
314001,1920,4710015,602881920,23520,0.6583333611488342,128,314000,1.513963222503662,1920,17,5,500000,1000,,314001.0,0.6854166388511658,0.5802005529403687,0.65625,0.6272156238555908,1490,509950510,5,5
315001,1920,4725015,604801920,23520,0.65625,128,315000,1.518538475036621,1920,17,5,500000,1000,,315001.0,0.6859375238418579,0.5802000761032104,0.65625,0.6271819472312927,1495,509950510,5,5
316001,1920,4740015,606721920,23520,0.65625,128,316000,1.523200273513794,1920,17,5,500000,1000,,316001.0,0.6859375238418579,0.5801979303359985,0.65625,0.6270788908004761,1499,509950510,5,5
317001,1920,4755015,608641920,23520,0.65625,128,317000,1.527801275253296,1920,17,5,500000,1000,,317001.0,0.6869791746139526,0.5802010297775269,0.6583333611488342,0.6268427968025208,1504,509950510,5,5
318001,1920,4770015,610561920,23520,0.6583333611488342,128,318000,1.5327601432800293,1920,17,5,500000,1000,,318001.0,0.6864583492279053,0.5802000164985657,0.6583333611488342,0.6271950602531433,1509,509950510,5,5
319001,1920,4785015,612481920,23520,0.6583333611488342,128,319000,1.5373361110687256,1920,17,5,500000,1000,,319001.0,0.6869791746139526,0.5801976919174194,0.6583333611488342,0.6270438432693481,1513,509950510,5,5
320001,1920,4800015,614401920,23520,0.6583333611488342,128,320000,1.5420291423797607,1920,17,5,500000,1000,,320001.0,0.6869791746139526,0.5801963806152344,0.6583333611488342,0.6268936395645142,1518,509950510,5,5
321001,1920,4815015,616321920,23520,0.6583333611488342,128,321000,1.5466063022613525,1920,17,5,500000,1000,,321001.0,0.6864583492279053,0.5801919102668762,0.6583333611488342,0.6269930601119995,1523,509950510,5,5
322001,1920,4830015,618241920,23520,0.6583333611488342,128,322000,1.5511960983276367,1920,17,5,500000,1000,,322001.0,0.6864583492279053,0.5801916718482971,0.6583333611488342,0.6271291375160217,1527,509950510,5,5
323001,1920,4845015,620161920,23520,0.6583333611488342,128,323000,1.5558080673217773,1920,17,5,500000,1000,,323001.0,0.6864583492279053,0.5801907777786255,0.6583333611488342,0.6269896030426025,1532,509950510,5,5
324001,1920,4860015,622081920,23520,0.6583333611488342,128,324000,1.5604870319366455,1920,17,5,500000,1000,,324001.0,0.6854166388511658,0.580191969871521,0.6583333611488342,0.6271765232086182,1537,509950510,5,5
325001,1920,4875015,624001920,23520,0.6583333611488342,128,325000,1.5650548934936523,1920,17,5,500000,1000,,325001.0,0.6869791746139526,0.5801913142204285,0.6583333611488342,0.6270906925201416,1541,509950510,5,5
326001,1920,4890015,625921920,23520,0.6583333611488342,128,326000,1.5696396827697754,1920,17,5,500000,1000,,326001.0,0.6854166388511658,0.5801897644996643,0.6583333611488342,0.627099335193634,1546,509950510,5,5
327001,1920,4905015,627841920,23520,0.6583333611488342,128,327000,1.5741875171661377,1920,17,5,500000,1000,,327001.0,0.6864583492279053,0.5801915526390076,0.6583333611488342,0.6271153092384338,1551,509950510,5,5
328001,1920,4920015,629761920,23520,0.6583333611488342,128,328000,1.5787866115570068,1920,17,5,500000,1000,,328001.0,0.6859375238418579,0.5801912546157837,0.6583333611488342,0.6274837851524353,1555,509950510,5,5
329001,1920,4935015,631681920,23520,0.6583333611488342,128,329000,1.5834245681762695,1920,17,5,500000,1000,,329001.0,0.6869791746139526,0.5801891088485718,0.6583333611488342,0.6274510025978088,1560,509950510,5,5
330001,1920,4950015,633601920,23520,0.6583333611488342,128,330000,1.5880305767059326,1920,17,5,500000,1000,,330001.0,0.6869791746139526,0.5801871418952942,0.6583333611488342,0.6272234320640564,1565,509950510,5,5
331001,1920,4965015,635521920,23520,0.6583333611488342,128,331000,1.592735767364502,1920,17,5,500000,1000,,331001.0,0.6864583492279053,0.5801846981048584,0.6583333611488342,0.627181351184845,1569,509950510,5,5
332001,1920,4980015,637441920,23520,0.6583333611488342,128,332000,1.5973339080810547,1920,17,5,500000,1000,,332001.0,0.6864583492279053,0.580186665058136,0.6583333611488342,0.627145528793335,1574,509950510,5,5
333001,1920,4995015,639361920,23520,0.6583333611488342,128,333000,1.6018967628479004,1920,17,5,500000,1000,,333001.0,0.6875,0.5801860690116882,0.6583333611488342,0.6271413564682007,1579,509950510,5,5
334001,1920,5010015,641281920,23520,0.6583333611488342,128,334000,1.6064338684082031,1920,17,5,500000,1000,,334001.0,0.6875,0.5801854729652405,0.6583333611488342,0.6270467638969421,1583,509950510,5,5
335001,1920,5025015,643201920,23520,0.6583333611488342,128,335000,1.6110098361968994,1920,17,5,500000,1000,,335001.0,0.6890624761581421,0.580180823802948,0.6583333611488342,0.6271179914474487,1588,509950510,5,5
336001,1920,5040015,645121920,23520,0.6583333611488342,128,336000,1.615593671798706,1920,17,5,500000,1000,,336001.0,0.6885416507720947,0.5801822543144226,0.6583333611488342,0.6273015737533569,1592,509950510,5,5
337001,1920,5055015,647041920,23520,0.6583333611488342,128,337000,1.6202387809753418,1920,17,5,500000,1000,,337001.0,0.6890624761581421,0.5801799893379211,0.6583333611488342,0.627245306968689,1597,509950510,5,5
338001,1920,5070015,648961920,23520,0.6583333611488342,128,338000,1.6248438358306885,1920,17,5,500000,1000,,338001.0,0.6869791746139526,0.5801828503608704,0.6583333611488342,0.6271528005599976,1602,509950510,5,5
339001,1920,5085015,650881920,23520,0.6583333611488342,128,339000,1.6294198036193848,1920,17,5,500000,1000,,339001.0,0.6869791746139526,0.5801783204078674,0.6583333611488342,0.6272430419921875,1606,509950510,5,5
340001,1920,5100015,652801920,23520,0.6583333611488342,128,340000,1.6340079307556152,1920,17,5,500000,1000,,340001.0,0.6859375238418579,0.5801764726638794,0.6583333611488342,0.6271674036979675,1611,509950510,5,5
341001,1920,5115015,654721920,23520,0.6583333611488342,128,341000,1.6386427879333496,1920,17,5,500000,1000,,341001.0,0.6875,0.5801733732223511,0.6583333611488342,0.6269534230232239,1616,509950510,5,5
342001,1920,5130015,656641920,23520,0.6583333611488342,128,342000,1.6432456970214844,1920,17,5,500000,1000,,342001.0,0.6880208253860474,0.5801752209663391,0.6583333611488342,0.627091646194458,1620,509950510,5,5
343001,1920,5145015,658561920,23520,0.6583333611488342,128,343000,1.6478228569030762,1920,17,5,500000,1000,,343001.0,0.6848958134651184,0.5801718831062317,0.65625,0.6272711157798767,1625,509950510,5,5
344001,1920,5160015,660481920,23520,0.65625,128,344000,1.6525697708129883,1920,17,5,500000,1000,,344001.0,0.6880208253860474,0.5801709294319153,0.6583333611488342,0.6272357702255249,1630,509950510,5,5
345001,1920,5175015,662401920,23520,0.6583333611488342,128,345000,1.657482624053955,1920,17,5,500000,1000,,345001.0,0.6880208253860474,0.5801702737808228,0.6583333611488342,0.6270673274993896,1634,509950510,5,5
346001,1920,5190015,664321920,23520,0.6583333611488342,128,346000,1.6626756191253662,1920,17,5,500000,1000,,346001.0,0.6880208253860474,0.5801706314086914,0.6583333611488342,0.6272162199020386,1639,509950510,5,5
347001,1920,5205015,666241920,23520,0.6583333611488342,128,347000,1.6673054695129395,1920,17,5,500000,1000,,347001.0,0.6880208253860474,0.5801703333854675,0.6583333611488342,0.627128541469574,1644,509950510,5,5
348001,1920,5220015,668161920,23520,0.6583333611488342,128,348000,1.6719584465026855,1920,17,5,500000,1000,,348001.0,0.6869791746139526,0.580169677734375,0.6583333611488342,0.6270769238471985,1648,509950510,5,5
349001,1920,5235015,670081920,23520,0.6583333611488342,128,349000,1.676537275314331,1920,17,5,500000,1000,,349001.0,0.6875,0.5801663994789124,0.6583333611488342,0.6268808841705322,1653,509950510,5,5
350001,1920,5250015,672001920,23520,0.6583333611488342,128,350000,1.681225061416626,1920,17,5,500000,1000,,350001.0,0.6880208253860474,0.5801675319671631,0.6583333611488342,0.6270793676376343,1658,509950510,5,5
351001,1920,5265015,673921920,23520,0.6583333611488342,128,351000,1.6861109733581543,1920,17,5,500000,1000,,351001.0,0.6875,0.5801657438278198,0.6583333611488342,0.6270087957382202,1662,509950510,5,5
352001,1920,5280015,675841920,23520,0.6583333611488342,128,352000,1.690721035003662,1920,17,5,500000,1000,,352001.0,0.6875,0.5801641941070557,0.6583333611488342,0.6271511912345886,1667,509950510,5,5
353001,1920,5295015,677761920,23520,0.6583333611488342,128,353000,1.6953341960906982,1920,17,5,500000,1000,,353001.0,0.6875,0.5801657438278198,0.6583333611488342,0.6272950768470764,1672,509950510,5,5
354001,1920,5310015,679681920,23520,0.6583333611488342,128,354000,1.6999130249023438,1920,17,5,500000,1000,,354001.0,0.6848958134651184,0.5801640748977661,0.6583333611488342,0.6272138357162476,1676,509950510,5,5
355001,1920,5325015,681601920,23520,0.6583333611488342,128,355000,1.704531192779541,1920,17,5,500000,1000,,355001.0,0.6864583492279053,0.5801638960838318,0.6583333611488342,0.6271794438362122,1681,509950510,5,5
356001,1920,5340015,683521920,23520,0.6583333611488342,128,356000,1.7091374397277832,1920,17,5,500000,1000,,356001.0,0.6869791746139526,0.5801637768745422,0.6583333611488342,0.6271916031837463,1686,509950510,5,5
357001,1920,5355015,685441920,23520,0.6583333611488342,128,357000,1.7143974304199219,1920,17,5,500000,1000,,357001.0,0.6875,0.5801650285720825,0.6583333611488342,0.6272041201591492,1690,509950510,5,5
358001,1920,5370015,687361920,23520,0.6583333611488342,128,358000,1.7189855575561523,1920,17,5,500000,1000,,358001.0,0.6864583492279053,0.5801638960838318,0.6583333611488342,0.6271405816078186,1695,509950510,5,5
359001,1920,5385015,689281920,23520,0.6583333611488342,128,359000,1.7235565185546875,1920,17,5,500000,1000,,359001.0,0.6869791746139526,0.5801604390144348,0.6583333611488342,0.6272657513618469,1700,509950510,5,5
360001,1920,5400015,691201920,23520,0.6583333611488342,128,360000,1.7282233238220215,1920,17,5,500000,1000,,360001.0,0.6880208253860474,0.5801615118980408,0.6583333611488342,0.6271658539772034,1704,509950510,5,5
361001,1920,5415015,693121920,23520,0.6583333611488342,128,361000,1.7328474521636963,1920,17,5,500000,1000,,361001.0,0.6864583492279053,0.5801624059677124,0.6583333611488342,0.6275262236595154,1709,509950510,5,5
362001,1920,5430015,695041920,23520,0.6583333611488342,128,362000,1.7380282878875732,1920,17,5,500000,1000,,362001.0,0.6864583492279053,0.5801588296890259,0.6583333611488342,0.627324104309082,1714,509950510,5,5
363001,1920,5445015,696961920,23520,0.6583333611488342,128,363000,1.7426273822784424,1920,17,5,500000,1000,,363001.0,0.6880208253860474,0.5801556706428528,0.6583333611488342,0.6272677183151245,1718,509950510,5,5
364001,1920,5460015,698881920,23520,0.6583333611488342,128,364000,1.7472562789916992,1920,17,5,500000,1000,,364001.0,0.6875,0.5801534056663513,0.6583333611488342,0.627196192741394,1723,509950510,5,5
365001,1920,5475015,700801920,23520,0.6583333611488342,128,365000,1.7521893978118896,1920,17,5,500000,1000,,365001.0,0.6875,0.5801523923873901,0.6583333611488342,0.6269549131393433,1728,509950510,5,5
366001,1920,5490015,702721920,23520,0.6583333611488342,128,366000,1.756789207458496,1920,17,5,500000,1000,,366001.0,0.6885416507720947,0.5801516175270081,0.6583333611488342,0.6270120143890381,1732,509950510,5,5
367001,1920,5505015,704641920,23520,0.6583333611488342,128,367000,1.7618992328643799,1920,17,5,500000,1000,,367001.0,0.6859375238418579,0.5801515579223633,0.6583333611488342,0.6270841956138611,1737,509950510,5,5
368001,1920,5520015,706561920,23520,0.6583333611488342,128,368000,1.7664551734924316,1920,17,5,500000,1000,,368001.0,0.6875,0.5801483392715454,0.6583333611488342,0.6270913481712341,1742,509950510,5,5
369001,1920,5535015,708481920,23520,0.6583333611488342,128,369000,1.7710132598876953,1920,17,5,500000,1000,,369001.0,0.6875,0.5801495909690857,0.6583333611488342,0.6273603439331055,1746,509950510,5,5
370001,1920,5550015,710401920,23520,0.6583333611488342,128,370000,1.7756500244140625,1920,17,5,500000,1000,,370001.0,0.6869791746139526,0.5801495909690857,0.6583333611488342,0.6272568106651306,1751,509950510,5,5
371001,1920,5565015,712321920,23520,0.6583333611488342,128,371000,1.7802307605743408,1920,17,5,500000,1000,,371001.0,0.6859375238418579,0.5801530480384827,0.6583333611488342,0.6273800730705261,1756,509950510,5,5
372001,1920,5580015,714241920,23520,0.6583333611488342,128,372000,1.7848145961761475,1920,17,5,500000,1000,,372001.0,0.6864583492279053,0.5801467299461365,0.6583333611488342,0.6273127794265747,1760,509950510,5,5
373001,1920,5595015,716161920,23520,0.6583333611488342,128,373000,1.7894434928894043,1920,17,5,500000,1000,,373001.0,0.6869791746139526,0.5801474452018738,0.6583333611488342,0.6271348595619202,1765,509950510,5,5
374001,1920,5610015,718081920,23520,0.6583333611488342,128,374000,1.7940378189086914,1920,17,5,500000,1000,,374001.0,0.6864583492279053,0.580148458480835,0.6583333611488342,0.6274613738059998,1770,509950510,5,5
375001,1920,5625015,720001920,23520,0.6583333611488342,128,375000,1.7990686893463135,1920,17,5,500000,1000,,375001.0,0.6880208253860474,0.5801464319229126,0.6583333611488342,0.6272280812263489,1774,509950510,5,5
376001,1920,5640015,721921920,23520,0.6583333611488342,128,376000,1.8041155338287354,1920,17,5,500000,1000,,376001.0,0.6864583492279053,0.5801454782485962,0.6583333611488342,0.6271867156028748,1779,509950510,5,5
377001,1920,5655015,723841920,23520,0.6583333611488342,128,377000,1.8086605072021484,1920,17,5,500000,1000,,377001.0,0.6864583492279053,0.5801442265510559,0.6583333611488342,0.6271418333053589,1784,509950510,5,5
378001,1920,5670015,725761920,23520,0.6583333611488342,128,378000,1.8132073879241943,1920,17,5,500000,1000,,378001.0,0.6869791746139526,0.580146074295044,0.6583333611488342,0.6273499727249146,1789,509950510,5,5
379001,1920,5685015,727681920,23520,0.6583333611488342,128,379000,1.8177886009216309,1920,17,5,500000,1000,,379001.0,0.6864583492279053,0.5801475048065186,0.6583333611488342,0.6273068785667419,1793,509950510,5,5
380001,1920,5700015,729601920,23520,0.6583333611488342,128,380000,1.8223097324371338,1920,17,5,500000,1000,,380001.0,0.6875,0.5801440477371216,0.6583333611488342,0.6272221207618713,1798,509950510,5,5
381001,1920,5715015,731521920,23520,0.6583333611488342,128,381000,1.8267836570739746,1920,17,5,500000,1000,,381001.0,0.6880208253860474,0.5801423788070679,0.6583333611488342,0.6271864175796509,1803,509950510,5,5
382001,1920,5730015,733441920,23520,0.6583333611488342,128,382000,1.8312945365905762,1920,17,5,500000,1000,,382001.0,0.6864583492279053,0.5801399946212769,0.6583333611488342,0.6270951628684998,1808,509950510,5,5
383001,1920,5745015,735361920,23520,0.6583333611488342,128,383000,1.8358075618743896,1920,17,5,500000,1000,,383001.0,0.6864583492279053,0.5801399350166321,0.6583333611488342,0.627270519733429,1812,509950510,5,5
384001,1920,5760015,737281920,23520,0.6583333611488342,128,384000,1.8403205871582031,1920,17,5,500000,1000,,384001.0,0.6875,0.5801369547843933,0.6583333611488342,0.6272285580635071,1817,509950510,5,5
385001,1920,5775015,739201920,23520,0.6583333611488342,128,385000,1.8448774814605713,1920,17,5,500000,1000,,385001.0,0.6875,0.5801401734352112,0.6583333611488342,0.6272804737091064,1822,509950510,5,5
386001,1920,5790015,741121920,23520,0.6583333611488342,128,386000,1.8498845100402832,1920,17,5,500000,1000,,386001.0,0.6854166388511658,0.5801389813423157,0.6583333611488342,0.6272257566452026,1827,509950510,5,5
387001,1920,5805015,743041920,23520,0.6583333611488342,128,387000,1.8544337749481201,1920,17,5,500000,1000,,387001.0,0.6875,0.5801368355751038,0.6583333611488342,0.6272197365760803,1831,509950510,5,5
388001,1920,5820015,744961920,23520,0.6583333611488342,128,388000,1.8589515686035156,1920,17,5,500000,1000,,388001.0,0.6869791746139526,0.5801361203193665,0.6583333611488342,0.6273553371429443,1836,509950510,5,5
389001,1920,5835015,746881920,23520,0.6583333611488342,128,389000,1.8634517192840576,1920,17,5,500000,1000,,389001.0,0.6869791746139526,0.5801354646682739,0.6583333611488342,0.6271504759788513,1841,509950510,5,5
390001,1920,5850015,748801920,23520,0.6583333611488342,128,390000,1.8679547309875488,1920,17,5,500000,1000,,390001.0,0.6869791746139526,0.58013916015625,0.6583333611488342,0.6273291110992432,1846,509950510,5,5
391001,1920,5865015,750721920,23520,0.6583333611488342,128,391000,1.8725056648254395,1920,17,5,500000,1000,,391001.0,0.6875,0.5801352262496948,0.6583333611488342,0.627181351184845,1851,509950510,5,5
392001,1920,5880015,752641920,23520,0.6583333611488342,128,392000,1.8770906925201416,1920,17,5,500000,1000,,392001.0,0.6864583492279053,0.580132782459259,0.6583333611488342,0.627153754234314,1855,509950510,5,5
393001,1920,5895015,754561920,23520,0.6583333611488342,128,393000,1.881847620010376,1920,17,5,500000,1000,,393001.0,0.6869791746139526,0.5801336169242859,0.6583333611488342,0.6272595524787903,1860,509950510,5,5
394001,1920,5910015,756481920,23520,0.6583333611488342,128,394000,1.8863837718963623,1920,17,5,500000,1000,,394001.0,0.6859375238418579,0.5801297426223755,0.6583333611488342,0.6273307800292969,1865,509950510,5,5
395001,1920,5925015,758401920,23520,0.6583333611488342,128,395000,1.8910210132598877,1920,17,5,500000,1000,,395001.0,0.6859375238418579,0.5801318883895874,0.6583333611488342,0.6273363828659058,1870,509950510,5,5
396001,1920,5940015,760321920,23520,0.6583333611488342,128,396000,1.895585060119629,1920,17,5,500000,1000,,396001.0,0.6859375238418579,0.5801315903663635,0.6583333611488342,0.6274492144584656,1875,509950510,5,5
397001,1920,5955015,762241920,23520,0.6583333611488342,128,397000,1.9001359939575195,1920,17,5,500000,1000,,397001.0,0.6864583492279053,0.5801317691802979,0.6583333611488342,0.6272314190864563,1884,509950510,5,5
398001,1920,5970015,764161920,23520,0.6583333611488342,128,398000,1.9091219902038574,1920,17,5,500000,1000,,398001.0,0.6875,0.5801323056221008,0.6583333611488342,0.6271395087242126,1895,509950510,5,5
399001,1920,5985015,766081920,23520,0.6583333611488342,128,399000,1.9136171340942383,1920,17,5,500000,1000,,399001.0,0.6875,0.5801301598548889,0.6583333611488342,0.627379834651947,1901,509950510,5,5
400001,1920,6000015,768001920,23520,0.6583333611488342,128,400000,1.9188263416290283,1920,17,5,500000,1000,,400001.0,0.6864583492279053,0.5801312327384949,0.6583333611488342,0.6272370219230652,1906,509950510,5,5
401001,1920,6015015,769921920,23520,0.6583333611488342,128,401000,1.9233803749084473,1920,17,5,500000,1000,,401001.0,0.6864583492279053,0.5801275372505188,0.6583333611488342,0.6271830201148987,1912,509950510,5,5
402001,1920,6030015,771841920,23520,0.6583333611488342,128,402000,1.9279162883758545,1920,17,5,500000,1000,,402001.0,0.6864583492279053,0.5801299810409546,0.6583333611488342,0.6271840333938599,1917,509950510,5,5
403001,1920,6045015,773761920,23520,0.6583333611488342,128,403000,1.9324402809143066,1920,17,5,500000,1000,,403001.0,0.6864583492279053,0.580127477645874,0.6583333611488342,0.6271631717681885,1922,509950510,5,5
404001,1920,6060015,775681920,23520,0.6583333611488342,128,404000,1.9369761943817139,1920,17,5,500000,1000,,404001.0,0.6864583492279053,0.5801255702972412,0.6583333611488342,0.6271486282348633,1927,509950510,5,5
405001,1920,6075015,777601920,23520,0.6583333611488342,128,405000,1.9414794445037842,1920,17,5,500000,1000,,405001.0,0.6859375238418579,0.5801236629486084,0.6583333611488342,0.6271414160728455,1932,509950510,5,5
406001,1920,6090015,779521920,23520,0.6583333611488342,128,406000,1.946021318435669,1920,17,5,500000,1000,,406001.0,0.6864583492279053,0.58012855052948,0.6583333611488342,0.627367377281189,1937,509950510,5,5
407001,1920,6105015,781441920,23520,0.6583333611488342,128,407000,1.950559377670288,1920,17,5,500000,1000,,407001.0,0.6864583492279053,0.5801290273666382,0.6583333611488342,0.6272432804107666,1944,509950510,5,5
408001,1920,6120015,783361920,23520,0.6583333611488342,128,408000,1.9565813541412354,1920,17,5,500000,1000,,408001.0,0.6864583492279053,0.5801241397857666,0.6583333611488342,0.6272688508033752,1950,509950510,5,5
409001,1920,6135015,785281920,23520,0.6583333611488342,128,409000,1.9620435237884521,1920,17,5,500000,1000,,409001.0,0.6859375238418579,0.5801233649253845,0.6583333611488342,0.6272544860839844,1956,509950510,5,5
410001,1920,6150015,787201920,23520,0.6583333611488342,128,410000,1.966850757598877,1920,17,5,500000,1000,,410001.0,0.6875,0.580123782157898,0.6583333611488342,0.6272805333137512,1961,509950510,5,5
411001,1920,6165015,789121920,23520,0.6583333611488342,128,411000,1.9713869094848633,1920,17,5,500000,1000,,411001.0,0.6859375238418579,0.5801189541816711,0.6583333611488342,0.6272973418235779,1966,509950510,5,5
412001,1920,6180015,791041920,23520,0.6583333611488342,128,412000,1.9758806228637695,1920,17,5,500000,1000,,412001.0,0.6864583492279053,0.5801209211349487,0.6583333611488342,0.6273868680000305,1971,509950510,5,5
413001,1920,6195015,792961920,23520,0.6583333611488342,128,413000,1.9807164669036865,1920,17,5,500000,1000,,413001.0,0.6875,0.5801239013671875,0.6583333611488342,0.627524197101593,1975,509950510,5,5
414001,1920,6210015,794881920,23520,0.6583333611488342,128,414000,1.9869575500488281,1920,17,5,500000,1000,,414001.0,0.6859375238418579,0.5801194906234741,0.65625,0.62734055519104,1980,509950510,5,5
415001,1920,6225015,796801920,23520,0.65625,128,415000,1.991471290588379,1920,17,5,500000,1000,,415001.0,0.6875,0.5801190137863159,0.6583333611488342,0.6272590756416321,1985,509950510,5,5
416001,1920,6240015,798721920,23520,0.6583333611488342,128,416000,1.995948314666748,1920,17,5,500000,1000,,416001.0,0.684374988079071,0.5801151990890503,0.6583333611488342,0.6273118853569031,1991,509950510,5,5
417001,1920,6255015,800641920,23520,0.6583333611488342,128,417000,2.0005762577056885,1920,17,5,500000,1000,,417001.0,0.6859375238418579,0.5801140069961548,0.6583333611488342,0.626996636390686,1996,509950510,5,5
418001,1920,6270015,802561920,23520,0.6583333611488342,128,418000,2.0050923824310303,1920,17,5,500000,1000,,418001.0,0.6859375238418579,0.580114483833313,0.6583333611488342,0.6272745132446289,2001,509950510,5,5
419001,1920,6285015,804481920,23520,0.6583333611488342,128,419000,2.0096242427825928,1920,17,5,500000,1000,,419001.0,0.6875,0.5801147818565369,0.6583333611488342,0.6271618604660034,2006,509950510,5,5
420001,1920,6300015,806401920,23520,0.6583333611488342,128,420000,2.0141472816467285,1920,17,5,500000,1000,,420001.0,0.6859375238418579,0.5801141858100891,0.6583333611488342,0.6272634863853455,2011,509950510,5,5
421001,1920,6315015,808321920,23520,0.6583333611488342,128,421000,2.019087314605713,1920,17,5,500000,1000,,421001.0,0.6869791746139526,0.5801137089729309,0.6583333611488342,0.6270913481712341,2016,509950510,5,5
422001,1920,6330015,810241920,23520,0.6583333611488342,128,422000,2.023695468902588,1920,17,5,500000,1000,,422001.0,0.6880208253860474,0.5801142454147339,0.6583333611488342,0.6270638704299927,2021,509950510,5,5
423001,1920,6345015,812161920,23520,0.6583333611488342,128,423000,2.0282394886016846,1920,17,5,500000,1000,,423001.0,0.6875,0.5801153182983398,0.6583333611488342,0.6271622180938721,2026,509950510,5,5
424001,1920,6360015,814081920,23520,0.6583333611488342,128,424000,2.03285551071167,1920,17,5,500000,1000,,424001.0,0.6869791746139526,0.5801125764846802,0.6583333611488342,0.6273025274276733,2031,509950510,5,5
425001,1920,6375015,816001920,23520,0.6583333611488342,128,425000,2.037407636642456,1920,17,5,500000,1000,,425001.0,0.6885416507720947,0.5801132917404175,0.6583333611488342,0.6271303296089172,2036,509950510,5,5
426001,1920,6390015,817921920,23520,0.6583333611488342,128,426000,2.044156551361084,1920,17,5,500000,1000,,426001.0,0.6890624761581421,0.5801137685775757,0.6583333611488342,0.6272250413894653,2041,509950510,5,5
427001,1920,6405015,819841920,23520,0.6583333611488342,128,427000,2.049098491668701,1920,17,5,500000,1000,,427001.0,0.6890624761581421,0.580111563205719,0.6583333611488342,0.6272193193435669,2047,509950510,5,5
428001,1920,6420015,821761920,23520,0.6583333611488342,128,428000,2.0539894104003906,1920,17,5,500000,1000,,428001.0,0.6880208253860474,0.5801101326942444,0.6583333611488342,0.6273229122161865,2052,509950510,5,5
429001,1920,6435015,823681920,23520,0.6583333611488342,128,429000,2.059750556945801,1920,17,5,500000,1000,,429001.0,0.6864583492279053,0.5801098346710205,0.6583333611488342,0.6272187829017639,2059,509950510,5,5
430001,1920,6450015,825601920,23520,0.6583333611488342,128,430000,2.0642714500427246,1920,17,5,500000,1000,,430001.0,0.6885416507720947,0.580111563205719,0.6583333611488342,0.6270512938499451,2065,509950510,5,5
431001,1920,6465015,827521920,23520,0.6583333611488342,128,431000,2.0688064098358154,1920,17,5,500000,1000,,431001.0,0.6869791746139526,0.5801069736480713,0.6583333611488342,0.6271661520004272,2070,509950510,5,5
432001,1920,6480015,829441920,23520,0.6583333611488342,128,432000,2.0735034942626953,1920,17,5,500000,1000,,432001.0,0.6869791746139526,0.5801112651824951,0.6583333611488342,0.62736576795578,2075,509950510,5,5
433001,1920,6495015,831361920,23520,0.6583333611488342,128,433000,2.078218460083008,1920,17,5,500000,1000,,433001.0,0.6869791746139526,0.5801082849502563,0.6583333611488342,0.6271399259567261,2080,509950510,5,5
434001,1920,6510015,833281920,23520,0.6583333611488342,128,434000,2.0827133655548096,1920,17,5,500000,1000,,434001.0,0.6869791746139526,0.580108106136322,0.65625,0.6271129846572876,2085,509950510,5,5
435001,1920,6525015,835201920,23520,0.65625,128,435000,2.0893142223358154,1920,17,5,500000,1000,,435001.0,0.6848958134651184,0.580105185508728,0.65625,0.6272059679031372,2091,509950510,5,5
436001,1920,6540015,837121920,23520,0.65625,128,436000,2.093863010406494,1920,17,5,500000,1000,,436001.0,0.6864583492279053,0.5801045894622803,0.6583333611488342,0.6272868514060974,2095,509950510,5,5
437001,1920,6555015,839041920,23520,0.6583333611488342,128,437000,2.0984089374542236,1920,17,5,500000,1000,,437001.0,0.6869791746139526,0.5801035165786743,0.6583333611488342,0.6272430419921875,2100,509950510,5,5
438001,1920,6570015,840961920,23520,0.6583333611488342,128,438000,2.1030139923095703,1920,17,5,500000,1000,,438001.0,0.6885416507720947,0.5801056623458862,0.6583333611488342,0.6272397637367249,2106,509950510,5,5
439001,1920,6585015,842881920,23520,0.6583333611488342,128,439000,2.10781192779541,1920,17,5,500000,1000,,439001.0,0.6875,0.5801037549972534,0.65625,0.627257227897644,2111,509950510,5,5
440001,1920,6600015,844801920,23520,0.65625,128,440000,2.114067792892456,1920,17,5,500000,1000,,440001.0,0.6848958134651184,0.5801041126251221,0.65625,0.6275284886360168,2116,509950510,5,5
441001,1920,6615015,846721920,23520,0.65625,128,441000,2.1187918186187744,1920,17,5,500000,1000,,441001.0,0.6864583492279053,0.5801020264625549,0.6583333611488342,0.62727290391922,2123,509950510,5,5
442001,1920,6630015,848641920,23520,0.6583333611488342,128,442000,2.12335467338562,1920,17,5,500000,1000,,442001.0,0.6854166388511658,0.580100417137146,0.6583333611488342,0.627368688583374,2129,509950510,5,5
443001,1920,6645015,850561920,23520,0.6583333611488342,128,443000,2.1280558109283447,1920,17,5,500000,1000,,443001.0,0.6859375238418579,0.5801025032997131,0.6583333611488342,0.6275196671485901,2136,509950510,5,5
444001,1920,6660015,852481920,23520,0.6583333611488342,128,444000,2.1342849731445312,1920,17,5,500000,1000,,444001.0,0.6848958134651184,0.5801011919975281,0.6583333611488342,0.6275948882102966,2141,509950510,5,5
445001,1920,6675015,854401920,23520,0.6583333611488342,128,445000,2.1387999057769775,1920,17,5,500000,1000,,445001.0,0.6864583492279053,0.5800996422767639,0.6583333611488342,0.6274141669273376,2146,509950510,5,5
446001,1920,6690015,856321920,23520,0.6583333611488342,128,446000,2.143343925476074,1920,17,5,500000,1000,,446001.0,0.6880208253860474,0.5800984501838684,0.6583333611488342,0.6272647380828857,2151,509950510,5,5
447001,1920,6705015,858241920,23520,0.6583333611488342,128,447000,2.1480870246887207,1920,17,5,500000,1000,,447001.0,0.6880208253860474,0.5801002383232117,0.6583333611488342,0.6273380517959595,2156,509950510,5,5
448001,1920,6720015,860161920,23520,0.6583333611488342,128,448000,2.1526291370391846,1920,17,5,500000,1000,,448001.0,0.6864583492279053,0.580101728439331,0.6583333611488342,0.6274315118789673,2161,509950510,5,5
449001,1920,6735015,862081920,23520,0.6583333611488342,128,449000,2.1573832035064697,1920,17,5,500000,1000,,449001.0,0.6859375238418579,0.58009934425354,0.6583333611488342,0.6274771094322205,2166,509950510,5,5
450001,1920,6750015,864001920,23520,0.6583333611488342,128,450000,2.1620099544525146,1920,17,5,500000,1000,,450001.0,0.6875,0.5800980925559998,0.6583333611488342,0.6273537874221802,2171,509950510,5,5
451001,1920,6765015,865921920,23520,0.6583333611488342,128,451000,2.1666548252105713,1920,17,5,500000,1000,,451001.0,0.6875,0.580097496509552,0.6583333611488342,0.6275090575218201,2176,509950510,5,5
452001,1920,6780015,867841920,23520,0.6583333611488342,128,452000,2.171298027038574,1920,17,5,500000,1000,,452001.0,0.6875,0.5800981521606445,0.6583333611488342,0.6274512410163879,2180,509950510,5,5
453001,1920,6795015,869761920,23520,0.6583333611488342,128,453000,2.175844192504883,1920,17,5,500000,1000,,453001.0,0.6875,0.5800955891609192,0.6583333611488342,0.6273223757743835,2185,509950510,5,5
454001,1920,6810015,871681920,23520,0.6583333611488342,128,454000,2.183135509490967,1920,17,5,500000,1000,,454001.0,0.6880208253860474,0.5800952911376953,0.6583333611488342,0.6272934079170227,2190,509950510,5,5
455001,1920,6825015,873601920,23520,0.6583333611488342,128,455000,2.1876723766326904,1920,17,5,500000,1000,,455001.0,0.6875,0.5800954103469849,0.6583333611488342,0.6272541284561157,2195,509950510,5,5
456001,1920,6840015,875521920,23520,0.6583333611488342,128,456000,2.1922922134399414,1920,17,5,500000,1000,,456001.0,0.6875,0.5800933241844177,0.6583333611488342,0.6270492672920227,2200,509950510,5,5
457001,1920,6855015,877441920,23520,0.6583333611488342,128,457000,2.1968321800231934,1920,17,5,500000,1000,,457001.0,0.6864583492279053,0.580091655254364,0.6583333611488342,0.6271247863769531,2205,509950510,5,5
458001,1920,6870015,879361920,23520,0.6583333611488342,128,458000,2.201353073120117,1920,17,5,500000,1000,,458001.0,0.6880208253860474,0.5800920128822327,0.6583333611488342,0.6272340416908264,2209,509950510,5,5
459001,1920,6885015,881281920,23520,0.6583333611488342,128,459000,2.205930233001709,1920,17,5,500000,1000,,459001.0,0.6875,0.5800908207893372,0.6583333611488342,0.6271873712539673,2214,509950510,5,5
460001,1920,6900015,883201920,23520,0.6583333611488342,128,460000,2.210576057434082,1920,17,5,500000,1000,,460001.0,0.6875,0.5800924897193909,0.65625,0.6272196173667908,2219,509950510,5,5
461001,1920,6915015,885121920,23520,0.65625,128,461000,2.21508526802063,1920,17,5,500000,1000,,461001.0,0.6880208253860474,0.5800921320915222,0.6583333611488342,0.6272355318069458,2224,509950510,5,5
462001,1920,6930015,887041920,23520,0.6583333611488342,128,462000,2.219639301300049,1920,17,5,500000,1000,,462001.0,0.6880208253860474,0.5800905823707581,0.6583333611488342,0.6270357966423035,2229,509950510,5,5
463001,1920,6945015,888961920,23520,0.6583333611488342,128,463000,2.2242064476013184,1920,17,5,500000,1000,,463001.0,0.6880208253860474,0.5800889730453491,0.6583333611488342,0.6271792650222778,2234,509950510,5,5
464001,1920,6960015,890881920,23520,0.6583333611488342,128,464000,2.2288835048675537,1920,17,5,500000,1000,,464001.0,0.6869791746139526,0.5800878405570984,0.65625,0.627381443977356,2239,509950510,5,5
465001,1920,6975015,892801920,23520,0.65625,128,465000,2.2334656715393066,1920,17,5,500000,1000,,465001.0,0.6869791746139526,0.5800884366035461,0.65625,0.6272256970405579,2244,509950510,5,5
466001,1920,6990015,894721920,23520,0.65625,128,466000,2.238039493560791,1920,17,5,500000,1000,,466001.0,0.6885416507720947,0.580085813999176,0.6583333611488342,0.627310574054718,2249,509950510,5,5
467001,1920,7005015,896641920,23520,0.6583333611488342,128,467000,2.2425403594970703,1920,17,5,500000,1000,,467001.0,0.6854166388511658,0.5800870060920715,0.6583333611488342,0.6274653077125549,2253,509950510,5,5
468001,1920,7020015,898561920,23520,0.6583333611488342,128,468000,2.2479777336120605,1920,17,5,500000,1000,,468001.0,0.6864583492279053,0.5800880789756775,0.6583333611488342,0.6274659037590027,2259,509950510,5,5
469001,1920,7035015,900481920,23520,0.6583333611488342,128,469000,2.2525947093963623,1920,17,5,500000,1000,,469001.0,0.6864583492279053,0.5800859332084656,0.6583333611488342,0.627429187297821,2264,509950510,5,5
470001,1920,7050015,902401920,23520,0.6583333611488342,128,470000,2.2572317123413086,1920,17,5,500000,1000,,470001.0,0.6854166388511658,0.580089807510376,0.65625,0.6273418664932251,2269,509950510,5,5
471001,1920,7065015,904321920,23520,0.65625,128,471000,2.2618229389190674,1920,17,5,500000,1000,,471001.0,0.6869791746139526,0.5800852179527283,0.6583333611488342,0.6273185610771179,2274,509950510,5,5
472001,1920,7080015,906241920,23520,0.6583333611488342,128,472000,2.266427993774414,1920,17,5,500000,1000,,472001.0,0.6859375238418579,0.5800842642784119,0.6583333611488342,0.6272656917572021,2279,509950510,5,5
473001,1920,7095015,908161920,23520,0.6583333611488342,128,473000,2.27103328704834,1920,17,5,500000,1000,,473001.0,0.684374988079071,0.5800828337669373,0.6583333611488342,0.6272745728492737,2284,509950510,5,5
474001,1920,7110015,910081920,23520,0.6583333611488342,128,474000,2.275895357131958,1920,17,5,500000,1000,,474001.0,0.6859375238418579,0.5800848603248596,0.6583333611488342,0.627395510673523,2288,509950510,5,5
475001,1920,7125015,912001920,23520,0.6583333611488342,128,475000,2.280494451522827,1920,17,5,500000,1000,,475001.0,0.6854166388511658,0.5800844430923462,0.6583333611488342,0.6273099184036255,2293,509950510,5,5
476001,1920,7140015,913921920,23520,0.6583333611488342,128,476000,2.285492420196533,1920,17,5,500000,1000,,476001.0,0.6875,0.5800855755805969,0.6583333611488342,0.6273078918457031,2298,509950510,5,5
477001,1920,7155015,915841920,23520,0.6583333611488342,128,477000,2.290426254272461,1920,17,5,500000,1000,,477001.0,0.6864583492279053,0.5800831317901611,0.6583333611488342,0.6273689270019531,2303,509950510,5,5
478001,1920,7170015,917761920,23520,0.6583333611488342,128,478000,2.29524827003479,1920,17,5,500000,1000,,478001.0,0.6875,0.5800831317901611,0.6583333611488342,0.627240777015686,2308,509950510,5,5
479001,1920,7185015,919681920,23520,0.6583333611488342,128,479000,2.2998573780059814,1920,17,5,500000,1000,,479001.0,0.6875,0.5800818204879761,0.6583333611488342,0.6271243691444397,2312,509950510,5,5
480001,1920,7200015,921601920,23520,0.6583333611488342,128,480000,2.3051304817199707,1920,17,5,500000,1000,,480001.0,0.6875,0.5800838470458984,0.6583333611488342,0.6273362636566162,2317,509950510,5,5
481001,1920,7215015,923521920,23520,0.6583333611488342,128,481000,2.3099472522735596,1920,17,5,500000,1000,,481001.0,0.6864583492279053,0.5800825953483582,0.65625,0.6271620988845825,2322,509950510,5,5
482001,1920,7230015,925441920,23520,0.65625,128,482000,2.314993381500244,1920,17,5,500000,1000,,482001.0,0.6864583492279053,0.5800834894180298,0.65625,0.6272165775299072,2327,509950510,5,5
483001,1920,7245015,927361920,23520,0.65625,128,483000,2.319603204727173,1920,17,5,500000,1000,,483001.0,0.6875,0.5800805687904358,0.6583333611488342,0.6271700263023376,2332,509950510,5,5
484001,1920,7260015,929281920,23520,0.6583333611488342,128,484000,2.324237108230591,1920,17,5,500000,1000,,484001.0,0.6864583492279053,0.5800789594650269,0.6583333611488342,0.6272926330566406,2336,509950510,5,5
485001,1920,7275015,931201920,23520,0.6583333611488342,128,485000,2.3288681507110596,1920,17,5,500000,1000,,485001.0,0.6859375238418579,0.5800771117210388,0.6583333611488342,0.6274100542068481,2341,509950510,5,5
486001,1920,7290015,933121920,23520,0.6583333611488342,128,486000,2.3337912559509277,1920,17,5,500000,1000,,486001.0,0.6869791746139526,0.5800797343254089,0.6583333611488342,0.627433717250824,2346,509950510,5,5
487001,1920,7305015,935041920,23520,0.6583333611488342,128,487000,2.3386971950531006,1920,17,5,500000,1000,,487001.0,0.6875,0.5800799131393433,0.6583333611488342,0.6273877620697021,2351,509950510,5,5
488001,1920,7320015,936961920,23520,0.6583333611488342,128,488000,2.343325138092041,1920,17,5,500000,1000,,488001.0,0.6854166388511658,0.5800772905349731,0.6583333611488342,0.6273061633110046,2355,509950510,5,5
489001,1920,7335015,938881920,23520,0.6583333611488342,128,489000,2.3482909202575684,1920,17,5,500000,1000,,489001.0,0.6854166388511658,0.5800764560699463,0.6583333611488342,0.6272785663604736,2360,509950510,5,5
490001,1920,7350015,940801920,23520,0.6583333611488342,128,490000,2.3529279232025146,1920,17,5,500000,1000,,490001.0,0.6854166388511658,0.5800765752792358,0.6583333611488342,0.6270535588264465,2365,509950510,5,5
491001,1920,7365015,942721920,23520,0.6583333611488342,128,491000,2.3575820922851562,1920,17,5,500000,1000,,491001.0,0.6859375238418579,0.5800753235816956,0.6583333611488342,0.6272737383842468,2370,509950510,5,5
492001,1920,7380015,944641920,23520,0.6583333611488342,128,492000,2.3624320030212402,1920,17,5,500000,1000,,492001.0,0.6854166388511658,0.5800735950469971,0.65625,0.6274114847183228,2375,509950510,5,5
493001,1920,7395015,946561920,23520,0.65625,128,493000,2.3675787448883057,1920,17,5,500000,1000,,493001.0,0.6838541626930237,0.5800763368606567,0.65625,0.6275323033332825,2379,509950510,5,5
494001,1920,7410015,948481920,23520,0.65625,128,494000,2.372363567352295,1920,17,5,500000,1000,,494001.0,0.6848958134651184,0.5800762176513672,0.6583333611488342,0.6274053454399109,2384,509950510,5,5
495001,1920,7425015,950401920,23520,0.6583333611488342,128,495000,2.3770015239715576,1920,17,5,500000,1000,,495001.0,0.6864583492279053,0.5800725221633911,0.6583333611488342,0.6272237300872803,2389,509950510,5,5
496001,1920,7440015,952321920,23520,0.6583333611488342,128,496000,2.381652593612671,1920,17,5,500000,1000,,496001.0,0.6848958134651184,0.5800736546516418,0.65625,0.6273695826530457,2394,509950510,5,5
497001,1920,7455015,954241920,23520,0.65625,128,497000,2.3862946033477783,1920,17,5,500000,1000,,497001.0,0.6848958134651184,0.5800744891166687,0.65625,0.6274916529655457,2399,509950510,5,5
498001,1920,7470015,956161920,23520,0.65625,128,498000,2.3908863067626953,1920,17,5,500000,1000,,498001.0,0.6869791746139526,0.5800721049308777,0.6583333611488342,0.6272533535957336,2403,509950510,5,5
499001,1920,7485015,958081920,23520,0.6583333611488342,128,499000,2.395493268966675,1920,17,5,500000,1000,,499001.0,0.6864583492279053,0.5800712704658508,0.6583333611488342,0.6274358034133911,2408,509950510,5,5
499998,1920,7499970,959996160,23520,0.6583333611488342,128,499997,2.4001102447509766,1920,17,5,500000,1000,,499998.0,0.6875,0.5800724029541016,0.6583333611488342,0.6272968053817749,2413,509950510,5,5
499999,1920,7499985,959998080,23520,0.6583333611488342,128,499998,2.405025005340576,1920,17,5,500000,1000,,499999.0,0.6875,0.5800723433494568,0.6583333611488342,0.627297043800354,2413,509950510,5,5
500000,1920,7500000,960000000,23520,0.6583333611488342,128,499999,2.4099273681640625,1920,17,5,500000,1000,,500000.0,0.6875,0.5800723433494568,0.6583333611488342,0.62730473279953,2413,509950510,5,5
