pf_calls,num_answers,model_updates,num_grad_comps,answers_bytes,last_score,batch_size,k,elapsed_time,train_data,n,d,max_epochs,verbose,ident,_epochs,score_train,loss_train,score_test,loss_test,_elapsed_time,seed,run_id,dim
1,1920,15,1920,23520,0.47708332538604736,128,0,0.05689382553100586,1920,17,5,500000,1000,,1.0,0.5005208253860474,0.6931472420692444,0.48750001192092896,0.6931471228599548,0,1668795609,1,5
1001,1920,15015,1921920,23520,0.48750001192092896,128,1000,0.06077980995178223,1920,17,5,500000,1000,,1001.0,0.6697916388511658,0.613879382610321,0.6645833253860474,0.6123225688934326,4,1668795609,1,5
2001,1920,30015,3841920,23520,0.6645833253860474,128,2000,0.06478095054626465,1920,17,5,500000,1000,,2001.0,0.6729166507720947,0.6020852327346802,0.6499999761581421,0.6009979248046875,8,1668795609,1,5
3001,1920,45015,5761920,23520,0.6499999761581421,128,3000,0.06893515586853027,1920,17,5,500000,1000,,3001.0,0.675000011920929,0.5982869267463684,0.6541666388511658,0.5958583950996399,12,1668795609,1,5
4001,1920,60015,7681920,23520,0.6541666388511658,128,4000,0.07281303405761719,1920,17,5,500000,1000,,4001.0,0.676562488079071,0.5964714884757996,0.6520833373069763,0.5940293073654175,17,1668795609,1,5
5001,1920,75015,9601920,23520,0.6520833373069763,128,5000,0.0768589973449707,1920,17,5,500000,1000,,5001.0,0.676562488079071,0.595382034778595,0.6604166626930237,0.5925249457359314,21,1668795609,1,5
6001,1920,90015,11521920,23520,0.6604166626930237,128,6000,0.08118391036987305,1920,17,5,500000,1000,,6001.0,0.6760416626930237,0.5946613550186157,0.6583333611488342,0.5916420817375183,25,1668795609,1,5
7001,1920,105015,13441920,23520,0.6583333611488342,128,7000,0.08509612083435059,1920,17,5,500000,1000,,7001.0,0.6744791865348816,0.5941253304481506,0.6583333611488342,0.5909464359283447,29,1668795609,1,5
8001,1920,120015,15361920,23520,0.6583333611488342,128,8000,0.08906006813049316,1920,17,5,500000,1000,,8001.0,0.6760416626930237,0.5937053561210632,0.6604166626930237,0.5906522870063782,33,1668795609,1,5
9001,1920,135015,17281920,23520,0.6604166626930237,128,9000,0.09460806846618652,1920,17,5,500000,1000,,9001.0,0.6744791865348816,0.5933806300163269,0.6625000238418579,0.5896888971328735,38,1668795609,1,5
10001,1920,150015,19201920,23520,0.6625000238418579,128,10000,0.09862494468688965,1920,17,5,500000,1000,,10001.0,0.6744791865348816,0.5930894017219543,0.6625000238418579,0.5897336602210999,42,1668795609,1,5
11001,1920,165015,21121920,23520,0.6625000238418579,128,11000,0.10287117958068848,1920,17,5,500000,1000,,11001.0,0.6760416626930237,0.5928516387939453,0.668749988079071,0.5896311402320862,46,1668795609,1,5
12001,1920,180015,23041920,23520,0.668749988079071,128,12000,0.10675048828125,1920,17,5,500000,1000,,12001.0,0.6760416626930237,0.5926474332809448,0.6666666865348816,0.5892048478126526,51,1668795609,1,5
13001,1920,195015,24961920,23520,0.6666666865348816,128,13000,0.11068344116210938,1920,17,5,500000,1000,,13001.0,0.676562488079071,0.5924715399742126,0.6666666865348816,0.5891532897949219,55,1668795609,1,5
14001,1920,210015,26881920,23520,0.6666666865348816,128,14000,0.11502337455749512,1920,17,5,500000,1000,,14001.0,0.6776041388511658,0.5923078060150146,0.6666666865348816,0.5889162421226501,59,1668795609,1,5
15001,1920,225015,28801920,23520,0.6666666865348816,128,15000,0.11941719055175781,1920,17,5,500000,1000,,15001.0,0.6770833134651184,0.5921685695648193,0.6708333492279053,0.5890829563140869,63,1668795609,1,5
16001,1920,240015,30721920,23520,0.6708333492279053,128,16000,0.12331295013427734,1920,17,5,500000,1000,,16001.0,0.6781250238418579,0.5920434594154358,0.668749988079071,0.5886585116386414,67,1668795609,1,5
17001,1920,255015,32641920,23520,0.668749988079071,128,17000,0.12738990783691406,1920,17,5,500000,1000,,17001.0,0.6796875,0.591927170753479,0.6645833253860474,0.5887497663497925,71,1668795609,1,5
18001,1920,270015,34561920,23520,0.6645833253860474,128,18000,0.13126873970031738,1920,17,5,500000,1000,,18001.0,0.6786458492279053,0.5918306708335876,0.668749988079071,0.5887155532836914,75,1668795609,1,5
19001,1920,285015,36481920,23520,0.668749988079071,128,19000,0.1357285976409912,1920,17,5,500000,1000,,19001.0,0.6791666746139526,0.5917390584945679,0.6666666865348816,0.5887132287025452,80,1668795609,1,5
20001,1920,300015,38401920,23520,0.6666666865348816,128,20000,0.1395876407623291,1920,17,5,500000,1000,,20001.0,0.6791666746139526,0.5916541814804077,0.6666666865348816,0.588518500328064,84,1668795609,1,5
21001,1920,315015,40321920,23520,0.6666666865348816,128,21000,0.14348077774047852,1920,17,5,500000,1000,,21001.0,0.6791666746139526,0.5915787816047668,0.6666666865348816,0.5884279012680054,87,1668795609,1,5
22001,1920,330015,42241920,23520,0.6666666865348816,128,22000,0.14753270149230957,1920,17,5,500000,1000,,22001.0,0.6781250238418579,0.5915079712867737,0.6625000238418579,0.5885154604911804,92,1668795609,1,5
23001,1920,345015,44161920,23520,0.6625000238418579,128,23000,0.1519157886505127,1920,17,5,500000,1000,,23001.0,0.6786458492279053,0.5914474725723267,0.6666666865348816,0.5887269973754883,96,1668795609,1,5
24001,1920,360015,46081920,23520,0.6666666865348816,128,24000,0.1557478904724121,1920,17,5,500000,1000,,24001.0,0.6796875,0.5913839936256409,0.6666666865348816,0.5886628031730652,100,1668795609,1,5
25001,1920,375015,48001920,23520,0.6666666865348816,128,25000,0.16010093688964844,1920,17,5,500000,1000,,25001.0,0.6796875,0.5913249850273132,0.6708333492279053,0.5885409712791443,104,1668795609,1,5
26001,1920,390015,49921920,23520,0.6708333492279053,128,26000,0.163970947265625,1920,17,5,500000,1000,,26001.0,0.6812499761581421,0.5912798643112183,0.6708333492279053,0.5885550379753113,108,1668795609,1,5
27001,1920,405015,51841920,23520,0.6708333492279053,128,27000,0.167816162109375,1920,17,5,500000,1000,,27001.0,0.6796875,0.5912263989448547,0.6708333492279053,0.5882147550582886,112,1668795609,1,5
28001,1920,420015,53761920,23520,0.6708333492279053,128,28000,0.17197299003601074,1920,17,5,500000,1000,,28001.0,0.6796875,0.5911832451820374,0.6729166507720947,0.5885090231895447,116,1668795609,1,5
29001,1920,435015,55681920,23520,0.6729166507720947,128,29000,0.17636799812316895,1920,17,5,500000,1000,,29001.0,0.6802083253860474,0.5911330580711365,0.6666666865348816,0.5884271264076233,120,1668795609,1,5
30001,1920,450015,57601920,23520,0.6666666865348816,128,30000,0.18025684356689453,1920,17,5,500000,1000,,30001.0,0.6802083253860474,0.5910981893539429,0.6666666865348816,0.5883496999740601,124,1668795609,1,5
31001,1920,465015,59521920,23520,0.6666666865348816,128,31000,0.18430185317993164,1920,17,5,500000,1000,,31001.0,0.6807291507720947,0.5910566449165344,0.6625000238418579,0.5881515145301819,129,1668795609,1,5
32001,1920,480015,61441920,23520,0.6625000238418579,128,32000,0.18845891952514648,1920,17,5,500000,1000,,32001.0,0.6802083253860474,0.5910167694091797,0.6666666865348816,0.5883339047431946,133,1668795609,1,5
33001,1920,495015,63361920,23520,0.6666666865348816,128,33000,0.19233274459838867,1920,17,5,500000,1000,,33001.0,0.6802083253860474,0.5909850001335144,0.6666666865348816,0.5884447693824768,137,1668795609,1,5
34001,1920,510015,65281920,23520,0.6666666865348816,128,34000,0.19618582725524902,1920,17,5,500000,1000,,34001.0,0.6802083253860474,0.5909527540206909,0.6666666865348816,0.5885008573532104,141,1668795609,1,5
35001,1920,525015,67201920,23520,0.6666666865348816,128,35000,0.20045089721679688,1920,17,5,500000,1000,,35001.0,0.6802083253860474,0.5909139513969421,0.6666666865348816,0.5882028341293335,145,1668795609,1,5
36001,1920,540015,69121920,23520,0.6666666865348816,128,36000,0.2044360637664795,1920,17,5,500000,1000,,36001.0,0.6791666746139526,0.5908878445625305,0.6708333492279053,0.5882695317268372,149,1668795609,1,5
37001,1920,555015,71041920,23520,0.6708333492279053,128,37000,0.20832109451293945,1920,17,5,500000,1000,,37001.0,0.6796875,0.5908585786819458,0.6666666865348816,0.5883079767227173,153,1668795609,1,5
38001,1920,570015,72961920,23520,0.6666666865348816,128,38000,0.21211028099060059,1920,17,5,500000,1000,,38001.0,0.6796875,0.5908275246620178,0.6708333492279053,0.5880898833274841,157,1668795609,1,5
39001,1920,585015,74881920,23520,0.6708333492279053,128,39000,0.21605134010314941,1920,17,5,500000,1000,,39001.0,0.6812499761581421,0.5907978415489197,0.6666666865348816,0.5881770253181458,161,1668795609,1,5
40001,1920,600015,76801920,23520,0.6666666865348816,128,40000,0.21992707252502441,1920,17,5,500000,1000,,40001.0,0.6817708611488342,0.5907806754112244,0.6645833253860474,0.5883576273918152,165,1668795609,1,5
41001,1920,615015,78721920,23520,0.6645833253860474,128,41000,0.22402524948120117,1920,17,5,500000,1000,,41001.0,0.6807291507720947,0.590750515460968,0.6666666865348816,0.5880952477455139,169,1668795609,1,5
42001,1920,630015,80641920,23520,0.6666666865348816,128,42000,0.22783613204956055,1920,17,5,500000,1000,,42001.0,0.6807291507720947,0.590725839138031,0.6708333492279053,0.5880777835845947,173,1668795609,1,5
43001,1920,645015,82561920,23520,0.6708333492279053,128,43000,0.23206639289855957,1920,17,5,500000,1000,,43001.0,0.6812499761581421,0.590703010559082,0.6666666865348816,0.588241457939148,177,1668795609,1,5
44001,1920,660015,84481920,23520,0.6666666865348816,128,44000,0.2359180450439453,1920,17,5,500000,1000,,44001.0,0.6817708611488342,0.5906816124916077,0.6666666865348816,0.5882408022880554,181,1668795609,1,5
45001,1920,675015,86401920,23520,0.6666666865348816,128,45000,0.24058127403259277,1920,17,5,500000,1000,,45001.0,0.6802083253860474,0.5906616449356079,0.6645833253860474,0.5883474349975586,185,1668795609,1,5
46001,1920,690015,88321920,23520,0.6645833253860474,128,46000,0.24446320533752441,1920,17,5,500000,1000,,46001.0,0.6802083253860474,0.5906462073326111,0.6666666865348816,0.5881205797195435,189,1668795609,1,5
47001,1920,705015,90241920,23520,0.6666666865348816,128,47000,0.24834418296813965,1920,17,5,500000,1000,,47001.0,0.6807291507720947,0.590624988079071,0.6666666865348816,0.5880975127220154,193,1668795609,1,5
48001,1920,720015,92161920,23520,0.6666666865348816,128,48000,0.25257229804992676,1920,17,5,500000,1000,,48001.0,0.6817708611488342,0.5906113386154175,0.668749988079071,0.5883123278617859,197,1668795609,1,5
49001,1920,735015,94081920,23520,0.668749988079071,128,49000,0.2564432621002197,1920,17,5,500000,1000,,49001.0,0.6802083253860474,0.5905884504318237,0.668749988079071,0.5880598425865173,201,1668795609,1,5
50001,1920,750015,96001920,23520,0.668749988079071,128,50000,0.2602806091308594,1920,17,5,500000,1000,,50001.0,0.6802083253860474,0.5905713438987732,0.6666666865348816,0.5881633758544922,205,1668795609,1,5
51001,1920,765015,97921920,23520,0.6666666865348816,128,51000,0.2650465965270996,1920,17,5,500000,1000,,51001.0,0.6802083253860474,0.5905569195747375,0.6666666865348816,0.5881112217903137,209,1668795609,1,5
52001,1920,780015,99841920,23520,0.6666666865348816,128,52000,0.26895737648010254,1920,17,5,500000,1000,,52001.0,0.6817708611488342,0.5905371308326721,0.668749988079071,0.5881739258766174,213,1668795609,1,5
53001,1920,795015,101761920,23520,0.668749988079071,128,53000,0.27339720726013184,1920,17,5,500000,1000,,53001.0,0.6812499761581421,0.5905258059501648,0.6666666865348816,0.5882997512817383,217,1668795609,1,5
54001,1920,810015,103681920,23520,0.6666666865348816,128,54000,0.2773091793060303,1920,17,5,500000,1000,,54001.0,0.6796875,0.5905055999755859,0.6666666865348816,0.5880393981933594,221,1668795609,1,5
55001,1920,825015,105601920,23520,0.6666666865348816,128,55000,0.28139424324035645,1920,17,5,500000,1000,,55001.0,0.6812499761581421,0.5904943346977234,0.668749988079071,0.5879127383232117,226,1668795609,1,5
56001,1920,840015,107521920,23520,0.668749988079071,128,56000,0.28538942337036133,1920,17,5,500000,1000,,56001.0,0.6812499761581421,0.5904778242111206,0.668749988079071,0.5880745053291321,230,1668795609,1,5
57001,1920,855015,109441920,23520,0.668749988079071,128,57000,0.289257287979126,1920,17,5,500000,1000,,57001.0,0.6802083253860474,0.5904637575149536,0.668749988079071,0.5878977179527283,234,1668795609,1,5
58001,1920,870015,111361920,23520,0.668749988079071,128,58000,0.29349350929260254,1920,17,5,500000,1000,,58001.0,0.6796875,0.590448260307312,0.675000011920929,0.5879016518592834,238,1668795609,1,5
59001,1920,885015,113281920,23520,0.675000011920929,128,59000,0.29735851287841797,1920,17,5,500000,1000,,59001.0,0.6817708611488342,0.5904367566108704,0.6729166507720947,0.5882319211959839,242,1668795609,1,5
60001,1920,900015,115201920,23520,0.6729166507720947,128,60000,0.3011965751647949,1920,17,5,500000,1000,,60001.0,0.6812499761581421,0.5904285311698914,0.675000011920929,0.5878671407699585,246,1668795609,1,5
61001,1920,915015,117121920,23520,0.675000011920929,128,61000,0.30527377128601074,1920,17,5,500000,1000,,61001.0,0.6802083253860474,0.5904147028923035,0.6708333492279053,0.5878140926361084,250,1668795609,1,5
62001,1920,930015,119041920,23520,0.6708333492279053,128,62000,0.3091156482696533,1920,17,5,500000,1000,,62001.0,0.6822916865348816,0.5904009342193604,0.675000011920929,0.5876985192298889,254,1668795609,1,5
63001,1920,945015,120961920,23520,0.675000011920929,128,63000,0.31299686431884766,1920,17,5,500000,1000,,63001.0,0.6807291507720947,0.5903893113136292,0.675000011920929,0.5876448154449463,258,1668795609,1,5
64001,1920,960015,122881920,23520,0.675000011920929,128,64000,0.31685876846313477,1920,17,5,500000,1000,,64001.0,0.6812499761581421,0.590377151966095,0.675000011920929,0.5877771973609924,262,1668795609,1,5
65001,1920,975015,124801920,23520,0.675000011920929,128,65000,0.3208796977996826,1920,17,5,500000,1000,,65001.0,0.6817708611488342,0.5903663635253906,0.675000011920929,0.588030993938446,266,1668795609,1,5
66001,1920,990015,126721920,23520,0.675000011920929,128,66000,0.3247237205505371,1920,17,5,500000,1000,,66001.0,0.6807291507720947,0.5903581976890564,0.6729166507720947,0.5877431035041809,270,1668795609,1,5
67001,1920,1005015,128641920,23520,0.6729166507720947,128,67000,0.32863879203796387,1920,17,5,500000,1000,,67001.0,0.6807291507720947,0.5903460383415222,0.675000011920929,0.5877964496612549,273,1668795609,1,5
68001,1920,1020015,130561920,23520,0.675000011920929,128,68000,0.3324756622314453,1920,17,5,500000,1000,,68001.0,0.6791666746139526,0.5903348326683044,0.6729166507720947,0.5875992178916931,278,1668795609,1,5
69001,1920,1035015,132481920,23520,0.6729166507720947,128,69000,0.33649349212646484,1920,17,5,500000,1000,,69001.0,0.6796875,0.5903249979019165,0.6729166507720947,0.5878087282180786,282,1668795609,1,5
70001,1920,1050015,134401920,23520,0.6729166507720947,128,70000,0.34044647216796875,1920,17,5,500000,1000,,70001.0,0.6807291507720947,0.5903146862983704,0.675000011920929,0.5877706408500671,286,1668795609,1,5
71001,1920,1065015,136321920,23520,0.675000011920929,128,71000,0.3444943428039551,1920,17,5,500000,1000,,71001.0,0.6807291507720947,0.59030681848526,0.675000011920929,0.5878191590309143,290,1668795609,1,5
72001,1920,1080015,138241920,23520,0.675000011920929,128,72000,0.34848952293395996,1920,17,5,500000,1000,,72001.0,0.6817708611488342,0.5902985334396362,0.668749988079071,0.5879313349723816,293,1668795609,1,5
73001,1920,1095015,140161920,23520,0.668749988079071,128,73000,0.35224342346191406,1920,17,5,500000,1000,,73001.0,0.6802083253860474,0.5902879238128662,0.6708333492279053,0.5879539847373962,297,1668795609,1,5
74001,1920,1110015,142081920,23520,0.6708333492279053,128,74000,0.3561244010925293,1920,17,5,500000,1000,,74001.0,0.6807291507720947,0.5902776122093201,0.6729166507720947,0.5880758166313171,301,1668795609,1,5
75001,1920,1125015,144001920,23520,0.6729166507720947,128,75000,0.3601534366607666,1920,17,5,500000,1000,,75001.0,0.6807291507720947,0.5902666449546814,0.6708333492279053,0.5879636406898499,305,1668795609,1,5
76001,1920,1140015,145921920,23520,0.6708333492279053,128,76000,0.36400818824768066,1920,17,5,500000,1000,,76001.0,0.6817708611488342,0.590259850025177,0.6729166507720947,0.5878355503082275,309,1668795609,1,5
77001,1920,1155015,147841920,23520,0.6729166507720947,128,77000,0.3678572177886963,1920,17,5,500000,1000,,77001.0,0.6812499761581421,0.5902534127235413,0.6729166507720947,0.5876599550247192,313,1668795609,1,5
78001,1920,1170015,149761920,23520,0.6729166507720947,128,78000,0.3717494010925293,1920,17,5,500000,1000,,78001.0,0.6822916865348816,0.5902459025382996,0.668749988079071,0.587670087814331,317,1668795609,1,5
79001,1920,1185015,151681920,23520,0.668749988079071,128,79000,0.37560534477233887,1920,17,5,500000,1000,,79001.0,0.682812511920929,0.590238630771637,0.668749988079071,0.5878268480300903,321,1668795609,1,5
80001,1920,1200015,153601920,23520,0.668749988079071,128,80000,0.3795342445373535,1920,17,5,500000,1000,,80001.0,0.6812499761581421,0.5902257561683655,0.6729166507720947,0.5877527594566345,326,1668795609,1,5
81001,1920,1215015,155521920,23520,0.6729166507720947,128,81000,0.3834052085876465,1920,17,5,500000,1000,,81001.0,0.6833333373069763,0.5902197957038879,0.6729166507720947,0.5876463651657104,330,1668795609,1,5
82001,1920,1230015,157441920,23520,0.6729166507720947,128,82000,0.38729095458984375,1920,17,5,500000,1000,,82001.0,0.6817708611488342,0.5902149081230164,0.675000011920929,0.5880781412124634,334,1668795609,1,5
83001,1920,1245015,159361920,23520,0.675000011920929,128,83000,0.39144110679626465,1920,17,5,500000,1000,,83001.0,0.6822916865348816,0.5902057886123657,0.675000011920929,0.5877566933631897,338,1668795609,1,5
84001,1920,1260015,161281920,23520,0.675000011920929,128,84000,0.3952450752258301,1920,17,5,500000,1000,,84001.0,0.6802083253860474,0.5901975035667419,0.6708333492279053,0.5879299640655518,342,1668795609,1,5
85001,1920,1275015,163201920,23520,0.6708333492279053,128,85000,0.39911699295043945,1920,17,5,500000,1000,,85001.0,0.682812511920929,0.590190052986145,0.675000011920929,0.5875993967056274,346,1668795609,1,5
86001,1920,1290015,165121920,23520,0.675000011920929,128,86000,0.4031200408935547,1920,17,5,500000,1000,,86001.0,0.6812499761581421,0.5901888012886047,0.668749988079071,0.5875939130783081,350,1668795609,1,5
87001,1920,1305015,167041920,23520,0.668749988079071,128,87000,0.4069197177886963,1920,17,5,500000,1000,,87001.0,0.684374988079071,0.5901775360107422,0.668749988079071,0.5877423882484436,354,1668795609,1,5
88001,1920,1320015,168961920,23520,0.668749988079071,128,88000,0.4107339382171631,1920,17,5,500000,1000,,88001.0,0.6807291507720947,0.5901688933372498,0.6729166507720947,0.5878012776374817,358,1668795609,1,5
89001,1920,1335015,170881920,23520,0.6729166507720947,128,89000,0.4145808219909668,1920,17,5,500000,1000,,89001.0,0.6807291507720947,0.5901595950126648,0.675000011920929,0.5877956748008728,361,1668795609,1,5
90001,1920,1350015,172801920,23520,0.675000011920929,128,90000,0.41856884956359863,1920,17,5,500000,1000,,90001.0,0.6802083253860474,0.5901542901992798,0.6729166507720947,0.5878021121025085,365,1668795609,1,5
91001,1920,1365015,174721920,23520,0.6729166507720947,128,91000,0.4224071502685547,1920,17,5,500000,1000,,91001.0,0.6817708611488342,0.5901533961296082,0.6708333492279053,0.5878216624259949,369,1668795609,1,5
92001,1920,1380015,176641920,23520,0.6708333492279053,128,92000,0.4262223243713379,1920,17,5,500000,1000,,92001.0,0.6833333373069763,0.5901472568511963,0.6666666865348816,0.5878991484642029,373,1668795609,1,5
93001,1920,1395015,178561920,23520,0.6666666865348816,128,93000,0.43027734756469727,1920,17,5,500000,1000,,93001.0,0.6802083253860474,0.5901381373405457,0.6708333492279053,0.5877907276153564,377,1668795609,1,5
94001,1920,1410015,180481920,23520,0.6708333492279053,128,94000,0.4340991973876953,1920,17,5,500000,1000,,94001.0,0.6812499761581421,0.5901290774345398,0.6708333492279053,0.5878199338912964,381,1668795609,1,5
95001,1920,1425015,182401920,23520,0.6708333492279053,128,95000,0.4379551410675049,1920,17,5,500000,1000,,95001.0,0.6807291507720947,0.5901244282722473,0.675000011920929,0.587494969367981,385,1668795609,1,5
96001,1920,1440015,184321920,23520,0.675000011920929,128,96000,0.44182610511779785,1920,17,5,500000,1000,,96001.0,0.6817708611488342,0.5901187658309937,0.675000011920929,0.5879008173942566,389,1668795609,1,5
97001,1920,1455015,186241920,23520,0.675000011920929,128,97000,0.44582438468933105,1920,17,5,500000,1000,,97001.0,0.6822916865348816,0.5901143550872803,0.6729166507720947,0.5879530310630798,393,1668795609,1,5
98001,1920,1470015,188161920,23520,0.6729166507720947,128,98000,0.4496762752532959,1920,17,5,500000,1000,,98001.0,0.6812499761581421,0.5901078581809998,0.6729166507720947,0.5876950621604919,397,1668795609,1,5
99001,1920,1485015,190081920,23520,0.6729166507720947,128,99000,0.453510046005249,1920,17,5,500000,1000,,99001.0,0.6822916865348816,0.590103805065155,0.6729166507720947,0.588005006313324,401,1668795609,1,5
100001,1920,1500015,192001920,23520,0.6729166507720947,128,100000,0.45742106437683105,1920,17,5,500000,1000,,100001.0,0.6802083253860474,0.5900965332984924,0.6708333492279053,0.5880900025367737,404,1668795609,1,5
101001,1920,1515015,193921920,23520,0.6708333492279053,128,101000,0.4614291191101074,1920,17,5,500000,1000,,101001.0,0.6807291507720947,0.5900964140892029,0.6729166507720947,0.5879963040351868,408,1668795609,1,5
102001,1920,1530015,195841920,23520,0.6729166507720947,128,102000,0.46527910232543945,1920,17,5,500000,1000,,102001.0,0.6791666746139526,0.5900857448577881,0.6729166507720947,0.5880186557769775,412,1668795609,1,5
103001,1920,1545015,197761920,23520,0.6729166507720947,128,103000,0.4691131114959717,1920,17,5,500000,1000,,103001.0,0.6807291507720947,0.5900818109512329,0.6708333492279053,0.5877454280853271,416,1668795609,1,5
104001,1920,1560015,199681920,23520,0.6708333492279053,128,104000,0.4729301929473877,1920,17,5,500000,1000,,104001.0,0.6807291507720947,0.5900824666023254,0.668749988079071,0.5878585577011108,420,1668795609,1,5
105001,1920,1575015,201601920,23520,0.668749988079071,128,105000,0.4767780303955078,1920,17,5,500000,1000,,105001.0,0.6822916865348816,0.590072512626648,0.668749988079071,0.5878813862800598,424,1668795609,1,5
106001,1920,1590015,203521920,23520,0.668749988079071,128,106000,0.480593204498291,1920,17,5,500000,1000,,106001.0,0.6822916865348816,0.5900676250457764,0.668749988079071,0.5875991582870483,428,1668795609,1,5
107001,1920,1605015,205441920,23520,0.668749988079071,128,107000,0.4844381809234619,1920,17,5,500000,1000,,107001.0,0.6807291507720947,0.5900629162788391,0.6729166507720947,0.5875587463378906,432,1668795609,1,5
108001,1920,1620015,207361920,23520,0.6729166507720947,128,108000,0.488309383392334,1920,17,5,500000,1000,,108001.0,0.6822916865348816,0.5900576710700989,0.668749988079071,0.5876215696334839,436,1668795609,1,5
109001,1920,1635015,209281920,23520,0.668749988079071,128,109000,0.4922337532043457,1920,17,5,500000,1000,,109001.0,0.682812511920929,0.5900525450706482,0.6729166507720947,0.5877726078033447,440,1668795609,1,5
110001,1920,1650015,211201920,23520,0.6729166507720947,128,110000,0.4961216449737549,1920,17,5,500000,1000,,110001.0,0.6812499761581421,0.5900514125823975,0.6729166507720947,0.58778315782547,444,1668795609,1,5
111001,1920,1665015,213121920,23520,0.6729166507720947,128,111000,0.49991559982299805,1920,17,5,500000,1000,,111001.0,0.6791666746139526,0.5900440216064453,0.6770833134651184,0.5877255201339722,447,1668795609,1,5
112001,1920,1680015,215041920,23520,0.6770833134651184,128,112000,0.5039486885070801,1920,17,5,500000,1000,,112001.0,0.6796875,0.59004145860672,0.675000011920929,0.5877214074134827,451,1668795609,1,5
113001,1920,1695015,216961920,23520,0.675000011920929,128,113000,0.5077598094940186,1920,17,5,500000,1000,,113001.0,0.6812499761581421,0.5900357961654663,0.6708333492279053,0.5877202153205872,455,1668795609,1,5
114001,1920,1710015,218881920,23520,0.6708333492279053,128,114000,0.5115799903869629,1920,17,5,500000,1000,,114001.0,0.6812499761581421,0.5900292992591858,0.6708333492279053,0.5874702334403992,459,1668795609,1,5
115001,1920,1725015,220801920,23520,0.6708333492279053,128,115000,0.5153610706329346,1920,17,5,500000,1000,,115001.0,0.6833333373069763,0.590028703212738,0.6770833134651184,0.5874754786491394,463,1668795609,1,5
116001,1920,1740015,222721920,23520,0.6770833134651184,128,116000,0.5193028450012207,1920,17,5,500000,1000,,116001.0,0.682812511920929,0.5900219082832336,0.6729166507720947,0.5875272154808044,467,1668795609,1,5
117001,1920,1755015,224641920,23520,0.6729166507720947,128,117000,0.5232429504394531,1920,17,5,500000,1000,,117001.0,0.6807291507720947,0.5900192260742188,0.6708333492279053,0.5874892473220825,471,1668795609,1,5
118001,1920,1770015,226561920,23520,0.6708333492279053,128,118000,0.5271017551422119,1920,17,5,500000,1000,,118001.0,0.6812499761581421,0.5900137424468994,0.6729166507720947,0.5875017642974854,475,1668795609,1,5
119001,1920,1785015,228481920,23520,0.6729166507720947,128,119000,0.5309059619903564,1920,17,5,500000,1000,,119001.0,0.6812499761581421,0.5900107026100159,0.6729166507720947,0.587464451789856,479,1668795609,1,5
120001,1920,1800015,230401920,23520,0.6729166507720947,128,120000,0.5346970558166504,1920,17,5,500000,1000,,120001.0,0.6807291507720947,0.5900103449821472,0.6729166507720947,0.5875915288925171,483,1668795609,1,5
121001,1920,1815015,232321920,23520,0.6729166507720947,128,121000,0.5387132167816162,1920,17,5,500000,1000,,121001.0,0.6802083253860474,0.5900038480758667,0.668749988079071,0.5878021121025085,486,1668795609,1,5
122001,1920,1830015,234241920,23520,0.668749988079071,128,122000,0.5425689220428467,1920,17,5,500000,1000,,122001.0,0.6822916865348816,0.5899959206581116,0.6708333492279053,0.5878754258155823,490,1668795609,1,5
123001,1920,1845015,236161920,23520,0.6708333492279053,128,123000,0.5465171337127686,1920,17,5,500000,1000,,123001.0,0.6822916865348816,0.5899931788444519,0.675000011920929,0.5875921845436096,494,1668795609,1,5
124001,1920,1860015,238081920,23520,0.675000011920929,128,124000,0.5504441261291504,1920,17,5,500000,1000,,124001.0,0.6812499761581421,0.5899878740310669,0.675000011920929,0.5876300930976868,498,1668795609,1,5
125001,1920,1875015,240001920,23520,0.675000011920929,128,125000,0.5543580055236816,1920,17,5,500000,1000,,125001.0,0.6817708611488342,0.5899874567985535,0.675000011920929,0.5876551270484924,502,1668795609,1,5
126001,1920,1890015,241921920,23520,0.675000011920929,128,126000,0.5581889152526855,1920,17,5,500000,1000,,126001.0,0.682812511920929,0.5899854302406311,0.6729166507720947,0.5876284241676331,506,1668795609,1,5
127001,1920,1905015,243841920,23520,0.6729166507720947,128,127000,0.5620369911193848,1920,17,5,500000,1000,,127001.0,0.682812511920929,0.5899779796600342,0.6770833134651184,0.5876880288124084,510,1668795609,1,5
128001,1920,1920015,245761920,23520,0.6770833134651184,128,128000,0.5662720203399658,1920,17,5,500000,1000,,128001.0,0.6822916865348816,0.5899750590324402,0.675000011920929,0.587576687335968,514,1668795609,1,5
129001,1920,1935015,247681920,23520,0.675000011920929,128,129000,0.5701828002929688,1920,17,5,500000,1000,,129001.0,0.6833333373069763,0.589968740940094,0.6729166507720947,0.5876966118812561,518,1668795609,1,5
130001,1920,1950015,249601920,23520,0.6729166507720947,128,130000,0.5740668773651123,1920,17,5,500000,1000,,130001.0,0.6838541626930237,0.5899715423583984,0.675000011920929,0.5875396132469177,522,1668795609,1,5
131001,1920,1965015,251521920,23520,0.675000011920929,128,131000,0.5780549049377441,1920,17,5,500000,1000,,131001.0,0.6822916865348816,0.5899659395217896,0.675000011920929,0.5875320434570312,526,1668795609,1,5
132001,1920,1980015,253441920,23520,0.675000011920929,128,132000,0.582103967666626,1920,17,5,500000,1000,,132001.0,0.6822916865348816,0.5899597406387329,0.675000011920929,0.5875265002250671,530,1668795609,1,5
133001,1920,1995015,255361920,23520,0.675000011920929,128,133000,0.5859718322753906,1920,17,5,500000,1000,,133001.0,0.6812499761581421,0.5899571776390076,0.6708333492279053,0.5874431133270264,534,1668795609,1,5
134001,1920,2010015,257281920,23520,0.6708333492279053,128,134000,0.5898377895355225,1920,17,5,500000,1000,,134001.0,0.6807291507720947,0.5899534821510315,0.668749988079071,0.5876230597496033,538,1668795609,1,5
135001,1920,2025015,259201920,23520,0.668749988079071,128,135000,0.5937409400939941,1920,17,5,500000,1000,,135001.0,0.6812499761581421,0.5899500250816345,0.6729166507720947,0.5877060294151306,542,1668795609,1,5
136001,1920,2040015,261121920,23520,0.6729166507720947,128,136000,0.5975828170776367,1920,17,5,500000,1000,,136001.0,0.6817708611488342,0.5899489521980286,0.675000011920929,0.5876142978668213,546,1668795609,1,5
137001,1920,2055015,263041920,23520,0.675000011920929,128,137000,0.6018099784851074,1920,17,5,500000,1000,,137001.0,0.6817708611488342,0.5899436473846436,0.6729166507720947,0.5876083374023438,549,1668795609,1,5
138001,1920,2070015,264961920,23520,0.6729166507720947,128,138000,0.605633020401001,1920,17,5,500000,1000,,138001.0,0.6807291507720947,0.5899420380592346,0.6708333492279053,0.5875865817070007,553,1668795609,1,5
139001,1920,2085015,266881920,23520,0.6708333492279053,128,139000,0.6095860004425049,1920,17,5,500000,1000,,139001.0,0.6812499761581421,0.5899397730827332,0.668749988079071,0.5877248048782349,557,1668795609,1,5
140001,1920,2100015,268801920,23520,0.668749988079071,128,140000,0.6137981414794922,1920,17,5,500000,1000,,140001.0,0.6812499761581421,0.589935302734375,0.6729166507720947,0.5878115296363831,562,1668795609,1,5
141001,1920,2115015,270721920,23520,0.6729166507720947,128,141000,0.6178319454193115,1920,17,5,500000,1000,,141001.0,0.6817708611488342,0.5899305939674377,0.6729166507720947,0.5877386927604675,566,1668795609,1,5
142001,1920,2130015,272641920,23520,0.6729166507720947,128,142000,0.6216521263122559,1920,17,5,500000,1000,,142001.0,0.6822916865348816,0.5899290442466736,0.6729166507720947,0.5875037312507629,570,1668795609,1,5
143001,1920,2145015,274561920,23520,0.6729166507720947,128,143000,0.6254861354827881,1920,17,5,500000,1000,,143001.0,0.6807291507720947,0.5899255275726318,0.6729166507720947,0.5877220630645752,574,1668795609,1,5
144001,1920,2160015,276481920,23520,0.6729166507720947,128,144000,0.6293830871582031,1920,17,5,500000,1000,,144001.0,0.6802083253860474,0.5899257659912109,0.675000011920929,0.5875066518783569,577,1668795609,1,5
145001,1920,2175015,278401920,23520,0.675000011920929,128,145000,0.6333441734313965,1920,17,5,500000,1000,,145001.0,0.6807291507720947,0.5899204015731812,0.675000011920929,0.5874614715576172,581,1668795609,1,5
146001,1920,2190015,280321920,23520,0.675000011920929,128,146000,0.6371579170227051,1920,17,5,500000,1000,,146001.0,0.6807291507720947,0.5899133086204529,0.675000011920929,0.5875235199928284,585,1668795609,1,5
147001,1920,2205015,282241920,23520,0.675000011920929,128,147000,0.6410119533538818,1920,17,5,500000,1000,,147001.0,0.6802083253860474,0.5899099707603455,0.6708333492279053,0.5877003073692322,589,1668795609,1,5
148001,1920,2220015,284161920,23520,0.6708333492279053,128,148000,0.6448671817779541,1920,17,5,500000,1000,,148001.0,0.6796875,0.5899104475975037,0.675000011920929,0.5875123739242554,593,1668795609,1,5
149001,1920,2235015,286081920,23520,0.675000011920929,128,149000,0.6486701965332031,1920,17,5,500000,1000,,149001.0,0.6812499761581421,0.5899086594581604,0.675000011920929,0.5874956846237183,597,1668795609,1,5
150001,1920,2250015,288001920,23520,0.675000011920929,128,150000,0.6524875164031982,1920,17,5,500000,1000,,150001.0,0.6796875,0.5899083614349365,0.675000011920929,0.5876561999320984,601,1668795609,1,5
151001,1920,2265015,289921920,23520,0.675000011920929,128,151000,0.6565446853637695,1920,17,5,500000,1000,,151001.0,0.6796875,0.5899008512496948,0.6708333492279053,0.5876153707504272,605,1668795609,1,5
152001,1920,2280015,291841920,23520,0.6708333492279053,128,152000,0.660395622253418,1920,17,5,500000,1000,,152001.0,0.6796875,0.5898968577384949,0.675000011920929,0.5875837206840515,609,1668795609,1,5
153001,1920,2295015,293761920,23520,0.675000011920929,128,153000,0.6642074584960938,1920,17,5,500000,1000,,153001.0,0.6796875,0.5898944139480591,0.6770833134651184,0.5875728726387024,613,1668795609,1,5
154001,1920,2310015,295681920,23520,0.6770833134651184,128,154000,0.6680824756622314,1920,17,5,500000,1000,,154001.0,0.6796875,0.5898900628089905,0.675000011920929,0.5876074433326721,617,1668795609,1,5
155001,1920,2325015,297601920,23520,0.675000011920929,128,155000,0.6723494529724121,1920,17,5,500000,1000,,155001.0,0.6812499761581421,0.589891254901886,0.6729166507720947,0.5876350998878479,621,1668795609,1,5
156001,1920,2340015,299521920,23520,0.6729166507720947,128,156000,0.6764655113220215,1920,17,5,500000,1000,,156001.0,0.6802083253860474,0.5898886919021606,0.675000011920929,0.5875598192214966,625,1668795609,1,5
157001,1920,2355015,301441920,23520,0.675000011920929,128,157000,0.6803104877471924,1920,17,5,500000,1000,,157001.0,0.6796875,0.5898862481117249,0.6729166507720947,0.5877454280853271,629,1668795609,1,5
158001,1920,2370015,303361920,23520,0.6729166507720947,128,158000,0.6842765808105469,1920,17,5,500000,1000,,158001.0,0.6802083253860474,0.5898817777633667,0.6729166507720947,0.5876449942588806,633,1668795609,1,5
159001,1920,2385015,305281920,23520,0.6729166507720947,128,159000,0.6880924701690674,1920,17,5,500000,1000,,159001.0,0.6802083253860474,0.589878499507904,0.6708333492279053,0.5875694751739502,637,1668795609,1,5
160001,1920,2400015,307201920,23520,0.6708333492279053,128,160000,0.6919393539428711,1920,17,5,500000,1000,,160001.0,0.6817708611488342,0.5898762941360474,0.675000011920929,0.5873976945877075,641,1668795609,1,5
161001,1920,2415015,309121920,23520,0.675000011920929,128,161000,0.6957805156707764,1920,17,5,500000,1000,,161001.0,0.6817708611488342,0.5898802876472473,0.6770833134651184,0.587250292301178,645,1668795609,1,5
162001,1920,2430015,311041920,23520,0.6770833134651184,128,162000,0.6997065544128418,1920,17,5,500000,1000,,162001.0,0.682812511920929,0.5898723602294922,0.675000011920929,0.5874906182289124,649,1668795609,1,5
163001,1920,2445015,312961920,23520,0.675000011920929,128,163000,0.703711748123169,1920,17,5,500000,1000,,163001.0,0.6812499761581421,0.5898709893226624,0.675000011920929,0.5876646041870117,653,1668795609,1,5
164001,1920,2460015,314881920,23520,0.675000011920929,128,164000,0.7075386047363281,1920,17,5,500000,1000,,164001.0,0.6796875,0.5898692607879639,0.6729166507720947,0.5877195596694946,656,1668795609,1,5
165001,1920,2475015,316801920,23520,0.6729166507720947,128,165000,0.7114927768707275,1920,17,5,500000,1000,,165001.0,0.6822916865348816,0.5898662209510803,0.668749988079071,0.5877218246459961,660,1668795609,1,5
166001,1920,2490015,318721920,23520,0.668749988079071,128,166000,0.7153759002685547,1920,17,5,500000,1000,,166001.0,0.682812511920929,0.5898621678352356,0.6729166507720947,0.5875393152236938,664,1668795609,1,5
167001,1920,2505015,320641920,23520,0.6729166507720947,128,167000,0.7192578315734863,1920,17,5,500000,1000,,167001.0,0.6822916865348816,0.5898608565330505,0.6729166507720947,0.5877649784088135,668,1668795609,1,5
168001,1920,2520015,322561920,23520,0.6729166507720947,128,168000,0.7230947017669678,1920,17,5,500000,1000,,168001.0,0.6812499761581421,0.589856743812561,0.668749988079071,0.587800920009613,672,1668795609,1,5
169001,1920,2535015,324481920,23520,0.668749988079071,128,169000,0.7269799709320068,1920,17,5,500000,1000,,169001.0,0.6848958134651184,0.5898573398590088,0.668749988079071,0.5875850319862366,676,1668795609,1,5
170001,1920,2550015,326401920,23520,0.668749988079071,128,170000,0.7312438488006592,1920,17,5,500000,1000,,170001.0,0.6807291507720947,0.5898531079292297,0.6708333492279053,0.5875714421272278,680,1668795609,1,5
171001,1920,2565015,328321920,23520,0.6708333492279053,128,171000,0.7351179122924805,1920,17,5,500000,1000,,171001.0,0.6822916865348816,0.5898501873016357,0.675000011920929,0.5873613357543945,685,1668795609,1,5
172001,1920,2580015,330241920,23520,0.675000011920929,128,172000,0.7389938831329346,1920,17,5,500000,1000,,172001.0,0.6812499761581421,0.589849591255188,0.675000011920929,0.5874480605125427,689,1668795609,1,5
173001,1920,2595015,332161920,23520,0.675000011920929,128,173000,0.7434279918670654,1920,17,5,500000,1000,,173001.0,0.6817708611488342,0.5898471474647522,0.6708333492279053,0.5875499844551086,693,1668795609,1,5
174001,1920,2610015,334081920,23520,0.6708333492279053,128,174000,0.7474310398101807,1920,17,5,500000,1000,,174001.0,0.6812499761581421,0.5898476243019104,0.6708333492279053,0.5874969363212585,697,1668795609,1,5
175001,1920,2625015,336001920,23520,0.6708333492279053,128,175000,0.7512478828430176,1920,17,5,500000,1000,,175001.0,0.6822916865348816,0.5898452401161194,0.668749988079071,0.5875265598297119,701,1668795609,1,5
176001,1920,2640015,337921920,23520,0.668749988079071,128,176000,0.7550852298736572,1920,17,5,500000,1000,,176001.0,0.6812499761581421,0.589843213558197,0.668749988079071,0.5876539945602417,705,1668795609,1,5
177001,1920,2655015,339841920,23520,0.668749988079071,128,177000,0.759087324142456,1920,17,5,500000,1000,,177001.0,0.6817708611488342,0.5898391008377075,0.675000011920929,0.5875431299209595,709,1668795609,1,5
178001,1920,2670015,341761920,23520,0.675000011920929,128,178000,0.7631785869598389,1920,17,5,500000,1000,,178001.0,0.684374988079071,0.5898362398147583,0.675000011920929,0.5874781012535095,714,1668795609,1,5
179001,1920,2685015,343681920,23520,0.675000011920929,128,179000,0.7676346302032471,1920,17,5,500000,1000,,179001.0,0.6817708611488342,0.5898336172103882,0.6708333492279053,0.5876209139823914,718,1668795609,1,5
180001,1920,2700015,345601920,23520,0.6708333492279053,128,180000,0.771831750869751,1920,17,5,500000,1000,,180001.0,0.6812499761581421,0.5898318886756897,0.6770833134651184,0.5875968337059021,722,1668795609,1,5
181001,1920,2715015,347521920,23520,0.6770833134651184,128,181000,0.775775671005249,1920,17,5,500000,1000,,181001.0,0.6807291507720947,0.5898311138153076,0.6708333492279053,0.5876333713531494,726,1668795609,1,5
182001,1920,2730015,349441920,23520,0.6708333492279053,128,182000,0.7903704643249512,1920,17,5,500000,1000,,182001.0,0.6822916865348816,0.5898309350013733,0.675000011920929,0.5875129699707031,730,1668795609,1,5
183001,1920,2745015,351361920,23520,0.675000011920929,128,183000,0.7942614555358887,1920,17,5,500000,1000,,183001.0,0.6802083253860474,0.589828610420227,0.6708333492279053,0.5874350070953369,734,1668795609,1,5
184001,1920,2760015,353281920,23520,0.6708333492279053,128,184000,0.7985572814941406,1920,17,5,500000,1000,,184001.0,0.6802083253860474,0.5898297429084778,0.6708333492279053,0.5874744653701782,738,1668795609,1,5
185001,1920,2775015,355201920,23520,0.6708333492279053,128,185000,0.8025074005126953,1920,17,5,500000,1000,,185001.0,0.6807291507720947,0.5898237824440002,0.6708333492279053,0.5874454379081726,742,1668795609,1,5
186001,1920,2790015,357121920,23520,0.6708333492279053,128,186000,0.8063905239105225,1920,17,5,500000,1000,,186001.0,0.6812499761581421,0.5898180603981018,0.6729166507720947,0.5874167084693909,746,1668795609,1,5
187001,1920,2805015,359041920,23520,0.6729166507720947,128,187000,0.8102645874023438,1920,17,5,500000,1000,,187001.0,0.6812499761581421,0.5898192524909973,0.6708333492279053,0.587325930595398,750,1668795609,1,5
188001,1920,2820015,360961920,23520,0.6708333492279053,128,188000,0.8141205310821533,1920,17,5,500000,1000,,188001.0,0.6817708611488342,0.5898182392120361,0.675000011920929,0.5873392820358276,754,1668795609,1,5
189001,1920,2835015,362881920,23520,0.675000011920929,128,189000,0.8179395198822021,1920,17,5,500000,1000,,189001.0,0.6817708611488342,0.5898177027702332,0.6770833134651184,0.5874084830284119,758,1668795609,1,5
190001,1920,2850015,364801920,23520,0.6770833134651184,128,190000,0.8218123912811279,1920,17,5,500000,1000,,190001.0,0.6822916865348816,0.5898141264915466,0.675000011920929,0.58734130859375,762,1668795609,1,5
191001,1920,2865015,366721920,23520,0.675000011920929,128,191000,0.8256604671478271,1920,17,5,500000,1000,,191001.0,0.6807291507720947,0.5898081660270691,0.6708333492279053,0.58734130859375,766,1668795609,1,5
192001,1920,2880015,368641920,23520,0.6708333492279053,128,192000,0.8294785022735596,1920,17,5,500000,1000,,192001.0,0.6812499761581421,0.589809775352478,0.6708333492279053,0.5872608423233032,770,1668795609,1,5
193001,1920,2895015,370561920,23520,0.6708333492279053,128,193000,0.8338015079498291,1920,17,5,500000,1000,,193001.0,0.6812499761581421,0.5898064970970154,0.6708333492279053,0.5873342156410217,774,1668795609,1,5
194001,1920,2910015,372481920,23520,0.6708333492279053,128,194000,0.8379452228546143,1920,17,5,500000,1000,,194001.0,0.6822916865348816,0.5898067355155945,0.6729166507720947,0.587226152420044,778,1668795609,1,5
195001,1920,2925015,374401920,23520,0.6729166507720947,128,195000,0.841806173324585,1920,17,5,500000,1000,,195001.0,0.6807291507720947,0.5898053646087646,0.668749988079071,0.587475061416626,782,1668795609,1,5
196001,1920,2940015,376321920,23520,0.668749988079071,128,196000,0.8457601070404053,1920,17,5,500000,1000,,196001.0,0.6807291507720947,0.5898033380508423,0.6708333492279053,0.5876535773277283,786,1668795609,1,5
197001,1920,2955015,378241920,23520,0.6708333492279053,128,197000,0.8498721122741699,1920,17,5,500000,1000,,197001.0,0.6817708611488342,0.5897979736328125,0.6708333492279053,0.5876773595809937,790,1668795609,1,5
198001,1920,2970015,380161920,23520,0.6708333492279053,128,198000,0.8537659645080566,1920,17,5,500000,1000,,198001.0,0.6817708611488342,0.5897995829582214,0.668749988079071,0.5875681638717651,794,1668795609,1,5
199001,1920,2985015,382081920,23520,0.668749988079071,128,199000,0.8581132888793945,1920,17,5,500000,1000,,199001.0,0.682812511920929,0.5897995233535767,0.6729166507720947,0.587446391582489,798,1668795609,1,5
200001,1920,3000015,384001920,23520,0.6729166507720947,128,200000,0.8622663021087646,1920,17,5,500000,1000,,200001.0,0.682812511920929,0.5897942781448364,0.6729166507720947,0.58744215965271,802,1668795609,1,5
201001,1920,3015015,385921920,23520,0.6729166507720947,128,201000,0.8663482666015625,1920,17,5,500000,1000,,201001.0,0.6817708611488342,0.5897915959358215,0.6729166507720947,0.5874443054199219,806,1668795609,1,5
202001,1920,3030015,387841920,23520,0.6729166507720947,128,202000,0.870307445526123,1920,17,5,500000,1000,,202001.0,0.6807291507720947,0.5897918343544006,0.6666666865348816,0.587520956993103,810,1668795609,1,5
203001,1920,3045015,389761920,23520,0.6666666865348816,128,203000,0.8741464614868164,1920,17,5,500000,1000,,203001.0,0.6807291507720947,0.5897892117500305,0.668749988079071,0.5875169038772583,814,1668795609,1,5
204001,1920,3060015,391681920,23520,0.668749988079071,128,204000,0.8783352375030518,1920,17,5,500000,1000,,204001.0,0.6817708611488342,0.5897881984710693,0.668749988079071,0.5874980688095093,818,1668795609,1,5
205001,1920,3075015,393601920,23520,0.668749988079071,128,205000,0.8823480606079102,1920,17,5,500000,1000,,205001.0,0.6822916865348816,0.5897905826568604,0.6729166507720947,0.5875715613365173,822,1668795609,1,5
206001,1920,3090015,395521920,23520,0.6729166507720947,128,206000,0.8861830234527588,1920,17,5,500000,1000,,206001.0,0.682812511920929,0.5897862315177917,0.675000011920929,0.5875117778778076,826,1668795609,1,5
207001,1920,3105015,397441920,23520,0.675000011920929,128,207000,0.8902311325073242,1920,17,5,500000,1000,,207001.0,0.6822916865348816,0.589783787727356,0.675000011920929,0.5875952243804932,830,1668795609,1,5
208001,1920,3120015,399361920,23520,0.675000011920929,128,208000,0.894305944442749,1920,17,5,500000,1000,,208001.0,0.6822916865348816,0.5897805690765381,0.675000011920929,0.5874494910240173,834,1668795609,1,5
209001,1920,3135015,401281920,23520,0.675000011920929,128,209000,0.8981468677520752,1920,17,5,500000,1000,,209001.0,0.6817708611488342,0.5897789001464844,0.6708333492279053,0.5876391530036926,838,1668795609,1,5
210001,1920,3150015,403201920,23520,0.6708333492279053,128,210000,0.9018990993499756,1920,17,5,500000,1000,,210001.0,0.6817708611488342,0.5897817611694336,0.675000011920929,0.5875313878059387,842,1668795609,1,5
211001,1920,3165015,405121920,23520,0.675000011920929,128,211000,0.905703067779541,1920,17,5,500000,1000,,211001.0,0.6817708611488342,0.589783251285553,0.6729166507720947,0.5876168012619019,846,1668795609,1,5
212001,1920,3180015,407041920,23520,0.6729166507720947,128,212000,0.9097623825073242,1920,17,5,500000,1000,,212001.0,0.684374988079071,0.589777946472168,0.668749988079071,0.5875011086463928,850,1668795609,1,5
213001,1920,3195015,408961920,23520,0.668749988079071,128,213000,0.9139492511749268,1920,17,5,500000,1000,,213001.0,0.6838541626930237,0.5897781848907471,0.6729166507720947,0.5873373746871948,854,1668795609,1,5
214001,1920,3210015,410881920,23520,0.6729166507720947,128,214000,0.9181826114654541,1920,17,5,500000,1000,,214001.0,0.6833333373069763,0.5897716879844666,0.675000011920929,0.5874418020248413,861,1668795609,1,5
215001,1920,3225015,412801920,23520,0.675000011920929,128,215000,0.9220573902130127,1920,17,5,500000,1000,,215001.0,0.6817708611488342,0.5897719264030457,0.6708333492279053,0.5874073505401611,868,1668795609,1,5
216001,1920,3240015,414721920,23520,0.6708333492279053,128,216000,0.9291582107543945,1920,17,5,500000,1000,,216001.0,0.6817708611488342,0.5897696614265442,0.6770833134651184,0.5871952176094055,873,1668795609,1,5
217001,1920,3255015,416641920,23520,0.6770833134651184,128,217000,0.9435970783233643,1920,17,5,500000,1000,,217001.0,0.682812511920929,0.5897661447525024,0.6729166507720947,0.5874382853507996,881,1668795609,1,5
218001,1920,3270015,418561920,23520,0.6729166507720947,128,218000,0.9495270252227783,1920,17,5,500000,1000,,218001.0,0.6822916865348816,0.5897664427757263,0.675000011920929,0.5874329209327698,893,1668795609,1,5
219001,1920,3285015,420481920,23520,0.675000011920929,128,219000,0.953402042388916,1920,17,5,500000,1000,,219001.0,0.6833333373069763,0.5897643566131592,0.6791666746139526,0.5873985886573792,899,1668795609,1,5
220001,1920,3300015,422401920,23520,0.6791666746139526,128,220000,0.9571330547332764,1920,17,5,500000,1000,,220001.0,0.6833333373069763,0.5897631049156189,0.6770833134651184,0.5874776244163513,904,1668795609,1,5
221001,1920,3315015,424321920,23520,0.6770833134651184,128,221000,0.9610421657562256,1920,17,5,500000,1000,,221001.0,0.6817708611488342,0.5897627472877502,0.6729166507720947,0.5873992443084717,909,1668795609,1,5
222001,1920,3330015,426241920,23520,0.6729166507720947,128,222000,0.9649031162261963,1920,17,5,500000,1000,,222001.0,0.6807291507720947,0.5897581577301025,0.6729166507720947,0.5874947309494019,915,1668795609,1,5
223001,1920,3345015,428161920,23520,0.6729166507720947,128,223000,0.9689183235168457,1920,17,5,500000,1000,,223001.0,0.6812499761581421,0.5897576212882996,0.6708333492279053,0.5874277949333191,921,1668795609,1,5
224001,1920,3360015,430081920,23520,0.6708333492279053,128,224000,0.972665548324585,1920,17,5,500000,1000,,224001.0,0.6822916865348816,0.5897569060325623,0.6729166507720947,0.5875363945960999,925,1668795609,1,5
225001,1920,3375015,432001920,23520,0.6729166507720947,128,225000,0.9765076637268066,1920,17,5,500000,1000,,225001.0,0.6812499761581421,0.589758574962616,0.675000011920929,0.5872732996940613,928,1668795609,1,5
226001,1920,3390015,433921920,23520,0.675000011920929,128,226000,0.9804985523223877,1920,17,5,500000,1000,,226001.0,0.6817708611488342,0.5897545218467712,0.6770833134651184,0.5873556137084961,932,1668795609,1,5
227001,1920,3405015,435841920,23520,0.6770833134651184,128,227000,0.9843366146087646,1920,17,5,500000,1000,,227001.0,0.6817708611488342,0.589755117893219,0.6770833134651184,0.5873540639877319,936,1668795609,1,5
228001,1920,3420015,437761920,23520,0.6770833134651184,128,228000,0.9881715774536133,1920,17,5,500000,1000,,228001.0,0.6802083253860474,0.5897510051727295,0.6770833134651184,0.5875006318092346,940,1668795609,1,5
229001,1920,3435015,439681920,23520,0.6770833134651184,128,229000,0.9919805526733398,1920,17,5,500000,1000,,229001.0,0.6812499761581421,0.5897509455680847,0.6729166507720947,0.5874691605567932,944,1668795609,1,5
230001,1920,3450015,441601920,23520,0.6729166507720947,128,230000,0.9958674907684326,1920,17,5,500000,1000,,230001.0,0.682812511920929,0.5897467136383057,0.675000011920929,0.5875093936920166,948,1668795609,1,5
231001,1920,3465015,443521920,23520,0.675000011920929,128,231000,0.9996545314788818,1920,17,5,500000,1000,,231001.0,0.6833333373069763,0.5897460579872131,0.6729166507720947,0.5874643325805664,952,1668795609,1,5
232001,1920,3480015,445441920,23520,0.6729166507720947,128,232000,1.0034546852111816,1920,17,5,500000,1000,,232001.0,0.6848958134651184,0.5897470712661743,0.668749988079071,0.5877798795700073,956,1668795609,1,5
233001,1920,3495015,447361920,23520,0.668749988079071,128,233000,1.0072448253631592,1920,17,5,500000,1000,,233001.0,0.684374988079071,0.5897453427314758,0.6708333492279053,0.5875927209854126,960,1668795609,1,5
234001,1920,3510015,449281920,23520,0.6708333492279053,128,234000,1.0110218524932861,1920,17,5,500000,1000,,234001.0,0.682812511920929,0.5897411108016968,0.6708333492279053,0.5875940918922424,964,1668795609,1,5
235001,1920,3525015,451201920,23520,0.6708333492279053,128,235000,1.0148487091064453,1920,17,5,500000,1000,,235001.0,0.6833333373069763,0.5897445678710938,0.6729166507720947,0.5874914526939392,968,1668795609,1,5
236001,1920,3540015,453121920,23520,0.6729166507720947,128,236000,1.0186645984649658,1920,17,5,500000,1000,,236001.0,0.6833333373069763,0.5897400379180908,0.6729166507720947,0.5874225497245789,972,1668795609,1,5
237001,1920,3555015,455041920,23520,0.6729166507720947,128,237000,1.0227575302124023,1920,17,5,500000,1000,,237001.0,0.6822916865348816,0.5897389054298401,0.675000011920929,0.5873473882675171,976,1668795609,1,5
238001,1920,3570015,456961920,23520,0.675000011920929,128,238000,1.0266857147216797,1920,17,5,500000,1000,,238001.0,0.682812511920929,0.5897371768951416,0.6729166507720947,0.5872894525527954,980,1668795609,1,5
239001,1920,3585015,458881920,23520,0.6729166507720947,128,239000,1.0304346084594727,1920,17,5,500000,1000,,239001.0,0.6822916865348816,0.5897363424301147,0.6708333492279053,0.5872875452041626,983,1668795609,1,5
240001,1920,3600015,460801920,23520,0.6708333492279053,128,240000,1.0342803001403809,1920,17,5,500000,1000,,240001.0,0.6822916865348816,0.5897340178489685,0.668749988079071,0.5872861742973328,987,1668795609,1,5
241001,1920,3615015,462721920,23520,0.668749988079071,128,241000,1.0381062030792236,1920,17,5,500000,1000,,241001.0,0.682812511920929,0.589734673500061,0.668749988079071,0.5874221324920654,991,1668795609,1,5
242001,1920,3630015,464641920,23520,0.668749988079071,128,242000,1.0418741703033447,1920,17,5,500000,1000,,242001.0,0.6838541626930237,0.5897324681282043,0.6729166507720947,0.5874267220497131,995,1668795609,1,5
243001,1920,3645015,466561920,23520,0.6729166507720947,128,243000,1.0457091331481934,1920,17,5,500000,1000,,243001.0,0.6838541626930237,0.5897296071052551,0.675000011920929,0.5874034762382507,999,1668795609,1,5
244001,1920,3660015,468481920,23520,0.675000011920929,128,244000,1.0496232509613037,1920,17,5,500000,1000,,244001.0,0.6838541626930237,0.5897281169891357,0.675000011920929,0.5874010920524597,1003,1668795609,1,5
245001,1920,3675015,470401920,23520,0.675000011920929,128,245000,1.0534710884094238,1920,17,5,500000,1000,,245001.0,0.6807291507720947,0.5897290706634521,0.6729166507720947,0.5874305963516235,1007,1668795609,1,5
246001,1920,3690015,472321920,23520,0.6729166507720947,128,246000,1.057246208190918,1920,17,5,500000,1000,,246001.0,0.6807291507720947,0.5897238254547119,0.6708333492279053,0.58741295337677,1010,1668795609,1,5
247001,1920,3705015,474241920,23520,0.6708333492279053,128,247000,1.0610063076019287,1920,17,5,500000,1000,,247001.0,0.6817708611488342,0.5897228717803955,0.675000011920929,0.5872251391410828,1014,1668795609,1,5
248001,1920,3720015,476161920,23520,0.675000011920929,128,248000,1.0647733211517334,1920,17,5,500000,1000,,248001.0,0.6802083253860474,0.589726448059082,0.675000011920929,0.5871304273605347,1018,1668795609,1,5
249001,1920,3735015,478081920,23520,0.675000011920929,128,249000,1.068650484085083,1920,17,5,500000,1000,,249001.0,0.6786458492279053,0.5897271037101746,0.6770833134651184,0.5871337652206421,1022,1668795609,1,5
250001,1920,3750015,480001920,23520,0.6770833134651184,128,250000,1.0724291801452637,1920,17,5,500000,1000,,250001.0,0.6802083253860474,0.5897242426872253,0.6708333492279053,0.5872668027877808,1026,1668795609,1,5
251001,1920,3765015,481921920,23520,0.6708333492279053,128,251000,1.0762429237365723,1920,17,5,500000,1000,,251001.0,0.6817708611488342,0.5897228121757507,0.675000011920929,0.5873426795005798,1030,1668795609,1,5
252001,1920,3780015,483841920,23520,0.675000011920929,128,252000,1.080047845840454,1920,17,5,500000,1000,,252001.0,0.6822916865348816,0.589718759059906,0.675000011920929,0.5874842405319214,1034,1668795609,1,5
253001,1920,3795015,485761920,23520,0.675000011920929,128,253000,1.0838289260864258,1920,17,5,500000,1000,,253001.0,0.6822916865348816,0.5897209644317627,0.6729166507720947,0.5874341130256653,1037,1668795609,1,5
254001,1920,3810015,487681920,23520,0.6729166507720947,128,254000,1.0875999927520752,1920,17,5,500000,1000,,254001.0,0.682812511920929,0.5897157788276672,0.6729166507720947,0.5873764753341675,1041,1668795609,1,5
255001,1920,3825015,489601920,23520,0.6729166507720947,128,255000,1.0913569927215576,1920,17,5,500000,1000,,255001.0,0.6822916865348816,0.5897141695022583,0.6729166507720947,0.587411642074585,1045,1668795609,1,5
256001,1920,3840015,491521920,23520,0.6729166507720947,128,256000,1.0951380729675293,1920,17,5,500000,1000,,256001.0,0.6822916865348816,0.5897120237350464,0.6729166507720947,0.5873581171035767,1049,1668795609,1,5
257001,1920,3855015,493441920,23520,0.6729166507720947,128,257000,1.0989460945129395,1920,17,5,500000,1000,,257001.0,0.6822916865348816,0.5897139310836792,0.675000011920929,0.5875043869018555,1053,1668795609,1,5
258001,1920,3870015,495361920,23520,0.675000011920929,128,258000,1.102785348892212,1920,17,5,500000,1000,,258001.0,0.6812499761581421,0.589710533618927,0.6729166507720947,0.5874941945075989,1057,1668795609,1,5
259001,1920,3885015,497281920,23520,0.6729166507720947,128,259000,1.1071650981903076,1920,17,5,500000,1000,,259001.0,0.6817708611488342,0.58971107006073,0.6729166507720947,0.5875159502029419,1061,1668795609,1,5
260001,1920,3900015,499201920,23520,0.6729166507720947,128,260000,1.1109111309051514,1920,17,5,500000,1000,,260001.0,0.6807291507720947,0.5897114872932434,0.6708333492279053,0.587537944316864,1064,1668795609,1,5
261001,1920,3915015,501121920,23520,0.6708333492279053,128,261000,1.1148183345794678,1920,17,5,500000,1000,,261001.0,0.6812499761581421,0.5897092223167419,0.6729166507720947,0.587476909160614,1068,1668795609,1,5
262001,1920,3930015,503041920,23520,0.6729166507720947,128,262000,1.118640422821045,1920,17,5,500000,1000,,262001.0,0.682812511920929,0.5897073745727539,0.675000011920929,0.587409257888794,1072,1668795609,1,5
263001,1920,3945015,504961920,23520,0.675000011920929,128,263000,1.1224002838134766,1920,17,5,500000,1000,,263001.0,0.6833333373069763,0.5897057056427002,0.6708333492279053,0.5874722003936768,1076,1668795609,1,5
264001,1920,3960015,506881920,23520,0.6708333492279053,128,264000,1.1261703968048096,1920,17,5,500000,1000,,264001.0,0.6838541626930237,0.5897038578987122,0.6729166507720947,0.5875779390335083,1080,1668795609,1,5
265001,1920,3975015,508801920,23520,0.6729166507720947,128,265000,1.1299653053283691,1920,17,5,500000,1000,,265001.0,0.6833333373069763,0.5897034406661987,0.6729166507720947,0.5874029994010925,1083,1668795609,1,5
266001,1920,3990015,510721920,23520,0.6729166507720947,128,266000,1.1338293552398682,1920,17,5,500000,1000,,266001.0,0.6833333373069763,0.589702308177948,0.675000011920929,0.5873599648475647,1087,1668795609,1,5
267001,1920,4005015,512641920,23520,0.675000011920929,128,267000,1.1376032829284668,1920,17,5,500000,1000,,267001.0,0.6833333373069763,0.5897020697593689,0.675000011920929,0.5873910188674927,1091,1668795609,1,5
268001,1920,4020015,514561920,23520,0.675000011920929,128,268000,1.1414201259613037,1920,17,5,500000,1000,,268001.0,0.6822916865348816,0.5897014141082764,0.6708333492279053,0.587295413017273,1095,1668795609,1,5
269001,1920,4035015,516481920,23520,0.6708333492279053,128,269000,1.1453039646148682,1920,17,5,500000,1000,,269001.0,0.6854166388511658,0.5896993279457092,0.6708333492279053,0.5874426960945129,1099,1668795609,1,5
270001,1920,4050015,518401920,23520,0.6708333492279053,128,270000,1.1490931510925293,1920,17,5,500000,1000,,270001.0,0.6802083253860474,0.5896978974342346,0.6729166507720947,0.5873783230781555,1103,1668795609,1,5
271001,1920,4065015,520321920,23520,0.6729166507720947,128,271000,1.1529252529144287,1920,17,5,500000,1000,,271001.0,0.6822916865348816,0.589699923992157,0.6729166507720947,0.5873451232910156,1107,1668795609,1,5
272001,1920,4080015,522241920,23520,0.6729166507720947,128,272000,1.1568150520324707,1920,17,5,500000,1000,,272001.0,0.6822916865348816,0.589698851108551,0.6708333492279053,0.587415874004364,1111,1668795609,1,5
273001,1920,4095015,524161920,23520,0.6708333492279053,128,273000,1.1606011390686035,1920,17,5,500000,1000,,273001.0,0.6848958134651184,0.5896984934806824,0.6729166507720947,0.5875167846679688,1114,1668795609,1,5
274001,1920,4110015,526081920,23520,0.6729166507720947,128,274000,1.1643600463867188,1920,17,5,500000,1000,,274001.0,0.6838541626930237,0.589695930480957,0.6729166507720947,0.5873779654502869,1118,1668795609,1,5
275001,1920,4125015,528001920,23520,0.6729166507720947,128,275000,1.1681628227233887,1920,17,5,500000,1000,,275001.0,0.6838541626930237,0.5896939635276794,0.675000011920929,0.5874748826026917,1122,1668795609,1,5
276001,1920,4140015,529921920,23520,0.675000011920929,128,276000,1.1720221042633057,1920,17,5,500000,1000,,276001.0,0.6822916865348816,0.5896914005279541,0.6729166507720947,0.5875566005706787,1126,1668795609,1,5
277001,1920,4155015,531841920,23520,0.6729166507720947,128,277000,1.1758201122283936,1920,17,5,500000,1000,,277001.0,0.6817708611488342,0.5896931886672974,0.6729166507720947,0.5875335335731506,1130,1668795609,1,5
278001,1920,4170015,533761920,23520,0.6729166507720947,128,278000,1.179685115814209,1920,17,5,500000,1000,,278001.0,0.682812511920929,0.5896928310394287,0.6729166507720947,0.5875308513641357,1134,1668795609,1,5
279001,1920,4185015,535681920,23520,0.6729166507720947,128,279000,1.1834611892700195,1920,17,5,500000,1000,,279001.0,0.6817708611488342,0.5896924138069153,0.675000011920929,0.5874271988868713,1137,1668795609,1,5
280001,1920,4200015,537601920,23520,0.675000011920929,128,280000,1.1872491836547852,1920,17,5,500000,1000,,280001.0,0.6838541626930237,0.5896887183189392,0.6729166507720947,0.5874385237693787,1141,1668795609,1,5
281001,1920,4215015,539521920,23520,0.6729166507720947,128,281000,1.191014289855957,1920,17,5,500000,1000,,281001.0,0.6817708611488342,0.58968585729599,0.6708333492279053,0.5873556137084961,1145,1668795609,1,5
282001,1920,4230015,541441920,23520,0.6708333492279053,128,282000,1.19478440284729,1920,17,5,500000,1000,,282001.0,0.682812511920929,0.5896863341331482,0.6708333492279053,0.5875518918037415,1149,1668795609,1,5
283001,1920,4245015,543361920,23520,0.6708333492279053,128,283000,1.198582410812378,1920,17,5,500000,1000,,283001.0,0.6812499761581421,0.5896856188774109,0.6729166507720947,0.5873635411262512,1153,1668795609,1,5
284001,1920,4260015,545281920,23520,0.6729166507720947,128,284000,1.202420711517334,1920,17,5,500000,1000,,284001.0,0.6833333373069763,0.589684784412384,0.675000011920929,0.5872771143913269,1157,1668795609,1,5
285001,1920,4275015,547201920,23520,0.675000011920929,128,285000,1.2063326835632324,1920,17,5,500000,1000,,285001.0,0.682812511920929,0.5896835923194885,0.6708333492279053,0.5872814655303955,1161,1668795609,1,5
286001,1920,4290015,549121920,23520,0.6708333492279053,128,286000,1.2101397514343262,1920,17,5,500000,1000,,286001.0,0.6833333373069763,0.5896847248077393,0.6729166507720947,0.5874327421188354,1164,1668795609,1,5
287001,1920,4305015,551041920,23520,0.6729166507720947,128,287000,1.2139110565185547,1920,17,5,500000,1000,,287001.0,0.6817708611488342,0.5896803736686707,0.6729166507720947,0.587371289730072,1168,1668795609,1,5
288001,1920,4320015,552961920,23520,0.6729166507720947,128,288000,1.2177119255065918,1920,17,5,500000,1000,,288001.0,0.6807291507720947,0.589679479598999,0.6708333492279053,0.5872955918312073,1172,1668795609,1,5
289001,1920,4335015,554881920,23520,0.6708333492279053,128,289000,1.2219138145446777,1920,17,5,500000,1000,,289001.0,0.6796875,0.5896786451339722,0.6708333492279053,0.5875213146209717,1176,1668795609,1,5
290001,1920,4350015,556801920,23520,0.6708333492279053,128,290000,1.2256898880004883,1920,17,5,500000,1000,,290001.0,0.6838541626930237,0.5896822810173035,0.6729166507720947,0.5872859954833984,1180,1668795609,1,5
291001,1920,4365015,558721920,23520,0.6729166507720947,128,291000,1.2295420169830322,1920,17,5,500000,1000,,291001.0,0.6822916865348816,0.5896778106689453,0.6708333492279053,0.5874246954917908,1184,1668795609,1,5
292001,1920,4380015,560641920,23520,0.6708333492279053,128,292000,1.2333259582519531,1920,17,5,500000,1000,,292001.0,0.682812511920929,0.5896776914596558,0.6729166507720947,0.5873881578445435,1187,1668795609,1,5
293001,1920,4395015,562561920,23520,0.6729166507720947,128,293000,1.2371346950531006,1920,17,5,500000,1000,,293001.0,0.682812511920929,0.5896774530410767,0.6708333492279053,0.5873023271560669,1191,1668795609,1,5
294001,1920,4410015,564481920,23520,0.6708333492279053,128,294000,1.2409718036651611,1920,17,5,500000,1000,,294001.0,0.6817708611488342,0.5896756649017334,0.6708333492279053,0.5874666571617126,1195,1668795609,1,5
295001,1920,4425015,566401920,23520,0.6708333492279053,128,295000,1.2448298931121826,1920,17,5,500000,1000,,295001.0,0.6817708611488342,0.5896732807159424,0.6729166507720947,0.5874543786048889,1199,1668795609,1,5
296001,1920,4440015,568321920,23520,0.6729166507720947,128,296000,1.2485888004302979,1920,17,5,500000,1000,,296001.0,0.6817708611488342,0.589673638343811,0.675000011920929,0.5873213410377502,1203,1668795609,1,5
297001,1920,4455015,570241920,23520,0.675000011920929,128,297000,1.25236177444458,1920,17,5,500000,1000,,297001.0,0.6796875,0.5896713733673096,0.668749988079071,0.5875588059425354,1207,1668795609,1,5
298001,1920,4470015,572161920,23520,0.668749988079071,128,298000,1.2561650276184082,1920,17,5,500000,1000,,298001.0,0.6796875,0.5896724462509155,0.6729166507720947,0.5874801874160767,1211,1668795609,1,5
299001,1920,4485015,574081920,23520,0.6729166507720947,128,299000,1.2599601745605469,1920,17,5,500000,1000,,299001.0,0.6822916865348816,0.5896701812744141,0.6708333492279053,0.5874646902084351,1214,1668795609,1,5
300001,1920,4500015,576001920,23520,0.6708333492279053,128,300000,1.2638413906097412,1920,17,5,500000,1000,,300001.0,0.6807291507720947,0.5896685719490051,0.6729166507720947,0.5874451398849487,1218,1668795609,1,5
301001,1920,4515015,577921920,23520,0.6729166507720947,128,301000,1.268106460571289,1920,17,5,500000,1000,,301001.0,0.6812499761581421,0.5896684527397156,0.6729166507720947,0.5875831246376038,1222,1668795609,1,5
302001,1920,4530015,579841920,23520,0.6729166507720947,128,302000,1.272099494934082,1920,17,5,500000,1000,,302001.0,0.6817708611488342,0.5896670818328857,0.675000011920929,0.5877091884613037,1226,1668795609,1,5
303001,1920,4545015,581761920,23520,0.675000011920929,128,303000,1.2762837409973145,1920,17,5,500000,1000,,303001.0,0.682812511920929,0.5896666646003723,0.675000011920929,0.5875205397605896,1230,1668795609,1,5
304001,1920,4560015,583681920,23520,0.675000011920929,128,304000,1.2803618907928467,1920,17,5,500000,1000,,304001.0,0.682812511920929,0.589663565158844,0.6729166507720947,0.5876606106758118,1234,1668795609,1,5
305001,1920,4575015,585601920,23520,0.6729166507720947,128,305000,1.28413987159729,1920,17,5,500000,1000,,305001.0,0.682812511920929,0.5896643996238708,0.6708333492279053,0.5876221060752869,1238,1668795609,1,5
306001,1920,4590015,587521920,23520,0.6708333492279053,128,306000,1.2879819869995117,1920,17,5,500000,1000,,306001.0,0.684374988079071,0.5896660685539246,0.668749988079071,0.5874515771865845,1242,1668795609,1,5
307001,1920,4605015,589441920,23520,0.668749988079071,128,307000,1.2918341159820557,1920,17,5,500000,1000,,307001.0,0.6833333373069763,0.5896655917167664,0.668749988079071,0.5874722599983215,1246,1668795609,1,5
308001,1920,4620015,591361920,23520,0.668749988079071,128,308000,1.295626163482666,1920,17,5,500000,1000,,308001.0,0.6817708611488342,0.589664876461029,0.6666666865348816,0.5875874161720276,1249,1668795609,1,5
309001,1920,4635015,593281920,23520,0.6666666865348816,128,309000,1.2993850708007812,1920,17,5,500000,1000,,309001.0,0.6822916865348816,0.5896584987640381,0.6729166507720947,0.587449312210083,1253,1668795609,1,5
310001,1920,4650015,595201920,23520,0.6729166507720947,128,310000,1.3032350540161133,1920,17,5,500000,1000,,310001.0,0.6812499761581421,0.5896587371826172,0.6708333492279053,0.587411642074585,1257,1668795609,1,5
311001,1920,4665015,597121920,23520,0.6708333492279053,128,311000,1.3070621490478516,1920,17,5,500000,1000,,311001.0,0.6817708611488342,0.5896590352058411,0.6729166507720947,0.5873050689697266,1261,1668795609,1,5
312001,1920,4680015,599041920,23520,0.6729166507720947,128,312000,1.3108420372009277,1920,17,5,500000,1000,,312001.0,0.6817708611488342,0.5896568298339844,0.6729166507720947,0.5873040556907654,1265,1668795609,1,5
313001,1920,4695015,600961920,23520,0.6729166507720947,128,313000,1.3146171569824219,1920,17,5,500000,1000,,313001.0,0.6796875,0.5896597504615784,0.6708333492279053,0.5872726440429688,1269,1668795609,1,5
314001,1920,4710015,602881920,23520,0.6708333492279053,128,314000,1.3184120655059814,1920,17,5,500000,1000,,314001.0,0.6802083253860474,0.5896568894386292,0.6729166507720947,0.5873521566390991,1273,1668795609,1,5
315001,1920,4725015,604801920,23520,0.6729166507720947,128,315000,1.323275089263916,1920,17,5,500000,1000,,315001.0,0.682812511920929,0.5896579623222351,0.668749988079071,0.5872863531112671,1276,1668795609,1,5
316001,1920,4740015,606721920,23520,0.668749988079071,128,316000,1.327134370803833,1920,17,5,500000,1000,,316001.0,0.6822916865348816,0.5896607637405396,0.6708333492279053,0.5872281193733215,1280,1668795609,1,5
317001,1920,4755015,608641920,23520,0.6708333492279053,128,317000,1.3309202194213867,1920,17,5,500000,1000,,317001.0,0.6833333373069763,0.5896567106246948,0.6708333492279053,0.587261438369751,1284,1668795609,1,5
318001,1920,4770015,610561920,23520,0.6708333492279053,128,318000,1.3347444534301758,1920,17,5,500000,1000,,318001.0,0.6822916865348816,0.5896586179733276,0.6708333492279053,0.5872552990913391,1288,1668795609,1,5
319001,1920,4785015,612481920,23520,0.6708333492279053,128,319000,1.3386194705963135,1920,17,5,500000,1000,,319001.0,0.6822916865348816,0.5896562933921814,0.6708333492279053,0.5874101519584656,1292,1668795609,1,5
320001,1920,4800015,614401920,23520,0.6708333492279053,128,320000,1.342430591583252,1920,17,5,500000,1000,,320001.0,0.6838541626930237,0.589654803276062,0.6708333492279053,0.5874527096748352,1296,1668795609,1,5
321001,1920,4815015,616321920,23520,0.6708333492279053,128,321000,1.3462445735931396,1920,17,5,500000,1000,,321001.0,0.6802083253860474,0.5896512866020203,0.6729166507720947,0.5874394178390503,1300,1668795609,1,5
322001,1920,4830015,618241920,23520,0.6729166507720947,128,322000,1.3505845069885254,1920,17,5,500000,1000,,322001.0,0.6838541626930237,0.5896536707878113,0.6708333492279053,0.5873587131500244,1303,1668795609,1,5
323001,1920,4845015,620161920,23520,0.6708333492279053,128,323000,1.354377269744873,1920,17,5,500000,1000,,323001.0,0.6802083253860474,0.5896521210670471,0.675000011920929,0.587306797504425,1307,1668795609,1,5
324001,1920,4860015,622081920,23520,0.675000011920929,128,324000,1.3585824966430664,1920,17,5,500000,1000,,324001.0,0.6817708611488342,0.589649498462677,0.668749988079071,0.5874340534210205,1311,1668795609,1,5
325001,1920,4875015,624001920,23520,0.668749988079071,128,325000,1.3623816967010498,1920,17,5,500000,1000,,325001.0,0.6817708611488342,0.5896475911140442,0.6708333492279053,0.5873517990112305,1315,1668795609,1,5
326001,1920,4890015,625921920,23520,0.6708333492279053,128,326000,1.36618971824646,1920,17,5,500000,1000,,326001.0,0.6817708611488342,0.5896443128585815,0.6708333492279053,0.587411642074585,1319,1668795609,1,5
327001,1920,4905015,627841920,23520,0.6708333492279053,128,327000,1.3701376914978027,1920,17,5,500000,1000,,327001.0,0.6838541626930237,0.5896453857421875,0.6708333492279053,0.587424635887146,1323,1668795609,1,5
328001,1920,4920015,629761920,23520,0.6708333492279053,128,328000,1.3743085861206055,1920,17,5,500000,1000,,328001.0,0.682812511920929,0.589647114276886,0.6708333492279053,0.5874117016792297,1327,1668795609,1,5
329001,1920,4935015,631681920,23520,0.6708333492279053,128,329000,1.3780903816223145,1920,17,5,500000,1000,,329001.0,0.682812511920929,0.58964604139328,0.6708333492279053,0.5873346924781799,1331,1668795609,1,5
330001,1920,4950015,633601920,23520,0.6708333492279053,128,330000,1.3820533752441406,1920,17,5,500000,1000,,330001.0,0.6838541626930237,0.5896426439285278,0.668749988079071,0.5873210430145264,1335,1668795609,1,5
331001,1920,4965015,635521920,23520,0.668749988079071,128,331000,1.3858463764190674,1920,17,5,500000,1000,,331001.0,0.6822916865348816,0.5896440744400024,0.6729166507720947,0.5873061418533325,1338,1668795609,1,5
332001,1920,4980015,637441920,23520,0.6729166507720947,128,332000,1.3896386623382568,1920,17,5,500000,1000,,332001.0,0.684374988079071,0.5896445512771606,0.668749988079071,0.5874491930007935,1342,1668795609,1,5
333001,1920,4995015,639361920,23520,0.668749988079071,128,333000,1.3934247493743896,1920,17,5,500000,1000,,333001.0,0.6822916865348816,0.5896441340446472,0.6708333492279053,0.5874786376953125,1346,1668795609,1,5
334001,1920,5010015,641281920,23520,0.6708333492279053,128,334000,1.397195816040039,1920,17,5,500000,1000,,334001.0,0.6833333373069763,0.5896458029747009,0.6729166507720947,0.5873411297798157,1350,1668795609,1,5
335001,1920,5025015,643201920,23520,0.6729166507720947,128,335000,1.4013268947601318,1920,17,5,500000,1000,,335001.0,0.682812511920929,0.5896424055099487,0.6729166507720947,0.5874109268188477,1354,1668795609,1,5
336001,1920,5040015,645121920,23520,0.6729166507720947,128,336000,1.4051449298858643,1920,17,5,500000,1000,,336001.0,0.6812499761581421,0.5896416902542114,0.668749988079071,0.5875374674797058,1358,1668795609,1,5
337001,1920,5055015,647041920,23520,0.668749988079071,128,337000,1.4089539051055908,1920,17,5,500000,1000,,337001.0,0.6802083253860474,0.5896375775337219,0.6729166507720947,0.587478756904602,1362,1668795609,1,5
338001,1920,5070015,648961920,23520,0.6729166507720947,128,338000,1.4129188060760498,1920,17,5,500000,1000,,338001.0,0.6802083253860474,0.5896378755569458,0.6708333492279053,0.5874842405319214,1366,1668795609,1,5
339001,1920,5085015,650881920,23520,0.6708333492279053,128,339000,1.4167466163635254,1920,17,5,500000,1000,,339001.0,0.6822916865348816,0.5896348357200623,0.6708333492279053,0.5873258113861084,1369,1668795609,1,5
340001,1920,5100015,652801920,23520,0.6708333492279053,128,340000,1.4205536842346191,1920,17,5,500000,1000,,340001.0,0.6817708611488342,0.5896368026733398,0.675000011920929,0.5872659683227539,1373,1668795609,1,5
341001,1920,5115015,654721920,23520,0.675000011920929,128,341000,1.4243338108062744,1920,17,5,500000,1000,,341001.0,0.6802083253860474,0.5896338224411011,0.6708333492279053,0.5874611139297485,1377,1668795609,1,5
342001,1920,5130015,656641920,23520,0.6708333492279053,128,342000,1.4281277656555176,1920,17,5,500000,1000,,342001.0,0.6807291507720947,0.5896366834640503,0.6708333492279053,0.5873701572418213,1381,1668795609,1,5
343001,1920,5145015,658561920,23520,0.6708333492279053,128,343000,1.4319088459014893,1920,17,5,500000,1000,,343001.0,0.682812511920929,0.5896350741386414,0.6729166507720947,0.5873216986656189,1385,1668795609,1,5
344001,1920,5160015,660481920,23520,0.6729166507720947,128,344000,1.4357295036315918,1920,17,5,500000,1000,,344001.0,0.6822916865348816,0.5896337032318115,0.6708333492279053,0.5873708128929138,1389,1668795609,1,5
345001,1920,5175015,662401920,23520,0.6708333492279053,128,345000,1.4395244121551514,1920,17,5,500000,1000,,345001.0,0.6833333373069763,0.5896352529525757,0.6708333492279053,0.5873978137969971,1393,1668795609,1,5
346001,1920,5190015,664321920,23520,0.6708333492279053,128,346000,1.4433445930480957,1920,17,5,500000,1000,,346001.0,0.682812511920929,0.5896311402320862,0.6729166507720947,0.5874574780464172,1396,1668795609,1,5
347001,1920,5205015,666241920,23520,0.6729166507720947,128,347000,1.4472386837005615,1920,17,5,500000,1000,,347001.0,0.6817708611488342,0.5896313786506653,0.675000011920929,0.5874126553535461,1400,1668795609,1,5
348001,1920,5220015,668161920,23520,0.675000011920929,128,348000,1.4510328769683838,1920,17,5,500000,1000,,348001.0,0.6796875,0.5896320939064026,0.6729166507720947,0.5872551798820496,1404,1668795609,1,5
349001,1920,5235015,670081920,23520,0.6729166507720947,128,349000,1.4548120498657227,1920,17,5,500000,1000,,349001.0,0.6822916865348816,0.5896304845809937,0.6729166507720947,0.58724045753479,1408,1668795609,1,5
350001,1920,5250015,672001920,23520,0.6729166507720947,128,350000,1.4586660861968994,1920,17,5,500000,1000,,350001.0,0.6802083253860474,0.5896300077438354,0.675000011920929,0.5872668027877808,1412,1668795609,1,5
351001,1920,5265015,673921920,23520,0.675000011920929,128,351000,1.4625120162963867,1920,17,5,500000,1000,,351001.0,0.6802083253860474,0.5896294116973877,0.668749988079071,0.5872743725776672,1416,1668795609,1,5
352001,1920,5280015,675841920,23520,0.668749988079071,128,352000,1.4663679599761963,1920,17,5,500000,1000,,352001.0,0.682812511920929,0.589627206325531,0.668749988079071,0.5871631503105164,1419,1668795609,1,5
353001,1920,5295015,677761920,23520,0.668749988079071,128,353000,1.4701690673828125,1920,17,5,500000,1000,,353001.0,0.6807291507720947,0.5896314382553101,0.6729166507720947,0.5872462391853333,1423,1668795609,1,5
354001,1920,5310015,679681920,23520,0.6729166507720947,128,354000,1.473973274230957,1920,17,5,500000,1000,,354001.0,0.6807291507720947,0.5896274447441101,0.6729166507720947,0.5874148011207581,1427,1668795609,1,5
355001,1920,5325015,681601920,23520,0.6729166507720947,128,355000,1.4777593612670898,1920,17,5,500000,1000,,355001.0,0.6807291507720947,0.5896252989768982,0.668749988079071,0.5873627066612244,1431,1668795609,1,5
356001,1920,5340015,683521920,23520,0.668749988079071,128,356000,1.4815614223480225,1920,17,5,500000,1000,,356001.0,0.6812499761581421,0.5896247625350952,0.6729166507720947,0.5873972177505493,1435,1668795609,1,5
357001,1920,5355015,685441920,23520,0.6729166507720947,128,357000,1.485377311706543,1920,17,5,500000,1000,,357001.0,0.682812511920929,0.5896224975585938,0.6708333492279053,0.5873449444770813,1439,1668795609,1,5
358001,1920,5370015,687361920,23520,0.6708333492279053,128,358000,1.4891650676727295,1920,17,5,500000,1000,,358001.0,0.6812499761581421,0.5896244645118713,0.675000011920929,0.5874207615852356,1443,1668795609,1,5
359001,1920,5385015,689281920,23520,0.675000011920929,128,359000,1.4931292533874512,1920,17,5,500000,1000,,359001.0,0.6817708611488342,0.5896236896514893,0.6729166507720947,0.5874342322349548,1447,1668795609,1,5
360001,1920,5400015,691201920,23520,0.6729166507720947,128,360000,1.4969234466552734,1920,17,5,500000,1000,,360001.0,0.6802083253860474,0.5896264314651489,0.668749988079071,0.5873631834983826,1450,1668795609,1,5
361001,1920,5415015,693121920,23520,0.668749988079071,128,361000,1.500723123550415,1920,17,5,500000,1000,,361001.0,0.6807291507720947,0.5896228551864624,0.668749988079071,0.5874513387680054,1454,1668795609,1,5
362001,1920,5430015,695041920,23520,0.668749988079071,128,362000,1.5045301914215088,1920,17,5,500000,1000,,362001.0,0.6833333373069763,0.5896202921867371,0.6729166507720947,0.5873391628265381,1458,1668795609,1,5
363001,1920,5445015,696961920,23520,0.6729166507720947,128,363000,1.5083272457122803,1920,17,5,500000,1000,,363001.0,0.682812511920929,0.5896190404891968,0.6708333492279053,0.5875799059867859,1462,1668795609,1,5
364001,1920,5460015,698881920,23520,0.6708333492279053,128,364000,1.5121910572052002,1920,17,5,500000,1000,,364001.0,0.6817708611488342,0.5896224975585938,0.6729166507720947,0.5874658823013306,1466,1668795609,1,5
365001,1920,5475015,700801920,23520,0.6729166507720947,128,365000,1.516143798828125,1920,17,5,500000,1000,,365001.0,0.6822916865348816,0.5896230936050415,0.668749988079071,0.5874391794204712,1470,1668795609,1,5
366001,1920,5490015,702721920,23520,0.668749988079071,128,366000,1.5199265480041504,1920,17,5,500000,1000,,366001.0,0.6833333373069763,0.5896199345588684,0.6708333492279053,0.5873891711235046,1474,1668795609,1,5
367001,1920,5505015,704641920,23520,0.6708333492279053,128,367000,1.523709774017334,1920,17,5,500000,1000,,367001.0,0.6812499761581421,0.5896216630935669,0.6729166507720947,0.5872108936309814,1477,1668795609,1,5
368001,1920,5520015,706561920,23520,0.6729166507720947,128,368000,1.5275437831878662,1920,17,5,500000,1000,,368001.0,0.6822916865348816,0.5896166563034058,0.6729166507720947,0.5873022675514221,1481,1668795609,1,5
369001,1920,5535015,708481920,23520,0.6729166507720947,128,369000,1.5318677425384521,1920,17,5,500000,1000,,369001.0,0.6838541626930237,0.5896158814430237,0.6708333492279053,0.5874103903770447,1485,1668795609,1,5
370001,1920,5550015,710401920,23520,0.6708333492279053,128,370000,1.5361428260803223,1920,17,5,500000,1000,,370001.0,0.6822916865348816,0.5896161794662476,0.6729166507720947,0.5873506665229797,1489,1668795609,1,5
371001,1920,5565015,712321920,23520,0.6729166507720947,128,371000,1.5401058197021484,1920,17,5,500000,1000,,371001.0,0.6817708611488342,0.5896176695823669,0.668749988079071,0.5872538089752197,1493,1668795609,1,5
372001,1920,5580015,714241920,23520,0.668749988079071,128,372000,1.5438976287841797,1920,17,5,500000,1000,,372001.0,0.6802083253860474,0.5896139740943909,0.6729166507720947,0.5871708989143372,1497,1668795609,1,5
373001,1920,5595015,716161920,23520,0.6729166507720947,128,373000,1.547677755355835,1920,17,5,500000,1000,,373001.0,0.6812499761581421,0.5896159410476685,0.6729166507720947,0.587173581123352,1501,1668795609,1,5
374001,1920,5610015,718081920,23520,0.6729166507720947,128,374000,1.5514628887176514,1920,17,5,500000,1000,,374001.0,0.6822916865348816,0.5896156430244446,0.6729166507720947,0.5873396992683411,1504,1668795609,1,5
375001,1920,5625015,720001920,23520,0.6729166507720947,128,375000,1.555229663848877,1920,17,5,500000,1000,,375001.0,0.6812499761581421,0.5896127223968506,0.6729166507720947,0.587197482585907,1508,1668795609,1,5
376001,1920,5640015,721921920,23520,0.6729166507720947,128,376000,1.5591168403625488,1920,17,5,500000,1000,,376001.0,0.6807291507720947,0.5896127820014954,0.6729166507720947,0.5871671438217163,1512,1668795609,1,5
377001,1920,5655015,723841920,23520,0.6729166507720947,128,377000,1.5629208087921143,1920,17,5,500000,1000,,377001.0,0.6802083253860474,0.5896137356758118,0.6729166507720947,0.587245762348175,1516,1668795609,1,5
378001,1920,5670015,725761920,23520,0.6729166507720947,128,378000,1.566762924194336,1920,17,5,500000,1000,,378001.0,0.6833333373069763,0.5896121859550476,0.6729166507720947,0.5872935652732849,1520,1668795609,1,5
379001,1920,5685015,727681920,23520,0.6729166507720947,128,379000,1.5705718994140625,1920,17,5,500000,1000,,379001.0,0.6848958134651184,0.5896115899085999,0.675000011920929,0.587239682674408,1524,1668795609,1,5
380001,1920,5700015,729601920,23520,0.675000011920929,128,380000,1.574389934539795,1920,17,5,500000,1000,,380001.0,0.682812511920929,0.589614987373352,0.675000011920929,0.5870717167854309,1527,1668795609,1,5
381001,1920,5715015,731521920,23520,0.675000011920929,128,381000,1.5781869888305664,1920,17,5,500000,1000,,381001.0,0.682812511920929,0.5896108746528625,0.6729166507720947,0.5872688293457031,1531,1668795609,1,5
382001,1920,5730015,733441920,23520,0.6729166507720947,128,382000,1.5820527076721191,1920,17,5,500000,1000,,382001.0,0.6812499761581421,0.5896098017692566,0.6729166507720947,0.5874341130256653,1535,1668795609,1,5
383001,1920,5745015,735361920,23520,0.6729166507720947,128,383000,1.5859525203704834,1920,17,5,500000,1000,,383001.0,0.6807291507720947,0.5896081328392029,0.6729166507720947,0.5873784422874451,1539,1668795609,1,5
384001,1920,5760015,737281920,23520,0.6729166507720947,128,384000,1.5897417068481445,1920,17,5,500000,1000,,384001.0,0.6817708611488342,0.589607834815979,0.6729166507720947,0.5872942805290222,1543,1668795609,1,5
385001,1920,5775015,739201920,23520,0.6729166507720947,128,385000,1.5934867858886719,1920,17,5,500000,1000,,385001.0,0.6807291507720947,0.5896057486534119,0.6729166507720947,0.58725506067276,1547,1668795609,1,5
386001,1920,5790015,741121920,23520,0.6729166507720947,128,386000,1.5972647666931152,1920,17,5,500000,1000,,386001.0,0.682812511920929,0.5896081328392029,0.6708333492279053,0.5873585343360901,1551,1668795609,1,5
387001,1920,5805015,743041920,23520,0.6708333492279053,128,387000,1.6010417938232422,1920,17,5,500000,1000,,387001.0,0.6817708611488342,0.5896041989326477,0.675000011920929,0.5872206091880798,1555,1668795609,1,5
388001,1920,5820015,744961920,23520,0.675000011920929,128,388000,1.6048386096954346,1920,17,5,500000,1000,,388001.0,0.6817708611488342,0.5896047949790955,0.675000011920929,0.5872675180435181,1558,1668795609,1,5
389001,1920,5835015,746881920,23520,0.675000011920929,128,389000,1.608912467956543,1920,17,5,500000,1000,,389001.0,0.6812499761581421,0.5896056890487671,0.675000011920929,0.5870606303215027,1562,1668795609,1,5
390001,1920,5850015,748801920,23520,0.675000011920929,128,390000,1.6127052307128906,1920,17,5,500000,1000,,390001.0,0.6812499761581421,0.5896031260490417,0.675000011920929,0.5871666669845581,1566,1668795609,1,5
391001,1920,5865015,750721920,23520,0.675000011920929,128,391000,1.6181645393371582,1920,17,5,500000,1000,,391001.0,0.6802083253860474,0.5896031260490417,0.675000011920929,0.587233304977417,1570,1668795609,1,5
392001,1920,5880015,752641920,23520,0.675000011920929,128,392000,1.6219394207000732,1920,17,5,500000,1000,,392001.0,0.6812499761581421,0.5896031260490417,0.6729166507720947,0.5871819257736206,1574,1668795609,1,5
393001,1920,5895015,754561920,23520,0.6729166507720947,128,393000,1.6257164478302002,1920,17,5,500000,1000,,393001.0,0.6807291507720947,0.5896011590957642,0.6729166507720947,0.5871930718421936,1578,1668795609,1,5
394001,1920,5910015,756481920,23520,0.6729166507720947,128,394000,1.6296255588531494,1920,17,5,500000,1000,,394001.0,0.6822916865348816,0.5896013975143433,0.6729166507720947,0.587258517742157,1582,1668795609,1,5
395001,1920,5925015,758401920,23520,0.6729166507720947,128,395000,1.633380651473999,1920,17,5,500000,1000,,395001.0,0.6833333373069763,0.5896013975143433,0.6708333492279053,0.587277352809906,1586,1668795609,1,5
396001,1920,5940015,760321920,23520,0.6708333492279053,128,396000,1.6371395587921143,1920,17,5,500000,1000,,396001.0,0.6833333373069763,0.5895983576774597,0.6729166507720947,0.5873063206672668,1590,1668795609,1,5
397001,1920,5955015,762241920,23520,0.6729166507720947,128,397000,1.64089035987854,1920,17,5,500000,1000,,397001.0,0.6838541626930237,0.5895996689796448,0.6729166507720947,0.58723384141922,1594,1668795609,1,5
398001,1920,5970015,764161920,23520,0.6729166507720947,128,398000,1.6480762958526611,1920,17,5,500000,1000,,398001.0,0.6812499761581421,0.5896008610725403,0.6708333492279053,0.5873352289199829,1598,1668795609,1,5
399001,1920,5985015,766081920,23520,0.6708333492279053,128,399000,1.6517975330352783,1920,17,5,500000,1000,,399001.0,0.6822916865348816,0.589597761631012,0.6729166507720947,0.5870732069015503,1603,1668795609,1,5
400001,1920,6000015,768001920,23520,0.6729166507720947,128,400000,1.6555182933807373,1920,17,5,500000,1000,,400001.0,0.682812511920929,0.5895986557006836,0.6708333492279053,0.5871989727020264,1607,1668795609,1,5
401001,1920,6015015,769921920,23520,0.6708333492279053,128,401000,1.6593592166900635,1920,17,5,500000,1000,,401001.0,0.6838541626930237,0.5895980596542358,0.6729166507720947,0.5871517062187195,1611,1668795609,1,5
402001,1920,6030015,771841920,23520,0.6729166507720947,128,402000,1.6630971431732178,1920,17,5,500000,1000,,402001.0,0.6817708611488342,0.5895994901657104,0.668749988079071,0.5873541235923767,1615,1668795609,1,5
403001,1920,6045015,773761920,23520,0.668749988079071,128,403000,1.6668155193328857,1920,17,5,500000,1000,,403001.0,0.6833333373069763,0.5895969867706299,0.6708333492279053,0.5872390866279602,1619,1668795609,1,5
404001,1920,6060015,775681920,23520,0.6708333492279053,128,404000,1.6706855297088623,1920,17,5,500000,1000,,404001.0,0.6807291507720947,0.5895975828170776,0.6729166507720947,0.5873558521270752,1623,1668795609,1,5
405001,1920,6075015,777601920,23520,0.6729166507720947,128,405000,1.6745996475219727,1920,17,5,500000,1000,,405001.0,0.6812499761581421,0.5895946025848389,0.6729166507720947,0.5872424244880676,1627,1668795609,1,5
406001,1920,6090015,779521920,23520,0.6729166507720947,128,406000,1.6783537864685059,1920,17,5,500000,1000,,406001.0,0.6822916865348816,0.5895962119102478,0.6729166507720947,0.5872827172279358,1631,1668795609,1,5
407001,1920,6105015,781441920,23520,0.6729166507720947,128,407000,1.6820869445800781,1920,17,5,500000,1000,,407001.0,0.6817708611488342,0.5895960927009583,0.675000011920929,0.5871028304100037,1635,1668795609,1,5
408001,1920,6120015,783361920,23520,0.675000011920929,128,408000,1.6858360767364502,1920,17,5,500000,1000,,408001.0,0.6833333373069763,0.5895965099334717,0.6708333492279053,0.5871788859367371,1639,1668795609,1,5
409001,1920,6135015,785281920,23520,0.6708333492279053,128,409000,1.6897499561309814,1920,17,5,500000,1000,,409001.0,0.6817708611488342,0.5895938873291016,0.6729166507720947,0.5870981216430664,1644,1668795609,1,5
410001,1920,6150015,787201920,23520,0.6729166507720947,128,410000,1.6935107707977295,1920,17,5,500000,1000,,410001.0,0.6833333373069763,0.5895950198173523,0.675000011920929,0.5871809124946594,1648,1668795609,1,5
411001,1920,6165015,789121920,23520,0.675000011920929,128,411000,1.697246789932251,1920,17,5,500000,1000,,411001.0,0.6822916865348816,0.5895965099334717,0.6729166507720947,0.5871561765670776,1652,1668795609,1,5
412001,1920,6180015,791041920,23520,0.6729166507720947,128,412000,1.7013206481933594,1920,17,5,500000,1000,,412001.0,0.6817708611488342,0.5895926356315613,0.6729166507720947,0.5873730778694153,1656,1668795609,1,5
413001,1920,6195015,792961920,23520,0.6729166507720947,128,413000,1.7050666809082031,1920,17,5,500000,1000,,413001.0,0.6812499761581421,0.5895946025848389,0.675000011920929,0.587244987487793,1660,1668795609,1,5
414001,1920,6210015,794881920,23520,0.675000011920929,128,414000,1.708815574645996,1920,17,5,500000,1000,,414001.0,0.6817708611488342,0.5895938277244568,0.6729166507720947,0.5872212648391724,1664,1668795609,1,5
415001,1920,6225015,796801920,23520,0.6729166507720947,128,415000,1.7125625610351562,1920,17,5,500000,1000,,415001.0,0.6802083253860474,0.5895902514457703,0.6729166507720947,0.5871321558952332,1668,1668795609,1,5
416001,1920,6240015,798721920,23520,0.6729166507720947,128,416000,1.7166616916656494,1920,17,5,500000,1000,,416001.0,0.6812499761581421,0.5895928144454956,0.6729166507720947,0.5870738625526428,1672,1668795609,1,5
417001,1920,6255015,800641920,23520,0.6729166507720947,128,417000,1.720381736755371,1920,17,5,500000,1000,,417001.0,0.6812499761581421,0.5895894169807434,0.6729166507720947,0.5871499180793762,1676,1668795609,1,5
418001,1920,6270015,802561920,23520,0.6729166507720947,128,418000,1.72409987449646,1920,17,5,500000,1000,,418001.0,0.6812499761581421,0.5895890593528748,0.6708333492279053,0.5872846245765686,1680,1668795609,1,5
419001,1920,6285015,804481920,23520,0.6708333492279053,128,419000,1.7278170585632324,1920,17,5,500000,1000,,419001.0,0.6817708611488342,0.5895894765853882,0.668749988079071,0.5871856212615967,1684,1668795609,1,5
420001,1920,6300015,806401920,23520,0.668749988079071,128,420000,1.7315330505371094,1920,17,5,500000,1000,,420001.0,0.682812511920929,0.5895872116088867,0.6708333492279053,0.5872232913970947,1689,1668795609,1,5
421001,1920,6315015,808321920,23520,0.6708333492279053,128,421000,1.7352840900421143,1920,17,5,500000,1000,,421001.0,0.6807291507720947,0.5895858407020569,0.6708333492279053,0.5873416662216187,1692,1668795609,1,5
422001,1920,6330015,810241920,23520,0.6708333492279053,128,422000,1.739570140838623,1920,17,5,500000,1000,,422001.0,0.6817708611488342,0.5895843505859375,0.6708333492279053,0.5873278379440308,1697,1668795609,1,5
423001,1920,6345015,812161920,23520,0.6708333492279053,128,423000,1.7433393001556396,1920,17,5,500000,1000,,423001.0,0.682812511920929,0.5895891785621643,0.668749988079071,0.5872196555137634,1701,1668795609,1,5
424001,1920,6360015,814081920,23520,0.668749988079071,128,424000,1.747124195098877,1920,17,5,500000,1000,,424001.0,0.6838541626930237,0.5895858407020569,0.668749988079071,0.5872420072555542,1706,1668795609,1,5
425001,1920,6375015,816001920,23520,0.668749988079071,128,425000,1.7508611679077148,1920,17,5,500000,1000,,425001.0,0.6838541626930237,0.5895839333534241,0.6708333492279053,0.5872172713279724,1709,1668795609,1,5
426001,1920,6390015,817921920,23520,0.6708333492279053,128,426000,1.757763147354126,1920,17,5,500000,1000,,426001.0,0.6833333373069763,0.5895822048187256,0.6708333492279053,0.5873920321464539,1713,1668795609,1,5
427001,1920,6405015,819841920,23520,0.6708333492279053,128,427000,1.7617340087890625,1920,17,5,500000,1000,,427001.0,0.6838541626930237,0.5895829796791077,0.6708333492279053,0.5873978734016418,1717,1668795609,1,5
428001,1920,6420015,821761920,23520,0.6708333492279053,128,428000,1.7654871940612793,1920,17,5,500000,1000,,428001.0,0.682812511920929,0.5895815491676331,0.6708333492279053,0.5873149633407593,1721,1668795609,1,5
429001,1920,6435015,823681920,23520,0.6708333492279053,128,429000,1.769181489944458,1920,17,5,500000,1000,,429001.0,0.6817708611488342,0.5895841717720032,0.6729166507720947,0.587283194065094,1725,1668795609,1,5
430001,1920,6450015,825601920,23520,0.6729166507720947,128,430000,1.7729237079620361,1920,17,5,500000,1000,,430001.0,0.6802083253860474,0.5895829796791077,0.675000011920929,0.5872066020965576,1730,1668795609,1,5
431001,1920,6465015,827521920,23520,0.675000011920929,128,431000,1.7770826816558838,1920,17,5,500000,1000,,431001.0,0.6812499761581421,0.5895805954933167,0.6708333492279053,0.5872974395751953,1734,1668795609,1,5
432001,1920,6480015,829441920,23520,0.6708333492279053,128,432000,1.7807855606079102,1920,17,5,500000,1000,,432001.0,0.6822916865348816,0.5895816683769226,0.6708333492279053,0.5871365666389465,1738,1668795609,1,5
433001,1920,6495015,831361920,23520,0.6708333492279053,128,433000,1.7858705520629883,1920,17,5,500000,1000,,433001.0,0.6812499761581421,0.5895808339118958,0.6708333492279053,0.5870599150657654,1742,1668795609,1,5
434001,1920,6510015,833281920,23520,0.6708333492279053,128,434000,1.7895927429199219,1920,17,5,500000,1000,,434001.0,0.6822916865348816,0.5895809531211853,0.6708333492279053,0.5872241258621216,1746,1668795609,1,5
435001,1920,6525015,835201920,23520,0.6708333492279053,128,435000,1.793318510055542,1920,17,5,500000,1000,,435001.0,0.682812511920929,0.5895784497261047,0.668749988079071,0.5872884392738342,1752,1668795609,1,5
436001,1920,6540015,837121920,23520,0.668749988079071,128,436000,1.7970752716064453,1920,17,5,500000,1000,,436001.0,0.6838541626930237,0.5895803570747375,0.668749988079071,0.5873223543167114,1756,1668795609,1,5
437001,1920,6555015,839041920,23520,0.668749988079071,128,437000,1.8008122444152832,1920,17,5,500000,1000,,437001.0,0.682812511920929,0.5895795822143555,0.6708333492279053,0.5873221158981323,1760,1668795609,1,5
438001,1920,6570015,840961920,23520,0.6708333492279053,128,438000,1.8045330047607422,1920,17,5,500000,1000,,438001.0,0.6812499761581421,0.5895815491676331,0.6729166507720947,0.5871601104736328,1765,1668795609,1,5
439001,1920,6585015,842881920,23520,0.6729166507720947,128,439000,1.8082349300384521,1920,17,5,500000,1000,,439001.0,0.6822916865348816,0.589577853679657,0.6708333492279053,0.5872652530670166,1769,1668795609,1,5
440001,1920,6600015,844801920,23520,0.6708333492279053,128,440000,1.8119330406188965,1920,17,5,500000,1000,,440001.0,0.6802083253860474,0.5895766019821167,0.6708333492279053,0.5873680114746094,1773,1668795609,1,5
441001,1920,6615015,846721920,23520,0.6708333492279053,128,441000,1.815669059753418,1920,17,5,500000,1000,,441001.0,0.6812499761581421,0.5895752310752869,0.668749988079071,0.5873664617538452,1777,1668795609,1,5
442001,1920,6630015,848641920,23520,0.668749988079071,128,442000,1.819383144378662,1920,17,5,500000,1000,,442001.0,0.6822916865348816,0.5895751714706421,0.6666666865348816,0.5873924493789673,1781,1668795609,1,5
443001,1920,6645015,850561920,23520,0.6666666865348816,128,443000,1.82505202293396,1920,17,5,500000,1000,,443001.0,0.6833333373069763,0.5895746946334839,0.668749988079071,0.5872835516929626,1785,1668795609,1,5
444001,1920,6660015,852481920,23520,0.668749988079071,128,444000,1.828751802444458,1920,17,5,500000,1000,,444001.0,0.6812499761581421,0.5895746946334839,0.6666666865348816,0.5873878002166748,1790,1668795609,1,5
445001,1920,6675015,854401920,23520,0.6666666865348816,128,445000,1.8324337005615234,1920,17,5,500000,1000,,445001.0,0.6802083253860474,0.5895720720291138,0.6666666865348816,0.5874733328819275,1794,1668795609,1,5
446001,1920,6690015,856321920,23520,0.6666666865348816,128,446000,1.8361797332763672,1920,17,5,500000,1000,,446001.0,0.6796875,0.5895721912384033,0.6729166507720947,0.5873444080352783,1798,1668795609,1,5
447001,1920,6705015,858241920,23520,0.6729166507720947,128,447000,1.8398737907409668,1920,17,5,500000,1000,,447001.0,0.6817708611488342,0.5895723700523376,0.668749988079071,0.5873991250991821,1801,1668795609,1,5
448001,1920,6720015,860161920,23520,0.668749988079071,128,448000,1.8436098098754883,1920,17,5,500000,1000,,448001.0,0.6802083253860474,0.5895746350288391,0.6708333492279053,0.5873382091522217,1805,1668795609,1,5
449001,1920,6735015,862081920,23520,0.6708333492279053,128,449000,1.8472869396209717,1920,17,5,500000,1000,,449001.0,0.6812499761581421,0.5895744562149048,0.6708333492279053,0.5871259570121765,1809,1668795609,1,5
450001,1920,6750015,864001920,23520,0.6708333492279053,128,450000,1.8510057926177979,1920,17,5,500000,1000,,450001.0,0.6807291507720947,0.5895735621452332,0.6729166507720947,0.5872966051101685,1813,1668795609,1,5
451001,1920,6765015,865921920,23520,0.6729166507720947,128,451000,1.854731798171997,1920,17,5,500000,1000,,451001.0,0.6817708611488342,0.5895729660987854,0.6708333492279053,0.5873650908470154,1817,1668795609,1,5
452001,1920,6780015,867841920,23520,0.6708333492279053,128,452000,1.8585827350616455,1920,17,5,500000,1000,,452001.0,0.6817708611488342,0.5895738005638123,0.675000011920929,0.5873290300369263,1821,1668795609,1,5
453001,1920,6795015,869761920,23520,0.675000011920929,128,453000,1.8624646663665771,1920,17,5,500000,1000,,453001.0,0.684374988079071,0.5895730257034302,0.6708333492279053,0.5873050689697266,1825,1668795609,1,5
454001,1920,6810015,871681920,23520,0.6708333492279053,128,454000,1.8662376403808594,1920,17,5,500000,1000,,454001.0,0.6817708611488342,0.5895714163780212,0.6729166507720947,0.5872463583946228,1830,1668795609,1,5
455001,1920,6825015,873601920,23520,0.6729166507720947,128,455000,1.8700025081634521,1920,17,5,500000,1000,,455001.0,0.6817708611488342,0.5895702242851257,0.675000011920929,0.5874688625335693,1834,1668795609,1,5
456001,1920,6840015,875521920,23520,0.675000011920929,128,456000,1.8737523555755615,1920,17,5,500000,1000,,456001.0,0.6817708611488342,0.5895716547966003,0.6708333492279053,0.5873130559921265,1838,1668795609,1,5
457001,1920,6855015,877441920,23520,0.6708333492279053,128,457000,1.8775100708007812,1920,17,5,500000,1000,,457001.0,0.6802083253860474,0.5895674228668213,0.6708333492279053,0.5873696804046631,1842,1668795609,1,5
458001,1920,6870015,879361920,23520,0.6708333492279053,128,458000,1.88126802444458,1920,17,5,500000,1000,,458001.0,0.6812499761581421,0.5895693898200989,0.6708333492279053,0.5873397588729858,1846,1668795609,1,5
459001,1920,6885015,881281920,23520,0.6708333492279053,128,459000,1.8850231170654297,1920,17,5,500000,1000,,459001.0,0.682812511920929,0.5895678400993347,0.6708333492279053,0.5872916579246521,1850,1668795609,1,5
460001,1920,6900015,883201920,23520,0.6708333492279053,128,460000,1.8887581825256348,1920,17,5,500000,1000,,460001.0,0.6807291507720947,0.5895713567733765,0.6708333492279053,0.5872742533683777,1854,1668795609,1,5
461001,1920,6915015,885121920,23520,0.6708333492279053,128,461000,1.89251708984375,1920,17,5,500000,1000,,461001.0,0.6812499761581421,0.5895673036575317,0.6729166507720947,0.5873973369598389,1858,1668795609,1,5
462001,1920,6930015,887041920,23520,0.6729166507720947,128,462000,1.8962862491607666,1920,17,5,500000,1000,,462001.0,0.6817708611488342,0.589566171169281,0.6729166507720947,0.5874130129814148,1862,1668795609,1,5
463001,1920,6945015,888961920,23520,0.6729166507720947,128,463000,1.9001610279083252,1920,17,5,500000,1000,,463001.0,0.6822916865348816,0.5895646214485168,0.6666666865348816,0.587407112121582,1865,1668795609,1,5
464001,1920,6960015,890881920,23520,0.6666666865348816,128,464000,1.9039359092712402,1920,17,5,500000,1000,,464001.0,0.6817708611488342,0.5895634889602661,0.6729166507720947,0.587398886680603,1869,1668795609,1,5
465001,1920,6975015,892801920,23520,0.6729166507720947,128,465000,1.9095799922943115,1920,17,5,500000,1000,,465001.0,0.682812511920929,0.5895643830299377,0.6770833134651184,0.587247908115387,1874,1668795609,1,5
466001,1920,6990015,894721920,23520,0.6770833134651184,128,466000,1.9133191108703613,1920,17,5,500000,1000,,466001.0,0.6838541626930237,0.589564859867096,0.675000011920929,0.5873017907142639,1878,1668795609,1,5
467001,1920,7005015,896641920,23520,0.675000011920929,128,467000,1.9170269966125488,1920,17,5,500000,1000,,467001.0,0.6838541626930237,0.5895630717277527,0.675000011920929,0.5871750116348267,1882,1668795609,1,5
468001,1920,7020015,898561920,23520,0.675000011920929,128,468000,1.9208171367645264,1920,17,5,500000,1000,,468001.0,0.6822916865348816,0.5895645618438721,0.675000011920929,0.5871171355247498,1886,1668795609,1,5
469001,1920,7035015,900481920,23520,0.675000011920929,128,469000,1.9259023666381836,1920,17,5,500000,1000,,469001.0,0.6812499761581421,0.589568018913269,0.675000011920929,0.5873022079467773,1890,1668795609,1,5
470001,1920,7050015,902401920,23520,0.675000011920929,128,470000,1.9296374320983887,1920,17,5,500000,1000,,470001.0,0.6812499761581421,0.5895668864250183,0.675000011920929,0.5871222019195557,1894,1668795609,1,5
471001,1920,7065015,904321920,23520,0.675000011920929,128,471000,1.9333655834197998,1920,17,5,500000,1000,,471001.0,0.6812499761581421,0.5895654559135437,0.675000011920929,0.587186872959137,1898,1668795609,1,5
472001,1920,7080015,906241920,23520,0.675000011920929,128,472000,1.9371094703674316,1920,17,5,500000,1000,,472001.0,0.6822916865348816,0.5895615220069885,0.675000011920929,0.5870369076728821,1902,1668795609,1,5
473001,1920,7095015,908161920,23520,0.675000011920929,128,473000,1.9408423900604248,1920,17,5,500000,1000,,473001.0,0.682812511920929,0.5895612835884094,0.6729166507720947,0.5870857238769531,1906,1668795609,1,5
474001,1920,7110015,910081920,23520,0.6729166507720947,128,474000,1.9475412368774414,1920,17,5,500000,1000,,474001.0,0.6833333373069763,0.589560866355896,0.6729166507720947,0.5871802568435669,1910,1668795609,1,5
475001,1920,7125015,912001920,23520,0.6729166507720947,128,475000,1.9512381553649902,1920,17,5,500000,1000,,475001.0,0.6838541626930237,0.5895618796348572,0.675000011920929,0.587071418762207,1914,1668795609,1,5
476001,1920,7140015,913921920,23520,0.675000011920929,128,476000,1.954991340637207,1920,17,5,500000,1000,,476001.0,0.6812499761581421,0.5895584225654602,0.6729166507720947,0.5871884822845459,1918,1668795609,1,5
477001,1920,7155015,915841920,23520,0.6729166507720947,128,477000,1.9587194919586182,1920,17,5,500000,1000,,477001.0,0.6822916865348816,0.58955979347229,0.675000011920929,0.5872659087181091,1922,1668795609,1,5
478001,1920,7170015,917761920,23520,0.675000011920929,128,478000,1.9628245830535889,1920,17,5,500000,1000,,478001.0,0.6807291507720947,0.5895588397979736,0.6708333492279053,0.5873624682426453,1926,1668795609,1,5
479001,1920,7185015,919681920,23520,0.6708333492279053,128,479000,1.9676718711853027,1920,17,5,500000,1000,,479001.0,0.6833333373069763,0.5895588994026184,0.6770833134651184,0.587246835231781,1930,1668795609,1,5
480001,1920,7200015,921601920,23520,0.6770833134651184,128,480000,1.9714131355285645,1920,17,5,500000,1000,,480001.0,0.6822916865348816,0.5895562767982483,0.675000011920929,0.5873008370399475,1934,1668795609,1,5
481001,1920,7215015,923521920,23520,0.675000011920929,128,481000,1.9751710891723633,1920,17,5,500000,1000,,481001.0,0.682812511920929,0.5895552039146423,0.675000011920929,0.5871989727020264,1938,1668795609,1,5
482001,1920,7230015,925441920,23520,0.675000011920929,128,482000,1.9789502620697021,1920,17,5,500000,1000,,482001.0,0.6817708611488342,0.5895577669143677,0.6729166507720947,0.5873301029205322,1942,1668795609,1,5
483001,1920,7245015,927361920,23520,0.6729166507720947,128,483000,1.9828381538391113,1920,17,5,500000,1000,,483001.0,0.6817708611488342,0.5895578861236572,0.675000011920929,0.5873563885688782,1946,1668795609,1,5
484001,1920,7260015,929281920,23520,0.675000011920929,128,484000,1.9866273403167725,1920,17,5,500000,1000,,484001.0,0.6833333373069763,0.589556872844696,0.6729166507720947,0.587356448173523,1950,1668795609,1,5
485001,1920,7275015,931201920,23520,0.6729166507720947,128,485000,1.9903554916381836,1920,17,5,500000,1000,,485001.0,0.6822916865348816,0.5895619988441467,0.6708333492279053,0.5872954726219177,1954,1668795609,1,5
486001,1920,7290015,933121920,23520,0.6708333492279053,128,486000,1.9941065311431885,1920,17,5,500000,1000,,486001.0,0.682812511920929,0.5895601511001587,0.6708333492279053,0.5874941945075989,1959,1668795609,1,5
487001,1920,7305015,935041920,23520,0.6708333492279053,128,487000,1.9978525638580322,1920,17,5,500000,1000,,487001.0,0.6817708611488342,0.5895563960075378,0.6708333492279053,0.587424099445343,1963,1668795609,1,5
488001,1920,7320015,936961920,23520,0.6708333492279053,128,488000,2.0016236305236816,1920,17,5,500000,1000,,488001.0,0.6812499761581421,0.5895561575889587,0.6729166507720947,0.5874524712562561,1967,1668795609,1,5
489001,1920,7335015,938881920,23520,0.6729166507720947,128,489000,2.0053226947784424,1920,17,5,500000,1000,,489001.0,0.6807291507720947,0.5895540714263916,0.668749988079071,0.5873644351959229,1971,1668795609,1,5
490001,1920,7350015,940801920,23520,0.668749988079071,128,490000,2.009080410003662,1920,17,5,500000,1000,,490001.0,0.6796875,0.5895546078681946,0.6708333492279053,0.5872876644134521,1975,1668795609,1,5
491001,1920,7365015,942721920,23520,0.6708333492279053,128,491000,2.0127854347229004,1920,17,5,500000,1000,,491001.0,0.6796875,0.5895556211471558,0.6708333492279053,0.5872946977615356,1978,1668795609,1,5
492001,1920,7380015,944641920,23520,0.6708333492279053,128,492000,2.016481637954712,1920,17,5,500000,1000,,492001.0,0.6812499761581421,0.5895534753799438,0.6729166507720947,0.5873538255691528,1982,1668795609,1,5
493001,1920,7395015,946561920,23520,0.6729166507720947,128,493000,2.0202057361602783,1920,17,5,500000,1000,,493001.0,0.6796875,0.5895518064498901,0.6729166507720947,0.5873559713363647,1986,1668795609,1,5
494001,1920,7410015,948481920,23520,0.6729166507720947,128,494000,2.0239098072052,1920,17,5,500000,1000,,494001.0,0.6796875,0.5895501971244812,0.6729166507720947,0.5874217748641968,1990,1668795609,1,5
495001,1920,7425015,950401920,23520,0.6729166507720947,128,495000,2.0284476280212402,1920,17,5,500000,1000,,495001.0,0.6812499761581421,0.5895505547523499,0.6708333492279053,0.5875295996665955,1994,1668795609,1,5
496001,1920,7440015,952321920,23520,0.6708333492279053,128,496000,2.032212495803833,1920,17,5,500000,1000,,496001.0,0.6791666746139526,0.589551568031311,0.6708333492279053,0.5873410105705261,1998,1668795609,1,5
497001,1920,7455015,954241920,23520,0.6708333492279053,128,497000,2.0650365352630615,1920,17,5,500000,1000,,497001.0,0.6807291507720947,0.5895519256591797,0.6729166507720947,0.5871890187263489,2002,1668795609,1,5
498001,1920,7470015,956161920,23520,0.6729166507720947,128,498000,2.0687763690948486,1920,17,5,500000,1000,,498001.0,0.682812511920929,0.5895512700080872,0.6708333492279053,0.587273895740509,2006,1668795609,1,5
499001,1920,7485015,958081920,23520,0.6708333492279053,128,499000,2.0725114345550537,1920,17,5,500000,1000,,499001.0,0.682812511920929,0.5895516872406006,0.668749988079071,0.5872463583946228,2011,1668795609,1,5
499998,1920,7499970,959996160,23520,0.668749988079071,128,499997,2.0762362480163574,1920,17,5,500000,1000,,499998.0,0.6833333373069763,0.5895493030548096,0.6729166507720947,0.5871923565864563,2015,1668795609,1,5
499999,1920,7499985,959998080,23520,0.6729166507720947,128,499998,2.0804193019866943,1920,17,5,500000,1000,,499999.0,0.6833333373069763,0.5895494222640991,0.675000011920929,0.5871884226799011,2015,1668795609,1,5
500000,1920,7500000,960000000,23520,0.675000011920929,128,499999,2.084470272064209,1920,17,5,500000,1000,,500000.0,0.6833333373069763,0.5895493030548096,0.675000011920929,0.5871926546096802,2015,1668795609,1,5
