pf_calls,num_answers,model_updates,num_grad_comps,answers_bytes,last_score,batch_size,k,elapsed_time,train_data,n,d,max_epochs,verbose,ident,_epochs,score_train,loss_train,score_test,loss_test,_elapsed_time,seed,run_id,dim
1,1920,15,1920,23520,0.5062500238418579,128,0,0.03152608871459961,1920,17,2,500000,1000,,1.0,0.5182291865348816,0.6931472420692444,0.518750011920929,0.6931471228599548,0,1706488464,4,2
1001,1920,15015,1921920,23520,0.518750011920929,128,1000,0.03534221649169922,1920,17,2,500000,1000,,1001.0,0.643750011920929,0.629557728767395,0.6270833611488342,0.6398361325263977,3,1706488464,4,2
2001,1920,30015,3841920,23520,0.6270833611488342,128,2000,0.03932523727416992,1920,17,2,500000,1000,,2001.0,0.6458333134651184,0.6226444244384766,0.6291666626930237,0.6313056349754333,7,1706488464,4,2
3001,1920,45015,5761920,23520,0.6291666626930237,128,3000,0.04312324523925781,1920,17,2,500000,1000,,3001.0,0.6510416865348816,0.620662271976471,0.6291666626930237,0.6282020807266235,11,1706488464,4,2
4001,1920,60015,7681920,23520,0.6291666626930237,128,4000,0.04757499694824219,1920,17,2,500000,1000,,4001.0,0.6489583253860474,0.6196873784065247,0.6333333253860474,0.6259555816650391,15,1706488464,4,2
5001,1920,75015,9601920,23520,0.6333333253860474,128,5000,0.05145883560180664,1920,17,2,500000,1000,,5001.0,0.6479166746139526,0.6191579699516296,0.6291666626930237,0.6244170069694519,20,1706488464,4,2
6001,1920,90015,11521920,23520,0.6291666626930237,128,6000,0.05580568313598633,1920,17,2,500000,1000,,6001.0,0.6489583253860474,0.6188527345657349,0.6312500238418579,0.6241008639335632,24,1706488464,4,2
7001,1920,105015,13441920,23520,0.6312500238418579,128,7000,0.06000256538391113,1920,17,2,500000,1000,,7001.0,0.6499999761581421,0.6186445355415344,0.6354166865348816,0.6234512329101562,28,1706488464,4,2
8001,1920,120015,15361920,23520,0.6354166865348816,128,8000,0.06381630897521973,1920,17,2,500000,1000,,8001.0,0.6494791507720947,0.6185023188591003,0.6416666507720947,0.6232423782348633,32,1706488464,4,2
9001,1920,135015,17281920,23520,0.6416666507720947,128,9000,0.0677192211151123,1920,17,2,500000,1000,,9001.0,0.6494791507720947,0.6183984279632568,0.6354166865348816,0.6231515407562256,36,1706488464,4,2
10001,1920,150015,19201920,23520,0.6354166865348816,128,10000,0.0715172290802002,1920,17,2,500000,1000,,10001.0,0.653124988079071,0.618328332901001,0.6333333253860474,0.6224023699760437,40,1706488464,4,2
11001,1920,165015,21121920,23520,0.6333333253860474,128,11000,0.07537221908569336,1920,17,2,500000,1000,,11001.0,0.6541666388511658,0.6182821989059448,0.637499988079071,0.6223146319389343,44,1706488464,4,2
12001,1920,180015,23041920,23520,0.637499988079071,128,12000,0.07922625541687012,1920,17,2,500000,1000,,12001.0,0.651562511920929,0.618246853351593,0.637499988079071,0.6220520734786987,48,1706488464,4,2
13001,1920,195015,24961920,23520,0.637499988079071,128,13000,0.0837712287902832,1920,17,2,500000,1000,,13001.0,0.6526041626930237,0.6182250380516052,0.637499988079071,0.6226452589035034,52,1706488464,4,2
14001,1920,210015,26881920,23520,0.637499988079071,128,14000,0.08767819404602051,1920,17,2,500000,1000,,14001.0,0.6541666388511658,0.6182032227516174,0.6354166865348816,0.6222341656684875,56,1706488464,4,2
15001,1920,225015,28801920,23520,0.6354166865348816,128,15000,0.09151101112365723,1920,17,2,500000,1000,,15001.0,0.6499999761581421,0.6181880235671997,0.637499988079071,0.6223558187484741,60,1706488464,4,2
16001,1920,240015,30721920,23520,0.637499988079071,128,16000,0.09545779228210449,1920,17,2,500000,1000,,16001.0,0.6505208611488342,0.618183434009552,0.6354166865348816,0.6228252649307251,64,1706488464,4,2
17001,1920,255015,32641920,23520,0.6354166865348816,128,17000,0.09928488731384277,1920,17,2,500000,1000,,17001.0,0.6505208611488342,0.6181743144989014,0.6333333253860474,0.6223024129867554,68,1706488464,4,2
18001,1920,270015,34561920,23520,0.6333333253860474,128,18000,0.10312199592590332,1920,17,2,500000,1000,,18001.0,0.6479166746139526,0.6181759238243103,0.6312500238418579,0.622235119342804,72,1706488464,4,2
19001,1920,285015,36481920,23520,0.6312500238418579,128,19000,0.10693216323852539,1920,17,2,500000,1000,,19001.0,0.6489583253860474,0.618172824382782,0.6354166865348816,0.6222392916679382,76,1706488464,4,2
20001,1920,300015,38401920,23520,0.6354166865348816,128,20000,0.11074638366699219,1920,17,2,500000,1000,,20001.0,0.6505208611488342,0.6181747913360596,0.6354166865348816,0.6220735311508179,80,1706488464,4,2
21001,1920,315015,40321920,23520,0.6354166865348816,128,21000,0.11458754539489746,1920,17,2,500000,1000,,21001.0,0.6505208611488342,0.618164598941803,0.6354166865348816,0.6221714019775391,84,1706488464,4,2
22001,1920,330015,42241920,23520,0.6354166865348816,128,22000,0.11838436126708984,1920,17,2,500000,1000,,22001.0,0.6473958492279053,0.6181641817092896,0.6333333253860474,0.6224488019943237,88,1706488464,4,2
23001,1920,345015,44161920,23520,0.6333333253860474,128,23000,0.12244057655334473,1920,17,2,500000,1000,,23001.0,0.6489583253860474,0.6181676983833313,0.6312500238418579,0.6225583553314209,92,1706488464,4,2
24001,1920,360015,46081920,23520,0.6312500238418579,128,24000,0.12644171714782715,1920,17,2,500000,1000,,24001.0,0.6479166746139526,0.6181644201278687,0.6333333253860474,0.6221708059310913,96,1706488464,4,2
25001,1920,375015,48001920,23520,0.6333333253860474,128,25000,0.13041257858276367,1920,17,2,500000,1000,,25001.0,0.653124988079071,0.618168294429779,0.6333333253860474,0.6223980188369751,100,1706488464,4,2
26001,1920,390015,49921920,23520,0.6333333253860474,128,26000,0.13439345359802246,1920,17,2,500000,1000,,26001.0,0.6484375,0.6181637048721313,0.6312500238418579,0.6222723722457886,103,1706488464,4,2
27001,1920,405015,51841920,23520,0.6312500238418579,128,27000,0.13818359375,1920,17,2,500000,1000,,27001.0,0.6489583253860474,0.6181648373603821,0.637499988079071,0.6222413182258606,107,1706488464,4,2
28001,1920,420015,53761920,23520,0.637499988079071,128,28000,0.14217472076416016,1920,17,2,500000,1000,,28001.0,0.6484375,0.6181643009185791,0.6312500238418579,0.6225205659866333,111,1706488464,4,2
29001,1920,435015,55681920,23520,0.6312500238418579,128,29000,0.14594674110412598,1920,17,2,500000,1000,,29001.0,0.6489583253860474,0.6181638240814209,0.6333333253860474,0.6220863461494446,115,1706488464,4,2
30001,1920,450015,57601920,23520,0.6333333253860474,128,30000,0.14977169036865234,1920,17,2,500000,1000,,30001.0,0.6479166746139526,0.6181656122207642,0.6354166865348816,0.6226772665977478,119,1706488464,4,2
31001,1920,465015,59521920,23520,0.6354166865348816,128,31000,0.15376949310302734,1920,17,2,500000,1000,,31001.0,0.6484375,0.6181641817092896,0.6312500238418579,0.6221556067466736,123,1706488464,4,2
32001,1920,480015,61441920,23520,0.6312500238418579,128,32000,0.15757441520690918,1920,17,2,500000,1000,,32001.0,0.6489583253860474,0.6181663274765015,0.6312500238418579,0.6220471262931824,127,1706488464,4,2
33001,1920,495015,63361920,23520,0.6312500238418579,128,33000,0.16176748275756836,1920,17,2,500000,1000,,33001.0,0.6468750238418579,0.6181595921516418,0.6333333253860474,0.6224660873413086,131,1706488464,4,2
34001,1920,510015,65281920,23520,0.6333333253860474,128,34000,0.1656322479248047,1920,17,2,500000,1000,,34001.0,0.6484375,0.6181618571281433,0.6291666626930237,0.6224242448806763,135,1706488464,4,2
35001,1920,525015,67201920,23520,0.6291666626930237,128,35000,0.16952848434448242,1920,17,2,500000,1000,,35001.0,0.6479166746139526,0.6181656718254089,0.637499988079071,0.6223366856575012,139,1706488464,4,2
36001,1920,540015,69121920,23520,0.637499988079071,128,36000,0.17402243614196777,1920,17,2,500000,1000,,36001.0,0.6494791507720947,0.6181636452674866,0.6395833492279053,0.6223703622817993,143,1706488464,4,2
37001,1920,555015,71041920,23520,0.6395833492279053,128,37000,0.17828631401062012,1920,17,2,500000,1000,,37001.0,0.6505208611488342,0.6181707382202148,0.6312500238418579,0.6223992109298706,148,1706488464,4,2
38001,1920,570015,72961920,23520,0.6312500238418579,128,38000,0.1820974349975586,1920,17,2,500000,1000,,38001.0,0.6468750238418579,0.6181679964065552,0.6333333253860474,0.6224085688591003,152,1706488464,4,2
39001,1920,585015,74881920,23520,0.6333333253860474,128,39000,0.18608546257019043,1920,17,2,500000,1000,,39001.0,0.6484375,0.6181618571281433,0.6312500238418579,0.6224786639213562,156,1706488464,4,2
40001,1920,600015,76801920,23520,0.6312500238418579,128,40000,0.18987226486206055,1920,17,2,500000,1000,,40001.0,0.6479166746139526,0.6181730628013611,0.6333333253860474,0.6220938563346863,160,1706488464,4,2
41001,1920,615015,78721920,23520,0.6333333253860474,128,41000,0.19367122650146484,1920,17,2,500000,1000,,41001.0,0.6484375,0.6181661486625671,0.6354166865348816,0.6219630837440491,163,1706488464,4,2
42001,1920,630015,80641920,23520,0.6354166865348816,128,42000,0.1980280876159668,1920,17,2,500000,1000,,42001.0,0.6479166746139526,0.6181647181510925,0.6312500238418579,0.6225973963737488,168,1706488464,4,2
43001,1920,645015,82561920,23520,0.6312500238418579,128,43000,0.20195484161376953,1920,17,2,500000,1000,,43001.0,0.6479166746139526,0.6181694269180298,0.6312500238418579,0.6222541928291321,172,1706488464,4,2
44001,1920,660015,84481920,23520,0.6312500238418579,128,44000,0.20572447776794434,1920,17,2,500000,1000,,44001.0,0.6479166746139526,0.6181703805923462,0.6291666626930237,0.622283935546875,176,1706488464,4,2
45001,1920,675015,86401920,23520,0.6291666626930237,128,45000,0.20949244499206543,1920,17,2,500000,1000,,45001.0,0.6499999761581421,0.6181655526161194,0.6270833611488342,0.6226716637611389,180,1706488464,4,2
46001,1920,690015,88321920,23520,0.6270833611488342,128,46000,0.2132875919342041,1920,17,2,500000,1000,,46001.0,0.6473958492279053,0.6181617379188538,0.6333333253860474,0.6220899820327759,183,1706488464,4,2
47001,1920,705015,90241920,23520,0.6333333253860474,128,47000,0.21820974349975586,1920,17,2,500000,1000,,47001.0,0.6505208611488342,0.6181631088256836,0.6333333253860474,0.6222618222236633,187,1706488464,4,2
48001,1920,720015,92161920,23520,0.6333333253860474,128,48000,0.2220478057861328,1920,17,2,500000,1000,,48001.0,0.6484375,0.6181668043136597,0.6312500238418579,0.6220773458480835,191,1706488464,4,2
49001,1920,735015,94081920,23520,0.6312500238418579,128,49000,0.2258758544921875,1920,17,2,500000,1000,,49001.0,0.6494791507720947,0.6181685924530029,0.6333333253860474,0.622585117816925,195,1706488464,4,2
50001,1920,750015,96001920,23520,0.6333333253860474,128,50000,0.22977972030639648,1920,17,2,500000,1000,,50001.0,0.6510416865348816,0.6181614398956299,0.6312500238418579,0.6224909424781799,199,1706488464,4,2
51001,1920,765015,97921920,23520,0.6312500238418579,128,51000,0.23381757736206055,1920,17,2,500000,1000,,51001.0,0.6479166746139526,0.6181658506393433,0.6291666626930237,0.6221660375595093,203,1706488464,4,2
52001,1920,780015,99841920,23520,0.6291666626930237,128,52000,0.23766541481018066,1920,17,2,500000,1000,,52001.0,0.6494791507720947,0.6181632876396179,0.6354166865348816,0.6220531463623047,207,1706488464,4,2
53001,1920,795015,101761920,23520,0.6354166865348816,128,53000,0.2414853572845459,1920,17,2,500000,1000,,53001.0,0.6494791507720947,0.6181687712669373,0.6312500238418579,0.6221157312393188,211,1706488464,4,2
54001,1920,810015,103681920,23520,0.6312500238418579,128,54000,0.24531245231628418,1920,17,2,500000,1000,,54001.0,0.651562511920929,0.6181620955467224,0.6312500238418579,0.6224774718284607,215,1706488464,4,2
55001,1920,825015,105601920,23520,0.6312500238418579,128,55000,0.24961543083190918,1920,17,2,500000,1000,,55001.0,0.6505208611488342,0.6181643605232239,0.6312500238418579,0.6219492554664612,219,1706488464,4,2
56001,1920,840015,107521920,23520,0.6312500238418579,128,56000,0.25344371795654297,1920,17,2,500000,1000,,56001.0,0.6520833373069763,0.6181686520576477,0.6333333253860474,0.6221089959144592,223,1706488464,4,2
57001,1920,855015,109441920,23520,0.6333333253860474,128,57000,0.2574288845062256,1920,17,2,500000,1000,,57001.0,0.6484375,0.6181625723838806,0.6354166865348816,0.6224024295806885,227,1706488464,4,2
58001,1920,870015,111361920,23520,0.6354166865348816,128,58000,0.26137495040893555,1920,17,2,500000,1000,,58001.0,0.6484375,0.6181667447090149,0.6354166865348816,0.6221640110015869,232,1706488464,4,2
59001,1920,885015,113281920,23520,0.6354166865348816,128,59000,0.26535606384277344,1920,17,2,500000,1000,,59001.0,0.6484375,0.6181681156158447,0.6333333253860474,0.6225849986076355,236,1706488464,4,2
60001,1920,900015,115201920,23520,0.6333333253860474,128,60000,0.26940202713012695,1920,17,2,500000,1000,,60001.0,0.6479166746139526,0.6181632280349731,0.6333333253860474,0.622198760509491,240,1706488464,4,2
61001,1920,915015,117121920,23520,0.6333333253860474,128,61000,0.2732560634613037,1920,17,2,500000,1000,,61001.0,0.6484375,0.6181658506393433,0.6312500238418579,0.6221035122871399,244,1706488464,4,2
62001,1920,930015,119041920,23520,0.6312500238418579,128,62000,0.27709197998046875,1920,17,2,500000,1000,,62001.0,0.6489583253860474,0.6181663870811462,0.637499988079071,0.6217254400253296,248,1706488464,4,2
63001,1920,945015,120961920,23520,0.637499988079071,128,63000,0.2809600830078125,1920,17,2,500000,1000,,63001.0,0.6520833373069763,0.6181655526161194,0.6312500238418579,0.6221879124641418,252,1706488464,4,2
64001,1920,960015,122881920,23520,0.6312500238418579,128,64000,0.28591418266296387,1920,17,2,500000,1000,,64001.0,0.6489583253860474,0.6181641817092896,0.6333333253860474,0.6223224997520447,256,1706488464,4,2
65001,1920,975015,124801920,23520,0.6333333253860474,128,65000,0.28983020782470703,1920,17,2,500000,1000,,65001.0,0.6468750238418579,0.6181636452674866,0.6333333253860474,0.6224153637886047,260,1706488464,4,2
66001,1920,990015,126721920,23520,0.6333333253860474,128,66000,0.293626070022583,1920,17,2,500000,1000,,66001.0,0.6468750238418579,0.6181605458259583,0.6312500238418579,0.6222408413887024,264,1706488464,4,2
67001,1920,1005015,128641920,23520,0.6312500238418579,128,67000,0.29741597175598145,1920,17,2,500000,1000,,67001.0,0.6499999761581421,0.6181678175926208,0.6291666626930237,0.6223414540290833,268,1706488464,4,2
68001,1920,1020015,130561920,23520,0.6291666626930237,128,68000,0.3012092113494873,1920,17,2,500000,1000,,68001.0,0.6473958492279053,0.6181657314300537,0.6291666626930237,0.6223639845848083,272,1706488464,4,2
69001,1920,1035015,132481920,23520,0.6291666626930237,128,69000,0.3050260543823242,1920,17,2,500000,1000,,69001.0,0.6520833373069763,0.618165910243988,0.6291666626930237,0.6220276355743408,276,1706488464,4,2
70001,1920,1050015,134401920,23520,0.6291666626930237,128,70000,0.30962491035461426,1920,17,2,500000,1000,,70001.0,0.6484375,0.6181638240814209,0.6333333253860474,0.6224914789199829,280,1706488464,4,2
71001,1920,1065015,136321920,23520,0.6333333253860474,128,71000,0.31343698501586914,1920,17,2,500000,1000,,71001.0,0.6494791507720947,0.6181666254997253,0.6270833611488342,0.6221716403961182,284,1706488464,4,2
72001,1920,1080015,138241920,23520,0.6270833611488342,128,72000,0.3195149898529053,1920,17,2,500000,1000,,72001.0,0.6479166746139526,0.6181666254997253,0.6333333253860474,0.6218966841697693,288,1706488464,4,2
73001,1920,1095015,140161920,23520,0.6333333253860474,128,73000,0.32424306869506836,1920,17,2,500000,1000,,73001.0,0.6499999761581421,0.6181662678718567,0.6333333253860474,0.6222177147865295,293,1706488464,4,2
74001,1920,1110015,142081920,23520,0.6333333253860474,128,74000,0.3286161422729492,1920,17,2,500000,1000,,74001.0,0.6463541388511658,0.6181657910346985,0.6354166865348816,0.6221389174461365,297,1706488464,4,2
75001,1920,1125015,144001920,23520,0.6354166865348816,128,75000,0.33243322372436523,1920,17,2,500000,1000,,75001.0,0.6484375,0.618172824382782,0.6354166865348816,0.6226180791854858,301,1706488464,4,2
76001,1920,1140015,145921920,23520,0.6354166865348816,128,76000,0.3369169235229492,1920,17,2,500000,1000,,76001.0,0.6494791507720947,0.6181650757789612,0.6291666626930237,0.6222193837165833,305,1706488464,4,2
77001,1920,1155015,147841920,23520,0.6291666626930237,128,77000,0.3407878875732422,1920,17,2,500000,1000,,77001.0,0.6499999761581421,0.6181687116622925,0.6270833611488342,0.6228662729263306,309,1706488464,4,2
78001,1920,1170015,149761920,23520,0.6270833611488342,128,78000,0.34486985206604004,1920,17,2,500000,1000,,78001.0,0.6489583253860474,0.6181620359420776,0.6291666626930237,0.6220396757125854,313,1706488464,4,2
79001,1920,1185015,151681920,23520,0.6291666626930237,128,79000,0.3487520217895508,1920,17,2,500000,1000,,79001.0,0.6484375,0.6181631684303284,0.6312500238418579,0.6222476959228516,318,1706488464,4,2
80001,1920,1200015,153601920,23520,0.6312500238418579,128,80000,0.3526020050048828,1920,17,2,500000,1000,,80001.0,0.6499999761581421,0.6181665658950806,0.6270833611488342,0.6220457553863525,322,1706488464,4,2
81001,1920,1215015,155521920,23520,0.6270833611488342,128,81000,0.3564636707305908,1920,17,2,500000,1000,,81001.0,0.6489583253860474,0.6181651949882507,0.6291666626930237,0.6222859025001526,326,1706488464,4,2
82001,1920,1230015,157441920,23520,0.6291666626930237,128,82000,0.36067986488342285,1920,17,2,500000,1000,,82001.0,0.6479166746139526,0.6181628108024597,0.6333333253860474,0.6226001977920532,330,1706488464,4,2
83001,1920,1245015,159361920,23520,0.6333333253860474,128,83000,0.36504173278808594,1920,17,2,500000,1000,,83001.0,0.6479166746139526,0.6181642413139343,0.637499988079071,0.6221035718917847,335,1706488464,4,2
84001,1920,1260015,161281920,23520,0.637499988079071,128,84000,0.3691067695617676,1920,17,2,500000,1000,,84001.0,0.6484375,0.6181678771972656,0.6270833611488342,0.6222892999649048,339,1706488464,4,2
85001,1920,1275015,163201920,23520,0.6270833611488342,128,85000,0.37299346923828125,1920,17,2,500000,1000,,85001.0,0.6463541388511658,0.6181640028953552,0.6333333253860474,0.6226643919944763,343,1706488464,4,2
86001,1920,1290015,165121920,23520,0.6333333253860474,128,86000,0.3773524761199951,1920,17,2,500000,1000,,86001.0,0.6489583253860474,0.6181629300117493,0.6291666626930237,0.6221983432769775,347,1706488464,4,2
87001,1920,1305015,167041920,23520,0.6291666626930237,128,87000,0.3811495304107666,1920,17,2,500000,1000,,87001.0,0.6489583253860474,0.6181640625,0.6312500238418579,0.6223117709159851,351,1706488464,4,2
88001,1920,1320015,168961920,23520,0.6312500238418579,128,88000,0.3850524425506592,1920,17,2,500000,1000,,88001.0,0.6484375,0.6181656718254089,0.6291666626930237,0.6222135424613953,355,1706488464,4,2
89001,1920,1335015,170881920,23520,0.6291666626930237,128,89000,0.38924717903137207,1920,17,2,500000,1000,,89001.0,0.6499999761581421,0.6181628704071045,0.6291666626930237,0.622295081615448,359,1706488464,4,2
90001,1920,1350015,172801920,23520,0.6291666626930237,128,90000,0.39307618141174316,1920,17,2,500000,1000,,90001.0,0.6499999761581421,0.6181621551513672,0.625,0.6222857236862183,364,1706488464,4,2
91001,1920,1365015,174721920,23520,0.625,128,91000,0.39690732955932617,1920,17,2,500000,1000,,91001.0,0.6505208611488342,0.6181640625,0.6270833611488342,0.6224348545074463,368,1706488464,4,2
92001,1920,1380015,176641920,23520,0.6270833611488342,128,92000,0.40074729919433594,1920,17,2,500000,1000,,92001.0,0.6484375,0.6181629300117493,0.6354166865348816,0.6221947073936462,372,1706488464,4,2
93001,1920,1395015,178561920,23520,0.6354166865348816,128,93000,0.4046163558959961,1920,17,2,500000,1000,,93001.0,0.6489583253860474,0.618163526058197,0.6333333253860474,0.622299313545227,376,1706488464,4,2
94001,1920,1410015,180481920,23520,0.6333333253860474,128,94000,0.40868544578552246,1920,17,2,500000,1000,,94001.0,0.6473958492279053,0.6181614995002747,0.6333333253860474,0.6222535967826843,380,1706488464,4,2
95001,1920,1425015,182401920,23520,0.6333333253860474,128,95000,0.41247034072875977,1920,17,2,500000,1000,,95001.0,0.6499999761581421,0.6181670427322388,0.6312500238418579,0.6218391060829163,384,1706488464,4,2
96001,1920,1440015,184321920,23520,0.6312500238418579,128,96000,0.41687536239624023,1920,17,2,500000,1000,,96001.0,0.6499999761581421,0.6181610226631165,0.6291666626930237,0.6223440766334534,388,1706488464,4,2
97001,1920,1455015,186241920,23520,0.6291666626930237,128,97000,0.4206864833831787,1920,17,2,500000,1000,,97001.0,0.6494791507720947,0.6181628108024597,0.6291666626930237,0.6226148009300232,392,1706488464,4,2
98001,1920,1470015,188161920,23520,0.6291666626930237,128,98000,0.4245023727416992,1920,17,2,500000,1000,,98001.0,0.6479166746139526,0.6181631684303284,0.6333333253860474,0.6223574280738831,396,1706488464,4,2
99001,1920,1485015,190081920,23520,0.6333333253860474,128,99000,0.4283313751220703,1920,17,2,500000,1000,,99001.0,0.6479166746139526,0.6181657314300537,0.6333333253860474,0.6223528385162354,400,1706488464,4,2
100001,1920,1500015,192001920,23520,0.6333333253860474,128,100000,0.4321136474609375,1920,17,2,500000,1000,,100001.0,0.6505208611488342,0.6181681156158447,0.6312500238418579,0.6223598122596741,404,1706488464,4,2
101001,1920,1515015,193921920,23520,0.6312500238418579,128,101000,0.43590784072875977,1920,17,2,500000,1000,,101001.0,0.6473958492279053,0.6181612610816956,0.6312500238418579,0.6226367354393005,408,1706488464,4,2
102001,1920,1530015,195841920,23520,0.6312500238418579,128,102000,0.44059085845947266,1920,17,2,500000,1000,,102001.0,0.6479166746139526,0.6181622743606567,0.6312500238418579,0.6225889325141907,413,1706488464,4,2
103001,1920,1545015,197761920,23520,0.6312500238418579,128,103000,0.4459550380706787,1920,17,2,500000,1000,,103001.0,0.6499999761581421,0.6181632280349731,0.6312500238418579,0.6226853132247925,416,1706488464,4,2
104001,1920,1560015,199681920,23520,0.6312500238418579,128,104000,0.4496791362762451,1920,17,2,500000,1000,,104001.0,0.6468750238418579,0.6181647777557373,0.637499988079071,0.6220678687095642,421,1706488464,4,2
105001,1920,1575015,201601920,23520,0.637499988079071,128,105000,0.4547863006591797,1920,17,2,500000,1000,,105001.0,0.6505208611488342,0.618162989616394,0.6291666626930237,0.6218689680099487,425,1706488464,4,2
106001,1920,1590015,203521920,23520,0.6291666626930237,128,106000,0.45897340774536133,1920,17,2,500000,1000,,106001.0,0.6473958492279053,0.618161141872406,0.6333333253860474,0.6222614645957947,429,1706488464,4,2
107001,1920,1605015,205441920,23520,0.6333333253860474,128,107000,0.4628143310546875,1920,17,2,500000,1000,,107001.0,0.6489583253860474,0.6181672215461731,0.6291666626930237,0.6226194500923157,433,1706488464,4,2
108001,1920,1620015,207361920,23520,0.6291666626930237,128,108000,0.4668242931365967,1920,17,2,500000,1000,,108001.0,0.6484375,0.6181613802909851,0.6270833611488342,0.62248295545578,437,1706488464,4,2
109001,1920,1635015,209281920,23520,0.6270833611488342,128,109000,0.47081804275512695,1920,17,2,500000,1000,,109001.0,0.6489583253860474,0.6181651949882507,0.6312500238418579,0.6225565075874329,441,1706488464,4,2
110001,1920,1650015,211201920,23520,0.6312500238418579,128,110000,0.47466421127319336,1920,17,2,500000,1000,,110001.0,0.6494791507720947,0.6181637644767761,0.6291666626930237,0.6224495768547058,445,1706488464,4,2
111001,1920,1665015,213121920,23520,0.6291666626930237,128,111000,0.4790163040161133,1920,17,2,500000,1000,,111001.0,0.6479166746139526,0.618162214756012,0.6333333253860474,0.622491180896759,449,1706488464,4,2
112001,1920,1680015,215041920,23520,0.6333333253860474,128,112000,0.4828174114227295,1920,17,2,500000,1000,,112001.0,0.6499999761581421,0.6181687712669373,0.6312500238418579,0.622585117816925,453,1706488464,4,2
113001,1920,1695015,216961920,23520,0.6312500238418579,128,113000,0.48665547370910645,1920,17,2,500000,1000,,113001.0,0.6499999761581421,0.6181624531745911,0.6354166865348816,0.6219056248664856,457,1706488464,4,2
114001,1920,1710015,218881920,23520,0.6354166865348816,128,114000,0.490525484085083,1920,17,2,500000,1000,,114001.0,0.6473958492279053,0.6181641221046448,0.6312500238418579,0.6223894357681274,461,1706488464,4,2
115001,1920,1725015,220801920,23520,0.6312500238418579,128,115000,0.49431824684143066,1920,17,2,500000,1000,,115001.0,0.6489583253860474,0.6181617975234985,0.6354166865348816,0.6223117113113403,465,1706488464,4,2
116001,1920,1740015,222721920,23520,0.6354166865348816,128,116000,0.49816250801086426,1920,17,2,500000,1000,,116001.0,0.6526041626930237,0.6181631684303284,0.6312500238418579,0.6223613619804382,469,1706488464,4,2
117001,1920,1755015,224641920,23520,0.6312500238418579,128,117000,0.5030255317687988,1920,17,2,500000,1000,,117001.0,0.6484375,0.6181655526161194,0.6333333253860474,0.6221075057983398,473,1706488464,4,2
118001,1920,1770015,226561920,23520,0.6333333253860474,128,118000,0.5071585178375244,1920,17,2,500000,1000,,118001.0,0.6499999761581421,0.6181672215461731,0.6291666626930237,0.622607409954071,477,1706488464,4,2
119001,1920,1785015,228481920,23520,0.6291666626930237,128,119000,0.5110576152801514,1920,17,2,500000,1000,,119001.0,0.6494791507720947,0.6181690096855164,0.6333333253860474,0.6224748492240906,481,1706488464,4,2
120001,1920,1800015,230401920,23520,0.6333333253860474,128,120000,0.5149176120758057,1920,17,2,500000,1000,,120001.0,0.6505208611488342,0.6181694865226746,0.6291666626930237,0.622063398361206,485,1706488464,4,2
121001,1920,1815015,232321920,23520,0.6291666626930237,128,121000,0.5189013481140137,1920,17,2,500000,1000,,121001.0,0.6479166746139526,0.6181674599647522,0.6312500238418579,0.6218605637550354,489,1706488464,4,2
122001,1920,1830015,234241920,23520,0.6312500238418579,128,122000,0.5230064392089844,1920,17,2,500000,1000,,122001.0,0.6447916626930237,0.6181706190109253,0.6333333253860474,0.6222414374351501,493,1706488464,4,2
123001,1920,1845015,236161920,23520,0.6333333253860474,128,123000,0.5272891521453857,1920,17,2,500000,1000,,123001.0,0.6526041626930237,0.6181686520576477,0.6291666626930237,0.6223429441452026,498,1706488464,4,2
124001,1920,1860015,238081920,23520,0.6291666626930237,128,124000,0.531090259552002,1920,17,2,500000,1000,,124001.0,0.6484375,0.6181681156158447,0.6312500238418579,0.6225830316543579,502,1706488464,4,2
125001,1920,1875015,240001920,23520,0.6312500238418579,128,125000,0.5350203514099121,1920,17,2,500000,1000,,125001.0,0.6479166746139526,0.6181681752204895,0.6291666626930237,0.6220021843910217,506,1706488464,4,2
126001,1920,1890015,241921920,23520,0.6291666626930237,128,126000,0.5388734340667725,1920,17,2,500000,1000,,126001.0,0.6463541388511658,0.6181668043136597,0.6312500238418579,0.6218291521072388,510,1706488464,4,2
127001,1920,1905015,243841920,23520,0.6312500238418579,128,127000,0.5426795482635498,1920,17,2,500000,1000,,127001.0,0.6479166746139526,0.6181628108024597,0.6333333253860474,0.6220909357070923,514,1706488464,4,2
128001,1920,1920015,245761920,23520,0.6333333253860474,128,128000,0.5466375350952148,1920,17,2,500000,1000,,128001.0,0.6489583253860474,0.6181648969650269,0.6312500238418579,0.6220331192016602,517,1706488464,4,2
129001,1920,1935015,247681920,23520,0.6312500238418579,128,129000,0.5505316257476807,1920,17,2,500000,1000,,129001.0,0.6489583253860474,0.6181605458259583,0.6291666626930237,0.6222749948501587,521,1706488464,4,2
130001,1920,1950015,249601920,23520,0.6291666626930237,128,130000,0.5546250343322754,1920,17,2,500000,1000,,130001.0,0.6473958492279053,0.618162989616394,0.6312500238418579,0.6225494146347046,525,1706488464,4,2
131001,1920,1965015,251521920,23520,0.6312500238418579,128,131000,0.5584220886230469,1920,17,2,500000,1000,,131001.0,0.6489583253860474,0.6181649565696716,0.6333333253860474,0.6217082738876343,529,1706488464,4,2
132001,1920,1980015,253441920,23520,0.6333333253860474,128,132000,0.562877893447876,1920,17,2,500000,1000,,132001.0,0.6484375,0.618163526058197,0.6291666626930237,0.6222457885742188,533,1706488464,4,2
133001,1920,1995015,255361920,23520,0.6291666626930237,128,133000,0.5673227310180664,1920,17,2,500000,1000,,133001.0,0.6489583253860474,0.6181676983833313,0.6291666626930237,0.6224454045295715,537,1706488464,4,2
134001,1920,2010015,257281920,23520,0.6291666626930237,128,134000,0.5711827278137207,1920,17,2,500000,1000,,134001.0,0.6499999761581421,0.6181660890579224,0.6354166865348816,0.6224890351295471,541,1706488464,4,2
135001,1920,2025015,259201920,23520,0.6354166865348816,128,135000,0.5753936767578125,1920,17,2,500000,1000,,135001.0,0.6479166746139526,0.6181684732437134,0.6312500238418579,0.6223545670509338,545,1706488464,4,2
136001,1920,2040015,261121920,23520,0.6312500238418579,128,136000,0.5792238712310791,1920,17,2,500000,1000,,136001.0,0.6473958492279053,0.6181630492210388,0.6291666626930237,0.6227080225944519,549,1706488464,4,2
137001,1920,2055015,263041920,23520,0.6291666626930237,128,137000,0.5830686092376709,1920,17,2,500000,1000,,137001.0,0.6499999761581421,0.6181653141975403,0.6291666626930237,0.6223471164703369,553,1706488464,4,2
138001,1920,2070015,264961920,23520,0.6291666626930237,128,138000,0.5872554779052734,1920,17,2,500000,1000,,138001.0,0.6479166746139526,0.6181636452674866,0.6312500238418579,0.6224768161773682,557,1706488464,4,2
139001,1920,2085015,266881920,23520,0.6312500238418579,128,139000,0.5915093421936035,1920,17,2,500000,1000,,139001.0,0.6468750238418579,0.6181642413139343,0.6291666626930237,0.6222240924835205,562,1706488464,4,2
140001,1920,2100015,268801920,23520,0.6291666626930237,128,140000,0.5953445434570312,1920,17,2,500000,1000,,140001.0,0.6479166746139526,0.618165135383606,0.6333333253860474,0.6222617030143738,566,1706488464,4,2
141001,1920,2115015,270721920,23520,0.6333333253860474,128,141000,0.5997552871704102,1920,17,2,500000,1000,,141001.0,0.6479166746139526,0.6181641221046448,0.6333333253860474,0.6223656535148621,570,1706488464,4,2
142001,1920,2130015,272641920,23520,0.6333333253860474,128,142000,0.6038153171539307,1920,17,2,500000,1000,,142001.0,0.6505208611488342,0.618168294429779,0.6312500238418579,0.6226027011871338,574,1706488464,4,2
143001,1920,2145015,274561920,23520,0.6312500238418579,128,143000,0.608039140701294,1920,17,2,500000,1000,,143001.0,0.6489583253860474,0.6181640028953552,0.6333333253860474,0.6223897337913513,578,1706488464,4,2
144001,1920,2160015,276481920,23520,0.6333333253860474,128,144000,0.6119930744171143,1920,17,2,500000,1000,,144001.0,0.6489583253860474,0.6181643009185791,0.6312500238418579,0.6225477457046509,582,1706488464,4,2
145001,1920,2175015,278401920,23520,0.6312500238418579,128,145000,0.6159060001373291,1920,17,2,500000,1000,,145001.0,0.6484375,0.6181647777557373,0.6291666626930237,0.6224483251571655,586,1706488464,4,2
146001,1920,2190015,280321920,23520,0.6291666626930237,128,146000,0.6197390556335449,1920,17,2,500000,1000,,146001.0,0.6473958492279053,0.6181647181510925,0.6312500238418579,0.6222333312034607,590,1706488464,4,2
147001,1920,2205015,282241920,23520,0.6312500238418579,128,147000,0.6238160133361816,1920,17,2,500000,1000,,147001.0,0.6505208611488342,0.6181629300117493,0.625,0.6223528385162354,594,1706488464,4,2
148001,1920,2220015,284161920,23520,0.625,128,148000,0.6278579235076904,1920,17,2,500000,1000,,148001.0,0.6463541388511658,0.6181641221046448,0.6312500238418579,0.6222421526908875,598,1706488464,4,2
149001,1920,2235015,286081920,23520,0.6312500238418579,128,149000,0.6316730976104736,1920,17,2,500000,1000,,149001.0,0.6489583253860474,0.6181638240814209,0.6312500238418579,0.6223228573799133,602,1706488464,4,2
150001,1920,2250015,288001920,23520,0.6312500238418579,128,150000,0.6355640888214111,1920,17,2,500000,1000,,150001.0,0.6473958492279053,0.6181659698486328,0.6312500238418579,0.6221982836723328,606,1706488464,4,2
151001,1920,2265015,289921920,23520,0.6312500238418579,128,151000,0.6394031047821045,1920,17,2,500000,1000,,151001.0,0.6479166746139526,0.6181690096855164,0.637499988079071,0.6220678091049194,610,1706488464,4,2
152001,1920,2280015,291841920,23520,0.637499988079071,128,152000,0.6433653831481934,1920,17,2,500000,1000,,152001.0,0.6479166746139526,0.6181666254997253,0.6333333253860474,0.622096598148346,614,1706488464,4,2
153001,1920,2295015,293761920,23520,0.6333333253860474,128,153000,0.6471831798553467,1920,17,2,500000,1000,,153001.0,0.6479166746139526,0.6181650757789612,0.6333333253860474,0.6226691603660583,618,1706488464,4,2
154001,1920,2310015,295681920,23520,0.6333333253860474,128,154000,0.6509602069854736,1920,17,2,500000,1000,,154001.0,0.6499999761581421,0.6181653141975403,0.6333333253860474,0.6224496960639954,622,1706488464,4,2
155001,1920,2325015,297601920,23520,0.6333333253860474,128,155000,0.6547813415527344,1920,17,2,500000,1000,,155001.0,0.6494791507720947,0.618164598941803,0.6333333253860474,0.6224613785743713,626,1706488464,4,2
156001,1920,2340015,299521920,23520,0.6333333253860474,128,156000,0.658597469329834,1920,17,2,500000,1000,,156001.0,0.6489583253860474,0.6181647777557373,0.6333333253860474,0.6223313212394714,630,1706488464,4,2
157001,1920,2355015,301441920,23520,0.6333333253860474,128,157000,0.6623942852020264,1920,17,2,500000,1000,,157001.0,0.6479166746139526,0.6181644797325134,0.6333333253860474,0.6220143437385559,634,1706488464,4,2
158001,1920,2370015,303361920,23520,0.6333333253860474,128,158000,0.6661982536315918,1920,17,2,500000,1000,,158001.0,0.6484375,0.6181627511978149,0.6354166865348816,0.6222327351570129,638,1706488464,4,2
159001,1920,2385015,305281920,23520,0.6354166865348816,128,159000,0.6702821254730225,1920,17,2,500000,1000,,159001.0,0.6489583253860474,0.6181686520576477,0.637499988079071,0.6220408082008362,642,1706488464,4,2
160001,1920,2400015,307201920,23520,0.637499988079071,128,160000,0.674098014831543,1920,17,2,500000,1000,,160001.0,0.6484375,0.6181606650352478,0.6354166865348816,0.6220742464065552,646,1706488464,4,2
161001,1920,2415015,309121920,23520,0.6354166865348816,128,161000,0.6779310703277588,1920,17,2,500000,1000,,161001.0,0.6489583253860474,0.6181658506393433,0.6312500238418579,0.6222612857818604,650,1706488464,4,2
162001,1920,2430015,311041920,23520,0.6312500238418579,128,162000,0.6818912029266357,1920,17,2,500000,1000,,162001.0,0.6520833373069763,0.6181671023368835,0.6270833611488342,0.6223815679550171,654,1706488464,4,2
163001,1920,2445015,312961920,23520,0.6270833611488342,128,163000,0.6857242584228516,1920,17,2,500000,1000,,163001.0,0.6484375,0.6181673407554626,0.6333333253860474,0.6220895051956177,658,1706488464,4,2
164001,1920,2460015,314881920,23520,0.6333333253860474,128,164000,0.6896402835845947,1920,17,2,500000,1000,,164001.0,0.6499999761581421,0.6181643009185791,0.6312500238418579,0.6222713589668274,662,1706488464,4,2
165001,1920,2475015,316801920,23520,0.6312500238418579,128,165000,0.6938843727111816,1920,17,2,500000,1000,,165001.0,0.6494791507720947,0.6181620359420776,0.6312500238418579,0.6223267316818237,666,1706488464,4,2
166001,1920,2490015,318721920,23520,0.6312500238418579,128,166000,0.6977443695068359,1920,17,2,500000,1000,,166001.0,0.6484375,0.6181656122207642,0.6291666626930237,0.6218952536582947,670,1706488464,4,2
167001,1920,2505015,320641920,23520,0.6291666626930237,128,167000,0.7015981674194336,1920,17,2,500000,1000,,167001.0,0.6479166746139526,0.618165135383606,0.6291666626930237,0.6220915913581848,674,1706488464,4,2
168001,1920,2520015,322561920,23520,0.6291666626930237,128,168000,0.7056560516357422,1920,17,2,500000,1000,,168001.0,0.645312488079071,0.6181634664535522,0.6354166865348816,0.6224198937416077,678,1706488464,4,2
169001,1920,2535015,324481920,23520,0.6354166865348816,128,169000,0.7097818851470947,1920,17,2,500000,1000,,169001.0,0.6484375,0.6181637048721313,0.6291666626930237,0.6222407817840576,682,1706488464,4,2
170001,1920,2550015,326401920,23520,0.6291666626930237,128,170000,0.713648796081543,1920,17,2,500000,1000,,170001.0,0.6494791507720947,0.6181659698486328,0.6312500238418579,0.6221795678138733,686,1706488464,4,2
171001,1920,2565015,328321920,23520,0.6312500238418579,128,171000,0.7174396514892578,1920,17,2,500000,1000,,171001.0,0.6494791507720947,0.6181679368019104,0.6291666626930237,0.6226096749305725,690,1706488464,4,2
172001,1920,2580015,330241920,23520,0.6291666626930237,128,172000,0.7212376594543457,1920,17,2,500000,1000,,172001.0,0.6489583253860474,0.6181673407554626,0.6291666626930237,0.622283935546875,693,1706488464,4,2
173001,1920,2595015,332161920,23520,0.6291666626930237,128,173000,0.7250638008117676,1920,17,2,500000,1000,,173001.0,0.6468750238418579,0.6181649565696716,0.6354166865348816,0.6222994923591614,697,1706488464,4,2
174001,1920,2610015,334081920,23520,0.6354166865348816,128,174000,0.7288689613342285,1920,17,2,500000,1000,,174001.0,0.6489583253860474,0.6181663870811462,0.6312500238418579,0.6223581433296204,701,1706488464,4,2
175001,1920,2625015,336001920,23520,0.6312500238418579,128,175000,0.7329099178314209,1920,17,2,500000,1000,,175001.0,0.6494791507720947,0.6181620359420776,0.637499988079071,0.6224365234375,705,1706488464,4,2
176001,1920,2640015,337921920,23520,0.637499988079071,128,176000,0.7367420196533203,1920,17,2,500000,1000,,176001.0,0.6499999761581421,0.6181625723838806,0.6333333253860474,0.6225051283836365,709,1706488464,4,2
177001,1920,2655015,339841920,23520,0.6333333253860474,128,177000,0.7405850887298584,1920,17,2,500000,1000,,177001.0,0.6494791507720947,0.618164598941803,0.6333333253860474,0.6220220327377319,713,1706488464,4,2
178001,1920,2670015,341761920,23520,0.6333333253860474,128,178000,0.7446041107177734,1920,17,2,500000,1000,,178001.0,0.6473958492279053,0.6181718707084656,0.6333333253860474,0.6222006678581238,717,1706488464,4,2
179001,1920,2685015,343681920,23520,0.6333333253860474,128,179000,0.7484650611877441,1920,17,2,500000,1000,,179001.0,0.6489583253860474,0.6181640625,0.6312500238418579,0.6223526000976562,721,1706488464,4,2
180001,1920,2700015,345601920,23520,0.6312500238418579,128,180000,0.7522940635681152,1920,17,2,500000,1000,,180001.0,0.6505208611488342,0.6181655526161194,0.6312500238418579,0.6224777102470398,725,1706488464,4,2
181001,1920,2715015,347521920,23520,0.6312500238418579,128,181000,0.7561259269714355,1920,17,2,500000,1000,,181001.0,0.6510416865348816,0.6181679964065552,0.6270833611488342,0.6223858594894409,729,1706488464,4,2
182001,1920,2730015,349441920,23520,0.6270833611488342,128,182000,0.7600667476654053,1920,17,2,500000,1000,,182001.0,0.6473958492279053,0.6181640028953552,0.6354166865348816,0.6220616102218628,733,1706488464,4,2
183001,1920,2745015,351361920,23520,0.6354166865348816,128,183000,0.7641856670379639,1920,17,2,500000,1000,,183001.0,0.6494791507720947,0.6181704998016357,0.6270833611488342,0.6222817897796631,737,1706488464,4,2
184001,1920,2760015,353281920,23520,0.6270833611488342,128,184000,0.7680935859680176,1920,17,2,500000,1000,,184001.0,0.6473958492279053,0.6181662082672119,0.6291666626930237,0.6220982670783997,741,1706488464,4,2
185001,1920,2775015,355201920,23520,0.6291666626930237,128,185000,0.7718935012817383,1920,17,2,500000,1000,,185001.0,0.6489583253860474,0.6181665658950806,0.6312500238418579,0.6223344206809998,745,1706488464,4,2
186001,1920,2790015,357121920,23520,0.6312500238418579,128,186000,0.7761185169219971,1920,17,2,500000,1000,,186001.0,0.6499999761581421,0.618162214756012,0.6291666626930237,0.6224796175956726,749,1706488464,4,2
187001,1920,2805015,359041920,23520,0.6291666626930237,128,187000,0.7801294326782227,1920,17,2,500000,1000,,187001.0,0.6499999761581421,0.6181668639183044,0.6312500238418579,0.6223912835121155,753,1706488464,4,2
188001,1920,2820015,360961920,23520,0.6312500238418579,128,188000,0.7839584350585938,1920,17,2,500000,1000,,188001.0,0.6494791507720947,0.6181631684303284,0.6291666626930237,0.622417688369751,757,1706488464,4,2
189001,1920,2835015,362881920,23520,0.6291666626930237,128,189000,0.7878303527832031,1920,17,2,500000,1000,,189001.0,0.6499999761581421,0.6181623935699463,0.6333333253860474,0.6227426528930664,761,1706488464,4,2
190001,1920,2850015,364801920,23520,0.6333333253860474,128,190000,0.7918012142181396,1920,17,2,500000,1000,,190001.0,0.6479166746139526,0.6181616187095642,0.6333333253860474,0.6226072907447815,765,1706488464,4,2
191001,1920,2865015,366721920,23520,0.6333333253860474,128,191000,0.7956202030181885,1920,17,2,500000,1000,,191001.0,0.6489583253860474,0.6181653141975403,0.6312500238418579,0.6223232746124268,768,1706488464,4,2
192001,1920,2880015,368641920,23520,0.6312500238418579,128,192000,0.7994329929351807,1920,17,2,500000,1000,,192001.0,0.6468750238418579,0.6181641817092896,0.6333333253860474,0.6223588585853577,772,1706488464,4,2
193001,1920,2895015,370561920,23520,0.6333333253860474,128,193000,0.8032698631286621,1920,17,2,500000,1000,,193001.0,0.6479166746139526,0.6181658506393433,0.6333333253860474,0.6222851872444153,776,1706488464,4,2
194001,1920,2910015,372481920,23520,0.6333333253860474,128,194000,0.807257890701294,1920,17,2,500000,1000,,194001.0,0.6499999761581421,0.6181670427322388,0.6354166865348816,0.6222450137138367,780,1706488464,4,2
195001,1920,2925015,374401920,23520,0.6354166865348816,128,195000,0.811335563659668,1920,17,2,500000,1000,,195001.0,0.6484375,0.6181688904762268,0.6312500238418579,0.6220288872718811,784,1706488464,4,2
196001,1920,2940015,376321920,23520,0.6312500238418579,128,196000,0.8153386116027832,1920,17,2,500000,1000,,196001.0,0.6505208611488342,0.6181647777557373,0.6312500238418579,0.6225000023841858,788,1706488464,4,2
197001,1920,2955015,378241920,23520,0.6312500238418579,128,197000,0.8191757202148438,1920,17,2,500000,1000,,197001.0,0.6489583253860474,0.6181665062904358,0.6270833611488342,0.622160017490387,792,1706488464,4,2
198001,1920,2970015,380161920,23520,0.6270833611488342,128,198000,0.823049783706665,1920,17,2,500000,1000,,198001.0,0.6479166746139526,0.6181687712669373,0.6291666626930237,0.6224269866943359,796,1706488464,4,2
199001,1920,2985015,382081920,23520,0.6291666626930237,128,199000,0.826934814453125,1920,17,2,500000,1000,,199001.0,0.6489583253860474,0.6181653141975403,0.6312500238418579,0.6222898364067078,800,1706488464,4,2
200001,1920,3000015,384001920,23520,0.6312500238418579,128,200000,0.8313987255096436,1920,17,2,500000,1000,,200001.0,0.6484375,0.6181647181510925,0.6291666626930237,0.6224830150604248,804,1706488464,4,2
201001,1920,3015015,385921920,23520,0.6291666626930237,128,201000,0.8352024555206299,1920,17,2,500000,1000,,201001.0,0.6499999761581421,0.6181666851043701,0.6312500238418579,0.6221221685409546,809,1706488464,4,2
202001,1920,3030015,387841920,23520,0.6312500238418579,128,202000,0.8390345573425293,1920,17,2,500000,1000,,202001.0,0.6494791507720947,0.6181650161743164,0.637499988079071,0.6224600076675415,813,1706488464,4,2
203001,1920,3045015,389761920,23520,0.637499988079071,128,203000,0.8428945541381836,1920,17,2,500000,1000,,203001.0,0.6484375,0.6181646585464478,0.6354166865348816,0.6221878528594971,817,1706488464,4,2
204001,1920,3060015,391681920,23520,0.6354166865348816,128,204000,0.8470616340637207,1920,17,2,500000,1000,,204001.0,0.6489583253860474,0.6181653738021851,0.6312500238418579,0.6221917867660522,821,1706488464,4,2
205001,1920,3075015,393601920,23520,0.6312500238418579,128,205000,0.8512377738952637,1920,17,2,500000,1000,,205001.0,0.6505208611488342,0.6181672215461731,0.6354166865348816,0.6222713589668274,825,1706488464,4,2
206001,1920,3090015,395521920,23520,0.6354166865348816,128,206000,0.8557126522064209,1920,17,2,500000,1000,,206001.0,0.6499999761581421,0.6181650757789612,0.6333333253860474,0.6223079562187195,829,1706488464,4,2
207001,1920,3105015,397441920,23520,0.6333333253860474,128,207000,0.8595507144927979,1920,17,2,500000,1000,,207001.0,0.653124988079071,0.618164598941803,0.6270833611488342,0.6225855946540833,834,1706488464,4,2
208001,1920,3120015,399361920,23520,0.6270833611488342,128,208000,0.8634078502655029,1920,17,2,500000,1000,,208001.0,0.6499999761581421,0.6181630492210388,0.6270833611488342,0.6222183108329773,838,1706488464,4,2
209001,1920,3135015,401281920,23520,0.6270833611488342,128,209000,0.8672597408294678,1920,17,2,500000,1000,,209001.0,0.6489583253860474,0.6181613802909851,0.6333333253860474,0.622523844242096,842,1706488464,4,2
210001,1920,3150015,403201920,23520,0.6333333253860474,128,210000,0.8710436820983887,1920,17,2,500000,1000,,210001.0,0.6499999761581421,0.6181637048721313,0.6291666626930237,0.6222283840179443,846,1706488464,4,2
211001,1920,3165015,405121920,23520,0.6291666626930237,128,211000,0.8748304843902588,1920,17,2,500000,1000,,211001.0,0.6499999761581421,0.6181672811508179,0.6312500238418579,0.6222778558731079,850,1706488464,4,2
212001,1920,3180015,407041920,23520,0.6312500238418579,128,212000,0.8789386749267578,1920,17,2,500000,1000,,212001.0,0.6479166746139526,0.6181672811508179,0.6312500238418579,0.6218013763427734,854,1706488464,4,2
213001,1920,3195015,408961920,23520,0.6312500238418579,128,213000,0.8829028606414795,1920,17,2,500000,1000,,213001.0,0.6484375,0.6181659698486328,0.6333333253860474,0.6220507025718689,858,1706488464,4,2
214001,1920,3210015,410881920,23520,0.6333333253860474,128,214000,0.8866920471191406,1920,17,2,500000,1000,,214001.0,0.6479166746139526,0.6181631684303284,0.6354166865348816,0.6221709847450256,861,1706488464,4,2
215001,1920,3225015,412801920,23520,0.6354166865348816,128,215000,0.8904938697814941,1920,17,2,500000,1000,,215001.0,0.6479166746139526,0.6181685328483582,0.6354166865348816,0.6221914887428284,865,1706488464,4,2
216001,1920,3240015,414721920,23520,0.6354166865348816,128,216000,0.8943028450012207,1920,17,2,500000,1000,,216001.0,0.6489583253860474,0.6181660294532776,0.6333333253860474,0.6223061084747314,869,1706488464,4,2
217001,1920,3255015,416641920,23520,0.6333333253860474,128,217000,0.8981149196624756,1920,17,2,500000,1000,,217001.0,0.6484375,0.6181682348251343,0.6312500238418579,0.6220328211784363,873,1706488464,4,2
218001,1920,3270015,418561920,23520,0.6312500238418579,128,218000,0.9019019603729248,1920,17,2,500000,1000,,218001.0,0.6484375,0.6181676983833313,0.6312500238418579,0.6222231388092041,877,1706488464,4,2
219001,1920,3285015,420481920,23520,0.6312500238418579,128,219000,0.905709981918335,1920,17,2,500000,1000,,219001.0,0.6463541388511658,0.6181691884994507,0.6333333253860474,0.6222811341285706,881,1706488464,4,2
220001,1920,3300015,422401920,23520,0.6333333253860474,128,220000,0.9095158576965332,1920,17,2,500000,1000,,220001.0,0.6499999761581421,0.6181605458259583,0.6312500238418579,0.6222460865974426,885,1706488464,4,2
221001,1920,3315015,424321920,23520,0.6312500238418579,128,221000,0.9137239456176758,1920,17,2,500000,1000,,221001.0,0.6489583253860474,0.6181618571281433,0.6291666626930237,0.6224228143692017,889,1706488464,4,2
222001,1920,3330015,426241920,23520,0.6291666626930237,128,222000,0.917565107345581,1920,17,2,500000,1000,,222001.0,0.6494791507720947,0.6181643009185791,0.6312500238418579,0.6223208904266357,893,1706488464,4,2
223001,1920,3345015,428161920,23520,0.6312500238418579,128,223000,0.9214663505554199,1920,17,2,500000,1000,,223001.0,0.6484375,0.6181653738021851,0.6270833611488342,0.6227089762687683,897,1706488464,4,2
224001,1920,3360015,430081920,23520,0.6270833611488342,128,224000,0.9252603054046631,1920,17,2,500000,1000,,224001.0,0.6494791507720947,0.618167519569397,0.6312500238418579,0.6218942999839783,901,1706488464,4,2
225001,1920,3375015,432001920,23520,0.6312500238418579,128,225000,0.9291281700134277,1920,17,2,500000,1000,,225001.0,0.6489583253860474,0.6181660294532776,0.6333333253860474,0.621878981590271,905,1706488464,4,2
226001,1920,3390015,433921920,23520,0.6333333253860474,128,226000,0.933164119720459,1920,17,2,500000,1000,,226001.0,0.6489583253860474,0.6181649565696716,0.6312500238418579,0.6223277449607849,909,1706488464,4,2
227001,1920,3405015,435841920,23520,0.6312500238418579,128,227000,0.9369890689849854,1920,17,2,500000,1000,,227001.0,0.6494791507720947,0.6181715130805969,0.6270833611488342,0.6227400302886963,913,1706488464,4,2
228001,1920,3420015,437761920,23520,0.6270833611488342,128,228000,0.9408190250396729,1920,17,2,500000,1000,,228001.0,0.6499999761581421,0.618164598941803,0.6291666626930237,0.6222904324531555,917,1706488464,4,2
229001,1920,3435015,439681920,23520,0.6291666626930237,128,229000,0.9446158409118652,1920,17,2,500000,1000,,229001.0,0.6473958492279053,0.6181634068489075,0.6333333253860474,0.6222912073135376,921,1706488464,4,2
230001,1920,3450015,441601920,23520,0.6333333253860474,128,230000,0.9484348297119141,1920,17,2,500000,1000,,230001.0,0.6489583253860474,0.6181666254997253,0.6333333253860474,0.6222674250602722,925,1706488464,4,2
231001,1920,3465015,443521920,23520,0.6333333253860474,128,231000,0.9522168636322021,1920,17,2,500000,1000,,231001.0,0.6479166746139526,0.6181660294532776,0.6312500238418579,0.6220309734344482,929,1706488464,4,2
232001,1920,3480015,445441920,23520,0.6312500238418579,128,232000,0.9564058780670166,1920,17,2,500000,1000,,232001.0,0.6505208611488342,0.6181684136390686,0.6312500238418579,0.6223596334457397,933,1706488464,4,2
233001,1920,3495015,447361920,23520,0.6312500238418579,128,233000,0.9602668285369873,1920,17,2,500000,1000,,233001.0,0.6505208611488342,0.6181638240814209,0.6270833611488342,0.6226938366889954,937,1706488464,4,2
234001,1920,3510015,449281920,23520,0.6270833611488342,128,234000,0.9640679359436035,1920,17,2,500000,1000,,234001.0,0.6526041626930237,0.6181662678718567,0.6291666626930237,0.6220491528511047,941,1706488464,4,2
235001,1920,3525015,451201920,23520,0.6291666626930237,128,235000,0.9678738117218018,1920,17,2,500000,1000,,235001.0,0.6494791507720947,0.6181685328483582,0.6354166865348816,0.622231125831604,944,1706488464,4,2
236001,1920,3540015,453121920,23520,0.6354166865348816,128,236000,0.9719030857086182,1920,17,2,500000,1000,,236001.0,0.6494791507720947,0.618164598941803,0.6312500238418579,0.6223909854888916,948,1706488464,4,2
237001,1920,3555015,455041920,23520,0.6312500238418579,128,237000,0.9758510589599609,1920,17,2,500000,1000,,237001.0,0.6484375,0.6181701421737671,0.6312500238418579,0.6221752166748047,952,1706488464,4,2
238001,1920,3570015,456961920,23520,0.6312500238418579,128,238000,0.9796690940856934,1920,17,2,500000,1000,,238001.0,0.6494791507720947,0.6181676983833313,0.6312500238418579,0.6223453283309937,956,1706488464,4,2
239001,1920,3585015,458881920,23520,0.6312500238418579,128,239000,0.9835052490234375,1920,17,2,500000,1000,,239001.0,0.6473958492279053,0.6181699633598328,0.6312500238418579,0.6220527291297913,960,1706488464,4,2
240001,1920,3600015,460801920,23520,0.6312500238418579,128,240000,0.9875414371490479,1920,17,2,500000,1000,,240001.0,0.6479166746139526,0.6181629300117493,0.6312500238418579,0.6224220395088196,964,1706488464,4,2
241001,1920,3615015,462721920,23520,0.6312500238418579,128,241000,0.991316556930542,1920,17,2,500000,1000,,241001.0,0.6489583253860474,0.618169903755188,0.6291666626930237,0.6226465106010437,968,1706488464,4,2
242001,1920,3630015,464641920,23520,0.6291666626930237,128,242000,0.9951748847961426,1920,17,2,500000,1000,,242001.0,0.6505208611488342,0.6181634664535522,0.6291666626930237,0.6223339438438416,973,1706488464,4,2
243001,1920,3645015,466561920,23520,0.6291666626930237,128,243000,0.9990584850311279,1920,17,2,500000,1000,,243001.0,0.6484375,0.6181631088256836,0.6291666626930237,0.622183620929718,977,1706488464,4,2
244001,1920,3660015,468481920,23520,0.6291666626930237,128,244000,1.0034432411193848,1920,17,2,500000,1000,,244001.0,0.6489583253860474,0.6181650757789612,0.6312500238418579,0.6220480799674988,981,1706488464,4,2
245001,1920,3675015,470401920,23520,0.6312500238418579,128,245000,1.007270097732544,1920,17,2,500000,1000,,245001.0,0.6473958492279053,0.6181634068489075,0.6333333253860474,0.6222200989723206,985,1706488464,4,2
246001,1920,3690015,472321920,23520,0.6333333253860474,128,246000,1.0112462043762207,1920,17,2,500000,1000,,246001.0,0.6473958492279053,0.6181646585464478,0.6333333253860474,0.6221014261245728,989,1706488464,4,2
247001,1920,3705015,474241920,23520,0.6333333253860474,128,247000,1.0154352188110352,1920,17,2,500000,1000,,247001.0,0.6479166746139526,0.6181703209877014,0.6291666626930237,0.6224754452705383,993,1706488464,4,2
248001,1920,3720015,476161920,23520,0.6291666626930237,128,248000,1.0193183422088623,1920,17,2,500000,1000,,248001.0,0.6489583253860474,0.618165135383606,0.6270833611488342,0.6224690675735474,997,1706488464,4,2
249001,1920,3735015,478081920,23520,0.6270833611488342,128,249000,1.023242473602295,1920,17,2,500000,1000,,249001.0,0.6484375,0.6181730628013611,0.6270833611488342,0.622783899307251,1001,1706488464,4,2
250001,1920,3750015,480001920,23520,0.6270833611488342,128,250000,1.027092456817627,1920,17,2,500000,1000,,250001.0,0.651562511920929,0.6181647181510925,0.625,0.622224748134613,1005,1706488464,4,2
251001,1920,3765015,481921920,23520,0.625,128,251000,1.031137228012085,1920,17,2,500000,1000,,251001.0,0.6505208611488342,0.6181685924530029,0.6270833611488342,0.6228954792022705,1009,1706488464,4,2
252001,1920,3780015,483841920,23520,0.6270833611488342,128,252000,1.034933090209961,1920,17,2,500000,1000,,252001.0,0.6489583253860474,0.6181632876396179,0.6333333253860474,0.6220819354057312,1013,1706488464,4,2
253001,1920,3795015,485761920,23520,0.6333333253860474,128,253000,1.0390212535858154,1920,17,2,500000,1000,,253001.0,0.6494791507720947,0.6181665062904358,0.6291666626930237,0.6221102476119995,1017,1706488464,4,2
254001,1920,3810015,487681920,23520,0.6291666626930237,128,254000,1.0429091453552246,1920,17,2,500000,1000,,254001.0,0.6499999761581421,0.6181654334068298,0.6312500238418579,0.6220895648002625,1021,1706488464,4,2
255001,1920,3825015,489601920,23520,0.6312500238418579,128,255000,1.0467650890350342,1920,17,2,500000,1000,,255001.0,0.6505208611488342,0.6181647181510925,0.6354166865348816,0.6222432851791382,1025,1706488464,4,2
256001,1920,3840015,491521920,23520,0.6354166865348816,128,256000,1.051875114440918,1920,17,2,500000,1000,,256001.0,0.6510416865348816,0.6181656718254089,0.6312500238418579,0.6226059198379517,1028,1706488464,4,2
257001,1920,3855015,493441920,23520,0.6312500238418579,128,257000,1.0567550659179688,1920,17,2,500000,1000,,257001.0,0.6505208611488342,0.618171751499176,0.6270833611488342,0.6223047971725464,1032,1706488464,4,2
258001,1920,3870015,495361920,23520,0.6270833611488342,128,258000,1.0606141090393066,1920,17,2,500000,1000,,258001.0,0.6494791507720947,0.6181653738021851,0.6333333253860474,0.6220785975456238,1036,1706488464,4,2
259001,1920,3885015,497281920,23520,0.6333333253860474,128,259000,1.0646111965179443,1920,17,2,500000,1000,,259001.0,0.6494791507720947,0.6181657910346985,0.6312500238418579,0.6224527955055237,1040,1706488464,4,2
260001,1920,3900015,499201920,23520,0.6312500238418579,128,260000,1.0684161186218262,1920,17,2,500000,1000,,260001.0,0.6468750238418579,0.6181644797325134,0.6333333253860474,0.6226168274879456,1044,1706488464,4,2
261001,1920,3915015,501121920,23520,0.6333333253860474,128,261000,1.072756290435791,1920,17,2,500000,1000,,261001.0,0.6484375,0.618165135383606,0.6312500238418579,0.6224913001060486,1049,1706488464,4,2
262001,1920,3930015,503041920,23520,0.6312500238418579,128,262000,1.0766241550445557,1920,17,2,500000,1000,,262001.0,0.6489583253860474,0.6181638836860657,0.6291666626930237,0.6225841641426086,1053,1706488464,4,2
263001,1920,3945015,504961920,23520,0.6291666626930237,128,263000,1.0805470943450928,1920,17,2,500000,1000,,263001.0,0.6484375,0.6181672811508179,0.6333333253860474,0.6222220063209534,1057,1706488464,4,2
264001,1920,3960015,506881920,23520,0.6333333253860474,128,264000,1.0843660831451416,1920,17,2,500000,1000,,264001.0,0.6489583253860474,0.6181661486625671,0.6312500238418579,0.6225053071975708,1060,1706488464,4,2
265001,1920,3975015,508801920,23520,0.6312500238418579,128,265000,1.0881493091583252,1920,17,2,500000,1000,,265001.0,0.6479166746139526,0.6181631684303284,0.6333333253860474,0.6221336126327515,1064,1706488464,4,2
266001,1920,3990015,510721920,23520,0.6333333253860474,128,266000,1.091923475265503,1920,17,2,500000,1000,,266001.0,0.6479166746139526,0.6181662082672119,0.6312500238418579,0.622027575969696,1068,1706488464,4,2
267001,1920,4005015,512641920,23520,0.6312500238418579,128,267000,1.0961191654205322,1920,17,2,500000,1000,,267001.0,0.6484375,0.6181638240814209,0.6312500238418579,0.6222342848777771,1072,1706488464,4,2
268001,1920,4020015,514561920,23520,0.6312500238418579,128,268000,1.0999619960784912,1920,17,2,500000,1000,,268001.0,0.6479166746139526,0.6181673407554626,0.6291666626930237,0.6222090125083923,1076,1706488464,4,2
269001,1920,4035015,516481920,23520,0.6291666626930237,128,269000,1.1039741039276123,1920,17,2,500000,1000,,269001.0,0.6468750238418579,0.6181689500808716,0.6312500238418579,0.6222684979438782,1080,1706488464,4,2
270001,1920,4050015,518401920,23520,0.6312500238418579,128,270000,1.1083638668060303,1920,17,2,500000,1000,,270001.0,0.6463541388511658,0.6181672215461731,0.6333333253860474,0.6217866539955139,1084,1706488464,4,2
271001,1920,4065015,520321920,23520,0.6333333253860474,128,271000,1.1128101348876953,1920,17,2,500000,1000,,271001.0,0.6463541388511658,0.6181648969650269,0.6312500238418579,0.6220527291297913,1088,1706488464,4,2
272001,1920,4080015,522241920,23520,0.6312500238418579,128,272000,1.116584062576294,1920,17,2,500000,1000,,272001.0,0.6505208611488342,0.6181695461273193,0.6333333253860474,0.6223882436752319,1092,1706488464,4,2
273001,1920,4095015,524161920,23520,0.6333333253860474,128,273000,1.120375156402588,1920,17,2,500000,1000,,273001.0,0.6484375,0.6181650757789612,0.6291666626930237,0.6224498152732849,1096,1706488464,4,2
274001,1920,4110015,526081920,23520,0.6291666626930237,128,274000,1.1241321563720703,1920,17,2,500000,1000,,274001.0,0.6473958492279053,0.6181669235229492,0.6354166865348816,0.622104823589325,1100,1706488464,4,2
275001,1920,4125015,528001920,23520,0.6354166865348816,128,275000,1.127897024154663,1920,17,2,500000,1000,,275001.0,0.6484375,0.6181630492210388,0.6270833611488342,0.6224755644798279,1104,1706488464,4,2
276001,1920,4140015,529921920,23520,0.6270833611488342,128,276000,1.1316759586334229,1920,17,2,500000,1000,,276001.0,0.6499999761581421,0.6181660890579224,0.6333333253860474,0.622343897819519,1108,1706488464,4,2
277001,1920,4155015,531841920,23520,0.6333333253860474,128,277000,1.135451078414917,1920,17,2,500000,1000,,277001.0,0.6499999761581421,0.6181678771972656,0.6291666626930237,0.6224738955497742,1112,1706488464,4,2
278001,1920,4170015,533761920,23520,0.6291666626930237,128,278000,1.1392159461975098,1920,17,2,500000,1000,,278001.0,0.6505208611488342,0.6181657910346985,0.6354166865348816,0.622486412525177,1116,1706488464,4,2
279001,1920,4185015,535681920,23520,0.6354166865348816,128,279000,1.1429917812347412,1920,17,2,500000,1000,,279001.0,0.6499999761581421,0.6181649565696716,0.6291666626930237,0.622562825679779,1120,1706488464,4,2
280001,1920,4200015,537601920,23520,0.6291666626930237,128,280000,1.150254726409912,1920,17,2,500000,1000,,280001.0,0.6494791507720947,0.6181594133377075,0.6270833611488342,0.6225508451461792,1124,1706488464,4,2
281001,1920,4215015,539521920,23520,0.6270833611488342,128,281000,1.1539745330810547,1920,17,2,500000,1000,,281001.0,0.6494791507720947,0.618163526058197,0.6333333253860474,0.6221910119056702,1128,1706488464,4,2
282001,1920,4230015,541441920,23520,0.6333333253860474,128,282000,1.1577587127685547,1920,17,2,500000,1000,,282001.0,0.6479166746139526,0.618164598941803,0.6312500238418579,0.6223874688148499,1132,1706488464,4,2
283001,1920,4245015,543361920,23520,0.6312500238418579,128,283000,1.1616415977478027,1920,17,2,500000,1000,,283001.0,0.6479166746139526,0.6181626915931702,0.6354166865348816,0.6225422024726868,1137,1706488464,4,2
284001,1920,4260015,545281920,23520,0.6354166865348816,128,284000,1.1654548645019531,1920,17,2,500000,1000,,284001.0,0.6489583253860474,0.618165910243988,0.6291666626930237,0.62184077501297,1142,1706488464,4,2
285001,1920,4275015,547201920,23520,0.6291666626930237,128,285000,1.1699028015136719,1920,17,2,500000,1000,,285001.0,0.6489583253860474,0.6181660890579224,0.6333333253860474,0.6222943663597107,1146,1706488464,4,2
286001,1920,4290015,549121920,23520,0.6333333253860474,128,286000,1.1737229824066162,1920,17,2,500000,1000,,286001.0,0.6510416865348816,0.6181713342666626,0.6312500238418579,0.6224290132522583,1150,1706488464,4,2
287001,1920,4305015,551041920,23520,0.6312500238418579,128,287000,1.177513837814331,1920,17,2,500000,1000,,287001.0,0.6463541388511658,0.6181656122207642,0.6354166865348816,0.6222452521324158,1154,1706488464,4,2
288001,1920,4320015,552961920,23520,0.6354166865348816,128,288000,1.1821959018707275,1920,17,2,500000,1000,,288001.0,0.6473958492279053,0.6181608438491821,0.6354166865348816,0.6222473382949829,1158,1706488464,4,2
289001,1920,4335015,554881920,23520,0.6354166865348816,128,289000,1.1869268417358398,1920,17,2,500000,1000,,289001.0,0.6463541388511658,0.6181600093841553,0.6333333253860474,0.6225694417953491,1162,1706488464,4,2
290001,1920,4350015,556801920,23520,0.6333333253860474,128,290000,1.1913957595825195,1920,17,2,500000,1000,,290001.0,0.6494791507720947,0.6181605458259583,0.6312500238418579,0.6217644810676575,1166,1706488464,4,2
291001,1920,4365015,558721920,23520,0.6312500238418579,128,291000,1.195619821548462,1920,17,2,500000,1000,,291001.0,0.6479166746139526,0.6181707978248596,0.6312500238418579,0.6223119497299194,1170,1706488464,4,2
292001,1920,4380015,560641920,23520,0.6312500238418579,128,292000,1.1994249820709229,1920,17,2,500000,1000,,292001.0,0.6473958492279053,0.6181673407554626,0.6333333253860474,0.6218330264091492,1174,1706488464,4,2
293001,1920,4395015,562561920,23520,0.6333333253860474,128,293000,1.2032899856567383,1920,17,2,500000,1000,,293001.0,0.6494791507720947,0.6181658506393433,0.6291666626930237,0.6220328211784363,1178,1706488464,4,2
294001,1920,4410015,564481920,23520,0.6291666626930237,128,294000,1.207643985748291,1920,17,2,500000,1000,,294001.0,0.6505208611488342,0.6181622743606567,0.6333333253860474,0.6217829585075378,1182,1706488464,4,2
295001,1920,4425015,566401920,23520,0.6333333253860474,128,295000,1.2117908000946045,1920,17,2,500000,1000,,295001.0,0.6479166746139526,0.618168294429779,0.6354166865348816,0.6222454905509949,1187,1706488464,4,2
296001,1920,4440015,568321920,23520,0.6354166865348816,128,296000,1.2160940170288086,1920,17,2,500000,1000,,296001.0,0.6473958492279053,0.6181640028953552,0.6312500238418579,0.6225228905677795,1191,1706488464,4,2
297001,1920,4455015,570241920,23520,0.6312500238418579,128,297000,1.2199158668518066,1920,17,2,500000,1000,,297001.0,0.6463541388511658,0.6181651949882507,0.6354166865348816,0.6220672726631165,1195,1706488464,4,2
298001,1920,4470015,572161920,23520,0.6354166865348816,128,298000,1.2238209247589111,1920,17,2,500000,1000,,298001.0,0.6484375,0.6181625723838806,0.6354166865348816,0.622125506401062,1199,1706488464,4,2
299001,1920,4485015,574081920,23520,0.6354166865348816,128,299000,1.2276637554168701,1920,17,2,500000,1000,,299001.0,0.6499999761581421,0.6181641221046448,0.6312500238418579,0.6224068999290466,1203,1706488464,4,2
300001,1920,4500015,576001920,23520,0.6312500238418579,128,300000,1.2320938110351562,1920,17,2,500000,1000,,300001.0,0.6505208611488342,0.6181666851043701,0.6291666626930237,0.6224287748336792,1207,1706488464,4,2
301001,1920,4515015,577921920,23520,0.6291666626930237,128,301000,1.2364420890808105,1920,17,2,500000,1000,,301001.0,0.6473958492279053,0.618165910243988,0.6333333253860474,0.6224117279052734,1211,1706488464,4,2
302001,1920,4530015,579841920,23520,0.6333333253860474,128,302000,1.2408409118652344,1920,17,2,500000,1000,,302001.0,0.6489583253860474,0.6181644797325134,0.6333333253860474,0.6220812201499939,1215,1706488464,4,2
303001,1920,4545015,581761920,23520,0.6333333253860474,128,303000,1.2446637153625488,1920,17,2,500000,1000,,303001.0,0.6505208611488342,0.6181679368019104,0.6312500238418579,0.6223747134208679,1219,1706488464,4,2
304001,1920,4560015,583681920,23520,0.6312500238418579,128,304000,1.2484633922576904,1920,17,2,500000,1000,,304001.0,0.6479166746139526,0.6181709170341492,0.6312500238418579,0.6222504377365112,1223,1706488464,4,2
305001,1920,4575015,585601920,23520,0.6312500238418579,128,305000,1.2524795532226562,1920,17,2,500000,1000,,305001.0,0.6479166746139526,0.6181631088256836,0.6291666626930237,0.6220473051071167,1227,1706488464,4,2
306001,1920,4590015,587521920,23520,0.6291666626930237,128,306000,1.256406545639038,1920,17,2,500000,1000,,306001.0,0.6468750238418579,0.6181631684303284,0.6312500238418579,0.6223646998405457,1231,1706488464,4,2
307001,1920,4605015,589441920,23520,0.6312500238418579,128,307000,1.2601852416992188,1920,17,2,500000,1000,,307001.0,0.6473958492279053,0.6181653141975403,0.6312500238418579,0.6221637725830078,1235,1706488464,4,2
308001,1920,4620015,591361920,23520,0.6312500238418579,128,308000,1.264336347579956,1920,17,2,500000,1000,,308001.0,0.6479166746139526,0.6181690692901611,0.6312500238418579,0.6222306489944458,1239,1706488464,4,2
309001,1920,4635015,593281920,23520,0.6312500238418579,128,309000,1.2693085670471191,1920,17,2,500000,1000,,309001.0,0.6494791507720947,0.6181625127792358,0.6354166865348816,0.6221824884414673,1243,1706488464,4,2
310001,1920,4650015,595201920,23520,0.6354166865348816,128,310000,1.2731266021728516,1920,17,2,500000,1000,,310001.0,0.651562511920929,0.6181602478027344,0.6312500238418579,0.6222541928291321,1247,1706488464,4,2
311001,1920,4665015,597121920,23520,0.6312500238418579,128,311000,1.2771837711334229,1920,17,2,500000,1000,,311001.0,0.6494791507720947,0.6181632876396179,0.6270833611488342,0.622637927532196,1251,1706488464,4,2
312001,1920,4680015,599041920,23520,0.6270833611488342,128,312000,1.2811617851257324,1920,17,2,500000,1000,,312001.0,0.6484375,0.6181623935699463,0.6312500238418579,0.6223417520523071,1255,1706488464,4,2
313001,1920,4695015,600961920,23520,0.6312500238418579,128,313000,1.2849557399749756,1920,17,2,500000,1000,,313001.0,0.6473958492279053,0.6181643009185791,0.6312500238418579,0.6227397918701172,1259,1706488464,4,2
314001,1920,4710015,602881920,23520,0.6312500238418579,128,314000,1.288771629333496,1920,17,2,500000,1000,,314001.0,0.6494791507720947,0.6181667447090149,0.6333333253860474,0.6221223473548889,1263,1706488464,4,2
315001,1920,4725015,604801920,23520,0.6333333253860474,128,315000,1.2925708293914795,1920,17,2,500000,1000,,315001.0,0.6510416865348816,0.6181656718254089,0.6270833611488342,0.6224744915962219,1267,1706488464,4,2
316001,1920,4740015,606721920,23520,0.6270833611488342,128,316000,1.2964208126068115,1920,17,2,500000,1000,,316001.0,0.6520833373069763,0.6181754469871521,0.6291666626930237,0.6220149397850037,1271,1706488464,4,2
317001,1920,4755015,608641920,23520,0.6291666626930237,128,317000,1.3003120422363281,1920,17,2,500000,1000,,317001.0,0.6484375,0.6181643605232239,0.6354166865348816,0.622512698173523,1275,1706488464,4,2
318001,1920,4770015,610561920,23520,0.6354166865348816,128,318000,1.304351806640625,1920,17,2,500000,1000,,318001.0,0.6484375,0.6181652545928955,0.6312500238418579,0.6220373511314392,1279,1706488464,4,2
319001,1920,4785015,612481920,23520,0.6312500238418579,128,319000,1.308389663696289,1920,17,2,500000,1000,,319001.0,0.6494791507720947,0.6181675791740417,0.6291666626930237,0.6225072145462036,1283,1706488464,4,2
320001,1920,4800015,614401920,23520,0.6291666626930237,128,320000,1.3122844696044922,1920,17,2,500000,1000,,320001.0,0.6458333134651184,0.6181634664535522,0.6333333253860474,0.6221826672554016,1287,1706488464,4,2
321001,1920,4815015,616321920,23520,0.6333333253860474,128,321000,1.316068410873413,1920,17,2,500000,1000,,321001.0,0.6473958492279053,0.6181696057319641,0.6312500238418579,0.6222492456436157,1291,1706488464,4,2
322001,1920,4830015,618241920,23520,0.6312500238418579,128,322000,1.3201725482940674,1920,17,2,500000,1000,,322001.0,0.6473958492279053,0.6181653141975403,0.6291666626930237,0.6224227547645569,1295,1706488464,4,2
323001,1920,4845015,620161920,23520,0.6291666626930237,128,323000,1.3239426612854004,1920,17,2,500000,1000,,323001.0,0.6473958492279053,0.6181649565696716,0.6333333253860474,0.6222360134124756,1299,1706488464,4,2
324001,1920,4860015,622081920,23520,0.6333333253860474,128,324000,1.327735424041748,1920,17,2,500000,1000,,324001.0,0.6463541388511658,0.6181685328483582,0.6354166865348816,0.6219461560249329,1303,1706488464,4,2
325001,1920,4875015,624001920,23520,0.6354166865348816,128,325000,1.3317201137542725,1920,17,2,500000,1000,,325001.0,0.6499999761581421,0.6181771755218506,0.6270833611488342,0.6217302680015564,1307,1706488464,4,2
326001,1920,4890015,625921920,23520,0.6270833611488342,128,326000,1.3355309963226318,1920,17,2,500000,1000,,326001.0,0.6489583253860474,0.6181662678718567,0.6291666626930237,0.6224333643913269,1311,1706488464,4,2
327001,1920,4905015,627841920,23520,0.6291666626930237,128,327000,1.339874029159546,1920,17,2,500000,1000,,327001.0,0.6479166746139526,0.6181715130805969,0.6291666626930237,0.6227049231529236,1315,1706488464,4,2
328001,1920,4920015,629761920,23520,0.6291666626930237,128,328000,1.3436851501464844,1920,17,2,500000,1000,,328001.0,0.6520833373069763,0.6181667447090149,0.6270833611488342,0.6224636435508728,1319,1706488464,4,2
329001,1920,4935015,631681920,23520,0.6270833611488342,128,329000,1.347933053970337,1920,17,2,500000,1000,,329001.0,0.6494791507720947,0.6181642413139343,0.6333333253860474,0.6222767233848572,1323,1706488464,4,2
330001,1920,4950015,633601920,23520,0.6333333253860474,128,330000,1.3518009185791016,1920,17,2,500000,1000,,330001.0,0.6473958492279053,0.6181696653366089,0.6333333253860474,0.6225192546844482,1327,1706488464,4,2
331001,1920,4965015,635521920,23520,0.6333333253860474,128,331000,1.355717658996582,1920,17,2,500000,1000,,331001.0,0.6479166746139526,0.6181621551513672,0.6291666626930237,0.6225584745407104,1331,1706488464,4,2
332001,1920,4980015,637441920,23520,0.6291666626930237,128,332000,1.3595776557922363,1920,17,2,500000,1000,,332001.0,0.6473958492279053,0.6181678771972656,0.6333333253860474,0.6218798160552979,1335,1706488464,4,2
333001,1920,4995015,639361920,23520,0.6333333253860474,128,333000,1.3637025356292725,1920,17,2,500000,1000,,333001.0,0.6499999761581421,0.6181672215461731,0.6333333253860474,0.6220902800559998,1340,1706488464,4,2
334001,1920,5010015,641281920,23520,0.6333333253860474,128,334000,1.3677873611450195,1920,17,2,500000,1000,,334001.0,0.6499999761581421,0.6181653738021851,0.625,0.622331976890564,1344,1706488464,4,2
335001,1920,5025015,643201920,23520,0.625,128,335000,1.3716144561767578,1920,17,2,500000,1000,,335001.0,0.6468750238418579,0.6181674599647522,0.6333333253860474,0.622205376625061,1347,1706488464,4,2
336001,1920,5040015,645121920,23520,0.6333333253860474,128,336000,1.3754408359527588,1920,17,2,500000,1000,,336001.0,0.6484375,0.6181665658950806,0.6333333253860474,0.6223911046981812,1351,1706488464,4,2
337001,1920,5055015,647041920,23520,0.6333333253860474,128,337000,1.3798038959503174,1920,17,2,500000,1000,,337001.0,0.6499999761581421,0.6181682348251343,0.6333333253860474,0.6223156452178955,1356,1706488464,4,2
338001,1920,5070015,648961920,23520,0.6333333253860474,128,338000,1.384023666381836,1920,17,2,500000,1000,,338001.0,0.6463541388511658,0.618167519569397,0.6354166865348816,0.622206449508667,1360,1706488464,4,2
339001,1920,5085015,650881920,23520,0.6354166865348816,128,339000,1.3879597187042236,1920,17,2,500000,1000,,339001.0,0.651562511920929,0.6181657314300537,0.6270833611488342,0.6222102642059326,1364,1706488464,4,2
340001,1920,5100015,652801920,23520,0.6270833611488342,128,340000,1.3918116092681885,1920,17,2,500000,1000,,340001.0,0.651562511920929,0.6181723475456238,0.6291666626930237,0.6222752928733826,1368,1706488464,4,2
341001,1920,5115015,654721920,23520,0.6291666626930237,128,341000,1.395629644393921,1920,17,2,500000,1000,,341001.0,0.6499999761581421,0.6181642413139343,0.6312500238418579,0.6223015189170837,1372,1706488464,4,2
342001,1920,5130015,656641920,23520,0.6312500238418579,128,342000,1.3994464874267578,1920,17,2,500000,1000,,342001.0,0.6505208611488342,0.6181671023368835,0.6270833611488342,0.6226270794868469,1376,1706488464,4,2
343001,1920,5145015,658561920,23520,0.6270833611488342,128,343000,1.4033541679382324,1920,17,2,500000,1000,,343001.0,0.6505208611488342,0.6181687116622925,0.6291666626930237,0.6225667595863342,1380,1706488464,4,2
344001,1920,5160015,660481920,23520,0.6291666626930237,128,344000,1.407151222229004,1920,17,2,500000,1000,,344001.0,0.6479166746139526,0.6181640625,0.6333333253860474,0.6224319338798523,1384,1706488464,4,2
345001,1920,5175015,662401920,23520,0.6333333253860474,128,345000,1.4115352630615234,1920,17,2,500000,1000,,345001.0,0.6505208611488342,0.6181630492210388,0.6291666626930237,0.6226237416267395,1388,1706488464,4,2
346001,1920,5190015,664321920,23520,0.6291666626930237,128,346000,1.4154102802276611,1920,17,2,500000,1000,,346001.0,0.6494791507720947,0.6181643009185791,0.6333333253860474,0.6223192811012268,1392,1706488464,4,2
347001,1920,5205015,666241920,23520,0.6333333253860474,128,347000,1.4197800159454346,1920,17,2,500000,1000,,347001.0,0.6489583253860474,0.6181639432907104,0.6312500238418579,0.6225389838218689,1396,1706488464,4,2
348001,1920,5220015,668161920,23520,0.6312500238418579,128,348000,1.4240119457244873,1920,17,2,500000,1000,,348001.0,0.6499999761581421,0.618169903755188,0.625,0.6226711273193359,1400,1706488464,4,2
349001,1920,5235015,670081920,23520,0.625,128,349000,1.4278099536895752,1920,17,2,500000,1000,,349001.0,0.6484375,0.6181610226631165,0.6291666626930237,0.6223238706588745,1404,1706488464,4,2
350001,1920,5250015,672001920,23520,0.6291666626930237,128,350000,1.4316580295562744,1920,17,2,500000,1000,,350001.0,0.6463541388511658,0.6181713938713074,0.6333333253860474,0.6222180724143982,1408,1706488464,4,2
351001,1920,5265015,673921920,23520,0.6333333253860474,128,351000,1.4354822635650635,1920,17,2,500000,1000,,351001.0,0.6499999761581421,0.6181647181510925,0.6354166865348816,0.6220849752426147,1412,1706488464,4,2
352001,1920,5280015,675841920,23520,0.6354166865348816,128,352000,1.4392731189727783,1920,17,2,500000,1000,,352001.0,0.6484375,0.6181651949882507,0.6312500238418579,0.6219772100448608,1416,1706488464,4,2
353001,1920,5295015,677761920,23520,0.6312500238418579,128,353000,1.443161964416504,1920,17,2,500000,1000,,353001.0,0.6484375,0.6181630492210388,0.6291666626930237,0.622460126876831,1419,1706488464,4,2
354001,1920,5310015,679681920,23520,0.6291666626930237,128,354000,1.4473612308502197,1920,17,2,500000,1000,,354001.0,0.6479166746139526,0.618162989616394,0.6333333253860474,0.6219502687454224,1423,1706488464,4,2
355001,1920,5325015,681601920,23520,0.6333333253860474,128,355000,1.4511744976043701,1920,17,2,500000,1000,,355001.0,0.6479166746139526,0.6181653141975403,0.6270833611488342,0.6221704483032227,1427,1706488464,4,2
356001,1920,5340015,683521920,23520,0.6270833611488342,128,356000,1.4549756050109863,1920,17,2,500000,1000,,356001.0,0.6505208611488342,0.6181642413139343,0.6333333253860474,0.6220035552978516,1431,1706488464,4,2
357001,1920,5355015,685441920,23520,0.6333333253860474,128,357000,1.4591796398162842,1920,17,2,500000,1000,,357001.0,0.6494791507720947,0.618163526058197,0.6291666626930237,0.6222166419029236,1435,1706488464,4,2
358001,1920,5370015,687361920,23520,0.6291666626930237,128,358000,1.463465690612793,1920,17,2,500000,1000,,358001.0,0.6494791507720947,0.6181665062904358,0.6291666626930237,0.6219950318336487,1440,1706488464,4,2
359001,1920,5385015,689281920,23520,0.6291666626930237,128,359000,1.4673254489898682,1920,17,2,500000,1000,,359001.0,0.6468750238418579,0.6181662082672119,0.6354166865348816,0.6222391128540039,1443,1706488464,4,2
360001,1920,5400015,691201920,23520,0.6354166865348816,128,360000,1.4711496829986572,1920,17,2,500000,1000,,360001.0,0.6489583253860474,0.6181696057319641,0.6312500238418579,0.6222952604293823,1447,1706488464,4,2
361001,1920,5415015,693121920,23520,0.6312500238418579,128,361000,1.475144863128662,1920,17,2,500000,1000,,361001.0,0.6489583253860474,0.6181674599647522,0.6333333253860474,0.6221637725830078,1451,1706488464,4,2
362001,1920,5430015,695041920,23520,0.6333333253860474,128,362000,1.4789948463439941,1920,17,2,500000,1000,,362001.0,0.6489583253860474,0.618166983127594,0.6333333253860474,0.6221193671226501,1455,1706488464,4,2
363001,1920,5445015,696961920,23520,0.6333333253860474,128,363000,1.483285665512085,1920,17,2,500000,1000,,363001.0,0.6494791507720947,0.6181653141975403,0.6312500238418579,0.6224297881126404,1459,1706488464,4,2
364001,1920,5460015,698881920,23520,0.6312500238418579,128,364000,1.4875226020812988,1920,17,2,500000,1000,,364001.0,0.6494791507720947,0.6181672811508179,0.6333333253860474,0.6221235394477844,1464,1706488464,4,2
365001,1920,5475015,700801920,23520,0.6333333253860474,128,365000,1.4913437366485596,1920,17,2,500000,1000,,365001.0,0.6479166746139526,0.6181648969650269,0.6354166865348816,0.6222741603851318,1468,1706488464,4,2
366001,1920,5490015,702721920,23520,0.6354166865348816,128,366000,1.495163917541504,1920,17,2,500000,1000,,366001.0,0.6489583253860474,0.6181649565696716,0.6312500238418579,0.6222662329673767,1471,1706488464,4,2
367001,1920,5505015,704641920,23520,0.6312500238418579,128,367000,1.4989640712738037,1920,17,2,500000,1000,,367001.0,0.6494791507720947,0.6181687712669373,0.6312500238418579,0.6223985552787781,1475,1706488464,4,2
368001,1920,5520015,706561920,23520,0.6312500238418579,128,368000,1.5031781196594238,1920,17,2,500000,1000,,368001.0,0.6494791507720947,0.6181656122207642,0.6312500238418579,0.6221150159835815,1479,1706488464,4,2
369001,1920,5535015,708481920,23520,0.6312500238418579,128,369000,1.507500171661377,1920,17,2,500000,1000,,369001.0,0.6489583253860474,0.6181649565696716,0.6312500238418579,0.6219847202301025,1484,1706488464,4,2
370001,1920,5550015,710401920,23520,0.6312500238418579,128,370000,1.5113780498504639,1920,17,2,500000,1000,,370001.0,0.6499999761581421,0.6181651949882507,0.6333333253860474,0.621841311454773,1488,1706488464,4,2
371001,1920,5565015,712321920,23520,0.6333333253860474,128,371000,1.5156190395355225,1920,17,2,500000,1000,,371001.0,0.6526041626930237,0.6181623935699463,0.6291666626930237,0.6225870847702026,1492,1706488464,4,2
372001,1920,5580015,714241920,23520,0.6291666626930237,128,372000,1.519712209701538,1920,17,2,500000,1000,,372001.0,0.6473958492279053,0.6181684732437134,0.6333333253860474,0.6222110986709595,1496,1706488464,4,2
373001,1920,5595015,716161920,23520,0.6333333253860474,128,373000,1.5244042873382568,1920,17,2,500000,1000,,373001.0,0.6494791507720947,0.6181637048721313,0.6312500238418579,0.6221436262130737,1500,1706488464,4,2
374001,1920,5610015,718081920,23520,0.6312500238418579,128,374000,1.5286445617675781,1920,17,2,500000,1000,,374001.0,0.6505208611488342,0.6181656718254089,0.6291666626930237,0.6221164464950562,1504,1706488464,4,2
375001,1920,5625015,720001920,23520,0.6291666626930237,128,375000,1.5324203968048096,1920,17,2,500000,1000,,375001.0,0.6494791507720947,0.6181657314300537,0.6312500238418579,0.6224629878997803,1508,1706488464,4,2
376001,1920,5640015,721921920,23520,0.6312500238418579,128,376000,1.536217451095581,1920,17,2,500000,1000,,376001.0,0.6494791507720947,0.6181614995002747,0.6291666626930237,0.6226651072502136,1512,1706488464,4,2
377001,1920,5655015,723841920,23520,0.6291666626930237,128,377000,1.5403056144714355,1920,17,2,500000,1000,,377001.0,0.651562511920929,0.6181669235229492,0.6291666626930237,0.6224885582923889,1516,1706488464,4,2
378001,1920,5670015,725761920,23520,0.6291666626930237,128,378000,1.5440807342529297,1920,17,2,500000,1000,,378001.0,0.651562511920929,0.6181632876396179,0.6312500238418579,0.6224840879440308,1521,1706488464,4,2
379001,1920,5685015,727681920,23520,0.6312500238418579,128,379000,1.5479457378387451,1920,17,2,500000,1000,,379001.0,0.6489583253860474,0.6181652545928955,0.6291666626930237,0.6225438714027405,1524,1706488464,4,2
380001,1920,5700015,729601920,23520,0.6291666626930237,128,380000,1.5517826080322266,1920,17,2,500000,1000,,380001.0,0.6510416865348816,0.6181685924530029,0.6312500238418579,0.6220350861549377,1528,1706488464,4,2
381001,1920,5715015,731521920,23520,0.6312500238418579,128,381000,1.5555837154388428,1920,17,2,500000,1000,,381001.0,0.6473958492279053,0.6181670427322388,0.6354166865348816,0.622164785861969,1532,1706488464,4,2
382001,1920,5730015,733441920,23520,0.6354166865348816,128,382000,1.559358835220337,1920,17,2,500000,1000,,382001.0,0.6489583253860474,0.6181649565696716,0.6354166865348816,0.621874213218689,1536,1706488464,4,2
383001,1920,5745015,735361920,23520,0.6354166865348816,128,383000,1.5631449222564697,1920,17,2,500000,1000,,383001.0,0.6468750238418579,0.6181656718254089,0.6312500238418579,0.6223745942115784,1540,1706488464,4,2
384001,1920,5760015,737281920,23520,0.6312500238418579,128,384000,1.5673799514770508,1920,17,2,500000,1000,,384001.0,0.6479166746139526,0.6181679964065552,0.6354166865348816,0.6221477389335632,1544,1706488464,4,2
385001,1920,5775015,739201920,23520,0.6354166865348816,128,385000,1.571225643157959,1920,17,2,500000,1000,,385001.0,0.6499999761581421,0.6181729435920715,0.6312500238418579,0.6222582459449768,1548,1706488464,4,2
386001,1920,5790015,741121920,23520,0.6312500238418579,128,386000,1.5751855373382568,1920,17,2,500000,1000,,386001.0,0.6479166746139526,0.6181630492210388,0.6333333253860474,0.6223715543746948,1552,1706488464,4,2
387001,1920,5805015,743041920,23520,0.6333333253860474,128,387000,1.578965425491333,1920,17,2,500000,1000,,387001.0,0.6479166746139526,0.6181628704071045,0.6333333253860474,0.6222440004348755,1556,1706488464,4,2
388001,1920,5820015,744961920,23520,0.6333333253860474,128,388000,1.5827233791351318,1920,17,2,500000,1000,,388001.0,0.6499999761581421,0.618166983127594,0.6291666626930237,0.6225631237030029,1560,1706488464,4,2
389001,1920,5835015,746881920,23520,0.6291666626930237,128,389000,1.5866494178771973,1920,17,2,500000,1000,,389001.0,0.6510416865348816,0.618168294429779,0.6312500238418579,0.6219971776008606,1564,1706488464,4,2
390001,1920,5850015,748801920,23520,0.6312500238418579,128,390000,1.5907714366912842,1920,17,2,500000,1000,,390001.0,0.6484375,0.6181662082672119,0.637499988079071,0.6221207976341248,1567,1706488464,4,2
391001,1920,5865015,750721920,23520,0.637499988079071,128,391000,1.5946235656738281,1920,17,2,500000,1000,,391001.0,0.6463541388511658,0.6181715726852417,0.6312500238418579,0.6226959228515625,1571,1706488464,4,2
392001,1920,5880015,752641920,23520,0.6312500238418579,128,392000,1.5989124774932861,1920,17,2,500000,1000,,392001.0,0.6499999761581421,0.6181618571281433,0.6291666626930237,0.6223813891410828,1575,1706488464,4,2
393001,1920,5895015,754561920,23520,0.6291666626930237,128,393000,1.6027603149414062,1920,17,2,500000,1000,,393001.0,0.6458333134651184,0.6181669235229492,0.6333333253860474,0.6226529479026794,1579,1706488464,4,2
394001,1920,5910015,756481920,23520,0.6333333253860474,128,394000,1.6066203117370605,1920,17,2,500000,1000,,394001.0,0.6468750238418579,0.6181684732437134,0.6312500238418579,0.6219770908355713,1583,1706488464,4,2
395001,1920,5925015,758401920,23520,0.6312500238418579,128,395000,1.6104633808135986,1920,17,2,500000,1000,,395001.0,0.6494791507720947,0.6181657314300537,0.6312500238418579,0.6224113702774048,1587,1706488464,4,2
396001,1920,5940015,760321920,23520,0.6312500238418579,128,396000,1.6145961284637451,1920,17,2,500000,1000,,396001.0,0.6473958492279053,0.6181662082672119,0.6333333253860474,0.6222734451293945,1591,1706488464,4,2
397001,1920,5955015,762241920,23520,0.6333333253860474,128,397000,1.6188971996307373,1920,17,2,500000,1000,,397001.0,0.6484375,0.6181634664535522,0.6333333253860474,0.6220389604568481,1595,1706488464,4,2
398001,1920,5970015,764161920,23520,0.6333333253860474,128,398000,1.6226489543914795,1920,17,2,500000,1000,,398001.0,0.6505208611488342,0.618165910243988,0.6312500238418579,0.6222209930419922,1599,1706488464,4,2
399001,1920,5985015,766081920,23520,0.6312500238418579,128,399000,1.6264698505401611,1920,17,2,500000,1000,,399001.0,0.6473958492279053,0.618167519569397,0.6291666626930237,0.6229685544967651,1603,1706488464,4,2
400001,1920,6000015,768001920,23520,0.6291666626930237,128,400000,1.6302440166473389,1920,17,2,500000,1000,,400001.0,0.6494791507720947,0.6181649565696716,0.6333333253860474,0.6228805780410767,1607,1706488464,4,2
401001,1920,6015015,769921920,23520,0.6333333253860474,128,401000,1.6339917182922363,1920,17,2,500000,1000,,401001.0,0.6499999761581421,0.6181632280349731,0.6312500238418579,0.6224659085273743,1610,1706488464,4,2
402001,1920,6030015,771841920,23520,0.6312500238418579,128,402000,1.6377804279327393,1920,17,2,500000,1000,,402001.0,0.6505208611488342,0.6181650757789612,0.6333333253860474,0.6224802136421204,1614,1706488464,4,2
403001,1920,6045015,773761920,23520,0.6333333253860474,128,403000,1.6416115760803223,1920,17,2,500000,1000,,403001.0,0.6499999761581421,0.6181657314300537,0.6291666626930237,0.622789740562439,1618,1706488464,4,2
404001,1920,6060015,775681920,23520,0.6291666626930237,128,404000,1.645442247390747,1920,17,2,500000,1000,,404001.0,0.6499999761581421,0.6181653141975403,0.6312500238418579,0.6225149631500244,1622,1706488464,4,2
405001,1920,6075015,777601920,23520,0.6312500238418579,128,405000,1.6492693424224854,1920,17,2,500000,1000,,405001.0,0.6494791507720947,0.6181685924530029,0.6312500238418579,0.6222028732299805,1626,1706488464,4,2
406001,1920,6090015,779521920,23520,0.6312500238418579,128,406000,1.6532173156738281,1920,17,2,500000,1000,,406001.0,0.6526041626930237,0.6181663274765015,0.6291666626930237,0.6219061613082886,1630,1706488464,4,2
407001,1920,6105015,781441920,23520,0.6291666626930237,128,407000,1.657003402709961,1920,17,2,500000,1000,,407001.0,0.6479166746139526,0.6181662082672119,0.6312500238418579,0.6223450303077698,1634,1706488464,4,2
408001,1920,6120015,783361920,23520,0.6312500238418579,128,408000,1.6608061790466309,1920,17,2,500000,1000,,408001.0,0.6494791507720947,0.6181637048721313,0.6312500238418579,0.6226228475570679,1638,1706488464,4,2
409001,1920,6135015,785281920,23520,0.6312500238418579,128,409000,1.664607286453247,1920,17,2,500000,1000,,409001.0,0.6473958492279053,0.618162989616394,0.6354166865348816,0.6224959492683411,1642,1706488464,4,2
410001,1920,6150015,787201920,23520,0.6354166865348816,128,410000,1.668370246887207,1920,17,2,500000,1000,,410001.0,0.6484375,0.6181634068489075,0.6354166865348816,0.6224275231361389,1645,1706488464,4,2
411001,1920,6165015,789121920,23520,0.6354166865348816,128,411000,1.6723923683166504,1920,17,2,500000,1000,,411001.0,0.6473958492279053,0.6181657314300537,0.6333333253860474,0.6222196221351624,1649,1706488464,4,2
412001,1920,6180015,791041920,23520,0.6333333253860474,128,412000,1.676192283630371,1920,17,2,500000,1000,,412001.0,0.651562511920929,0.6181660294532776,0.6270833611488342,0.6223718523979187,1653,1706488464,4,2
413001,1920,6195015,792961920,23520,0.6270833611488342,128,413000,1.6800682544708252,1920,17,2,500000,1000,,413001.0,0.6489583253860474,0.6181660890579224,0.6312500238418579,0.622223973274231,1657,1706488464,4,2
414001,1920,6210015,794881920,23520,0.6312500238418579,128,414000,1.683851957321167,1920,17,2,500000,1000,,414001.0,0.6479166746139526,0.6181695461273193,0.6291666626930237,0.6224587559700012,1661,1706488464,4,2
415001,1920,6225015,796801920,23520,0.6291666626930237,128,415000,1.6880302429199219,1920,17,2,500000,1000,,415001.0,0.6479166746139526,0.6181672811508179,0.6333333253860474,0.6219044923782349,1665,1706488464,4,2
416001,1920,6240015,798721920,23520,0.6333333253860474,128,416000,1.6918323040008545,1920,17,2,500000,1000,,416001.0,0.6505208611488342,0.6181672215461731,0.6333333253860474,0.6221455335617065,1669,1706488464,4,2
417001,1920,6255015,800641920,23520,0.6333333253860474,128,417000,1.6959302425384521,1920,17,2,500000,1000,,417001.0,0.6484375,0.6181616187095642,0.6312500238418579,0.6224601864814758,1672,1706488464,4,2
418001,1920,6270015,802561920,23520,0.6312500238418579,128,418000,1.6999051570892334,1920,17,2,500000,1000,,418001.0,0.6484375,0.6181653141975403,0.637499988079071,0.6222496628761292,1676,1706488464,4,2
419001,1920,6285015,804481920,23520,0.637499988079071,128,419000,1.7044334411621094,1920,17,2,500000,1000,,419001.0,0.6468750238418579,0.6181673407554626,0.6333333253860474,0.622109591960907,1680,1706488464,4,2
420001,1920,6300015,806401920,23520,0.6333333253860474,128,420000,1.708202600479126,1920,17,2,500000,1000,,420001.0,0.6479166746139526,0.6181654334068298,0.6333333253860474,0.6224436163902283,1684,1706488464,4,2
421001,1920,6315015,808321920,23520,0.6333333253860474,128,421000,1.7120068073272705,1920,17,2,500000,1000,,421001.0,0.6484375,0.6181694269180298,0.6312500238418579,0.6222105622291565,1688,1706488464,4,2
422001,1920,6330015,810241920,23520,0.6312500238418579,128,422000,1.715937614440918,1920,17,2,500000,1000,,422001.0,0.6473958492279053,0.6181673407554626,0.6312500238418579,0.6222522854804993,1692,1706488464,4,2
423001,1920,6345015,812161920,23520,0.6312500238418579,128,423000,1.7197704315185547,1920,17,2,500000,1000,,423001.0,0.6489583253860474,0.6181650757789612,0.6333333253860474,0.6220282912254333,1696,1706488464,4,2
424001,1920,6360015,814081920,23520,0.6333333253860474,128,424000,1.7243003845214844,1920,17,2,500000,1000,,424001.0,0.6479166746139526,0.6181690692901611,0.6312500238418579,0.622345507144928,1700,1706488464,4,2
425001,1920,6375015,816001920,23520,0.6312500238418579,128,425000,1.728231430053711,1920,17,2,500000,1000,,425001.0,0.6494791507720947,0.6181673407554626,0.6270833611488342,0.6225840449333191,1704,1706488464,4,2
426001,1920,6390015,817921920,23520,0.6270833611488342,128,426000,1.7320923805236816,1920,17,2,500000,1000,,426001.0,0.6484375,0.6181657910346985,0.6270833611488342,0.6227393746376038,1708,1706488464,4,2
427001,1920,6405015,819841920,23520,0.6270833611488342,128,427000,1.7363605499267578,1920,17,2,500000,1000,,427001.0,0.6468750238418579,0.6181656718254089,0.6333333253860474,0.6224262714385986,1711,1706488464,4,2
428001,1920,6420015,821761920,23520,0.6333333253860474,128,428000,1.7401955127716064,1920,17,2,500000,1000,,428001.0,0.6489583253860474,0.6181667447090149,0.6333333253860474,0.621839702129364,1716,1706488464,4,2
429001,1920,6435015,823681920,23520,0.6333333253860474,128,429000,1.744173526763916,1920,17,2,500000,1000,,429001.0,0.6484375,0.6181691884994507,0.6312500238418579,0.6217461824417114,1719,1706488464,4,2
430001,1920,6450015,825601920,23520,0.6312500238418579,128,430000,1.748253345489502,1920,17,2,500000,1000,,430001.0,0.6484375,0.6181673407554626,0.6312500238418579,0.6218917965888977,1723,1706488464,4,2
431001,1920,6465015,827521920,23520,0.6312500238418579,128,431000,1.7521171569824219,1920,17,2,500000,1000,,431001.0,0.6505208611488342,0.6181722283363342,0.6291666626930237,0.6224372982978821,1727,1706488464,4,2
432001,1920,6480015,829441920,23520,0.6291666626930237,128,432000,1.7568540573120117,1920,17,2,500000,1000,,432001.0,0.6510416865348816,0.6181678175926208,0.6291666626930237,0.6224647760391235,1732,1706488464,4,2
433001,1920,6495015,831361920,23520,0.6291666626930237,128,433000,1.7607591152191162,1920,17,2,500000,1000,,433001.0,0.6468750238418579,0.6181675791740417,0.6333333253860474,0.6222854256629944,1736,1706488464,4,2
434001,1920,6510015,833281920,23520,0.6333333253860474,128,434000,1.7646379470825195,1920,17,2,500000,1000,,434001.0,0.6489583253860474,0.6181668639183044,0.6312500238418579,0.6222711205482483,1740,1706488464,4,2
435001,1920,6525015,835201920,23520,0.6312500238418579,128,435000,1.769460916519165,1920,17,2,500000,1000,,435001.0,0.6463541388511658,0.6181734204292297,0.6333333253860474,0.6223352551460266,1745,1706488464,4,2
436001,1920,6540015,837121920,23520,0.6333333253860474,128,436000,1.773500919342041,1920,17,2,500000,1000,,436001.0,0.6468750238418579,0.6181688904762268,0.6354166865348816,0.6221169233322144,1748,1706488464,4,2
437001,1920,6555015,839041920,23520,0.6354166865348816,128,437000,1.7773447036743164,1920,17,2,500000,1000,,437001.0,0.6505208611488342,0.6181671619415283,0.6270833611488342,0.6225069761276245,1752,1706488464,4,2
438001,1920,6570015,840961920,23520,0.6270833611488342,128,438000,1.7817935943603516,1920,17,2,500000,1000,,438001.0,0.6484375,0.618162214756012,0.6312500238418579,0.6224737763404846,1756,1706488464,4,2
439001,1920,6585015,842881920,23520,0.6312500238418579,128,439000,1.7856454849243164,1920,17,2,500000,1000,,439001.0,0.6473958492279053,0.6181661486625671,0.6312500238418579,0.6222954392433167,1760,1706488464,4,2
440001,1920,6600015,844801920,23520,0.6312500238418579,128,440000,1.7894494533538818,1920,17,2,500000,1000,,440001.0,0.6499999761581421,0.6181663274765015,0.6312500238418579,0.6225875020027161,1765,1706488464,4,2
441001,1920,6615015,846721920,23520,0.6312500238418579,128,441000,1.7933125495910645,1920,17,2,500000,1000,,441001.0,0.6505208611488342,0.618164598941803,0.6270833611488342,0.6224254369735718,1769,1706488464,4,2
442001,1920,6630015,848641920,23520,0.6270833611488342,128,442000,1.797492504119873,1920,17,2,500000,1000,,442001.0,0.6473958492279053,0.6181666254997253,0.6354166865348816,0.6221181750297546,1772,1706488464,4,2
443001,1920,6645015,850561920,23520,0.6354166865348816,128,443000,1.8014934062957764,1920,17,2,500000,1000,,443001.0,0.6494791507720947,0.6181641221046448,0.6312500238418579,0.6223662495613098,1776,1706488464,4,2
444001,1920,6660015,852481920,23520,0.6312500238418579,128,444000,1.805908203125,1920,17,2,500000,1000,,444001.0,0.6499999761581421,0.6181665658950806,0.6312500238418579,0.6222789287567139,1780,1706488464,4,2
445001,1920,6675015,854401920,23520,0.6312500238418579,128,445000,1.8100192546844482,1920,17,2,500000,1000,,445001.0,0.651562511920929,0.6181666254997253,0.6270833611488342,0.6222211718559265,1784,1706488464,4,2
446001,1920,6690015,856321920,23520,0.6270833611488342,128,446000,1.8138232231140137,1920,17,2,500000,1000,,446001.0,0.6499999761581421,0.6181685328483582,0.6333333253860474,0.6227299571037292,1788,1706488464,4,2
447001,1920,6705015,858241920,23520,0.6333333253860474,128,447000,1.8176681995391846,1920,17,2,500000,1000,,447001.0,0.6489583253860474,0.6181648373603821,0.6291666626930237,0.6226084232330322,1792,1706488464,4,2
448001,1920,6720015,860161920,23520,0.6291666626930237,128,448000,1.8214421272277832,1920,17,2,500000,1000,,448001.0,0.6484375,0.6181629300117493,0.6312500238418579,0.6224387884140015,1796,1706488464,4,2
449001,1920,6735015,862081920,23520,0.6312500238418579,128,449000,1.8252081871032715,1920,17,2,500000,1000,,449001.0,0.6473958492279053,0.6181634664535522,0.6312500238418579,0.6223819255828857,1800,1706488464,4,2
450001,1920,6750015,864001920,23520,0.6312500238418579,128,450000,1.8290202617645264,1920,17,2,500000,1000,,450001.0,0.6479166746139526,0.6181666254997253,0.6312500238418579,0.6222774386405945,1803,1706488464,4,2
451001,1920,6765015,865921920,23520,0.6312500238418579,128,451000,1.8328583240509033,1920,17,2,500000,1000,,451001.0,0.6479166746139526,0.6181663870811462,0.6312500238418579,0.6225449442863464,1807,1706488464,4,2
452001,1920,6780015,867841920,23520,0.6312500238418579,128,452000,1.836717128753662,1920,17,2,500000,1000,,452001.0,0.651562511920929,0.618162989616394,0.6270833611488342,0.6224725246429443,1811,1706488464,4,2
453001,1920,6795015,869761920,23520,0.6270833611488342,128,453000,1.8413422107696533,1920,17,2,500000,1000,,453001.0,0.6484375,0.6181707978248596,0.6333333253860474,0.6223727464675903,1815,1706488464,4,2
454001,1920,6810015,871681920,23520,0.6333333253860474,128,454000,1.845534324645996,1920,17,2,500000,1000,,454001.0,0.6479166746139526,0.6181637048721313,0.6312500238418579,0.6224730014801025,1819,1706488464,4,2
455001,1920,6825015,873601920,23520,0.6312500238418579,128,455000,1.8493423461914062,1920,17,2,500000,1000,,455001.0,0.6494791507720947,0.6181688904762268,0.6333333253860474,0.6225875020027161,1824,1706488464,4,2
456001,1920,6840015,875521920,23520,0.6333333253860474,128,456000,1.853729248046875,1920,17,2,500000,1000,,456001.0,0.6489583253860474,0.6181675791740417,0.6333333253860474,0.6226505637168884,1828,1706488464,4,2
457001,1920,6855015,877441920,23520,0.6333333253860474,128,457000,1.857478380203247,1920,17,2,500000,1000,,457001.0,0.6473958492279053,0.6181660294532776,0.6354166865348816,0.6222485899925232,1831,1706488464,4,2
458001,1920,6870015,879361920,23520,0.6354166865348816,128,458000,1.8613455295562744,1920,17,2,500000,1000,,458001.0,0.6505208611488342,0.6181742548942566,0.6291666626930237,0.6221593618392944,1835,1706488464,4,2
459001,1920,6885015,881281920,23520,0.6291666626930237,128,459000,1.8652002811431885,1920,17,2,500000,1000,,459001.0,0.6505208611488342,0.6181653738021851,0.6333333253860474,0.6222426295280457,1840,1706488464,4,2
460001,1920,6900015,883201920,23520,0.6333333253860474,128,460000,1.8692171573638916,1920,17,2,500000,1000,,460001.0,0.6505208611488342,0.6181648373603821,0.6354166865348816,0.6220204830169678,1843,1706488464,4,2
461001,1920,6915015,885121920,23520,0.6354166865348816,128,461000,1.8735630512237549,1920,17,2,500000,1000,,461001.0,0.6479166746139526,0.6181644201278687,0.6333333253860474,0.621932864189148,1847,1706488464,4,2
462001,1920,6930015,887041920,23520,0.6333333253860474,128,462000,1.8773720264434814,1920,17,2,500000,1000,,462001.0,0.6479166746139526,0.618167519569397,0.6312500238418579,0.6220861077308655,1851,1706488464,4,2
463001,1920,6945015,888961920,23520,0.6312500238418579,128,463000,1.8814728260040283,1920,17,2,500000,1000,,463001.0,0.651562511920929,0.6181687116622925,0.6291666626930237,0.6224362850189209,1855,1706488464,4,2
464001,1920,6960015,890881920,23520,0.6291666626930237,128,464000,1.8852319717407227,1920,17,2,500000,1000,,464001.0,0.6499999761581421,0.618167519569397,0.6312500238418579,0.6225370764732361,1859,1706488464,4,2
465001,1920,6975015,892801920,23520,0.6312500238418579,128,465000,1.8890080451965332,1920,17,2,500000,1000,,465001.0,0.6499999761581421,0.6181668639183044,0.6291666626930237,0.6223390102386475,1863,1706488464,4,2
466001,1920,6990015,894721920,23520,0.6291666626930237,128,466000,1.892786979675293,1920,17,2,500000,1000,,466001.0,0.6479166746139526,0.6181686520576477,0.6312500238418579,0.6225844025611877,1867,1706488464,4,2
467001,1920,7005015,896641920,23520,0.6312500238418579,128,467000,1.896636962890625,1920,17,2,500000,1000,,467001.0,0.6499999761581421,0.6181678771972656,0.625,0.6228224635124207,1871,1706488464,4,2
468001,1920,7020015,898561920,23520,0.625,128,468000,1.9004039764404297,1920,17,2,500000,1000,,468001.0,0.6484375,0.6181629300117493,0.6312500238418579,0.6225284934043884,1875,1706488464,4,2
469001,1920,7035015,900481920,23520,0.6312500238418579,128,469000,1.9041848182678223,1920,17,2,500000,1000,,469001.0,0.6479166746139526,0.6181671023368835,0.6312500238418579,0.6221543550491333,1879,1706488464,4,2
470001,1920,7050015,902401920,23520,0.6312500238418579,128,470000,1.9079208374023438,1920,17,2,500000,1000,,470001.0,0.6520833373069763,0.6181647777557373,0.6312500238418579,0.6224288940429688,1884,1706488464,4,2
471001,1920,7065015,904321920,23520,0.6312500238418579,128,471000,1.9117648601531982,1920,17,2,500000,1000,,471001.0,0.6479166746139526,0.6181649565696716,0.6333333253860474,0.6221967339515686,1888,1706488464,4,2
472001,1920,7080015,906241920,23520,0.6333333253860474,128,472000,1.9160637855529785,1920,17,2,500000,1000,,472001.0,0.6489583253860474,0.6181678771972656,0.6291666626930237,0.6226194500923157,1892,1706488464,4,2
473001,1920,7095015,908161920,23520,0.6291666626930237,128,473000,1.9199669361114502,1920,17,2,500000,1000,,473001.0,0.6484375,0.6181707382202148,0.6291666626930237,0.6222954988479614,1896,1706488464,4,2
474001,1920,7110015,910081920,23520,0.6291666626930237,128,474000,1.9237439632415771,1920,17,2,500000,1000,,474001.0,0.6479166746139526,0.6181625127792358,0.6333333253860474,0.6222230792045593,1900,1706488464,4,2
475001,1920,7125015,912001920,23520,0.6333333253860474,128,475000,1.927560806274414,1920,17,2,500000,1000,,475001.0,0.6494791507720947,0.6181697845458984,0.6312500238418579,0.6222981810569763,1904,1706488464,4,2
476001,1920,7140015,913921920,23520,0.6312500238418579,128,476000,1.931349515914917,1920,17,2,500000,1000,,476001.0,0.6484375,0.6181660890579224,0.6354166865348816,0.6219132542610168,1908,1706488464,4,2
477001,1920,7155015,915841920,23520,0.6354166865348816,128,477000,1.9352996349334717,1920,17,2,500000,1000,,477001.0,0.6499999761581421,0.6181672215461731,0.6291666626930237,0.6218910813331604,1912,1706488464,4,2
478001,1920,7170015,917761920,23520,0.6291666626930237,128,478000,1.9390714168548584,1920,17,2,500000,1000,,478001.0,0.6468750238418579,0.6181684136390686,0.6312500238418579,0.6223191022872925,1916,1706488464,4,2
479001,1920,7185015,919681920,23520,0.6312500238418579,128,479000,1.9431402683258057,1920,17,2,500000,1000,,479001.0,0.6510416865348816,0.618169367313385,0.6354166865348816,0.6222794055938721,1920,1706488464,4,2
480001,1920,7200015,921601920,23520,0.6354166865348816,128,480000,1.9479293823242188,1920,17,2,500000,1000,,480001.0,0.6494791507720947,0.6181666254997253,0.6333333253860474,0.6223390102386475,1924,1706488464,4,2
481001,1920,7215015,923521920,23520,0.6333333253860474,128,481000,1.9516932964324951,1920,17,2,500000,1000,,481001.0,0.6484375,0.6181689500808716,0.6333333253860474,0.6224290132522583,1928,1706488464,4,2
482001,1920,7230015,925441920,23520,0.6333333253860474,128,482000,1.955998420715332,1920,17,2,500000,1000,,482001.0,0.6489583253860474,0.6181630492210388,0.6312500238418579,0.6221428513526917,1932,1706488464,4,2
483001,1920,7245015,927361920,23520,0.6312500238418579,128,483000,1.9598102569580078,1920,17,2,500000,1000,,483001.0,0.6494791507720947,0.6181632876396179,0.6291666626930237,0.622204601764679,1936,1706488464,4,2
484001,1920,7260015,929281920,23520,0.6291666626930237,128,484000,1.9638781547546387,1920,17,2,500000,1000,,484001.0,0.6489583253860474,0.6181673407554626,0.6333333253860474,0.6220800876617432,1940,1706488464,4,2
485001,1920,7275015,931201920,23520,0.6333333253860474,128,485000,1.9676830768585205,1920,17,2,500000,1000,,485001.0,0.6473958492279053,0.6181676983833313,0.6333333253860474,0.6223533749580383,1944,1706488464,4,2
486001,1920,7290015,933121920,23520,0.6333333253860474,128,486000,1.971567153930664,1920,17,2,500000,1000,,486001.0,0.6484375,0.6181700229644775,0.6333333253860474,0.6226146817207336,1949,1706488464,4,2
487001,1920,7305015,935041920,23520,0.6333333253860474,128,487000,1.9753341674804688,1920,17,2,500000,1000,,487001.0,0.6458333134651184,0.6181668043136597,0.6312500238418579,0.6226251125335693,1953,1706488464,4,2
488001,1920,7320015,936961920,23520,0.6312500238418579,128,488000,1.9793319702148438,1920,17,2,500000,1000,,488001.0,0.6463541388511658,0.6181671023368835,0.6312500238418579,0.6221399307250977,1957,1706488464,4,2
489001,1920,7335015,938881920,23520,0.6312500238418579,128,489000,1.9831767082214355,1920,17,2,500000,1000,,489001.0,0.6499999761581421,0.6181637048721313,0.6291666626930237,0.6226826906204224,1960,1706488464,4,2
490001,1920,7350015,940801920,23520,0.6291666626930237,128,490000,1.98698091506958,1920,17,2,500000,1000,,490001.0,0.6489583253860474,0.6181676983833313,0.6270833611488342,0.6227036118507385,1964,1706488464,4,2
491001,1920,7365015,942721920,23520,0.6270833611488342,128,491000,1.9908528327941895,1920,17,2,500000,1000,,491001.0,0.6489583253860474,0.6181700825691223,0.6312500238418579,0.6225172281265259,1968,1706488464,4,2
492001,1920,7380015,944641920,23520,0.6312500238418579,128,492000,1.9946198463439941,1920,17,2,500000,1000,,492001.0,0.6489583253860474,0.6181678771972656,0.6270833611488342,0.6227371692657471,1972,1706488464,4,2
493001,1920,7395015,946561920,23520,0.6270833611488342,128,493000,1.9985239505767822,1920,17,2,500000,1000,,493001.0,0.6473958492279053,0.618172287940979,0.6291666626930237,0.6222918629646301,1976,1706488464,4,2
494001,1920,7410015,948481920,23520,0.6291666626930237,128,494000,2.002305746078491,1920,17,2,500000,1000,,494001.0,0.6499999761581421,0.6181676983833313,0.6270833611488342,0.6225804090499878,1980,1706488464,4,2
495001,1920,7425015,950401920,23520,0.6270833611488342,128,495000,2.006722927093506,1920,17,2,500000,1000,,495001.0,0.6510416865348816,0.6181676387786865,0.6312500238418579,0.622599184513092,1984,1706488464,4,2
496001,1920,7440015,952321920,23520,0.6312500238418579,128,496000,2.0106358528137207,1920,17,2,500000,1000,,496001.0,0.6505208611488342,0.6181663274765015,0.6270833611488342,0.6227642893791199,1988,1706488464,4,2
497001,1920,7455015,954241920,23520,0.6270833611488342,128,497000,2.0145251750946045,1920,17,2,500000,1000,,497001.0,0.6510416865348816,0.6181656122207642,0.6333333253860474,0.6223475933074951,1992,1706488464,4,2
498001,1920,7470015,956161920,23520,0.6333333253860474,128,498000,2.018317222595215,1920,17,2,500000,1000,,498001.0,0.6473958492279053,0.618170440196991,0.6291666626930237,0.622498631477356,1996,1706488464,4,2
499001,1920,7485015,958081920,23520,0.6291666626930237,128,499000,2.022102117538452,1920,17,2,500000,1000,,499001.0,0.6494791507720947,0.6181681156158447,0.6354166865348816,0.6221981048583984,2000,1706488464,4,2
499998,1920,7499970,959996160,23520,0.6354166865348816,128,499997,2.0259368419647217,1920,17,2,500000,1000,,499998.0,0.6505208611488342,0.6181676387786865,0.6291666626930237,0.6221715211868286,2004,1706488464,4,2
499999,1920,7499985,959998080,23520,0.6291666626930237,128,499998,2.0306239128112793,1920,17,2,500000,1000,,499999.0,0.6505208611488342,0.6181685328483582,0.6291666626930237,0.6221622228622437,2004,1706488464,4,2
500000,1920,7500000,960000000,23520,0.6291666626930237,128,499999,2.0348546504974365,1920,17,2,500000,1000,,500000.0,0.6505208611488342,0.6181681752204895,0.6291666626930237,0.622146725654602,2004,1706488464,4,2
