pf_calls,num_answers,model_updates,num_grad_comps,answers_bytes,last_score,batch_size,k,elapsed_time,train_data,n,d,max_epochs,verbose,ident,_epochs,score_train,loss_train,score_test,loss_test,_elapsed_time,seed,run_id,dim
1,1920,15,1920,23520,0.4729166626930237,128,0,0.017003774642944336,1920,17,5,500000,1000,,1.0,0.4984374940395355,0.6931472420692444,0.47708332538604736,0.6931472420692444,0,1284990769,4,5
1001,1920,15015,1921920,23520,0.47708332538604736,128,1000,0.020865678787231445,1920,17,5,500000,1000,,1001.0,0.6697916388511658,0.6088310480117798,0.6270833611488342,0.6504810452461243,3,1284990769,4,5
2001,1920,30015,3841920,23520,0.6270833611488342,128,2000,0.024645566940307617,1920,17,5,500000,1000,,2001.0,0.6734374761581421,0.5968696475028992,0.6479166746139526,0.6376634240150452,7,1284990769,4,5
3001,1920,45015,5761920,23520,0.6479166746139526,128,3000,0.02851271629333496,1920,17,5,500000,1000,,3001.0,0.6848958134651184,0.5919249653816223,0.6416666507720947,0.6314594149589539,11,1284990769,4,5
4001,1920,60015,7681920,23520,0.6416666507720947,128,4000,0.03233647346496582,1920,17,5,500000,1000,,4001.0,0.6833333373069763,0.5892975330352783,0.6499999761581421,0.629065215587616,15,1284990769,4,5
5001,1920,75015,9601920,23520,0.6499999761581421,128,5000,0.03614640235900879,1920,17,5,500000,1000,,5001.0,0.6807291507720947,0.5878125429153442,0.6499999761581421,0.6285654902458191,19,1284990769,4,5
6001,1920,90015,11521920,23520,0.6499999761581421,128,6000,0.039945363998413086,1920,17,5,500000,1000,,6001.0,0.6796875,0.5868743658065796,0.6499999761581421,0.6282042860984802,23,1284990769,4,5
7001,1920,105015,13441920,23520,0.6499999761581421,128,7000,0.04375720024108887,1920,17,5,500000,1000,,7001.0,0.6812499761581421,0.5862250924110413,0.6499999761581421,0.6270802617073059,27,1284990769,4,5
8001,1920,120015,15361920,23520,0.6499999761581421,128,8000,0.04763936996459961,1920,17,5,500000,1000,,8001.0,0.6812499761581421,0.5857582092285156,0.6499999761581421,0.6277393102645874,31,1284990769,4,5
9001,1920,135015,17281920,23520,0.6499999761581421,128,9000,0.05149650573730469,1920,17,5,500000,1000,,9001.0,0.6807291507720947,0.5853893756866455,0.6499999761581421,0.6268714070320129,35,1284990769,4,5
10001,1920,150015,19201920,23520,0.6499999761581421,128,10000,0.055341243743896484,1920,17,5,500000,1000,,10001.0,0.6812499761581421,0.5850874185562134,0.6520833373069763,0.6266363263130188,39,1284990769,4,5
11001,1920,165015,21121920,23520,0.6520833373069763,128,11000,0.0591883659362793,1920,17,5,500000,1000,,11001.0,0.682812511920929,0.5848370790481567,0.6520833373069763,0.6270787715911865,42,1284990769,4,5
12001,1920,180015,23041920,23520,0.6520833373069763,128,12000,0.06294655799865723,1920,17,5,500000,1000,,12001.0,0.6838541626930237,0.5846297144889832,0.6520833373069763,0.6264523267745972,46,1284990769,4,5
13001,1920,195015,24961920,23520,0.6520833373069763,128,13000,0.06671667098999023,1920,17,5,500000,1000,,13001.0,0.682812511920929,0.5844466090202332,0.6499999761581421,0.62657231092453,50,1284990769,4,5
14001,1920,210015,26881920,23520,0.6499999761581421,128,14000,0.07047677040100098,1920,17,5,500000,1000,,14001.0,0.682812511920929,0.5842847228050232,0.6479166746139526,0.6266928315162659,54,1284990769,4,5
15001,1920,225015,28801920,23520,0.6479166746139526,128,15000,0.07465958595275879,1920,17,5,500000,1000,,15001.0,0.6838541626930237,0.5841373205184937,0.6520833373069763,0.6262906193733215,58,1284990769,4,5
16001,1920,240015,30721920,23520,0.6520833373069763,128,16000,0.07848167419433594,1920,17,5,500000,1000,,16001.0,0.682812511920929,0.5839989185333252,0.6479166746139526,0.626669704914093,62,1284990769,4,5
17001,1920,255015,32641920,23520,0.6479166746139526,128,17000,0.08241081237792969,1920,17,5,500000,1000,,17001.0,0.6854166388511658,0.583865225315094,0.6541666388511658,0.6264370083808899,66,1284990769,4,5
18001,1920,270015,34561920,23520,0.6541666388511658,128,18000,0.08619880676269531,1920,17,5,500000,1000,,18001.0,0.6859375238418579,0.5837410092353821,0.6520833373069763,0.6264861226081848,70,1284990769,4,5
19001,1920,285015,36481920,23520,0.6520833373069763,128,19000,0.09003257751464844,1920,17,5,500000,1000,,19001.0,0.682812511920929,0.5836229920387268,0.6520833373069763,0.6261345744132996,74,1284990769,4,5
20001,1920,300015,38401920,23520,0.6520833373069763,128,20000,0.09482836723327637,1920,17,5,500000,1000,,20001.0,0.6848958134651184,0.5835054516792297,0.6499999761581421,0.6263473629951477,77,1284990769,4,5
21001,1920,315015,40321920,23520,0.6499999761581421,128,21000,0.09883522987365723,1920,17,5,500000,1000,,21001.0,0.684374988079071,0.5833891034126282,0.6499999761581421,0.6261292695999146,81,1284990769,4,5
22001,1920,330015,42241920,23520,0.6499999761581421,128,22000,0.10267257690429688,1920,17,5,500000,1000,,22001.0,0.6833333373069763,0.5832803249359131,0.6458333134651184,0.6261182427406311,85,1284990769,4,5
23001,1920,345015,44161920,23520,0.6458333134651184,128,23000,0.10648179054260254,1920,17,5,500000,1000,,23001.0,0.6822916865348816,0.5831813216209412,0.6479166746139526,0.626611053943634,89,1284990769,4,5
24001,1920,360015,46081920,23520,0.6479166746139526,128,24000,0.11052179336547852,1920,17,5,500000,1000,,24001.0,0.6848958134651184,0.5830860733985901,0.6499999761581421,0.6261911392211914,93,1284990769,4,5
25001,1920,375015,48001920,23520,0.6499999761581421,128,25000,0.11460375785827637,1920,17,5,500000,1000,,25001.0,0.6822916865348816,0.5829933285713196,0.6499999761581421,0.6264389753341675,97,1284990769,4,5
26001,1920,390015,49921920,23520,0.6499999761581421,128,26000,0.11840391159057617,1920,17,5,500000,1000,,26001.0,0.6817708611488342,0.5829125046730042,0.6499999761581421,0.6257219314575195,101,1284990769,4,5
27001,1920,405015,51841920,23520,0.6499999761581421,128,27000,0.122222900390625,1920,17,5,500000,1000,,27001.0,0.6838541626930237,0.5828322768211365,0.6520833373069763,0.6254607439041138,105,1284990769,4,5
28001,1920,420015,53761920,23520,0.6520833373069763,128,28000,0.12599992752075195,1920,17,5,500000,1000,,28001.0,0.6854166388511658,0.5827659964561462,0.6541666388511658,0.6260040998458862,109,1284990769,4,5
29001,1920,435015,55681920,23520,0.6541666388511658,128,29000,0.13015317916870117,1920,17,5,500000,1000,,29001.0,0.6864583492279053,0.5826976299285889,0.6583333611488342,0.6259382963180542,113,1284990769,4,5
30001,1920,450015,57601920,23520,0.6583333611488342,128,30000,0.1339564323425293,1920,17,5,500000,1000,,30001.0,0.6848958134651184,0.5826385617256165,0.6541666388511658,0.6261831521987915,117,1284990769,4,5
31001,1920,465015,59521920,23520,0.6541666388511658,128,31000,0.13773250579833984,1920,17,5,500000,1000,,31001.0,0.6848958134651184,0.582581102848053,0.6479166746139526,0.6259554028511047,121,1284990769,4,5
32001,1920,480015,61441920,23520,0.6479166746139526,128,32000,0.14152026176452637,1920,17,5,500000,1000,,32001.0,0.6838541626930237,0.5825294852256775,0.6541666388511658,0.6263001561164856,124,1284990769,4,5
33001,1920,495015,63361920,23520,0.6541666388511658,128,33000,0.1453850269317627,1920,17,5,500000,1000,,33001.0,0.684374988079071,0.5824836492538452,0.6499999761581421,0.62580806016922,128,1284990769,4,5
34001,1920,510015,65281920,23520,0.6499999761581421,128,34000,0.14914512634277344,1920,17,5,500000,1000,,34001.0,0.6848958134651184,0.582432210445404,0.6479166746139526,0.625676155090332,132,1284990769,4,5
35001,1920,525015,67201920,23520,0.6479166746139526,128,35000,0.1529531478881836,1920,17,5,500000,1000,,35001.0,0.6848958134651184,0.5823898911476135,0.6479166746139526,0.6262321472167969,136,1284990769,4,5
36001,1920,540015,69121920,23520,0.6479166746139526,128,36000,0.1567530632019043,1920,17,5,500000,1000,,36001.0,0.6838541626930237,0.5823566317558289,0.6458333134651184,0.626352071762085,140,1284990769,4,5
37001,1920,555015,71041920,23520,0.6458333134651184,128,37000,0.1607520580291748,1920,17,5,500000,1000,,37001.0,0.6864583492279053,0.5823186039924622,0.6479166746139526,0.6259320378303528,144,1284990769,4,5
38001,1920,570015,72961920,23520,0.6479166746139526,128,38000,0.16455507278442383,1920,17,5,500000,1000,,38001.0,0.684374988079071,0.5822831392288208,0.6458333134651184,0.6264224648475647,148,1284990769,4,5
39001,1920,585015,74881920,23520,0.6458333134651184,128,39000,0.16836023330688477,1920,17,5,500000,1000,,39001.0,0.684374988079071,0.5822489261627197,0.6499999761581421,0.6257984638214111,152,1284990769,4,5
40001,1920,600015,76801920,23520,0.6499999761581421,128,40000,0.1735522747039795,1920,17,5,500000,1000,,40001.0,0.684374988079071,0.5822166800498962,0.6479166746139526,0.6257684826850891,156,1284990769,4,5
41001,1920,615015,78721920,23520,0.6479166746139526,128,41000,0.17739605903625488,1920,17,5,500000,1000,,41001.0,0.684374988079071,0.582191526889801,0.6479166746139526,0.626372754573822,159,1284990769,4,5
42001,1920,630015,80641920,23520,0.6479166746139526,128,42000,0.1823592185974121,1920,17,5,500000,1000,,42001.0,0.6833333373069763,0.5821610689163208,0.6458333134651184,0.6260063052177429,163,1284990769,4,5
43001,1920,645015,82561920,23520,0.6458333134651184,128,43000,0.18617033958435059,1920,17,5,500000,1000,,43001.0,0.682812511920929,0.5821314454078674,0.6479166746139526,0.6258604526519775,167,1284990769,4,5
44001,1920,660015,84481920,23520,0.6479166746139526,128,44000,0.19000244140625,1920,17,5,500000,1000,,44001.0,0.682812511920929,0.5821046233177185,0.6479166746139526,0.6257894039154053,171,1284990769,4,5
45001,1920,675015,86401920,23520,0.6479166746139526,128,45000,0.1938173770904541,1920,17,5,500000,1000,,45001.0,0.6822916865348816,0.5820764899253845,0.6479166746139526,0.6261629462242126,175,1284990769,4,5
46001,1920,690015,88321920,23520,0.6479166746139526,128,46000,0.197587251663208,1920,17,5,500000,1000,,46001.0,0.6848958134651184,0.5820545554161072,0.6479166746139526,0.6261566877365112,179,1284990769,4,5
47001,1920,705015,90241920,23520,0.6479166746139526,128,47000,0.20136117935180664,1920,17,5,500000,1000,,47001.0,0.6833333373069763,0.5820326209068298,0.6458333134651184,0.625994861125946,183,1284990769,4,5
48001,1920,720015,92161920,23520,0.6458333134651184,128,48000,0.2051699161529541,1920,17,5,500000,1000,,48001.0,0.6859375238418579,0.5820094347000122,0.643750011920929,0.6262467503547668,187,1284990769,4,5
49001,1920,735015,94081920,23520,0.643750011920929,128,49000,0.2089858055114746,1920,17,5,500000,1000,,49001.0,0.6848958134651184,0.5819904208183289,0.643750011920929,0.6256440877914429,191,1284990769,4,5
50001,1920,750015,96001920,23520,0.643750011920929,128,50000,0.21340179443359375,1920,17,5,500000,1000,,50001.0,0.684374988079071,0.5819674730300903,0.6458333134651184,0.6257291436195374,194,1284990769,4,5
51001,1920,765015,97921920,23520,0.6458333134651184,128,51000,0.21720671653747559,1920,17,5,500000,1000,,51001.0,0.684374988079071,0.5819492340087891,0.6479166746139526,0.6262643933296204,198,1284990769,4,5
52001,1920,780015,99841920,23520,0.6479166746139526,128,52000,0.22101259231567383,1920,17,5,500000,1000,,52001.0,0.6848958134651184,0.5819275975227356,0.643750011920929,0.6262052655220032,202,1284990769,4,5
53001,1920,795015,101761920,23520,0.643750011920929,128,53000,0.22476959228515625,1920,17,5,500000,1000,,53001.0,0.6817708611488342,0.5819123983383179,0.643750011920929,0.6262151002883911,206,1284990769,4,5
54001,1920,810015,103681920,23520,0.643750011920929,128,54000,0.22856760025024414,1920,17,5,500000,1000,,54001.0,0.6833333373069763,0.581895112991333,0.643750011920929,0.6262795925140381,210,1284990769,4,5
55001,1920,825015,105601920,23520,0.643750011920929,128,55000,0.23258161544799805,1920,17,5,500000,1000,,55001.0,0.682812511920929,0.5818770527839661,0.643750011920929,0.626318633556366,214,1284990769,4,5
56001,1920,840015,107521920,23520,0.643750011920929,128,56000,0.23633551597595215,1920,17,5,500000,1000,,56001.0,0.682812511920929,0.5818614959716797,0.6416666507720947,0.626137375831604,218,1284990769,4,5
57001,1920,855015,109441920,23520,0.6416666507720947,128,57000,0.24126625061035156,1920,17,5,500000,1000,,57001.0,0.6854166388511658,0.5818415284156799,0.643750011920929,0.6259844899177551,222,1284990769,4,5
58001,1920,870015,111361920,23520,0.643750011920929,128,58000,0.24546456336975098,1920,17,5,500000,1000,,58001.0,0.684374988079071,0.5818259716033936,0.6458333134651184,0.6261380314826965,225,1284990769,4,5
59001,1920,885015,113281920,23520,0.6458333134651184,128,59000,0.24924540519714355,1920,17,5,500000,1000,,59001.0,0.6833333373069763,0.5818131566047668,0.6458333134651184,0.6256691813468933,229,1284990769,4,5
60001,1920,900015,115201920,23520,0.6458333134651184,128,60000,0.2530045509338379,1920,17,5,500000,1000,,60001.0,0.682812511920929,0.5817992687225342,0.643750011920929,0.6262714862823486,233,1284990769,4,5
61001,1920,915015,117121920,23520,0.643750011920929,128,61000,0.2568502426147461,1920,17,5,500000,1000,,61001.0,0.6838541626930237,0.5817811489105225,0.643750011920929,0.6261565685272217,237,1284990769,4,5
62001,1920,930015,119041920,23520,0.643750011920929,128,62000,0.26063013076782227,1920,17,5,500000,1000,,62001.0,0.6838541626930237,0.5817663669586182,0.643750011920929,0.6259787082672119,241,1284990769,4,5
63001,1920,945015,120961920,23520,0.643750011920929,128,63000,0.26441335678100586,1920,17,5,500000,1000,,63001.0,0.6838541626930237,0.5817564725875854,0.6458333134651184,0.6251825094223022,245,1284990769,4,5
64001,1920,960015,122881920,23520,0.6458333134651184,128,64000,0.2682764530181885,1920,17,5,500000,1000,,64001.0,0.6838541626930237,0.5817451477050781,0.6479166746139526,0.625908613204956,249,1284990769,4,5
65001,1920,975015,124801920,23520,0.6479166746139526,128,65000,0.27208852767944336,1920,17,5,500000,1000,,65001.0,0.6833333373069763,0.5817297101020813,0.6458333134651184,0.62618088722229,253,1284990769,4,5
66001,1920,990015,126721920,23520,0.6458333134651184,128,66000,0.2758934497833252,1920,17,5,500000,1000,,66001.0,0.6838541626930237,0.5817171931266785,0.643750011920929,0.6262200474739075,257,1284990769,4,5
67001,1920,1005015,128641920,23520,0.643750011920929,128,67000,0.2796742916107178,1920,17,5,500000,1000,,67001.0,0.6838541626930237,0.5817053318023682,0.6479166746139526,0.6259113550186157,261,1284990769,4,5
68001,1920,1020015,130561920,23520,0.6479166746139526,128,68000,0.28348636627197266,1920,17,5,500000,1000,,68001.0,0.6833333373069763,0.5816913843154907,0.643750011920929,0.6261285543441772,264,1284990769,4,5
69001,1920,1035015,132481920,23520,0.643750011920929,128,69000,0.2873420715332031,1920,17,5,500000,1000,,69001.0,0.6848958134651184,0.5816794037818909,0.6458333134651184,0.6261531710624695,268,1284990769,4,5
70001,1920,1050015,134401920,23520,0.6458333134651184,128,70000,0.29113292694091797,1920,17,5,500000,1000,,70001.0,0.6854166388511658,0.5816679000854492,0.643750011920929,0.6263527274131775,272,1284990769,4,5
71001,1920,1065015,136321920,23520,0.643750011920929,128,71000,0.29503583908081055,1920,17,5,500000,1000,,71001.0,0.6854166388511658,0.581660270690918,0.643750011920929,0.6263126730918884,276,1284990769,4,5
72001,1920,1080015,138241920,23520,0.643750011920929,128,72000,0.2989838123321533,1920,17,5,500000,1000,,72001.0,0.6848958134651184,0.5816470384597778,0.643750011920929,0.6260730624198914,280,1284990769,4,5
73001,1920,1095015,140161920,23520,0.643750011920929,128,73000,0.30313587188720703,1920,17,5,500000,1000,,73001.0,0.6838541626930237,0.581638514995575,0.6458333134651184,0.626146137714386,284,1284990769,4,5
74001,1920,1110015,142081920,23520,0.6458333134651184,128,74000,0.30691981315612793,1920,17,5,500000,1000,,74001.0,0.6854166388511658,0.5816253423690796,0.6416666507720947,0.6261370182037354,288,1284990769,4,5
75001,1920,1125015,144001920,23520,0.6416666507720947,128,75000,0.3106997013092041,1920,17,5,500000,1000,,75001.0,0.6838541626930237,0.5816190838813782,0.643750011920929,0.6257688999176025,292,1284990769,4,5
76001,1920,1140015,145921920,23520,0.643750011920929,128,76000,0.3144998550415039,1920,17,5,500000,1000,,76001.0,0.6838541626930237,0.5816089510917664,0.643750011920929,0.6257336735725403,295,1284990769,4,5
77001,1920,1155015,147841920,23520,0.643750011920929,128,77000,0.3182969093322754,1920,17,5,500000,1000,,77001.0,0.682812511920929,0.5815993547439575,0.6479166746139526,0.6256967782974243,299,1284990769,4,5
78001,1920,1170015,149761920,23520,0.6479166746139526,128,78000,0.32230281829833984,1920,17,5,500000,1000,,78001.0,0.6838541626930237,0.5815871357917786,0.643750011920929,0.6262153387069702,303,1284990769,4,5
79001,1920,1185015,151681920,23520,0.643750011920929,128,79000,0.32614707946777344,1920,17,5,500000,1000,,79001.0,0.6833333373069763,0.581576943397522,0.643750011920929,0.6262725591659546,307,1284990769,4,5
80001,1920,1200015,153601920,23520,0.643750011920929,128,80000,0.3299582004547119,1920,17,5,500000,1000,,80001.0,0.6833333373069763,0.581567645072937,0.643750011920929,0.6261193752288818,311,1284990769,4,5
81001,1920,1215015,155521920,23520,0.643750011920929,128,81000,0.33371734619140625,1920,17,5,500000,1000,,81001.0,0.6838541626930237,0.5815609693527222,0.643750011920929,0.6263450384140015,315,1284990769,4,5
82001,1920,1230015,157441920,23520,0.643750011920929,128,82000,0.337543249130249,1920,17,5,500000,1000,,82001.0,0.6822916865348816,0.5815542936325073,0.643750011920929,0.6263070702552795,319,1284990769,4,5
83001,1920,1245015,159361920,23520,0.643750011920929,128,83000,0.34153127670288086,1920,17,5,500000,1000,,83001.0,0.6833333373069763,0.5815421938896179,0.643750011920929,0.6261479258537292,323,1284990769,4,5
84001,1920,1260015,161281920,23520,0.643750011920929,128,84000,0.34533143043518066,1920,17,5,500000,1000,,84001.0,0.682812511920929,0.5815359354019165,0.643750011920929,0.6263329386711121,327,1284990769,4,5
85001,1920,1275015,163201920,23520,0.643750011920929,128,85000,0.3491523265838623,1920,17,5,500000,1000,,85001.0,0.6817708611488342,0.5815228223800659,0.643750011920929,0.6262644529342651,330,1284990769,4,5
86001,1920,1290015,165121920,23520,0.643750011920929,128,86000,0.3530101776123047,1920,17,5,500000,1000,,86001.0,0.6838541626930237,0.581524133682251,0.6416666507720947,0.6262195706367493,334,1284990769,4,5
87001,1920,1305015,167041920,23520,0.6416666507720947,128,87000,0.35678625106811523,1920,17,5,500000,1000,,87001.0,0.6822916865348816,0.5815140604972839,0.6416666507720947,0.6262107491493225,338,1284990769,4,5
88001,1920,1320015,168961920,23520,0.6416666507720947,128,88000,0.36156225204467773,1920,17,5,500000,1000,,88001.0,0.6833333373069763,0.581499457359314,0.643750011920929,0.625771164894104,342,1284990769,4,5
89001,1920,1335015,170881920,23520,0.643750011920929,128,89000,0.3653602600097656,1920,17,5,500000,1000,,89001.0,0.6838541626930237,0.581493616104126,0.6416666507720947,0.6262896656990051,346,1284990769,4,5
90001,1920,1350015,172801920,23520,0.6416666507720947,128,90000,0.3694303035736084,1920,17,5,500000,1000,,90001.0,0.6833333373069763,0.5814844965934753,0.643750011920929,0.6256898045539856,350,1284990769,4,5
91001,1920,1365015,174721920,23520,0.643750011920929,128,91000,0.3733351230621338,1920,17,5,500000,1000,,91001.0,0.6848958134651184,0.5814793705940247,0.6458333134651184,0.6258758306503296,354,1284990769,4,5
92001,1920,1380015,176641920,23520,0.6458333134651184,128,92000,0.37719011306762695,1920,17,5,500000,1000,,92001.0,0.6848958134651184,0.5814675092697144,0.643750011920929,0.6261945962905884,358,1284990769,4,5
93001,1920,1395015,178561920,23520,0.643750011920929,128,93000,0.3809797763824463,1920,17,5,500000,1000,,93001.0,0.6822916865348816,0.5814658999443054,0.643750011920929,0.6262285113334656,361,1284990769,4,5
94001,1920,1410015,180481920,23520,0.643750011920929,128,94000,0.3847789764404297,1920,17,5,500000,1000,,94001.0,0.682812511920929,0.5814590454101562,0.6416666507720947,0.6256654262542725,365,1284990769,4,5
95001,1920,1425015,182401920,23520,0.6416666507720947,128,95000,0.38861799240112305,1920,17,5,500000,1000,,95001.0,0.684374988079071,0.5814548134803772,0.643750011920929,0.6256953477859497,369,1284990769,4,5
96001,1920,1440015,184321920,23520,0.643750011920929,128,96000,0.3925180435180664,1920,17,5,500000,1000,,96001.0,0.684374988079071,0.5814444422721863,0.6458333134651184,0.6257967352867126,373,1284990769,4,5
97001,1920,1455015,186241920,23520,0.6458333134651184,128,97000,0.396287202835083,1920,17,5,500000,1000,,97001.0,0.6854166388511658,0.5814383029937744,0.643750011920929,0.626128613948822,377,1284990769,4,5
98001,1920,1470015,188161920,23520,0.643750011920929,128,98000,0.40028834342956543,1920,17,5,500000,1000,,98001.0,0.684374988079071,0.58143150806427,0.6458333134651184,0.6262350678443909,381,1284990769,4,5
99001,1920,1485015,190081920,23520,0.6458333134651184,128,99000,0.4050633907318115,1920,17,5,500000,1000,,99001.0,0.6838541626930237,0.5814257860183716,0.643750011920929,0.625963568687439,385,1284990769,4,5
100001,1920,1500015,192001920,23520,0.643750011920929,128,100000,0.40927839279174805,1920,17,5,500000,1000,,100001.0,0.6833333373069763,0.5814192295074463,0.643750011920929,0.6260098218917847,389,1284990769,4,5
101001,1920,1515015,193921920,23520,0.643750011920929,128,101000,0.41304540634155273,1920,17,5,500000,1000,,101001.0,0.6838541626930237,0.5814138054847717,0.643750011920929,0.6266109943389893,393,1284990769,4,5
102001,1920,1530015,195841920,23520,0.643750011920929,128,102000,0.41684913635253906,1920,17,5,500000,1000,,102001.0,0.684374988079071,0.5814073085784912,0.643750011920929,0.6262496709823608,396,1284990769,4,5
103001,1920,1545015,197761920,23520,0.643750011920929,128,103000,0.42064619064331055,1920,17,5,500000,1000,,103001.0,0.6838541626930237,0.5814017653465271,0.643750011920929,0.625997006893158,400,1284990769,4,5
104001,1920,1560015,199681920,23520,0.643750011920929,128,104000,0.4244813919067383,1920,17,5,500000,1000,,104001.0,0.6833333373069763,0.5813941359519958,0.643750011920929,0.6261768341064453,404,1284990769,4,5
105001,1920,1575015,201601920,23520,0.643750011920929,128,105000,0.42830753326416016,1920,17,5,500000,1000,,105001.0,0.6833333373069763,0.5813890695571899,0.643750011920929,0.6260672211647034,408,1284990769,4,5
106001,1920,1590015,203521920,23520,0.643750011920929,128,106000,0.43224644660949707,1920,17,5,500000,1000,,106001.0,0.684374988079071,0.5813812017440796,0.643750011920929,0.6257781386375427,412,1284990769,4,5
107001,1920,1605015,205441920,23520,0.643750011920929,128,107000,0.4360322952270508,1920,17,5,500000,1000,,107001.0,0.684374988079071,0.5813756585121155,0.6458333134651184,0.6256745457649231,416,1284990769,4,5
108001,1920,1620015,207361920,23520,0.6458333134651184,128,108000,0.43979430198669434,1920,17,5,500000,1000,,108001.0,0.684374988079071,0.5813720226287842,0.6416666507720947,0.6260926127433777,420,1284990769,4,5
109001,1920,1635015,209281920,23520,0.6416666507720947,128,109000,0.44359922409057617,1920,17,5,500000,1000,,109001.0,0.6848958134651184,0.5813665986061096,0.643750011920929,0.62611323595047,424,1284990769,4,5
110001,1920,1650015,211201920,23520,0.643750011920929,128,110000,0.4473862648010254,1920,17,5,500000,1000,,110001.0,0.684374988079071,0.5813617706298828,0.6416666507720947,0.6260961890220642,427,1284990769,4,5
111001,1920,1665015,213121920,23520,0.6416666507720947,128,111000,0.4512913227081299,1920,17,5,500000,1000,,111001.0,0.6833333373069763,0.581356406211853,0.643750011920929,0.6263614296913147,431,1284990769,4,5
112001,1920,1680015,215041920,23520,0.643750011920929,128,112000,0.45541930198669434,1920,17,5,500000,1000,,112001.0,0.6838541626930237,0.5813536047935486,0.643750011920929,0.6263180375099182,435,1284990769,4,5
113001,1920,1695015,216961920,23520,0.643750011920929,128,113000,0.45921826362609863,1920,17,5,500000,1000,,113001.0,0.684374988079071,0.581344485282898,0.6416666507720947,0.626048743724823,439,1284990769,4,5
114001,1920,1710015,218881920,23520,0.6416666507720947,128,114000,0.4631011486053467,1920,17,5,500000,1000,,114001.0,0.6838541626930237,0.5813409090042114,0.643750011920929,0.6257814168930054,443,1284990769,4,5
115001,1920,1725015,220801920,23520,0.643750011920929,128,115000,0.4669182300567627,1920,17,5,500000,1000,,115001.0,0.6838541626930237,0.5813353657722473,0.6416666507720947,0.6259230375289917,447,1284990769,4,5
116001,1920,1740015,222721920,23520,0.6416666507720947,128,116000,0.47069597244262695,1920,17,5,500000,1000,,116001.0,0.684374988079071,0.5813311338424683,0.643750011920929,0.6259282231330872,451,1284990769,4,5
117001,1920,1755015,224641920,23520,0.643750011920929,128,117000,0.4745478630065918,1920,17,5,500000,1000,,117001.0,0.6848958134651184,0.5813262462615967,0.643750011920929,0.6258671879768372,455,1284990769,4,5
118001,1920,1770015,226561920,23520,0.643750011920929,128,118000,0.4795417785644531,1920,17,5,500000,1000,,118001.0,0.6838541626930237,0.5813248753547668,0.6458333134651184,0.6261370182037354,459,1284990769,4,5
119001,1920,1785015,228481920,23520,0.6458333134651184,128,119000,0.48345279693603516,1920,17,5,500000,1000,,119001.0,0.6838541626930237,0.5813214182853699,0.6458333134651184,0.6258745789527893,463,1284990769,4,5
120001,1920,1800015,230401920,23520,0.6458333134651184,128,120000,0.48735880851745605,1920,17,5,500000,1000,,120001.0,0.6848958134651184,0.5813129544258118,0.643750011920929,0.6262749433517456,467,1284990769,4,5
121001,1920,1815015,232321920,23520,0.643750011920929,128,121000,0.49114274978637695,1920,17,5,500000,1000,,121001.0,0.684374988079071,0.5813071131706238,0.6458333134651184,0.6259657144546509,471,1284990769,4,5
122001,1920,1830015,234241920,23520,0.6458333134651184,128,122000,0.49564576148986816,1920,17,5,500000,1000,,122001.0,0.6848958134651184,0.5813000202178955,0.643750011920929,0.6261167526245117,475,1284990769,4,5
123001,1920,1845015,236161920,23520,0.643750011920929,128,123000,0.49943971633911133,1920,17,5,500000,1000,,123001.0,0.682812511920929,0.5812994837760925,0.6458333134651184,0.6260622143745422,479,1284990769,4,5
124001,1920,1860015,238081920,23520,0.6458333134651184,128,124000,0.5031874179840088,1920,17,5,500000,1000,,124001.0,0.6838541626930237,0.5812962651252747,0.643750011920929,0.6257556676864624,483,1284990769,4,5
125001,1920,1875015,240001920,23520,0.643750011920929,128,125000,0.5070264339447021,1920,17,5,500000,1000,,125001.0,0.6848958134651184,0.581295371055603,0.643750011920929,0.6258107423782349,486,1284990769,4,5
126001,1920,1890015,241921920,23520,0.643750011920929,128,126000,0.5108234882354736,1920,17,5,500000,1000,,126001.0,0.682812511920929,0.5812886357307434,0.6416666507720947,0.6259152293205261,490,1284990769,4,5
127001,1920,1905015,243841920,23520,0.6416666507720947,128,127000,0.5146112442016602,1920,17,5,500000,1000,,127001.0,0.6833333373069763,0.5812833309173584,0.6458333134651184,0.625872790813446,494,1284990769,4,5
128001,1920,1920015,245761920,23520,0.6458333134651184,128,128000,0.518423318862915,1920,17,5,500000,1000,,128001.0,0.6822916865348816,0.5812771320343018,0.6479166746139526,0.6256992816925049,498,1284990769,4,5
129001,1920,1935015,247681920,23520,0.6479166746139526,128,129000,0.5222375392913818,1920,17,5,500000,1000,,129001.0,0.6833333373069763,0.5812739133834839,0.6416666507720947,0.6261624097824097,502,1284990769,4,5
130001,1920,1950015,249601920,23520,0.6416666507720947,128,130000,0.5260524749755859,1920,17,5,500000,1000,,130001.0,0.6838541626930237,0.5812734365463257,0.643750011920929,0.6264255046844482,506,1284990769,4,5
131001,1920,1965015,251521920,23520,0.643750011920929,128,131000,0.5298113822937012,1920,17,5,500000,1000,,131001.0,0.6838541626930237,0.5812651515007019,0.6458333134651184,0.6260079741477966,510,1284990769,4,5
132001,1920,1980015,253441920,23520,0.6458333134651184,128,132000,0.5335805416107178,1920,17,5,500000,1000,,132001.0,0.684374988079071,0.58126300573349,0.6458333134651184,0.6262256503105164,514,1284990769,4,5
133001,1920,1995015,255361920,23520,0.6458333134651184,128,133000,0.5373585224151611,1920,17,5,500000,1000,,133001.0,0.684374988079071,0.5812587738037109,0.6416666507720947,0.6258825659751892,518,1284990769,4,5
134001,1920,2010015,257281920,23520,0.6416666507720947,128,134000,0.541163444519043,1920,17,5,500000,1000,,134001.0,0.6838541626930237,0.58125239610672,0.643750011920929,0.6258295178413391,521,1284990769,4,5
135001,1920,2025015,259201920,23520,0.643750011920929,128,135000,0.5449316501617432,1920,17,5,500000,1000,,135001.0,0.684374988079071,0.5812504887580872,0.6416666507720947,0.6260881423950195,525,1284990769,4,5
136001,1920,2040015,261121920,23520,0.6416666507720947,128,136000,0.5487415790557861,1920,17,5,500000,1000,,136001.0,0.6838541626930237,0.5812486410140991,0.6416666507720947,0.6261075735092163,529,1284990769,4,5
137001,1920,2055015,263041920,23520,0.6416666507720947,128,137000,0.55255126953125,1920,17,5,500000,1000,,137001.0,0.6848958134651184,0.5812399387359619,0.643750011920929,0.6262317895889282,533,1284990769,4,5
138001,1920,2070015,264961920,23520,0.643750011920929,128,138000,0.5566341876983643,1920,17,5,500000,1000,,138001.0,0.6833333373069763,0.5812364220619202,0.6458333134651184,0.6259920597076416,537,1284990769,4,5
139001,1920,2085015,266881920,23520,0.6458333134651184,128,139000,0.5604803562164307,1920,17,5,500000,1000,,139001.0,0.684374988079071,0.5812348127365112,0.643750011920929,0.6257485747337341,541,1284990769,4,5
140001,1920,2100015,268801920,23520,0.643750011920929,128,140000,0.5642983913421631,1920,17,5,500000,1000,,140001.0,0.6833333373069763,0.5812323689460754,0.643750011920929,0.626106858253479,545,1284990769,4,5
141001,1920,2115015,270721920,23520,0.643750011920929,128,141000,0.5681431293487549,1920,17,5,500000,1000,,141001.0,0.684374988079071,0.5812313556671143,0.6458333134651184,0.6261640191078186,549,1284990769,4,5
142001,1920,2130015,272641920,23520,0.6458333134651184,128,142000,0.5719039440155029,1920,17,5,500000,1000,,142001.0,0.6838541626930237,0.5812271237373352,0.643750011920929,0.6260550022125244,553,1284990769,4,5
143001,1920,2145015,274561920,23520,0.643750011920929,128,143000,0.575822114944458,1920,17,5,500000,1000,,143001.0,0.6859375238418579,0.5812253952026367,0.6458333134651184,0.6263420581817627,556,1284990769,4,5
144001,1920,2160015,276481920,23520,0.6458333134651184,128,144000,0.579625129699707,1920,17,5,500000,1000,,144001.0,0.6848958134651184,0.5812193751335144,0.643750011920929,0.6263712644577026,560,1284990769,4,5
145001,1920,2175015,278401920,23520,0.643750011920929,128,145000,0.5833780765533447,1920,17,5,500000,1000,,145001.0,0.6833333373069763,0.5812144875526428,0.643750011920929,0.6258467435836792,564,1284990769,4,5
146001,1920,2190015,280321920,23520,0.643750011920929,128,146000,0.5871462821960449,1920,17,5,500000,1000,,146001.0,0.6838541626930237,0.5812082886695862,0.6458333134651184,0.6257986426353455,568,1284990769,4,5
147001,1920,2205015,282241920,23520,0.6458333134651184,128,147000,0.59104323387146,1920,17,5,500000,1000,,147001.0,0.684374988079071,0.5812050104141235,0.643750011920929,0.6260937452316284,572,1284990769,4,5
148001,1920,2220015,284161920,23520,0.643750011920929,128,148000,0.5948419570922852,1920,17,5,500000,1000,,148001.0,0.684374988079071,0.5812032222747803,0.643750011920929,0.6260061860084534,576,1284990769,4,5
149001,1920,2235015,286081920,23520,0.643750011920929,128,149000,0.5986888408660889,1920,17,5,500000,1000,,149001.0,0.682812511920929,0.5811991095542908,0.6458333134651184,0.6257039308547974,580,1284990769,4,5
150001,1920,2250015,288001920,23520,0.6458333134651184,128,150000,0.6025497913360596,1920,17,5,500000,1000,,150001.0,0.6833333373069763,0.5811969041824341,0.643750011920929,0.6260740756988525,583,1284990769,4,5
151001,1920,2265015,289921920,23520,0.643750011920929,128,151000,0.6065459251403809,1920,17,5,500000,1000,,151001.0,0.6833333373069763,0.581193745136261,0.643750011920929,0.6259051561355591,587,1284990769,4,5
152001,1920,2280015,291841920,23520,0.643750011920929,128,152000,0.6103029251098633,1920,17,5,500000,1000,,152001.0,0.6833333373069763,0.5811887383460999,0.643750011920929,0.6261512637138367,591,1284990769,4,5
153001,1920,2295015,293761920,23520,0.643750011920929,128,153000,0.614351749420166,1920,17,5,500000,1000,,153001.0,0.6838541626930237,0.5811878442764282,0.6416666507720947,0.6262849569320679,595,1284990769,4,5
154001,1920,2310015,295681920,23520,0.6416666507720947,128,154000,0.6181259155273438,1920,17,5,500000,1000,,154001.0,0.6848958134651184,0.5811851024627686,0.6416666507720947,0.6260948777198792,599,1284990769,4,5
155001,1920,2325015,297601920,23520,0.6416666507720947,128,155000,0.6218879222869873,1920,17,5,500000,1000,,155001.0,0.6838541626930237,0.5811797976493835,0.643750011920929,0.6263168454170227,603,1284990769,4,5
156001,1920,2340015,299521920,23520,0.643750011920929,128,156000,0.6256840229034424,1920,17,5,500000,1000,,156001.0,0.684374988079071,0.581177294254303,0.6458333134651184,0.6262091994285583,607,1284990769,4,5
157001,1920,2355015,301441920,23520,0.6458333134651184,128,157000,0.6294441223144531,1920,17,5,500000,1000,,157001.0,0.684374988079071,0.5811774730682373,0.6416666507720947,0.6261484622955322,611,1284990769,4,5
158001,1920,2370015,303361920,23520,0.6416666507720947,128,158000,0.633275032043457,1920,17,5,500000,1000,,158001.0,0.6838541626930237,0.5811759829521179,0.6458333134651184,0.6263173818588257,615,1284990769,4,5
159001,1920,2385015,305281920,23520,0.6458333134651184,128,159000,0.6370749473571777,1920,17,5,500000,1000,,159001.0,0.684374988079071,0.5811741948127747,0.6458333134651184,0.6261489391326904,618,1284990769,4,5
160001,1920,2400015,307201920,23520,0.6458333134651184,128,160000,0.6409368515014648,1920,17,5,500000,1000,,160001.0,0.6838541626930237,0.5811685919761658,0.643750011920929,0.6261832118034363,622,1284990769,4,5
161001,1920,2415015,309121920,23520,0.643750011920929,128,161000,0.6447169780731201,1920,17,5,500000,1000,,161001.0,0.6848958134651184,0.5811628103256226,0.643750011920929,0.6261133551597595,626,1284990769,4,5
162001,1920,2430015,311041920,23520,0.643750011920929,128,162000,0.648507833480835,1920,17,5,500000,1000,,162001.0,0.6838541626930237,0.5811589956283569,0.643750011920929,0.6255223155021667,630,1284990769,4,5
163001,1920,2445015,312961920,23520,0.643750011920929,128,163000,0.6523089408874512,1920,17,5,500000,1000,,163001.0,0.6817708611488342,0.5811569094657898,0.643750011920929,0.6262549757957458,634,1284990769,4,5
164001,1920,2460015,314881920,23520,0.643750011920929,128,164000,0.6560611724853516,1920,17,5,500000,1000,,164001.0,0.6822916865348816,0.5811580419540405,0.643750011920929,0.6262499690055847,638,1284990769,4,5
165001,1920,2475015,316801920,23520,0.643750011920929,128,165000,0.6600041389465332,1920,17,5,500000,1000,,165001.0,0.6822916865348816,0.5811554193496704,0.6416666507720947,0.6261839270591736,642,1284990769,4,5
166001,1920,2490015,318721920,23520,0.6416666507720947,128,166000,0.6637980937957764,1920,17,5,500000,1000,,166001.0,0.6833333373069763,0.581152081489563,0.6416666507720947,0.6261065006256104,646,1284990769,4,5
167001,1920,2505015,320641920,23520,0.6416666507720947,128,167000,0.6675608158111572,1920,17,5,500000,1000,,167001.0,0.6833333373069763,0.5811464190483093,0.6416666507720947,0.6260339021682739,650,1284990769,4,5
168001,1920,2520015,322561920,23520,0.6416666507720947,128,168000,0.6713137626647949,1920,17,5,500000,1000,,168001.0,0.6833333373069763,0.5811444520950317,0.6416666507720947,0.625819981098175,654,1284990769,4,5
169001,1920,2535015,324481920,23520,0.6416666507720947,128,169000,0.6750667095184326,1920,17,5,500000,1000,,169001.0,0.682812511920929,0.5811427235603333,0.643750011920929,0.6256476044654846,657,1284990769,4,5
170001,1920,2550015,326401920,23520,0.643750011920929,128,170000,0.6789345741271973,1920,17,5,500000,1000,,170001.0,0.6838541626930237,0.5811413526535034,0.6416666507720947,0.6258256435394287,661,1284990769,4,5
171001,1920,2565015,328321920,23520,0.6416666507720947,128,171000,0.6827566623687744,1920,17,5,500000,1000,,171001.0,0.6838541626930237,0.5811367034912109,0.6416666507720947,0.6258536577224731,665,1284990769,4,5
172001,1920,2580015,330241920,23520,0.6416666507720947,128,172000,0.6865763664245605,1920,17,5,500000,1000,,172001.0,0.6817708611488342,0.581134021282196,0.643750011920929,0.6260246634483337,669,1284990769,4,5
173001,1920,2595015,332161920,23520,0.643750011920929,128,173000,0.6903376579284668,1920,17,5,500000,1000,,173001.0,0.6822916865348816,0.5811315178871155,0.6416666507720947,0.6258032321929932,673,1284990769,4,5
174001,1920,2610015,334081920,23520,0.6416666507720947,128,174000,0.6941015720367432,1920,17,5,500000,1000,,174001.0,0.6833333373069763,0.5811282396316528,0.643750011920929,0.6257844567298889,677,1284990769,4,5
175001,1920,2625015,336001920,23520,0.643750011920929,128,175000,0.6978728771209717,1920,17,5,500000,1000,,175001.0,0.6833333373069763,0.5811259150505066,0.643750011920929,0.6258180737495422,681,1284990769,4,5
176001,1920,2640015,337921920,23520,0.643750011920929,128,176000,0.7020330429077148,1920,17,5,500000,1000,,176001.0,0.682812511920929,0.5811243653297424,0.643750011920929,0.6258732676506042,685,1284990769,4,5
177001,1920,2655015,339841920,23520,0.643750011920929,128,177000,0.7058312892913818,1920,17,5,500000,1000,,177001.0,0.6822916865348816,0.5811220407485962,0.643750011920929,0.6256119608879089,689,1284990769,4,5
178001,1920,2670015,341761920,23520,0.643750011920929,128,178000,0.7099435329437256,1920,17,5,500000,1000,,178001.0,0.682812511920929,0.5811198353767395,0.643750011920929,0.6256328225135803,692,1284990769,4,5
179001,1920,2685015,343681920,23520,0.643750011920929,128,179000,0.7140393257141113,1920,17,5,500000,1000,,179001.0,0.682812511920929,0.5811159610748291,0.643750011920929,0.6260159015655518,696,1284990769,4,5
180001,1920,2700015,345601920,23520,0.643750011920929,128,180000,0.7178573608398438,1920,17,5,500000,1000,,180001.0,0.682812511920929,0.581114649772644,0.643750011920929,0.6260139346122742,700,1284990769,4,5
181001,1920,2715015,347521920,23520,0.643750011920929,128,181000,0.7217402458190918,1920,17,5,500000,1000,,181001.0,0.6838541626930237,0.5811131596565247,0.6416666507720947,0.6261631846427917,704,1284990769,4,5
182001,1920,2730015,349441920,23520,0.6416666507720947,128,182000,0.7255120277404785,1920,17,5,500000,1000,,182001.0,0.6822916865348816,0.5811121463775635,0.643750011920929,0.626230776309967,708,1284990769,4,5
183001,1920,2745015,351361920,23520,0.643750011920929,128,183000,0.7292759418487549,1920,17,5,500000,1000,,183001.0,0.682812511920929,0.5811107754707336,0.643750011920929,0.6259450912475586,712,1284990769,4,5
184001,1920,2760015,353281920,23520,0.643750011920929,128,184000,0.7330877780914307,1920,17,5,500000,1000,,184001.0,0.682812511920929,0.5811046957969666,0.643750011920929,0.6257015466690063,716,1284990769,4,5
185001,1920,2775015,355201920,23520,0.643750011920929,128,185000,0.7369420528411865,1920,17,5,500000,1000,,185001.0,0.684374988079071,0.5811054706573486,0.6416666507720947,0.6259671449661255,720,1284990769,4,5
186001,1920,2790015,357121920,23520,0.6416666507720947,128,186000,0.7409470081329346,1920,17,5,500000,1000,,186001.0,0.684374988079071,0.5811010003089905,0.643750011920929,0.6260589957237244,724,1284990769,4,5
187001,1920,2805015,359041920,23520,0.643750011920929,128,187000,0.7447860240936279,1920,17,5,500000,1000,,187001.0,0.6838541626930237,0.5811010599136353,0.6395833492279053,0.6263015866279602,727,1284990769,4,5
188001,1920,2820015,360961920,23520,0.6395833492279053,128,188000,0.7486510276794434,1920,17,5,500000,1000,,188001.0,0.6822916865348816,0.5810978412628174,0.6458333134651184,0.6260173916816711,731,1284990769,4,5
189001,1920,2835015,362881920,23520,0.6458333134651184,128,189000,0.7524542808532715,1920,17,5,500000,1000,,189001.0,0.684374988079071,0.5810959339141846,0.643750011920929,0.6262264847755432,735,1284990769,4,5
190001,1920,2850015,364801920,23520,0.643750011920929,128,190000,0.7562763690948486,1920,17,5,500000,1000,,190001.0,0.6848958134651184,0.5810948610305786,0.643750011920929,0.6262452006340027,739,1284990769,4,5
191001,1920,2865015,366721920,23520,0.643750011920929,128,191000,0.7600653171539307,1920,17,5,500000,1000,,191001.0,0.6833333373069763,0.5810909867286682,0.643750011920929,0.62607741355896,743,1284990769,4,5
192001,1920,2880015,368641920,23520,0.643750011920929,128,192000,0.7644233703613281,1920,17,5,500000,1000,,192001.0,0.6822916865348816,0.5810863375663757,0.6458333134651184,0.6260889768600464,747,1284990769,4,5
193001,1920,2895015,370561920,23520,0.6458333134651184,128,193000,0.7684214115142822,1920,17,5,500000,1000,,193001.0,0.684374988079071,0.5810845494270325,0.6458333134651184,0.6259748339653015,751,1284990769,4,5
194001,1920,2910015,372481920,23520,0.6458333134651184,128,194000,0.7722265720367432,1920,17,5,500000,1000,,194001.0,0.684374988079071,0.5810858607292175,0.643750011920929,0.6258852481842041,755,1284990769,4,5
195001,1920,2925015,374401920,23520,0.643750011920929,128,195000,0.7760806083679199,1920,17,5,500000,1000,,195001.0,0.682812511920929,0.5810829997062683,0.643750011920929,0.6259288191795349,759,1284990769,4,5
196001,1920,2940015,376321920,23520,0.643750011920929,128,196000,0.7799546718597412,1920,17,5,500000,1000,,196001.0,0.6833333373069763,0.5810826420783997,0.643750011920929,0.6259276270866394,762,1284990769,4,5
197001,1920,2955015,378241920,23520,0.643750011920929,128,197000,0.783860445022583,1920,17,5,500000,1000,,197001.0,0.6833333373069763,0.5810821652412415,0.643750011920929,0.6261240839958191,766,1284990769,4,5
198001,1920,2970015,380161920,23520,0.643750011920929,128,198000,0.7879745960235596,1920,17,5,500000,1000,,198001.0,0.6838541626930237,0.5810787081718445,0.6416666507720947,0.6262484788894653,770,1284990769,4,5
199001,1920,2985015,382081920,23520,0.6416666507720947,128,199000,0.7917625904083252,1920,17,5,500000,1000,,199001.0,0.682812511920929,0.5810756087303162,0.643750011920929,0.6264506578445435,774,1284990769,4,5
200001,1920,3000015,384001920,23520,0.643750011920929,128,200000,0.7956194877624512,1920,17,5,500000,1000,,200001.0,0.682812511920929,0.581074595451355,0.643750011920929,0.6262734532356262,778,1284990769,4,5
201001,1920,3015015,385921920,23520,0.643750011920929,128,201000,0.7996304035186768,1920,17,5,500000,1000,,201001.0,0.684374988079071,0.5810683965682983,0.643750011920929,0.626132071018219,782,1284990769,4,5
202001,1920,3030015,387841920,23520,0.643750011920929,128,202000,0.803417444229126,1920,17,5,500000,1000,,202001.0,0.6838541626930237,0.581066906452179,0.6458333134651184,0.6259230375289917,786,1284990769,4,5
203001,1920,3045015,389761920,23520,0.6458333134651184,128,203000,0.8071906566619873,1920,17,5,500000,1000,,203001.0,0.6833333373069763,0.5810646414756775,0.643750011920929,0.626044511795044,790,1284990769,4,5
204001,1920,3060015,391681920,23520,0.643750011920929,128,204000,0.814213752746582,1920,17,5,500000,1000,,204001.0,0.6838541626930237,0.5810630321502686,0.6416666507720947,0.625966489315033,794,1284990769,4,5
205001,1920,3075015,393601920,23520,0.6416666507720947,128,205000,0.8181726932525635,1920,17,5,500000,1000,,205001.0,0.6838541626930237,0.5810632109642029,0.6416666507720947,0.6256852746009827,798,1284990769,4,5
206001,1920,3090015,395521920,23520,0.6416666507720947,128,206000,0.8221075534820557,1920,17,5,500000,1000,,206001.0,0.6838541626930237,0.5810602307319641,0.6416666507720947,0.6261335015296936,802,1284990769,4,5
207001,1920,3105015,397441920,23520,0.6416666507720947,128,207000,0.82584547996521,1920,17,5,500000,1000,,207001.0,0.6833333373069763,0.581058919429779,0.643750011920929,0.6259790062904358,806,1284990769,4,5
208001,1920,3120015,399361920,23520,0.643750011920929,128,208000,0.8297011852264404,1920,17,5,500000,1000,,208001.0,0.6833333373069763,0.5810567140579224,0.6458333134651184,0.6261650323867798,810,1284990769,4,5
209001,1920,3135015,401281920,23520,0.6458333134651184,128,209000,0.8334791660308838,1920,17,5,500000,1000,,209001.0,0.6822916865348816,0.5810572504997253,0.643750011920929,0.6262104511260986,813,1284990769,4,5
210001,1920,3150015,403201920,23520,0.643750011920929,128,210000,0.8372652530670166,1920,17,5,500000,1000,,210001.0,0.682812511920929,0.5810544490814209,0.6416666507720947,0.6261366009712219,817,1284990769,4,5
211001,1920,3165015,405121920,23520,0.6416666507720947,128,211000,0.8413732051849365,1920,17,5,500000,1000,,211001.0,0.6817708611488342,0.581055223941803,0.6458333134651184,0.6260684132575989,821,1284990769,4,5
212001,1920,3180015,407041920,23520,0.6458333134651184,128,212000,0.845191240310669,1920,17,5,500000,1000,,212001.0,0.6812499761581421,0.5810498595237732,0.6458333134651184,0.6258063912391663,825,1284990769,4,5
213001,1920,3195015,408961920,23520,0.6458333134651184,128,213000,0.8501114845275879,1920,17,5,500000,1000,,213001.0,0.6822916865348816,0.5810493230819702,0.6458333134651184,0.6260193586349487,829,1284990769,4,5
214001,1920,3210015,410881920,23520,0.6458333134651184,128,214000,0.8538784980773926,1920,17,5,500000,1000,,214001.0,0.6822916865348816,0.5810463428497314,0.643750011920929,0.6259098052978516,833,1284990769,4,5
215001,1920,3225015,412801920,23520,0.643750011920929,128,215000,0.8576433658599854,1920,17,5,500000,1000,,215001.0,0.6822916865348816,0.5810498595237732,0.643750011920929,0.6260190606117249,837,1284990769,4,5
216001,1920,3240015,414721920,23520,0.643750011920929,128,216000,0.861520528793335,1920,17,5,500000,1000,,216001.0,0.6833333373069763,0.5810423493385315,0.6416666507720947,0.6259271502494812,841,1284990769,4,5
217001,1920,3255015,416641920,23520,0.6416666507720947,128,217000,0.8656303882598877,1920,17,5,500000,1000,,217001.0,0.6833333373069763,0.5810431838035583,0.643750011920929,0.6260592341423035,845,1284990769,4,5
218001,1920,3270015,418561920,23520,0.643750011920929,128,218000,0.8693983554840088,1920,17,5,500000,1000,,218001.0,0.6838541626930237,0.5810433030128479,0.6416666507720947,0.6260598301887512,848,1284990769,4,5
219001,1920,3285015,420481920,23520,0.6416666507720947,128,219000,0.8731682300567627,1920,17,5,500000,1000,,219001.0,0.682812511920929,0.5810413360595703,0.6416666507720947,0.6261093616485596,852,1284990769,4,5
220001,1920,3300015,422401920,23520,0.6416666507720947,128,220000,0.8769969940185547,1920,17,5,500000,1000,,220001.0,0.682812511920929,0.581036388874054,0.6416666507720947,0.62613445520401,856,1284990769,4,5
221001,1920,3315015,424321920,23520,0.6416666507720947,128,221000,0.8807740211486816,1920,17,5,500000,1000,,221001.0,0.6838541626930237,0.5810331106185913,0.6416666507720947,0.6257612705230713,860,1284990769,4,5
222001,1920,3330015,426241920,23520,0.6416666507720947,128,222000,0.8856699466705322,1920,17,5,500000,1000,,222001.0,0.684374988079071,0.5810308456420898,0.6416666507720947,0.6259621977806091,864,1284990769,4,5
223001,1920,3345015,428161920,23520,0.6416666507720947,128,223000,0.8894507884979248,1920,17,5,500000,1000,,223001.0,0.682812511920929,0.5810328722000122,0.6416666507720947,0.6260339021682739,868,1284990769,4,5
224001,1920,3360015,430081920,23520,0.6416666507720947,128,224000,0.8934998512268066,1920,17,5,500000,1000,,224001.0,0.6833333373069763,0.5810280442237854,0.6458333134651184,0.625659167766571,872,1284990769,4,5
225001,1920,3375015,432001920,23520,0.6458333134651184,128,225000,0.89727783203125,1920,17,5,500000,1000,,225001.0,0.6848958134651184,0.5810272693634033,0.643750011920929,0.626050591468811,876,1284990769,4,5
226001,1920,3390015,433921920,23520,0.643750011920929,128,226000,0.901033878326416,1920,17,5,500000,1000,,226001.0,0.682812511920929,0.5810273885726929,0.6458333134651184,0.6257821321487427,880,1284990769,4,5
227001,1920,3405015,435841920,23520,0.6458333134651184,128,227000,0.9048218727111816,1920,17,5,500000,1000,,227001.0,0.6833333373069763,0.5810244083404541,0.643750011920929,0.625700056552887,883,1284990769,4,5
228001,1920,3420015,437761920,23520,0.643750011920929,128,228000,0.9089488983154297,1920,17,5,500000,1000,,228001.0,0.682812511920929,0.5810250043869019,0.6458333134651184,0.625758707523346,887,1284990769,4,5
229001,1920,3435015,439681920,23520,0.6458333134651184,128,229000,0.9127500057220459,1920,17,5,500000,1000,,229001.0,0.6838541626930237,0.5810230374336243,0.6458333134651184,0.6259782314300537,891,1284990769,4,5
230001,1920,3450015,441601920,23520,0.6458333134651184,128,230000,0.9165680408477783,1920,17,5,500000,1000,,230001.0,0.6817708611488342,0.5810192227363586,0.643750011920929,0.6258335113525391,895,1284990769,4,5
231001,1920,3465015,443521920,23520,0.643750011920929,128,231000,0.9212472438812256,1920,17,5,500000,1000,,231001.0,0.684374988079071,0.581015944480896,0.6416666507720947,0.6259876489639282,899,1284990769,4,5
232001,1920,3480015,445441920,23520,0.6416666507720947,128,232000,0.9250702857971191,1920,17,5,500000,1000,,232001.0,0.6817708611488342,0.5810181498527527,0.643750011920929,0.625940203666687,903,1284990769,4,5
233001,1920,3495015,447361920,23520,0.643750011920929,128,233000,0.9292020797729492,1920,17,5,500000,1000,,233001.0,0.6838541626930237,0.5810153484344482,0.643750011920929,0.6259421706199646,907,1284990769,4,5
234001,1920,3510015,449281920,23520,0.643750011920929,128,234000,0.9330170154571533,1920,17,5,500000,1000,,234001.0,0.6817708611488342,0.5810131430625916,0.643750011920929,0.625857412815094,911,1284990769,4,5
235001,1920,3525015,451201920,23520,0.643750011920929,128,235000,0.9368009567260742,1920,17,5,500000,1000,,235001.0,0.6807291507720947,0.581012487411499,0.643750011920929,0.6256434321403503,915,1284990769,4,5
236001,1920,3540015,453121920,23520,0.643750011920929,128,236000,0.9407780170440674,1920,17,5,500000,1000,,236001.0,0.6822916865348816,0.5810078978538513,0.643750011920929,0.6255342364311218,919,1284990769,4,5
237001,1920,3555015,455041920,23520,0.643750011920929,128,237000,0.9445900917053223,1920,17,5,500000,1000,,237001.0,0.684374988079071,0.5810098052024841,0.6416666507720947,0.6259869337081909,922,1284990769,4,5
238001,1920,3570015,456961920,23520,0.6416666507720947,128,238000,0.9483969211578369,1920,17,5,500000,1000,,238001.0,0.682812511920929,0.5810086727142334,0.6416666507720947,0.6259161829948425,926,1284990769,4,5
239001,1920,3585015,458881920,23520,0.6416666507720947,128,239000,0.9522590637207031,1920,17,5,500000,1000,,239001.0,0.682812511920929,0.5810104012489319,0.6416666507720947,0.6257740259170532,930,1284990769,4,5
240001,1920,3600015,460801920,23520,0.6416666507720947,128,240000,0.9562320709228516,1920,17,5,500000,1000,,240001.0,0.6833333373069763,0.581004798412323,0.6416666507720947,0.6258748173713684,934,1284990769,4,5
241001,1920,3615015,462721920,23520,0.6416666507720947,128,241000,0.9599981307983398,1920,17,5,500000,1000,,241001.0,0.6833333373069763,0.5810026526451111,0.643750011920929,0.6258010864257812,938,1284990769,4,5
242001,1920,3630015,464641920,23520,0.643750011920929,128,242000,0.9637510776519775,1920,17,5,500000,1000,,242001.0,0.6833333373069763,0.581003725528717,0.6416666507720947,0.6261237859725952,942,1284990769,4,5
243001,1920,3645015,466561920,23520,0.6416666507720947,128,243000,0.9675171375274658,1920,17,5,500000,1000,,243001.0,0.6838541626930237,0.5810040235519409,0.643750011920929,0.6262088418006897,946,1284990769,4,5
244001,1920,3660015,468481920,23520,0.643750011920929,128,244000,0.9712810516357422,1920,17,5,500000,1000,,244001.0,0.6822916865348816,0.5809975862503052,0.643750011920929,0.6258341073989868,950,1284990769,4,5
245001,1920,3675015,470401920,23520,0.643750011920929,128,245000,0.9750490188598633,1920,17,5,500000,1000,,245001.0,0.6817708611488342,0.5809968113899231,0.643750011920929,0.6261647939682007,954,1284990769,4,5
246001,1920,3690015,472321920,23520,0.643750011920929,128,246000,0.97884202003479,1920,17,5,500000,1000,,246001.0,0.6833333373069763,0.5809948444366455,0.643750011920929,0.6260307431221008,958,1284990769,4,5
247001,1920,3705015,474241920,23520,0.643750011920929,128,247000,0.982698917388916,1920,17,5,500000,1000,,247001.0,0.6838541626930237,0.5809954404830933,0.6416666507720947,0.6259409785270691,962,1284990769,4,5
248001,1920,3720015,476161920,23520,0.6416666507720947,128,248000,0.9865469932556152,1920,17,5,500000,1000,,248001.0,0.682812511920929,0.5809935927391052,0.643750011920929,0.6260702013969421,965,1284990769,4,5
249001,1920,3735015,478081920,23520,0.643750011920929,128,249000,0.9903531074523926,1920,17,5,500000,1000,,249001.0,0.6822916865348816,0.5809912085533142,0.643750011920929,0.6260780692100525,969,1284990769,4,5
250001,1920,3750015,480001920,23520,0.643750011920929,128,250000,0.9941327571868896,1920,17,5,500000,1000,,250001.0,0.6822916865348816,0.5809900760650635,0.643750011920929,0.6259902119636536,973,1284990769,4,5
251001,1920,3765015,481921920,23520,0.643750011920929,128,251000,0.9984145164489746,1920,17,5,500000,1000,,251001.0,0.682812511920929,0.5809850692749023,0.6416666507720947,0.6260436177253723,977,1284990769,4,5
252001,1920,3780015,483841920,23520,0.6416666507720947,128,252000,1.0023105144500732,1920,17,5,500000,1000,,252001.0,0.6822916865348816,0.5809864401817322,0.643750011920929,0.6259747743606567,981,1284990769,4,5
253001,1920,3795015,485761920,23520,0.643750011920929,128,253000,1.0060844421386719,1920,17,5,500000,1000,,253001.0,0.6817708611488342,0.5809881687164307,0.643750011920929,0.6260239481925964,985,1284990769,4,5
254001,1920,3810015,487681920,23520,0.643750011920929,128,254000,1.0100796222686768,1920,17,5,500000,1000,,254001.0,0.682812511920929,0.5809862017631531,0.6416666507720947,0.6262534260749817,989,1284990769,4,5
255001,1920,3825015,489601920,23520,0.6416666507720947,128,255000,1.0138704776763916,1920,17,5,500000,1000,,255001.0,0.6817708611488342,0.5809839963912964,0.643750011920929,0.62574702501297,993,1284990769,4,5
256001,1920,3840015,491521920,23520,0.643750011920929,128,256000,1.0176503658294678,1920,17,5,500000,1000,,256001.0,0.6822916865348816,0.5809826254844666,0.643750011920929,0.6259153485298157,997,1284990769,4,5
257001,1920,3855015,493441920,23520,0.643750011920929,128,257000,1.0215213298797607,1920,17,5,500000,1000,,257001.0,0.6838541626930237,0.580981433391571,0.643750011920929,0.6260793209075928,1001,1284990769,4,5
258001,1920,3870015,495361920,23520,0.643750011920929,128,258000,1.02561616897583,1920,17,5,500000,1000,,258001.0,0.6833333373069763,0.5809794068336487,0.643750011920929,0.6256333589553833,1005,1284990769,4,5
259001,1920,3885015,497281920,23520,0.643750011920929,128,259000,1.0294189453125,1920,17,5,500000,1000,,259001.0,0.6838541626930237,0.5809816122055054,0.6458333134651184,0.6262943744659424,1009,1284990769,4,5
260001,1920,3900015,499201920,23520,0.6458333134651184,128,260000,1.0332672595977783,1920,17,5,500000,1000,,260001.0,0.6833333373069763,0.5809783339500427,0.643750011920929,0.6260152459144592,1012,1284990769,4,5
261001,1920,3915015,501121920,23520,0.643750011920929,128,261000,1.0370845794677734,1920,17,5,500000,1000,,261001.0,0.6822916865348816,0.580980658531189,0.6416666507720947,0.6263870596885681,1016,1284990769,4,5
262001,1920,3930015,503041920,23520,0.6416666507720947,128,262000,1.0413188934326172,1920,17,5,500000,1000,,262001.0,0.6812499761581421,0.5809783935546875,0.643750011920929,0.6258884072303772,1020,1284990769,4,5
263001,1920,3945015,504961920,23520,0.643750011920929,128,263000,1.0452728271484375,1920,17,5,500000,1000,,263001.0,0.6817708611488342,0.5809758305549622,0.643750011920929,0.6262090802192688,1024,1284990769,4,5
264001,1920,3960015,506881920,23520,0.643750011920929,128,264000,1.0490729808807373,1920,17,5,500000,1000,,264001.0,0.6817708611488342,0.5809749364852905,0.643750011920929,0.6262909770011902,1028,1284990769,4,5
265001,1920,3975015,508801920,23520,0.643750011920929,128,265000,1.0528302192687988,1920,17,5,500000,1000,,265001.0,0.6812499761581421,0.5809715986251831,0.6416666507720947,0.626509428024292,1032,1284990769,4,5
266001,1920,3990015,510721920,23520,0.6416666507720947,128,266000,1.056833267211914,1920,17,5,500000,1000,,266001.0,0.6812499761581421,0.5809690952301025,0.6416666507720947,0.6260682940483093,1036,1284990769,4,5
267001,1920,4005015,512641920,23520,0.6416666507720947,128,267000,1.0606122016906738,1920,17,5,500000,1000,,267001.0,0.682812511920929,0.580967903137207,0.643750011920929,0.6261831521987915,1040,1284990769,4,5
268001,1920,4020015,514561920,23520,0.643750011920929,128,268000,1.0646533966064453,1920,17,5,500000,1000,,268001.0,0.6822916865348816,0.5809652805328369,0.6416666507720947,0.626081109046936,1044,1284990769,4,5
269001,1920,4035015,516481920,23520,0.6416666507720947,128,269000,1.068474531173706,1920,17,5,500000,1000,,269001.0,0.6817708611488342,0.5809646248817444,0.6395833492279053,0.625964879989624,1047,1284990769,4,5
270001,1920,4050015,518401920,23520,0.6395833492279053,128,270000,1.0722546577453613,1920,17,5,500000,1000,,270001.0,0.6812499761581421,0.5809639692306519,0.6416666507720947,0.6258559823036194,1051,1284990769,4,5
271001,1920,4065015,520321920,23520,0.6416666507720947,128,271000,1.0760369300842285,1920,17,5,500000,1000,,271001.0,0.6822916865348816,0.5809605717658997,0.643750011920929,0.6258410811424255,1055,1284990769,4,5
272001,1920,4080015,522241920,23520,0.643750011920929,128,272000,1.0801689624786377,1920,17,5,500000,1000,,272001.0,0.682812511920929,0.5809632539749146,0.643750011920929,0.6255622506141663,1059,1284990769,4,5
273001,1920,4095015,524161920,23520,0.643750011920929,128,273000,1.0840880870819092,1920,17,5,500000,1000,,273001.0,0.6833333373069763,0.5809635519981384,0.6416666507720947,0.6252591013908386,1063,1284990769,4,5
274001,1920,4110015,526081920,23520,0.6416666507720947,128,274000,1.0878551006317139,1920,17,5,500000,1000,,274001.0,0.6833333373069763,0.580960214138031,0.643750011920929,0.6257862448692322,1067,1284990769,4,5
275001,1920,4125015,528001920,23520,0.643750011920929,128,275000,1.0916872024536133,1920,17,5,500000,1000,,275001.0,0.6822916865348816,0.5809624791145325,0.643750011920929,0.6258626580238342,1071,1284990769,4,5
276001,1920,4140015,529921920,23520,0.643750011920929,128,276000,1.0955729484558105,1920,17,5,500000,1000,,276001.0,0.682812511920929,0.58095782995224,0.643750011920929,0.6263138055801392,1075,1284990769,4,5
277001,1920,4155015,531841920,23520,0.643750011920929,128,277000,1.0996568202972412,1920,17,5,500000,1000,,277001.0,0.6833333373069763,0.5809562802314758,0.6416666507720947,0.6261928677558899,1079,1284990769,4,5
278001,1920,4170015,533761920,23520,0.6416666507720947,128,278000,1.1034858226776123,1920,17,5,500000,1000,,278001.0,0.6812499761581421,0.5809552669525146,0.643750011920929,0.6260757446289062,1083,1284990769,4,5
279001,1920,4185015,535681920,23520,0.643750011920929,128,279000,1.1073617935180664,1920,17,5,500000,1000,,279001.0,0.6817708611488342,0.5809570550918579,0.643750011920929,0.6259434223175049,1087,1284990769,4,5
280001,1920,4200015,537601920,23520,0.643750011920929,128,280000,1.1111094951629639,1920,17,5,500000,1000,,280001.0,0.6817708611488342,0.5809503793716431,0.643750011920929,0.6254474520683289,1091,1284990769,4,5
281001,1920,4215015,539521920,23520,0.643750011920929,128,281000,1.114973545074463,1920,17,5,500000,1000,,281001.0,0.6817708611488342,0.5809518098831177,0.643750011920929,0.6257456541061401,1095,1284990769,4,5
282001,1920,4230015,541441920,23520,0.643750011920929,128,282000,1.1187465190887451,1920,17,5,500000,1000,,282001.0,0.6812499761581421,0.580950140953064,0.643750011920929,0.6258745789527893,1099,1284990769,4,5
283001,1920,4245015,543361920,23520,0.643750011920929,128,283000,1.1232373714447021,1920,17,5,500000,1000,,283001.0,0.6822916865348816,0.5809515714645386,0.6416666507720947,0.6263524889945984,1103,1284990769,4,5
284001,1920,4260015,545281920,23520,0.6416666507720947,128,284000,1.12843918800354,1920,17,5,500000,1000,,284001.0,0.682812511920929,0.5809496641159058,0.643750011920929,0.6260077357292175,1108,1284990769,4,5
285001,1920,4275015,547201920,23520,0.643750011920929,128,285000,1.132265329360962,1920,17,5,500000,1000,,285001.0,0.682812511920929,0.5809487700462341,0.643750011920929,0.6257437467575073,1112,1284990769,4,5
286001,1920,4290015,549121920,23520,0.643750011920929,128,286000,1.136021375656128,1920,17,5,500000,1000,,286001.0,0.6817708611488342,0.5809482336044312,0.643750011920929,0.6262331604957581,1116,1284990769,4,5
287001,1920,4305015,551041920,23520,0.643750011920929,128,287000,1.1398534774780273,1920,17,5,500000,1000,,287001.0,0.6812499761581421,0.5809452533721924,0.643750011920929,0.6260868906974792,1120,1284990769,4,5
288001,1920,4320015,552961920,23520,0.643750011920929,128,288000,1.1438443660736084,1920,17,5,500000,1000,,288001.0,0.6817708611488342,0.5809444785118103,0.6458333134651184,0.6258167624473572,1124,1284990769,4,5
289001,1920,4335015,554881920,23520,0.6458333134651184,128,289000,1.1478145122528076,1920,17,5,500000,1000,,289001.0,0.6812499761581421,0.5809422135353088,0.643750011920929,0.6257993578910828,1128,1284990769,4,5
290001,1920,4350015,556801920,23520,0.643750011920929,128,290000,1.151590347290039,1920,17,5,500000,1000,,290001.0,0.6812499761581421,0.5809417366981506,0.643750011920929,0.625751256942749,1132,1284990769,4,5
291001,1920,4365015,558721920,23520,0.643750011920929,128,291000,1.155456304550171,1920,17,5,500000,1000,,291001.0,0.6817708611488342,0.5809409022331238,0.643750011920929,0.6258265972137451,1136,1284990769,4,5
292001,1920,4380015,560641920,23520,0.643750011920929,128,292000,1.1592481136322021,1920,17,5,500000,1000,,292001.0,0.6833333373069763,0.580941915512085,0.643750011920929,0.6258882880210876,1139,1284990769,4,5
293001,1920,4395015,562561920,23520,0.643750011920929,128,293000,1.1630349159240723,1920,17,5,500000,1000,,293001.0,0.6817708611488342,0.5809373259544373,0.6458333134651184,0.6257680058479309,1143,1284990769,4,5
294001,1920,4410015,564481920,23520,0.6458333134651184,128,294000,1.1668157577514648,1920,17,5,500000,1000,,294001.0,0.6817708611488342,0.5809366703033447,0.6416666507720947,0.626181423664093,1147,1284990769,4,5
295001,1920,4425015,566401920,23520,0.6416666507720947,128,295000,1.1705865859985352,1920,17,5,500000,1000,,295001.0,0.6822916865348816,0.5809357762336731,0.6395833492279053,0.626117467880249,1151,1284990769,4,5
296001,1920,4440015,568321920,23520,0.6395833492279053,128,296000,1.1743733882904053,1920,17,5,500000,1000,,296001.0,0.6822916865348816,0.5809322595596313,0.643750011920929,0.6257843375205994,1155,1284990769,4,5
297001,1920,4455015,570241920,23520,0.643750011920929,128,297000,1.1781713962554932,1920,17,5,500000,1000,,297001.0,0.6817708611488342,0.5809318423271179,0.6458333134651184,0.6259338855743408,1159,1284990769,4,5
298001,1920,4470015,572161920,23520,0.6458333134651184,128,298000,1.1819336414337158,1920,17,5,500000,1000,,298001.0,0.6812499761581421,0.5809332728385925,0.6458333134651184,0.6261159181594849,1163,1284990769,4,5
299001,1920,4485015,574081920,23520,0.6458333134651184,128,299000,1.1857247352600098,1920,17,5,500000,1000,,299001.0,0.6807291507720947,0.5809323787689209,0.6458333134651184,0.6259234547615051,1167,1284990769,4,5
300001,1920,4500015,576001920,23520,0.6458333134651184,128,300000,1.1895725727081299,1920,17,5,500000,1000,,300001.0,0.6812499761581421,0.5809299945831299,0.6458333134651184,0.6259326934814453,1170,1284990769,4,5
301001,1920,4515015,577921920,23520,0.6458333134651184,128,301000,1.1933486461639404,1920,17,5,500000,1000,,301001.0,0.6822916865348816,0.5809274911880493,0.643750011920929,0.6260393857955933,1174,1284990769,4,5
302001,1920,4530015,579841920,23520,0.643750011920929,128,302000,1.1971745491027832,1920,17,5,500000,1000,,302001.0,0.6822916865348816,0.5809284448623657,0.6416666507720947,0.6260218024253845,1178,1284990769,4,5
303001,1920,4545015,581761920,23520,0.6416666507720947,128,303000,1.200986623764038,1920,17,5,500000,1000,,303001.0,0.682812511920929,0.5809254050254822,0.6416666507720947,0.6258832812309265,1182,1284990769,4,5
304001,1920,4560015,583681920,23520,0.6416666507720947,128,304000,1.204737901687622,1920,17,5,500000,1000,,304001.0,0.6833333373069763,0.5809274315834045,0.643750011920929,0.626055121421814,1186,1284990769,4,5
305001,1920,4575015,585601920,23520,0.643750011920929,128,305000,1.2091622352600098,1920,17,5,500000,1000,,305001.0,0.6838541626930237,0.5809247493743896,0.643750011920929,0.625906765460968,1190,1284990769,4,5
306001,1920,4590015,587521920,23520,0.643750011920929,128,306000,1.2131314277648926,1920,17,5,500000,1000,,306001.0,0.6822916865348816,0.5809274315834045,0.6416666507720947,0.6260731816291809,1194,1284990769,4,5
307001,1920,4605015,589441920,23520,0.6416666507720947,128,307000,1.2169713973999023,1920,17,5,500000,1000,,307001.0,0.6838541626930237,0.5809228420257568,0.643750011920929,0.6258251070976257,1198,1284990769,4,5
308001,1920,4620015,591361920,23520,0.643750011920929,128,308000,1.2208902835845947,1920,17,5,500000,1000,,308001.0,0.684374988079071,0.5809231400489807,0.6416666507720947,0.6260795593261719,1202,1284990769,4,5
309001,1920,4635015,593281920,23520,0.6416666507720947,128,309000,1.2246415615081787,1920,17,5,500000,1000,,309001.0,0.6833333373069763,0.5809214115142822,0.643750011920929,0.6259680390357971,1206,1284990769,4,5
310001,1920,4650015,595201920,23520,0.643750011920929,128,310000,1.228593349456787,1920,17,5,500000,1000,,310001.0,0.6833333373069763,0.5809230208396912,0.643750011920929,0.6257432699203491,1210,1284990769,4,5
311001,1920,4665015,597121920,23520,0.643750011920929,128,311000,1.2326245307922363,1920,17,5,500000,1000,,311001.0,0.6833333373069763,0.5809176564216614,0.643750011920929,0.6258983612060547,1213,1284990769,4,5
312001,1920,4680015,599041920,23520,0.643750011920929,128,312000,1.2363924980163574,1920,17,5,500000,1000,,312001.0,0.6833333373069763,0.5809161067008972,0.643750011920929,0.6258522272109985,1217,1284990769,4,5
313001,1920,4695015,600961920,23520,0.643750011920929,128,313000,1.2401726245880127,1920,17,5,500000,1000,,313001.0,0.6822916865348816,0.5809167623519897,0.643750011920929,0.6258895993232727,1221,1284990769,4,5
314001,1920,4710015,602881920,23520,0.643750011920929,128,314000,1.2440063953399658,1920,17,5,500000,1000,,314001.0,0.682812511920929,0.5809149146080017,0.643750011920929,0.6256913542747498,1225,1284990769,4,5
315001,1920,4725015,604801920,23520,0.643750011920929,128,315000,1.2478816509246826,1920,17,5,500000,1000,,315001.0,0.6817708611488342,0.5809183716773987,0.643750011920929,0.6260637640953064,1229,1284990769,4,5
316001,1920,4740015,606721920,23520,0.643750011920929,128,316000,1.251795768737793,1920,17,5,500000,1000,,316001.0,0.6817708611488342,0.5809150338172913,0.643750011920929,0.6258202791213989,1233,1284990769,4,5
317001,1920,4755015,608641920,23520,0.643750011920929,128,317000,1.2556025981903076,1920,17,5,500000,1000,,317001.0,0.6817708611488342,0.5809133648872375,0.643750011920929,0.6260308623313904,1237,1284990769,4,5
318001,1920,4770015,610561920,23520,0.643750011920929,128,318000,1.2593975067138672,1920,17,5,500000,1000,,318001.0,0.6817708611488342,0.580912172794342,0.643750011920929,0.6256519556045532,1241,1284990769,4,5
319001,1920,4785015,612481920,23520,0.643750011920929,128,319000,1.2631804943084717,1920,17,5,500000,1000,,319001.0,0.682812511920929,0.5809110999107361,0.643750011920929,0.6258037090301514,1245,1284990769,4,5
320001,1920,4800015,614401920,23520,0.643750011920929,128,320000,1.2672224044799805,1920,17,5,500000,1000,,320001.0,0.6822916865348816,0.5809110999107361,0.643750011920929,0.6259578466415405,1248,1284990769,4,5
321001,1920,4815015,616321920,23520,0.643750011920929,128,321000,1.270996332168579,1920,17,5,500000,1000,,321001.0,0.6833333373069763,0.5809100270271301,0.643750011920929,0.6262093186378479,1252,1284990769,4,5
322001,1920,4830015,618241920,23520,0.643750011920929,128,322000,1.2747633457183838,1920,17,5,500000,1000,,322001.0,0.6838541626930237,0.5809105634689331,0.643750011920929,0.6260511875152588,1256,1284990769,4,5
323001,1920,4845015,620161920,23520,0.643750011920929,128,323000,1.2786121368408203,1920,17,5,500000,1000,,323001.0,0.6838541626930237,0.5809091329574585,0.643750011920929,0.6260427236557007,1260,1284990769,4,5
324001,1920,4860015,622081920,23520,0.643750011920929,128,324000,1.2823739051818848,1920,17,5,500000,1000,,324001.0,0.682812511920929,0.5809089541435242,0.643750011920929,0.6259929537773132,1264,1284990769,4,5
325001,1920,4875015,624001920,23520,0.643750011920929,128,325000,1.2861096858978271,1920,17,5,500000,1000,,325001.0,0.6822916865348816,0.5809082388877869,0.6458333134651184,0.6255757808685303,1268,1284990769,4,5
326001,1920,4890015,625921920,23520,0.6458333134651184,128,326000,1.2898645401000977,1920,17,5,500000,1000,,326001.0,0.6817708611488342,0.5809085369110107,0.6416666507720947,0.6256702542304993,1272,1284990769,4,5
327001,1920,4905015,627841920,23520,0.6416666507720947,128,327000,1.2938446998596191,1920,17,5,500000,1000,,327001.0,0.6812499761581421,0.5809061527252197,0.643750011920929,0.6258171796798706,1275,1284990769,4,5
328001,1920,4920015,629761920,23520,0.643750011920929,128,328000,1.2976908683776855,1920,17,5,500000,1000,,328001.0,0.6817708611488342,0.5809029936790466,0.643750011920929,0.6257743835449219,1279,1284990769,4,5
329001,1920,4935015,631681920,23520,0.643750011920929,128,329000,1.301459789276123,1920,17,5,500000,1000,,329001.0,0.6833333373069763,0.5809046626091003,0.6458333134651184,0.6259136199951172,1283,1284990769,4,5
330001,1920,4950015,633601920,23520,0.6458333134651184,128,330000,1.3053297996520996,1920,17,5,500000,1000,,330001.0,0.6812499761581421,0.580901026725769,0.643750011920929,0.6262066960334778,1287,1284990769,4,5
331001,1920,4965015,635521920,23520,0.643750011920929,128,331000,1.3090717792510986,1920,17,5,500000,1000,,331001.0,0.6812499761581421,0.5808997750282288,0.6416666507720947,0.6260064244270325,1291,1284990769,4,5
332001,1920,4980015,637441920,23520,0.6416666507720947,128,332000,1.3128585815429688,1920,17,5,500000,1000,,332001.0,0.6817708611488342,0.5808994770050049,0.643750011920929,0.6260185241699219,1295,1284990769,4,5
333001,1920,4995015,639361920,23520,0.643750011920929,128,333000,1.3168566226959229,1920,17,5,500000,1000,,333001.0,0.6817708611488342,0.5809019804000854,0.643750011920929,0.6262995600700378,1299,1284990769,4,5
334001,1920,5010015,641281920,23520,0.643750011920929,128,334000,1.3206665515899658,1920,17,5,500000,1000,,334001.0,0.6817708611488342,0.5809019207954407,0.6416666507720947,0.6262184381484985,1303,1284990769,4,5
335001,1920,5025015,643201920,23520,0.6416666507720947,128,335000,1.3244526386260986,1920,17,5,500000,1000,,335001.0,0.682812511920929,0.580898106098175,0.643750011920929,0.6261615753173828,1306,1284990769,4,5
336001,1920,5040015,645121920,23520,0.643750011920929,128,336000,1.3293747901916504,1920,17,5,500000,1000,,336001.0,0.6817708611488342,0.5808948874473572,0.643750011920929,0.6259106397628784,1310,1284990769,4,5
337001,1920,5055015,647041920,23520,0.643750011920929,128,337000,1.3333408832550049,1920,17,5,500000,1000,,337001.0,0.6817708611488342,0.5808950066566467,0.643750011920929,0.625757098197937,1314,1284990769,4,5
338001,1920,5070015,648961920,23520,0.643750011920929,128,338000,1.3371100425720215,1920,17,5,500000,1000,,338001.0,0.682812511920929,0.5808957815170288,0.643750011920929,0.6260524988174438,1318,1284990769,4,5
339001,1920,5085015,650881920,23520,0.643750011920929,128,339000,1.3409109115600586,1920,17,5,500000,1000,,339001.0,0.6822916865348816,0.5808969140052795,0.643750011920929,0.6261283159255981,1322,1284990769,4,5
340001,1920,5100015,652801920,23520,0.643750011920929,128,340000,1.3446948528289795,1920,17,5,500000,1000,,340001.0,0.6822916865348816,0.5808929800987244,0.643750011920929,0.6255210638046265,1326,1284990769,4,5
341001,1920,5115015,654721920,23520,0.643750011920929,128,341000,1.3486030101776123,1920,17,5,500000,1000,,341001.0,0.6817708611488342,0.5808918476104736,0.643750011920929,0.6257151365280151,1330,1284990769,4,5
342001,1920,5130015,656641920,23520,0.643750011920929,128,342000,1.3524620532989502,1920,17,5,500000,1000,,342001.0,0.6822916865348816,0.5808914303779602,0.643750011920929,0.6255176663398743,1334,1284990769,4,5
343001,1920,5145015,658561920,23520,0.643750011920929,128,343000,1.3564791679382324,1920,17,5,500000,1000,,343001.0,0.6822916865348816,0.5808898210525513,0.6416666507720947,0.6260147094726562,1338,1284990769,4,5
344001,1920,5160015,660481920,23520,0.6416666507720947,128,344000,1.3602161407470703,1920,17,5,500000,1000,,344001.0,0.682812511920929,0.5808925628662109,0.6416666507720947,0.6261924505233765,1341,1284990769,4,5
345001,1920,5175015,662401920,23520,0.6416666507720947,128,345000,1.3639931678771973,1920,17,5,500000,1000,,345001.0,0.6822916865348816,0.5808869004249573,0.6416666507720947,0.6260109543800354,1345,1284990769,4,5
346001,1920,5190015,664321920,23520,0.6416666507720947,128,346000,1.3677482604980469,1920,17,5,500000,1000,,346001.0,0.682812511920929,0.5808903574943542,0.6416666507720947,0.6258326172828674,1349,1284990769,4,5
347001,1920,5205015,666241920,23520,0.6416666507720947,128,347000,1.3718562126159668,1920,17,5,500000,1000,,347001.0,0.6812499761581421,0.5808858871459961,0.643750011920929,0.6259572505950928,1353,1284990769,4,5
348001,1920,5220015,668161920,23520,0.643750011920929,128,348000,1.375697374343872,1920,17,5,500000,1000,,348001.0,0.6833333373069763,0.5808869004249573,0.643750011920929,0.6259635090827942,1357,1284990769,4,5
349001,1920,5235015,670081920,23520,0.643750011920929,128,349000,1.3795182704925537,1920,17,5,500000,1000,,349001.0,0.682812511920929,0.5808836221694946,0.643750011920929,0.6257942914962769,1361,1284990769,4,5
350001,1920,5250015,672001920,23520,0.643750011920929,128,350000,1.3833403587341309,1920,17,5,500000,1000,,350001.0,0.682812511920929,0.5808855295181274,0.643750011920929,0.6260061264038086,1365,1284990769,4,5
351001,1920,5265015,673921920,23520,0.643750011920929,128,351000,1.387155532836914,1920,17,5,500000,1000,,351001.0,0.6817708611488342,0.580886960029602,0.643750011920929,0.6260312795639038,1369,1284990769,4,5
352001,1920,5280015,675841920,23520,0.643750011920929,128,352000,1.3909125328063965,1920,17,5,500000,1000,,352001.0,0.6822916865348816,0.5808848142623901,0.643750011920929,0.6261168718338013,1373,1284990769,4,5
353001,1920,5295015,677761920,23520,0.643750011920929,128,353000,1.3951725959777832,1920,17,5,500000,1000,,353001.0,0.6822916865348816,0.5808852910995483,0.643750011920929,0.6263822913169861,1377,1284990769,4,5
354001,1920,5310015,679681920,23520,0.643750011920929,128,354000,1.3989925384521484,1920,17,5,500000,1000,,354001.0,0.6822916865348816,0.5808842778205872,0.643750011920929,0.6262238025665283,1380,1284990769,4,5
355001,1920,5325015,681601920,23520,0.643750011920929,128,355000,1.402977466583252,1920,17,5,500000,1000,,355001.0,0.6822916865348816,0.5808814764022827,0.643750011920929,0.6260281801223755,1384,1284990769,4,5
356001,1920,5340015,683521920,23520,0.643750011920929,128,356000,1.406745195388794,1920,17,5,500000,1000,,356001.0,0.682812511920929,0.5808804035186768,0.643750011920929,0.6261394619941711,1388,1284990769,4,5
357001,1920,5355015,685441920,23520,0.643750011920929,128,357000,1.410515308380127,1920,17,5,500000,1000,,357001.0,0.6833333373069763,0.5808796286582947,0.6416666507720947,0.6258279085159302,1392,1284990769,4,5
358001,1920,5370015,687361920,23520,0.6416666507720947,128,358000,1.4143741130828857,1920,17,5,500000,1000,,358001.0,0.682812511920929,0.5808817148208618,0.643750011920929,0.6259573698043823,1396,1284990769,4,5
359001,1920,5385015,689281920,23520,0.643750011920929,128,359000,1.4181993007659912,1920,17,5,500000,1000,,359001.0,0.682812511920929,0.5808770060539246,0.643750011920929,0.625922441482544,1400,1284990769,4,5
360001,1920,5400015,691201920,23520,0.643750011920929,128,360000,1.4219934940338135,1920,17,5,500000,1000,,360001.0,0.6817708611488342,0.5808761119842529,0.643750011920929,0.6257910132408142,1404,1284990769,4,5
361001,1920,5415015,693121920,23520,0.643750011920929,128,361000,1.4258027076721191,1920,17,5,500000,1000,,361001.0,0.6817708611488342,0.5808766484260559,0.643750011920929,0.6257951259613037,1408,1284990769,4,5
362001,1920,5430015,695041920,23520,0.643750011920929,128,362000,1.429600715637207,1920,17,5,500000,1000,,362001.0,0.6817708611488342,0.5808765292167664,0.643750011920929,0.6257993578910828,1412,1284990769,4,5
363001,1920,5445015,696961920,23520,0.643750011920929,128,363000,1.4335179328918457,1920,17,5,500000,1000,,363001.0,0.682812511920929,0.5808757543563843,0.643750011920929,0.6258856654167175,1415,1284990769,4,5
364001,1920,5460015,698881920,23520,0.643750011920929,128,364000,1.4373068809509277,1920,17,5,500000,1000,,364001.0,0.682812511920929,0.5808751583099365,0.643750011920929,0.6259079575538635,1419,1284990769,4,5
365001,1920,5475015,700801920,23520,0.643750011920929,128,365000,1.441098690032959,1920,17,5,500000,1000,,365001.0,0.6817708611488342,0.5808753371238708,0.6416666507720947,0.6261976361274719,1423,1284990769,4,5
366001,1920,5490015,702721920,23520,0.6416666507720947,128,366000,1.4448866844177246,1920,17,5,500000,1000,,366001.0,0.682812511920929,0.5808731317520142,0.643750011920929,0.6263014674186707,1427,1284990769,4,5
367001,1920,5505015,704641920,23520,0.643750011920929,128,367000,1.4486467838287354,1920,17,5,500000,1000,,367001.0,0.682812511920929,0.5808724164962769,0.6416666507720947,0.6259288191795349,1431,1284990769,4,5
368001,1920,5520015,706561920,23520,0.6416666507720947,128,368000,1.4525129795074463,1920,17,5,500000,1000,,368001.0,0.6812499761581421,0.5808737277984619,0.643750011920929,0.62607741355896,1435,1284990769,4,5
369001,1920,5535015,708481920,23520,0.643750011920929,128,369000,1.456273078918457,1920,17,5,500000,1000,,369001.0,0.6817708611488342,0.5808727145195007,0.6416666507720947,0.6261835694313049,1438,1284990769,4,5
370001,1920,5550015,710401920,23520,0.6416666507720947,128,370000,1.4600551128387451,1920,17,5,500000,1000,,370001.0,0.6822916865348816,0.5808722972869873,0.643750011920929,0.6264115571975708,1442,1284990769,4,5
371001,1920,5565015,712321920,23520,0.643750011920929,128,371000,1.463804006576538,1920,17,5,500000,1000,,371001.0,0.6822916865348816,0.5808711647987366,0.643750011920929,0.6258928179740906,1446,1284990769,4,5
372001,1920,5580015,714241920,23520,0.643750011920929,128,372000,1.467541217803955,1920,17,5,500000,1000,,372001.0,0.6822916865348816,0.5808708071708679,0.643750011920929,0.6260298490524292,1450,1284990769,4,5
373001,1920,5595015,716161920,23520,0.643750011920929,128,373000,1.4713220596313477,1920,17,5,500000,1000,,373001.0,0.6817708611488342,0.580866277217865,0.643750011920929,0.6260514855384827,1454,1284990769,4,5
374001,1920,5610015,718081920,23520,0.643750011920929,128,374000,1.475083827972412,1920,17,5,500000,1000,,374001.0,0.6822916865348816,0.5808656215667725,0.643750011920929,0.6260362267494202,1457,1284990769,4,5
375001,1920,5625015,720001920,23520,0.643750011920929,128,375000,1.4789719581604004,1920,17,5,500000,1000,,375001.0,0.682812511920929,0.5808677077293396,0.643750011920929,0.6260967254638672,1461,1284990769,4,5
376001,1920,5640015,721921920,23520,0.643750011920929,128,376000,1.4827539920806885,1920,17,5,500000,1000,,376001.0,0.6822916865348816,0.5808675289154053,0.643750011920929,0.6259305477142334,1465,1284990769,4,5
377001,1920,5655015,723841920,23520,0.643750011920929,128,377000,1.4865052700042725,1920,17,5,500000,1000,,377001.0,0.682812511920929,0.5808650255203247,0.643750011920929,0.6261560916900635,1469,1284990769,4,5
378001,1920,5670015,725761920,23520,0.643750011920929,128,378000,1.4902853965759277,1920,17,5,500000,1000,,378001.0,0.6812499761581421,0.5808687210083008,0.643750011920929,0.6261600255966187,1473,1284990769,4,5
379001,1920,5685015,727681920,23520,0.643750011920929,128,379000,1.4940462112426758,1920,17,5,500000,1000,,379001.0,0.6812499761581421,0.5808669328689575,0.643750011920929,0.6260820031166077,1476,1284990769,4,5
380001,1920,5700015,729601920,23520,0.643750011920929,128,380000,1.4977970123291016,1920,17,5,500000,1000,,380001.0,0.6812499761581421,0.5808649659156799,0.643750011920929,0.6257253289222717,1480,1284990769,4,5
381001,1920,5715015,731521920,23520,0.643750011920929,128,381000,1.5015778541564941,1920,17,5,500000,1000,,381001.0,0.682812511920929,0.5808662176132202,0.643750011920929,0.6259809136390686,1484,1284990769,4,5
382001,1920,5730015,733441920,23520,0.643750011920929,128,382000,1.5053668022155762,1920,17,5,500000,1000,,382001.0,0.6833333373069763,0.5808646082878113,0.643750011920929,0.6261757016181946,1488,1284990769,4,5
383001,1920,5745015,735361920,23520,0.643750011920929,128,383000,1.5092377662658691,1920,17,5,500000,1000,,383001.0,0.682812511920929,0.5808629393577576,0.643750011920929,0.6261149048805237,1492,1284990769,4,5
384001,1920,5760015,737281920,23520,0.643750011920929,128,384000,1.5130658149719238,1920,17,5,500000,1000,,384001.0,0.682812511920929,0.5808640718460083,0.643750011920929,0.6259633302688599,1496,1284990769,4,5
385001,1920,5775015,739201920,23520,0.643750011920929,128,385000,1.5168218612670898,1920,17,5,500000,1000,,385001.0,0.682812511920929,0.5808613896369934,0.643750011920929,0.6260549426078796,1500,1284990769,4,5
386001,1920,5790015,741121920,23520,0.643750011920929,128,386000,1.5208518505096436,1920,17,5,500000,1000,,386001.0,0.682812511920929,0.5808587670326233,0.643750011920929,0.6258507966995239,1503,1284990769,4,5
387001,1920,5805015,743041920,23520,0.643750011920929,128,387000,1.5245978832244873,1920,17,5,500000,1000,,387001.0,0.6833333373069763,0.5808607935905457,0.643750011920929,0.6259047985076904,1507,1284990769,4,5
388001,1920,5820015,744961920,23520,0.643750011920929,128,388000,1.5285148620605469,1920,17,5,500000,1000,,388001.0,0.6833333373069763,0.5808582901954651,0.643750011920929,0.625733494758606,1511,1284990769,4,5
389001,1920,5835015,746881920,23520,0.643750011920929,128,389000,1.5322978496551514,1920,17,5,500000,1000,,389001.0,0.6817708611488342,0.5808575749397278,0.643750011920929,0.6257110238075256,1515,1284990769,4,5
390001,1920,5850015,748801920,23520,0.643750011920929,128,390000,1.5360338687896729,1920,17,5,500000,1000,,390001.0,0.6817708611488342,0.580858588218689,0.6458333134651184,0.6253290772438049,1519,1284990769,4,5
391001,1920,5865015,750721920,23520,0.6458333134651184,128,391000,1.5397748947143555,1920,17,5,500000,1000,,391001.0,0.6822916865348816,0.5808629393577576,0.6458333134651184,0.6255762577056885,1523,1284990769,4,5
392001,1920,5880015,752641920,23520,0.6458333134651184,128,392000,1.5437259674072266,1920,17,5,500000,1000,,392001.0,0.6822916865348816,0.580854058265686,0.643750011920929,0.6258408427238464,1526,1284990769,4,5
393001,1920,5895015,754561920,23520,0.643750011920929,128,393000,1.5475080013275146,1920,17,5,500000,1000,,393001.0,0.6817708611488342,0.5808523297309875,0.643750011920929,0.6257554888725281,1530,1284990769,4,5
394001,1920,5910015,756481920,23520,0.643750011920929,128,394000,1.5512499809265137,1920,17,5,500000,1000,,394001.0,0.6817708611488342,0.5808534622192383,0.643750011920929,0.6259676218032837,1534,1284990769,4,5
395001,1920,5925015,758401920,23520,0.643750011920929,128,395000,1.5550107955932617,1920,17,5,500000,1000,,395001.0,0.6817708611488342,0.5808521509170532,0.643750011920929,0.6256454586982727,1538,1284990769,4,5
396001,1920,5940015,760321920,23520,0.643750011920929,128,396000,1.5588140487670898,1920,17,5,500000,1000,,396001.0,0.6807291507720947,0.5808509588241577,0.6416666507720947,0.6261165142059326,1542,1284990769,4,5
397001,1920,5955015,762241920,23520,0.6416666507720947,128,397000,1.5625998973846436,1920,17,5,500000,1000,,397001.0,0.6817708611488342,0.5808504223823547,0.643750011920929,0.6260550022125244,1546,1284990769,4,5
398001,1920,5970015,764161920,23520,0.643750011920929,128,398000,1.5664126873016357,1920,17,5,500000,1000,,398001.0,0.6833333373069763,0.5808508992195129,0.643750011920929,0.6261960864067078,1549,1284990769,4,5
399001,1920,5985015,766081920,23520,0.643750011920929,128,399000,1.5701749324798584,1920,17,5,500000,1000,,399001.0,0.6822916865348816,0.5808483958244324,0.643750011920929,0.6260592341423035,1553,1284990769,4,5
400001,1920,6000015,768001920,23520,0.643750011920929,128,400000,1.5739247798919678,1920,17,5,500000,1000,,400001.0,0.6822916865348816,0.5808502435684204,0.643750011920929,0.6258262991905212,1557,1284990769,4,5
401001,1920,6015015,769921920,23520,0.643750011920929,128,401000,1.5779435634613037,1920,17,5,500000,1000,,401001.0,0.6822916865348816,0.5808493494987488,0.643750011920929,0.625545859336853,1561,1284990769,4,5
402001,1920,6030015,771841920,23520,0.643750011920929,128,402000,1.581711769104004,1920,17,5,500000,1000,,402001.0,0.682812511920929,0.5808519721031189,0.643750011920929,0.6258384585380554,1565,1284990769,4,5
403001,1920,6045015,773761920,23520,0.643750011920929,128,403000,1.5854876041412354,1920,17,5,500000,1000,,403001.0,0.6822916865348816,0.5808488726615906,0.643750011920929,0.626069962978363,1569,1284990769,4,5
404001,1920,6060015,775681920,23520,0.643750011920929,128,404000,1.5892386436462402,1920,17,5,500000,1000,,404001.0,0.6817708611488342,0.5808470249176025,0.643750011920929,0.6261885762214661,1572,1284990769,4,5
405001,1920,6075015,777601920,23520,0.643750011920929,128,405000,1.5930085182189941,1920,17,5,500000,1000,,405001.0,0.6812499761581421,0.580847978591919,0.643750011920929,0.6260522603988647,1576,1284990769,4,5
406001,1920,6090015,779521920,23520,0.643750011920929,128,406000,1.5967743396759033,1920,17,5,500000,1000,,406001.0,0.682812511920929,0.5808459520339966,0.643750011920929,0.6256701350212097,1580,1284990769,4,5
407001,1920,6105015,781441920,23520,0.643750011920929,128,407000,1.600539207458496,1920,17,5,500000,1000,,407001.0,0.6817708611488342,0.5808472037315369,0.643750011920929,0.6259994506835938,1584,1284990769,4,5
408001,1920,6120015,783361920,23520,0.643750011920929,128,408000,1.6042933464050293,1920,17,5,500000,1000,,408001.0,0.6817708611488342,0.5808462500572205,0.643750011920929,0.6260012984275818,1588,1284990769,4,5
409001,1920,6135015,785281920,23520,0.643750011920929,128,409000,1.6082403659820557,1920,17,5,500000,1000,,409001.0,0.6817708611488342,0.5808430314064026,0.643750011920929,0.6260403394699097,1592,1284990769,4,5
410001,1920,6150015,787201920,23520,0.643750011920929,128,410000,1.6120245456695557,1920,17,5,500000,1000,,410001.0,0.6833333373069763,0.5808466672897339,0.643750011920929,0.6259930729866028,1596,1284990769,4,5
411001,1920,6165015,789121920,23520,0.643750011920929,128,411000,1.6158065795898438,1920,17,5,500000,1000,,411001.0,0.6817708611488342,0.5808480381965637,0.643750011920929,0.6263054609298706,1600,1284990769,4,5
412001,1920,6180015,791041920,23520,0.643750011920929,128,412000,1.6195993423461914,1920,17,5,500000,1000,,412001.0,0.6812499761581421,0.580842912197113,0.643750011920929,0.626071572303772,1603,1284990769,4,5
413001,1920,6195015,792961920,23520,0.643750011920929,128,413000,1.6233961582183838,1920,17,5,500000,1000,,413001.0,0.6822916865348816,0.580843985080719,0.643750011920929,0.6258996725082397,1607,1284990769,4,5
414001,1920,6210015,794881920,23520,0.643750011920929,128,414000,1.6271681785583496,1920,17,5,500000,1000,,414001.0,0.682812511920929,0.5808455348014832,0.643750011920929,0.6261900663375854,1611,1284990769,4,5
415001,1920,6225015,796801920,23520,0.643750011920929,128,415000,1.6309239864349365,1920,17,5,500000,1000,,415001.0,0.6822916865348816,0.5808423161506653,0.643750011920929,0.6259422898292542,1615,1284990769,4,5
416001,1920,6240015,798721920,23520,0.643750011920929,128,416000,1.634720802307129,1920,17,5,500000,1000,,416001.0,0.6817708611488342,0.5808414816856384,0.643750011920929,0.6257845759391785,1619,1284990769,4,5
417001,1920,6255015,800641920,23520,0.643750011920929,128,417000,1.6385226249694824,1920,17,5,500000,1000,,417001.0,0.6822916865348816,0.580842137336731,0.643750011920929,0.6259076595306396,1623,1284990769,4,5
418001,1920,6270015,802561920,23520,0.643750011920929,128,418000,1.6433508396148682,1920,17,5,500000,1000,,418001.0,0.6817708611488342,0.5808394551277161,0.6416666507720947,0.6259515285491943,1627,1284990769,4,5
419001,1920,6285015,804481920,23520,0.6416666507720947,128,419000,1.6471338272094727,1920,17,5,500000,1000,,419001.0,0.6817708611488342,0.5808395147323608,0.643750011920929,0.6262492537498474,1630,1284990769,4,5
420001,1920,6300015,806401920,23520,0.643750011920929,128,420000,1.6508967876434326,1920,17,5,500000,1000,,420001.0,0.6817708611488342,0.5808364748954773,0.643750011920929,0.6260260343551636,1634,1284990769,4,5
421001,1920,6315015,808321920,23520,0.643750011920929,128,421000,1.6546475887298584,1920,17,5,500000,1000,,421001.0,0.6817708611488342,0.5808378458023071,0.643750011920929,0.6262084245681763,1638,1284990769,4,5
422001,1920,6330015,810241920,23520,0.643750011920929,128,422000,1.6584327220916748,1920,17,5,500000,1000,,422001.0,0.6817708611488342,0.5808382630348206,0.643750011920929,0.6260856986045837,1642,1284990769,4,5
423001,1920,6345015,812161920,23520,0.643750011920929,128,423000,1.6622045040130615,1920,17,5,500000,1000,,423001.0,0.6822916865348816,0.580838143825531,0.643750011920929,0.6258634924888611,1646,1284990769,4,5
424001,1920,6360015,814081920,23520,0.643750011920929,128,424000,1.6659774780273438,1920,17,5,500000,1000,,424001.0,0.682812511920929,0.5808380246162415,0.643750011920929,0.625856339931488,1650,1284990769,4,5
425001,1920,6375015,816001920,23520,0.643750011920929,128,425000,1.6697804927825928,1920,17,5,500000,1000,,425001.0,0.6817708611488342,0.5808365941047668,0.643750011920929,0.6262181401252747,1654,1284990769,4,5
426001,1920,6390015,817921920,23520,0.643750011920929,128,426000,1.673769474029541,1920,17,5,500000,1000,,426001.0,0.682812511920929,0.580837607383728,0.643750011920929,0.625663697719574,1657,1284990769,4,5
427001,1920,6405015,819841920,23520,0.643750011920929,128,427000,1.6777997016906738,1920,17,5,500000,1000,,427001.0,0.682812511920929,0.5808335542678833,0.643750011920929,0.62583988904953,1661,1284990769,4,5
428001,1920,6420015,821761920,23520,0.643750011920929,128,428000,1.681593656539917,1920,17,5,500000,1000,,428001.0,0.682812511920929,0.5808359384536743,0.643750011920929,0.6256953477859497,1665,1284990769,4,5
429001,1920,6435015,823681920,23520,0.643750011920929,128,429000,1.6853907108306885,1920,17,5,500000,1000,,429001.0,0.6812499761581421,0.5808334350585938,0.643750011920929,0.6259132623672485,1669,1284990769,4,5
430001,1920,6450015,825601920,23520,0.643750011920929,128,430000,1.689377784729004,1920,17,5,500000,1000,,430001.0,0.6812499761581421,0.5808325409889221,0.643750011920929,0.6259066462516785,1673,1284990769,4,5
431001,1920,6465015,827521920,23520,0.643750011920929,128,431000,1.6931397914886475,1920,17,5,500000,1000,,431001.0,0.6817708611488342,0.5808311700820923,0.643750011920929,0.6256164908409119,1677,1284990769,4,5
432001,1920,6480015,829441920,23520,0.643750011920929,128,432000,1.6968879699707031,1920,17,5,500000,1000,,432001.0,0.6807291507720947,0.5808308720588684,0.643750011920929,0.6258760690689087,1681,1284990769,4,5
433001,1920,6495015,831361920,23520,0.643750011920929,128,433000,1.700645923614502,1920,17,5,500000,1000,,433001.0,0.6822916865348816,0.5808295011520386,0.643750011920929,0.6257485747337341,1685,1284990769,4,5
434001,1920,6510015,833281920,23520,0.643750011920929,128,434000,1.7044172286987305,1920,17,5,500000,1000,,434001.0,0.682812511920929,0.5808269381523132,0.643750011920929,0.625897228717804,1688,1284990769,4,5
435001,1920,6525015,835201920,23520,0.643750011920929,128,435000,1.7081823348999023,1920,17,5,500000,1000,,435001.0,0.6822916865348816,0.580828070640564,0.643750011920929,0.6258562207221985,1692,1284990769,4,5
436001,1920,6540015,837121920,23520,0.643750011920929,128,436000,1.711944341659546,1920,17,5,500000,1000,,436001.0,0.682812511920929,0.5808272957801819,0.643750011920929,0.6256171464920044,1696,1284990769,4,5
437001,1920,6555015,839041920,23520,0.643750011920929,128,437000,1.715752363204956,1920,17,5,500000,1000,,437001.0,0.6833333373069763,0.5808279514312744,0.643750011920929,0.6258304119110107,1700,1284990769,4,5
438001,1920,6570015,840961920,23520,0.643750011920929,128,438000,1.7197494506835938,1920,17,5,500000,1000,,438001.0,0.6812499761581421,0.5808248519897461,0.643750011920929,0.6256654858589172,1704,1284990769,4,5
439001,1920,6585015,842881920,23520,0.643750011920929,128,439000,1.7235424518585205,1920,17,5,500000,1000,,439001.0,0.6817708611488342,0.5808261632919312,0.643750011920929,0.6257839202880859,1708,1284990769,4,5
440001,1920,6600015,844801920,23520,0.643750011920929,128,440000,1.7276663780212402,1920,17,5,500000,1000,,440001.0,0.6812499761581421,0.5808254480361938,0.643750011920929,0.6256490349769592,1712,1284990769,4,5
441001,1920,6615015,846721920,23520,0.643750011920929,128,441000,1.7314975261688232,1920,17,5,500000,1000,,441001.0,0.6822916865348816,0.5808250308036804,0.643750011920929,0.6259194016456604,1716,1284990769,4,5
442001,1920,6630015,848641920,23520,0.643750011920929,128,442000,1.7353055477142334,1920,17,5,500000,1000,,442001.0,0.6817708611488342,0.5808261036872864,0.643750011920929,0.6259015202522278,1719,1284990769,4,5
443001,1920,6645015,850561920,23520,0.643750011920929,128,443000,1.7391166687011719,1920,17,5,500000,1000,,443001.0,0.6838541626930237,0.5808259844779968,0.643750011920929,0.6258861422538757,1723,1284990769,4,5
444001,1920,6660015,852481920,23520,0.643750011920929,128,444000,1.7431564331054688,1920,17,5,500000,1000,,444001.0,0.682812511920929,0.5808246731758118,0.643750011920929,0.6259520053863525,1727,1284990769,4,5
445001,1920,6675015,854401920,23520,0.643750011920929,128,445000,1.746950626373291,1920,17,5,500000,1000,,445001.0,0.682812511920929,0.580830454826355,0.6416666507720947,0.6265765428543091,1731,1284990769,4,5
446001,1920,6690015,856321920,23520,0.6416666507720947,128,446000,1.7507655620574951,1920,17,5,500000,1000,,446001.0,0.6812499761581421,0.5808231234550476,0.643750011920929,0.6262302994728088,1735,1284990769,4,5
447001,1920,6705015,858241920,23520,0.643750011920929,128,447000,1.754683256149292,1920,17,5,500000,1000,,447001.0,0.6822916865348816,0.580824077129364,0.643750011920929,0.6262953877449036,1739,1284990769,4,5
448001,1920,6720015,860161920,23520,0.643750011920929,128,448000,1.758514165878296,1920,17,5,500000,1000,,448001.0,0.6822916865348816,0.5808208584785461,0.6416666507720947,0.6258871555328369,1743,1284990769,4,5
449001,1920,6735015,862081920,23520,0.6416666507720947,128,449000,1.7622811794281006,1920,17,5,500000,1000,,449001.0,0.682812511920929,0.5808222889900208,0.643750011920929,0.6260344982147217,1747,1284990769,4,5
450001,1920,6750015,864001920,23520,0.643750011920929,128,450000,1.7660553455352783,1920,17,5,500000,1000,,450001.0,0.682812511920929,0.580821692943573,0.643750011920929,0.6260424256324768,1751,1284990769,4,5
451001,1920,6765015,865921920,23520,0.643750011920929,128,451000,1.7698123455047607,1920,17,5,500000,1000,,451001.0,0.6822916865348816,0.5808268785476685,0.6416666507720947,0.6261066198348999,1754,1284990769,4,5
452001,1920,6780015,867841920,23520,0.6416666507720947,128,452000,1.7735614776611328,1920,17,5,500000,1000,,452001.0,0.6822916865348816,0.5808208584785461,0.643750011920929,0.6258992552757263,1758,1284990769,4,5
453001,1920,6795015,869761920,23520,0.643750011920929,128,453000,1.7777032852172852,1920,17,5,500000,1000,,453001.0,0.6822916865348816,0.5808191299438477,0.643750011920929,0.625935971736908,1762,1284990769,4,5
454001,1920,6810015,871681920,23520,0.643750011920929,128,454000,1.781792163848877,1920,17,5,500000,1000,,454001.0,0.6812499761581421,0.5808214545249939,0.643750011920929,0.6257518529891968,1766,1284990769,4,5
455001,1920,6825015,873601920,23520,0.643750011920929,128,455000,1.7854862213134766,1920,17,5,500000,1000,,455001.0,0.6812499761581421,0.580819308757782,0.643750011920929,0.6257200837135315,1770,1284990769,4,5
456001,1920,6840015,875521920,23520,0.643750011920929,128,456000,1.789273977279663,1920,17,5,500000,1000,,456001.0,0.6817708611488342,0.5808171033859253,0.643750011920929,0.6257793307304382,1774,1284990769,4,5
457001,1920,6855015,877441920,23520,0.643750011920929,128,457000,1.793036937713623,1920,17,5,500000,1000,,457001.0,0.6812499761581421,0.5808190703392029,0.6416666507720947,0.6259128451347351,1778,1284990769,4,5
458001,1920,6870015,879361920,23520,0.6416666507720947,128,458000,1.796792984008789,1920,17,5,500000,1000,,458001.0,0.6833333373069763,0.5808194875717163,0.643750011920929,0.6262058615684509,1782,1284990769,4,5
459001,1920,6885015,881281920,23520,0.643750011920929,128,459000,1.800501823425293,1920,17,5,500000,1000,,459001.0,0.6817708611488342,0.5808160901069641,0.643750011920929,0.6260000467300415,1785,1284990769,4,5
460001,1920,6900015,883201920,23520,0.643750011920929,128,460000,1.8042595386505127,1920,17,5,500000,1000,,460001.0,0.6817708611488342,0.5808159112930298,0.643750011920929,0.6259986162185669,1789,1284990769,4,5
461001,1920,6915015,885121920,23520,0.643750011920929,128,461000,1.8080198764801025,1920,17,5,500000,1000,,461001.0,0.6822916865348816,0.5808147192001343,0.643750011920929,0.6258676052093506,1793,1284990769,4,5
462001,1920,6930015,887041920,23520,0.643750011920929,128,462000,1.8137178421020508,1920,17,5,500000,1000,,462001.0,0.6822916865348816,0.5808137655258179,0.643750011920929,0.6258853077888489,1797,1284990769,4,5
463001,1920,6945015,888961920,23520,0.643750011920929,128,463000,1.817850112915039,1920,17,5,500000,1000,,463001.0,0.6822916865348816,0.5808139443397522,0.643750011920929,0.6261019110679626,1801,1284990769,4,5
464001,1920,6960015,890881920,23520,0.643750011920929,128,464000,1.8215868473052979,1920,17,5,500000,1000,,464001.0,0.6822916865348816,0.5808137059211731,0.643750011920929,0.6261100769042969,1805,1284990769,4,5
465001,1920,6975015,892801920,23520,0.643750011920929,128,465000,1.8252978324890137,1920,17,5,500000,1000,,465001.0,0.6817708611488342,0.5808122158050537,0.643750011920929,0.6261119842529297,1809,1284990769,4,5
466001,1920,6990015,894721920,23520,0.643750011920929,128,466000,1.8290235996246338,1920,17,5,500000,1000,,466001.0,0.6822916865348816,0.5808148980140686,0.643750011920929,0.6262553334236145,1813,1284990769,4,5
467001,1920,7005015,896641920,23520,0.643750011920929,128,467000,1.8330018520355225,1920,17,5,500000,1000,,467001.0,0.6817708611488342,0.5808146595954895,0.643750011920929,0.6262425780296326,1816,1284990769,4,5
468001,1920,7020015,898561920,23520,0.643750011920929,128,468000,1.836728811264038,1920,17,5,500000,1000,,468001.0,0.682812511920929,0.5808103680610657,0.643750011920929,0.6261426210403442,1820,1284990769,4,5
469001,1920,7035015,900481920,23520,0.643750011920929,128,469000,1.8404529094696045,1920,17,5,500000,1000,,469001.0,0.682812511920929,0.5808118581771851,0.643750011920929,0.6263462901115417,1824,1284990769,4,5
470001,1920,7050015,902401920,23520,0.643750011920929,128,470000,1.8442277908325195,1920,17,5,500000,1000,,470001.0,0.682812511920929,0.5808073282241821,0.643750011920929,0.6256828308105469,1828,1284990769,4,5
471001,1920,7065015,904321920,23520,0.643750011920929,128,471000,1.8480029106140137,1920,17,5,500000,1000,,471001.0,0.6822916865348816,0.5808094143867493,0.643750011920929,0.6255545020103455,1832,1284990769,4,5
472001,1920,7080015,906241920,23520,0.643750011920929,128,472000,1.851754903793335,1920,17,5,500000,1000,,472001.0,0.6833333373069763,0.5808084607124329,0.643750011920929,0.6257315278053284,1836,1284990769,4,5
473001,1920,7095015,908161920,23520,0.643750011920929,128,473000,1.8554658889770508,1920,17,5,500000,1000,,473001.0,0.6812499761581421,0.5808061957359314,0.643750011920929,0.625881552696228,1840,1284990769,4,5
474001,1920,7110015,910081920,23520,0.643750011920929,128,474000,1.8592467308044434,1920,17,5,500000,1000,,474001.0,0.6822916865348816,0.5808082222938538,0.643750011920929,0.6259162425994873,1843,1284990769,4,5
475001,1920,7125015,912001920,23520,0.643750011920929,128,475000,1.8630397319793701,1920,17,5,500000,1000,,475001.0,0.6833333373069763,0.5808055996894836,0.643750011920929,0.6257809400558472,1847,1284990769,4,5
476001,1920,7140015,913921920,23520,0.643750011920929,128,476000,1.8668029308319092,1920,17,5,500000,1000,,476001.0,0.6833333373069763,0.5808089971542358,0.643750011920929,0.6258599162101746,1851,1284990769,4,5
477001,1920,7155015,915841920,23520,0.643750011920929,128,477000,1.870561122894287,1920,17,5,500000,1000,,477001.0,0.6822916865348816,0.5808048248291016,0.643750011920929,0.625789999961853,1855,1284990769,4,5
478001,1920,7170015,917761920,23520,0.643750011920929,128,478000,1.8743441104888916,1920,17,5,500000,1000,,478001.0,0.6817708611488342,0.5808046460151672,0.643750011920929,0.6260278820991516,1859,1284990769,4,5
479001,1920,7185015,919681920,23520,0.643750011920929,128,479000,1.8780531883239746,1920,17,5,500000,1000,,479001.0,0.6817708611488342,0.5808051824569702,0.6416666507720947,0.626043975353241,1863,1284990769,4,5
480001,1920,7200015,921601920,23520,0.6416666507720947,128,480000,1.8817384243011475,1920,17,5,500000,1000,,480001.0,0.6822916865348816,0.5808036923408508,0.643750011920929,0.6260297298431396,1866,1284990769,4,5
481001,1920,7215015,923521920,23520,0.643750011920929,128,481000,1.885486364364624,1920,17,5,500000,1000,,481001.0,0.6817708611488342,0.5808009505271912,0.643750011920929,0.6258412003517151,1870,1284990769,4,5
482001,1920,7230015,925441920,23520,0.643750011920929,128,482000,1.8892722129821777,1920,17,5,500000,1000,,482001.0,0.682812511920929,0.5808030366897583,0.643750011920929,0.6259285807609558,1874,1284990769,4,5
483001,1920,7245015,927361920,23520,0.643750011920929,128,483000,1.893043041229248,1920,17,5,500000,1000,,483001.0,0.6817708611488342,0.5808009505271912,0.643750011920929,0.6259337663650513,1878,1284990769,4,5
484001,1920,7260015,929281920,23520,0.643750011920929,128,484000,1.897007942199707,1920,17,5,500000,1000,,484001.0,0.6822916865348816,0.5808036923408508,0.643750011920929,0.6257976293563843,1882,1284990769,4,5
485001,1920,7275015,931201920,23520,0.643750011920929,128,485000,1.9007761478424072,1920,17,5,500000,1000,,485001.0,0.6817708611488342,0.5808022618293762,0.643750011920929,0.6259424686431885,1886,1284990769,4,5
486001,1920,7290015,933121920,23520,0.643750011920929,128,486000,1.904487133026123,1920,17,5,500000,1000,,486001.0,0.6812499761581421,0.5808026194572449,0.643750011920929,0.6261253952980042,1890,1284990769,4,5
487001,1920,7305015,935041920,23520,0.643750011920929,128,487000,1.908189058303833,1920,17,5,500000,1000,,487001.0,0.6812499761581421,0.58079993724823,0.643750011920929,0.6259014010429382,1893,1284990769,4,5
488001,1920,7320015,936961920,23520,0.643750011920929,128,488000,1.9129681587219238,1920,17,5,500000,1000,,488001.0,0.6817708611488342,0.5808015465736389,0.643750011920929,0.6257895827293396,1897,1284990769,4,5
489001,1920,7335015,938881920,23520,0.643750011920929,128,489000,1.9167070388793945,1920,17,5,500000,1000,,489001.0,0.6817708611488342,0.5807992219924927,0.643750011920929,0.625954270362854,1901,1284990769,4,5
490001,1920,7350015,940801920,23520,0.643750011920929,128,490000,1.9204280376434326,1920,17,5,500000,1000,,490001.0,0.6817708611488342,0.5808008909225464,0.643750011920929,0.6260788440704346,1905,1284990769,4,5
491001,1920,7365015,942721920,23520,0.643750011920929,128,491000,1.9241580963134766,1920,17,5,500000,1000,,491001.0,0.6812499761581421,0.5808008909225464,0.6416666507720947,0.625993549823761,1909,1284990769,4,5
492001,1920,7380015,944641920,23520,0.6416666507720947,128,492000,1.9279131889343262,1920,17,5,500000,1000,,492001.0,0.6812499761581421,0.5807985663414001,0.643750011920929,0.6255481243133545,1913,1284990769,4,5
493001,1920,7395015,946561920,23520,0.643750011920929,128,493000,1.9316933155059814,1920,17,5,500000,1000,,493001.0,0.6833333373069763,0.5808003544807434,0.643750011920929,0.6258777976036072,1917,1284990769,4,5
494001,1920,7410015,948481920,23520,0.643750011920929,128,494000,1.935521125793457,1920,17,5,500000,1000,,494001.0,0.6822916865348816,0.5807979106903076,0.643750011920929,0.6257197856903076,1920,1284990769,4,5
495001,1920,7425015,950401920,23520,0.643750011920929,128,495000,1.9392342567443848,1920,17,5,500000,1000,,495001.0,0.6817708611488342,0.5807981491088867,0.643750011920929,0.6256013512611389,1924,1284990769,4,5
496001,1920,7440015,952321920,23520,0.643750011920929,128,496000,1.9429526329040527,1920,17,5,500000,1000,,496001.0,0.6817708611488342,0.5807957053184509,0.643750011920929,0.6260166168212891,1928,1284990769,4,5
497001,1920,7455015,954241920,23520,0.643750011920929,128,497000,1.9466607570648193,1920,17,5,500000,1000,,497001.0,0.6817708611488342,0.580795168876648,0.643750011920929,0.6257943511009216,1932,1284990769,4,5
498001,1920,7470015,956161920,23520,0.643750011920929,128,498000,1.9503967761993408,1920,17,5,500000,1000,,498001.0,0.6817708611488342,0.5807940363883972,0.643750011920929,0.6258677244186401,1936,1284990769,4,5
499001,1920,7485015,958081920,23520,0.643750011920929,128,499000,1.9541208744049072,1920,17,5,500000,1000,,499001.0,0.682812511920929,0.5807952880859375,0.643750011920929,0.6258841753005981,1940,1284990769,4,5
499998,1920,7499970,959996160,23520,0.643750011920929,128,499997,1.9578609466552734,1920,17,5,500000,1000,,499998.0,0.6822916865348816,0.5807956457138062,0.6416666507720947,0.6257514953613281,1943,1284990769,4,5
499999,1920,7499985,959998080,23520,0.6416666507720947,128,499998,1.9618690013885498,1920,17,5,500000,1000,,499999.0,0.6822916865348816,0.5807955861091614,0.6416666507720947,0.6257615685462952,1943,1284990769,4,5
500000,1920,7500000,960000000,23520,0.6416666507720947,128,499999,1.965878963470459,1920,17,5,500000,1000,,500000.0,0.6822916865348816,0.5807955265045166,0.6416666507720947,0.6257743239402771,1943,1284990769,4,5
