pf_calls,num_answers,model_updates,num_grad_comps,answers_bytes,last_score,batch_size,k,elapsed_time,train_data,n,d,max_epochs,verbose,ident,_epochs,score_train,loss_train,score_test,loss_test,_elapsed_time,seed,run_id,dim
1,1920,15,1920,23520,0.53125,128,0,0.052111148834228516,1920,17,4,500000,1000,,1.0,0.5333333611488342,0.6931471228599548,0.5604166388511658,0.6931471228599548,0,925168305,1,4
1001,1920,15015,1921920,23520,0.5604166388511658,128,1000,0.05639004707336426,1920,17,4,500000,1000,,1001.0,0.6708333492279053,0.6193867325782776,0.6583333611488342,0.6235437989234924,3,925168305,1,4
2001,1920,30015,3841920,23520,0.6583333611488342,128,2000,0.06020808219909668,1920,17,4,500000,1000,,2001.0,0.6677083373069763,0.6043805480003357,0.6729166507720947,0.6114597916603088,7,925168305,1,4
3001,1920,45015,5761920,23520,0.6729166507720947,128,3000,0.06424927711486816,1920,17,4,500000,1000,,3001.0,0.6781250238418579,0.599291980266571,0.6666666865348816,0.6063621044158936,12,925168305,1,4
4001,1920,60015,7681920,23520,0.6666666865348816,128,4000,0.06810116767883301,1920,17,4,500000,1000,,4001.0,0.6791666746139526,0.5967029929161072,0.6583333611488342,0.6040836572647095,16,925168305,1,4
5001,1920,75015,9601920,23520,0.6583333611488342,128,5000,0.07195210456848145,1920,17,4,500000,1000,,5001.0,0.6776041388511658,0.5951234102249146,0.6583333611488342,0.6025665998458862,20,925168305,1,4
6001,1920,90015,11521920,23520,0.6583333611488342,128,6000,0.07586121559143066,1920,17,4,500000,1000,,6001.0,0.6770833134651184,0.5940778851509094,0.6541666388511658,0.6017630100250244,24,925168305,1,4
7001,1920,105015,13441920,23520,0.6541666388511658,128,7000,0.07973027229309082,1920,17,4,500000,1000,,7001.0,0.676562488079071,0.5933353900909424,0.65625,0.6014496088027954,28,925168305,1,4
8001,1920,120015,15361920,23520,0.65625,128,8000,0.08381533622741699,1920,17,4,500000,1000,,8001.0,0.6807291507720947,0.5927630066871643,0.6604166626930237,0.6006782054901123,32,925168305,1,4
9001,1920,135015,17281920,23520,0.6604166626930237,128,9000,0.08820724487304688,1920,17,4,500000,1000,,9001.0,0.676562488079071,0.5923429727554321,0.6604166626930237,0.6007383465766907,36,925168305,1,4
10001,1920,150015,19201920,23520,0.6604166626930237,128,10000,0.09211134910583496,1920,17,4,500000,1000,,10001.0,0.6802083253860474,0.5920109152793884,0.6625000238418579,0.6002292633056641,40,925168305,1,4
11001,1920,165015,21121920,23520,0.6625000238418579,128,11000,0.0959782600402832,1920,17,4,500000,1000,,11001.0,0.6807291507720947,0.5917279720306396,0.6645833253860474,0.6000593900680542,44,925168305,1,4
12001,1920,180015,23041920,23520,0.6645833253860474,128,12000,0.09980440139770508,1920,17,4,500000,1000,,12001.0,0.6802083253860474,0.5915040969848633,0.6625000238418579,0.6000625491142273,48,925168305,1,4
13001,1920,195015,24961920,23520,0.6625000238418579,128,13000,0.1036062240600586,1920,17,4,500000,1000,,13001.0,0.6781250238418579,0.5913026332855225,0.6604166626930237,0.5994843244552612,52,925168305,1,4
14001,1920,210015,26881920,23520,0.6604166626930237,128,14000,0.1074683666229248,1920,17,4,500000,1000,,14001.0,0.6796875,0.5911251306533813,0.6645833253860474,0.599784791469574,57,925168305,1,4
15001,1920,225015,28801920,23520,0.6645833253860474,128,15000,0.11126542091369629,1920,17,4,500000,1000,,15001.0,0.6802083253860474,0.5909730792045593,0.6645833253860474,0.5999133586883545,61,925168305,1,4
16001,1920,240015,30721920,23520,0.6645833253860474,128,16000,0.11507534980773926,1920,17,4,500000,1000,,16001.0,0.6802083253860474,0.5908430814743042,0.6645833253860474,0.5995264053344727,65,925168305,1,4
17001,1920,255015,32641920,23520,0.6645833253860474,128,17000,0.1190180778503418,1920,17,4,500000,1000,,17001.0,0.6802083253860474,0.5907245874404907,0.6645833253860474,0.5995919704437256,69,925168305,1,4
18001,1920,270015,34561920,23520,0.6645833253860474,128,18000,0.12304425239562988,1920,17,4,500000,1000,,18001.0,0.6807291507720947,0.5906126499176025,0.6645833253860474,0.5991454720497131,73,925168305,1,4
19001,1920,285015,36481920,23520,0.6645833253860474,128,19000,0.1269702911376953,1920,17,4,500000,1000,,19001.0,0.6802083253860474,0.5905149579048157,0.6666666865348816,0.5993194580078125,77,925168305,1,4
20001,1920,300015,38401920,23520,0.6666666865348816,128,20000,0.13088369369506836,1920,17,4,500000,1000,,20001.0,0.6802083253860474,0.5904245972633362,0.6666666865348816,0.5994115471839905,81,925168305,1,4
21001,1920,315015,40321920,23520,0.6666666865348816,128,21000,0.13530182838439941,1920,17,4,500000,1000,,21001.0,0.6802083253860474,0.5903440713882446,0.6625000238418579,0.5995124578475952,85,925168305,1,4
22001,1920,330015,42241920,23520,0.6625000238418579,128,22000,0.13916492462158203,1920,17,4,500000,1000,,22001.0,0.6802083253860474,0.5902701020240784,0.6645833253860474,0.5996116399765015,89,925168305,1,4
23001,1920,345015,44161920,23520,0.6645833253860474,128,23000,0.14368367195129395,1920,17,4,500000,1000,,23001.0,0.6807291507720947,0.5902029871940613,0.668749988079071,0.5988351106643677,93,925168305,1,4
24001,1920,360015,46081920,23520,0.668749988079071,128,24000,0.14752650260925293,1920,17,4,500000,1000,,24001.0,0.6812499761581421,0.5901305675506592,0.668749988079071,0.5990987420082092,97,925168305,1,4
25001,1920,375015,48001920,23520,0.668749988079071,128,25000,0.15152645111083984,1920,17,4,500000,1000,,25001.0,0.6812499761581421,0.5900734066963196,0.6625000238418579,0.5990926623344421,101,925168305,1,4
26001,1920,390015,49921920,23520,0.6625000238418579,128,26000,0.1553654670715332,1920,17,4,500000,1000,,26001.0,0.6796875,0.590017557144165,0.6666666865348816,0.5992738008499146,105,925168305,1,4
27001,1920,405015,51841920,23520,0.6666666865348816,128,27000,0.1593155860900879,1920,17,4,500000,1000,,27001.0,0.6812499761581421,0.5899651050567627,0.6625000238418579,0.5993934273719788,110,925168305,1,4
28001,1920,420015,53761920,23520,0.6625000238418579,128,28000,0.16323566436767578,1920,17,4,500000,1000,,28001.0,0.6802083253860474,0.5899229049682617,0.6604166626930237,0.5994393825531006,114,925168305,1,4
29001,1920,435015,55681920,23520,0.6604166626930237,128,29000,0.1670386791229248,1920,17,4,500000,1000,,29001.0,0.6822916865348816,0.5898741483688354,0.6625000238418579,0.5994588136672974,118,925168305,1,4
30001,1920,450015,57601920,23520,0.6625000238418579,128,30000,0.17087984085083008,1920,17,4,500000,1000,,30001.0,0.6796875,0.5898271203041077,0.6625000238418579,0.5995377898216248,122,925168305,1,4
31001,1920,465015,59521920,23520,0.6625000238418579,128,31000,0.17474794387817383,1920,17,4,500000,1000,,31001.0,0.6807291507720947,0.5897862911224365,0.6625000238418579,0.5992239117622375,126,925168305,1,4
32001,1920,480015,61441920,23520,0.6625000238418579,128,32000,0.17853212356567383,1920,17,4,500000,1000,,32001.0,0.6812499761581421,0.5897454023361206,0.6645833253860474,0.5992050170898438,130,925168305,1,4
33001,1920,495015,63361920,23520,0.6645833253860474,128,33000,0.18247652053833008,1920,17,4,500000,1000,,33001.0,0.6802083253860474,0.58971107006073,0.6625000238418579,0.5993229150772095,134,925168305,1,4
34001,1920,510015,65281920,23520,0.6625000238418579,128,34000,0.18635845184326172,1920,17,4,500000,1000,,34001.0,0.6802083253860474,0.5896775126457214,0.6625000238418579,0.599046528339386,138,925168305,1,4
35001,1920,525015,67201920,23520,0.6625000238418579,128,35000,0.19039058685302734,1920,17,4,500000,1000,,35001.0,0.6817708611488342,0.589644193649292,0.6645833253860474,0.5991459488868713,142,925168305,1,4
36001,1920,540015,69121920,23520,0.6645833253860474,128,36000,0.19417667388916016,1920,17,4,500000,1000,,36001.0,0.6802083253860474,0.5896102786064148,0.6666666865348816,0.5990385413169861,146,925168305,1,4
37001,1920,555015,71041920,23520,0.6666666865348816,128,37000,0.19828176498413086,1920,17,4,500000,1000,,37001.0,0.6796875,0.5895805358886719,0.6625000238418579,0.5996347069740295,150,925168305,1,4
38001,1920,570015,72961920,23520,0.6625000238418579,128,38000,0.20209360122680664,1920,17,4,500000,1000,,38001.0,0.6802083253860474,0.5895489454269409,0.6625000238418579,0.5994252562522888,154,925168305,1,4
39001,1920,585015,74881920,23520,0.6625000238418579,128,39000,0.20592474937438965,1920,17,4,500000,1000,,39001.0,0.6817708611488342,0.589523196220398,0.6645833253860474,0.5992969274520874,158,925168305,1,4
40001,1920,600015,76801920,23520,0.6645833253860474,128,40000,0.20992779731750488,1920,17,4,500000,1000,,40001.0,0.6812499761581421,0.589493453502655,0.6625000238418579,0.5989892482757568,162,925168305,1,4
41001,1920,615015,78721920,23520,0.6625000238418579,128,41000,0.21373462677001953,1920,17,4,500000,1000,,41001.0,0.6807291507720947,0.5894717574119568,0.6625000238418579,0.5993359684944153,166,925168305,1,4
42001,1920,630015,80641920,23520,0.6625000238418579,128,42000,0.21816635131835938,1920,17,4,500000,1000,,42001.0,0.6817708611488342,0.5894458889961243,0.6645833253860474,0.5991145968437195,170,925168305,1,4
43001,1920,645015,82561920,23520,0.6645833253860474,128,43000,0.22214007377624512,1920,17,4,500000,1000,,43001.0,0.6807291507720947,0.5894208550453186,0.6666666865348816,0.5989998579025269,174,925168305,1,4
44001,1920,660015,84481920,23520,0.6666666865348816,128,44000,0.22597312927246094,1920,17,4,500000,1000,,44001.0,0.6802083253860474,0.5894041061401367,0.6645833253860474,0.5992714166641235,178,925168305,1,4
45001,1920,675015,86401920,23520,0.6645833253860474,128,45000,0.22981715202331543,1920,17,4,500000,1000,,45001.0,0.6802083253860474,0.5893787145614624,0.6625000238418579,0.5992125272750854,182,925168305,1,4
46001,1920,690015,88321920,23520,0.6625000238418579,128,46000,0.23457694053649902,1920,17,4,500000,1000,,46001.0,0.6796875,0.5893604159355164,0.6645833253860474,0.5992035269737244,186,925168305,1,4
47001,1920,705015,90241920,23520,0.6645833253860474,128,47000,0.23880672454833984,1920,17,4,500000,1000,,47001.0,0.682812511920929,0.589340329170227,0.6645833253860474,0.5990800261497498,190,925168305,1,4
48001,1920,720015,92161920,23520,0.6645833253860474,128,48000,0.2426607608795166,1920,17,4,500000,1000,,48001.0,0.6817708611488342,0.5893204808235168,0.6625000238418579,0.5993368029594421,194,925168305,1,4
49001,1920,735015,94081920,23520,0.6625000238418579,128,49000,0.24712252616882324,1920,17,4,500000,1000,,49001.0,0.6812499761581421,0.5893033146858215,0.6645833253860474,0.5990335941314697,199,925168305,1,4
50001,1920,750015,96001920,23520,0.6645833253860474,128,50000,0.2509584426879883,1920,17,4,500000,1000,,50001.0,0.6812499761581421,0.589282214641571,0.6645833253860474,0.5990955233573914,203,925168305,1,4
51001,1920,765015,97921920,23520,0.6645833253860474,128,51000,0.255002498626709,1920,17,4,500000,1000,,51001.0,0.6817708611488342,0.5892626047134399,0.6645833253860474,0.5989618897438049,207,925168305,1,4
52001,1920,780015,99841920,23520,0.6645833253860474,128,52000,0.258941650390625,1920,17,4,500000,1000,,52001.0,0.6812499761581421,0.5892468094825745,0.6645833253860474,0.5994497537612915,211,925168305,1,4
53001,1920,795015,101761920,23520,0.6645833253860474,128,53000,0.26304149627685547,1920,17,4,500000,1000,,53001.0,0.6822916865348816,0.5892302393913269,0.6645833253860474,0.5992759466171265,215,925168305,1,4
54001,1920,810015,103681920,23520,0.6645833253860474,128,54000,0.2673676013946533,1920,17,4,500000,1000,,54001.0,0.6812499761581421,0.5892124772071838,0.6645833253860474,0.5992065668106079,220,925168305,1,4
55001,1920,825015,105601920,23520,0.6645833253860474,128,55000,0.2718665599822998,1920,17,4,500000,1000,,55001.0,0.6807291507720947,0.5891955494880676,0.6645833253860474,0.5991005301475525,224,925168305,1,4
56001,1920,840015,107521920,23520,0.6645833253860474,128,56000,0.2768065929412842,1920,17,4,500000,1000,,56001.0,0.6807291507720947,0.5891806483268738,0.6645833253860474,0.5987662672996521,228,925168305,1,4
57001,1920,855015,109441920,23520,0.6645833253860474,128,57000,0.2806675434112549,1920,17,4,500000,1000,,57001.0,0.6796875,0.5891675353050232,0.6645833253860474,0.5986864566802979,232,925168305,1,4
58001,1920,870015,111361920,23520,0.6645833253860474,128,58000,0.28455471992492676,1920,17,4,500000,1000,,58001.0,0.6833333373069763,0.5891525745391846,0.6645833253860474,0.598872721195221,237,925168305,1,4
59001,1920,885015,113281920,23520,0.6645833253860474,128,59000,0.28844189643859863,1920,17,4,500000,1000,,59001.0,0.6812499761581421,0.5891380906105042,0.6645833253860474,0.5993460416793823,241,925168305,1,4
60001,1920,900015,115201920,23520,0.6645833253860474,128,60000,0.29254770278930664,1920,17,4,500000,1000,,60001.0,0.6807291507720947,0.5891255140304565,0.6645833253860474,0.5993432998657227,245,925168305,1,4
61001,1920,915015,117121920,23520,0.6645833253860474,128,61000,0.2971527576446533,1920,17,4,500000,1000,,61001.0,0.6817708611488342,0.5891129970550537,0.6625000238418579,0.599190354347229,249,925168305,1,4
62001,1920,930015,119041920,23520,0.6625000238418579,128,62000,0.30219054222106934,1920,17,4,500000,1000,,62001.0,0.6817708611488342,0.589101254940033,0.6645833253860474,0.5993269085884094,253,925168305,1,4
63001,1920,945015,120961920,23520,0.6645833253860474,128,63000,0.30600452423095703,1920,17,4,500000,1000,,63001.0,0.6807291507720947,0.5890911221504211,0.6645833253860474,0.599442720413208,258,925168305,1,4
64001,1920,960015,122881920,23520,0.6645833253860474,128,64000,0.3100314140319824,1920,17,4,500000,1000,,64001.0,0.6812499761581421,0.5890735387802124,0.6645833253860474,0.5993791818618774,262,925168305,1,4
65001,1920,975015,124801920,23520,0.6645833253860474,128,65000,0.3142354488372803,1920,17,4,500000,1000,,65001.0,0.6812499761581421,0.5890642404556274,0.6645833253860474,0.5994102358818054,266,925168305,1,4
66001,1920,990015,126721920,23520,0.6645833253860474,128,66000,0.3185105323791504,1920,17,4,500000,1000,,66001.0,0.6822916865348816,0.589052140712738,0.6645833253860474,0.5992361903190613,271,925168305,1,4
67001,1920,1005015,128641920,23520,0.6645833253860474,128,67000,0.3607614040374756,1920,17,4,500000,1000,,67001.0,0.6812499761581421,0.5890418291091919,0.6645833253860474,0.5991788506507874,276,925168305,1,4
68001,1920,1020015,130561920,23520,0.6645833253860474,128,68000,0.3646063804626465,1920,17,4,500000,1000,,68001.0,0.6812499761581421,0.5890331864356995,0.6625000238418579,0.5993160009384155,287,925168305,1,4
69001,1920,1035015,132481920,23520,0.6625000238418579,128,69000,0.3687272071838379,1920,17,4,500000,1000,,69001.0,0.6812499761581421,0.589019238948822,0.6625000238418579,0.5992785096168518,291,925168305,1,4
70001,1920,1050015,134401920,23520,0.6625000238418579,128,70000,0.37289905548095703,1920,17,4,500000,1000,,70001.0,0.6802083253860474,0.5890160202980042,0.6604166626930237,0.5991924405097961,295,925168305,1,4
71001,1920,1065015,136321920,23520,0.6604166626930237,128,71000,0.37744617462158203,1920,17,4,500000,1000,,71001.0,0.6817708611488342,0.5890045762062073,0.6666666865348816,0.5994029641151428,300,925168305,1,4
72001,1920,1080015,138241920,23520,0.6666666865348816,128,72000,0.38144707679748535,1920,17,4,500000,1000,,72001.0,0.6812499761581421,0.5889913439750671,0.6645833253860474,0.5995174050331116,304,925168305,1,4
73001,1920,1095015,140161920,23520,0.6645833253860474,128,73000,0.38551831245422363,1920,17,4,500000,1000,,73001.0,0.6812499761581421,0.588980495929718,0.6645833253860474,0.5992849469184875,308,925168305,1,4
74001,1920,1110015,142081920,23520,0.6645833253860474,128,74000,0.3902280330657959,1920,17,4,500000,1000,,74001.0,0.6812499761581421,0.5889689326286316,0.6645833253860474,0.5993173122406006,312,925168305,1,4
75001,1920,1125015,144001920,23520,0.6645833253860474,128,75000,0.39455103874206543,1920,17,4,500000,1000,,75001.0,0.6812499761581421,0.5889648199081421,0.6645833253860474,0.5994609594345093,316,925168305,1,4
76001,1920,1140015,145921920,23520,0.6645833253860474,128,76000,0.39836597442626953,1920,17,4,500000,1000,,76001.0,0.6796875,0.588954746723175,0.6645833253860474,0.5992181301116943,321,925168305,1,4
77001,1920,1155015,147841920,23520,0.6645833253860474,128,77000,0.40308213233947754,1920,17,4,500000,1000,,77001.0,0.6796875,0.5889455676078796,0.6645833253860474,0.5988330841064453,325,925168305,1,4
78001,1920,1170015,149761920,23520,0.6645833253860474,128,78000,0.4069390296936035,1920,17,4,500000,1000,,78001.0,0.6822916865348816,0.5889396667480469,0.6666666865348816,0.5988602042198181,329,925168305,1,4
79001,1920,1185015,151681920,23520,0.6666666865348816,128,79000,0.4115028381347656,1920,17,4,500000,1000,,79001.0,0.6807291507720947,0.5889321565628052,0.6645833253860474,0.599012017250061,333,925168305,1,4
80001,1920,1200015,153601920,23520,0.6645833253860474,128,80000,0.41532087326049805,1920,17,4,500000,1000,,80001.0,0.6796875,0.58892422914505,0.6625000238418579,0.5990712642669678,337,925168305,1,4
81001,1920,1215015,155521920,23520,0.6625000238418579,128,81000,0.4191138744354248,1920,17,4,500000,1000,,81001.0,0.6822916865348816,0.5889119505882263,0.6645833253860474,0.5992602705955505,341,925168305,1,4
82001,1920,1230015,157441920,23520,0.6645833253860474,128,82000,0.4230647087097168,1920,17,4,500000,1000,,82001.0,0.6807291507720947,0.5889049768447876,0.6645833253860474,0.5990622639656067,345,925168305,1,4
83001,1920,1245015,159361920,23520,0.6645833253860474,128,83000,0.4272189140319824,1920,17,4,500000,1000,,83001.0,0.6812499761581421,0.5888931155204773,0.6645833253860474,0.5991845726966858,350,925168305,1,4
84001,1920,1260015,161281920,23520,0.6645833253860474,128,84000,0.4312758445739746,1920,17,4,500000,1000,,84001.0,0.6822916865348816,0.5888864398002625,0.6645833253860474,0.5991625189781189,354,925168305,1,4
85001,1920,1275015,163201920,23520,0.6645833253860474,128,85000,0.4350757598876953,1920,17,4,500000,1000,,85001.0,0.6822916865348816,0.5888837575912476,0.6645833253860474,0.5989592671394348,358,925168305,1,4
86001,1920,1290015,165121920,23520,0.6645833253860474,128,86000,0.43894481658935547,1920,17,4,500000,1000,,86001.0,0.682812511920929,0.588874101638794,0.6645833253860474,0.5991621017456055,362,925168305,1,4
87001,1920,1305015,167041920,23520,0.6645833253860474,128,87000,0.44280385971069336,1920,17,4,500000,1000,,87001.0,0.6817708611488342,0.5888664126396179,0.6645833253860474,0.5992048382759094,366,925168305,1,4
88001,1920,1320015,168961920,23520,0.6645833253860474,128,88000,0.4467935562133789,1920,17,4,500000,1000,,88001.0,0.6807291507720947,0.5888605117797852,0.6645833253860474,0.59913569688797,370,925168305,1,4
89001,1920,1335015,170881920,23520,0.6645833253860474,128,89000,0.4506535530090332,1920,17,4,500000,1000,,89001.0,0.6812499761581421,0.5888491868972778,0.6645833253860474,0.5991829037666321,374,925168305,1,4
90001,1920,1350015,172801920,23520,0.6645833253860474,128,90000,0.4548816680908203,1920,17,4,500000,1000,,90001.0,0.6817708611488342,0.5888460874557495,0.6645833253860474,0.5991116762161255,378,925168305,1,4
91001,1920,1365015,174721920,23520,0.6645833253860474,128,91000,0.4586975574493408,1920,17,4,500000,1000,,91001.0,0.6812499761581421,0.5888402462005615,0.6645833253860474,0.5986926555633545,382,925168305,1,4
92001,1920,1380015,176641920,23520,0.6645833253860474,128,92000,0.4628944396972656,1920,17,4,500000,1000,,92001.0,0.6812499761581421,0.5888288021087646,0.6645833253860474,0.598873496055603,386,925168305,1,4
93001,1920,1395015,178561920,23520,0.6645833253860474,128,93000,0.46678733825683594,1920,17,4,500000,1000,,93001.0,0.6812499761581421,0.5888229012489319,0.6645833253860474,0.599055290222168,390,925168305,1,4
94001,1920,1410015,180481920,23520,0.6645833253860474,128,94000,0.4707794189453125,1920,17,4,500000,1000,,94001.0,0.6817708611488342,0.5888170003890991,0.6645833253860474,0.5990830063819885,394,925168305,1,4
95001,1920,1425015,182401920,23520,0.6645833253860474,128,95000,0.4751863479614258,1920,17,4,500000,1000,,95001.0,0.6817708611488342,0.5888121724128723,0.6645833253860474,0.5992154479026794,399,925168305,1,4
96001,1920,1440015,184321920,23520,0.6645833253860474,128,96000,0.4792783260345459,1920,17,4,500000,1000,,96001.0,0.6812499761581421,0.5888024568557739,0.6645833253860474,0.599307656288147,403,925168305,1,4
97001,1920,1455015,186241920,23520,0.6645833253860474,128,97000,0.4834294319152832,1920,17,4,500000,1000,,97001.0,0.6812499761581421,0.5887995958328247,0.6645833253860474,0.599368691444397,407,925168305,1,4
98001,1920,1470015,188161920,23520,0.6645833253860474,128,98000,0.48732447624206543,1920,17,4,500000,1000,,98001.0,0.6817708611488342,0.5887937545776367,0.6645833253860474,0.5992156267166138,412,925168305,1,4
99001,1920,1485015,190081920,23520,0.6645833253860474,128,99000,0.49109554290771484,1920,17,4,500000,1000,,99001.0,0.6822916865348816,0.5887852907180786,0.6645833253860474,0.5992000699043274,416,925168305,1,4
100001,1920,1500015,192001920,23520,0.6645833253860474,128,100000,0.4949336051940918,1920,17,4,500000,1000,,100001.0,0.6812499761581421,0.5887855291366577,0.6645833253860474,0.5994153618812561,420,925168305,1,4
101001,1920,1515015,193921920,23520,0.6645833253860474,128,101000,0.4987986087799072,1920,17,4,500000,1000,,101001.0,0.6822916865348816,0.5887758731842041,0.6645833253860474,0.5992743968963623,424,925168305,1,4
102001,1920,1530015,195841920,23520,0.6645833253860474,128,102000,0.5028777122497559,1920,17,4,500000,1000,,102001.0,0.6812499761581421,0.5887700319290161,0.6645833253860474,0.5993335843086243,428,925168305,1,4
103001,1920,1545015,197761920,23520,0.6645833253860474,128,103000,0.5072298049926758,1920,17,4,500000,1000,,103001.0,0.6812499761581421,0.5887648463249207,0.6645833253860474,0.5990552306175232,432,925168305,1,4
104001,1920,1560015,199681920,23520,0.6645833253860474,128,104000,0.5118734836578369,1920,17,4,500000,1000,,104001.0,0.6812499761581421,0.5887606739997864,0.6645833253860474,0.5989523530006409,436,925168305,1,4
105001,1920,1575015,201601920,23520,0.6645833253860474,128,105000,0.5158896446228027,1920,17,4,500000,1000,,105001.0,0.6817708611488342,0.5887566804885864,0.6645833253860474,0.5992850065231323,440,925168305,1,4
106001,1920,1590015,203521920,23520,0.6645833253860474,128,106000,0.5197956562042236,1920,17,4,500000,1000,,106001.0,0.6817708611488342,0.5887500047683716,0.6666666865348816,0.5993403792381287,444,925168305,1,4
107001,1920,1605015,205441920,23520,0.6666666865348816,128,107000,0.523601770401001,1920,17,4,500000,1000,,107001.0,0.682812511920929,0.5887445211410522,0.6666666865348816,0.5993326902389526,449,925168305,1,4
108001,1920,1620015,207361920,23520,0.6666666865348816,128,108000,0.5274627208709717,1920,17,4,500000,1000,,108001.0,0.682812511920929,0.5887391567230225,0.6645833253860474,0.599483847618103,453,925168305,1,4
109001,1920,1635015,209281920,23520,0.6645833253860474,128,109000,0.5312705039978027,1920,17,4,500000,1000,,109001.0,0.6822916865348816,0.5887337923049927,0.6645833253860474,0.5991092920303345,457,925168305,1,4
110001,1920,1650015,211201920,23520,0.6645833253860474,128,110000,0.5351555347442627,1920,17,4,500000,1000,,110001.0,0.6817708611488342,0.5887269377708435,0.6645833253860474,0.5991576313972473,461,925168305,1,4
111001,1920,1665015,213121920,23520,0.6645833253860474,128,111000,0.5396645069122314,1920,17,4,500000,1000,,111001.0,0.6812499761581421,0.5887240171432495,0.6645833253860474,0.5992888808250427,465,925168305,1,4
112001,1920,1680015,215041920,23520,0.6645833253860474,128,112000,0.5442752838134766,1920,17,4,500000,1000,,112001.0,0.6812499761581421,0.5887206196784973,0.6666666865348816,0.5993242859840393,469,925168305,1,4
113001,1920,1695015,216961920,23520,0.6666666865348816,128,113000,0.5480940341949463,1920,17,4,500000,1000,,113001.0,0.682812511920929,0.5887172818183899,0.6666666865348816,0.5992109179496765,474,925168305,1,4
114001,1920,1710015,218881920,23520,0.6666666865348816,128,114000,0.551934003829956,1920,17,4,500000,1000,,114001.0,0.6812499761581421,0.588710606098175,0.6666666865348816,0.5990430116653442,478,925168305,1,4
115001,1920,1725015,220801920,23520,0.6666666865348816,128,115000,0.5557718276977539,1920,17,4,500000,1000,,115001.0,0.6817708611488342,0.5887081027030945,0.6666666865348816,0.5987876653671265,482,925168305,1,4
116001,1920,1740015,222721920,23520,0.6666666865348816,128,116000,0.559992790222168,1920,17,4,500000,1000,,116001.0,0.6812499761581421,0.5887021422386169,0.6666666865348816,0.5986887812614441,486,925168305,1,4
117001,1920,1755015,224641920,23520,0.6666666865348816,128,117000,0.5638089179992676,1920,17,4,500000,1000,,117001.0,0.6812499761581421,0.5886983275413513,0.6666666865348816,0.5989803671836853,490,925168305,1,4
118001,1920,1770015,226561920,23520,0.6666666865348816,128,118000,0.5679540634155273,1920,17,4,500000,1000,,118001.0,0.6817708611488342,0.5886936783790588,0.6645833253860474,0.5989478230476379,495,925168305,1,4
119001,1920,1785015,228481920,23520,0.6645833253860474,128,119000,0.5724461078643799,1920,17,4,500000,1000,,119001.0,0.6822916865348816,0.5886936187744141,0.6645833253860474,0.5991663336753845,499,925168305,1,4
120001,1920,1800015,230401920,23520,0.6645833253860474,128,120000,0.5766808986663818,1920,17,4,500000,1000,,120001.0,0.6817708611488342,0.5886853337287903,0.6645833253860474,0.5991143584251404,503,925168305,1,4
121001,1920,1815015,232321920,23520,0.6645833253860474,128,121000,0.5808546543121338,1920,17,4,500000,1000,,121001.0,0.6822916865348816,0.5886806845664978,0.6645833253860474,0.59917151927948,507,925168305,1,4
122001,1920,1830015,234241920,23520,0.6645833253860474,128,122000,0.5853075981140137,1920,17,4,500000,1000,,122001.0,0.6812499761581421,0.5886780023574829,0.6645833253860474,0.599017322063446,511,925168305,1,4
123001,1920,1845015,236161920,23520,0.6645833253860474,128,123000,0.5891265869140625,1920,17,4,500000,1000,,123001.0,0.6817708611488342,0.5886743068695068,0.6645833253860474,0.5990005135536194,515,925168305,1,4
124001,1920,1860015,238081920,23520,0.6645833253860474,128,124000,0.5929818153381348,1920,17,4,500000,1000,,124001.0,0.6817708611488342,0.5886695384979248,0.6645833253860474,0.5993188619613647,519,925168305,1,4
125001,1920,1875015,240001920,23520,0.6645833253860474,128,125000,0.5969398021697998,1920,17,4,500000,1000,,125001.0,0.6822916865348816,0.5886643528938293,0.6645833253860474,0.5990638732910156,523,925168305,1,4
126001,1920,1890015,241921920,23520,0.6645833253860474,128,126000,0.6007888317108154,1920,17,4,500000,1000,,126001.0,0.6817708611488342,0.5886610746383667,0.6645833253860474,0.5989387631416321,527,925168305,1,4
127001,1920,1905015,243841920,23520,0.6645833253860474,128,127000,0.6046328544616699,1920,17,4,500000,1000,,127001.0,0.6817708611488342,0.5886563062667847,0.6645833253860474,0.599176287651062,531,925168305,1,4
128001,1920,1920015,245761920,23520,0.6645833253860474,128,128000,0.6084029674530029,1920,17,4,500000,1000,,128001.0,0.6817708611488342,0.5886538028717041,0.6645833253860474,0.5992611050605774,535,925168305,1,4
129001,1920,1935015,247681920,23520,0.6645833253860474,128,129000,0.6122739315032959,1920,17,4,500000,1000,,129001.0,0.6817708611488342,0.5886499285697937,0.6645833253860474,0.5994584560394287,539,925168305,1,4
130001,1920,1950015,249601920,23520,0.6645833253860474,128,130000,0.616779088973999,1920,17,4,500000,1000,,130001.0,0.6817708611488342,0.5886462330818176,0.6645833253860474,0.5996445417404175,543,925168305,1,4
131001,1920,1965015,251521920,23520,0.6645833253860474,128,131000,0.6210503578186035,1920,17,4,500000,1000,,131001.0,0.682812511920929,0.5886438488960266,0.6666666865348816,0.5991799831390381,547,925168305,1,4
132001,1920,1980015,253441920,23520,0.6666666865348816,128,132000,0.6248993873596191,1920,17,4,500000,1000,,132001.0,0.682812511920929,0.5886396169662476,0.6645833253860474,0.5993490815162659,551,925168305,1,4
133001,1920,1995015,255361920,23520,0.6645833253860474,128,133000,0.6286702156066895,1920,17,4,500000,1000,,133001.0,0.6812499761581421,0.5886366367340088,0.6645833253860474,0.5993350744247437,555,925168305,1,4
134001,1920,2010015,257281920,23520,0.6645833253860474,128,134000,0.6330611705780029,1920,17,4,500000,1000,,134001.0,0.6812499761581421,0.5886304378509521,0.6645833253860474,0.5993040204048157,559,925168305,1,4
135001,1920,2025015,259201920,23520,0.6645833253860474,128,135000,0.6368882656097412,1920,17,4,500000,1000,,135001.0,0.6817708611488342,0.5886295437812805,0.6666666865348816,0.5993115901947021,563,925168305,1,4
136001,1920,2040015,261121920,23520,0.6666666865348816,128,136000,0.6407594680786133,1920,17,4,500000,1000,,136001.0,0.6812499761581421,0.5886295437812805,0.6645833253860474,0.5991714596748352,567,925168305,1,4
137001,1920,2055015,263041920,23520,0.6645833253860474,128,137000,0.6445944309234619,1920,17,4,500000,1000,,137001.0,0.6812499761581421,0.5886214971542358,0.6645833253860474,0.5992015600204468,571,925168305,1,4
138001,1920,2070015,264961920,23520,0.6645833253860474,128,138000,0.6485042572021484,1920,17,4,500000,1000,,138001.0,0.6817708611488342,0.5886223912239075,0.6645833253860474,0.5992115139961243,575,925168305,1,4
139001,1920,2085015,266881920,23520,0.6645833253860474,128,139000,0.6529450416564941,1920,17,4,500000,1000,,139001.0,0.6817708611488342,0.5886167287826538,0.6645833253860474,0.5992228388786316,579,925168305,1,4
140001,1920,2100015,268801920,23520,0.6645833253860474,128,140000,0.6583142280578613,1920,17,4,500000,1000,,140001.0,0.6817708611488342,0.5886130928993225,0.6645833253860474,0.5991474390029907,583,925168305,1,4
141001,1920,2115015,270721920,23520,0.6645833253860474,128,141000,0.663243293762207,1920,17,4,500000,1000,,141001.0,0.6817708611488342,0.5886095762252808,0.6645833253860474,0.5988576412200928,587,925168305,1,4
142001,1920,2130015,272641920,23520,0.6645833253860474,128,142000,0.6673591136932373,1920,17,4,500000,1000,,142001.0,0.6812499761581421,0.5886066555976868,0.6645833253860474,0.5989248752593994,591,925168305,1,4
143001,1920,2145015,274561920,23520,0.6645833253860474,128,143000,0.671133279800415,1920,17,4,500000,1000,,143001.0,0.6833333373069763,0.5886026620864868,0.6645833253860474,0.5992106199264526,595,925168305,1,4
144001,1920,2160015,276481920,23520,0.6645833253860474,128,144000,0.6750483512878418,1920,17,4,500000,1000,,144001.0,0.6822916865348816,0.5885985493659973,0.6645833253860474,0.5990976691246033,599,925168305,1,4
145001,1920,2175015,278401920,23520,0.6645833253860474,128,145000,0.6794662475585938,1920,17,4,500000,1000,,145001.0,0.682812511920929,0.5885952115058899,0.6645833253860474,0.5989863872528076,603,925168305,1,4
146001,1920,2190015,280321920,23520,0.6645833253860474,128,146000,0.6839320659637451,1920,17,4,500000,1000,,146001.0,0.6817708611488342,0.5885933041572571,0.6666666865348816,0.5991913080215454,608,925168305,1,4
147001,1920,2205015,282241920,23520,0.6666666865348816,128,147000,0.6879971027374268,1920,17,4,500000,1000,,147001.0,0.6812499761581421,0.5885912775993347,0.6666666865348816,0.5987187027931213,613,925168305,1,4
148001,1920,2220015,284161920,23520,0.6666666865348816,128,148000,0.6918280124664307,1920,17,4,500000,1000,,148001.0,0.6812499761581421,0.5885859131813049,0.6645833253860474,0.5988233685493469,618,925168305,1,4
149001,1920,2235015,286081920,23520,0.6645833253860474,128,149000,0.6956233978271484,1920,17,4,500000,1000,,149001.0,0.6812499761581421,0.5885832905769348,0.6645833253860474,0.5990707278251648,623,925168305,1,4
150001,1920,2250015,288001920,23520,0.6645833253860474,128,150000,0.6995923519134521,1920,17,4,500000,1000,,150001.0,0.6817708611488342,0.588578462600708,0.6645833253860474,0.598760724067688,627,925168305,1,4
151001,1920,2265015,289921920,23520,0.6645833253860474,128,151000,0.7034604549407959,1920,17,4,500000,1000,,151001.0,0.6812499761581421,0.5885806679725647,0.6645833253860474,0.5990459322929382,631,925168305,1,4
152001,1920,2280015,291841920,23520,0.6645833253860474,128,152000,0.7074682712554932,1920,17,4,500000,1000,,152001.0,0.6817708611488342,0.5885747075080872,0.6645833253860474,0.5988159775733948,635,925168305,1,4
153001,1920,2295015,293761920,23520,0.6645833253860474,128,153000,0.7113170623779297,1920,17,4,500000,1000,,153001.0,0.6807291507720947,0.5885719060897827,0.6625000238418579,0.5990644693374634,640,925168305,1,4
154001,1920,2310015,295681920,23520,0.6625000238418579,128,154000,0.715522050857544,1920,17,4,500000,1000,,154001.0,0.6822916865348816,0.5885699391365051,0.6666666865348816,0.5989793539047241,644,925168305,1,4
155001,1920,2325015,297601920,23520,0.6666666865348816,128,155000,0.7193961143493652,1920,17,4,500000,1000,,155001.0,0.6833333373069763,0.5885659456253052,0.6666666865348816,0.5987684726715088,648,925168305,1,4
156001,1920,2340015,299521920,23520,0.6666666865348816,128,156000,0.7233772277832031,1920,17,4,500000,1000,,156001.0,0.6817708611488342,0.588564932346344,0.6645833253860474,0.5989673733711243,652,925168305,1,4
157001,1920,2355015,301441920,23520,0.6645833253860474,128,157000,0.7274692058563232,1920,17,4,500000,1000,,157001.0,0.6822916865348816,0.5885604023933411,0.6645833253860474,0.5990939736366272,656,925168305,1,4
158001,1920,2370015,303361920,23520,0.6645833253860474,128,158000,0.7319114208221436,1920,17,4,500000,1000,,158001.0,0.682812511920929,0.5885583758354187,0.6666666865348816,0.5988638997077942,661,925168305,1,4
159001,1920,2385015,305281920,23520,0.6666666865348816,128,159000,0.7375154495239258,1920,17,4,500000,1000,,159001.0,0.682812511920929,0.5885583162307739,0.6666666865348816,0.5987898707389832,665,925168305,1,4
160001,1920,2400015,307201920,23520,0.6666666865348816,128,160000,0.741579532623291,1920,17,4,500000,1000,,160001.0,0.6822916865348816,0.5885541439056396,0.6645833253860474,0.5991304516792297,669,925168305,1,4
161001,1920,2415015,309121920,23520,0.6645833253860474,128,161000,0.7455565929412842,1920,17,4,500000,1000,,161001.0,0.682812511920929,0.588553786277771,0.6645833253860474,0.5991201400756836,673,925168305,1,4
162001,1920,2430015,311041920,23520,0.6645833253860474,128,162000,0.7497105598449707,1920,17,4,500000,1000,,162001.0,0.6817708611488342,0.5885478258132935,0.6645833253860474,0.5992149114608765,678,925168305,1,4
163001,1920,2445015,312961920,23520,0.6645833253860474,128,163000,0.7536096572875977,1920,17,4,500000,1000,,163001.0,0.6817708611488342,0.5885462164878845,0.6645833253860474,0.5991306304931641,682,925168305,1,4
164001,1920,2460015,314881920,23520,0.6645833253860474,128,164000,0.7583644390106201,1920,17,4,500000,1000,,164001.0,0.6822916865348816,0.5885429978370667,0.6645833253860474,0.5992203950881958,686,925168305,1,4
165001,1920,2475015,316801920,23520,0.6645833253860474,128,165000,0.7660098075866699,1920,17,4,500000,1000,,165001.0,0.6822916865348816,0.5885384678840637,0.6666666865348816,0.5990361571311951,691,925168305,1,4
166001,1920,2490015,318721920,23520,0.6666666865348816,128,166000,0.7699606418609619,1920,17,4,500000,1000,,166001.0,0.6822916865348816,0.5885378122329712,0.6645833253860474,0.5989553928375244,695,925168305,1,4
167001,1920,2505015,320641920,23520,0.6645833253860474,128,167000,0.7738368511199951,1920,17,4,500000,1000,,167001.0,0.682812511920929,0.5885392427444458,0.6645833253860474,0.5990372896194458,700,925168305,1,4
168001,1920,2520015,322561920,23520,0.6645833253860474,128,168000,0.7800920009613037,1920,17,4,500000,1000,,168001.0,0.6822916865348816,0.5885353088378906,0.6645833253860474,0.5991855263710022,705,925168305,1,4
169001,1920,2535015,324481920,23520,0.6645833253860474,128,169000,0.7842531204223633,1920,17,4,500000,1000,,169001.0,0.682812511920929,0.5885308384895325,0.6645833253860474,0.5990765690803528,714,925168305,1,4
170001,1920,2550015,326401920,23520,0.6645833253860474,128,170000,0.7883050441741943,1920,17,4,500000,1000,,170001.0,0.6838541626930237,0.588528037071228,0.6645833253860474,0.599066436290741,718,925168305,1,4
171001,1920,2565015,328321920,23520,0.6645833253860474,128,171000,0.792161226272583,1920,17,4,500000,1000,,171001.0,0.682812511920929,0.5885249376296997,0.6645833253860474,0.5989242792129517,722,925168305,1,4
172001,1920,2580015,330241920,23520,0.6645833253860474,128,172000,0.7959644794464111,1920,17,4,500000,1000,,172001.0,0.6833333373069763,0.5885240435600281,0.6666666865348816,0.5989723801612854,726,925168305,1,4
173001,1920,2595015,332161920,23520,0.6666666865348816,128,173000,0.7998204231262207,1920,17,4,500000,1000,,173001.0,0.682812511920929,0.5885236859321594,0.6645833253860474,0.5993470549583435,730,925168305,1,4
174001,1920,2610015,334081920,23520,0.6645833253860474,128,174000,0.8037841320037842,1920,17,4,500000,1000,,174001.0,0.682812511920929,0.588519275188446,0.6666666865348816,0.5992961525917053,734,925168305,1,4
175001,1920,2625015,336001920,23520,0.6666666865348816,128,175000,0.8077220916748047,1920,17,4,500000,1000,,175001.0,0.6822916865348816,0.5885165929794312,0.6645833253860474,0.5991807579994202,738,925168305,1,4
176001,1920,2640015,337921920,23520,0.6645833253860474,128,176000,0.8117339611053467,1920,17,4,500000,1000,,176001.0,0.6812499761581421,0.588515043258667,0.6625000238418579,0.5992545485496521,742,925168305,1,4
177001,1920,2655015,339841920,23520,0.6625000238418579,128,177000,0.8158791065216064,1920,17,4,500000,1000,,177001.0,0.6807291507720947,0.588512659072876,0.6625000238418579,0.5987852215766907,747,925168305,1,4
178001,1920,2670015,341761920,23520,0.6625000238418579,128,178000,0.8196661472320557,1920,17,4,500000,1000,,178001.0,0.6822916865348816,0.5885142087936401,0.6666666865348816,0.5989691615104675,751,925168305,1,4
179001,1920,2685015,343681920,23520,0.6666666865348816,128,179000,0.8235104084014893,1920,17,4,500000,1000,,179001.0,0.6817708611488342,0.5885095596313477,0.6645833253860474,0.5989018678665161,755,925168305,1,4
180001,1920,2700015,345601920,23520,0.6645833253860474,128,180000,0.8274013996124268,1920,17,4,500000,1000,,180001.0,0.6822916865348816,0.5885050892829895,0.6645833253860474,0.5988765358924866,759,925168305,1,4
181001,1920,2715015,347521920,23520,0.6645833253860474,128,181000,0.8313684463500977,1920,17,4,500000,1000,,181001.0,0.6822916865348816,0.5885045528411865,0.6645833253860474,0.598892092704773,764,925168305,1,4
182001,1920,2730015,349441920,23520,0.6645833253860474,128,182000,0.8360955715179443,1920,17,4,500000,1000,,182001.0,0.682812511920929,0.5885019302368164,0.6666666865348816,0.5990756750106812,768,925168305,1,4
183001,1920,2745015,351361920,23520,0.6666666865348816,128,183000,0.8399806022644043,1920,17,4,500000,1000,,183001.0,0.6822916865348816,0.5885025858879089,0.6666666865348816,0.5993272066116333,772,925168305,1,4
184001,1920,2760015,353281920,23520,0.6666666865348816,128,184000,0.8441967964172363,1920,17,4,500000,1000,,184001.0,0.682812511920929,0.5885011553764343,0.6666666865348816,0.5994227528572083,776,925168305,1,4
185001,1920,2775015,355201920,23520,0.6666666865348816,128,185000,0.8484921455383301,1920,17,4,500000,1000,,185001.0,0.6838541626930237,0.5884993076324463,0.6645833253860474,0.5990445017814636,780,925168305,1,4
186001,1920,2790015,357121920,23520,0.6645833253860474,128,186000,0.8524899482727051,1920,17,4,500000,1000,,186001.0,0.6822916865348816,0.5884936451911926,0.6645833253860474,0.599108874797821,784,925168305,1,4
187001,1920,2805015,359041920,23520,0.6645833253860474,128,187000,0.8573510646820068,1920,17,4,500000,1000,,187001.0,0.6822916865348816,0.5884950160980225,0.6666666865348816,0.5991711020469666,789,925168305,1,4
188001,1920,2820015,360961920,23520,0.6666666865348816,128,188000,0.8618381023406982,1920,17,4,500000,1000,,188001.0,0.6822916865348816,0.5884906649589539,0.6666666865348816,0.5990403294563293,793,925168305,1,4
189001,1920,2835015,362881920,23520,0.6666666865348816,128,189000,0.865652322769165,1920,17,4,500000,1000,,189001.0,0.682812511920929,0.5884889960289001,0.6645833253860474,0.5991542339324951,797,925168305,1,4
190001,1920,2850015,364801920,23520,0.6645833253860474,128,190000,0.870063304901123,1920,17,4,500000,1000,,190001.0,0.682812511920929,0.5884905457496643,0.6666666865348816,0.5993270874023438,801,925168305,1,4
191001,1920,2865015,366721920,23520,0.6666666865348816,128,191000,0.8738892078399658,1920,17,4,500000,1000,,191001.0,0.682812511920929,0.5884849429130554,0.6645833253860474,0.5990456938743591,805,925168305,1,4
192001,1920,2880015,368641920,23520,0.6645833253860474,128,192000,0.8788390159606934,1920,17,4,500000,1000,,192001.0,0.682812511920929,0.5884862542152405,0.6645833253860474,0.5991067290306091,809,925168305,1,4
193001,1920,2895015,370561920,23520,0.6645833253860474,128,193000,0.882702112197876,1920,17,4,500000,1000,,193001.0,0.682812511920929,0.5884801149368286,0.6645833253860474,0.5990425944328308,814,925168305,1,4
194001,1920,2910015,372481920,23520,0.6645833253860474,128,194000,0.8866522312164307,1920,17,4,500000,1000,,194001.0,0.682812511920929,0.5884815454483032,0.6645833253860474,0.5992974638938904,818,925168305,1,4
195001,1920,2925015,374401920,23520,0.6645833253860474,128,195000,0.8908653259277344,1920,17,4,500000,1000,,195001.0,0.6833333373069763,0.588478684425354,0.6666666865348816,0.5992496609687805,822,925168305,1,4
196001,1920,2940015,376321920,23520,0.6666666865348816,128,196000,0.8947587013244629,1920,17,4,500000,1000,,196001.0,0.6822916865348816,0.5884791612625122,0.6645833253860474,0.5990726947784424,827,925168305,1,4
197001,1920,2955015,378241920,23520,0.6645833253860474,128,197000,0.8989017009735107,1920,17,4,500000,1000,,197001.0,0.682812511920929,0.5884724259376526,0.6645833253860474,0.5990086793899536,831,925168305,1,4
198001,1920,2970015,380161920,23520,0.6645833253860474,128,198000,0.9030547142028809,1920,17,4,500000,1000,,198001.0,0.6817708611488342,0.588476300239563,0.6645833253860474,0.5988919734954834,835,925168305,1,4
199001,1920,2985015,382081920,23520,0.6645833253860474,128,199000,0.9074184894561768,1920,17,4,500000,1000,,199001.0,0.6812499761581421,0.5884750485420227,0.6645833253860474,0.5991332530975342,839,925168305,1,4
200001,1920,3000015,384001920,23520,0.6645833253860474,128,200000,0.9112086296081543,1920,17,4,500000,1000,,200001.0,0.6822916865348816,0.5884718298912048,0.6645833253860474,0.5992332696914673,843,925168305,1,4
201001,1920,3015015,385921920,23520,0.6645833253860474,128,201000,0.9150974750518799,1920,17,4,500000,1000,,201001.0,0.6817708611488342,0.58847576379776,0.6645833253860474,0.5993544459342957,847,925168305,1,4
202001,1920,3030015,387841920,23520,0.6645833253860474,128,202000,0.9190282821655273,1920,17,4,500000,1000,,202001.0,0.6822916865348816,0.58846515417099,0.6645833253860474,0.5993092060089111,851,925168305,1,4
203001,1920,3045015,389761920,23520,0.6645833253860474,128,203000,0.9228203296661377,1920,17,4,500000,1000,,203001.0,0.6822916865348816,0.5884654521942139,0.6645833253860474,0.599163293838501,855,925168305,1,4
204001,1920,3060015,391681920,23520,0.6645833253860474,128,204000,0.9266493320465088,1920,17,4,500000,1000,,204001.0,0.6817708611488342,0.5884618163108826,0.6645833253860474,0.5989882349967957,859,925168305,1,4
205001,1920,3075015,393601920,23520,0.6645833253860474,128,205000,0.9311943054199219,1920,17,4,500000,1000,,205001.0,0.6822916865348816,0.5884628891944885,0.6645833253860474,0.5989939570426941,863,925168305,1,4
206001,1920,3090015,395521920,23520,0.6645833253860474,128,206000,0.9351511001586914,1920,17,4,500000,1000,,206001.0,0.6822916865348816,0.5884610414505005,0.6645833253860474,0.598968505859375,867,925168305,1,4
207001,1920,3105015,397441920,23520,0.6645833253860474,128,207000,0.9391510486602783,1920,17,4,500000,1000,,207001.0,0.682812511920929,0.5884580612182617,0.6645833253860474,0.5991730093955994,871,925168305,1,4
208001,1920,3120015,399361920,23520,0.6645833253860474,128,208000,0.9431700706481934,1920,17,4,500000,1000,,208001.0,0.6822916865348816,0.5884546637535095,0.6645833253860474,0.599059522151947,875,925168305,1,4
209001,1920,3135015,401281920,23520,0.6645833253860474,128,209000,0.9469859600067139,1920,17,4,500000,1000,,209001.0,0.682812511920929,0.5884522795677185,0.6645833253860474,0.5989741683006287,879,925168305,1,4
210001,1920,3150015,403201920,23520,0.6645833253860474,128,210000,0.9507730007171631,1920,17,4,500000,1000,,210001.0,0.6822916865348816,0.5884514451026917,0.6645833253860474,0.5989223718643188,883,925168305,1,4
211001,1920,3165015,405121920,23520,0.6645833253860474,128,211000,0.95469069480896,1920,17,4,500000,1000,,211001.0,0.6822916865348816,0.5884496569633484,0.6645833253860474,0.5989344120025635,887,925168305,1,4
212001,1920,3180015,407041920,23520,0.6645833253860474,128,212000,0.9587798118591309,1920,17,4,500000,1000,,212001.0,0.6822916865348816,0.5884507298469543,0.6645833253860474,0.5990831851959229,891,925168305,1,4
213001,1920,3195015,408961920,23520,0.6645833253860474,128,213000,0.9625627994537354,1920,17,4,500000,1000,,213001.0,0.6833333373069763,0.588449239730835,0.6666666865348816,0.5989154577255249,895,925168305,1,4
214001,1920,3210015,410881920,23520,0.6666666865348816,128,214000,0.9664394855499268,1920,17,4,500000,1000,,214001.0,0.6822916865348816,0.5884461998939514,0.6645833253860474,0.5991785526275635,900,925168305,1,4
215001,1920,3225015,412801920,23520,0.6645833253860474,128,215000,0.9707393646240234,1920,17,4,500000,1000,,215001.0,0.6822916865348816,0.5884440541267395,0.6645833253860474,0.5991029143333435,904,925168305,1,4
216001,1920,3240015,414721920,23520,0.6645833253860474,128,216000,0.9749560356140137,1920,17,4,500000,1000,,216001.0,0.6822916865348816,0.5884411334991455,0.6645833253860474,0.5992032289505005,908,925168305,1,4
217001,1920,3255015,416641920,23520,0.6645833253860474,128,217000,0.9787571430206299,1920,17,4,500000,1000,,217001.0,0.6822916865348816,0.5884369611740112,0.6645833253860474,0.5990378260612488,912,925168305,1,4
218001,1920,3270015,418561920,23520,0.6645833253860474,128,218000,0.9825558662414551,1920,17,4,500000,1000,,218001.0,0.6822916865348816,0.5884398818016052,0.6645833253860474,0.599076509475708,915,925168305,1,4
219001,1920,3285015,420481920,23520,0.6645833253860474,128,219000,0.9872829914093018,1920,17,4,500000,1000,,219001.0,0.6833333373069763,0.5884370803833008,0.6645833253860474,0.5994192361831665,920,925168305,1,4
220001,1920,3300015,422401920,23520,0.6645833253860474,128,220000,0.9910581111907959,1920,17,4,500000,1000,,220001.0,0.6822916865348816,0.5884360074996948,0.6645833253860474,0.5991771817207336,923,925168305,1,4
221001,1920,3315015,424321920,23520,0.6645833253860474,128,221000,0.9949064254760742,1920,17,4,500000,1000,,221001.0,0.6822916865348816,0.5884342193603516,0.6645833253860474,0.5990777611732483,927,925168305,1,4
222001,1920,3330015,426241920,23520,0.6645833253860474,128,222000,0.9986972808837891,1920,17,4,500000,1000,,222001.0,0.6817708611488342,0.5884329676628113,0.6645833253860474,0.5990257263183594,931,925168305,1,4
223001,1920,3345015,428161920,23520,0.6645833253860474,128,223000,1.0027213096618652,1920,17,4,500000,1000,,223001.0,0.6822916865348816,0.5884321928024292,0.6645833253860474,0.5991849899291992,935,925168305,1,4
224001,1920,3360015,430081920,23520,0.6645833253860474,128,224000,1.0064711570739746,1920,17,4,500000,1000,,224001.0,0.682812511920929,0.5884298086166382,0.6645833253860474,0.5992140173912048,939,925168305,1,4
225001,1920,3375015,432001920,23520,0.6645833253860474,128,225000,1.01033616065979,1920,17,4,500000,1000,,225001.0,0.682812511920929,0.5884273052215576,0.6645833253860474,0.5990514159202576,943,925168305,1,4
226001,1920,3390015,433921920,23520,0.6645833253860474,128,226000,1.014188289642334,1920,17,4,500000,1000,,226001.0,0.6822916865348816,0.5884281992912292,0.6645833253860474,0.5989999771118164,947,925168305,1,4
227001,1920,3405015,435841920,23520,0.6645833253860474,128,227000,1.0180182456970215,1920,17,4,500000,1000,,227001.0,0.682812511920929,0.5884272456169128,0.6645833253860474,0.5991525650024414,951,925168305,1,4
228001,1920,3420015,437761920,23520,0.6645833253860474,128,228000,1.0218031406402588,1920,17,4,500000,1000,,228001.0,0.6822916865348816,0.588424563407898,0.6645833253860474,0.5989232659339905,955,925168305,1,4
229001,1920,3435015,439681920,23520,0.6645833253860474,128,229000,1.025705099105835,1920,17,4,500000,1000,,229001.0,0.682812511920929,0.5884245038032532,0.6645833253860474,0.5990175008773804,959,925168305,1,4
230001,1920,3450015,441601920,23520,0.6645833253860474,128,230000,1.0294678211212158,1920,17,4,500000,1000,,230001.0,0.682812511920929,0.5884203314781189,0.6645833253860474,0.5988156795501709,963,925168305,1,4
231001,1920,3465015,443521920,23520,0.6645833253860474,128,231000,1.0337448120117188,1920,17,4,500000,1000,,231001.0,0.682812511920929,0.5884183049201965,0.6645833253860474,0.5990698337554932,967,925168305,1,4
232001,1920,3480015,445441920,23520,0.6645833253860474,128,232000,1.0375888347625732,1920,17,4,500000,1000,,232001.0,0.682812511920929,0.5884195566177368,0.6666666865348816,0.5991690158843994,970,925168305,1,4
233001,1920,3495015,447361920,23520,0.6666666865348816,128,233000,1.0413548946380615,1920,17,4,500000,1000,,233001.0,0.682812511920929,0.5884166955947876,0.6645833253860474,0.5991596579551697,974,925168305,1,4
234001,1920,3510015,449281920,23520,0.6645833253860474,128,234000,1.0452451705932617,1920,17,4,500000,1000,,234001.0,0.6833333373069763,0.5884159803390503,0.6666666865348816,0.5989199876785278,978,925168305,1,4
235001,1920,3525015,451201920,23520,0.6666666865348816,128,235000,1.0490179061889648,1920,17,4,500000,1000,,235001.0,0.6833333373069763,0.5884115099906921,0.6645833253860474,0.5991219282150269,982,925168305,1,4
236001,1920,3540015,453121920,23520,0.6645833253860474,128,236000,1.0528769493103027,1920,17,4,500000,1000,,236001.0,0.682812511920929,0.5884128212928772,0.6645833253860474,0.5991619229316711,986,925168305,1,4
237001,1920,3555015,455041920,23520,0.6645833253860474,128,237000,1.057121992111206,1920,17,4,500000,1000,,237001.0,0.6822916865348816,0.5884142518043518,0.6645833253860474,0.5992885828018188,990,925168305,1,4
238001,1920,3570015,456961920,23520,0.6645833253860474,128,238000,1.0608911514282227,1920,17,4,500000,1000,,238001.0,0.6833333373069763,0.5884091854095459,0.6645833253860474,0.599250078201294,994,925168305,1,4
239001,1920,3585015,458881920,23520,0.6645833253860474,128,239000,1.0648024082183838,1920,17,4,500000,1000,,239001.0,0.682812511920929,0.5884069800376892,0.6666666865348816,0.5993555784225464,998,925168305,1,4
240001,1920,3600015,460801920,23520,0.6666666865348816,128,240000,1.0686752796173096,1920,17,4,500000,1000,,240001.0,0.6833333373069763,0.5884040594100952,0.6645833253860474,0.599299430847168,1002,925168305,1,4
241001,1920,3615015,462721920,23520,0.6645833253860474,128,241000,1.0724492073059082,1920,17,4,500000,1000,,241001.0,0.682812511920929,0.5883997082710266,0.6645833253860474,0.5992326140403748,1006,925168305,1,4
242001,1920,3630015,464641920,23520,0.6645833253860474,128,242000,1.0764942169189453,1920,17,4,500000,1000,,242001.0,0.6833333373069763,0.5884023904800415,0.6645833253860474,0.5991350412368774,1010,925168305,1,4
243001,1920,3645015,466561920,23520,0.6645833253860474,128,243000,1.0804369449615479,1920,17,4,500000,1000,,243001.0,0.6833333373069763,0.5883997678756714,0.6645833253860474,0.5990740656852722,1014,925168305,1,4
244001,1920,3660015,468481920,23520,0.6645833253860474,128,244000,1.084486961364746,1920,17,4,500000,1000,,244001.0,0.6833333373069763,0.5884011387825012,0.6645833253860474,0.5992449522018433,1018,925168305,1,4
245001,1920,3675015,470401920,23520,0.6645833253860474,128,245000,1.0883426666259766,1920,17,4,500000,1000,,245001.0,0.684374988079071,0.5883972644805908,0.6645833253860474,0.5989511013031006,1022,925168305,1,4
246001,1920,3690015,472321920,23520,0.6645833253860474,128,246000,1.0922446250915527,1920,17,4,500000,1000,,246001.0,0.6822916865348816,0.5883998274803162,0.6645833253860474,0.5988928079605103,1026,925168305,1,4
247001,1920,3705015,474241920,23520,0.6645833253860474,128,247000,1.0963108539581299,1920,17,4,500000,1000,,247001.0,0.682812511920929,0.5883980393409729,0.6645833253860474,0.599017858505249,1030,925168305,1,4
248001,1920,3720015,476161920,23520,0.6645833253860474,128,248000,1.1005878448486328,1920,17,4,500000,1000,,248001.0,0.682812511920929,0.5883976817131042,0.6645833253860474,0.5988721251487732,1034,925168305,1,4
249001,1920,3735015,478081920,23520,0.6645833253860474,128,249000,1.104720115661621,1920,17,4,500000,1000,,249001.0,0.6833333373069763,0.5883927941322327,0.6645833253860474,0.5991705060005188,1039,925168305,1,4
250001,1920,3750015,480001920,23520,0.6645833253860474,128,250000,1.1088111400604248,1920,17,4,500000,1000,,250001.0,0.6822916865348816,0.5883926153182983,0.6645833253860474,0.599155068397522,1043,925168305,1,4
251001,1920,3765015,481921920,23520,0.6645833253860474,128,251000,1.1128852367401123,1920,17,4,500000,1000,,251001.0,0.6822916865348816,0.5883917212486267,0.6645833253860474,0.5992799401283264,1047,925168305,1,4
252001,1920,3780015,483841920,23520,0.6645833253860474,128,252000,1.11690354347229,1920,17,4,500000,1000,,252001.0,0.682812511920929,0.5883915424346924,0.6666666865348816,0.5994512438774109,1051,925168305,1,4
253001,1920,3795015,485761920,23520,0.6666666865348816,128,253000,1.1208724975585938,1920,17,4,500000,1000,,253001.0,0.682812511920929,0.5883924961090088,0.6645833253860474,0.5994563698768616,1056,925168305,1,4
254001,1920,3810015,487681920,23520,0.6645833253860474,128,254000,1.124645471572876,1920,17,4,500000,1000,,254001.0,0.682812511920929,0.5883936285972595,0.6645833253860474,0.5990846753120422,1060,925168305,1,4
255001,1920,3825015,489601920,23520,0.6645833253860474,128,255000,1.1286685466766357,1920,17,4,500000,1000,,255001.0,0.682812511920929,0.5883887410163879,0.6666666865348816,0.5990962386131287,1064,925168305,1,4
256001,1920,3840015,491521920,23520,0.6666666865348816,128,256000,1.132476568222046,1920,17,4,500000,1000,,256001.0,0.6833333373069763,0.5883851647377014,0.6666666865348816,0.5989275574684143,1068,925168305,1,4
257001,1920,3855015,493441920,23520,0.6666666865348816,128,257000,1.1362924575805664,1920,17,4,500000,1000,,257001.0,0.682812511920929,0.5883828401565552,0.6666666865348816,0.5989706516265869,1072,925168305,1,4
258001,1920,3870015,495361920,23520,0.6666666865348816,128,258000,1.1401026248931885,1920,17,4,500000,1000,,258001.0,0.6822916865348816,0.5883827209472656,0.6645833253860474,0.5993095636367798,1075,925168305,1,4
259001,1920,3885015,497281920,23520,0.6645833253860474,128,259000,1.1438825130462646,1920,17,4,500000,1000,,259001.0,0.682812511920929,0.588380753993988,0.6645833253860474,0.599158525466919,1079,925168305,1,4
260001,1920,3900015,499201920,23520,0.6645833253860474,128,260000,1.1477856636047363,1920,17,4,500000,1000,,260001.0,0.6812499761581421,0.5883837938308716,0.6645833253860474,0.5989410281181335,1083,925168305,1,4
261001,1920,3915015,501121920,23520,0.6645833253860474,128,261000,1.1524367332458496,1920,17,4,500000,1000,,261001.0,0.682812511920929,0.5883801579475403,0.6645833253860474,0.599120020866394,1088,925168305,1,4
262001,1920,3930015,503041920,23520,0.6645833253860474,128,262000,1.1564579010009766,1920,17,4,500000,1000,,262001.0,0.6833333373069763,0.5883781313896179,0.6666666865348816,0.5990517735481262,1092,925168305,1,4
263001,1920,3945015,504961920,23520,0.6666666865348816,128,263000,1.1602849960327148,1920,17,4,500000,1000,,263001.0,0.682812511920929,0.5883802175521851,0.6645833253860474,0.5990798473358154,1096,925168305,1,4
264001,1920,3960015,506881920,23520,0.6645833253860474,128,264000,1.1640939712524414,1920,17,4,500000,1000,,264001.0,0.682812511920929,0.5883809328079224,0.6645833253860474,0.5989211797714233,1100,925168305,1,4
265001,1920,3975015,508801920,23520,0.6645833253860474,128,265000,1.1680400371551514,1920,17,4,500000,1000,,265001.0,0.682812511920929,0.5883805155754089,0.6666666865348816,0.5991818308830261,1103,925168305,1,4
266001,1920,3990015,510721920,23520,0.6666666865348816,128,266000,1.1724882125854492,1920,17,4,500000,1000,,266001.0,0.682812511920929,0.5883739590644836,0.6666666865348816,0.5990466475486755,1107,925168305,1,4
267001,1920,4005015,512641920,23520,0.6666666865348816,128,267000,1.1765711307525635,1920,17,4,500000,1000,,267001.0,0.682812511920929,0.588371217250824,0.6666666865348816,0.5988335013389587,1111,925168305,1,4
268001,1920,4020015,514561920,23520,0.6666666865348816,128,268000,1.1803882122039795,1920,17,4,500000,1000,,268001.0,0.682812511920929,0.588371217250824,0.6666666865348816,0.5990469455718994,1115,925168305,1,4
269001,1920,4035015,516481920,23520,0.6666666865348816,128,269000,1.1847870349884033,1920,17,4,500000,1000,,269001.0,0.682812511920929,0.5883739590644836,0.6666666865348816,0.599145770072937,1119,925168305,1,4
270001,1920,4050015,518401920,23520,0.6666666865348816,128,270000,1.1886889934539795,1920,17,4,500000,1000,,270001.0,0.6838541626930237,0.5883702635765076,0.6645833253860474,0.59892737865448,1123,925168305,1,4
271001,1920,4065015,520321920,23520,0.6645833253860474,128,271000,1.1930208206176758,1920,17,4,500000,1000,,271001.0,0.682812511920929,0.5883699655532837,0.6645833253860474,0.5990418195724487,1127,925168305,1,4
272001,1920,4080015,522241920,23520,0.6645833253860474,128,272000,1.196833848953247,1920,17,4,500000,1000,,272001.0,0.6833333373069763,0.5883687734603882,0.6645833253860474,0.5990678668022156,1131,925168305,1,4
273001,1920,4095015,524161920,23520,0.6645833253860474,128,273000,1.2006471157073975,1920,17,4,500000,1000,,273001.0,0.682812511920929,0.588366687297821,0.6645833253860474,0.5991818904876709,1135,925168305,1,4
274001,1920,4110015,526081920,23520,0.6645833253860474,128,274000,1.2044711112976074,1920,17,4,500000,1000,,274001.0,0.6838541626930237,0.5883652567863464,0.6645833253860474,0.5991680026054382,1139,925168305,1,4
275001,1920,4125015,528001920,23520,0.6645833253860474,128,275000,1.2083241939544678,1920,17,4,500000,1000,,275001.0,0.682812511920929,0.5883640646934509,0.6666666865348816,0.5991310477256775,1143,925168305,1,4
276001,1920,4140015,529921920,23520,0.6666666865348816,128,276000,1.2123310565948486,1920,17,4,500000,1000,,276001.0,0.6833333373069763,0.5883621573448181,0.6666666865348816,0.5991714596748352,1147,925168305,1,4
277001,1920,4155015,531841920,23520,0.6666666865348816,128,277000,1.2161071300506592,1920,17,4,500000,1000,,277001.0,0.6833333373069763,0.5883587598800659,0.6645833253860474,0.5990516543388367,1151,925168305,1,4
278001,1920,4170015,533761920,23520,0.6645833253860474,128,278000,1.2206342220306396,1920,17,4,500000,1000,,278001.0,0.6822916865348816,0.5883595943450928,0.6666666865348816,0.5990651249885559,1155,925168305,1,4
279001,1920,4185015,535681920,23520,0.6666666865348816,128,279000,1.2246203422546387,1920,17,4,500000,1000,,279001.0,0.682812511920929,0.5883588790893555,0.6666666865348816,0.5989334583282471,1159,925168305,1,4
280001,1920,4200015,537601920,23520,0.6666666865348816,128,280000,1.2285022735595703,1920,17,4,500000,1000,,280001.0,0.682812511920929,0.588360071182251,0.6666666865348816,0.5990666747093201,1163,925168305,1,4
281001,1920,4215015,539521920,23520,0.6666666865348816,128,281000,1.232358455657959,1920,17,4,500000,1000,,281001.0,0.682812511920929,0.5883573293685913,0.6645833253860474,0.5992546677589417,1167,925168305,1,4
282001,1920,4230015,541441920,23520,0.6645833253860474,128,282000,1.2361254692077637,1920,17,4,500000,1000,,282001.0,0.6838541626930237,0.5883591175079346,0.6645833253860474,0.5991104245185852,1170,925168305,1,4
283001,1920,4245015,543361920,23520,0.6645833253860474,128,283000,1.2399303913116455,1920,17,4,500000,1000,,283001.0,0.6833333373069763,0.5883556008338928,0.6666666865348816,0.5993543863296509,1174,925168305,1,4
284001,1920,4260015,545281920,23520,0.6666666865348816,128,284000,1.2437005043029785,1920,17,4,500000,1000,,284001.0,0.682812511920929,0.5883552432060242,0.6666666865348816,0.5992084741592407,1178,925168305,1,4
285001,1920,4275015,547201920,23520,0.6666666865348816,128,285000,1.2474713325500488,1920,17,4,500000,1000,,285001.0,0.6838541626930237,0.5883527398109436,0.6645833253860474,0.598993182182312,1182,925168305,1,4
286001,1920,4290015,549121920,23520,0.6645833253860474,128,286000,1.2512304782867432,1920,17,4,500000,1000,,286001.0,0.6833333373069763,0.5883538126945496,0.6645833253860474,0.5992021560668945,1186,925168305,1,4
287001,1920,4305015,551041920,23520,0.6645833253860474,128,287000,1.2550175189971924,1920,17,4,500000,1000,,287001.0,0.682812511920929,0.5883520245552063,0.6645833253860474,0.5991844534873962,1190,925168305,1,4
288001,1920,4320015,552961920,23520,0.6645833253860474,128,288000,1.2587635517120361,1920,17,4,500000,1000,,288001.0,0.6833333373069763,0.5883499979972839,0.6645833253860474,0.5992525815963745,1194,925168305,1,4
289001,1920,4335015,554881920,23520,0.6645833253860474,128,289000,1.2624998092651367,1920,17,4,500000,1000,,289001.0,0.682812511920929,0.5883477926254272,0.6645833253860474,0.5993049740791321,1197,925168305,1,4
290001,1920,4350015,556801920,23520,0.6645833253860474,128,290000,1.2664308547973633,1920,17,4,500000,1000,,290001.0,0.682812511920929,0.5883475542068481,0.6666666865348816,0.5993176102638245,1201,925168305,1,4
291001,1920,4365015,558721920,23520,0.6666666865348816,128,291000,1.2702078819274902,1920,17,4,500000,1000,,291001.0,0.6822916865348816,0.588346540927887,0.6666666865348816,0.5991275310516357,1205,925168305,1,4
292001,1920,4380015,560641920,23520,0.6666666865348816,128,292000,1.2740089893341064,1920,17,4,500000,1000,,292001.0,0.682812511920929,0.5883448719978333,0.6645833253860474,0.5989133715629578,1209,925168305,1,4
293001,1920,4395015,562561920,23520,0.6645833253860474,128,293000,1.2780897617340088,1920,17,4,500000,1000,,293001.0,0.6833333373069763,0.588341474533081,0.6645833253860474,0.5989074110984802,1213,925168305,1,4
294001,1920,4410015,564481920,23520,0.6645833253860474,128,294000,1.2827908992767334,1920,17,4,500000,1000,,294001.0,0.682812511920929,0.5883424878120422,0.6645833253860474,0.5990110039710999,1217,925168305,1,4
295001,1920,4425015,566401920,23520,0.6645833253860474,128,295000,1.2865769863128662,1920,17,4,500000,1000,,295001.0,0.682812511920929,0.5883414149284363,0.6645833253860474,0.5992287993431091,1221,925168305,1,4
296001,1920,4440015,568321920,23520,0.6645833253860474,128,296000,1.2903721332550049,1920,17,4,500000,1000,,296001.0,0.682812511920929,0.5883446931838989,0.6645833253860474,0.5993642210960388,1225,925168305,1,4
297001,1920,4455015,570241920,23520,0.6645833253860474,128,297000,1.2941441535949707,1920,17,4,500000,1000,,297001.0,0.682812511920929,0.5883429050445557,0.6645833253860474,0.5994265675544739,1229,925168305,1,4
298001,1920,4470015,572161920,23520,0.6645833253860474,128,298000,1.298079013824463,1920,17,4,500000,1000,,298001.0,0.682812511920929,0.5883401036262512,0.6645833253860474,0.5990388989448547,1233,925168305,1,4
299001,1920,4485015,574081920,23520,0.6645833253860474,128,299000,1.3023529052734375,1920,17,4,500000,1000,,299001.0,0.682812511920929,0.5883385539054871,0.6645833253860474,0.5990406274795532,1237,925168305,1,4
300001,1920,4500015,576001920,23520,0.6645833253860474,128,300000,1.3066177368164062,1920,17,4,500000,1000,,300001.0,0.682812511920929,0.5883393883705139,0.6645833253860474,0.5990420579910278,1241,925168305,1,4
301001,1920,4515015,577921920,23520,0.6645833253860474,128,301000,1.3103995323181152,1920,17,4,500000,1000,,301001.0,0.6822916865348816,0.5883380174636841,0.6666666865348816,0.5990268588066101,1245,925168305,1,4
302001,1920,4530015,579841920,23520,0.6666666865348816,128,302000,1.3141725063323975,1920,17,4,500000,1000,,302001.0,0.6833333373069763,0.5883362293243408,0.6666666865348816,0.5988682508468628,1249,925168305,1,4
303001,1920,4545015,581761920,23520,0.6666666865348816,128,303000,1.318685531616211,1920,17,4,500000,1000,,303001.0,0.6822916865348816,0.5883367657661438,0.6645833253860474,0.5990986227989197,1253,925168305,1,4
304001,1920,4560015,583681920,23520,0.6645833253860474,128,304000,1.3225624561309814,1920,17,4,500000,1000,,304001.0,0.6817708611488342,0.5883359909057617,0.6666666865348816,0.5989916324615479,1257,925168305,1,4
305001,1920,4575015,585601920,23520,0.6666666865348816,128,305000,1.3264355659484863,1920,17,4,500000,1000,,305001.0,0.682812511920929,0.5883366465568542,0.6645833253860474,0.5990533232688904,1261,925168305,1,4
306001,1920,4590015,587521920,23520,0.6645833253860474,128,306000,1.3301997184753418,1920,17,4,500000,1000,,306001.0,0.684374988079071,0.5883324146270752,0.6666666865348816,0.5990898609161377,1265,925168305,1,4
307001,1920,4605015,589441920,23520,0.6666666865348816,128,307000,1.3339729309082031,1920,17,4,500000,1000,,307001.0,0.682812511920929,0.588333010673523,0.6666666865348816,0.5992008447647095,1269,925168305,1,4
308001,1920,4620015,591361920,23520,0.6666666865348816,128,308000,1.3378260135650635,1920,17,4,500000,1000,,308001.0,0.684374988079071,0.5883354544639587,0.6645833253860474,0.5992751717567444,1272,925168305,1,4
309001,1920,4635015,593281920,23520,0.6645833253860474,128,309000,1.3415932655334473,1920,17,4,500000,1000,,309001.0,0.684374988079071,0.5883327126502991,0.6645833253860474,0.5990642309188843,1276,925168305,1,4
310001,1920,4650015,595201920,23520,0.6645833253860474,128,310000,1.3453924655914307,1920,17,4,500000,1000,,310001.0,0.6833333373069763,0.5883308053016663,0.6645833253860474,0.5989671349525452,1280,925168305,1,4
311001,1920,4665015,597121920,23520,0.6645833253860474,128,311000,1.3491737842559814,1920,17,4,500000,1000,,311001.0,0.682812511920929,0.588330864906311,0.6645833253860474,0.5990965962409973,1284,925168305,1,4
312001,1920,4680015,599041920,23520,0.6645833253860474,128,312000,1.3532750606536865,1920,17,4,500000,1000,,312001.0,0.682812511920929,0.5883290767669678,0.6666666865348816,0.5990636944770813,1288,925168305,1,4
313001,1920,4695015,600961920,23520,0.6666666865348816,128,313000,1.3573029041290283,1920,17,4,500000,1000,,313001.0,0.682812511920929,0.5883291959762573,0.6645833253860474,0.5990878343582153,1292,925168305,1,4
314001,1920,4710015,602881920,23520,0.6645833253860474,128,314000,1.3611958026885986,1920,17,4,500000,1000,,314001.0,0.682812511920929,0.5883237719535828,0.6645833253860474,0.5989714860916138,1296,925168305,1,4
315001,1920,4725015,604801920,23520,0.6645833253860474,128,315000,1.3650729656219482,1920,17,4,500000,1000,,315001.0,0.682812511920929,0.5883270502090454,0.6645833253860474,0.5993267297744751,1300,925168305,1,4
316001,1920,4740015,606721920,23520,0.6645833253860474,128,316000,1.3689029216766357,1920,17,4,500000,1000,,316001.0,0.682812511920929,0.588322639465332,0.6645833253860474,0.5991680026054382,1304,925168305,1,4
317001,1920,4755015,608641920,23520,0.6645833253860474,128,317000,1.3729727268218994,1920,17,4,500000,1000,,317001.0,0.682812511920929,0.5883215665817261,0.6645833253860474,0.5992065668106079,1308,925168305,1,4
318001,1920,4770015,610561920,23520,0.6645833253860474,128,318000,1.3767917156219482,1920,17,4,500000,1000,,318001.0,0.6833333373069763,0.5883197784423828,0.6645833253860474,0.5989677906036377,1312,925168305,1,4
319001,1920,4785015,612481920,23520,0.6645833253860474,128,319000,1.3806037902832031,1920,17,4,500000,1000,,319001.0,0.6848958134651184,0.5883190035820007,0.6645833253860474,0.5990862250328064,1316,925168305,1,4
320001,1920,4800015,614401920,23520,0.6645833253860474,128,320000,1.3844609260559082,1920,17,4,500000,1000,,320001.0,0.684374988079071,0.5883186459541321,0.6645833253860474,0.5992116928100586,1319,925168305,1,4
321001,1920,4815015,616321920,23520,0.6645833253860474,128,321000,1.3881981372833252,1920,17,4,500000,1000,,321001.0,0.6838541626930237,0.588321328163147,0.6645833253860474,0.598974347114563,1323,925168305,1,4
322001,1920,4830015,618241920,23520,0.6645833253860474,128,322000,1.3919341564178467,1920,17,4,500000,1000,,322001.0,0.6848958134651184,0.5883191227912903,0.6645833253860474,0.5991172194480896,1327,925168305,1,4
323001,1920,4845015,620161920,23520,0.6645833253860474,128,323000,1.395808219909668,1920,17,4,500000,1000,,323001.0,0.684374988079071,0.58831787109375,0.6645833253860474,0.5989550948143005,1331,925168305,1,4
324001,1920,4860015,622081920,23520,0.6645833253860474,128,324000,1.3996245861053467,1920,17,4,500000,1000,,324001.0,0.6848958134651184,0.5883162617683411,0.6666666865348816,0.5990641117095947,1335,925168305,1,4
325001,1920,4875015,624001920,23520,0.6666666865348816,128,325000,1.4034185409545898,1920,17,4,500000,1000,,325001.0,0.682812511920929,0.5883172750473022,0.6666666865348816,0.5990755558013916,1339,925168305,1,4
326001,1920,4890015,625921920,23520,0.6666666865348816,128,326000,1.4072296619415283,1920,17,4,500000,1000,,326001.0,0.684374988079071,0.5883156061172485,0.6666666865348816,0.5989295840263367,1343,925168305,1,4
327001,1920,4905015,627841920,23520,0.6666666865348816,128,327000,1.4109678268432617,1920,17,4,500000,1000,,327001.0,0.684374988079071,0.5883153080940247,0.6666666865348816,0.5991172194480896,1347,925168305,1,4
328001,1920,4920015,629761920,23520,0.6666666865348816,128,328000,1.4151678085327148,1920,17,4,500000,1000,,328001.0,0.684374988079071,0.5883132815361023,0.6666666865348816,0.5992335081100464,1351,925168305,1,4
329001,1920,4935015,631681920,23520,0.6666666865348816,128,329000,1.4189198017120361,1920,17,4,500000,1000,,329001.0,0.682812511920929,0.5883119702339172,0.6666666865348816,0.5991392731666565,1354,925168305,1,4
330001,1920,4950015,633601920,23520,0.6666666865348816,128,330000,1.4229328632354736,1920,17,4,500000,1000,,330001.0,0.682812511920929,0.5883137583732605,0.6666666865348816,0.5989546179771423,1358,925168305,1,4
331001,1920,4965015,635521920,23520,0.6666666865348816,128,331000,1.4267239570617676,1920,17,4,500000,1000,,331001.0,0.6833333373069763,0.588310956954956,0.6645833253860474,0.5990055203437805,1362,925168305,1,4
332001,1920,4980015,637441920,23520,0.6645833253860474,128,332000,1.43052077293396,1920,17,4,500000,1000,,332001.0,0.6833333373069763,0.5883112549781799,0.6645833253860474,0.5992220044136047,1366,925168305,1,4
333001,1920,4995015,639361920,23520,0.6645833253860474,128,333000,1.4343318939208984,1920,17,4,500000,1000,,333001.0,0.6833333373069763,0.588312566280365,0.6645833253860474,0.5993241667747498,1370,925168305,1,4
334001,1920,5010015,641281920,23520,0.6645833253860474,128,334000,1.4384379386901855,1920,17,4,500000,1000,,334001.0,0.6822916865348816,0.5883119106292725,0.6645833253860474,0.5991957783699036,1374,925168305,1,4
335001,1920,5025015,643201920,23520,0.6645833253860474,128,335000,1.4423270225524902,1920,17,4,500000,1000,,335001.0,0.6822916865348816,0.5883073806762695,0.6645833253860474,0.5990492701530457,1378,925168305,1,4
336001,1920,5040015,645121920,23520,0.6645833253860474,128,336000,1.4463319778442383,1920,17,4,500000,1000,,336001.0,0.6822916865348816,0.5883108377456665,0.6645833253860474,0.5991424322128296,1382,925168305,1,4
337001,1920,5055015,647041920,23520,0.6645833253860474,128,337000,1.4501252174377441,1920,17,4,500000,1000,,337001.0,0.6833333373069763,0.5883080363273621,0.6645833253860474,0.5991361141204834,1386,925168305,1,4
338001,1920,5070015,648961920,23520,0.6645833253860474,128,338000,1.4546990394592285,1920,17,4,500000,1000,,338001.0,0.682812511920929,0.5883063077926636,0.6645833253860474,0.5990249514579773,1390,925168305,1,4
339001,1920,5085015,650881920,23520,0.6645833253860474,128,339000,1.458683967590332,1920,17,4,500000,1000,,339001.0,0.682812511920929,0.5883067846298218,0.6645833253860474,0.5991756916046143,1394,925168305,1,4
340001,1920,5100015,652801920,23520,0.6645833253860474,128,340000,1.4626436233520508,1920,17,4,500000,1000,,340001.0,0.6822916865348816,0.588307797908783,0.6645833253860474,0.598980188369751,1398,925168305,1,4
341001,1920,5115015,654721920,23520,0.6645833253860474,128,341000,1.4663867950439453,1920,17,4,500000,1000,,341001.0,0.682812511920929,0.5883036255836487,0.6645833253860474,0.5992061495780945,1402,925168305,1,4
342001,1920,5130015,656641920,23520,0.6645833253860474,128,342000,1.4701809883117676,1920,17,4,500000,1000,,342001.0,0.684374988079071,0.5883010029792786,0.6666666865348816,0.5991384387016296,1406,925168305,1,4
343001,1920,5145015,658561920,23520,0.6666666865348816,128,343000,1.4739227294921875,1920,17,4,500000,1000,,343001.0,0.6822916865348816,0.5883051753044128,0.6645833253860474,0.5989739298820496,1409,925168305,1,4
344001,1920,5160015,660481920,23520,0.6645833253860474,128,344000,1.4777476787567139,1920,17,4,500000,1000,,344001.0,0.6833333373069763,0.5883017182350159,0.6666666865348816,0.5988040566444397,1413,925168305,1,4
345001,1920,5175015,662401920,23520,0.6666666865348816,128,345000,1.4825439453125,1920,17,4,500000,1000,,345001.0,0.682812511920929,0.5882996320724487,0.6645833253860474,0.5989987254142761,1417,925168305,1,4
346001,1920,5190015,664321920,23520,0.6645833253860474,128,346000,1.4863226413726807,1920,17,4,500000,1000,,346001.0,0.682812511920929,0.5883016586303711,0.6666666865348816,0.5988301634788513,1421,925168305,1,4
347001,1920,5205015,666241920,23520,0.6666666865348816,128,347000,1.4900777339935303,1920,17,4,500000,1000,,347001.0,0.682812511920929,0.5883007049560547,0.6666666865348816,0.5992376804351807,1425,925168305,1,4
348001,1920,5220015,668161920,23520,0.6666666865348816,128,348000,1.4940338134765625,1920,17,4,500000,1000,,348001.0,0.6822916865348816,0.588299036026001,0.6645833253860474,0.5991377234458923,1429,925168305,1,4
349001,1920,5235015,670081920,23520,0.6645833253860474,128,349000,1.4977877140045166,1920,17,4,500000,1000,,349001.0,0.6833333373069763,0.5882979035377502,0.6645833253860474,0.5990126132965088,1433,925168305,1,4
350001,1920,5250015,672001920,23520,0.6645833253860474,128,350000,1.5015594959259033,1920,17,4,500000,1000,,350001.0,0.682812511920929,0.5882973074913025,0.6645833253860474,0.5990265011787415,1437,925168305,1,4
351001,1920,5265015,673921920,23520,0.6645833253860474,128,351000,1.5052824020385742,1920,17,4,500000,1000,,351001.0,0.6822916865348816,0.5882981419563293,0.6625000238418579,0.5988919138908386,1440,925168305,1,4
352001,1920,5280015,675841920,23520,0.6625000238418579,128,352000,1.5090274810791016,1920,17,4,500000,1000,,352001.0,0.6833333373069763,0.5882979035377502,0.6666666865348816,0.5989655256271362,1444,925168305,1,4
353001,1920,5295015,677761920,23520,0.6666666865348816,128,353000,1.5128235816955566,1920,17,4,500000,1000,,353001.0,0.6833333373069763,0.5882956981658936,0.6645833253860474,0.5989975333213806,1448,925168305,1,4
354001,1920,5310015,679681920,23520,0.6645833253860474,128,354000,1.5166125297546387,1920,17,4,500000,1000,,354001.0,0.684374988079071,0.5882965326309204,0.6645833253860474,0.5991572141647339,1452,925168305,1,4
355001,1920,5325015,681601920,23520,0.6645833253860474,128,355000,1.520397424697876,1920,17,4,500000,1000,,355001.0,0.684374988079071,0.5882925391197205,0.6645833253860474,0.5991144776344299,1456,925168305,1,4
356001,1920,5340015,683521920,23520,0.6645833253860474,128,356000,1.5242302417755127,1920,17,4,500000,1000,,356001.0,0.684374988079071,0.5882925391197205,0.6645833253860474,0.5990611910820007,1460,925168305,1,4
357001,1920,5355015,685441920,23520,0.6645833253860474,128,357000,1.5279951095581055,1920,17,4,500000,1000,,357001.0,0.6838541626930237,0.58829665184021,0.6645833253860474,0.5989717245101929,1464,925168305,1,4
358001,1920,5370015,687361920,23520,0.6645833253860474,128,358000,1.531771183013916,1920,17,4,500000,1000,,358001.0,0.684374988079071,0.5882903933525085,0.6645833253860474,0.5992046594619751,1467,925168305,1,4
359001,1920,5385015,689281920,23520,0.6645833253860474,128,359000,1.5355610847473145,1920,17,4,500000,1000,,359001.0,0.6822916865348816,0.588291585445404,0.6645833253860474,0.5994054675102234,1471,925168305,1,4
360001,1920,5400015,691201920,23520,0.6645833253860474,128,360000,1.5392651557922363,1920,17,4,500000,1000,,360001.0,0.6833333373069763,0.5882877111434937,0.6666666865348816,0.5992929935455322,1475,925168305,1,4
361001,1920,5415015,693121920,23520,0.6666666865348816,128,361000,1.5432522296905518,1920,17,4,500000,1000,,361001.0,0.684374988079071,0.5882848501205444,0.6666666865348816,0.5990266799926758,1479,925168305,1,4
362001,1920,5430015,695041920,23520,0.6666666865348816,128,362000,1.547039270401001,1920,17,4,500000,1000,,362001.0,0.6833333373069763,0.588286280632019,0.6645833253860474,0.5990162491798401,1483,925168305,1,4
363001,1920,5445015,696961920,23520,0.6645833253860474,128,363000,1.5510785579681396,1920,17,4,500000,1000,,363001.0,0.6833333373069763,0.5882841944694519,0.6666666865348816,0.5988008975982666,1487,925168305,1,4
364001,1920,5460015,698881920,23520,0.6666666865348816,128,364000,1.554856300354004,1920,17,4,500000,1000,,364001.0,0.6833333373069763,0.5882874727249146,0.6666666865348816,0.5990130305290222,1491,925168305,1,4
365001,1920,5475015,700801920,23520,0.6666666865348816,128,365000,1.558624267578125,1920,17,4,500000,1000,,365001.0,0.6833333373069763,0.5882869362831116,0.6666666865348816,0.5991640090942383,1495,925168305,1,4
366001,1920,5490015,702721920,23520,0.6666666865348816,128,366000,1.5623352527618408,1920,17,4,500000,1000,,366001.0,0.684374988079071,0.5882880091667175,0.6666666865348816,0.5991103649139404,1499,925168305,1,4
367001,1920,5505015,704641920,23520,0.6666666865348816,128,367000,1.5661592483520508,1920,17,4,500000,1000,,367001.0,0.682812511920929,0.5882846713066101,0.6666666865348816,0.5990962386131287,1503,925168305,1,4
368001,1920,5520015,706561920,23520,0.6666666865348816,128,368000,1.5699851512908936,1920,17,4,500000,1000,,368001.0,0.6833333373069763,0.5882836580276489,0.6666666865348816,0.5991321206092834,1507,925168305,1,4
369001,1920,5535015,708481920,23520,0.6666666865348816,128,369000,1.573786973953247,1920,17,4,500000,1000,,369001.0,0.6833333373069763,0.5882841348648071,0.6666666865348816,0.5987355709075928,1510,925168305,1,4
370001,1920,5550015,710401920,23520,0.6666666865348816,128,370000,1.5775539875030518,1920,17,4,500000,1000,,370001.0,0.684374988079071,0.5882830023765564,0.6666666865348816,0.5989099740982056,1514,925168305,1,4
371001,1920,5565015,712321920,23520,0.6666666865348816,128,371000,1.5812797546386719,1920,17,4,500000,1000,,371001.0,0.6848958134651184,0.5882834196090698,0.6666666865348816,0.5989953279495239,1518,925168305,1,4
372001,1920,5580015,714241920,23520,0.6666666865348816,128,372000,1.5858018398284912,1920,17,4,500000,1000,,372001.0,0.684374988079071,0.5882826447486877,0.6666666865348816,0.5991619825363159,1522,925168305,1,4
373001,1920,5595015,716161920,23520,0.6666666865348816,128,373000,1.5895678997039795,1920,17,4,500000,1000,,373001.0,0.6848958134651184,0.5882847309112549,0.6666666865348816,0.5991776585578918,1526,925168305,1,4
374001,1920,5610015,718081920,23520,0.6666666865348816,128,374000,1.5933709144592285,1920,17,4,500000,1000,,374001.0,0.682812511920929,0.5882830023765564,0.6666666865348816,0.5992615818977356,1530,925168305,1,4
375001,1920,5625015,720001920,23520,0.6666666865348816,128,375000,1.5971462726593018,1920,17,4,500000,1000,,375001.0,0.682812511920929,0.5882812142372131,0.6666666865348816,0.5991653203964233,1534,925168305,1,4
376001,1920,5640015,721921920,23520,0.6666666865348816,128,376000,1.6009044647216797,1920,17,4,500000,1000,,376001.0,0.6838541626930237,0.5882799029350281,0.6666666865348816,0.5991079807281494,1538,925168305,1,4
377001,1920,5655015,723841920,23520,0.6666666865348816,128,377000,1.6046984195709229,1920,17,4,500000,1000,,377001.0,0.6833333373069763,0.5882784128189087,0.6666666865348816,0.599229097366333,1542,925168305,1,4
378001,1920,5670015,725761920,23520,0.6666666865348816,128,378000,1.6084716320037842,1920,17,4,500000,1000,,378001.0,0.6838541626930237,0.5882784724235535,0.6645833253860474,0.5990230441093445,1545,925168305,1,4
379001,1920,5685015,727681920,23520,0.6645833253860474,128,379000,1.6122167110443115,1920,17,4,500000,1000,,379001.0,0.6838541626930237,0.5882764458656311,0.6645833253860474,0.5992377996444702,1549,925168305,1,4
380001,1920,5700015,729601920,23520,0.6645833253860474,128,380000,1.616187572479248,1920,17,4,500000,1000,,380001.0,0.6833333373069763,0.5882757902145386,0.6645833253860474,0.5992304086685181,1554,925168305,1,4
381001,1920,5715015,731521920,23520,0.6645833253860474,128,381000,1.620666742324829,1920,17,4,500000,1000,,381001.0,0.6833333373069763,0.5882750749588013,0.6666666865348816,0.5992692112922668,1559,925168305,1,4
382001,1920,5730015,733441920,23520,0.6666666865348816,128,382000,1.6244800090789795,1920,17,4,500000,1000,,382001.0,0.6822916865348816,0.5882800817489624,0.6666666865348816,0.5993603467941284,1563,925168305,1,4
383001,1920,5745015,735361920,23520,0.6666666865348816,128,383000,1.6285278797149658,1920,17,4,500000,1000,,383001.0,0.682812511920929,0.588276207447052,0.6666666865348816,0.5991249680519104,1567,925168305,1,4
384001,1920,5760015,737281920,23520,0.6666666865348816,128,384000,1.6328859329223633,1920,17,4,500000,1000,,384001.0,0.682812511920929,0.5882750153541565,0.6666666865348816,0.5988773107528687,1571,925168305,1,4
385001,1920,5775015,739201920,23520,0.6666666865348816,128,385000,1.6370389461517334,1920,17,4,500000,1000,,385001.0,0.682812511920929,0.5882813930511475,0.6666666865348816,0.5989328622817993,1575,925168305,1,4
386001,1920,5790015,741121920,23520,0.6666666865348816,128,386000,1.6408381462097168,1920,17,4,500000,1000,,386001.0,0.6833333373069763,0.5882759690284729,0.6666666865348816,0.5987741947174072,1579,925168305,1,4
387001,1920,5805015,743041920,23520,0.6666666865348816,128,387000,1.644599199295044,1920,17,4,500000,1000,,387001.0,0.6854166388511658,0.5882712602615356,0.6666666865348816,0.5987437963485718,1583,925168305,1,4
388001,1920,5820015,744961920,23520,0.6666666865348816,128,388000,1.6484391689300537,1920,17,4,500000,1000,,388001.0,0.6848958134651184,0.5882723927497864,0.6645833253860474,0.599126398563385,1587,925168305,1,4
389001,1920,5835015,746881920,23520,0.6645833253860474,128,389000,1.6524293422698975,1920,17,4,500000,1000,,389001.0,0.6848958134651184,0.5882730484008789,0.6645833253860474,0.5990696549415588,1591,925168305,1,4
390001,1920,5850015,748801920,23520,0.6645833253860474,128,390000,1.6562731266021729,1920,17,4,500000,1000,,390001.0,0.682812511920929,0.5882695913314819,0.6645833253860474,0.5990992784500122,1595,925168305,1,4
391001,1920,5865015,750721920,23520,0.6645833253860474,128,391000,1.6600902080535889,1920,17,4,500000,1000,,391001.0,0.682812511920929,0.5882692933082581,0.6666666865348816,0.5991294980049133,1599,925168305,1,4
392001,1920,5880015,752641920,23520,0.6666666865348816,128,392000,1.6638569831848145,1920,17,4,500000,1000,,392001.0,0.6833333373069763,0.5882699489593506,0.6645833253860474,0.598983645439148,1603,925168305,1,4
393001,1920,5895015,754561920,23520,0.6645833253860474,128,393000,1.6676487922668457,1920,17,4,500000,1000,,393001.0,0.682812511920929,0.5882686376571655,0.6666666865348816,0.5988314747810364,1607,925168305,1,4
394001,1920,5910015,756481920,23520,0.6666666865348816,128,394000,1.6715905666351318,1920,17,4,500000,1000,,394001.0,0.682812511920929,0.5882682800292969,0.6645833253860474,0.5988781452178955,1611,925168305,1,4
395001,1920,5925015,758401920,23520,0.6645833253860474,128,395000,1.6754095554351807,1920,17,4,500000,1000,,395001.0,0.682812511920929,0.5882692933082581,0.6645833253860474,0.598836362361908,1615,925168305,1,4
396001,1920,5940015,760321920,23520,0.6645833253860474,128,396000,1.6792805194854736,1920,17,4,500000,1000,,396001.0,0.6833333373069763,0.5882670879364014,0.6666666865348816,0.5991950631141663,1619,925168305,1,4
397001,1920,5955015,762241920,23520,0.6666666865348816,128,397000,1.6831111907958984,1920,17,4,500000,1000,,397001.0,0.682812511920929,0.5882686972618103,0.6645833253860474,0.5991120934486389,1623,925168305,1,4
398001,1920,5970015,764161920,23520,0.6645833253860474,128,398000,1.6869304180145264,1920,17,4,500000,1000,,398001.0,0.682812511920929,0.5882663130760193,0.6645833253860474,0.5992693305015564,1626,925168305,1,4
399001,1920,5985015,766081920,23520,0.6645833253860474,128,399000,1.691117286682129,1920,17,4,500000,1000,,399001.0,0.682812511920929,0.5882665514945984,0.6645833253860474,0.5991776585578918,1630,925168305,1,4
400001,1920,6000015,768001920,23520,0.6645833253860474,128,400000,1.6949183940887451,1920,17,4,500000,1000,,400001.0,0.682812511920929,0.5882667303085327,0.6666666865348816,0.5994337797164917,1635,925168305,1,4
401001,1920,6015015,769921920,23520,0.6666666865348816,128,401000,1.6993255615234375,1920,17,4,500000,1000,,401001.0,0.6822916865348816,0.5882654786109924,0.6666666865348816,0.5991877317428589,1639,925168305,1,4
402001,1920,6030015,771841920,23520,0.6666666865348816,128,402000,1.703096866607666,1920,17,4,500000,1000,,402001.0,0.6817708611488342,0.5882636904716492,0.6645833253860474,0.5992432832717896,1643,925168305,1,4
403001,1920,6045015,773761920,23520,0.6645833253860474,128,403000,1.7070250511169434,1920,17,4,500000,1000,,403001.0,0.6848958134651184,0.5882638096809387,0.6645833253860474,0.5990937352180481,1647,925168305,1,4
404001,1920,6060015,775681920,23520,0.6645833253860474,128,404000,1.7110650539398193,1920,17,4,500000,1000,,404001.0,0.6838541626930237,0.5882667303085327,0.6645833253860474,0.59895920753479,1652,925168305,1,4
405001,1920,6075015,777601920,23520,0.6645833253860474,128,405000,1.7148678302764893,1920,17,4,500000,1000,,405001.0,0.684374988079071,0.5882625579833984,0.6645833253860474,0.5989980101585388,1656,925168305,1,4
406001,1920,6090015,779521920,23520,0.6645833253860474,128,406000,1.719080924987793,1920,17,4,500000,1000,,406001.0,0.6854166388511658,0.5882599949836731,0.6645833253860474,0.5989335179328918,1660,925168305,1,4
407001,1920,6105015,781441920,23520,0.6645833253860474,128,407000,1.7230849266052246,1920,17,4,500000,1000,,407001.0,0.682812511920929,0.5882618427276611,0.6645833253860474,0.5989609360694885,1664,925168305,1,4
408001,1920,6120015,783361920,23520,0.6645833253860474,128,408000,1.7274768352508545,1920,17,4,500000,1000,,408001.0,0.684374988079071,0.5882595181465149,0.6645833253860474,0.5991743803024292,1668,925168305,1,4
409001,1920,6135015,785281920,23520,0.6645833253860474,128,409000,1.7313086986541748,1920,17,4,500000,1000,,409001.0,0.6848958134651184,0.5882591605186462,0.6645833253860474,0.599080502986908,1672,925168305,1,4
410001,1920,6150015,787201920,23520,0.6645833253860474,128,410000,1.7357425689697266,1920,17,4,500000,1000,,410001.0,0.684374988079071,0.5882588624954224,0.6666666865348816,0.5990516543388367,1676,925168305,1,4
411001,1920,6165015,789121920,23520,0.6666666865348816,128,411000,1.739619493484497,1920,17,4,500000,1000,,411001.0,0.684374988079071,0.5882588624954224,0.6666666865348816,0.5989578366279602,1680,925168305,1,4
412001,1920,6180015,791041920,23520,0.6666666865348816,128,412000,1.743473768234253,1920,17,4,500000,1000,,412001.0,0.684374988079071,0.5882552862167358,0.6666666865348816,0.5989798903465271,1684,925168305,1,4
413001,1920,6195015,792961920,23520,0.6666666865348816,128,413000,1.747304916381836,1920,17,4,500000,1000,,413001.0,0.6848958134651184,0.5882546901702881,0.6645833253860474,0.5990794897079468,1688,925168305,1,4
414001,1920,6210015,794881920,23520,0.6645833253860474,128,414000,1.7512481212615967,1920,17,4,500000,1000,,414001.0,0.684374988079071,0.5882554650306702,0.6645833253860474,0.5991109013557434,1692,925168305,1,4
415001,1920,6225015,796801920,23520,0.6645833253860474,128,415000,1.7551109790802002,1920,17,4,500000,1000,,415001.0,0.6833333373069763,0.588254988193512,0.6645833253860474,0.5992425084114075,1696,925168305,1,4
416001,1920,6240015,798721920,23520,0.6645833253860474,128,416000,1.7589170932769775,1920,17,4,500000,1000,,416001.0,0.6833333373069763,0.5882556438446045,0.6645833253860474,0.5992525815963745,1701,925168305,1,4
417001,1920,6255015,800641920,23520,0.6645833253860474,128,417000,1.762700080871582,1920,17,4,500000,1000,,417001.0,0.6833333373069763,0.5882541537284851,0.6645833253860474,0.5995402932167053,1705,925168305,1,4
418001,1920,6270015,802561920,23520,0.6645833253860474,128,418000,1.7671160697937012,1920,17,4,500000,1000,,418001.0,0.6848958134651184,0.5882531404495239,0.6645833253860474,0.5992102026939392,1709,925168305,1,4
419001,1920,6285015,804481920,23520,0.6645833253860474,128,419000,1.7711310386657715,1920,17,4,500000,1000,,419001.0,0.6854166388511658,0.5882526636123657,0.6645833253860474,0.5991045236587524,1713,925168305,1,4
420001,1920,6300015,806401920,23520,0.6645833253860474,128,420000,1.7752180099487305,1920,17,4,500000,1000,,420001.0,0.6838541626930237,0.5882541537284851,0.6645833253860474,0.599073588848114,1717,925168305,1,4
421001,1920,6315015,808321920,23520,0.6645833253860474,128,421000,1.779202938079834,1920,17,4,500000,1000,,421001.0,0.682812511920929,0.5882517695426941,0.6645833253860474,0.5990771651268005,1722,925168305,1,4
422001,1920,6330015,810241920,23520,0.6645833253860474,128,422000,1.784285068511963,1920,17,4,500000,1000,,422001.0,0.682812511920929,0.5882509350776672,0.6645833253860474,0.5989395380020142,1726,925168305,1,4
423001,1920,6345015,812161920,23520,0.6645833253860474,128,423000,1.7892048358917236,1920,17,4,500000,1000,,423001.0,0.682812511920929,0.5882517695426941,0.6645833253860474,0.5991995930671692,1730,925168305,1,4
424001,1920,6360015,814081920,23520,0.6645833253860474,128,424000,1.79302978515625,1920,17,4,500000,1000,,424001.0,0.682812511920929,0.588249921798706,0.6645833253860474,0.5990124940872192,1734,925168305,1,4
425001,1920,6375015,816001920,23520,0.6645833253860474,128,425000,1.7968709468841553,1920,17,4,500000,1000,,425001.0,0.6822916865348816,0.5882502794265747,0.6645833253860474,0.5992200374603271,1738,925168305,1,4
426001,1920,6390015,817921920,23520,0.6645833253860474,128,426000,1.8007748126983643,1920,17,4,500000,1000,,426001.0,0.6833333373069763,0.5882494449615479,0.6645833253860474,0.5992372035980225,1742,925168305,1,4
427001,1920,6405015,819841920,23520,0.6645833253860474,128,427000,1.8052148818969727,1920,17,4,500000,1000,,427001.0,0.682812511920929,0.5882499814033508,0.6666666865348816,0.5991578698158264,1746,925168305,1,4
428001,1920,6420015,821761920,23520,0.6666666865348816,128,428000,1.8095877170562744,1920,17,4,500000,1000,,428001.0,0.6833333373069763,0.588250458240509,0.6666666865348816,0.5991185903549194,1751,925168305,1,4
429001,1920,6435015,823681920,23520,0.6666666865348816,128,429000,1.8136637210845947,1920,17,4,500000,1000,,429001.0,0.6833333373069763,0.5882481336593628,0.6645833253860474,0.5992818474769592,1755,925168305,1,4
430001,1920,6450015,825601920,23520,0.6645833253860474,128,430000,1.8177356719970703,1920,17,4,500000,1000,,430001.0,0.6833333373069763,0.588246762752533,0.6666666865348816,0.5991007089614868,1759,925168305,1,4
431001,1920,6465015,827521920,23520,0.6666666865348816,128,431000,1.821547508239746,1920,17,4,500000,1000,,431001.0,0.6833333373069763,0.5882469415664673,0.6666666865348816,0.5991299748420715,1763,925168305,1,4
432001,1920,6480015,829441920,23520,0.6666666865348816,128,432000,1.8260674476623535,1920,17,4,500000,1000,,432001.0,0.6838541626930237,0.5882472991943359,0.6645833253860474,0.5990163087844849,1767,925168305,1,4
433001,1920,6495015,831361920,23520,0.6645833253860474,128,433000,1.8299286365509033,1920,17,4,500000,1000,,433001.0,0.6833333373069763,0.5882461071014404,0.6645833253860474,0.5990963578224182,1771,925168305,1,4
434001,1920,6510015,833281920,23520,0.6645833253860474,128,434000,1.8337116241455078,1920,17,4,500000,1000,,434001.0,0.6833333373069763,0.588245153427124,0.6645833253860474,0.5990431904792786,1775,925168305,1,4
435001,1920,6525015,835201920,23520,0.6645833253860474,128,435000,1.8375718593597412,1920,17,4,500000,1000,,435001.0,0.6833333373069763,0.588249921798706,0.6666666865348816,0.5992890000343323,1779,925168305,1,4
436001,1920,6540015,837121920,23520,0.6666666865348816,128,436000,1.8413958549499512,1920,17,4,500000,1000,,436001.0,0.6838541626930237,0.5882458090782166,0.6645833253860474,0.599118173122406,1783,925168305,1,4
437001,1920,6555015,839041920,23520,0.6645833253860474,128,437000,1.8452997207641602,1920,17,4,500000,1000,,437001.0,0.684374988079071,0.5882434248924255,0.6645833253860474,0.5991517901420593,1788,925168305,1,4
438001,1920,6570015,840961920,23520,0.6645833253860474,128,438000,1.849930763244629,1920,17,4,500000,1000,,438001.0,0.6848958134651184,0.5882423520088196,0.6645833253860474,0.5990180373191833,1792,925168305,1,4
439001,1920,6585015,842881920,23520,0.6645833253860474,128,439000,1.8536746501922607,1920,17,4,500000,1000,,439001.0,0.6848958134651184,0.5882425904273987,0.6645833253860474,0.5990385413169861,1796,925168305,1,4
440001,1920,6600015,844801920,23520,0.6645833253860474,128,440000,1.8575305938720703,1920,17,4,500000,1000,,440001.0,0.6848958134651184,0.5882394909858704,0.6645833253860474,0.5987866520881653,1800,925168305,1,4
441001,1920,6615015,846721920,23520,0.6645833253860474,128,441000,1.861680507659912,1920,17,4,500000,1000,,441001.0,0.6833333373069763,0.5882408022880554,0.6645833253860474,0.5988604426383972,1804,925168305,1,4
442001,1920,6630015,848641920,23520,0.6645833253860474,128,442000,1.8654816150665283,1920,17,4,500000,1000,,442001.0,0.6848958134651184,0.5882408022880554,0.6645833253860474,0.5989761352539062,1808,925168305,1,4
443001,1920,6645015,850561920,23520,0.6645833253860474,128,443000,1.8692805767059326,1920,17,4,500000,1000,,443001.0,0.6848958134651184,0.5882406830787659,0.6645833253860474,0.5992805361747742,1812,925168305,1,4
444001,1920,6660015,852481920,23520,0.6645833253860474,128,444000,1.8730835914611816,1920,17,4,500000,1000,,444001.0,0.6833333373069763,0.5882408022880554,0.6645833253860474,0.5992520451545715,1816,925168305,1,4
445001,1920,6675015,854401920,23520,0.6645833253860474,128,445000,1.8768503665924072,1920,17,4,500000,1000,,445001.0,0.682812511920929,0.5882377624511719,0.6645833253860474,0.5992164611816406,1820,925168305,1,4
446001,1920,6690015,856321920,23520,0.6645833253860474,128,446000,1.8806495666503906,1920,17,4,500000,1000,,446001.0,0.682812511920929,0.5882374048233032,0.6645833253860474,0.5990082621574402,1824,925168305,1,4
447001,1920,6705015,858241920,23520,0.6645833253860474,128,447000,1.8844516277313232,1920,17,4,500000,1000,,447001.0,0.682812511920929,0.5882378816604614,0.6645833253860474,0.5992386937141418,1828,925168305,1,4
448001,1920,6720015,860161920,23520,0.6645833253860474,128,448000,1.888427495956421,1920,17,4,500000,1000,,448001.0,0.682812511920929,0.588236927986145,0.6645833253860474,0.5992796421051025,1832,925168305,1,4
449001,1920,6735015,862081920,23520,0.6645833253860474,128,449000,1.8921785354614258,1920,17,4,500000,1000,,449001.0,0.6833333373069763,0.5882367491722107,0.6645833253860474,0.5991721749305725,1836,925168305,1,4
450001,1920,6750015,864001920,23520,0.6645833253860474,128,450000,1.8959543704986572,1920,17,4,500000,1000,,450001.0,0.682812511920929,0.588234543800354,0.6645833253860474,0.5990312099456787,1839,925168305,1,4
451001,1920,6765015,865921920,23520,0.6645833253860474,128,451000,1.8996524810791016,1920,17,4,500000,1000,,451001.0,0.6833333373069763,0.5882357954978943,0.6645833253860474,0.5989941954612732,1843,925168305,1,4
452001,1920,6780015,867841920,23520,0.6645833253860474,128,452000,1.903449535369873,1920,17,4,500000,1000,,452001.0,0.6833333373069763,0.588235080242157,0.6645833253860474,0.5990753769874573,1847,925168305,1,4
453001,1920,6795015,869761920,23520,0.6645833253860474,128,453000,1.907252550125122,1920,17,4,500000,1000,,453001.0,0.684374988079071,0.5882347822189331,0.6645833253860474,0.5991716980934143,1851,925168305,1,4
454001,1920,6810015,871681920,23520,0.6645833253860474,128,454000,1.9122755527496338,1920,17,4,500000,1000,,454001.0,0.6833333373069763,0.5882347822189331,0.6645833253860474,0.5992891192436218,1855,925168305,1,4
455001,1920,6825015,873601920,23520,0.6645833253860474,128,455000,1.9161245822906494,1920,17,4,500000,1000,,455001.0,0.6833333373069763,0.5882343053817749,0.6645833253860474,0.5992147326469421,1859,925168305,1,4
456001,1920,6840015,875521920,23520,0.6645833253860474,128,456000,1.9206364154815674,1920,17,4,500000,1000,,456001.0,0.6833333373069763,0.5882347822189331,0.6645833253860474,0.5992105007171631,1863,925168305,1,4
457001,1920,6855015,877441920,23520,0.6645833253860474,128,457000,1.9244353771209717,1920,17,4,500000,1000,,457001.0,0.6833333373069763,0.5882338285446167,0.6666666865348816,0.5992606282234192,1867,925168305,1,4
458001,1920,6870015,879361920,23520,0.6666666865348816,128,458000,1.9282734394073486,1920,17,4,500000,1000,,458001.0,0.6833333373069763,0.5882338285446167,0.6645833253860474,0.5990501642227173,1871,925168305,1,4
459001,1920,6885015,881281920,23520,0.6645833253860474,128,459000,1.9320855140686035,1920,17,4,500000,1000,,459001.0,0.6833333373069763,0.5882338285446167,0.6645833253860474,0.5990613698959351,1875,925168305,1,4
460001,1920,6900015,883201920,23520,0.6645833253860474,128,460000,1.9358234405517578,1920,17,4,500000,1000,,460001.0,0.6822916865348816,0.5882314443588257,0.6625000238418579,0.5989751815795898,1879,925168305,1,4
461001,1920,6915015,885121920,23520,0.6625000238418579,128,461000,1.939584732055664,1920,17,4,500000,1000,,461001.0,0.6833333373069763,0.5882294178009033,0.6645833253860474,0.5993198156356812,1883,925168305,1,4
462001,1920,6930015,887041920,23520,0.6645833253860474,128,462000,1.9437170028686523,1920,17,4,500000,1000,,462001.0,0.6833333373069763,0.5882307887077332,0.6645833253860474,0.5995264053344727,1887,925168305,1,4
463001,1920,6945015,888961920,23520,0.6645833253860474,128,463000,1.9477169513702393,1920,17,4,500000,1000,,463001.0,0.6833333373069763,0.5882335901260376,0.6645833253860474,0.5993475317955017,1891,925168305,1,4
464001,1920,6960015,890881920,23520,0.6645833253860474,128,464000,1.9515409469604492,1920,17,4,500000,1000,,464001.0,0.6833333373069763,0.5882316827774048,0.6645833253860474,0.5993393659591675,1895,925168305,1,4
465001,1920,6975015,892801920,23520,0.6645833253860474,128,465000,1.9553639888763428,1920,17,4,500000,1000,,465001.0,0.6838541626930237,0.5882285833358765,0.6645833253860474,0.5991306304931641,1899,925168305,1,4
466001,1920,6990015,894721920,23520,0.6645833253860474,128,466000,1.9591739177703857,1920,17,4,500000,1000,,466001.0,0.6833333373069763,0.5882260799407959,0.6645833253860474,0.5990707874298096,1903,925168305,1,4
467001,1920,7005015,896641920,23520,0.6645833253860474,128,467000,1.9630379676818848,1920,17,4,500000,1000,,467001.0,0.6822916865348816,0.5882269144058228,0.6625000238418579,0.5990979075431824,1907,925168305,1,4
468001,1920,7020015,898561920,23520,0.6625000238418579,128,468000,1.967207908630371,1920,17,4,500000,1000,,468001.0,0.6833333373069763,0.5882287621498108,0.6666666865348816,0.5992921590805054,1911,925168305,1,4
469001,1920,7035015,900481920,23520,0.6666666865348816,128,469000,1.9710149765014648,1920,17,4,500000,1000,,469001.0,0.6833333373069763,0.5882261991500854,0.6645833253860474,0.599043607711792,1915,925168305,1,4
470001,1920,7050015,902401920,23520,0.6645833253860474,128,470000,1.974780559539795,1920,17,4,500000,1000,,470001.0,0.6833333373069763,0.5882259607315063,0.6645833253860474,0.5992366671562195,1919,925168305,1,4
471001,1920,7065015,904321920,23520,0.6645833253860474,128,471000,1.9793493747711182,1920,17,4,500000,1000,,471001.0,0.6833333373069763,0.5882263779640198,0.6645833253860474,0.5991427302360535,1922,925168305,1,4
472001,1920,7080015,906241920,23520,0.6645833253860474,128,472000,1.9834613800048828,1920,17,4,500000,1000,,472001.0,0.6833333373069763,0.5882260799407959,0.6645833253860474,0.5991641283035278,1926,925168305,1,4
473001,1920,7095015,908161920,23520,0.6645833253860474,128,473000,1.9871563911437988,1920,17,4,500000,1000,,473001.0,0.6833333373069763,0.5882237553596497,0.6645833253860474,0.5991898775100708,1930,925168305,1,4
474001,1920,7110015,910081920,23520,0.6645833253860474,128,474000,1.9909744262695312,1920,17,4,500000,1000,,474001.0,0.6833333373069763,0.5882254242897034,0.6645833253860474,0.5993015170097351,1934,925168305,1,4
475001,1920,7125015,912001920,23520,0.6645833253860474,128,475000,1.9948134422302246,1920,17,4,500000,1000,,475001.0,0.6833333373069763,0.588225781917572,0.6666666865348816,0.5990381836891174,1938,925168305,1,4
476001,1920,7140015,913921920,23520,0.6666666865348816,128,476000,1.9986114501953125,1920,17,4,500000,1000,,476001.0,0.6833333373069763,0.588222861289978,0.6645833253860474,0.5992670655250549,1942,925168305,1,4
477001,1920,7155015,915841920,23520,0.6645833253860474,128,477000,2.002462387084961,1920,17,4,500000,1000,,477001.0,0.6838541626930237,0.5882247686386108,0.6645833253860474,0.5991641283035278,1946,925168305,1,4
478001,1920,7170015,917761920,23520,0.6645833253860474,128,478000,2.006289482116699,1920,17,4,500000,1000,,478001.0,0.6833333373069763,0.5882247686386108,0.6666666865348816,0.5992685556411743,1950,925168305,1,4
479001,1920,7185015,919681920,23520,0.6666666865348816,128,479000,2.010124683380127,1920,17,4,500000,1000,,479001.0,0.682812511920929,0.5882214307785034,0.6645833253860474,0.5990816950798035,1954,925168305,1,4
480001,1920,7200015,921601920,23520,0.6645833253860474,128,480000,2.014268636703491,1920,17,4,500000,1000,,480001.0,0.6833333373069763,0.5882236361503601,0.6666666865348816,0.5991910696029663,1958,925168305,1,4
481001,1920,7215015,923521920,23520,0.6666666865348816,128,481000,2.018096685409546,1920,17,4,500000,1000,,481001.0,0.682812511920929,0.588219940662384,0.6645833253860474,0.5990889668464661,1962,925168305,1,4
482001,1920,7230015,925441920,23520,0.6645833253860474,128,482000,2.0219037532806396,1920,17,4,500000,1000,,482001.0,0.6838541626930237,0.5882190465927124,0.6645833253860474,0.5990042090415955,1966,925168305,1,4
483001,1920,7245015,927361920,23520,0.6645833253860474,128,483000,2.0257058143615723,1920,17,4,500000,1000,,483001.0,0.6838541626930237,0.5882216095924377,0.6645833253860474,0.5989240407943726,1969,925168305,1,4
484001,1920,7260015,929281920,23520,0.6645833253860474,128,484000,2.0297088623046875,1920,17,4,500000,1000,,484001.0,0.6833333373069763,0.5882185697555542,0.6666666865348816,0.5990637540817261,1973,925168305,1,4
485001,1920,7275015,931201920,23520,0.6666666865348816,128,485000,2.033498764038086,1920,17,4,500000,1000,,485001.0,0.6833333373069763,0.5882182717323303,0.6666666865348816,0.5993254780769348,1977,925168305,1,4
486001,1920,7290015,933121920,23520,0.6666666865348816,128,486000,2.037257671356201,1920,17,4,500000,1000,,486001.0,0.6833333373069763,0.5882179141044617,0.6645833253860474,0.5993494391441345,1981,925168305,1,4
487001,1920,7305015,935041920,23520,0.6645833253860474,128,487000,2.0410306453704834,1920,17,4,500000,1000,,487001.0,0.6833333373069763,0.5882181525230408,0.6645833253860474,0.5992465615272522,1985,925168305,1,4
488001,1920,7320015,936961920,23520,0.6645833253860474,128,488000,2.044921875,1920,17,4,500000,1000,,488001.0,0.6833333373069763,0.5882197022438049,0.6645833253860474,0.5991755127906799,1989,925168305,1,4
489001,1920,7335015,938881920,23520,0.6645833253860474,128,489000,2.0486888885498047,1920,17,4,500000,1000,,489001.0,0.6833333373069763,0.5882183313369751,0.6645833253860474,0.5992777347564697,1993,925168305,1,4
490001,1920,7350015,940801920,23520,0.6645833253860474,128,490000,2.0529818534851074,1920,17,4,500000,1000,,490001.0,0.682812511920929,0.5882177352905273,0.6645833253860474,0.5992485880851746,1997,925168305,1,4
491001,1920,7365015,942721920,23520,0.6645833253860474,128,491000,2.0569348335266113,1920,17,4,500000,1000,,491001.0,0.6833333373069763,0.5882179141044617,0.6666666865348816,0.5991459488868713,2001,925168305,1,4
492001,1920,7380015,944641920,23520,0.6666666865348816,128,492000,2.060724973678589,1920,17,4,500000,1000,,492001.0,0.6833333373069763,0.5882171988487244,0.6666666865348816,0.5987886786460876,2005,925168305,1,4
493001,1920,7395015,946561920,23520,0.6666666865348816,128,493000,2.0644891262054443,1920,17,4,500000,1000,,493001.0,0.6833333373069763,0.588215708732605,0.6666666865348816,0.5991608500480652,2009,925168305,1,4
494001,1920,7410015,948481920,23520,0.6666666865348816,128,494000,2.068251132965088,1920,17,4,500000,1000,,494001.0,0.682812511920929,0.5882200598716736,0.6666666865348816,0.5991945862770081,2013,925168305,1,4
495001,1920,7425015,950401920,23520,0.6666666865348816,128,495000,2.072077989578247,1920,17,4,500000,1000,,495001.0,0.6838541626930237,0.5882209539413452,0.6645833253860474,0.5990914106369019,2016,925168305,1,4
496001,1920,7440015,952321920,23520,0.6645833253860474,128,496000,2.0759520530700684,1920,17,4,500000,1000,,496001.0,0.6848958134651184,0.5882174372673035,0.6666666865348816,0.5990524291992188,2021,925168305,1,4
497001,1920,7455015,954241920,23520,0.6666666865348816,128,497000,2.07975697517395,1920,17,4,500000,1000,,497001.0,0.682812511920929,0.588218629360199,0.6666666865348816,0.5991268157958984,2025,925168305,1,4
498001,1920,7470015,956161920,23520,0.6666666865348816,128,498000,2.083590030670166,1920,17,4,500000,1000,,498001.0,0.6848958134651184,0.5882161855697632,0.6666666865348816,0.5993738174438477,2029,925168305,1,4
499001,1920,7485015,958081920,23520,0.6666666865348816,128,499000,2.0874080657958984,1920,17,4,500000,1000,,499001.0,0.682812511920929,0.5882142782211304,0.6666666865348816,0.5993158221244812,2033,925168305,1,4
499998,1920,7499970,959996160,23520,0.6666666865348816,128,499997,2.0911972522735596,1920,17,4,500000,1000,,499998.0,0.6833333373069763,0.5882138609886169,0.6666666865348816,0.5992783308029175,2037,925168305,1,4
499999,1920,7499985,959998080,23520,0.6666666865348816,128,499998,2.095372200012207,1920,17,4,500000,1000,,499999.0,0.6833333373069763,0.5882138609886169,0.6666666865348816,0.5992714762687683,2037,925168305,1,4
500000,1920,7500000,960000000,23520,0.6666666865348816,128,499999,2.099514961242676,1920,17,4,500000,1000,,500000.0,0.6833333373069763,0.5882138013839722,0.6666666865348816,0.5992711186408997,2037,925168305,1,4
