pf_calls,num_answers,model_updates,num_grad_comps,answers_bytes,last_score,batch_size,k,elapsed_time,train_data,n,d,max_epochs,verbose,ident,_epochs,score_train,loss_train,score_test,loss_test,_elapsed_time,seed,run_id,dim
1,1920,15,1920,23520,0.5041666626930237,128,0,0.02914905548095703,1920,17,3,500000,1000,,1.0,0.5119791626930237,0.6931472420692444,0.5270833373069763,0.6931471228599548,0,498809134,3,3
1001,1920,15015,1921920,23520,0.5270833373069763,128,1000,0.03373527526855469,1920,17,3,500000,1000,,1001.0,0.6578124761581421,0.6198367476463318,0.6395833492279053,0.6258113384246826,4,498809134,3,3
2001,1920,30015,3841920,23520,0.6395833492279053,128,2000,0.038141489028930664,1920,17,3,500000,1000,,2001.0,0.676562488079071,0.6074042916297913,0.65625,0.6166790127754211,8,498809134,3,3
3001,1920,45015,5761920,23520,0.65625,128,3000,0.04236745834350586,1920,17,3,500000,1000,,3001.0,0.6739583611488342,0.6039113402366638,0.65625,0.614195704460144,12,498809134,3,3
4001,1920,60015,7681920,23520,0.65625,128,4000,0.04661059379577637,1920,17,3,500000,1000,,4001.0,0.6770833134651184,0.6023457646369934,0.6520833373069763,0.6123588681221008,16,498809134,3,3
5001,1920,75015,9601920,23520,0.6520833373069763,128,5000,0.05045461654663086,1920,17,3,500000,1000,,5001.0,0.675000011920929,0.6014592051506042,0.6499999761581421,0.6112889647483826,21,498809134,3,3
6001,1920,90015,11521920,23520,0.6499999761581421,128,6000,0.05449175834655762,1920,17,3,500000,1000,,6001.0,0.6755208373069763,0.6008983254432678,0.6520833373069763,0.6106042265892029,25,498809134,3,3
7001,1920,105015,13441920,23520,0.6520833373069763,128,7000,0.05849766731262207,1920,17,3,500000,1000,,7001.0,0.6770833134651184,0.6005145311355591,0.6583333611488342,0.6102015376091003,29,498809134,3,3
8001,1920,120015,15361920,23520,0.6583333611488342,128,8000,0.062363624572753906,1920,17,3,500000,1000,,8001.0,0.6776041388511658,0.6002269983291626,0.6583333611488342,0.6097448468208313,33,498809134,3,3
9001,1920,135015,17281920,23520,0.6583333611488342,128,9000,0.06634736061096191,1920,17,3,500000,1000,,9001.0,0.6755208373069763,0.6000092625617981,0.65625,0.6090059280395508,37,498809134,3,3
10001,1920,150015,19201920,23520,0.65625,128,10000,0.07010030746459961,1920,17,3,500000,1000,,10001.0,0.675000011920929,0.5998506546020508,0.6541666388511658,0.6087510585784912,41,498809134,3,3
11001,1920,165015,21121920,23520,0.6541666388511658,128,11000,0.07406830787658691,1920,17,3,500000,1000,,11001.0,0.676562488079071,0.5997167825698853,0.6625000238418579,0.6088763475418091,45,498809134,3,3
12001,1920,180015,23041920,23520,0.6625000238418579,128,12000,0.07782840728759766,1920,17,3,500000,1000,,12001.0,0.6755208373069763,0.599608838558197,0.6604166626930237,0.6084896326065063,49,498809134,3,3
13001,1920,195015,24961920,23520,0.6604166626930237,128,13000,0.0816044807434082,1920,17,3,500000,1000,,13001.0,0.6755208373069763,0.599513053894043,0.6625000238418579,0.6086302995681763,54,498809134,3,3
14001,1920,210015,26881920,23520,0.6625000238418579,128,14000,0.08551549911499023,1920,17,3,500000,1000,,14001.0,0.6739583611488342,0.599432110786438,0.6541666388511658,0.6083633303642273,58,498809134,3,3
15001,1920,225015,28801920,23520,0.6541666388511658,128,15000,0.0900564193725586,1920,17,3,500000,1000,,15001.0,0.6739583611488342,0.5993648767471313,0.6583333611488342,0.608315646648407,62,498809134,3,3
16001,1920,240015,30721920,23520,0.6583333611488342,128,16000,0.09426641464233398,1920,17,3,500000,1000,,16001.0,0.6755208373069763,0.5993059277534485,0.6583333611488342,0.6079143285751343,66,498809134,3,3
17001,1920,255015,32641920,23520,0.6583333611488342,128,17000,0.09803557395935059,1920,17,3,500000,1000,,17001.0,0.6744791865348816,0.5992599725723267,0.6583333611488342,0.6078285574913025,70,498809134,3,3
18001,1920,270015,34561920,23520,0.6583333611488342,128,18000,0.10229682922363281,1920,17,3,500000,1000,,18001.0,0.675000011920929,0.5992081165313721,0.6583333611488342,0.6085203289985657,74,498809134,3,3
19001,1920,285015,36481920,23520,0.6583333611488342,128,19000,0.10676002502441406,1920,17,3,500000,1000,,19001.0,0.6734374761581421,0.5991677641868591,0.6520833373069763,0.6077603697776794,78,498809134,3,3
20001,1920,300015,38401920,23520,0.6520833373069763,128,20000,0.11559224128723145,1920,17,3,500000,1000,,20001.0,0.6734374761581421,0.5991284251213074,0.6604166626930237,0.6080238819122314,83,498809134,3,3
21001,1920,315015,40321920,23520,0.6604166626930237,128,21000,0.11957216262817383,1920,17,3,500000,1000,,21001.0,0.6734374761581421,0.5990962386131287,0.6583333611488342,0.6079224944114685,87,498809134,3,3
22001,1920,330015,42241920,23520,0.6583333611488342,128,22000,0.12402844429016113,1920,17,3,500000,1000,,22001.0,0.676562488079071,0.5990682244300842,0.65625,0.6080830097198486,91,498809134,3,3
23001,1920,345015,44161920,23520,0.65625,128,23000,0.12803936004638672,1920,17,3,500000,1000,,23001.0,0.6734374761581421,0.5990432500839233,0.6583333611488342,0.6083276271820068,96,498809134,3,3
24001,1920,360015,46081920,23520,0.6583333611488342,128,24000,0.13186216354370117,1920,17,3,500000,1000,,24001.0,0.675000011920929,0.5990155935287476,0.6583333611488342,0.6080920696258545,100,498809134,3,3
25001,1920,375015,48001920,23520,0.6583333611488342,128,25000,0.1356194019317627,1920,17,3,500000,1000,,25001.0,0.671875,0.5989936590194702,0.65625,0.6080954670906067,104,498809134,3,3
26001,1920,390015,49921920,23520,0.65625,128,26000,0.13969755172729492,1920,17,3,500000,1000,,26001.0,0.6734374761581421,0.5989724397659302,0.6583333611488342,0.6079156398773193,108,498809134,3,3
27001,1920,405015,51841920,23520,0.6583333611488342,128,27000,0.1436007022857666,1920,17,3,500000,1000,,27001.0,0.6744791865348816,0.5989521145820618,0.65625,0.6080180406570435,112,498809134,3,3
28001,1920,420015,53761920,23520,0.65625,128,28000,0.14772558212280273,1920,17,3,500000,1000,,28001.0,0.6739583611488342,0.5989369750022888,0.6583333611488342,0.6077598333358765,116,498809134,3,3
29001,1920,435015,55681920,23520,0.6583333611488342,128,29000,0.15185976028442383,1920,17,3,500000,1000,,29001.0,0.6744791865348816,0.5989173054695129,0.6583333611488342,0.6082448363304138,120,498809134,3,3
30001,1920,450015,57601920,23520,0.6583333611488342,128,30000,0.15564680099487305,1920,17,3,500000,1000,,30001.0,0.671875,0.5989062190055847,0.6583333611488342,0.6079288125038147,124,498809134,3,3
31001,1920,465015,59521920,23520,0.6583333611488342,128,31000,0.15938186645507812,1920,17,3,500000,1000,,31001.0,0.6713541746139526,0.5988896489143372,0.6583333611488342,0.6083122491836548,129,498809134,3,3
32001,1920,480015,61441920,23520,0.6583333611488342,128,32000,0.16363000869750977,1920,17,3,500000,1000,,32001.0,0.6744791865348816,0.5988786220550537,0.65625,0.6079976558685303,133,498809134,3,3
33001,1920,495015,63361920,23520,0.65625,128,33000,0.17078208923339844,1920,17,3,500000,1000,,33001.0,0.6739583611488342,0.5988649129867554,0.6583333611488342,0.6078325510025024,152,498809134,3,3
34001,1920,510015,65281920,23520,0.6583333611488342,128,34000,0.17514801025390625,1920,17,3,500000,1000,,34001.0,0.6729166507720947,0.5988515019416809,0.65625,0.6078941226005554,169,498809134,3,3
35001,1920,525015,67201920,23520,0.65625,128,35000,0.1794569492340088,1920,17,3,500000,1000,,35001.0,0.6723958253860474,0.598845899105072,0.6583333611488342,0.6077101230621338,174,498809134,3,3
36001,1920,540015,69121920,23520,0.6583333611488342,128,36000,0.18420886993408203,1920,17,3,500000,1000,,36001.0,0.6739583611488342,0.5988366007804871,0.65625,0.6080247759819031,178,498809134,3,3
37001,1920,555015,71041920,23520,0.65625,128,37000,0.1879897117614746,1920,17,3,500000,1000,,37001.0,0.6739583611488342,0.5988219976425171,0.6541666388511658,0.6078736186027527,182,498809134,3,3
38001,1920,570015,72961920,23520,0.6541666388511658,128,38000,0.19201278686523438,1920,17,3,500000,1000,,38001.0,0.6723958253860474,0.5988157987594604,0.65625,0.607718288898468,186,498809134,3,3
39001,1920,585015,74881920,23520,0.65625,128,39000,0.19662976264953613,1920,17,3,500000,1000,,39001.0,0.675000011920929,0.5988085269927979,0.65625,0.6075764894485474,190,498809134,3,3
40001,1920,600015,76801920,23520,0.65625,128,40000,0.2003765106201172,1920,17,3,500000,1000,,40001.0,0.6729166507720947,0.5987979769706726,0.65625,0.6078534722328186,194,498809134,3,3
41001,1920,615015,78721920,23520,0.65625,128,41000,0.20428967475891113,1920,17,3,500000,1000,,41001.0,0.6739583611488342,0.5987943410873413,0.6583333611488342,0.6080064177513123,199,498809134,3,3
42001,1920,630015,80641920,23520,0.6583333611488342,128,42000,0.21162176132202148,1920,17,3,500000,1000,,42001.0,0.6734374761581421,0.5987842679023743,0.6541666388511658,0.6078744530677795,203,498809134,3,3
43001,1920,645015,82561920,23520,0.6541666388511658,128,43000,0.21550679206848145,1920,17,3,500000,1000,,43001.0,0.6723958253860474,0.5987755656242371,0.65625,0.6081413626670837,207,498809134,3,3
44001,1920,660015,84481920,23520,0.65625,128,44000,0.21924662590026855,1920,17,3,500000,1000,,44001.0,0.671875,0.5987707376480103,0.6541666388511658,0.6079370379447937,211,498809134,3,3
45001,1920,675015,86401920,23520,0.6541666388511658,128,45000,0.2234947681427002,1920,17,3,500000,1000,,45001.0,0.675000011920929,0.5987659692764282,0.6541666388511658,0.6077194809913635,215,498809134,3,3
46001,1920,690015,88321920,23520,0.6541666388511658,128,46000,0.22737884521484375,1920,17,3,500000,1000,,46001.0,0.6729166507720947,0.5987566709518433,0.6541666388511658,0.6077038049697876,219,498809134,3,3
47001,1920,705015,90241920,23520,0.6541666388511658,128,47000,0.23118281364440918,1920,17,3,500000,1000,,47001.0,0.6734374761581421,0.5987521409988403,0.65625,0.6079914569854736,223,498809134,3,3
48001,1920,720015,92161920,23520,0.65625,128,48000,0.2357316017150879,1920,17,3,500000,1000,,48001.0,0.6723958253860474,0.5987495183944702,0.65625,0.6077720522880554,227,498809134,3,3
49001,1920,735015,94081920,23520,0.65625,128,49000,0.23952436447143555,1920,17,3,500000,1000,,49001.0,0.6729166507720947,0.598740816116333,0.6520833373069763,0.6080825328826904,231,498809134,3,3
50001,1920,750015,96001920,23520,0.6520833373069763,128,50000,0.2434234619140625,1920,17,3,500000,1000,,50001.0,0.6713541746139526,0.5987346768379211,0.6541666388511658,0.6081064939498901,235,498809134,3,3
51001,1920,765015,97921920,23520,0.6541666388511658,128,51000,0.24716949462890625,1920,17,3,500000,1000,,51001.0,0.6708333492279053,0.5987330675125122,0.6583333611488342,0.6079985499382019,239,498809134,3,3
52001,1920,780015,99841920,23520,0.6583333611488342,128,52000,0.2510795593261719,1920,17,3,500000,1000,,52001.0,0.6713541746139526,0.5987264513969421,0.6583333611488342,0.6079193353652954,243,498809134,3,3
53001,1920,795015,101761920,23520,0.6583333611488342,128,53000,0.2550036907196045,1920,17,3,500000,1000,,53001.0,0.6713541746139526,0.5987228751182556,0.6583333611488342,0.6079553961753845,247,498809134,3,3
54001,1920,810015,103681920,23520,0.6583333611488342,128,54000,0.2591104507446289,1920,17,3,500000,1000,,54001.0,0.6713541746139526,0.5987164378166199,0.6583333611488342,0.6081605553627014,251,498809134,3,3
55001,1920,825015,105601920,23520,0.6583333611488342,128,55000,0.2632725238800049,1920,17,3,500000,1000,,55001.0,0.6723958253860474,0.5987139940261841,0.65625,0.607994019985199,255,498809134,3,3
56001,1920,840015,107521920,23520,0.65625,128,56000,0.2674446105957031,1920,17,3,500000,1000,,56001.0,0.671875,0.5987117886543274,0.6541666388511658,0.6078764200210571,259,498809134,3,3
57001,1920,855015,109441920,23520,0.6541666388511658,128,57000,0.2712128162384033,1920,17,3,500000,1000,,57001.0,0.6708333492279053,0.5987052321434021,0.6583333611488342,0.6080440282821655,263,498809134,3,3
58001,1920,870015,111361920,23520,0.6583333611488342,128,58000,0.2751786708831787,1920,17,3,500000,1000,,58001.0,0.6703125238418579,0.5987058877944946,0.65625,0.6080215573310852,267,498809134,3,3
59001,1920,885015,113281920,23520,0.65625,128,59000,0.2789945602416992,1920,17,3,500000,1000,,59001.0,0.6723958253860474,0.5987040400505066,0.6583333611488342,0.6078715920448303,271,498809134,3,3
60001,1920,900015,115201920,23520,0.6583333611488342,128,60000,0.2830214500427246,1920,17,3,500000,1000,,60001.0,0.6739583611488342,0.5987011194229126,0.6541666388511658,0.607992947101593,275,498809134,3,3
61001,1920,915015,117121920,23520,0.6541666388511658,128,61000,0.2870666980743408,1920,17,3,500000,1000,,61001.0,0.6734374761581421,0.5986971259117126,0.6541666388511658,0.6080240607261658,279,498809134,3,3
62001,1920,930015,119041920,23520,0.6541666388511658,128,62000,0.2912287712097168,1920,17,3,500000,1000,,62001.0,0.6723958253860474,0.5986920595169067,0.65625,0.6078907251358032,283,498809134,3,3
63001,1920,945015,120961920,23520,0.65625,128,63000,0.295184850692749,1920,17,3,500000,1000,,63001.0,0.6734374761581421,0.5986846089363098,0.6520833373069763,0.6080215573310852,287,498809134,3,3
64001,1920,960015,122881920,23520,0.6520833373069763,128,64000,0.2993767261505127,1920,17,3,500000,1000,,64001.0,0.6708333492279053,0.5986851453781128,0.65625,0.6079131960868835,291,498809134,3,3
65001,1920,975015,124801920,23520,0.65625,128,65000,0.3037688732147217,1920,17,3,500000,1000,,65001.0,0.6713541746139526,0.5986831188201904,0.65625,0.6082665920257568,295,498809134,3,3
66001,1920,990015,126721920,23520,0.65625,128,66000,0.30745387077331543,1920,17,3,500000,1000,,66001.0,0.6713541746139526,0.598683774471283,0.6625000238418579,0.6077072620391846,299,498809134,3,3
67001,1920,1005015,128641920,23520,0.6625000238418579,128,67000,0.3117666244506836,1920,17,3,500000,1000,,67001.0,0.6723958253860474,0.5986770391464233,0.6541666388511658,0.6079153418540955,303,498809134,3,3
68001,1920,1020015,130561920,23520,0.6541666388511658,128,68000,0.3158106803894043,1920,17,3,500000,1000,,68001.0,0.671875,0.5986736416816711,0.6541666388511658,0.6080493927001953,307,498809134,3,3
69001,1920,1035015,132481920,23520,0.6541666388511658,128,69000,0.31961560249328613,1920,17,3,500000,1000,,69001.0,0.6713541746139526,0.598675012588501,0.65625,0.6081981062889099,311,498809134,3,3
70001,1920,1050015,134401920,23520,0.65625,128,70000,0.3247644901275635,1920,17,3,500000,1000,,70001.0,0.6708333492279053,0.59867262840271,0.6583333611488342,0.6078348159790039,316,498809134,3,3
71001,1920,1065015,136321920,23520,0.6583333611488342,128,71000,0.3289475440979004,1920,17,3,500000,1000,,71001.0,0.671875,0.5986700654029846,0.6604166626930237,0.6078880429267883,321,498809134,3,3
72001,1920,1080015,138241920,23520,0.6604166626930237,128,72000,0.3329737186431885,1920,17,3,500000,1000,,72001.0,0.6734374761581421,0.5986694693565369,0.6541666388511658,0.6081466674804688,326,498809134,3,3
73001,1920,1095015,140161920,23520,0.6541666388511658,128,73000,0.3370087146759033,1920,17,3,500000,1000,,73001.0,0.6713541746139526,0.5986680388450623,0.65625,0.6077900528907776,331,498809134,3,3
74001,1920,1110015,142081920,23520,0.65625,128,74000,0.3414006233215332,1920,17,3,500000,1000,,74001.0,0.6729166507720947,0.5986608862876892,0.6520833373069763,0.608001172542572,336,498809134,3,3
75001,1920,1125015,144001920,23520,0.6520833373069763,128,75000,0.34571385383605957,1920,17,3,500000,1000,,75001.0,0.6713541746139526,0.5986602902412415,0.6541666388511658,0.6078033447265625,347,498809134,3,3
76001,1920,1140015,145921920,23520,0.6541666388511658,128,76000,0.3495931625366211,1920,17,3,500000,1000,,76001.0,0.6713541746139526,0.5986559987068176,0.6520833373069763,0.6079833507537842,352,498809134,3,3
77001,1920,1155015,147841920,23520,0.6520833373069763,128,77000,0.35640716552734375,1920,17,3,500000,1000,,77001.0,0.671875,0.5986568331718445,0.6520833373069763,0.6078221797943115,357,498809134,3,3
78001,1920,1170015,149761920,23520,0.6520833373069763,128,78000,0.36021900177001953,1920,17,3,500000,1000,,78001.0,0.6739583611488342,0.5986557602882385,0.6479166746139526,0.6081002354621887,362,498809134,3,3
79001,1920,1185015,151681920,23520,0.6479166746139526,128,79000,0.363940954208374,1920,17,3,500000,1000,,79001.0,0.6734374761581421,0.5986562967300415,0.6541666388511658,0.6080721020698547,367,498809134,3,3
80001,1920,1200015,153601920,23520,0.6541666388511658,128,80000,0.3695509433746338,1920,17,3,500000,1000,,80001.0,0.6734374761581421,0.5986521244049072,0.6520833373069763,0.6079569458961487,372,498809134,3,3
81001,1920,1215015,155521920,23520,0.6520833373069763,128,81000,0.3736701011657715,1920,17,3,500000,1000,,81001.0,0.6692708134651184,0.5986514687538147,0.6520833373069763,0.608295738697052,376,498809134,3,3
82001,1920,1230015,157441920,23520,0.6520833373069763,128,82000,0.37766385078430176,1920,17,3,500000,1000,,82001.0,0.6729166507720947,0.5986486673355103,0.6499999761581421,0.6081597208976746,381,498809134,3,3
83001,1920,1245015,159361920,23520,0.6499999761581421,128,83000,0.38292694091796875,1920,17,3,500000,1000,,83001.0,0.6729166507720947,0.5986455678939819,0.6499999761581421,0.6080904603004456,386,498809134,3,3
84001,1920,1260015,161281920,23520,0.6499999761581421,128,84000,0.38779497146606445,1920,17,3,500000,1000,,84001.0,0.6729166507720947,0.5986452698707581,0.6520833373069763,0.6081568598747253,390,498809134,3,3
85001,1920,1275015,163201920,23520,0.6520833373069763,128,85000,0.39180517196655273,1920,17,3,500000,1000,,85001.0,0.6723958253860474,0.5986453890800476,0.6499999761581421,0.6081428527832031,395,498809134,3,3
86001,1920,1290015,165121920,23520,0.6499999761581421,128,86000,0.3957643508911133,1920,17,3,500000,1000,,86001.0,0.6723958253860474,0.5986420512199402,0.6520833373069763,0.6081789135932922,399,498809134,3,3
87001,1920,1305015,167041920,23520,0.6520833373069763,128,87000,0.39990758895874023,1920,17,3,500000,1000,,87001.0,0.6729166507720947,0.5986402034759521,0.6520833373069763,0.60798180103302,404,498809134,3,3
88001,1920,1320015,168961920,23520,0.6520833373069763,128,88000,0.4056205749511719,1920,17,3,500000,1000,,88001.0,0.6739583611488342,0.598639190196991,0.6520833373069763,0.6082289218902588,408,498809134,3,3
89001,1920,1335015,170881920,23520,0.6520833373069763,128,89000,0.40938854217529297,1920,17,3,500000,1000,,89001.0,0.6723958253860474,0.5986422896385193,0.6520833373069763,0.6075082421302795,413,498809134,3,3
90001,1920,1350015,172801920,23520,0.6520833373069763,128,90000,0.4131205081939697,1920,17,3,500000,1000,,90001.0,0.6713541746139526,0.5986329913139343,0.6520833373069763,0.6078153848648071,417,498809134,3,3
91001,1920,1365015,174721920,23520,0.6520833373069763,128,91000,0.41702961921691895,1920,17,3,500000,1000,,91001.0,0.6713541746139526,0.5986388921737671,0.6541666388511658,0.6077200174331665,422,498809134,3,3
92001,1920,1380015,176641920,23520,0.6541666388511658,128,92000,0.4214658737182617,1920,17,3,500000,1000,,92001.0,0.671875,0.5986325740814209,0.6520833373069763,0.6080561280250549,426,498809134,3,3
93001,1920,1395015,178561920,23520,0.6520833373069763,128,93000,0.42820096015930176,1920,17,3,500000,1000,,93001.0,0.6703125238418579,0.5986377596855164,0.6520833373069763,0.6076268553733826,431,498809134,3,3
94001,1920,1410015,180481920,23520,0.6520833373069763,128,94000,0.43190813064575195,1920,17,3,500000,1000,,94001.0,0.671875,0.5986375212669373,0.65625,0.6077457666397095,436,498809134,3,3
95001,1920,1425015,182401920,23520,0.65625,128,95000,0.4357609748840332,1920,17,3,500000,1000,,95001.0,0.6729166507720947,0.5986368060112,0.6541666388511658,0.6077696681022644,441,498809134,3,3
96001,1920,1440015,184321920,23520,0.6541666388511658,128,96000,0.43944406509399414,1920,17,3,500000,1000,,96001.0,0.671875,0.5986315011978149,0.65625,0.6078476309776306,445,498809134,3,3
97001,1920,1455015,186241920,23520,0.65625,128,97000,0.444507360458374,1920,17,3,500000,1000,,97001.0,0.6734374761581421,0.5986309051513672,0.6541666388511658,0.6077852845191956,449,498809134,3,3
98001,1920,1470015,188161920,23520,0.6541666388511658,128,98000,0.45070934295654297,1920,17,3,500000,1000,,98001.0,0.671875,0.5986302495002747,0.6520833373069763,0.6077019572257996,454,498809134,3,3
99001,1920,1485015,190081920,23520,0.6520833373069763,128,99000,0.45441317558288574,1920,17,3,500000,1000,,99001.0,0.6739583611488342,0.5986269116401672,0.6541666388511658,0.6076183915138245,458,498809134,3,3
100001,1920,1500015,192001920,23520,0.6541666388511658,128,100000,0.45814013481140137,1920,17,3,500000,1000,,100001.0,0.671875,0.5986230373382568,0.6520833373069763,0.6079092621803284,462,498809134,3,3
101001,1920,1515015,193921920,23520,0.6520833373069763,128,101000,0.4619870185852051,1920,17,3,500000,1000,,101001.0,0.671875,0.5986284017562866,0.6499999761581421,0.6081896424293518,466,498809134,3,3
102001,1920,1530015,195841920,23520,0.6499999761581421,128,102000,0.4657168388366699,1920,17,3,500000,1000,,102001.0,0.6729166507720947,0.5986248850822449,0.6541666388511658,0.6079716086387634,471,498809134,3,3
103001,1920,1545015,197761920,23520,0.6541666388511658,128,103000,0.46939873695373535,1920,17,3,500000,1000,,103001.0,0.6734374761581421,0.5986301898956299,0.6499999761581421,0.6080291867256165,476,498809134,3,3
104001,1920,1560015,199681920,23520,0.6499999761581421,128,104000,0.4739675521850586,1920,17,3,500000,1000,,104001.0,0.6723958253860474,0.5986222624778748,0.6520833373069763,0.6077138185501099,482,498809134,3,3
105001,1920,1575015,201601920,23520,0.6520833373069763,128,105000,0.47769665718078613,1920,17,3,500000,1000,,105001.0,0.671875,0.5986189246177673,0.6541666388511658,0.6080043315887451,486,498809134,3,3
106001,1920,1590015,203521920,23520,0.6541666388511658,128,106000,0.48352551460266113,1920,17,3,500000,1000,,106001.0,0.6723958253860474,0.5986219048500061,0.6541666388511658,0.6080224514007568,490,498809134,3,3
107001,1920,1605015,205441920,23520,0.6541666388511658,128,107000,0.48726725578308105,1920,17,3,500000,1000,,107001.0,0.6729166507720947,0.5986225008964539,0.6520833373069763,0.6081372499465942,494,498809134,3,3
108001,1920,1620015,207361920,23520,0.6520833373069763,128,108000,0.49309229850769043,1920,17,3,500000,1000,,108001.0,0.6723958253860474,0.5986310243606567,0.65625,0.6077884435653687,499,498809134,3,3
109001,1920,1635015,209281920,23520,0.65625,128,109000,0.496901273727417,1920,17,3,500000,1000,,109001.0,0.6713541746139526,0.598620593547821,0.6520833373069763,0.6080030202865601,503,498809134,3,3
110001,1920,1650015,211201920,23520,0.6520833373069763,128,110000,0.500563383102417,1920,17,3,500000,1000,,110001.0,0.6708333492279053,0.5986174941062927,0.6520833373069763,0.6079111695289612,508,498809134,3,3
111001,1920,1665015,213121920,23520,0.6520833373069763,128,111000,0.5043785572052002,1920,17,3,500000,1000,,111001.0,0.671875,0.598614513874054,0.6541666388511658,0.608047366142273,512,498809134,3,3
112001,1920,1680015,215041920,23520,0.6541666388511658,128,112000,0.5081024169921875,1920,17,3,500000,1000,,112001.0,0.675000011920929,0.5986154079437256,0.6499999761581421,0.6080538034439087,518,498809134,3,3
113001,1920,1695015,216961920,23520,0.6499999761581421,128,113000,0.5151305198669434,1920,17,3,500000,1000,,113001.0,0.6734374761581421,0.5986116528511047,0.6499999761581421,0.6081456542015076,523,498809134,3,3
114001,1920,1710015,218881920,23520,0.6499999761581421,128,114000,0.5188195705413818,1920,17,3,500000,1000,,114001.0,0.6739583611488342,0.5986150503158569,0.6499999761581421,0.6078863739967346,528,498809134,3,3
115001,1920,1725015,220801920,23520,0.6499999761581421,128,115000,0.5226686000823975,1920,17,3,500000,1000,,115001.0,0.6744791865348816,0.5986146330833435,0.6520833373069763,0.6079157590866089,533,498809134,3,3
116001,1920,1740015,222721920,23520,0.6520833373069763,128,116000,0.5265457630157471,1920,17,3,500000,1000,,116001.0,0.671875,0.5986133813858032,0.6520833373069763,0.6078231930732727,538,498809134,3,3
117001,1920,1755015,224641920,23520,0.6520833373069763,128,117000,0.5307588577270508,1920,17,3,500000,1000,,117001.0,0.671875,0.5986126065254211,0.6541666388511658,0.6077693700790405,542,498809134,3,3
118001,1920,1770015,226561920,23520,0.6541666388511658,128,118000,0.5344738960266113,1920,17,3,500000,1000,,118001.0,0.6734374761581421,0.5986101627349854,0.6541666388511658,0.6079780459403992,546,498809134,3,3
119001,1920,1785015,228481920,23520,0.6541666388511658,128,119000,0.5395798683166504,1920,17,3,500000,1000,,119001.0,0.6744791865348816,0.5986140370368958,0.6541666388511658,0.60787433385849,550,498809134,3,3
120001,1920,1800015,230401920,23520,0.6541666388511658,128,120000,0.5433409214019775,1920,17,3,500000,1000,,120001.0,0.6729166507720947,0.5986091494560242,0.6541666388511658,0.6080952286720276,555,498809134,3,3
121001,1920,1815015,232321920,23520,0.6541666388511658,128,121000,0.547069787979126,1920,17,3,500000,1000,,121001.0,0.6723958253860474,0.5986086130142212,0.6541666388511658,0.6080650687217712,559,498809134,3,3
122001,1920,1830015,234241920,23520,0.6541666388511658,128,122000,0.5508058071136475,1920,17,3,500000,1000,,122001.0,0.6729166507720947,0.5986074805259705,0.6541666388511658,0.6080732941627502,563,498809134,3,3
123001,1920,1845015,236161920,23520,0.6541666388511658,128,123000,0.5545318126678467,1920,17,3,500000,1000,,123001.0,0.6723958253860474,0.5986063480377197,0.6499999761581421,0.6082542538642883,567,498809134,3,3
124001,1920,1860015,238081920,23520,0.6499999761581421,128,124000,0.5585496425628662,1920,17,3,500000,1000,,124001.0,0.6734374761581421,0.598608672618866,0.6541666388511658,0.6081924438476562,571,498809134,3,3
125001,1920,1875015,240001920,23520,0.6541666388511658,128,125000,0.5622715950012207,1920,17,3,500000,1000,,125001.0,0.6723958253860474,0.5986074805259705,0.6499999761581421,0.6080031991004944,576,498809134,3,3
126001,1920,1890015,241921920,23520,0.6499999761581421,128,126000,0.5659627914428711,1920,17,3,500000,1000,,126001.0,0.671875,0.5986068844795227,0.6520833373069763,0.6078802943229675,580,498809134,3,3
127001,1920,1905015,243841920,23520,0.6520833373069763,128,127000,0.5709197521209717,1920,17,3,500000,1000,,127001.0,0.6729166507720947,0.5986092686653137,0.6520833373069763,0.6080263257026672,584,498809134,3,3
128001,1920,1920015,245761920,23520,0.6520833373069763,128,128000,0.5746986865997314,1920,17,3,500000,1000,,128001.0,0.6729166507720947,0.5986044406890869,0.6520833373069763,0.6080931425094604,588,498809134,3,3
129001,1920,1935015,247681920,23520,0.6520833373069763,128,129000,0.5783693790435791,1920,17,3,500000,1000,,129001.0,0.6723958253860474,0.5986013412475586,0.6520833373069763,0.6082600951194763,593,498809134,3,3
130001,1920,1950015,249601920,23520,0.6520833373069763,128,130000,0.5822792053222656,1920,17,3,500000,1000,,130001.0,0.671875,0.5986053943634033,0.6520833373069763,0.6080223321914673,598,498809134,3,3
131001,1920,1965015,251521920,23520,0.6520833373069763,128,131000,0.586618185043335,1920,17,3,500000,1000,,131001.0,0.6739583611488342,0.5986049771308899,0.6499999761581421,0.6081887483596802,602,498809134,3,3
132001,1920,1980015,253441920,23520,0.6499999761581421,128,132000,0.5905148983001709,1920,17,3,500000,1000,,132001.0,0.6744791865348816,0.5986050367355347,0.6499999761581421,0.6081411242485046,607,498809134,3,3
133001,1920,1995015,255361920,23520,0.6499999761581421,128,133000,0.5963389873504639,1920,17,3,500000,1000,,133001.0,0.6729166507720947,0.5986050963401794,0.6520833373069763,0.6078978180885315,612,498809134,3,3
134001,1920,2010015,257281920,23520,0.6520833373069763,128,134000,0.6001298427581787,1920,17,3,500000,1000,,134001.0,0.6744791865348816,0.5986030697822571,0.6499999761581421,0.6078068017959595,616,498809134,3,3
135001,1920,2025015,259201920,23520,0.6499999761581421,128,135000,0.6044507026672363,1920,17,3,500000,1000,,135001.0,0.6723958253860474,0.598605751991272,0.6520833373069763,0.6076449751853943,620,498809134,3,3
136001,1920,2040015,261121920,23520,0.6520833373069763,128,136000,0.608361005783081,1920,17,3,500000,1000,,136001.0,0.6729166507720947,0.5985986590385437,0.6520833373069763,0.6078857183456421,624,498809134,3,3
137001,1920,2055015,263041920,23520,0.6520833373069763,128,137000,0.6123032569885254,1920,17,3,500000,1000,,137001.0,0.6739583611488342,0.5985965728759766,0.6541666388511658,0.6079961657524109,628,498809134,3,3
138001,1920,2070015,264961920,23520,0.6541666388511658,128,138000,0.6161882877349854,1920,17,3,500000,1000,,138001.0,0.6729166507720947,0.5986003279685974,0.6541666388511658,0.6078082323074341,632,498809134,3,3
139001,1920,2085015,266881920,23520,0.6541666388511658,128,139000,0.6201753616333008,1920,17,3,500000,1000,,139001.0,0.6723958253860474,0.598598301410675,0.6520833373069763,0.6078230142593384,636,498809134,3,3
140001,1920,2100015,268801920,23520,0.6520833373069763,128,140000,0.6241405010223389,1920,17,3,500000,1000,,140001.0,0.675000011920929,0.5986047387123108,0.6520833373069763,0.6077128648757935,640,498809134,3,3
141001,1920,2115015,270721920,23520,0.6520833373069763,128,141000,0.627922773361206,1920,17,3,500000,1000,,141001.0,0.6729166507720947,0.5985995531082153,0.6499999761581421,0.6078751683235168,644,498809134,3,3
142001,1920,2130015,272641920,23520,0.6499999761581421,128,142000,0.631685733795166,1920,17,3,500000,1000,,142001.0,0.6729166507720947,0.5985977053642273,0.6520833373069763,0.6080335974693298,648,498809134,3,3
143001,1920,2145015,274561920,23520,0.6520833373069763,128,143000,0.6354548931121826,1920,17,3,500000,1000,,143001.0,0.6723958253860474,0.5985968708992004,0.6520833373069763,0.6076421141624451,652,498809134,3,3
144001,1920,2160015,276481920,23520,0.6520833373069763,128,144000,0.6393067836761475,1920,17,3,500000,1000,,144001.0,0.6729166507720947,0.5985999703407288,0.6541666388511658,0.6079263091087341,656,498809134,3,3
145001,1920,2175015,278401920,23520,0.6541666388511658,128,145000,0.6440689563751221,1920,17,3,500000,1000,,145001.0,0.6734374761581421,0.5985962152481079,0.6541666388511658,0.6077730655670166,660,498809134,3,3
146001,1920,2190015,280321920,23520,0.6541666388511658,128,146000,0.6478476524353027,1920,17,3,500000,1000,,146001.0,0.6708333492279053,0.5985976457595825,0.6520833373069763,0.607988715171814,664,498809134,3,3
147001,1920,2205015,282241920,23520,0.6520833373069763,128,147000,0.6516938209533691,1920,17,3,500000,1000,,147001.0,0.671875,0.5985990166664124,0.6520833373069763,0.6080697178840637,668,498809134,3,3
148001,1920,2220015,284161920,23520,0.6520833373069763,128,148000,0.6562888622283936,1920,17,3,500000,1000,,148001.0,0.6729166507720947,0.5985973477363586,0.6520833373069763,0.608344316482544,672,498809134,3,3
149001,1920,2235015,286081920,23520,0.6520833373069763,128,149000,0.6600117683410645,1920,17,3,500000,1000,,149001.0,0.6739583611488342,0.5985945463180542,0.6541666388511658,0.6081229448318481,676,498809134,3,3
150001,1920,2250015,288001920,23520,0.6541666388511658,128,150000,0.663705587387085,1920,17,3,500000,1000,,150001.0,0.6723958253860474,0.598598062992096,0.6541666388511658,0.6078208088874817,681,498809134,3,3
151001,1920,2265015,289921920,23520,0.6541666388511658,128,151000,0.6674075126647949,1920,17,3,500000,1000,,151001.0,0.6703125238418579,0.5985924601554871,0.6520833373069763,0.6080096960067749,685,498809134,3,3
152001,1920,2280015,291841920,23520,0.6520833373069763,128,152000,0.6712653636932373,1920,17,3,500000,1000,,152001.0,0.6703125238418579,0.5985942482948303,0.6520833373069763,0.6078027486801147,689,498809134,3,3
153001,1920,2295015,293761920,23520,0.6520833373069763,128,153000,0.6749732494354248,1920,17,3,500000,1000,,153001.0,0.671875,0.5985966920852661,0.6520833373069763,0.6078714728355408,693,498809134,3,3
154001,1920,2310015,295681920,23520,0.6520833373069763,128,154000,0.6790871620178223,1920,17,3,500000,1000,,154001.0,0.6729166507720947,0.5985937714576721,0.6541666388511658,0.6079508066177368,698,498809134,3,3
155001,1920,2325015,297601920,23520,0.6541666388511658,128,155000,0.6926469802856445,1920,17,3,500000,1000,,155001.0,0.6703125238418579,0.5985941290855408,0.6541666388511658,0.6080518364906311,702,498809134,3,3
156001,1920,2340015,299521920,23520,0.6541666388511658,128,156000,0.6966166496276855,1920,17,3,500000,1000,,156001.0,0.6723958253860474,0.5985957384109497,0.6520833373069763,0.6082341074943542,706,498809134,3,3
157001,1920,2355015,301441920,23520,0.6520833373069763,128,157000,0.70033860206604,1920,17,3,500000,1000,,157001.0,0.6734374761581421,0.5985921025276184,0.6499999761581421,0.6081904172897339,710,498809134,3,3
158001,1920,2370015,303361920,23520,0.6499999761581421,128,158000,0.7041656970977783,1920,17,3,500000,1000,,158001.0,0.6697916388511658,0.598591685295105,0.6499999761581421,0.6082932949066162,714,498809134,3,3
159001,1920,2385015,305281920,23520,0.6499999761581421,128,159000,0.7078855037689209,1920,17,3,500000,1000,,159001.0,0.6723958253860474,0.5985935926437378,0.6479166746139526,0.6082926988601685,718,498809134,3,3
160001,1920,2400015,307201920,23520,0.6479166746139526,128,160000,0.7116076946258545,1920,17,3,500000,1000,,160001.0,0.6723958253860474,0.5985919237136841,0.6520833373069763,0.6080301403999329,723,498809134,3,3
161001,1920,2415015,309121920,23520,0.6520833373069763,128,161000,0.7163815498352051,1920,17,3,500000,1000,,161001.0,0.671875,0.598594605922699,0.6499999761581421,0.6076105237007141,727,498809134,3,3
162001,1920,2430015,311041920,23520,0.6499999761581421,128,162000,0.7223656177520752,1920,17,3,500000,1000,,162001.0,0.671875,0.5985961556434631,0.6520833373069763,0.6078541874885559,732,498809134,3,3
163001,1920,2445015,312961920,23520,0.6520833373069763,128,163000,0.7264513969421387,1920,17,3,500000,1000,,163001.0,0.6739583611488342,0.5985965728759766,0.6479166746139526,0.6081319451332092,737,498809134,3,3
164001,1920,2460015,314881920,23520,0.6479166746139526,128,164000,0.7301814556121826,1920,17,3,500000,1000,,164001.0,0.6739583611488342,0.598593533039093,0.6479166746139526,0.6080578565597534,741,498809134,3,3
165001,1920,2475015,316801920,23520,0.6479166746139526,128,165000,0.7361104488372803,1920,17,3,500000,1000,,165001.0,0.6723958253860474,0.598591685295105,0.6499999761581421,0.6080315709114075,745,498809134,3,3
166001,1920,2490015,318721920,23520,0.6499999761581421,128,166000,0.7398524284362793,1920,17,3,500000,1000,,166001.0,0.671875,0.598594605922699,0.6541666388511658,0.6078372597694397,749,498809134,3,3
167001,1920,2505015,320641920,23520,0.6541666388511658,128,167000,0.7436246871948242,1920,17,3,500000,1000,,167001.0,0.6723958253860474,0.5985914468765259,0.6520833373069763,0.6079751253128052,754,498809134,3,3
168001,1920,2520015,322561920,23520,0.6520833373069763,128,168000,0.7473468780517578,1920,17,3,500000,1000,,168001.0,0.675000011920929,0.5985918641090393,0.6541666388511658,0.6080524325370789,759,498809134,3,3
169001,1920,2535015,324481920,23520,0.6541666388511658,128,169000,0.7510809898376465,1920,17,3,500000,1000,,169001.0,0.6713541746139526,0.5985928177833557,0.6520833373069763,0.6079709529876709,763,498809134,3,3
170001,1920,2550015,326401920,23520,0.6520833373069763,128,170000,0.7548339366912842,1920,17,3,500000,1000,,170001.0,0.6708333492279053,0.59859299659729,0.6520833373069763,0.6080578565597534,767,498809134,3,3
171001,1920,2565015,328321920,23520,0.6520833373069763,128,171000,0.7585289478302002,1920,17,3,500000,1000,,171001.0,0.6723958253860474,0.5985879302024841,0.6499999761581421,0.6081622242927551,771,498809134,3,3
172001,1920,2580015,330241920,23520,0.6499999761581421,128,172000,0.7623789310455322,1920,17,3,500000,1000,,172001.0,0.6729166507720947,0.5985912084579468,0.6520833373069763,0.6084675192832947,775,498809134,3,3
173001,1920,2595015,332161920,23520,0.6520833373069763,128,173000,0.7676041126251221,1920,17,3,500000,1000,,173001.0,0.6723958253860474,0.5985890030860901,0.6499999761581421,0.6080278754234314,780,498809134,3,3
174001,1920,2610015,334081920,23520,0.6499999761581421,128,174000,0.7722530364990234,1920,17,3,500000,1000,,174001.0,0.6713541746139526,0.5985891819000244,0.6520833373069763,0.6080158948898315,784,498809134,3,3
175001,1920,2625015,336001920,23520,0.6520833373069763,128,175000,0.7760968208312988,1920,17,3,500000,1000,,175001.0,0.6729166507720947,0.598590612411499,0.6520833373069763,0.6079509854316711,789,498809134,3,3
176001,1920,2640015,337921920,23520,0.6520833373069763,128,176000,0.7804088592529297,1920,17,3,500000,1000,,176001.0,0.6739583611488342,0.598590075969696,0.6541666388511658,0.6079427599906921,793,498809134,3,3
177001,1920,2655015,339841920,23520,0.6541666388511658,128,177000,0.7844977378845215,1920,17,3,500000,1000,,177001.0,0.6723958253860474,0.598591685295105,0.6520833373069763,0.6080864071846008,798,498809134,3,3
178001,1920,2670015,341761920,23520,0.6520833373069763,128,178000,0.788233757019043,1920,17,3,500000,1000,,178001.0,0.6729166507720947,0.5985888838768005,0.6541666388511658,0.6079835891723633,802,498809134,3,3
179001,1920,2685015,343681920,23520,0.6541666388511658,128,179000,0.7919278144836426,1920,17,3,500000,1000,,179001.0,0.671875,0.5985877513885498,0.6541666388511658,0.6079446077346802,806,498809134,3,3
180001,1920,2700015,345601920,23520,0.6541666388511658,128,180000,0.7960646152496338,1920,17,3,500000,1000,,180001.0,0.6729166507720947,0.5985950827598572,0.6520833373069763,0.6077840924263,810,498809134,3,3
181001,1920,2715015,347521920,23520,0.6520833373069763,128,181000,0.8071637153625488,1920,17,3,500000,1000,,181001.0,0.6697916388511658,0.5985842347145081,0.6520833373069763,0.608212411403656,815,498809134,3,3
182001,1920,2730015,349441920,23520,0.6520833373069763,128,182000,0.8108758926391602,1920,17,3,500000,1000,,182001.0,0.6734374761581421,0.5985862612724304,0.6520833373069763,0.6081455945968628,819,498809134,3,3
183001,1920,2745015,351361920,23520,0.6520833373069763,128,183000,0.8146107196807861,1920,17,3,500000,1000,,183001.0,0.6734374761581421,0.5985869765281677,0.6499999761581421,0.6081944108009338,823,498809134,3,3
184001,1920,2760015,353281920,23520,0.6499999761581421,128,184000,0.8183407783508301,1920,17,3,500000,1000,,184001.0,0.6723958253860474,0.5985831022262573,0.6541666388511658,0.6081281900405884,827,498809134,3,3
185001,1920,2775015,355201920,23520,0.6541666388511658,128,185000,0.8223130702972412,1920,17,3,500000,1000,,185001.0,0.6708333492279053,0.5985860824584961,0.6520833373069763,0.6079692244529724,832,498809134,3,3
186001,1920,2790015,357121920,23520,0.6520833373069763,128,186000,0.8262069225311279,1920,17,3,500000,1000,,186001.0,0.6729166507720947,0.5985860824584961,0.6520833373069763,0.6080076098442078,837,498809134,3,3
187001,1920,2805015,359041920,23520,0.6520833373069763,128,187000,0.8323369026184082,1920,17,3,500000,1000,,187001.0,0.6723958253860474,0.5985881686210632,0.6499999761581421,0.608159065246582,842,498809134,3,3
188001,1920,2820015,360961920,23520,0.6499999761581421,128,188000,0.8373699188232422,1920,17,3,500000,1000,,188001.0,0.6734374761581421,0.598584771156311,0.6520833373069763,0.6083147525787354,852,498809134,3,3
189001,1920,2835015,362881920,23520,0.6520833373069763,128,189000,0.847754955291748,1920,17,3,500000,1000,,189001.0,0.6713541746139526,0.5985826849937439,0.6520833373069763,0.6080435514450073,863,498809134,3,3
190001,1920,2850015,364801920,23520,0.6520833373069763,128,190000,0.8556461334228516,1920,17,3,500000,1000,,190001.0,0.6729166507720947,0.5985829830169678,0.6479166746139526,0.6083305478096008,873,498809134,3,3
191001,1920,2865015,366721920,23520,0.6479166746139526,128,191000,0.8594441413879395,1920,17,3,500000,1000,,191001.0,0.6729166507720947,0.5985905528068542,0.6541666388511658,0.6081829071044922,878,498809134,3,3
192001,1920,2880015,368641920,23520,0.6541666388511658,128,192000,0.8678784370422363,1920,17,3,500000,1000,,192001.0,0.6723958253860474,0.5985840559005737,0.6541666388511658,0.6080105304718018,885,498809134,3,3
193001,1920,2895015,370561920,23520,0.6541666388511658,128,193000,0.8716881275177002,1920,17,3,500000,1000,,193001.0,0.6713541746139526,0.5985867977142334,0.6541666388511658,0.6079839468002319,889,498809134,3,3
194001,1920,2910015,372481920,23520,0.6541666388511658,128,194000,0.8754031658172607,1920,17,3,500000,1000,,194001.0,0.6734374761581421,0.5985866785049438,0.6541666388511658,0.6080169677734375,895,498809134,3,3
195001,1920,2925015,374401920,23520,0.6541666388511658,128,195000,0.8795630931854248,1920,17,3,500000,1000,,195001.0,0.671875,0.5985847115516663,0.6520833373069763,0.6078179478645325,900,498809134,3,3
196001,1920,2940015,376321920,23520,0.6520833373069763,128,196000,0.8832991123199463,1920,17,3,500000,1000,,196001.0,0.6729166507720947,0.5985836386680603,0.6520833373069763,0.6079341769218445,904,498809134,3,3
197001,1920,2955015,378241920,23520,0.6520833373069763,128,197000,0.8869850635528564,1920,17,3,500000,1000,,197001.0,0.6723958253860474,0.5985845923423767,0.6520833373069763,0.6080417037010193,909,498809134,3,3
198001,1920,2970015,380161920,23520,0.6520833373069763,128,198000,0.8924233913421631,1920,17,3,500000,1000,,198001.0,0.6723958253860474,0.598583459854126,0.6499999761581421,0.6079672574996948,913,498809134,3,3
199001,1920,2985015,382081920,23520,0.6499999761581421,128,199000,0.8966531753540039,1920,17,3,500000,1000,,199001.0,0.6723958253860474,0.5985816717147827,0.6541666388511658,0.6080859899520874,917,498809134,3,3
200001,1920,3000015,384001920,23520,0.6541666388511658,128,200000,0.9003572463989258,1920,17,3,500000,1000,,200001.0,0.6739583611488342,0.5985832214355469,0.6499999761581421,0.6080594658851624,921,498809134,3,3
201001,1920,3015015,385921920,23520,0.6499999761581421,128,201000,0.9049601554870605,1920,17,3,500000,1000,,201001.0,0.675000011920929,0.598586916923523,0.6541666388511658,0.6076514720916748,925,498809134,3,3
202001,1920,3030015,387841920,23520,0.6541666388511658,128,202000,0.9086482524871826,1920,17,3,500000,1000,,202001.0,0.6729166507720947,0.5985813736915588,0.6520833373069763,0.6080116033554077,929,498809134,3,3
203001,1920,3045015,389761920,23520,0.6520833373069763,128,203000,0.912358283996582,1920,17,3,500000,1000,,203001.0,0.6708333492279053,0.5985805988311768,0.6520833373069763,0.6079097390174866,933,498809134,3,3
204001,1920,3060015,391681920,23520,0.6520833373069763,128,204000,0.9160661697387695,1920,17,3,500000,1000,,204001.0,0.6713541746139526,0.5985838770866394,0.6520833373069763,0.6078565120697021,937,498809134,3,3
205001,1920,3075015,393601920,23520,0.6520833373069763,128,205000,0.919774055480957,1920,17,3,500000,1000,,205001.0,0.6755208373069763,0.5985825657844543,0.6520833373069763,0.6080313324928284,942,498809134,3,3
206001,1920,3090015,395521920,23520,0.6520833373069763,128,206000,0.9250140190124512,1920,17,3,500000,1000,,206001.0,0.6729166507720947,0.5985795855522156,0.6541666388511658,0.6080204248428345,946,498809134,3,3
207001,1920,3105015,397441920,23520,0.6541666388511658,128,207000,0.9287099838256836,1920,17,3,500000,1000,,207001.0,0.6708333492279053,0.5985823273658752,0.6520833373069763,0.6080583930015564,950,498809134,3,3
208001,1920,3120015,399361920,23520,0.6520833373069763,128,208000,0.9324140548706055,1920,17,3,500000,1000,,208001.0,0.6708333492279053,0.598580539226532,0.6541666388511658,0.607931911945343,954,498809134,3,3
209001,1920,3135015,401281920,23520,0.6541666388511658,128,209000,0.9360921382904053,1920,17,3,500000,1000,,209001.0,0.671875,0.5985848903656006,0.6541666388511658,0.6083128452301025,958,498809134,3,3
210001,1920,3150015,403201920,23520,0.6541666388511658,128,210000,0.9397974014282227,1920,17,3,500000,1000,,210001.0,0.671875,0.5985831618309021,0.6520833373069763,0.6080192923545837,963,498809134,3,3
211001,1920,3165015,405121920,23520,0.6520833373069763,128,211000,0.9434952735900879,1920,17,3,500000,1000,,211001.0,0.6723958253860474,0.5985806584358215,0.6541666388511658,0.6081288456916809,967,498809134,3,3
212001,1920,3180015,407041920,23520,0.6541666388511658,128,212000,0.9475095272064209,1920,17,3,500000,1000,,212001.0,0.671875,0.5985797047615051,0.6520833373069763,0.608013391494751,971,498809134,3,3
213001,1920,3195015,408961920,23520,0.6520833373069763,128,213000,0.9569504261016846,1920,17,3,500000,1000,,213001.0,0.6723958253860474,0.5985832214355469,0.6541666388511658,0.6078760623931885,976,498809134,3,3
214001,1920,3210015,410881920,23520,0.6541666388511658,128,214000,0.9607894420623779,1920,17,3,500000,1000,,214001.0,0.6713541746139526,0.5985822081565857,0.6520833373069763,0.6079614162445068,980,498809134,3,3
215001,1920,3225015,412801920,23520,0.6520833373069763,128,215000,0.9656486511230469,1920,17,3,500000,1000,,215001.0,0.6723958253860474,0.5985774993896484,0.6520833373069763,0.6080295443534851,985,498809134,3,3
216001,1920,3240015,414721920,23520,0.6520833373069763,128,216000,0.9701786041259766,1920,17,3,500000,1000,,216001.0,0.6723958253860474,0.598579466342926,0.6520833373069763,0.6079652309417725,990,498809134,3,3
217001,1920,3255015,416641920,23520,0.6520833373069763,128,217000,0.9741437435150146,1920,17,3,500000,1000,,217001.0,0.6734374761581421,0.598580002784729,0.6499999761581421,0.6080310344696045,994,498809134,3,3
218001,1920,3270015,418561920,23520,0.6499999761581421,128,218000,0.9778168201446533,1920,17,3,500000,1000,,218001.0,0.6708333492279053,0.5985793471336365,0.6520833373069763,0.6077438592910767,998,498809134,3,3
219001,1920,3285015,420481920,23520,0.6520833373069763,128,219000,0.9818511009216309,1920,17,3,500000,1000,,219001.0,0.6734374761581421,0.5985789895057678,0.6541666388511658,0.6079697012901306,1003,498809134,3,3
220001,1920,3300015,422401920,23520,0.6541666388511658,128,220000,1.0759162902832031,1920,17,3,500000,1000,,220001.0,0.6734374761581421,0.5985807776451111,0.6541666388511658,0.6077173948287964,1046,498809134,3,3
221001,1920,3315015,424321920,23520,0.6541666388511658,128,221000,1.0844135284423828,1920,17,3,500000,1000,,221001.0,0.6739583611488342,0.5985826849937439,0.6499999761581421,0.6076667308807373,1104,498809134,3,3
222001,1920,3330015,426241920,23520,0.6499999761581421,128,222000,1.088416576385498,1920,17,3,500000,1000,,222001.0,0.6755208373069763,0.5985839366912842,0.6520833373069763,0.6078657507896423,1122,498809134,3,3
223001,1920,3345015,428161920,23520,0.6520833373069763,128,223000,1.0954177379608154,1920,17,3,500000,1000,,223001.0,0.6739583611488342,0.5985812544822693,0.6520833373069763,0.6082046627998352,1131,498809134,3,3
224001,1920,3360015,430081920,23520,0.6520833373069763,128,224000,1.0993807315826416,1920,17,3,500000,1000,,224001.0,0.671875,0.5985831022262573,0.6520833373069763,0.6080235242843628,1137,498809134,3,3
225001,1920,3375015,432001920,23520,0.6520833373069763,128,225000,1.1034998893737793,1920,17,3,500000,1000,,225001.0,0.6723958253860474,0.5985851287841797,0.6541666388511658,0.6082210540771484,1142,498809134,3,3
226001,1920,3390015,433921920,23520,0.6541666388511658,128,226000,1.1071898937225342,1920,17,3,500000,1000,,226001.0,0.6697916388511658,0.5985775589942932,0.6520833373069763,0.6080862283706665,1147,498809134,3,3
227001,1920,3405015,435841920,23520,0.6520833373069763,128,227000,1.1117489337921143,1920,17,3,500000,1000,,227001.0,0.6723958253860474,0.5985776782035828,0.6541666388511658,0.6081826686859131,1152,498809134,3,3
228001,1920,3420015,437761920,23520,0.6541666388511658,128,228000,1.136850118637085,1920,17,3,500000,1000,,228001.0,0.6729166507720947,0.5985793471336365,0.6541666388511658,0.6080695986747742,1162,498809134,3,3
229001,1920,3435015,439681920,23520,0.6541666388511658,128,229000,1.1426770687103271,1920,17,3,500000,1000,,229001.0,0.671875,0.5985772013664246,0.6541666388511658,0.6079723238945007,1168,498809134,3,3
230001,1920,3450015,441601920,23520,0.6541666388511658,128,230000,1.1484711170196533,1920,17,3,500000,1000,,230001.0,0.6713541746139526,0.5985823273658752,0.6541666388511658,0.607805609703064,1173,498809134,3,3
231001,1920,3465015,443521920,23520,0.6541666388511658,128,231000,1.1521332263946533,1920,17,3,500000,1000,,231001.0,0.6713541746139526,0.5985811352729797,0.6520833373069763,0.6080721020698547,1177,498809134,3,3
232001,1920,3480015,445441920,23520,0.6520833373069763,128,232000,1.155884027481079,1920,17,3,500000,1000,,232001.0,0.6739583611488342,0.5985809564590454,0.6520833373069763,0.6080802083015442,1182,498809134,3,3
233001,1920,3495015,447361920,23520,0.6520833373069763,128,233000,1.159954309463501,1920,17,3,500000,1000,,233001.0,0.671875,0.5985748767852783,0.6520833373069763,0.6082490682601929,1187,498809134,3,3
234001,1920,3510015,449281920,23520,0.6520833373069763,128,234000,1.167494297027588,1920,17,3,500000,1000,,234001.0,0.6739583611488342,0.5985773801803589,0.6541666388511658,0.6078328490257263,1193,498809134,3,3
235001,1920,3525015,451201920,23520,0.6541666388511658,128,235000,1.1712713241577148,1920,17,3,500000,1000,,235001.0,0.6723958253860474,0.5985758900642395,0.6541666388511658,0.6079432964324951,1202,498809134,3,3
236001,1920,3540015,453121920,23520,0.6541666388511658,128,236000,1.1759042739868164,1920,17,3,500000,1000,,236001.0,0.671875,0.5985732674598694,0.6520833373069763,0.6079862117767334,1211,498809134,3,3
237001,1920,3555015,455041920,23520,0.6520833373069763,128,237000,1.181549072265625,1920,17,3,500000,1000,,237001.0,0.6723958253860474,0.5985791683197021,0.6541666388511658,0.6076555848121643,1216,498809134,3,3
238001,1920,3570015,456961920,23520,0.6541666388511658,128,238000,1.1854329109191895,1920,17,3,500000,1000,,238001.0,0.6703125238418579,0.5985795259475708,0.6541666388511658,0.6076938509941101,1231,498809134,3,3
239001,1920,3585015,458881920,23520,0.6541666388511658,128,239000,1.1894547939300537,1920,17,3,500000,1000,,239001.0,0.6729166507720947,0.5985804796218872,0.6541666388511658,0.6079461574554443,1239,498809134,3,3
240001,1920,3600015,460801920,23520,0.6541666388511658,128,240000,1.1936368942260742,1920,17,3,500000,1000,,240001.0,0.6713541746139526,0.5985790491104126,0.6520833373069763,0.6080172061920166,1244,498809134,3,3
241001,1920,3615015,462721920,23520,0.6520833373069763,128,241000,1.1989059448242188,1920,17,3,500000,1000,,241001.0,0.6713541746139526,0.598578155040741,0.6499999761581421,0.6080434322357178,1250,498809134,3,3
242001,1920,3630015,464641920,23520,0.6499999761581421,128,242000,1.20302414894104,1920,17,3,500000,1000,,242001.0,0.6729166507720947,0.5985780954360962,0.6499999761581421,0.6080695986747742,1256,498809134,3,3
243001,1920,3645015,466561920,23520,0.6499999761581421,128,243000,1.2070810794830322,1920,17,3,500000,1000,,243001.0,0.6708333492279053,0.5985777974128723,0.6499999761581421,0.6080862879753113,1262,498809134,3,3
244001,1920,3660015,468481920,23520,0.6499999761581421,128,244000,1.2107770442962646,1920,17,3,500000,1000,,244001.0,0.6708333492279053,0.598574697971344,0.6520833373069763,0.6083223223686218,1267,498809134,3,3
245001,1920,3675015,470401920,23520,0.6520833373069763,128,245000,1.2182371616363525,1920,17,3,500000,1000,,245001.0,0.6708333492279053,0.5985772013664246,0.6520833373069763,0.6081695556640625,1277,498809134,3,3
246001,1920,3690015,472321920,23520,0.6520833373069763,128,246000,1.2221062183380127,1920,17,3,500000,1000,,246001.0,0.671875,0.5985799431800842,0.6541666388511658,0.6078799366950989,1314,498809134,3,3
247001,1920,3705015,474241920,23520,0.6541666388511658,128,247000,1.2263312339782715,1920,17,3,500000,1000,,247001.0,0.6729166507720947,0.5985749363899231,0.6520833373069763,0.6080655455589294,1348,498809134,3,3
248001,1920,3720015,476161920,23520,0.6520833373069763,128,248000,1.2301030158996582,1920,17,3,500000,1000,,248001.0,0.6713541746139526,0.5985768437385559,0.6541666388511658,0.607974112033844,1352,498809134,3,3
249001,1920,3735015,478081920,23520,0.6541666388511658,128,249000,1.234086036682129,1920,17,3,500000,1000,,249001.0,0.6708333492279053,0.5985788106918335,0.6541666388511658,0.6078822016716003,1356,498809134,3,3
250001,1920,3750015,480001920,23520,0.6541666388511658,128,250000,1.2379400730133057,1920,17,3,500000,1000,,250001.0,0.6729166507720947,0.5985796451568604,0.6541666388511658,0.6077963709831238,1360,498809134,3,3
251001,1920,3765015,481921920,23520,0.6541666388511658,128,251000,1.2418057918548584,1920,17,3,500000,1000,,251001.0,0.6723958253860474,0.5985742211341858,0.6520833373069763,0.6079375743865967,1365,498809134,3,3
252001,1920,3780015,483841920,23520,0.6520833373069763,128,252000,1.2463829517364502,1920,17,3,500000,1000,,252001.0,0.6703125238418579,0.5985763669013977,0.6499999761581421,0.6080018281936646,1369,498809134,3,3
253001,1920,3795015,485761920,23520,0.6499999761581421,128,253000,1.2502198219299316,1920,17,3,500000,1000,,253001.0,0.6734374761581421,0.5985831618309021,0.6541666388511658,0.6083033680915833,1373,498809134,3,3
254001,1920,3810015,487681920,23520,0.6541666388511658,128,254000,1.2542145252227783,1920,17,3,500000,1000,,254001.0,0.6729166507720947,0.5985739231109619,0.6541666388511658,0.6081230640411377,1377,498809134,3,3
255001,1920,3825015,489601920,23520,0.6541666388511658,128,255000,1.2591664791107178,1920,17,3,500000,1000,,255001.0,0.6739583611488342,0.5985754132270813,0.6541666388511658,0.6077091097831726,1381,498809134,3,3
256001,1920,3840015,491521920,23520,0.6541666388511658,128,256000,1.2864024639129639,1920,17,3,500000,1000,,256001.0,0.6723958253860474,0.5985791683197021,0.6520833373069763,0.6077190637588501,1386,498809134,3,3
257001,1920,3855015,493441920,23520,0.6520833373069763,128,257000,1.291703462600708,1920,17,3,500000,1000,,257001.0,0.6744791865348816,0.5985754728317261,0.6541666388511658,0.6077843904495239,1390,498809134,3,3
258001,1920,3870015,495361920,23520,0.6541666388511658,128,258000,1.2957656383514404,1920,17,3,500000,1000,,258001.0,0.6739583611488342,0.5985764861106873,0.6520833373069763,0.6076404452323914,1394,498809134,3,3
259001,1920,3885015,497281920,23520,0.6520833373069763,128,259000,1.299595594406128,1920,17,3,500000,1000,,259001.0,0.6723958253860474,0.598577082157135,0.6520833373069763,0.6076552867889404,1398,498809134,3,3
260001,1920,3900015,499201920,23520,0.6520833373069763,128,260000,1.3036575317382812,1920,17,3,500000,1000,,260001.0,0.6723958253860474,0.5985773205757141,0.6520833373069763,0.607923150062561,1403,498809134,3,3
261001,1920,3915015,501121920,23520,0.6520833373069763,128,261000,1.3074963092803955,1920,17,3,500000,1000,,261001.0,0.671875,0.598573625087738,0.6541666388511658,0.6077544689178467,1407,498809134,3,3
262001,1920,3930015,503041920,23520,0.6541666388511658,128,262000,1.312265396118164,1920,17,3,500000,1000,,262001.0,0.671875,0.5985800623893738,0.6520833373069763,0.607979416847229,1411,498809134,3,3
263001,1920,3945015,504961920,23520,0.6520833373069763,128,263000,1.3162662982940674,1920,17,3,500000,1000,,263001.0,0.671875,0.5985743403434753,0.6520833373069763,0.6080235838890076,1415,498809134,3,3
264001,1920,3960015,506881920,23520,0.6520833373069763,128,264000,1.3200750350952148,1920,17,3,500000,1000,,264001.0,0.6723958253860474,0.5985729098320007,0.6541666388511658,0.6080431342124939,1419,498809134,3,3
265001,1920,3975015,508801920,23520,0.6541666388511658,128,265000,1.324059009552002,1920,17,3,500000,1000,,265001.0,0.6723958253860474,0.5985750555992126,0.6520833373069763,0.607714831829071,1423,498809134,3,3
266001,1920,3990015,510721920,23520,0.6520833373069763,128,266000,1.3286492824554443,1920,17,3,500000,1000,,266001.0,0.6723958253860474,0.5985761284828186,0.6520833373069763,0.6078937649726868,1427,498809134,3,3
267001,1920,4005015,512641920,23520,0.6520833373069763,128,267000,1.3325161933898926,1920,17,3,500000,1000,,267001.0,0.6729166507720947,0.5985772609710693,0.6499999761581421,0.6078096032142639,1432,498809134,3,3
268001,1920,4020015,514561920,23520,0.6499999761581421,128,268000,1.33675217628479,1920,17,3,500000,1000,,268001.0,0.6713541746139526,0.5985755920410156,0.6499999761581421,0.6082600355148315,1436,498809134,3,3
269001,1920,4035015,516481920,23520,0.6499999761581421,128,269000,1.3405354022979736,1920,17,3,500000,1000,,269001.0,0.671875,0.5985778570175171,0.6520833373069763,0.6081582903862,1440,498809134,3,3
270001,1920,4050015,518401920,23520,0.6520833373069763,128,270000,1.3446271419525146,1920,17,3,500000,1000,,270001.0,0.6713541746139526,0.5985750555992126,0.6520833373069763,0.6082014441490173,1444,498809134,3,3
271001,1920,4065015,520321920,23520,0.6520833373069763,128,271000,1.3485023975372314,1920,17,3,500000,1000,,271001.0,0.6729166507720947,0.5985739827156067,0.6520833373069763,0.6082143187522888,1448,498809134,3,3
272001,1920,4080015,522241920,23520,0.6520833373069763,128,272000,1.3522725105285645,1920,17,3,500000,1000,,272001.0,0.671875,0.5985731482505798,0.6520833373069763,0.608285129070282,1452,498809134,3,3
273001,1920,4095015,524161920,23520,0.6520833373069763,128,273000,1.3573555946350098,1920,17,3,500000,1000,,273001.0,0.6729166507720947,0.598576009273529,0.6520833373069763,0.6079502105712891,1457,498809134,3,3
274001,1920,4110015,526081920,23520,0.6520833373069763,128,274000,1.3616745471954346,1920,17,3,500000,1000,,274001.0,0.6713541746139526,0.5985757112503052,0.6520833373069763,0.6078889966011047,1461,498809134,3,3
275001,1920,4125015,528001920,23520,0.6520833373069763,128,275000,1.3657395839691162,1920,17,3,500000,1000,,275001.0,0.6729166507720947,0.5985725522041321,0.6520833373069763,0.6079024076461792,1465,498809134,3,3
276001,1920,4140015,529921920,23520,0.6520833373069763,128,276000,1.371483564376831,1920,17,3,500000,1000,,276001.0,0.6723958253860474,0.5985697507858276,0.6520833373069763,0.6080032587051392,1470,498809134,3,3
277001,1920,4155015,531841920,23520,0.6520833373069763,128,277000,1.3752825260162354,1920,17,3,500000,1000,,277001.0,0.6729166507720947,0.5985759496688843,0.6520833373069763,0.6079155206680298,1474,498809134,3,3
278001,1920,4170015,533761920,23520,0.6520833373069763,128,278000,1.379199504852295,1920,17,3,500000,1000,,278001.0,0.6739583611488342,0.5985738635063171,0.6499999761581421,0.6081517338752747,1478,498809134,3,3
279001,1920,4185015,535681920,23520,0.6499999761581421,128,279000,1.3837544918060303,1920,17,3,500000,1000,,279001.0,0.671875,0.5985764265060425,0.6520833373069763,0.6078556776046753,1482,498809134,3,3
280001,1920,4200015,537601920,23520,0.6520833373069763,128,280000,1.3878614902496338,1920,17,3,500000,1000,,280001.0,0.6713541746139526,0.5985757112503052,0.6520833373069763,0.6081065535545349,1486,498809134,3,3
281001,1920,4215015,539521920,23520,0.6520833373069763,128,281000,1.3916022777557373,1920,17,3,500000,1000,,281001.0,0.671875,0.5985743403434753,0.6520833373069763,0.6079784035682678,1490,498809134,3,3
282001,1920,4230015,541441920,23520,0.6520833373069763,128,282000,1.3958144187927246,1920,17,3,500000,1000,,282001.0,0.671875,0.5985742807388306,0.6499999761581421,0.6080141067504883,1494,498809134,3,3
283001,1920,4245015,543361920,23520,0.6499999761581421,128,283000,1.3995745182037354,1920,17,3,500000,1000,,283001.0,0.6723958253860474,0.5985758304595947,0.6520833373069763,0.607843279838562,1498,498809134,3,3
284001,1920,4260015,545281920,23520,0.6520833373069763,128,284000,1.403444528579712,1920,17,3,500000,1000,,284001.0,0.6734374761581421,0.5985730886459351,0.6520833373069763,0.6080500483512878,1502,498809134,3,3
285001,1920,4275015,547201920,23520,0.6520833373069763,128,285000,1.4074218273162842,1920,17,3,500000,1000,,285001.0,0.6708333492279053,0.5985743999481201,0.6520833373069763,0.6077549457550049,1506,498809134,3,3
286001,1920,4290015,549121920,23520,0.6520833373069763,128,286000,1.4112277030944824,1920,17,3,500000,1000,,286001.0,0.6723958253860474,0.5985751748085022,0.6499999761581421,0.6079469323158264,1510,498809134,3,3
287001,1920,4305015,551041920,23520,0.6499999761581421,128,287000,1.4155876636505127,1920,17,3,500000,1000,,287001.0,0.671875,0.5985748767852783,0.6499999761581421,0.6082528233528137,1514,498809134,3,3
288001,1920,4320015,552961920,23520,0.6499999761581421,128,288000,1.4193944931030273,1920,17,3,500000,1000,,288001.0,0.6723958253860474,0.59857577085495,0.6499999761581421,0.6082823276519775,1518,498809134,3,3
289001,1920,4335015,554881920,23520,0.6499999761581421,128,289000,1.4240105152130127,1920,17,3,500000,1000,,289001.0,0.6729166507720947,0.5985762476921082,0.6499999761581421,0.6084243655204773,1522,498809134,3,3
290001,1920,4350015,556801920,23520,0.6499999761581421,128,290000,1.4279053211212158,1920,17,3,500000,1000,,290001.0,0.6708333492279053,0.5985798239707947,0.6520833373069763,0.6081216931343079,1526,498809134,3,3
291001,1920,4365015,558721920,23520,0.6520833373069763,128,291000,1.4318733215332031,1920,17,3,500000,1000,,291001.0,0.6713541746139526,0.5985763669013977,0.6520833373069763,0.6078697443008423,1530,498809134,3,3
292001,1920,4380015,560641920,23520,0.6520833373069763,128,292000,1.4360294342041016,1920,17,3,500000,1000,,292001.0,0.6723958253860474,0.5985737442970276,0.6541666388511658,0.6081095337867737,1534,498809134,3,3
293001,1920,4395015,562561920,23520,0.6541666388511658,128,293000,1.440272569656372,1920,17,3,500000,1000,,293001.0,0.6713541746139526,0.5985727906227112,0.6541666388511658,0.6080983281135559,1539,498809134,3,3
294001,1920,4410015,564481920,23520,0.6541666388511658,128,294000,1.4441096782684326,1920,17,3,500000,1000,,294001.0,0.671875,0.5985782146453857,0.6520833373069763,0.6078175902366638,1543,498809134,3,3
295001,1920,4425015,566401920,23520,0.6520833373069763,128,295000,1.4481325149536133,1920,17,3,500000,1000,,295001.0,0.6723958253860474,0.5985734462738037,0.6520833373069763,0.6082168221473694,1547,498809134,3,3
296001,1920,4440015,568321920,23520,0.6520833373069763,128,296000,1.45192551612854,1920,17,3,500000,1000,,296001.0,0.6729166507720947,0.5985704064369202,0.6520833373069763,0.6080217361450195,1550,498809134,3,3
297001,1920,4455015,570241920,23520,0.6520833373069763,128,297000,1.4563603401184082,1920,17,3,500000,1000,,297001.0,0.6723958253860474,0.5985719561576843,0.6520833373069763,0.6082585453987122,1554,498809134,3,3
298001,1920,4470015,572161920,23520,0.6520833373069763,128,298000,1.460374355316162,1920,17,3,500000,1000,,298001.0,0.6729166507720947,0.5985730886459351,0.6541666388511658,0.6081611514091492,1558,498809134,3,3
299001,1920,4485015,574081920,23520,0.6541666388511658,128,299000,1.464747428894043,1920,17,3,500000,1000,,299001.0,0.6708333492279053,0.5985694527626038,0.6520833373069763,0.6082867383956909,1562,498809134,3,3
300001,1920,4500015,576001920,23520,0.6520833373069763,128,300000,1.4685404300689697,1920,17,3,500000,1000,,300001.0,0.6713541746139526,0.598575234413147,0.6520833373069763,0.608008086681366,1566,498809134,3,3
301001,1920,4515015,577921920,23520,0.6520833373069763,128,301000,1.4723894596099854,1920,17,3,500000,1000,,301001.0,0.6703125238418579,0.5985714793205261,0.6520833373069763,0.6083008050918579,1570,498809134,3,3
302001,1920,4530015,579841920,23520,0.6520833373069763,128,302000,1.4762725830078125,1920,17,3,500000,1000,,302001.0,0.6739583611488342,0.5985754132270813,0.6520833373069763,0.6078159213066101,1574,498809134,3,3
303001,1920,4545015,581761920,23520,0.6520833373069763,128,303000,1.480067491531372,1920,17,3,500000,1000,,303001.0,0.6734374761581421,0.5985750555992126,0.6499999761581421,0.6078890562057495,1578,498809134,3,3
304001,1920,4560015,583681920,23520,0.6499999761581421,128,304000,1.4839746952056885,1920,17,3,500000,1000,,304001.0,0.6723958253860474,0.59857177734375,0.6520833373069763,0.6077783107757568,1582,498809134,3,3
305001,1920,4575015,585601920,23520,0.6520833373069763,128,305000,1.487783670425415,1920,17,3,500000,1000,,305001.0,0.6713541746139526,0.5985701680183411,0.6520833373069763,0.6079807877540588,1586,498809134,3,3
306001,1920,4590015,587521920,23520,0.6520833373069763,128,306000,1.4915697574615479,1920,17,3,500000,1000,,306001.0,0.6708333492279053,0.5985799431800842,0.6520833373069763,0.6080353260040283,1590,498809134,3,3
307001,1920,4605015,589441920,23520,0.6520833373069763,128,307000,1.4956016540527344,1920,17,3,500000,1000,,307001.0,0.675000011920929,0.5985748171806335,0.6520833373069763,0.6080652475357056,1594,498809134,3,3
308001,1920,4620015,591361920,23520,0.6520833373069763,128,308000,1.4996006488800049,1920,17,3,500000,1000,,308001.0,0.6744791865348816,0.5985734462738037,0.6520833373069763,0.6080264449119568,1598,498809134,3,3
309001,1920,4635015,593281920,23520,0.6520833373069763,128,309000,1.503647804260254,1920,17,3,500000,1000,,309001.0,0.671875,0.5985698103904724,0.6520833373069763,0.6080570220947266,1603,498809134,3,3
310001,1920,4650015,595201920,23520,0.6520833373069763,128,310000,1.5073997974395752,1920,17,3,500000,1000,,310001.0,0.6723958253860474,0.5985744595527649,0.6520833373069763,0.6083293557167053,1607,498809134,3,3
311001,1920,4665015,597121920,23520,0.6520833373069763,128,311000,1.5115857124328613,1920,17,3,500000,1000,,311001.0,0.671875,0.598571240901947,0.6520833373069763,0.6081079840660095,1611,498809134,3,3
312001,1920,4680015,599041920,23520,0.6520833373069763,128,312000,1.5156984329223633,1920,17,3,500000,1000,,312001.0,0.6713541746139526,0.598572313785553,0.6520833373069763,0.6081794500350952,1615,498809134,3,3
313001,1920,4695015,600961920,23520,0.6520833373069763,128,313000,1.5194807052612305,1920,17,3,500000,1000,,313001.0,0.671875,0.5985715985298157,0.6520833373069763,0.6082899570465088,1619,498809134,3,3
314001,1920,4710015,602881920,23520,0.6520833373069763,128,314000,1.5232748985290527,1920,17,3,500000,1000,,314001.0,0.671875,0.5985739827156067,0.6541666388511658,0.6081461310386658,1623,498809134,3,3
315001,1920,4725015,604801920,23520,0.6541666388511658,128,315000,1.5270788669586182,1920,17,3,500000,1000,,315001.0,0.6708333492279053,0.5985710024833679,0.6520833373069763,0.6079809665679932,1627,498809134,3,3
316001,1920,4740015,606721920,23520,0.6520833373069763,128,316000,1.530857801437378,1920,17,3,500000,1000,,316001.0,0.6723958253860474,0.5985730290412903,0.6520833373069763,0.6081474423408508,1631,498809134,3,3
317001,1920,4755015,608641920,23520,0.6520833373069763,128,317000,1.534658432006836,1920,17,3,500000,1000,,317001.0,0.6723958253860474,0.5985709428787231,0.6520833373069763,0.6079683899879456,1634,498809134,3,3
318001,1920,4770015,610561920,23520,0.6520833373069763,128,318000,1.5385115146636963,1920,17,3,500000,1000,,318001.0,0.6697916388511658,0.5985708832740784,0.6520833373069763,0.6080600619316101,1638,498809134,3,3
319001,1920,4785015,612481920,23520,0.6520833373069763,128,319000,1.5423908233642578,1920,17,3,500000,1000,,319001.0,0.6729166507720947,0.5985687971115112,0.6541666388511658,0.6081472635269165,1642,498809134,3,3
320001,1920,4800015,614401920,23520,0.6541666388511658,128,320000,1.5461609363555908,1920,17,3,500000,1000,,320001.0,0.6713541746139526,0.5985706448554993,0.6499999761581421,0.6081048250198364,1646,498809134,3,3
321001,1920,4815015,616321920,23520,0.6499999761581421,128,321000,1.5499308109283447,1920,17,3,500000,1000,,321001.0,0.6713541746139526,0.5985724925994873,0.6520833373069763,0.6079038381576538,1650,498809134,3,3
322001,1920,4830015,618241920,23520,0.6520833373069763,128,322000,1.5538578033447266,1920,17,3,500000,1000,,322001.0,0.6723958253860474,0.5985754728317261,0.6520833373069763,0.6079578399658203,1654,498809134,3,3
323001,1920,4845015,620161920,23520,0.6520833373069763,128,323000,1.5575919151306152,1920,17,3,500000,1000,,323001.0,0.6697916388511658,0.5985724925994873,0.6520833373069763,0.6079176664352417,1658,498809134,3,3
324001,1920,4860015,622081920,23520,0.6520833373069763,128,324000,1.5614838600158691,1920,17,3,500000,1000,,324001.0,0.6703125238418579,0.5985720753669739,0.6520833373069763,0.60807204246521,1662,498809134,3,3
325001,1920,4875015,624001920,23520,0.6520833373069763,128,325000,1.5658867359161377,1920,17,3,500000,1000,,325001.0,0.6723958253860474,0.5985745191574097,0.6520833373069763,0.607881486415863,1666,498809134,3,3
326001,1920,4890015,625921920,23520,0.6520833373069763,128,326000,1.5698966979980469,1920,17,3,500000,1000,,326001.0,0.671875,0.5985716581344604,0.6520833373069763,0.6079820394515991,1670,498809134,3,3
327001,1920,4905015,627841920,23520,0.6520833373069763,128,327000,1.5737764835357666,1920,17,3,500000,1000,,327001.0,0.6723958253860474,0.5985735654830933,0.6520833373069763,0.608303427696228,1674,498809134,3,3
328001,1920,4920015,629761920,23520,0.6520833373069763,128,328000,1.5775434970855713,1920,17,3,500000,1000,,328001.0,0.6744791865348816,0.5985701680183411,0.6520833373069763,0.6079643964767456,1678,498809134,3,3
329001,1920,4935015,631681920,23520,0.6520833373069763,128,329000,1.581425666809082,1920,17,3,500000,1000,,329001.0,0.6723958253860474,0.5985690951347351,0.6520833373069763,0.6080887913703918,1682,498809134,3,3
330001,1920,4950015,633601920,23520,0.6520833373069763,128,330000,1.5853495597839355,1920,17,3,500000,1000,,330001.0,0.6723958253860474,0.5985681414604187,0.6520833373069763,0.6080607175827026,1685,498809134,3,3
331001,1920,4965015,635521920,23520,0.6520833373069763,128,331000,1.5890905857086182,1920,17,3,500000,1000,,331001.0,0.6729166507720947,0.5985702276229858,0.6520833373069763,0.6081042885780334,1689,498809134,3,3
332001,1920,4980015,637441920,23520,0.6520833373069763,128,332000,1.594343662261963,1920,17,3,500000,1000,,332001.0,0.6713541746139526,0.5985715985298157,0.6520833373069763,0.6078314185142517,1693,498809134,3,3
333001,1920,4995015,639361920,23520,0.6520833373069763,128,333000,1.5982248783111572,1920,17,3,500000,1000,,333001.0,0.6723958253860474,0.5985733270645142,0.6520833373069763,0.6078575253486633,1697,498809134,3,3
334001,1920,5010015,641281920,23520,0.6520833373069763,128,334000,1.6020076274871826,1920,17,3,500000,1000,,334001.0,0.6708333492279053,0.5985730886459351,0.6520833373069763,0.6081017851829529,1701,498809134,3,3
335001,1920,5025015,643201920,23520,0.6520833373069763,128,335000,1.6058626174926758,1920,17,3,500000,1000,,335001.0,0.6734374761581421,0.5985701084136963,0.6520833373069763,0.6077861189842224,1705,498809134,3,3
336001,1920,5040015,645121920,23520,0.6520833373069763,128,336000,1.6105177402496338,1920,17,3,500000,1000,,336001.0,0.671875,0.5985718369483948,0.6541666388511658,0.6079166531562805,1709,498809134,3,3
337001,1920,5055015,647041920,23520,0.6541666388511658,128,337000,1.614342451095581,1920,17,3,500000,1000,,337001.0,0.6708333492279053,0.5985698699951172,0.6499999761581421,0.6081551909446716,1713,498809134,3,3
338001,1920,5070015,648961920,23520,0.6499999761581421,128,338000,1.6187775135040283,1920,17,3,500000,1000,,338001.0,0.6713541746139526,0.5985689759254456,0.6520833373069763,0.6080337762832642,1717,498809134,3,3
339001,1920,5085015,650881920,23520,0.6520833373069763,128,339000,1.6227664947509766,1920,17,3,500000,1000,,339001.0,0.671875,0.598578155040741,0.6520833373069763,0.6076971888542175,1721,498809134,3,3
340001,1920,5100015,652801920,23520,0.6520833373069763,128,340000,1.6265363693237305,1920,17,3,500000,1000,,340001.0,0.671875,0.59857577085495,0.6520833373069763,0.6078696846961975,1725,498809134,3,3
341001,1920,5115015,654721920,23520,0.6520833373069763,128,341000,1.6302776336669922,1920,17,3,500000,1000,,341001.0,0.6729166507720947,0.5985734462738037,0.6520833373069763,0.6080373525619507,1729,498809134,3,3
342001,1920,5130015,656641920,23520,0.6520833373069763,128,342000,1.634108543395996,1920,17,3,500000,1000,,342001.0,0.6708333492279053,0.5985701680183411,0.6499999761581421,0.6079713702201843,1733,498809134,3,3
343001,1920,5145015,658561920,23520,0.6499999761581421,128,343000,1.637974739074707,1920,17,3,500000,1000,,343001.0,0.6708333492279053,0.5985715389251709,0.6520833373069763,0.6076996922492981,1737,498809134,3,3
344001,1920,5160015,660481920,23520,0.6520833373069763,128,344000,1.6418259143829346,1920,17,3,500000,1000,,344001.0,0.671875,0.5985679626464844,0.6520833373069763,0.6078713536262512,1741,498809134,3,3
345001,1920,5175015,662401920,23520,0.6520833373069763,128,345000,1.6456589698791504,1920,17,3,500000,1000,,345001.0,0.6739583611488342,0.5985697507858276,0.6499999761581421,0.6081894040107727,1745,498809134,3,3
346001,1920,5190015,664321920,23520,0.6499999761581421,128,346000,1.6494202613830566,1920,17,3,500000,1000,,346001.0,0.6713541746139526,0.5985692739486694,0.6520833373069763,0.6080628633499146,1749,498809134,3,3
347001,1920,5205015,666241920,23520,0.6520833373069763,128,347000,1.6535842418670654,1920,17,3,500000,1000,,347001.0,0.6744791865348816,0.5985744595527649,0.6520833373069763,0.6078504920005798,1753,498809134,3,3
348001,1920,5220015,668161920,23520,0.6520833373069763,128,348000,1.6577892303466797,1920,17,3,500000,1000,,348001.0,0.671875,0.59857177734375,0.6520833373069763,0.6077180504798889,1757,498809134,3,3
349001,1920,5235015,670081920,23520,0.6520833373069763,128,349000,1.6617279052734375,1920,17,3,500000,1000,,349001.0,0.671875,0.5985746383666992,0.6499999761581421,0.6077925562858582,1761,498809134,3,3
350001,1920,5250015,672001920,23520,0.6499999761581421,128,350000,1.6656560897827148,1920,17,3,500000,1000,,350001.0,0.6708333492279053,0.5985754728317261,0.6499999761581421,0.6081097722053528,1765,498809134,3,3
351001,1920,5265015,673921920,23520,0.6499999761581421,128,351000,1.6695291996002197,1920,17,3,500000,1000,,351001.0,0.6729166507720947,0.5985748171806335,0.6499999761581421,0.6079868078231812,1769,498809134,3,3
352001,1920,5280015,675841920,23520,0.6499999761581421,128,352000,1.6735432147979736,1920,17,3,500000,1000,,352001.0,0.6744791865348816,0.5985706448554993,0.6499999761581421,0.6080532670021057,1773,498809134,3,3
353001,1920,5295015,677761920,23520,0.6499999761581421,128,353000,1.6775522232055664,1920,17,3,500000,1000,,353001.0,0.6703125238418579,0.5985735058784485,0.6499999761581421,0.608120858669281,1777,498809134,3,3
354001,1920,5310015,679681920,23520,0.6499999761581421,128,354000,1.6814391613006592,1920,17,3,500000,1000,,354001.0,0.6723958253860474,0.5985748171806335,0.6520833373069763,0.6079519391059875,1780,498809134,3,3
355001,1920,5325015,681601920,23520,0.6520833373069763,128,355000,1.6853442192077637,1920,17,3,500000,1000,,355001.0,0.6729166507720947,0.5985721945762634,0.6520833373069763,0.6078190207481384,1784,498809134,3,3
356001,1920,5340015,683521920,23520,0.6520833373069763,128,356000,1.68923020362854,1920,17,3,500000,1000,,356001.0,0.6734374761581421,0.5985724329948425,0.6479166746139526,0.6078909635543823,1788,498809134,3,3
357001,1920,5355015,685441920,23520,0.6479166746139526,128,357000,1.6937899589538574,1920,17,3,500000,1000,,357001.0,0.6739583611488342,0.5985729694366455,0.6541666388511658,0.6078658699989319,1792,498809134,3,3
358001,1920,5370015,687361920,23520,0.6541666388511658,128,358000,1.6977198123931885,1920,17,3,500000,1000,,358001.0,0.6723958253860474,0.5985714793205261,0.6520833373069763,0.6078985929489136,1796,498809134,3,3
359001,1920,5385015,689281920,23520,0.6520833373069763,128,359000,1.702345848083496,1920,17,3,500000,1000,,359001.0,0.6723958253860474,0.5985673069953918,0.6520833373069763,0.6079127788543701,1801,498809134,3,3
360001,1920,5400015,691201920,23520,0.6520833373069763,128,360000,1.7062480449676514,1920,17,3,500000,1000,,360001.0,0.6729166507720947,0.5985696911811829,0.6520833373069763,0.6081711053848267,1805,498809134,3,3
361001,1920,5415015,693121920,23520,0.6520833373069763,128,361000,1.7101337909698486,1920,17,3,500000,1000,,361001.0,0.6734374761581421,0.5985756516456604,0.6499999761581421,0.6082441806793213,1809,498809134,3,3
362001,1920,5430015,695041920,23520,0.6499999761581421,128,362000,1.7138965129852295,1920,17,3,500000,1000,,362001.0,0.6723958253860474,0.5985680818557739,0.6520833373069763,0.6081454157829285,1813,498809134,3,3
363001,1920,5445015,696961920,23520,0.6520833373069763,128,363000,1.717665195465088,1920,17,3,500000,1000,,363001.0,0.671875,0.5985702276229858,0.6520833373069763,0.6080788969993591,1816,498809134,3,3
364001,1920,5460015,698881920,23520,0.6520833373069763,128,364000,1.721440315246582,1920,17,3,500000,1000,,364001.0,0.6729166507720947,0.598570704460144,0.6520833373069763,0.608166515827179,1820,498809134,3,3
365001,1920,5475015,700801920,23520,0.6520833373069763,128,365000,1.7252943515777588,1920,17,3,500000,1000,,365001.0,0.6729166507720947,0.5985698699951172,0.6520833373069763,0.6080951690673828,1824,498809134,3,3
366001,1920,5490015,702721920,23520,0.6520833373069763,128,366000,1.7290682792663574,1920,17,3,500000,1000,,366001.0,0.671875,0.5985698699951172,0.6520833373069763,0.6079378724098206,1828,498809134,3,3
367001,1920,5505015,704641920,23520,0.6520833373069763,128,367000,1.7329051494598389,1920,17,3,500000,1000,,367001.0,0.671875,0.598572313785553,0.6520833373069763,0.607958197593689,1832,498809134,3,3
368001,1920,5520015,706561920,23520,0.6520833373069763,128,368000,1.7369680404663086,1920,17,3,500000,1000,,368001.0,0.6713541746139526,0.5985696315765381,0.6520833373069763,0.6081441044807434,1836,498809134,3,3
369001,1920,5535015,708481920,23520,0.6520833373069763,128,369000,1.7407808303833008,1920,17,3,500000,1000,,369001.0,0.671875,0.5985696315765381,0.6520833373069763,0.6079405546188354,1840,498809134,3,3
370001,1920,5550015,710401920,23520,0.6520833373069763,128,370000,1.744554042816162,1920,17,3,500000,1000,,370001.0,0.6739583611488342,0.59857177734375,0.6499999761581421,0.6080057621002197,1844,498809134,3,3
371001,1920,5565015,712321920,23520,0.6499999761581421,128,371000,1.748368263244629,1920,17,3,500000,1000,,371001.0,0.6729166507720947,0.5985707640647888,0.6520833373069763,0.6081082820892334,1848,498809134,3,3
372001,1920,5580015,714241920,23520,0.6520833373069763,128,372000,1.7522239685058594,1920,17,3,500000,1000,,372001.0,0.6723958253860474,0.5985696911811829,0.6499999761581421,0.6080732941627502,1852,498809134,3,3
373001,1920,5595015,716161920,23520,0.6499999761581421,128,373000,1.756058931350708,1920,17,3,500000,1000,,373001.0,0.6723958253860474,0.5985711216926575,0.6520833373069763,0.608241856098175,1856,498809134,3,3
374001,1920,5610015,718081920,23520,0.6520833373069763,128,374000,1.7598280906677246,1920,17,3,500000,1000,,374001.0,0.6708333492279053,0.59857177734375,0.6520833373069763,0.6080585718154907,1860,498809134,3,3
375001,1920,5625015,720001920,23520,0.6520833373069763,128,375000,1.763646125793457,1920,17,3,500000,1000,,375001.0,0.6723958253860474,0.598572850227356,0.6499999761581421,0.6082578301429749,1864,498809134,3,3
376001,1920,5640015,721921920,23520,0.6499999761581421,128,376000,1.7675702571868896,1920,17,3,500000,1000,,376001.0,0.6729166507720947,0.5985705852508545,0.6520833373069763,0.6079996824264526,1868,498809134,3,3
377001,1920,5655015,723841920,23520,0.6520833373069763,128,377000,1.771374225616455,1920,17,3,500000,1000,,377001.0,0.6729166507720947,0.5985721349716187,0.6520833373069763,0.6083541512489319,1872,498809134,3,3
378001,1920,5670015,725761920,23520,0.6520833373069763,128,378000,1.775280237197876,1920,17,3,500000,1000,,378001.0,0.6723958253860474,0.5985696315765381,0.6499999761581421,0.6080171465873718,1875,498809134,3,3
379001,1920,5685015,727681920,23520,0.6499999761581421,128,379000,1.7790181636810303,1920,17,3,500000,1000,,379001.0,0.6729166507720947,0.5985761880874634,0.6520833373069763,0.6080294847488403,1879,498809134,3,3
380001,1920,5700015,729601920,23520,0.6520833373069763,128,380000,1.7827792167663574,1920,17,3,500000,1000,,380001.0,0.6739583611488342,0.5985696315765381,0.6520833373069763,0.6076860427856445,1883,498809134,3,3
381001,1920,5715015,731521920,23520,0.6520833373069763,128,381000,1.7867143154144287,1920,17,3,500000,1000,,381001.0,0.6713541746139526,0.5985692143440247,0.6520833373069763,0.6078569293022156,1887,498809134,3,3
382001,1920,5730015,733441920,23520,0.6520833373069763,128,382000,1.7908074855804443,1920,17,3,500000,1000,,382001.0,0.6723958253860474,0.5985692739486694,0.6520833373069763,0.6082113981246948,1892,498809134,3,3
383001,1920,5745015,735361920,23520,0.6520833373069763,128,383000,1.7945504188537598,1920,17,3,500000,1000,,383001.0,0.6723958253860474,0.5985704660415649,0.6499999761581421,0.6078488826751709,1896,498809134,3,3
384001,1920,5760015,737281920,23520,0.6499999761581421,128,384000,1.7984733581542969,1920,17,3,500000,1000,,384001.0,0.6729166507720947,0.5985695123672485,0.6520833373069763,0.6077667474746704,1900,498809134,3,3
385001,1920,5775015,739201920,23520,0.6520833373069763,128,385000,1.80224609375,1920,17,3,500000,1000,,385001.0,0.6729166507720947,0.598570704460144,0.6520833373069763,0.6079042553901672,1904,498809134,3,3
386001,1920,5790015,741121920,23520,0.6520833373069763,128,386000,1.8059942722320557,1920,17,3,500000,1000,,386001.0,0.6723958253860474,0.5985694527626038,0.6520833373069763,0.6077553629875183,1908,498809134,3,3
387001,1920,5805015,743041920,23520,0.6520833373069763,128,387000,1.8097503185272217,1920,17,3,500000,1000,,387001.0,0.6703125238418579,0.5985695123672485,0.6499999761581421,0.6080180406570435,1912,498809134,3,3
388001,1920,5820015,744961920,23520,0.6499999761581421,128,388000,1.8136091232299805,1920,17,3,500000,1000,,388001.0,0.6713541746139526,0.5985684990882874,0.6499999761581421,0.6082849502563477,1916,498809134,3,3
389001,1920,5835015,746881920,23520,0.6499999761581421,128,389000,1.8181231021881104,1920,17,3,500000,1000,,389001.0,0.6734374761581421,0.5985714197158813,0.6520833373069763,0.6081423163414001,1920,498809134,3,3
390001,1920,5850015,748801920,23520,0.6520833373069763,128,390000,1.8219149112701416,1920,17,3,500000,1000,,390001.0,0.6713541746139526,0.5985715389251709,0.6520833373069763,0.6081116795539856,1924,498809134,3,3
391001,1920,5865015,750721920,23520,0.6520833373069763,128,391000,1.8257622718811035,1920,17,3,500000,1000,,391001.0,0.6713541746139526,0.5985695123672485,0.6520833373069763,0.60823655128479,1928,498809134,3,3
392001,1920,5880015,752641920,23520,0.6520833373069763,128,392000,1.8295044898986816,1920,17,3,500000,1000,,392001.0,0.6723958253860474,0.5985705852508545,0.6520833373069763,0.6082967519760132,1932,498809134,3,3
393001,1920,5895015,754561920,23520,0.6520833373069763,128,393000,1.83335542678833,1920,17,3,500000,1000,,393001.0,0.6729166507720947,0.5985724925994873,0.6520833373069763,0.6082668304443359,1936,498809134,3,3
394001,1920,5910015,756481920,23520,0.6520833373069763,128,394000,1.8371765613555908,1920,17,3,500000,1000,,394001.0,0.6734374761581421,0.5985706448554993,0.6520833373069763,0.6080764532089233,1940,498809134,3,3
395001,1920,5925015,758401920,23520,0.6520833373069763,128,395000,1.8409717082977295,1920,17,3,500000,1000,,395001.0,0.671875,0.5985742211341858,0.6499999761581421,0.6082118153572083,1944,498809134,3,3
396001,1920,5940015,760321920,23520,0.6499999761581421,128,396000,1.8448007106781006,1920,17,3,500000,1000,,396001.0,0.6713541746139526,0.5985720753669739,0.6520833373069763,0.6081711053848267,1948,498809134,3,3
397001,1920,5955015,762241920,23520,0.6520833373069763,128,397000,1.849130630493164,1920,17,3,500000,1000,,397001.0,0.6729166507720947,0.5985715389251709,0.6520833373069763,0.6082116365432739,1952,498809134,3,3
398001,1920,5970015,764161920,23520,0.6520833373069763,128,398000,1.852970838546753,1920,17,3,500000,1000,,398001.0,0.6734374761581421,0.5985710024833679,0.6520833373069763,0.6082780361175537,1956,498809134,3,3
399001,1920,5985015,766081920,23520,0.6520833373069763,128,399000,1.8567147254943848,1920,17,3,500000,1000,,399001.0,0.6729166507720947,0.5985745191574097,0.6520833373069763,0.6083526611328125,1959,498809134,3,3
400001,1920,6000015,768001920,23520,0.6520833373069763,128,400000,1.8606936931610107,1920,17,3,500000,1000,,400001.0,0.671875,0.5985698103904724,0.6520833373069763,0.608561635017395,1963,498809134,3,3
401001,1920,6015015,769921920,23520,0.6520833373069763,128,401000,1.8645915985107422,1920,17,3,500000,1000,,401001.0,0.6739583611488342,0.5985721945762634,0.6520833373069763,0.6080948114395142,1967,498809134,3,3
402001,1920,6030015,771841920,23520,0.6520833373069763,128,402000,1.8688666820526123,1920,17,3,500000,1000,,402001.0,0.6729166507720947,0.5985665917396545,0.6499999761581421,0.6085069179534912,1971,498809134,3,3
403001,1920,6045015,773761920,23520,0.6499999761581421,128,403000,1.8727397918701172,1920,17,3,500000,1000,,403001.0,0.6729166507720947,0.5985710620880127,0.6520833373069763,0.6081854104995728,1975,498809134,3,3
404001,1920,6060015,775681920,23520,0.6520833373069763,128,404000,1.8766095638275146,1920,17,3,500000,1000,,404001.0,0.6739583611488342,0.598572313785553,0.6520833373069763,0.608065664768219,1979,498809134,3,3
405001,1920,6075015,777601920,23520,0.6520833373069763,128,405000,1.8804075717926025,1920,17,3,500000,1000,,405001.0,0.6729166507720947,0.598572313785553,0.6520833373069763,0.6081384420394897,1983,498809134,3,3
406001,1920,6090015,779521920,23520,0.6520833373069763,128,406000,1.8841757774353027,1920,17,3,500000,1000,,406001.0,0.6723958253860474,0.5985690355300903,0.6520833373069763,0.6083929538726807,1987,498809134,3,3
407001,1920,6105015,781441920,23520,0.6520833373069763,128,407000,1.8879239559173584,1920,17,3,500000,1000,,407001.0,0.6723958253860474,0.5985720753669739,0.6479166746139526,0.6081282496452332,1991,498809134,3,3
408001,1920,6120015,783361920,23520,0.6479166746139526,128,408000,1.891810655593872,1920,17,3,500000,1000,,408001.0,0.6708333492279053,0.5985706448554993,0.65625,0.6083706021308899,1995,498809134,3,3
409001,1920,6135015,785281920,23520,0.65625,128,409000,1.8955624103546143,1920,17,3,500000,1000,,409001.0,0.671875,0.598568320274353,0.6520833373069763,0.6080887317657471,1999,498809134,3,3
410001,1920,6150015,787201920,23520,0.6520833373069763,128,410000,1.8994073867797852,1920,17,3,500000,1000,,410001.0,0.6734374761581421,0.5985736846923828,0.6520833373069763,0.607864260673523,2003,498809134,3,3
411001,1920,6165015,789121920,23520,0.6520833373069763,128,411000,1.9033071994781494,1920,17,3,500000,1000,,411001.0,0.6729166507720947,0.59856778383255,0.6520833373069763,0.6079999208450317,2007,498809134,3,3
412001,1920,6180015,791041920,23520,0.6520833373069763,128,412000,1.907104253768921,1920,17,3,500000,1000,,412001.0,0.6734374761581421,0.5985724329948425,0.6499999761581421,0.6082120537757874,2011,498809134,3,3
413001,1920,6195015,792961920,23520,0.6499999761581421,128,413000,1.910888433456421,1920,17,3,500000,1000,,413001.0,0.6734374761581421,0.5985704660415649,0.6520833373069763,0.6080185770988464,2015,498809134,3,3
414001,1920,6210015,794881920,23520,0.6520833373069763,128,414000,1.9147632122039795,1920,17,3,500000,1000,,414001.0,0.6713541746139526,0.5985685586929321,0.6520833373069763,0.6081787347793579,2019,498809134,3,3
415001,1920,6225015,796801920,23520,0.6520833373069763,128,415000,1.9185142517089844,1920,17,3,500000,1000,,415001.0,0.6729166507720947,0.5985674262046814,0.6520833373069763,0.6081984043121338,2023,498809134,3,3
416001,1920,6240015,798721920,23520,0.6520833373069763,128,416000,1.9225084781646729,1920,17,3,500000,1000,,416001.0,0.6744791865348816,0.5985699892044067,0.6499999761581421,0.6080353856086731,2027,498809134,3,3
417001,1920,6255015,800641920,23520,0.6499999761581421,128,417000,1.9264535903930664,1920,17,3,500000,1000,,417001.0,0.6723958253860474,0.598574697971344,0.6520833373069763,0.6080189347267151,2032,498809134,3,3
418001,1920,6270015,802561920,23520,0.6520833373069763,128,418000,1.9305365085601807,1920,17,3,500000,1000,,418001.0,0.671875,0.5985743403434753,0.6520833373069763,0.6080316305160522,2036,498809134,3,3
419001,1920,6285015,804481920,23520,0.6520833373069763,128,419000,1.9343764781951904,1920,17,3,500000,1000,,419001.0,0.6739583611488342,0.5985689759254456,0.6520833373069763,0.608227550983429,2040,498809134,3,3
420001,1920,6300015,806401920,23520,0.6520833373069763,128,420000,1.9384043216705322,1920,17,3,500000,1000,,420001.0,0.6744791865348816,0.5985685586929321,0.6479166746139526,0.6081501245498657,2044,498809134,3,3
421001,1920,6315015,808321920,23520,0.6479166746139526,128,421000,1.9422240257263184,1920,17,3,500000,1000,,421001.0,0.6734374761581421,0.5985704064369202,0.6520833373069763,0.6081283688545227,2048,498809134,3,3
422001,1920,6330015,810241920,23520,0.6520833373069763,128,422000,1.9465410709381104,1920,17,3,500000,1000,,422001.0,0.6708333492279053,0.5985720753669739,0.6520833373069763,0.6082671880722046,2052,498809134,3,3
423001,1920,6345015,812161920,23520,0.6520833373069763,128,423000,1.9504292011260986,1920,17,3,500000,1000,,423001.0,0.6734374761581421,0.5985735654830933,0.6520833373069763,0.6080849766731262,2056,498809134,3,3
424001,1920,6360015,814081920,23520,0.6520833373069763,128,424000,1.9543941020965576,1920,17,3,500000,1000,,424001.0,0.6739583611488342,0.5985720753669739,0.6499999761581421,0.608357846736908,2061,498809134,3,3
425001,1920,6375015,816001920,23520,0.6499999761581421,128,425000,1.958174228668213,1920,17,3,500000,1000,,425001.0,0.6729166507720947,0.5985697507858276,0.6520833373069763,0.6082730889320374,2065,498809134,3,3
426001,1920,6390015,817921920,23520,0.6520833373069763,128,426000,1.9619340896606445,1920,17,3,500000,1000,,426001.0,0.6723958253860474,0.5985684990882874,0.6520833373069763,0.6081422567367554,2069,498809134,3,3
427001,1920,6405015,819841920,23520,0.6520833373069763,128,427000,1.9657337665557861,1920,17,3,500000,1000,,427001.0,0.6713541746139526,0.5985719561576843,0.6520833373069763,0.6080390214920044,2072,498809134,3,3
428001,1920,6420015,821761920,23520,0.6520833373069763,128,428000,1.9696016311645508,1920,17,3,500000,1000,,428001.0,0.671875,0.5985695123672485,0.6520833373069763,0.6080893874168396,2076,498809134,3,3
429001,1920,6435015,823681920,23520,0.6520833373069763,128,429000,1.974496603012085,1920,17,3,500000,1000,,429001.0,0.6729166507720947,0.5985682010650635,0.6520833373069763,0.6081312894821167,2081,498809134,3,3
430001,1920,6450015,825601920,23520,0.6520833373069763,128,430000,1.9794435501098633,1920,17,3,500000,1000,,430001.0,0.6739583611488342,0.5985708832740784,0.6520833373069763,0.6080014705657959,2085,498809134,3,3
431001,1920,6465015,827521920,23520,0.6520833373069763,128,431000,1.9855036735534668,1920,17,3,500000,1000,,431001.0,0.6739583611488342,0.5985733270645142,0.6499999761581421,0.6080896258354187,2089,498809134,3,3
432001,1920,6480015,829441920,23520,0.6499999761581421,128,432000,1.989447832107544,1920,17,3,500000,1000,,432001.0,0.6739583611488342,0.5985753536224365,0.6520833373069763,0.6082305908203125,2093,498809134,3,3
433001,1920,6495015,831361920,23520,0.6520833373069763,128,433000,1.9932746887207031,1920,17,3,500000,1000,,433001.0,0.6734374761581421,0.5985733270645142,0.6499999761581421,0.6081491708755493,2098,498809134,3,3
434001,1920,6510015,833281920,23520,0.6499999761581421,128,434000,1.9975316524505615,1920,17,3,500000,1000,,434001.0,0.675000011920929,0.5985739231109619,0.6520833373069763,0.6080407500267029,2102,498809134,3,3
435001,1920,6525015,835201920,23520,0.6520833373069763,128,435000,2.0014336109161377,1920,17,3,500000,1000,,435001.0,0.6713541746139526,0.5985681414604187,0.6520833373069763,0.6080144643783569,2106,498809134,3,3
436001,1920,6540015,837121920,23520,0.6520833373069763,128,436000,2.0052685737609863,1920,17,3,500000,1000,,436001.0,0.671875,0.5985705256462097,0.6499999761581421,0.6082229614257812,2109,498809134,3,3
437001,1920,6555015,839041920,23520,0.6499999761581421,128,437000,2.0091474056243896,1920,17,3,500000,1000,,437001.0,0.671875,0.5985689163208008,0.6499999761581421,0.6079968810081482,2114,498809134,3,3
438001,1920,6570015,840961920,23520,0.6499999761581421,128,438000,2.013000249862671,1920,17,3,500000,1000,,438001.0,0.671875,0.5985693335533142,0.6520833373069763,0.6080716252326965,2118,498809134,3,3
439001,1920,6585015,842881920,23520,0.6520833373069763,128,439000,2.016773223876953,1920,17,3,500000,1000,,439001.0,0.6723958253860474,0.5985686182975769,0.6520833373069763,0.6082755923271179,2122,498809134,3,3
440001,1920,6600015,844801920,23520,0.6520833373069763,128,440000,2.0216522216796875,1920,17,3,500000,1000,,440001.0,0.6723958253860474,0.5985677242279053,0.6520833373069763,0.6081247925758362,2126,498809134,3,3
441001,1920,6615015,846721920,23520,0.6520833373069763,128,441000,2.0262162685394287,1920,17,3,500000,1000,,441001.0,0.671875,0.5985689163208008,0.6520833373069763,0.607865571975708,2131,498809134,3,3
442001,1920,6630015,848641920,23520,0.6520833373069763,128,442000,2.030003309249878,1920,17,3,500000,1000,,442001.0,0.6729166507720947,0.5985702276229858,0.6499999761581421,0.6082984805107117,2135,498809134,3,3
443001,1920,6645015,850561920,23520,0.6499999761581421,128,443000,2.0344765186309814,1920,17,3,500000,1000,,443001.0,0.671875,0.5985733270645142,0.6499999761581421,0.6079877018928528,2139,498809134,3,3
444001,1920,6660015,852481920,23520,0.6499999761581421,128,444000,2.0384135246276855,1920,17,3,500000,1000,,444001.0,0.6713541746139526,0.598567008972168,0.6520833373069763,0.6082363128662109,2143,498809134,3,3
445001,1920,6675015,854401920,23520,0.6520833373069763,128,445000,2.042229652404785,1920,17,3,500000,1000,,445001.0,0.6703125238418579,0.5985636115074158,0.6520833373069763,0.6082048416137695,2147,498809134,3,3
446001,1920,6690015,856321920,23520,0.6520833373069763,128,446000,2.0465705394744873,1920,17,3,500000,1000,,446001.0,0.6723958253860474,0.5985682606697083,0.6520833373069763,0.6080880761146545,2151,498809134,3,3
447001,1920,6705015,858241920,23520,0.6520833373069763,128,447000,2.0503976345062256,1920,17,3,500000,1000,,447001.0,0.6729166507720947,0.5985686182975769,0.6520833373069763,0.6083037853240967,2155,498809134,3,3
448001,1920,6720015,860161920,23520,0.6520833373069763,128,448000,2.055323839187622,1920,17,3,500000,1000,,448001.0,0.6739583611488342,0.5985686182975769,0.6499999761581421,0.608159065246582,2159,498809134,3,3
449001,1920,6735015,862081920,23520,0.6499999761581421,128,449000,2.0593018531799316,1920,17,3,500000,1000,,449001.0,0.6723958253860474,0.5985677242279053,0.6499999761581421,0.6079989671707153,2163,498809134,3,3
450001,1920,6750015,864001920,23520,0.6499999761581421,128,450000,2.0630569458007812,1920,17,3,500000,1000,,450001.0,0.671875,0.5985667109489441,0.6499999761581421,0.6081295013427734,2167,498809134,3,3
451001,1920,6765015,865921920,23520,0.6499999761581421,128,451000,2.06783390045166,1920,17,3,500000,1000,,451001.0,0.6703125238418579,0.5985671281814575,0.6499999761581421,0.608072817325592,2171,498809134,3,3
452001,1920,6780015,867841920,23520,0.6499999761581421,128,452000,2.0716428756713867,1920,17,3,500000,1000,,452001.0,0.6723958253860474,0.5985689759254456,0.6499999761581421,0.6081273555755615,2175,498809134,3,3
453001,1920,6795015,869761920,23520,0.6499999761581421,128,453000,2.0754151344299316,1920,17,3,500000,1000,,453001.0,0.6734374761581421,0.5985677242279053,0.6499999761581421,0.6079987287521362,2179,498809134,3,3
454001,1920,6810015,871681920,23520,0.6499999761581421,128,454000,2.0792813301086426,1920,17,3,500000,1000,,454001.0,0.6723958253860474,0.5985676050186157,0.6520833373069763,0.6079308390617371,2183,498809134,3,3
455001,1920,6825015,873601920,23520,0.6520833373069763,128,455000,2.0834903717041016,1920,17,3,500000,1000,,455001.0,0.6734374761581421,0.5985698699951172,0.6520833373069763,0.6081014275550842,2187,498809134,3,3
456001,1920,6840015,875521920,23520,0.6520833373069763,128,456000,2.0883264541625977,1920,17,3,500000,1000,,456001.0,0.6729166507720947,0.5985674262046814,0.6499999761581421,0.6083935499191284,2191,498809134,3,3
457001,1920,6855015,877441920,23520,0.6499999761581421,128,457000,2.0921683311462402,1920,17,3,500000,1000,,457001.0,0.6713541746139526,0.5985649228096008,0.6499999761581421,0.6082988977432251,2195,498809134,3,3
458001,1920,6870015,879361920,23520,0.6499999761581421,128,458000,2.095975399017334,1920,17,3,500000,1000,,458001.0,0.6713541746139526,0.5985742807388306,0.6520833373069763,0.6079136729240417,2199,498809134,3,3
459001,1920,6885015,881281920,23520,0.6520833373069763,128,459000,2.099968433380127,1920,17,3,500000,1000,,459001.0,0.6734374761581421,0.5985672473907471,0.6520833373069763,0.6080990433692932,2203,498809134,3,3
460001,1920,6900015,883201920,23520,0.6520833373069763,128,460000,2.1037914752960205,1920,17,3,500000,1000,,460001.0,0.6729166507720947,0.5985659956932068,0.6541666388511658,0.6079881191253662,2207,498809134,3,3
461001,1920,6915015,885121920,23520,0.6541666388511658,128,461000,2.1082797050476074,1920,17,3,500000,1000,,461001.0,0.6708333492279053,0.5985702276229858,0.6520833373069763,0.6081059575080872,2211,498809134,3,3
462001,1920,6930015,887041920,23520,0.6520833373069763,128,462000,2.1120407581329346,1920,17,3,500000,1000,,462001.0,0.6723958253860474,0.5985662341117859,0.6520833373069763,0.6081535220146179,2215,498809134,3,3
463001,1920,6945015,888961920,23520,0.6520833373069763,128,463000,2.116370916366577,1920,17,3,500000,1000,,463001.0,0.6703125238418579,0.5985673069953918,0.6499999761581421,0.6079622507095337,2219,498809134,3,3
464001,1920,6960015,890881920,23520,0.6499999761581421,128,464000,2.120375871658325,1920,17,3,500000,1000,,464001.0,0.6734374761581421,0.5985698103904724,0.6479166746139526,0.6079556345939636,2223,498809134,3,3
465001,1920,6975015,892801920,23520,0.6479166746139526,128,465000,2.1245720386505127,1920,17,3,500000,1000,,465001.0,0.6734374761581421,0.5985664129257202,0.6541666388511658,0.6080039739608765,2228,498809134,3,3
466001,1920,6990015,894721920,23520,0.6541666388511658,128,466000,2.128485918045044,1920,17,3,500000,1000,,466001.0,0.6729166507720947,0.5985662937164307,0.6499999761581421,0.6080160140991211,2232,498809134,3,3
467001,1920,7005015,896641920,23520,0.6499999761581421,128,467000,2.132474899291992,1920,17,3,500000,1000,,467001.0,0.6713541746139526,0.598568856716156,0.6520833373069763,0.6079151034355164,2236,498809134,3,3
468001,1920,7020015,898561920,23520,0.6520833373069763,128,468000,2.1366608142852783,1920,17,3,500000,1000,,468001.0,0.6723958253860474,0.59856778383255,0.6499999761581421,0.6081699728965759,2240,498809134,3,3
469001,1920,7035015,900481920,23520,0.6499999761581421,128,469000,2.140896797180176,1920,17,3,500000,1000,,469001.0,0.6713541746139526,0.598569929599762,0.6520833373069763,0.6080111265182495,2244,498809134,3,3
470001,1920,7050015,902401920,23520,0.6520833373069763,128,470000,2.1451828479766846,1920,17,3,500000,1000,,470001.0,0.6713541746139526,0.5985671281814575,0.6541666388511658,0.6077517867088318,2248,498809134,3,3
471001,1920,7065015,904321920,23520,0.6541666388511658,128,471000,2.1492228507995605,1920,17,3,500000,1000,,471001.0,0.6729166507720947,0.5985708236694336,0.6520833373069763,0.6079283356666565,2252,498809134,3,3
472001,1920,7080015,906241920,23520,0.6520833373069763,128,472000,2.153291702270508,1920,17,3,500000,1000,,472001.0,0.6723958253860474,0.5985668301582336,0.6499999761581421,0.6082239747047424,2256,498809134,3,3
473001,1920,7095015,908161920,23520,0.6499999761581421,128,473000,2.1571106910705566,1920,17,3,500000,1000,,473001.0,0.6729166507720947,0.598564088344574,0.6541666388511658,0.6079825162887573,2260,498809134,3,3
474001,1920,7110015,910081920,23520,0.6541666388511658,128,474000,2.16131854057312,1920,17,3,500000,1000,,474001.0,0.6708333492279053,0.598567008972168,0.6541666388511658,0.608013927936554,2264,498809134,3,3
475001,1920,7125015,912001920,23520,0.6541666388511658,128,475000,2.165116548538208,1920,17,3,500000,1000,,475001.0,0.6744791865348816,0.5985735654830933,0.6541666388511658,0.6077513098716736,2268,498809134,3,3
476001,1920,7140015,913921920,23520,0.6541666388511658,128,476000,2.16904878616333,1920,17,3,500000,1000,,476001.0,0.6729166507720947,0.5985679030418396,0.6520833373069763,0.6080398559570312,2272,498809134,3,3
477001,1920,7155015,915841920,23520,0.6520833373069763,128,477000,2.173372507095337,1920,17,3,500000,1000,,477001.0,0.671875,0.5985684990882874,0.6541666388511658,0.6080620884895325,2276,498809134,3,3
478001,1920,7170015,917761920,23520,0.6541666388511658,128,478000,2.1772584915161133,1920,17,3,500000,1000,,478001.0,0.675000011920929,0.5985710024833679,0.6541666388511658,0.6081786751747131,2280,498809134,3,3
479001,1920,7185015,919681920,23520,0.6541666388511658,128,479000,2.181119441986084,1920,17,3,500000,1000,,479001.0,0.6734374761581421,0.5985714793205261,0.6520833373069763,0.6078312993049622,2284,498809134,3,3
480001,1920,7200015,921601920,23520,0.6520833373069763,128,480000,2.1849164962768555,1920,17,3,500000,1000,,480001.0,0.671875,0.5985672473907471,0.6520833373069763,0.607962429523468,2288,498809134,3,3
481001,1920,7215015,923521920,23520,0.6520833373069763,128,481000,2.188753604888916,1920,17,3,500000,1000,,481001.0,0.6723958253860474,0.598568320274353,0.6541666388511658,0.607855498790741,2292,498809134,3,3
482001,1920,7230015,925441920,23520,0.6541666388511658,128,482000,2.1933908462524414,1920,17,3,500000,1000,,482001.0,0.6734374761581421,0.5985668897628784,0.6541666388511658,0.6079238653182983,2296,498809134,3,3
483001,1920,7245015,927361920,23520,0.6541666388511658,128,483000,2.197706937789917,1920,17,3,500000,1000,,483001.0,0.6739583611488342,0.598564863204956,0.6541666388511658,0.6080519556999207,2300,498809134,3,3
484001,1920,7260015,929281920,23520,0.6541666388511658,128,484000,2.2022368907928467,1920,17,3,500000,1000,,484001.0,0.6739583611488342,0.5985670685768127,0.6520833373069763,0.608083188533783,2305,498809134,3,3
485001,1920,7275015,931201920,23520,0.6520833373069763,128,485000,2.2062246799468994,1920,17,3,500000,1000,,485001.0,0.6734374761581421,0.5985661745071411,0.6520833373069763,0.6081416010856628,2309,498809134,3,3
486001,1920,7290015,933121920,23520,0.6520833373069763,128,486000,2.2102649211883545,1920,17,3,500000,1000,,486001.0,0.6723958253860474,0.5985661745071411,0.6520833373069763,0.608218252658844,2313,498809134,3,3
487001,1920,7305015,935041920,23520,0.6520833373069763,128,487000,2.2139999866485596,1920,17,3,500000,1000,,487001.0,0.6713541746139526,0.5985669493675232,0.6520833373069763,0.6080103516578674,2317,498809134,3,3
488001,1920,7320015,936961920,23520,0.6520833373069763,128,488000,2.2179088592529297,1920,17,3,500000,1000,,488001.0,0.6729166507720947,0.5985629558563232,0.6520833373069763,0.608026385307312,2321,498809134,3,3
489001,1920,7335015,938881920,23520,0.6520833373069763,128,489000,2.222336769104004,1920,17,3,500000,1000,,489001.0,0.6739583611488342,0.5985673069953918,0.6520833373069763,0.6081365346908569,2325,498809134,3,3
490001,1920,7350015,940801920,23520,0.6520833373069763,128,490000,2.2261698246002197,1920,17,3,500000,1000,,490001.0,0.6734374761581421,0.5985671281814575,0.6541666388511658,0.6082466244697571,2329,498809134,3,3
491001,1920,7365015,942721920,23520,0.6541666388511658,128,491000,2.2304794788360596,1920,17,3,500000,1000,,491001.0,0.6729166507720947,0.5985696315765381,0.6541666388511658,0.6077316999435425,2333,498809134,3,3
492001,1920,7380015,944641920,23520,0.6541666388511658,128,492000,2.2346794605255127,1920,17,3,500000,1000,,492001.0,0.6708333492279053,0.5985724925994873,0.6541666388511658,0.6078835725784302,2337,498809134,3,3
493001,1920,7395015,946561920,23520,0.6541666388511658,128,493000,2.2386815547943115,1920,17,3,500000,1000,,493001.0,0.6739583611488342,0.5985651612281799,0.6541666388511658,0.607960045337677,2341,498809134,3,3
494001,1920,7410015,948481920,23520,0.6541666388511658,128,494000,2.2424917221069336,1920,17,3,500000,1000,,494001.0,0.671875,0.5985656976699829,0.6499999761581421,0.6082261204719543,2345,498809134,3,3
495001,1920,7425015,950401920,23520,0.6499999761581421,128,495000,2.246358633041382,1920,17,3,500000,1000,,495001.0,0.6723958253860474,0.5985704660415649,0.6499999761581421,0.6079129576683044,2348,498809134,3,3
496001,1920,7440015,952321920,23520,0.6499999761581421,128,496000,2.2503414154052734,1920,17,3,500000,1000,,496001.0,0.671875,0.5985652804374695,0.6520833373069763,0.6080462336540222,2352,498809134,3,3
497001,1920,7455015,954241920,23520,0.6520833373069763,128,497000,2.2545793056488037,1920,17,3,500000,1000,,497001.0,0.671875,0.5985671877861023,0.6520833373069763,0.6080799102783203,2356,498809134,3,3
498001,1920,7470015,956161920,23520,0.6520833373069763,128,498000,2.2583394050598145,1920,17,3,500000,1000,,498001.0,0.6739583611488342,0.5985652804374695,0.6541666388511658,0.607867419719696,2360,498809134,3,3
499001,1920,7485015,958081920,23520,0.6541666388511658,128,499000,2.262185573577881,1920,17,3,500000,1000,,499001.0,0.6708333492279053,0.5985660552978516,0.6520833373069763,0.6078909039497375,2364,498809134,3,3
499998,1920,7499970,959996160,23520,0.6520833373069763,128,499997,2.2659804821014404,1920,17,3,500000,1000,,499998.0,0.6723958253860474,0.5985650420188904,0.6520833373069763,0.6078528761863708,2368,498809134,3,3
499999,1920,7499985,959998080,23520,0.6520833373069763,128,499998,2.270383596420288,1920,17,3,500000,1000,,499999.0,0.671875,0.598565399646759,0.6520833373069763,0.6078423857688904,2368,498809134,3,3
500000,1920,7500000,960000000,23520,0.6520833373069763,128,499999,2.274594783782959,1920,17,3,500000,1000,,500000.0,0.671875,0.5985652208328247,0.6520833373069763,0.6078287959098816,2368,498809134,3,3
