pf_calls,num_answers,model_updates,num_grad_comps,answers_bytes,last_score,batch_size,k,elapsed_time,train_data,n,d,max_epochs,verbose,ident,_epochs,score_train,loss_train,score_test,loss_test,_elapsed_time,seed,run_id,dim
1,1920,15,1920,23520,0.49791666865348816,128,0,0.021379947662353516,1920,17,4,500000,1000,,1.0,0.5458333492279053,0.6931471228599548,0.5104166865348816,0.6931471228599548,0,1090333856,4,4
1001,1920,15015,1921920,23520,0.5104166865348816,128,1000,0.02512192726135254,1920,17,4,500000,1000,,1001.0,0.6692708134651184,0.6107112765312195,0.637499988079071,0.6334942579269409,4,1090333856,4,4
2001,1920,30015,3841920,23520,0.637499988079071,128,2000,0.028821945190429688,1920,17,4,500000,1000,,2001.0,0.6822916865348816,0.597241222858429,0.637499988079071,0.6223466396331787,8,1090333856,4,4
3001,1920,45015,5761920,23520,0.637499988079071,128,3000,0.03283572196960449,1920,17,4,500000,1000,,3001.0,0.6822916865348816,0.5926234722137451,0.643750011920929,0.6191069483757019,12,1090333856,4,4
4001,1920,60015,7681920,23520,0.643750011920929,128,4000,0.03661179542541504,1920,17,4,500000,1000,,4001.0,0.6833333373069763,0.5903753638267517,0.6499999761581421,0.6180384755134583,16,1090333856,4,4
5001,1920,75015,9601920,23520,0.6499999761581421,128,5000,0.04038882255554199,1920,17,4,500000,1000,,5001.0,0.6901041865348816,0.5890616178512573,0.6458333134651184,0.6179079413414001,21,1090333856,4,4
6001,1920,90015,11521920,23520,0.6458333134651184,128,6000,0.045590877532958984,1920,17,4,500000,1000,,6001.0,0.6895833611488342,0.5881807208061218,0.6499999761581421,0.6172152757644653,25,1090333856,4,4
7001,1920,105015,13441920,23520,0.6499999761581421,128,7000,0.04938793182373047,1920,17,4,500000,1000,,7001.0,0.6875,0.5875413417816162,0.6499999761581421,0.6175143122673035,30,1090333856,4,4
8001,1920,120015,15361920,23520,0.6499999761581421,128,8000,0.05360984802246094,1920,17,4,500000,1000,,8001.0,0.6890624761581421,0.5870446562767029,0.6541666388511658,0.6169591546058655,34,1090333856,4,4
9001,1920,135015,17281920,23520,0.6541666388511658,128,9000,0.0573580265045166,1920,17,4,500000,1000,,9001.0,0.6875,0.586652398109436,0.6499999761581421,0.6173181533813477,39,1090333856,4,4
10001,1920,150015,19201920,23520,0.6499999761581421,128,10000,0.061131954193115234,1920,17,4,500000,1000,,10001.0,0.6864583492279053,0.5863463878631592,0.6541666388511658,0.6173967123031616,43,1090333856,4,4
11001,1920,165015,21121920,23520,0.6541666388511658,128,11000,0.06490778923034668,1920,17,4,500000,1000,,11001.0,0.6885416507720947,0.5860767364501953,0.65625,0.6173432469367981,47,1090333856,4,4
12001,1920,180015,23041920,23520,0.65625,128,12000,0.0686798095703125,1920,17,4,500000,1000,,12001.0,0.6875,0.5858574509620667,0.65625,0.6175070405006409,51,1090333856,4,4
13001,1920,195015,24961920,23520,0.65625,128,13000,0.07259488105773926,1920,17,4,500000,1000,,13001.0,0.6875,0.5856605172157288,0.65625,0.6175469160079956,55,1090333856,4,4
14001,1920,210015,26881920,23520,0.65625,128,14000,0.07633185386657715,1920,17,4,500000,1000,,14001.0,0.6880208253860474,0.5854940414428711,0.6541666388511658,0.6176795363426208,59,1090333856,4,4
15001,1920,225015,28801920,23520,0.6541666388511658,128,15000,0.08013200759887695,1920,17,4,500000,1000,,15001.0,0.6895833611488342,0.5853503942489624,0.6541666388511658,0.6175724864006042,63,1090333856,4,4
16001,1920,240015,30721920,23520,0.6541666388511658,128,16000,0.08414912223815918,1920,17,4,500000,1000,,16001.0,0.6875,0.5852260589599609,0.6541666388511658,0.6178878545761108,67,1090333856,4,4
17001,1920,255015,32641920,23520,0.6541666388511658,128,17000,0.08909821510314941,1920,17,4,500000,1000,,17001.0,0.6885416507720947,0.5850990414619446,0.65625,0.6174383759498596,71,1090333856,4,4
18001,1920,270015,34561920,23520,0.65625,128,18000,0.09281611442565918,1920,17,4,500000,1000,,18001.0,0.6890624761581421,0.5849933624267578,0.6520833373069763,0.6176367998123169,75,1090333856,4,4
19001,1920,285015,36481920,23520,0.6520833373069763,128,19000,0.09658122062683105,1920,17,4,500000,1000,,19001.0,0.6875,0.5848960876464844,0.65625,0.6177700161933899,79,1090333856,4,4
20001,1920,300015,38401920,23520,0.65625,128,20000,0.10034036636352539,1920,17,4,500000,1000,,20001.0,0.6875,0.584809422492981,0.6541666388511658,0.618052065372467,83,1090333856,4,4
21001,1920,315015,40321920,23520,0.6541666388511658,128,21000,0.10415863990783691,1920,17,4,500000,1000,,21001.0,0.6885416507720947,0.584730863571167,0.6541666388511658,0.6177517175674438,87,1090333856,4,4
22001,1920,330015,42241920,23520,0.6541666388511658,128,22000,0.10796165466308594,1920,17,4,500000,1000,,22001.0,0.6885416507720947,0.5846574306488037,0.6520833373069763,0.6178150177001953,91,1090333856,4,4
23001,1920,345015,44161920,23520,0.6520833373069763,128,23000,0.11172676086425781,1920,17,4,500000,1000,,23001.0,0.6895833611488342,0.5845864415168762,0.6499999761581421,0.6179653406143188,95,1090333856,4,4
24001,1920,360015,46081920,23520,0.6499999761581421,128,24000,0.11549091339111328,1920,17,4,500000,1000,,24001.0,0.6890624761581421,0.5845262408256531,0.6541666388511658,0.6180307269096375,99,1090333856,4,4
25001,1920,375015,48001920,23520,0.6541666388511658,128,25000,0.1192479133605957,1920,17,4,500000,1000,,25001.0,0.6890624761581421,0.5844663381576538,0.6541666388511658,0.6180662512779236,103,1090333856,4,4
26001,1920,390015,49921920,23520,0.6541666388511658,128,26000,0.12302017211914062,1920,17,4,500000,1000,,26001.0,0.6895833611488342,0.584411084651947,0.6520833373069763,0.6178492307662964,107,1090333856,4,4
27001,1920,405015,51841920,23520,0.6520833373069763,128,27000,0.12684035301208496,1920,17,4,500000,1000,,27001.0,0.6890624761581421,0.5843616127967834,0.6520833373069763,0.6181392073631287,111,1090333856,4,4
28001,1920,420015,53761920,23520,0.6520833373069763,128,28000,0.13060641288757324,1920,17,4,500000,1000,,28001.0,0.6890624761581421,0.5843179225921631,0.6520833373069763,0.6181790232658386,115,1090333856,4,4
29001,1920,435015,55681920,23520,0.6520833373069763,128,29000,0.1343843936920166,1920,17,4,500000,1000,,29001.0,0.6890624761581421,0.5842644572257996,0.6520833373069763,0.6178664565086365,118,1090333856,4,4
30001,1920,450015,57601920,23520,0.6520833373069763,128,30000,0.13808560371398926,1920,17,4,500000,1000,,30001.0,0.6885416507720947,0.5842220187187195,0.6499999761581421,0.6178462505340576,122,1090333856,4,4
31001,1920,465015,59521920,23520,0.6499999761581421,128,31000,0.14184784889221191,1920,17,4,500000,1000,,31001.0,0.6885416507720947,0.5841855406761169,0.6520833373069763,0.6180917024612427,126,1090333856,4,4
32001,1920,480015,61441920,23520,0.6520833373069763,128,32000,0.14563584327697754,1920,17,4,500000,1000,,32001.0,0.6890624761581421,0.5841490030288696,0.6520833373069763,0.6177275776863098,130,1090333856,4,4
33001,1920,495015,63361920,23520,0.6520833373069763,128,33000,0.1493825912475586,1920,17,4,500000,1000,,33001.0,0.6890624761581421,0.584111213684082,0.6520833373069763,0.6180098056793213,134,1090333856,4,4
34001,1920,510015,65281920,23520,0.6520833373069763,128,34000,0.15312981605529785,1920,17,4,500000,1000,,34001.0,0.6895833611488342,0.584077000617981,0.6520833373069763,0.6183145046234131,138,1090333856,4,4
35001,1920,525015,67201920,23520,0.6520833373069763,128,35000,0.15690064430236816,1920,17,4,500000,1000,,35001.0,0.6890624761581421,0.5840464234352112,0.6520833373069763,0.6182153224945068,142,1090333856,4,4
36001,1920,540015,69121920,23520,0.6520833373069763,128,36000,0.16065764427185059,1920,17,4,500000,1000,,36001.0,0.6875,0.5840132832527161,0.6520833373069763,0.618182897567749,146,1090333856,4,4
37001,1920,555015,71041920,23520,0.6520833373069763,128,37000,0.16441988945007324,1920,17,4,500000,1000,,37001.0,0.6901041865348816,0.5839841961860657,0.6520833373069763,0.6182488799095154,150,1090333856,4,4
38001,1920,570015,72961920,23520,0.6520833373069763,128,38000,0.16819190979003906,1920,17,4,500000,1000,,38001.0,0.6890624761581421,0.5839568972587585,0.6520833373069763,0.6184210181236267,154,1090333856,4,4
39001,1920,585015,74881920,23520,0.6520833373069763,128,39000,0.17191791534423828,1920,17,4,500000,1000,,39001.0,0.6885416507720947,0.5839316844940186,0.6520833373069763,0.6182898879051208,158,1090333856,4,4
40001,1920,600015,76801920,23520,0.6520833373069763,128,40000,0.17568588256835938,1920,17,4,500000,1000,,40001.0,0.6885416507720947,0.5839059948921204,0.6520833373069763,0.6184215545654297,163,1090333856,4,4
41001,1920,615015,78721920,23520,0.6520833373069763,128,41000,0.17944693565368652,1920,17,4,500000,1000,,41001.0,0.6890624761581421,0.5838823318481445,0.6520833373069763,0.6182994246482849,167,1090333856,4,4
42001,1920,630015,80641920,23520,0.6520833373069763,128,42000,0.18314003944396973,1920,17,4,500000,1000,,42001.0,0.6901041865348816,0.5838574171066284,0.6520833373069763,0.618610143661499,170,1090333856,4,4
43001,1920,645015,82561920,23520,0.6520833373069763,128,43000,0.18691182136535645,1920,17,4,500000,1000,,43001.0,0.6880208253860474,0.58383709192276,0.6520833373069763,0.6185672879219055,174,1090333856,4,4
44001,1920,660015,84481920,23520,0.6520833373069763,128,44000,0.19115257263183594,1920,17,4,500000,1000,,44001.0,0.6895833611488342,0.5838167667388916,0.6520833373069763,0.6183326840400696,178,1090333856,4,4
45001,1920,675015,86401920,23520,0.6520833373069763,128,45000,0.1949462890625,1920,17,4,500000,1000,,45001.0,0.6901041865348816,0.583789050579071,0.6499999761581421,0.6185591220855713,182,1090333856,4,4
46001,1920,690015,88321920,23520,0.6499999761581421,128,46000,0.19864916801452637,1920,17,4,500000,1000,,46001.0,0.6890624761581421,0.5837699174880981,0.6520833373069763,0.6187626719474792,186,1090333856,4,4
47001,1920,705015,90241920,23520,0.6520833373069763,128,47000,0.2024860382080078,1920,17,4,500000,1000,,47001.0,0.6901041865348816,0.5837470293045044,0.6520833373069763,0.618605375289917,190,1090333856,4,4
48001,1920,720015,92161920,23520,0.6520833373069763,128,48000,0.2062373161315918,1920,17,4,500000,1000,,48001.0,0.6890624761581421,0.5837292075157166,0.6520833373069763,0.6183271408081055,194,1090333856,4,4
49001,1920,735015,94081920,23520,0.6520833373069763,128,49000,0.2100064754486084,1920,17,4,500000,1000,,49001.0,0.6895833611488342,0.5837159752845764,0.6520833373069763,0.6185252070426941,198,1090333856,4,4
50001,1920,750015,96001920,23520,0.6520833373069763,128,50000,0.21381258964538574,1920,17,4,500000,1000,,50001.0,0.6890624761581421,0.5836966633796692,0.6520833373069763,0.618679404258728,202,1090333856,4,4
51001,1920,765015,97921920,23520,0.6520833373069763,128,51000,0.21782469749450684,1920,17,4,500000,1000,,51001.0,0.6880208253860474,0.5836843848228455,0.6499999761581421,0.6187465786933899,206,1090333856,4,4
52001,1920,780015,99841920,23520,0.6499999761581421,128,52000,0.22314763069152832,1920,17,4,500000,1000,,52001.0,0.6890624761581421,0.5836681723594666,0.6520833373069763,0.618575394153595,210,1090333856,4,4
53001,1920,795015,101761920,23520,0.6520833373069763,128,53000,0.2268834114074707,1920,17,4,500000,1000,,53001.0,0.6885416507720947,0.5836454629898071,0.6520833373069763,0.6185912489891052,214,1090333856,4,4
54001,1920,810015,103681920,23520,0.6520833373069763,128,54000,0.2305903434753418,1920,17,4,500000,1000,,54001.0,0.6885416507720947,0.583631694316864,0.6520833373069763,0.6188181042671204,218,1090333856,4,4
55001,1920,825015,105601920,23520,0.6520833373069763,128,55000,0.23433923721313477,1920,17,4,500000,1000,,55001.0,0.6885416507720947,0.5836145281791687,0.6520833373069763,0.618988037109375,222,1090333856,4,4
56001,1920,840015,107521920,23520,0.6520833373069763,128,56000,0.2380383014678955,1920,17,4,500000,1000,,56001.0,0.6885416507720947,0.5836058259010315,0.6520833373069763,0.6188313364982605,226,1090333856,4,4
57001,1920,855015,109441920,23520,0.6520833373069763,128,57000,0.24182629585266113,1920,17,4,500000,1000,,57001.0,0.6901041865348816,0.583585798740387,0.6520833373069763,0.6184937953948975,230,1090333856,4,4
58001,1920,870015,111361920,23520,0.6520833373069763,128,58000,0.24557709693908691,1920,17,4,500000,1000,,58001.0,0.6880208253860474,0.5835731625556946,0.6499999761581421,0.6186169981956482,234,1090333856,4,4
59001,1920,885015,113281920,23520,0.6499999761581421,128,59000,0.24927306175231934,1920,17,4,500000,1000,,59001.0,0.6890624761581421,0.5835661292076111,0.6499999761581421,0.6185498833656311,238,1090333856,4,4
60001,1920,900015,115201920,23520,0.6499999761581421,128,60000,0.2530081272125244,1920,17,4,500000,1000,,60001.0,0.6890624761581421,0.5835523009300232,0.6520833373069763,0.6186837553977966,241,1090333856,4,4
61001,1920,915015,117121920,23520,0.6520833373069763,128,61000,0.2567610740661621,1920,17,4,500000,1000,,61001.0,0.6885416507720947,0.5835373997688293,0.6520833373069763,0.61887526512146,245,1090333856,4,4
62001,1920,930015,119041920,23520,0.6520833373069763,128,62000,0.2606339454650879,1920,17,4,500000,1000,,62001.0,0.6890624761581421,0.5835198760032654,0.6520833373069763,0.6188335418701172,249,1090333856,4,4
63001,1920,945015,120961920,23520,0.6520833373069763,128,63000,0.26436471939086914,1920,17,4,500000,1000,,63001.0,0.6890624761581421,0.5835122466087341,0.6520833373069763,0.6185144782066345,253,1090333856,4,4
64001,1920,960015,122881920,23520,0.6520833373069763,128,64000,0.26813578605651855,1920,17,4,500000,1000,,64001.0,0.690625011920929,0.5835011601448059,0.6520833373069763,0.6187711358070374,257,1090333856,4,4
65001,1920,975015,124801920,23520,0.6520833373069763,128,65000,0.27184462547302246,1920,17,4,500000,1000,,65001.0,0.6885416507720947,0.5834912657737732,0.6499999761581421,0.6187294721603394,261,1090333856,4,4
66001,1920,990015,126721920,23520,0.6499999761581421,128,66000,0.27579379081726074,1920,17,4,500000,1000,,66001.0,0.6895833611488342,0.5834804773330688,0.6499999761581421,0.6188059449195862,265,1090333856,4,4
67001,1920,1005015,128641920,23520,0.6499999761581421,128,67000,0.2795858383178711,1920,17,4,500000,1000,,67001.0,0.6895833611488342,0.5834667682647705,0.6499999761581421,0.6189852356910706,269,1090333856,4,4
68001,1920,1020015,130561920,23520,0.6499999761581421,128,68000,0.2833387851715088,1920,17,4,500000,1000,,68001.0,0.6901041865348816,0.5834550857543945,0.6499999761581421,0.6190516352653503,273,1090333856,4,4
69001,1920,1035015,132481920,23520,0.6499999761581421,128,69000,0.2871108055114746,1920,17,4,500000,1000,,69001.0,0.6895833611488342,0.5834449529647827,0.6520833373069763,0.6189802885055542,277,1090333856,4,4
70001,1920,1050015,134401920,23520,0.6520833373069763,128,70000,0.29103589057922363,1920,17,4,500000,1000,,70001.0,0.6890624761581421,0.5834411382675171,0.6499999761581421,0.6189063191413879,282,1090333856,4,4
71001,1920,1065015,136321920,23520,0.6499999761581421,128,71000,0.29480981826782227,1920,17,4,500000,1000,,71001.0,0.6895833611488342,0.5834268927574158,0.6520833373069763,0.6187365055084229,286,1090333856,4,4
72001,1920,1080015,138241920,23520,0.6520833373069763,128,72000,0.29947662353515625,1920,17,4,500000,1000,,72001.0,0.6890624761581421,0.583416759967804,0.6520833373069763,0.6190498471260071,290,1090333856,4,4
73001,1920,1095015,140161920,23520,0.6520833373069763,128,73000,0.303236722946167,1920,17,4,500000,1000,,73001.0,0.6895833611488342,0.5834096670150757,0.6499999761581421,0.618793785572052,294,1090333856,4,4
74001,1920,1110015,142081920,23520,0.6499999761581421,128,74000,0.30702853202819824,1920,17,4,500000,1000,,74001.0,0.6895833611488342,0.5834019780158997,0.6520833373069763,0.6189848780632019,297,1090333856,4,4
75001,1920,1125015,144001920,23520,0.6520833373069763,128,75000,0.3107917308807373,1920,17,4,500000,1000,,75001.0,0.6890624761581421,0.5833888649940491,0.6520833373069763,0.6186768412590027,302,1090333856,4,4
76001,1920,1140015,145921920,23520,0.6520833373069763,128,76000,0.3145449161529541,1920,17,4,500000,1000,,76001.0,0.6890624761581421,0.5833821892738342,0.6520833373069763,0.6186827421188354,305,1090333856,4,4
77001,1920,1155015,147841920,23520,0.6520833373069763,128,77000,0.3182997703552246,1920,17,4,500000,1000,,77001.0,0.6890624761581421,0.5833767652511597,0.6520833373069763,0.6189440488815308,309,1090333856,4,4
78001,1920,1170015,149761920,23520,0.6520833373069763,128,78000,0.3220858573913574,1920,17,4,500000,1000,,78001.0,0.6890624761581421,0.5833651423454285,0.6499999761581421,0.6185947060585022,314,1090333856,4,4
79001,1920,1185015,151681920,23520,0.6499999761581421,128,79000,0.32578587532043457,1920,17,4,500000,1000,,79001.0,0.690625011920929,0.5833554863929749,0.6541666388511658,0.6187478303909302,318,1090333856,4,4
80001,1920,1200015,153601920,23520,0.6541666388511658,128,80000,0.32955288887023926,1920,17,4,500000,1000,,80001.0,0.6885416507720947,0.5833438634872437,0.6499999761581421,0.6189587712287903,322,1090333856,4,4
81001,1920,1215015,155521920,23520,0.6499999761581421,128,81000,0.33333516120910645,1920,17,4,500000,1000,,81001.0,0.6901041865348816,0.5833386182785034,0.6520833373069763,0.618803083896637,326,1090333856,4,4
82001,1920,1230015,157441920,23520,0.6520833373069763,128,82000,0.3371391296386719,1920,17,4,500000,1000,,82001.0,0.6916666626930237,0.5833348631858826,0.6499999761581421,0.6189301609992981,330,1090333856,4,4
83001,1920,1245015,159361920,23520,0.6499999761581421,128,83000,0.340900182723999,1920,17,4,500000,1000,,83001.0,0.6901041865348816,0.5833251476287842,0.6499999761581421,0.6188478469848633,334,1090333856,4,4
84001,1920,1260015,161281920,23520,0.6499999761581421,128,84000,0.34460902214050293,1920,17,4,500000,1000,,84001.0,0.6901041865348816,0.5833168625831604,0.6499999761581421,0.6188594102859497,338,1090333856,4,4
85001,1920,1275015,163201920,23520,0.6499999761581421,128,85000,0.34894895553588867,1920,17,4,500000,1000,,85001.0,0.6895833611488342,0.5833094120025635,0.6499999761581421,0.6187160611152649,341,1090333856,4,4
86001,1920,1290015,165121920,23520,0.6499999761581421,128,86000,0.3526928424835205,1920,17,4,500000,1000,,86001.0,0.6901041865348816,0.583300769329071,0.6520833373069763,0.6189279556274414,345,1090333856,4,4
87001,1920,1305015,167041920,23520,0.6520833373069763,128,87000,0.3564748764038086,1920,17,4,500000,1000,,87001.0,0.6890624761581421,0.5832974314689636,0.6520833373069763,0.6188725233078003,349,1090333856,4,4
88001,1920,1320015,168961920,23520,0.6520833373069763,128,88000,0.3602309226989746,1920,17,4,500000,1000,,88001.0,0.6890624761581421,0.583289384841919,0.6520833373069763,0.6188098192214966,353,1090333856,4,4
89001,1920,1335015,170881920,23520,0.6520833373069763,128,89000,0.3640401363372803,1920,17,4,500000,1000,,89001.0,0.6890624761581421,0.5832844972610474,0.6520833373069763,0.6189817190170288,357,1090333856,4,4
90001,1920,1350015,172801920,23520,0.6520833373069763,128,90000,0.36780881881713867,1920,17,4,500000,1000,,90001.0,0.6895833611488342,0.5832854509353638,0.6520833373069763,0.6191520094871521,361,1090333856,4,4
91001,1920,1365015,174721920,23520,0.6520833373069763,128,91000,0.37157392501831055,1920,17,4,500000,1000,,91001.0,0.6901041865348816,0.5832741260528564,0.6520833373069763,0.6188758015632629,365,1090333856,4,4
92001,1920,1380015,176641920,23520,0.6520833373069763,128,92000,0.37534618377685547,1920,17,4,500000,1000,,92001.0,0.6901041865348816,0.5832629799842834,0.6520833373069763,0.618865966796875,369,1090333856,4,4
93001,1920,1395015,178561920,23520,0.6520833373069763,128,93000,0.379101037979126,1920,17,4,500000,1000,,93001.0,0.690625011920929,0.583254873752594,0.6520833373069763,0.6187986731529236,373,1090333856,4,4
94001,1920,1410015,180481920,23520,0.6520833373069763,128,94000,0.38286399841308594,1920,17,4,500000,1000,,94001.0,0.6895833611488342,0.5832509398460388,0.6499999761581421,0.6189113855361938,377,1090333856,4,4
95001,1920,1425015,182401920,23520,0.6499999761581421,128,95000,0.3866269588470459,1920,17,4,500000,1000,,95001.0,0.6901041865348816,0.5832432508468628,0.6499999761581421,0.6187736988067627,381,1090333856,4,4
96001,1920,1440015,184321920,23520,0.6499999761581421,128,96000,0.3903977870941162,1920,17,4,500000,1000,,96001.0,0.6880208253860474,0.5832394957542419,0.6499999761581421,0.618779182434082,385,1090333856,4,4
97001,1920,1455015,186241920,23520,0.6499999761581421,128,97000,0.3941056728363037,1920,17,4,500000,1000,,97001.0,0.6901041865348816,0.5832369327545166,0.6499999761581421,0.6190827488899231,389,1090333856,4,4
98001,1920,1470015,188161920,23520,0.6499999761581421,128,98000,0.39784884452819824,1920,17,4,500000,1000,,98001.0,0.6895833611488342,0.5832263827323914,0.6520833373069763,0.6188920736312866,393,1090333856,4,4
99001,1920,1485015,190081920,23520,0.6520833373069763,128,99000,0.40160393714904785,1920,17,4,500000,1000,,99001.0,0.6890624761581421,0.5832200646400452,0.6520833373069763,0.6189680695533752,397,1090333856,4,4
100001,1920,1500015,192001920,23520,0.6520833373069763,128,100000,0.4053831100463867,1920,17,4,500000,1000,,100001.0,0.6895833611488342,0.583218514919281,0.6520833373069763,0.6190484762191772,401,1090333856,4,4
101001,1920,1515015,193921920,23520,0.6520833373069763,128,101000,0.409160852432251,1920,17,4,500000,1000,,101001.0,0.6890624761581421,0.5832141637802124,0.6499999761581421,0.6190354228019714,405,1090333856,4,4
102001,1920,1530015,195841920,23520,0.6499999761581421,128,102000,0.41290879249572754,1920,17,4,500000,1000,,102001.0,0.6880208253860474,0.5832073092460632,0.6499999761581421,0.6190629601478577,409,1090333856,4,4
103001,1920,1545015,197761920,23520,0.6499999761581421,128,103000,0.41669368743896484,1920,17,4,500000,1000,,103001.0,0.6901041865348816,0.5832022428512573,0.6520833373069763,0.6188428997993469,413,1090333856,4,4
104001,1920,1560015,199681920,23520,0.6520833373069763,128,104000,0.420440673828125,1920,17,4,500000,1000,,104001.0,0.6895833611488342,0.5831958651542664,0.6520833373069763,0.6189462542533875,417,1090333856,4,4
105001,1920,1575015,201601920,23520,0.6520833373069763,128,105000,0.4241974353790283,1920,17,4,500000,1000,,105001.0,0.6901041865348816,0.5831964612007141,0.6499999761581421,0.6190348863601685,421,1090333856,4,4
106001,1920,1590015,203521920,23520,0.6499999761581421,128,106000,0.42801952362060547,1920,17,4,500000,1000,,106001.0,0.6901041865348816,0.5831860899925232,0.6499999761581421,0.6190444827079773,425,1090333856,4,4
107001,1920,1605015,205441920,23520,0.6499999761581421,128,107000,0.43172574043273926,1920,17,4,500000,1000,,107001.0,0.6895833611488342,0.5831831693649292,0.6499999761581421,0.6191028356552124,429,1090333856,4,4
108001,1920,1620015,207361920,23520,0.6499999761581421,128,108000,0.43543410301208496,1920,17,4,500000,1000,,108001.0,0.6890624761581421,0.5831790566444397,0.6520833373069763,0.6191200017929077,433,1090333856,4,4
109001,1920,1635015,209281920,23520,0.6520833373069763,128,109000,0.4392051696777344,1920,17,4,500000,1000,,109001.0,0.6895833611488342,0.5831681489944458,0.6499999761581421,0.6189450621604919,437,1090333856,4,4
110001,1920,1650015,211201920,23520,0.6499999761581421,128,110000,0.44300127029418945,1920,17,4,500000,1000,,110001.0,0.6895833611488342,0.5831639766693115,0.6499999761581421,0.619093656539917,441,1090333856,4,4
111001,1920,1665015,213121920,23520,0.6499999761581421,128,111000,0.44674229621887207,1920,17,4,500000,1000,,111001.0,0.690625011920929,0.5831605195999146,0.6499999761581421,0.6188713312149048,445,1090333856,4,4
112001,1920,1680015,215041920,23520,0.6499999761581421,128,112000,0.4504971504211426,1920,17,4,500000,1000,,112001.0,0.6895833611488342,0.5831559300422668,0.6520833373069763,0.6189042925834656,449,1090333856,4,4
113001,1920,1695015,216961920,23520,0.6520833373069763,128,113000,0.45424318313598633,1920,17,4,500000,1000,,113001.0,0.6895833611488342,0.5831517577171326,0.6520833373069763,0.6189529299736023,453,1090333856,4,4
114001,1920,1710015,218881920,23520,0.6520833373069763,128,114000,0.4579610824584961,1920,17,4,500000,1000,,114001.0,0.6890624761581421,0.5831462740898132,0.6520833373069763,0.6190375685691833,457,1090333856,4,4
115001,1920,1725015,220801920,23520,0.6520833373069763,128,115000,0.46167612075805664,1920,17,4,500000,1000,,115001.0,0.6895833611488342,0.5831432938575745,0.6499999761581421,0.6191322207450867,461,1090333856,4,4
116001,1920,1740015,222721920,23520,0.6499999761581421,128,116000,0.46544313430786133,1920,17,4,500000,1000,,116001.0,0.6885416507720947,0.5831384062767029,0.6520833373069763,0.619062066078186,465,1090333856,4,4
117001,1920,1755015,224641920,23520,0.6520833373069763,128,117000,0.4691441059112549,1920,17,4,500000,1000,,117001.0,0.690625011920929,0.5831397771835327,0.6499999761581421,0.6190221905708313,469,1090333856,4,4
118001,1920,1770015,226561920,23520,0.6499999761581421,128,118000,0.4730081558227539,1920,17,4,500000,1000,,118001.0,0.6895833611488342,0.5831319093704224,0.6499999761581421,0.6188004016876221,473,1090333856,4,4
119001,1920,1785015,228481920,23520,0.6499999761581421,128,119000,0.47674012184143066,1920,17,4,500000,1000,,119001.0,0.6890624761581421,0.5831250548362732,0.6520833373069763,0.6188022494316101,477,1090333856,4,4
120001,1920,1800015,230401920,23520,0.6520833373069763,128,120000,0.48061203956604004,1920,17,4,500000,1000,,120001.0,0.6890624761581421,0.5831225514411926,0.6520833373069763,0.619036078453064,481,1090333856,4,4
121001,1920,1815015,232321920,23520,0.6520833373069763,128,121000,0.4844069480895996,1920,17,4,500000,1000,,121001.0,0.6901041865348816,0.583118200302124,0.6520833373069763,0.6190646886825562,485,1090333856,4,4
122001,1920,1830015,234241920,23520,0.6520833373069763,128,122000,0.4881279468536377,1920,17,4,500000,1000,,122001.0,0.6901041865348816,0.5831170678138733,0.6520833373069763,0.6189063191413879,488,1090333856,4,4
123001,1920,1845015,236161920,23520,0.6520833373069763,128,123000,0.491854190826416,1920,17,4,500000,1000,,123001.0,0.6895833611488342,0.5831114649772644,0.6520833373069763,0.6190654039382935,492,1090333856,4,4
124001,1920,1860015,238081920,23520,0.6520833373069763,128,124000,0.4956080913543701,1920,17,4,500000,1000,,124001.0,0.6901041865348816,0.5831053256988525,0.6520833373069763,0.6189311742782593,496,1090333856,4,4
125001,1920,1875015,240001920,23520,0.6520833373069763,128,125000,0.4993171691894531,1920,17,4,500000,1000,,125001.0,0.6901041865348816,0.5831037759780884,0.6520833373069763,0.6189292669296265,500,1090333856,4,4
126001,1920,1890015,241921920,23520,0.6520833373069763,128,126000,0.5030632019042969,1920,17,4,500000,1000,,126001.0,0.6885416507720947,0.5830975770950317,0.6499999761581421,0.6190577745437622,504,1090333856,4,4
127001,1920,1905015,243841920,23520,0.6499999761581421,128,127000,0.5067930221557617,1920,17,4,500000,1000,,127001.0,0.6895833611488342,0.5830957293510437,0.6520833373069763,0.6192768812179565,508,1090333856,4,4
128001,1920,1920015,245761920,23520,0.6520833373069763,128,128000,0.5105421543121338,1920,17,4,500000,1000,,128001.0,0.6895833611488342,0.5830898284912109,0.6499999761581421,0.6192947626113892,512,1090333856,4,4
129001,1920,1935015,247681920,23520,0.6499999761581421,128,129000,0.5142910480499268,1920,17,4,500000,1000,,129001.0,0.6895833611488342,0.583084762096405,0.6499999761581421,0.6190557479858398,516,1090333856,4,4
130001,1920,1950015,249601920,23520,0.6499999761581421,128,130000,0.5180938243865967,1920,17,4,500000,1000,,130001.0,0.6895833611488342,0.5830857157707214,0.6499999761581421,0.6193252801895142,520,1090333856,4,4
131001,1920,1965015,251521920,23520,0.6499999761581421,128,131000,0.5218179225921631,1920,17,4,500000,1000,,131001.0,0.6880208253860474,0.5830797553062439,0.6499999761581421,0.6191677451133728,524,1090333856,4,4
132001,1920,1980015,253441920,23520,0.6499999761581421,128,132000,0.5257101058959961,1920,17,4,500000,1000,,132001.0,0.6890624761581421,0.5830768346786499,0.6520833373069763,0.619054913520813,528,1090333856,4,4
133001,1920,1995015,255361920,23520,0.6520833373069763,128,133000,0.5293922424316406,1920,17,4,500000,1000,,133001.0,0.6890624761581421,0.5830697417259216,0.6520833373069763,0.6190770268440247,532,1090333856,4,4
134001,1920,2010015,257281920,23520,0.6520833373069763,128,134000,0.5331623554229736,1920,17,4,500000,1000,,134001.0,0.6890624761581421,0.5830715298652649,0.6499999761581421,0.6187441945075989,537,1090333856,4,4
135001,1920,2025015,259201920,23520,0.6499999761581421,128,135000,0.5370714664459229,1920,17,4,500000,1000,,135001.0,0.6890624761581421,0.5830681920051575,0.6520833373069763,0.6189345717430115,541,1090333856,4,4
136001,1920,2040015,261121920,23520,0.6520833373069763,128,136000,0.5408904552459717,1920,17,4,500000,1000,,136001.0,0.6895833611488342,0.5830638408660889,0.6520833373069763,0.6190974712371826,545,1090333856,4,4
137001,1920,2055015,263041920,23520,0.6520833373069763,128,137000,0.5446743965148926,1920,17,4,500000,1000,,137001.0,0.6890624761581421,0.5830590128898621,0.6499999761581421,0.6189797520637512,550,1090333856,4,4
138001,1920,2070015,264961920,23520,0.6499999761581421,128,138000,0.5494444370269775,1920,17,4,500000,1000,,138001.0,0.6880208253860474,0.5830575227737427,0.6499999761581421,0.619337797164917,554,1090333856,4,4
139001,1920,2085015,266881920,23520,0.6499999761581421,128,139000,0.5532515048980713,1920,17,4,500000,1000,,139001.0,0.6890624761581421,0.5830515623092651,0.6499999761581421,0.6192198395729065,558,1090333856,4,4
140001,1920,2100015,268801920,23520,0.6499999761581421,128,140000,0.5570402145385742,1920,17,4,500000,1000,,140001.0,0.6890624761581421,0.5830506682395935,0.6499999761581421,0.619087278842926,562,1090333856,4,4
141001,1920,2115015,270721920,23520,0.6499999761581421,128,141000,0.5616471767425537,1920,17,4,500000,1000,,141001.0,0.6890624761581421,0.5830514430999756,0.6499999761581421,0.6192474961280823,566,1090333856,4,4
142001,1920,2130015,272641920,23520,0.6499999761581421,128,142000,0.5654919147491455,1920,17,4,500000,1000,,142001.0,0.6895833611488342,0.5830488801002502,0.6499999761581421,0.6191308498382568,570,1090333856,4,4
143001,1920,2145015,274561920,23520,0.6499999761581421,128,143000,0.5693860054016113,1920,17,4,500000,1000,,143001.0,0.6895833611488342,0.5830397009849548,0.6499999761581421,0.6194623112678528,574,1090333856,4,4
144001,1920,2160015,276481920,23520,0.6499999761581421,128,144000,0.573218822479248,1920,17,4,500000,1000,,144001.0,0.6890624761581421,0.5830398797988892,0.6499999761581421,0.6191612482070923,579,1090333856,4,4
145001,1920,2175015,278401920,23520,0.6499999761581421,128,145000,0.5771157741546631,1920,17,4,500000,1000,,145001.0,0.6895833611488342,0.5830341577529907,0.6520833373069763,0.6190630197525024,584,1090333856,4,4
146001,1920,2190015,280321920,23520,0.6520833373069763,128,146000,0.5809295177459717,1920,17,4,500000,1000,,146001.0,0.6895833611488342,0.58303302526474,0.6520833373069763,0.6189931631088257,588,1090333856,4,4
147001,1920,2205015,282241920,23520,0.6520833373069763,128,147000,0.5847876071929932,1920,17,4,500000,1000,,147001.0,0.6885416507720947,0.5830276012420654,0.6499999761581421,0.619067907333374,592,1090333856,4,4
148001,1920,2220015,284161920,23520,0.6499999761581421,128,148000,0.5887374877929688,1920,17,4,500000,1000,,148001.0,0.6901041865348816,0.5830255746841431,0.6499999761581421,0.6192206740379333,596,1090333856,4,4
149001,1920,2235015,286081920,23520,0.6499999761581421,128,149000,0.5924367904663086,1920,17,4,500000,1000,,149001.0,0.6895833611488342,0.5830211639404297,0.6499999761581421,0.6191656589508057,600,1090333856,4,4
150001,1920,2250015,288001920,23520,0.6499999761581421,128,150000,0.5962088108062744,1920,17,4,500000,1000,,150001.0,0.6901041865348816,0.5830183625221252,0.6499999761581421,0.6192160248756409,604,1090333856,4,4
151001,1920,2265015,289921920,23520,0.6499999761581421,128,151000,0.6010136604309082,1920,17,4,500000,1000,,151001.0,0.6911458373069763,0.583016574382782,0.6499999761581421,0.6192739605903625,609,1090333856,4,4
152001,1920,2280015,291841920,23520,0.6499999761581421,128,152000,0.6048917770385742,1920,17,4,500000,1000,,152001.0,0.6895833611488342,0.5830161571502686,0.6520833373069763,0.6192294955253601,613,1090333856,4,4
153001,1920,2295015,293761920,23520,0.6520833373069763,128,153000,0.6086907386779785,1920,17,4,500000,1000,,153001.0,0.6895833611488342,0.583012044429779,0.6520833373069763,0.6190459132194519,617,1090333856,4,4
154001,1920,2310015,295681920,23520,0.6520833373069763,128,154000,0.6125469207763672,1920,17,4,500000,1000,,154001.0,0.690625011920929,0.5830078721046448,0.6499999761581421,0.6192534565925598,621,1090333856,4,4
155001,1920,2325015,297601920,23520,0.6499999761581421,128,155000,0.6163320541381836,1920,17,4,500000,1000,,155001.0,0.6901041865348816,0.5830089449882507,0.6499999761581421,0.6190264225006104,625,1090333856,4,4
156001,1920,2340015,299521920,23520,0.6499999761581421,128,156000,0.6200690269470215,1920,17,4,500000,1000,,156001.0,0.6895833611488342,0.5830042958259583,0.6520833373069763,0.6192275881767273,629,1090333856,4,4
157001,1920,2355015,301441920,23520,0.6520833373069763,128,157000,0.6243219375610352,1920,17,4,500000,1000,,157001.0,0.690625011920929,0.5830042362213135,0.6520833373069763,0.6190101504325867,633,1090333856,4,4
158001,1920,2370015,303361920,23520,0.6520833373069763,128,158000,0.6284337043762207,1920,17,4,500000,1000,,158001.0,0.6911458373069763,0.5829998850822449,0.6520833373069763,0.6190828680992126,637,1090333856,4,4
159001,1920,2385015,305281920,23520,0.6520833373069763,128,159000,0.6367795467376709,1920,17,4,500000,1000,,159001.0,0.690625011920929,0.5829962491989136,0.6520833373069763,0.6191883087158203,641,1090333856,4,4
160001,1920,2400015,307201920,23520,0.6520833373069763,128,160000,0.640538215637207,1920,17,4,500000,1000,,160001.0,0.6911458373069763,0.5829952955245972,0.6520833373069763,0.6190634369850159,645,1090333856,4,4
161001,1920,2415015,309121920,23520,0.6520833373069763,128,161000,0.6443052291870117,1920,17,4,500000,1000,,161001.0,0.690625011920929,0.5829939246177673,0.6499999761581421,0.6191184520721436,649,1090333856,4,4
162001,1920,2430015,311041920,23520,0.6499999761581421,128,162000,0.6480333805084229,1920,17,4,500000,1000,,162001.0,0.690625011920929,0.5829910039901733,0.6499999761581421,0.6190950870513916,653,1090333856,4,4
163001,1920,2445015,312961920,23520,0.6499999761581421,128,163000,0.6518714427947998,1920,17,4,500000,1000,,163001.0,0.6895833611488342,0.5829861164093018,0.6499999761581421,0.6190841197967529,658,1090333856,4,4
164001,1920,2460015,314881920,23520,0.6499999761581421,128,164000,0.6557073593139648,1920,17,4,500000,1000,,164001.0,0.6901041865348816,0.5829896330833435,0.6499999761581421,0.6189358830451965,662,1090333856,4,4
165001,1920,2475015,316801920,23520,0.6499999761581421,128,165000,0.659461498260498,1920,17,4,500000,1000,,165001.0,0.6901041865348816,0.5829849243164062,0.6499999761581421,0.6190834641456604,666,1090333856,4,4
166001,1920,2490015,318721920,23520,0.6499999761581421,128,166000,0.6632285118103027,1920,17,4,500000,1000,,166001.0,0.690625011920929,0.5829803347587585,0.6520833373069763,0.6189743280410767,670,1090333856,4,4
167001,1920,2505015,320641920,23520,0.6520833373069763,128,167000,0.6669554710388184,1920,17,4,500000,1000,,167001.0,0.6895833611488342,0.5829732418060303,0.6520833373069763,0.6192805171012878,675,1090333856,4,4
168001,1920,2520015,322561920,23520,0.6520833373069763,128,168000,0.6707642078399658,1920,17,4,500000,1000,,168001.0,0.6901041865348816,0.5829717516899109,0.6520833373069763,0.6192960143089294,678,1090333856,4,4
169001,1920,2535015,324481920,23520,0.6520833373069763,128,169000,0.6745293140411377,1920,17,4,500000,1000,,169001.0,0.6901041865348816,0.5829709768295288,0.6499999761581421,0.6191109418869019,682,1090333856,4,4
170001,1920,2550015,326401920,23520,0.6499999761581421,128,170000,0.6782875061035156,1920,17,4,500000,1000,,170001.0,0.6901041865348816,0.5829689502716064,0.6499999761581421,0.61910080909729,686,1090333856,4,4
171001,1920,2565015,328321920,23520,0.6499999761581421,128,171000,0.6821472644805908,1920,17,4,500000,1000,,171001.0,0.690625011920929,0.5829654335975647,0.6499999761581421,0.6192320585250854,690,1090333856,4,4
172001,1920,2580015,330241920,23520,0.6499999761581421,128,172000,0.6859383583068848,1920,17,4,500000,1000,,172001.0,0.6890624761581421,0.5829644799232483,0.6499999761581421,0.6194470524787903,695,1090333856,4,4
173001,1920,2595015,332161920,23520,0.6499999761581421,128,173000,0.6896374225616455,1920,17,4,500000,1000,,173001.0,0.6895833611488342,0.5829604268074036,0.6499999761581421,0.6193035840988159,699,1090333856,4,4
174001,1920,2610015,334081920,23520,0.6499999761581421,128,174000,0.6952943801879883,1920,17,4,500000,1000,,174001.0,0.6901041865348816,0.5829591155052185,0.6499999761581421,0.6188987493515015,703,1090333856,4,4
175001,1920,2625015,336001920,23520,0.6499999761581421,128,175000,0.6990463733673096,1920,17,4,500000,1000,,175001.0,0.6895833611488342,0.5829598903656006,0.6499999761581421,0.6187779307365417,707,1090333856,4,4
176001,1920,2640015,337921920,23520,0.6499999761581421,128,176000,0.7028024196624756,1920,17,4,500000,1000,,176001.0,0.6901041865348816,0.582956850528717,0.6499999761581421,0.6187756657600403,711,1090333856,4,4
177001,1920,2655015,339841920,23520,0.6499999761581421,128,177000,0.706559419631958,1920,17,4,500000,1000,,177001.0,0.6901041865348816,0.5829560160636902,0.6499999761581421,0.6190083622932434,716,1090333856,4,4
178001,1920,2670015,341761920,23520,0.6499999761581421,128,178000,0.7106914520263672,1920,17,4,500000,1000,,178001.0,0.6901041865348816,0.5829505920410156,0.6499999761581421,0.6191127896308899,720,1090333856,4,4
179001,1920,2685015,343681920,23520,0.6499999761581421,128,179000,0.7144625186920166,1920,17,4,500000,1000,,179001.0,0.6901041865348816,0.5829496383666992,0.6499999761581421,0.6193169355392456,725,1090333856,4,4
180001,1920,2700015,345601920,23520,0.6499999761581421,128,180000,0.718308687210083,1920,17,4,500000,1000,,180001.0,0.6895833611488342,0.5829494595527649,0.6499999761581421,0.6192159056663513,729,1090333856,4,4
181001,1920,2715015,347521920,23520,0.6499999761581421,128,181000,0.7234506607055664,1920,17,4,500000,1000,,181001.0,0.6901041865348816,0.582946240901947,0.6499999761581421,0.6191561818122864,733,1090333856,4,4
182001,1920,2730015,349441920,23520,0.6499999761581421,128,182000,0.7272806167602539,1920,17,4,500000,1000,,182001.0,0.6895833611488342,0.5829450488090515,0.6499999761581421,0.6190516948699951,738,1090333856,4,4
183001,1920,2745015,351361920,23520,0.6499999761581421,128,183000,0.7311916351318359,1920,17,4,500000,1000,,183001.0,0.6901041865348816,0.5829394459724426,0.6499999761581421,0.6188923120498657,742,1090333856,4,4
184001,1920,2760015,353281920,23520,0.6499999761581421,128,184000,0.7352144718170166,1920,17,4,500000,1000,,184001.0,0.6890624761581421,0.5829384326934814,0.6499999761581421,0.6191089749336243,747,1090333856,4,4
185001,1920,2775015,355201920,23520,0.6499999761581421,128,185000,0.7414534091949463,1920,17,4,500000,1000,,185001.0,0.6895833611488342,0.5829337239265442,0.6499999761581421,0.6190185546875,751,1090333856,4,4
186001,1920,2790015,357121920,23520,0.6499999761581421,128,186000,0.7452294826507568,1920,17,4,500000,1000,,186001.0,0.6890624761581421,0.5829339623451233,0.6520833373069763,0.619186520576477,755,1090333856,4,4
187001,1920,2805015,359041920,23520,0.6520833373069763,128,187000,0.7489862442016602,1920,17,4,500000,1000,,187001.0,0.6911458373069763,0.5829349756240845,0.6499999761581421,0.6191037893295288,759,1090333856,4,4
188001,1920,2820015,360961920,23520,0.6499999761581421,128,188000,0.7527360916137695,1920,17,4,500000,1000,,188001.0,0.6885416507720947,0.5829306244850159,0.6499999761581421,0.6189493536949158,763,1090333856,4,4
189001,1920,2835015,362881920,23520,0.6499999761581421,128,189000,0.7565691471099854,1920,17,4,500000,1000,,189001.0,0.6890624761581421,0.5829308032989502,0.6499999761581421,0.6189865469932556,767,1090333856,4,4
190001,1920,2850015,364801920,23520,0.6499999761581421,128,190000,0.760338306427002,1920,17,4,500000,1000,,190001.0,0.6895833611488342,0.5829296112060547,0.6499999761581421,0.6189424395561218,771,1090333856,4,4
191001,1920,2865015,366721920,23520,0.6499999761581421,128,191000,0.7650279998779297,1920,17,4,500000,1000,,191001.0,0.6890624761581421,0.5829241871833801,0.6499999761581421,0.619010329246521,775,1090333856,4,4
192001,1920,2880015,368641920,23520,0.6499999761581421,128,192000,0.7688241004943848,1920,17,4,500000,1000,,192001.0,0.6895833611488342,0.5829271674156189,0.6499999761581421,0.6191614270210266,779,1090333856,4,4
193001,1920,2895015,370561920,23520,0.6499999761581421,128,193000,0.7726240158081055,1920,17,4,500000,1000,,193001.0,0.6895833611488342,0.5829237699508667,0.6499999761581421,0.6191074252128601,783,1090333856,4,4
194001,1920,2910015,372481920,23520,0.6499999761581421,128,194000,0.776313066482544,1920,17,4,500000,1000,,194001.0,0.6901041865348816,0.5829223394393921,0.6499999761581421,0.6192206144332886,787,1090333856,4,4
195001,1920,2925015,374401920,23520,0.6499999761581421,128,195000,0.7801849842071533,1920,17,4,500000,1000,,195001.0,0.6901041865348816,0.5829194784164429,0.6499999761581421,0.6190679669380188,791,1090333856,4,4
196001,1920,2940015,376321920,23520,0.6499999761581421,128,196000,0.7839679718017578,1920,17,4,500000,1000,,196001.0,0.6901041865348816,0.5829156637191772,0.6499999761581421,0.6191130876541138,795,1090333856,4,4
197001,1920,2955015,378241920,23520,0.6499999761581421,128,197000,0.7877120971679688,1920,17,4,500000,1000,,197001.0,0.6901041865348816,0.5829123258590698,0.6520833373069763,0.6191888451576233,799,1090333856,4,4
198001,1920,2970015,380161920,23520,0.6520833373069763,128,198000,0.7914800643920898,1920,17,4,500000,1000,,198001.0,0.6895833611488342,0.5829136371612549,0.6499999761581421,0.6193948984146118,803,1090333856,4,4
199001,1920,2985015,382081920,23520,0.6499999761581421,128,199000,0.7952990531921387,1920,17,4,500000,1000,,199001.0,0.6890624761581421,0.5829095840454102,0.6499999761581421,0.6191615462303162,807,1090333856,4,4
200001,1920,3000015,384001920,23520,0.6499999761581421,128,200000,0.7990810871124268,1920,17,4,500000,1000,,200001.0,0.6890624761581421,0.5829089283943176,0.6499999761581421,0.6191141605377197,811,1090333856,4,4
201001,1920,3015015,385921920,23520,0.6499999761581421,128,201000,0.8027770519256592,1920,17,4,500000,1000,,201001.0,0.6890624761581421,0.582909882068634,0.6499999761581421,0.619013249874115,815,1090333856,4,4
202001,1920,3030015,387841920,23520,0.6499999761581421,128,202000,0.807542085647583,1920,17,4,500000,1000,,202001.0,0.6890624761581421,0.5829082727432251,0.6520833373069763,0.6191110610961914,819,1090333856,4,4
203001,1920,3045015,389761920,23520,0.6520833373069763,128,203000,0.8112928867340088,1920,17,4,500000,1000,,203001.0,0.6890624761581421,0.5828999280929565,0.6499999761581421,0.6193555593490601,823,1090333856,4,4
204001,1920,3060015,391681920,23520,0.6499999761581421,128,204000,0.8150539398193359,1920,17,4,500000,1000,,204001.0,0.6895833611488342,0.582901120185852,0.6499999761581421,0.6191606521606445,827,1090333856,4,4
205001,1920,3075015,393601920,23520,0.6499999761581421,128,205000,0.8188698291778564,1920,17,4,500000,1000,,205001.0,0.6901041865348816,0.5828993916511536,0.6520833373069763,0.619349479675293,832,1090333856,4,4
206001,1920,3090015,395521920,23520,0.6520833373069763,128,206000,0.8227026462554932,1920,17,4,500000,1000,,206001.0,0.6895833611488342,0.5828979015350342,0.6520833373069763,0.619479775428772,836,1090333856,4,4
207001,1920,3105015,397441920,23520,0.6520833373069763,128,207000,0.8264796733856201,1920,17,4,500000,1000,,207001.0,0.6901041865348816,0.5828977227210999,0.6520833373069763,0.6194887757301331,840,1090333856,4,4
208001,1920,3120015,399361920,23520,0.6520833373069763,128,208000,0.8304314613342285,1920,17,4,500000,1000,,208001.0,0.6890624761581421,0.5828947424888611,0.6520833373069763,0.6191575527191162,844,1090333856,4,4
209001,1920,3135015,401281920,23520,0.6520833373069763,128,209000,0.8341822624206543,1920,17,4,500000,1000,,209001.0,0.690625011920929,0.5828960537910461,0.6520833373069763,0.6189044713973999,848,1090333856,4,4
210001,1920,3150015,403201920,23520,0.6520833373069763,128,210000,0.8379950523376465,1920,17,4,500000,1000,,210001.0,0.6890624761581421,0.5828942656517029,0.6499999761581421,0.6194239258766174,852,1090333856,4,4
211001,1920,3165015,405121920,23520,0.6499999761581421,128,211000,0.841904878616333,1920,17,4,500000,1000,,211001.0,0.6895833611488342,0.5828935503959656,0.6499999761581421,0.6194087862968445,856,1090333856,4,4
212001,1920,3180015,407041920,23520,0.6499999761581421,128,212000,0.8457076549530029,1920,17,4,500000,1000,,212001.0,0.6890624761581421,0.5828888416290283,0.6499999761581421,0.6194013953208923,860,1090333856,4,4
213001,1920,3195015,408961920,23520,0.6499999761581421,128,213000,0.8495669364929199,1920,17,4,500000,1000,,213001.0,0.6895833611488342,0.5828880071640015,0.6499999761581421,0.619115948677063,864,1090333856,4,4
214001,1920,3210015,410881920,23520,0.6499999761581421,128,214000,0.8533937931060791,1920,17,4,500000,1000,,214001.0,0.6890624761581421,0.5828874111175537,0.6499999761581421,0.619158148765564,868,1090333856,4,4
215001,1920,3225015,412801920,23520,0.6499999761581421,128,215000,0.8571510314941406,1920,17,4,500000,1000,,215001.0,0.6901041865348816,0.5828849673271179,0.6520833373069763,0.6192691326141357,872,1090333856,4,4
216001,1920,3240015,414721920,23520,0.6520833373069763,128,216000,0.860994815826416,1920,17,4,500000,1000,,216001.0,0.690625011920929,0.5828830003738403,0.6520833373069763,0.619253396987915,876,1090333856,4,4
217001,1920,3255015,416641920,23520,0.6520833373069763,128,217000,0.8654117584228516,1920,17,4,500000,1000,,217001.0,0.690625011920929,0.5828806161880493,0.6520833373069763,0.6193172335624695,880,1090333856,4,4
218001,1920,3270015,418561920,23520,0.6520833373069763,128,218000,0.8691728115081787,1920,17,4,500000,1000,,218001.0,0.6911458373069763,0.5828827023506165,0.6520833373069763,0.6192755103111267,884,1090333856,4,4
219001,1920,3285015,420481920,23520,0.6520833373069763,128,219000,0.8737115859985352,1920,17,4,500000,1000,,219001.0,0.690625011920929,0.582881510257721,0.6520833373069763,0.6191683411598206,888,1090333856,4,4
220001,1920,3300015,422401920,23520,0.6520833373069763,128,220000,0.877556562423706,1920,17,4,500000,1000,,220001.0,0.6895833611488342,0.5828769207000732,0.6520833373069763,0.6190772652626038,892,1090333856,4,4
221001,1920,3315015,424321920,23520,0.6520833373069763,128,221000,0.8813066482543945,1920,17,4,500000,1000,,221001.0,0.6911458373069763,0.5828744173049927,0.6520833373069763,0.6190134286880493,896,1090333856,4,4
222001,1920,3330015,426241920,23520,0.6520833373069763,128,222000,0.8850576877593994,1920,17,4,500000,1000,,222001.0,0.6901041865348816,0.58287513256073,0.6499999761581421,0.6191301941871643,900,1090333856,4,4
223001,1920,3345015,428161920,23520,0.6499999761581421,128,223000,0.8926637172698975,1920,17,4,500000,1000,,223001.0,0.6911458373069763,0.5828818678855896,0.6520833373069763,0.6190809607505798,904,1090333856,4,4
224001,1920,3360015,430081920,23520,0.6520833373069763,128,224000,0.8964629173278809,1920,17,4,500000,1000,,224001.0,0.690625011920929,0.5828753113746643,0.6499999761581421,0.6190837621688843,908,1090333856,4,4
225001,1920,3375015,432001920,23520,0.6499999761581421,128,225000,0.9002976417541504,1920,17,4,500000,1000,,225001.0,0.6901041865348816,0.5828714966773987,0.6499999761581421,0.6190245151519775,912,1090333856,4,4
226001,1920,3390015,433921920,23520,0.6499999761581421,128,226000,0.9055705070495605,1920,17,4,500000,1000,,226001.0,0.6901041865348816,0.5828678011894226,0.6499999761581421,0.6190714240074158,916,1090333856,4,4
227001,1920,3405015,435841920,23520,0.6499999761581421,128,227000,0.909426212310791,1920,17,4,500000,1000,,227001.0,0.6901041865348816,0.5828641653060913,0.6499999761581421,0.6190394163131714,920,1090333856,4,4
228001,1920,3420015,437761920,23520,0.6499999761581421,128,228000,0.9131581783294678,1920,17,4,500000,1000,,228001.0,0.6901041865348816,0.5828662514686584,0.6499999761581421,0.6191298365592957,924,1090333856,4,4
229001,1920,3435015,439681920,23520,0.6499999761581421,128,229000,0.922680139541626,1920,17,4,500000,1000,,229001.0,0.6901041865348816,0.5828649401664734,0.6520833373069763,0.6191729307174683,928,1090333856,4,4
230001,1920,3450015,441601920,23520,0.6520833373069763,128,230000,0.9264390468597412,1920,17,4,500000,1000,,230001.0,0.6901041865348816,0.5828611850738525,0.6499999761581421,0.6192402243614197,932,1090333856,4,4
231001,1920,3465015,443521920,23520,0.6499999761581421,128,231000,0.9302778244018555,1920,17,4,500000,1000,,231001.0,0.6901041865348816,0.5828570127487183,0.6499999761581421,0.6190652251243591,936,1090333856,4,4
232001,1920,3480015,445441920,23520,0.6499999761581421,128,232000,0.9344308376312256,1920,17,4,500000,1000,,232001.0,0.6911458373069763,0.5828582644462585,0.6520833373069763,0.6192408800125122,941,1090333856,4,4
233001,1920,3495015,447361920,23520,0.6520833373069763,128,233000,0.9381859302520752,1920,17,4,500000,1000,,233001.0,0.690625011920929,0.5828599333763123,0.6499999761581421,0.6192802786827087,945,1090333856,4,4
234001,1920,3510015,449281920,23520,0.6499999761581421,128,234000,0.9419398307800293,1920,17,4,500000,1000,,234001.0,0.6901041865348816,0.5828589797019958,0.6499999761581421,0.6191838383674622,949,1090333856,4,4
235001,1920,3525015,451201920,23520,0.6499999761581421,128,235000,0.9457838535308838,1920,17,4,500000,1000,,235001.0,0.6890624761581421,0.5828526616096497,0.6499999761581421,0.6192127466201782,953,1090333856,4,4
236001,1920,3540015,453121920,23520,0.6499999761581421,128,236000,0.9498467445373535,1920,17,4,500000,1000,,236001.0,0.6895833611488342,0.5828559398651123,0.6499999761581421,0.6193106770515442,957,1090333856,4,4
237001,1920,3555015,455041920,23520,0.6499999761581421,128,237000,0.9536375999450684,1920,17,4,500000,1000,,237001.0,0.690625011920929,0.5828544497489929,0.6499999761581421,0.6190871596336365,961,1090333856,4,4
238001,1920,3570015,456961920,23520,0.6499999761581421,128,238000,0.9573535919189453,1920,17,4,500000,1000,,238001.0,0.6895833611488342,0.5828516483306885,0.6499999761581421,0.6190471053123474,965,1090333856,4,4
239001,1920,3585015,458881920,23520,0.6499999761581421,128,239000,0.9633774757385254,1920,17,4,500000,1000,,239001.0,0.6890624761581421,0.5828493237495422,0.6499999761581421,0.6193240880966187,969,1090333856,4,4
240001,1920,3600015,460801920,23520,0.6499999761581421,128,240000,0.9671213626861572,1920,17,4,500000,1000,,240001.0,0.690625011920929,0.5828505158424377,0.6499999761581421,0.6195040941238403,973,1090333856,4,4
241001,1920,3615015,462721920,23520,0.6499999761581421,128,241000,0.9708883762359619,1920,17,4,500000,1000,,241001.0,0.690625011920929,0.582844078540802,0.6499999761581421,0.6193167567253113,977,1090333856,4,4
242001,1920,3630015,464641920,23520,0.6499999761581421,128,242000,0.9747214317321777,1920,17,4,500000,1000,,242001.0,0.6901041865348816,0.5828418135643005,0.6499999761581421,0.6192611455917358,981,1090333856,4,4
243001,1920,3645015,466561920,23520,0.6499999761581421,128,243000,0.9784853458404541,1920,17,4,500000,1000,,243001.0,0.690625011920929,0.5828427672386169,0.6499999761581421,0.6193126440048218,985,1090333856,4,4
244001,1920,3660015,468481920,23520,0.6499999761581421,128,244000,0.9823033809661865,1920,17,4,500000,1000,,244001.0,0.6901041865348816,0.5828428864479065,0.6520833373069763,0.6193522214889526,989,1090333856,4,4
245001,1920,3675015,470401920,23520,0.6520833373069763,128,245000,0.9870903491973877,1920,17,4,500000,1000,,245001.0,0.6895833611488342,0.5828402638435364,0.6499999761581421,0.6194841265678406,993,1090333856,4,4
246001,1920,3690015,472321920,23520,0.6499999761581421,128,246000,0.9908642768859863,1920,17,4,500000,1000,,246001.0,0.6890624761581421,0.5828405022621155,0.6499999761581421,0.6193010210990906,997,1090333856,4,4
247001,1920,3705015,474241920,23520,0.6499999761581421,128,247000,0.9948525428771973,1920,17,4,500000,1000,,247001.0,0.6895833611488342,0.5828414559364319,0.6499999761581421,0.6194611191749573,1001,1090333856,4,4
248001,1920,3720015,476161920,23520,0.6499999761581421,128,248000,0.9985594749450684,1920,17,4,500000,1000,,248001.0,0.6901041865348816,0.5828415751457214,0.6499999761581421,0.6197077035903931,1005,1090333856,4,4
249001,1920,3735015,478081920,23520,0.6499999761581421,128,249000,1.0022943019866943,1920,17,4,500000,1000,,249001.0,0.690625011920929,0.5828378796577454,0.6520833373069763,0.6196622252464294,1009,1090333856,4,4
250001,1920,3750015,480001920,23520,0.6520833373069763,128,250000,1.0064606666564941,1920,17,4,500000,1000,,250001.0,0.6901041865348816,0.5828332304954529,0.6499999761581421,0.61939936876297,1013,1090333856,4,4
251001,1920,3765015,481921920,23520,0.6499999761581421,128,251000,1.0103065967559814,1920,17,4,500000,1000,,251001.0,0.6901041865348816,0.5828335881233215,0.6499999761581421,0.6193257570266724,1017,1090333856,4,4
252001,1920,3780015,483841920,23520,0.6499999761581421,128,252000,1.014066457748413,1920,17,4,500000,1000,,252001.0,0.6901041865348816,0.5828346014022827,0.6499999761581421,0.6193504929542542,1021,1090333856,4,4
253001,1920,3795015,485761920,23520,0.6499999761581421,128,253000,1.017930507659912,1920,17,4,500000,1000,,253001.0,0.6895833611488342,0.582834780216217,0.6499999761581421,0.6196132302284241,1025,1090333856,4,4
254001,1920,3810015,487681920,23520,0.6499999761581421,128,254000,1.022125482559204,1920,17,4,500000,1000,,254001.0,0.6901041865348816,0.5828322172164917,0.6499999761581421,0.6195213198661804,1029,1090333856,4,4
255001,1920,3825015,489601920,23520,0.6499999761581421,128,255000,1.0259463787078857,1920,17,4,500000,1000,,255001.0,0.6911458373069763,0.5828303098678589,0.6499999761581421,0.6195345520973206,1033,1090333856,4,4
256001,1920,3840015,491521920,23520,0.6499999761581421,128,256000,1.0297222137451172,1920,17,4,500000,1000,,256001.0,0.6901041865348816,0.5828257203102112,0.6499999761581421,0.6192994713783264,1037,1090333856,4,4
257001,1920,3855015,493441920,23520,0.6499999761581421,128,257000,1.0335493087768555,1920,17,4,500000,1000,,257001.0,0.690625011920929,0.5828273296356201,0.6499999761581421,0.6194532513618469,1041,1090333856,4,4
258001,1920,3870015,495361920,23520,0.6499999761581421,128,258000,1.0373144149780273,1920,17,4,500000,1000,,258001.0,0.690625011920929,0.5828274488449097,0.6499999761581421,0.6193522214889526,1045,1090333856,4,4
259001,1920,3885015,497281920,23520,0.6499999761581421,128,259000,1.0474705696105957,1920,17,4,500000,1000,,259001.0,0.6901041865348816,0.5828238725662231,0.6499999761581421,0.61942058801651,1049,1090333856,4,4
260001,1920,3900015,499201920,23520,0.6499999761581421,128,260000,1.0511856079101562,1920,17,4,500000,1000,,260001.0,0.6901041865348816,0.582823634147644,0.6499999761581421,0.6196507215499878,1053,1090333856,4,4
261001,1920,3915015,501121920,23520,0.6499999761581421,128,261000,1.0548968315124512,1920,17,4,500000,1000,,261001.0,0.6901041865348816,0.5828230381011963,0.6499999761581421,0.6195224523544312,1057,1090333856,4,4
262001,1920,3930015,503041920,23520,0.6499999761581421,128,262000,1.0587007999420166,1920,17,4,500000,1000,,262001.0,0.690625011920929,0.5828207731246948,0.6520833373069763,0.6192749738693237,1061,1090333856,4,4
263001,1920,3945015,504961920,23520,0.6520833373069763,128,263000,1.0626068115234375,1920,17,4,500000,1000,,263001.0,0.6895833611488342,0.5828169584274292,0.6499999761581421,0.6193529367446899,1065,1090333856,4,4
264001,1920,3960015,506881920,23520,0.6499999761581421,128,264000,1.0663807392120361,1920,17,4,500000,1000,,264001.0,0.6895833611488342,0.5828173160552979,0.6499999761581421,0.6191808581352234,1069,1090333856,4,4
265001,1920,3975015,508801920,23520,0.6499999761581421,128,265000,1.070077896118164,1920,17,4,500000,1000,,265001.0,0.6901041865348816,0.5828218460083008,0.6499999761581421,0.6191242933273315,1073,1090333856,4,4
266001,1920,3990015,510721920,23520,0.6499999761581421,128,266000,1.0738670825958252,1920,17,4,500000,1000,,266001.0,0.6895833611488342,0.5828191637992859,0.6499999761581421,0.6190230250358582,1077,1090333856,4,4
267001,1920,4005015,512641920,23520,0.6499999761581421,128,267000,1.0776429176330566,1920,17,4,500000,1000,,267001.0,0.6890624761581421,0.5828138589859009,0.6499999761581421,0.6192010045051575,1081,1090333856,4,4
268001,1920,4020015,514561920,23520,0.6499999761581421,128,268000,1.0813841819763184,1920,17,4,500000,1000,,268001.0,0.6890624761581421,0.5828141570091248,0.6499999761581421,0.6190730929374695,1085,1090333856,4,4
269001,1920,4035015,516481920,23520,0.6499999761581421,128,269000,1.0851430892944336,1920,17,4,500000,1000,,269001.0,0.6911458373069763,0.5828141570091248,0.6499999761581421,0.6192874908447266,1089,1090333856,4,4
270001,1920,4050015,518401920,23520,0.6499999761581421,128,270000,1.0889301300048828,1920,17,4,500000,1000,,270001.0,0.692187488079071,0.5828111171722412,0.6520833373069763,0.6191967129707336,1093,1090333856,4,4
271001,1920,4065015,520321920,23520,0.6520833373069763,128,271000,1.0926730632781982,1920,17,4,500000,1000,,271001.0,0.690625011920929,0.5828096866607666,0.6499999761581421,0.6192769408226013,1097,1090333856,4,4
272001,1920,4080015,522241920,23520,0.6499999761581421,128,272000,1.096421241760254,1920,17,4,500000,1000,,272001.0,0.6890624761581421,0.5828077793121338,0.6499999761581421,0.6193945407867432,1101,1090333856,4,4
273001,1920,4095015,524161920,23520,0.6499999761581421,128,273000,1.1013000011444092,1920,17,4,500000,1000,,273001.0,0.6901041865348816,0.5828102231025696,0.6499999761581421,0.6193418502807617,1105,1090333856,4,4
274001,1920,4110015,526081920,23520,0.6499999761581421,128,274000,1.1050608158111572,1920,17,4,500000,1000,,274001.0,0.6885416507720947,0.5828108191490173,0.6499999761581421,0.6194671988487244,1109,1090333856,4,4
275001,1920,4125015,528001920,23520,0.6499999761581421,128,275000,1.108806848526001,1920,17,4,500000,1000,,275001.0,0.6901041865348816,0.5828055739402771,0.6499999761581421,0.6195352077484131,1113,1090333856,4,4
276001,1920,4140015,529921920,23520,0.6499999761581421,128,276000,1.1127936840057373,1920,17,4,500000,1000,,276001.0,0.6911458373069763,0.5828050971031189,0.6499999761581421,0.6194737553596497,1117,1090333856,4,4
277001,1920,4155015,531841920,23520,0.6499999761581421,128,277000,1.1164884567260742,1920,17,4,500000,1000,,277001.0,0.6901041865348816,0.5828046798706055,0.6499999761581421,0.6194735169410706,1121,1090333856,4,4
278001,1920,4170015,533761920,23520,0.6499999761581421,128,278000,1.1203274726867676,1920,17,4,500000,1000,,278001.0,0.6901041865348816,0.5828030109405518,0.6499999761581421,0.619468092918396,1125,1090333856,4,4
279001,1920,4185015,535681920,23520,0.6499999761581421,128,279000,1.124009370803833,1920,17,4,500000,1000,,279001.0,0.6901041865348816,0.5828001499176025,0.6499999761581421,0.6194993853569031,1129,1090333856,4,4
280001,1920,4200015,537601920,23520,0.6499999761581421,128,280000,1.1293303966522217,1920,17,4,500000,1000,,280001.0,0.6901041865348816,0.5828011631965637,0.6499999761581421,0.6196034550666809,1133,1090333856,4,4
281001,1920,4215015,539521920,23520,0.6499999761581421,128,281000,1.1331446170806885,1920,17,4,500000,1000,,281001.0,0.6901041865348816,0.582798957824707,0.6520833373069763,0.6194679737091064,1136,1090333856,4,4
282001,1920,4230015,541441920,23520,0.6520833373069763,128,282000,1.13692045211792,1920,17,4,500000,1000,,282001.0,0.690625011920929,0.5827993750572205,0.6520833373069763,0.6195105910301208,1140,1090333856,4,4
283001,1920,4245015,543361920,23520,0.6520833373069763,128,283000,1.1406893730163574,1920,17,4,500000,1000,,283001.0,0.690625011920929,0.5827990770339966,0.6499999761581421,0.6195488572120667,1144,1090333856,4,4
284001,1920,4260015,545281920,23520,0.6499999761581421,128,284000,1.1444485187530518,1920,17,4,500000,1000,,284001.0,0.6901041865348816,0.582801878452301,0.6499999761581421,0.6193942427635193,1148,1090333856,4,4
285001,1920,4275015,547201920,23520,0.6499999761581421,128,285000,1.148249626159668,1920,17,4,500000,1000,,285001.0,0.6901041865348816,0.5827992558479309,0.6499999761581421,0.6194820404052734,1152,1090333856,4,4
286001,1920,4290015,549121920,23520,0.6499999761581421,128,286000,1.1519966125488281,1920,17,4,500000,1000,,286001.0,0.6890624761581421,0.5827944874763489,0.6499999761581421,0.6195131540298462,1156,1090333856,4,4
287001,1920,4305015,551041920,23520,0.6499999761581421,128,287000,1.1557095050811768,1920,17,4,500000,1000,,287001.0,0.6895833611488342,0.5827944278717041,0.6499999761581421,0.619310736656189,1160,1090333856,4,4
288001,1920,4320015,552961920,23520,0.6499999761581421,128,288000,1.159468412399292,1920,17,4,500000,1000,,288001.0,0.6890624761581421,0.5827925801277161,0.6499999761581421,0.6192655563354492,1164,1090333856,4,4
289001,1920,4335015,554881920,23520,0.6499999761581421,128,289000,1.163191556930542,1920,17,4,500000,1000,,289001.0,0.690625011920929,0.582790195941925,0.6520833373069763,0.6192644238471985,1168,1090333856,4,4
290001,1920,4350015,556801920,23520,0.6520833373069763,128,290000,1.1670923233032227,1920,17,4,500000,1000,,290001.0,0.690625011920929,0.5827913284301758,0.6520833373069763,0.6190752387046814,1172,1090333856,4,4
291001,1920,4365015,558721920,23520,0.6520833373069763,128,291000,1.170924425125122,1920,17,4,500000,1000,,291001.0,0.6901041865348816,0.5827903747558594,0.6499999761581421,0.6192944049835205,1176,1090333856,4,4
292001,1920,4380015,560641920,23520,0.6499999761581421,128,292000,1.17478346824646,1920,17,4,500000,1000,,292001.0,0.6895833611488342,0.5827860236167908,0.6499999761581421,0.6194095611572266,1181,1090333856,4,4
293001,1920,4395015,562561920,23520,0.6499999761581421,128,293000,1.1786282062530518,1920,17,4,500000,1000,,293001.0,0.6916666626930237,0.5827881693840027,0.6499999761581421,0.6193851232528687,1185,1090333856,4,4
294001,1920,4410015,564481920,23520,0.6499999761581421,128,294000,1.1823852062225342,1920,17,4,500000,1000,,294001.0,0.6901041865348816,0.5827894806861877,0.6499999761581421,0.6191464066505432,1189,1090333856,4,4
295001,1920,4425015,566401920,23520,0.6499999761581421,128,295000,1.186094045639038,1920,17,4,500000,1000,,295001.0,0.690625011920929,0.5827845335006714,0.6499999761581421,0.6191685199737549,1193,1090333856,4,4
296001,1920,4440015,568321920,23520,0.6499999761581421,128,296000,1.1899430751800537,1920,17,4,500000,1000,,296001.0,0.6895833611488342,0.5827836394309998,0.6499999761581421,0.619340717792511,1197,1090333856,4,4
297001,1920,4455015,570241920,23520,0.6499999761581421,128,297000,1.1938080787658691,1920,17,4,500000,1000,,297001.0,0.690625011920929,0.5827820897102356,0.6520833373069763,0.6193607449531555,1201,1090333856,4,4
298001,1920,4470015,572161920,23520,0.6520833373069763,128,298000,1.1974964141845703,1920,17,4,500000,1000,,298001.0,0.6901041865348816,0.5827808380126953,0.6520833373069763,0.619450569152832,1205,1090333856,4,4
299001,1920,4485015,574081920,23520,0.6520833373069763,128,299000,1.2013072967529297,1920,17,4,500000,1000,,299001.0,0.6895833611488342,0.5827848315238953,0.6499999761581421,0.6195145845413208,1209,1090333856,4,4
300001,1920,4500015,576001920,23520,0.6499999761581421,128,300000,1.2051641941070557,1920,17,4,500000,1000,,300001.0,0.6895833611488342,0.5827797055244446,0.6499999761581421,0.6193631291389465,1213,1090333856,4,4
301001,1920,4515015,577921920,23520,0.6499999761581421,128,301000,1.208935260772705,1920,17,4,500000,1000,,301001.0,0.690625011920929,0.5827811360359192,0.6520833373069763,0.6194031834602356,1217,1090333856,4,4
302001,1920,4530015,579841920,23520,0.6520833373069763,128,302000,1.2134783267974854,1920,17,4,500000,1000,,302001.0,0.6911458373069763,0.5827817320823669,0.6520833373069763,0.6193031072616577,1221,1090333856,4,4
303001,1920,4545015,581761920,23520,0.6520833373069763,128,303000,1.217226505279541,1920,17,4,500000,1000,,303001.0,0.6901041865348816,0.5827824473381042,0.6499999761581421,0.6193077564239502,1225,1090333856,4,4
304001,1920,4560015,583681920,23520,0.6499999761581421,128,304000,1.2209947109222412,1920,17,4,500000,1000,,304001.0,0.690625011920929,0.5827780365943909,0.6520833373069763,0.6192115545272827,1229,1090333856,4,4
305001,1920,4575015,585601920,23520,0.6520833373069763,128,305000,1.2247486114501953,1920,17,4,500000,1000,,305001.0,0.690625011920929,0.5827775597572327,0.6499999761581421,0.6191408634185791,1233,1090333856,4,4
306001,1920,4590015,587521920,23520,0.6499999761581421,128,306000,1.2297837734222412,1920,17,4,500000,1000,,306001.0,0.690625011920929,0.5827773213386536,0.6499999761581421,0.6189700365066528,1237,1090333856,4,4
307001,1920,4605015,589441920,23520,0.6499999761581421,128,307000,1.2351868152618408,1920,17,4,500000,1000,,307001.0,0.690625011920929,0.5827783346176147,0.6499999761581421,0.6191145181655884,1240,1090333856,4,4
308001,1920,4620015,591361920,23520,0.6499999761581421,128,308000,1.2395267486572266,1920,17,4,500000,1000,,308001.0,0.6895833611488342,0.5827741026878357,0.6499999761581421,0.6193360090255737,1245,1090333856,4,4
309001,1920,4635015,593281920,23520,0.6499999761581421,128,309000,1.2433338165283203,1920,17,4,500000,1000,,309001.0,0.6890624761581421,0.5827732086181641,0.6499999761581421,0.6194763779640198,1249,1090333856,4,4
310001,1920,4650015,595201920,23520,0.6499999761581421,128,310000,1.2471659183502197,1920,17,4,500000,1000,,310001.0,0.6895833611488342,0.5827721357345581,0.6499999761581421,0.6193935871124268,1253,1090333856,4,4
311001,1920,4665015,597121920,23520,0.6499999761581421,128,311000,1.2509026527404785,1920,17,4,500000,1000,,311001.0,0.6890624761581421,0.5827726125717163,0.6499999761581421,0.6192381381988525,1257,1090333856,4,4
312001,1920,4680015,599041920,23520,0.6499999761581421,128,312000,1.254652500152588,1920,17,4,500000,1000,,312001.0,0.6895833611488342,0.5827719569206238,0.6499999761581421,0.6190855503082275,1261,1090333856,4,4
313001,1920,4695015,600961920,23520,0.6499999761581421,128,313000,1.2583565711975098,1920,17,4,500000,1000,,313001.0,0.6890624761581421,0.5827749967575073,0.6499999761581421,0.6193294525146484,1265,1090333856,4,4
314001,1920,4710015,602881920,23520,0.6499999761581421,128,314000,1.2622435092926025,1920,17,4,500000,1000,,314001.0,0.6890624761581421,0.5827690958976746,0.6499999761581421,0.6194664835929871,1269,1090333856,4,4
315001,1920,4725015,604801920,23520,0.6499999761581421,128,315000,1.2660133838653564,1920,17,4,500000,1000,,315001.0,0.6890624761581421,0.5827658772468567,0.6499999761581421,0.6192339658737183,1273,1090333856,4,4
316001,1920,4740015,606721920,23520,0.6499999761581421,128,316000,1.2697484493255615,1920,17,4,500000,1000,,316001.0,0.6890624761581421,0.5827645659446716,0.6499999761581421,0.6191949844360352,1277,1090333856,4,4
317001,1920,4755015,608641920,23520,0.6499999761581421,128,317000,1.273470401763916,1920,17,4,500000,1000,,317001.0,0.6901041865348816,0.5827658176422119,0.6499999761581421,0.6194561123847961,1281,1090333856,4,4
318001,1920,4770015,610561920,23520,0.6499999761581421,128,318000,1.2772252559661865,1920,17,4,500000,1000,,318001.0,0.6895833611488342,0.582764208316803,0.6499999761581421,0.6193701028823853,1285,1090333856,4,4
319001,1920,4785015,612481920,23520,0.6499999761581421,128,319000,1.281062126159668,1920,17,4,500000,1000,,319001.0,0.6895833611488342,0.5827698111534119,0.6499999761581421,0.619393527507782,1289,1090333856,4,4
320001,1920,4800015,614401920,23520,0.6499999761581421,128,320000,1.2848212718963623,1920,17,4,500000,1000,,320001.0,0.6901041865348816,0.5827649235725403,0.6499999761581421,0.6191529035568237,1293,1090333856,4,4
321001,1920,4815015,616321920,23520,0.6499999761581421,128,321000,1.28865647315979,1920,17,4,500000,1000,,321001.0,0.6895833611488342,0.582760751247406,0.6499999761581421,0.6191873550415039,1297,1090333856,4,4
322001,1920,4830015,618241920,23520,0.6499999761581421,128,322000,1.2924182415008545,1920,17,4,500000,1000,,322001.0,0.6901041865348816,0.5827605128288269,0.6499999761581421,0.6192620396614075,1301,1090333856,4,4
323001,1920,4845015,620161920,23520,0.6499999761581421,128,323000,1.2961699962615967,1920,17,4,500000,1000,,323001.0,0.690625011920929,0.5827646255493164,0.6520833373069763,0.6191951036453247,1305,1090333856,4,4
324001,1920,4860015,622081920,23520,0.6520833373069763,128,324000,1.2999379634857178,1920,17,4,500000,1000,,324001.0,0.690625011920929,0.582763671875,0.6499999761581421,0.6191861033439636,1309,1090333856,4,4
325001,1920,4875015,624001920,23520,0.6499999761581421,128,325000,1.303692102432251,1920,17,4,500000,1000,,325001.0,0.690625011920929,0.582757830619812,0.6499999761581421,0.619147002696991,1313,1090333856,4,4
326001,1920,4890015,625921920,23520,0.6499999761581421,128,326000,1.312150239944458,1920,17,4,500000,1000,,326001.0,0.6901041865348816,0.5827564001083374,0.6499999761581421,0.619365930557251,1317,1090333856,4,4
327001,1920,4905015,627841920,23520,0.6499999761581421,128,327000,1.3159444332122803,1920,17,4,500000,1000,,327001.0,0.690625011920929,0.5827612280845642,0.6499999761581421,0.6194279193878174,1321,1090333856,4,4
328001,1920,4920015,629761920,23520,0.6499999761581421,128,328000,1.3196995258331299,1920,17,4,500000,1000,,328001.0,0.6890624761581421,0.582760751247406,0.6499999761581421,0.6192764043807983,1325,1090333856,4,4
329001,1920,4935015,631681920,23520,0.6499999761581421,128,329000,1.3234906196594238,1920,17,4,500000,1000,,329001.0,0.6895833611488342,0.5827569961547852,0.6499999761581421,0.6193572282791138,1329,1090333856,4,4
330001,1920,4950015,633601920,23520,0.6499999761581421,128,330000,1.3272285461425781,1920,17,4,500000,1000,,330001.0,0.6901041865348816,0.5827575325965881,0.6499999761581421,0.6193827390670776,1333,1090333856,4,4
331001,1920,4965015,635521920,23520,0.6499999761581421,128,331000,1.3309996128082275,1920,17,4,500000,1000,,331001.0,0.690625011920929,0.5827544927597046,0.6499999761581421,0.6194067597389221,1337,1090333856,4,4
332001,1920,4980015,637441920,23520,0.6499999761581421,128,332000,1.3347866535186768,1920,17,4,500000,1000,,332001.0,0.6890624761581421,0.5827584862709045,0.6520833373069763,0.6191928386688232,1341,1090333856,4,4
333001,1920,4995015,639361920,23520,0.6520833373069763,128,333000,1.338545799255371,1920,17,4,500000,1000,,333001.0,0.6911458373069763,0.5827543139457703,0.6499999761581421,0.6193742752075195,1345,1090333856,4,4
334001,1920,5010015,641281920,23520,0.6499999761581421,128,334000,1.3422770500183105,1920,17,4,500000,1000,,334001.0,0.6901041865348816,0.5827556252479553,0.6520833373069763,0.6192830204963684,1349,1090333856,4,4
335001,1920,5025015,643201920,23520,0.6520833373069763,128,335000,1.3460290431976318,1920,17,4,500000,1000,,335001.0,0.6901041865348816,0.5827516317367554,0.6499999761581421,0.6192788481712341,1353,1090333856,4,4
336001,1920,5040015,645121920,23520,0.6499999761581421,128,336000,1.349736213684082,1920,17,4,500000,1000,,336001.0,0.6890624761581421,0.5827497243881226,0.6499999761581421,0.6195974946022034,1357,1090333856,4,4
337001,1920,5055015,647041920,23520,0.6499999761581421,128,337000,1.3534982204437256,1920,17,4,500000,1000,,337001.0,0.6901041865348816,0.5827481746673584,0.6499999761581421,0.619364857673645,1361,1090333856,4,4
338001,1920,5070015,648961920,23520,0.6499999761581421,128,338000,1.3571882247924805,1920,17,4,500000,1000,,338001.0,0.6885416507720947,0.582747757434845,0.6499999761581421,0.6194908618927002,1365,1090333856,4,4
339001,1920,5085015,650881920,23520,0.6499999761581421,128,339000,1.3609044551849365,1920,17,4,500000,1000,,339001.0,0.6895833611488342,0.5827502012252808,0.6499999761581421,0.6195448040962219,1369,1090333856,4,4
340001,1920,5100015,652801920,23520,0.6499999761581421,128,340000,1.364731788635254,1920,17,4,500000,1000,,340001.0,0.6895833611488342,0.5827471613883972,0.6499999761581421,0.6195967793464661,1373,1090333856,4,4
341001,1920,5115015,654721920,23520,0.6499999761581421,128,341000,1.3692116737365723,1920,17,4,500000,1000,,341001.0,0.6890624761581421,0.5827458500862122,0.6499999761581421,0.6192998290061951,1377,1090333856,4,4
342001,1920,5130015,656641920,23520,0.6499999761581421,128,342000,1.3751447200775146,1920,17,4,500000,1000,,342001.0,0.6895833611488342,0.5827456116676331,0.6499999761581421,0.61936354637146,1381,1090333856,4,4
343001,1920,5145015,658561920,23520,0.6499999761581421,128,343000,1.379018783569336,1920,17,4,500000,1000,,343001.0,0.6901041865348816,0.5827436447143555,0.6499999761581421,0.6192312836647034,1385,1090333856,4,4
344001,1920,5160015,660481920,23520,0.6499999761581421,128,344000,1.3879985809326172,1920,17,4,500000,1000,,344001.0,0.690625011920929,0.5827484130859375,0.6499999761581421,0.6192123293876648,1389,1090333856,4,4
345001,1920,5175015,662401920,23520,0.6499999761581421,128,345000,1.3917577266693115,1920,17,4,500000,1000,,345001.0,0.6890624761581421,0.5827414393424988,0.6499999761581421,0.6192470192909241,1393,1090333856,4,4
346001,1920,5190015,664321920,23520,0.6499999761581421,128,346000,1.3969287872314453,1920,17,4,500000,1000,,346001.0,0.6890624761581421,0.5827422738075256,0.6499999761581421,0.6191862225532532,1397,1090333856,4,4
347001,1920,5205015,666241920,23520,0.6499999761581421,128,347000,1.4007179737091064,1920,17,4,500000,1000,,347001.0,0.6911458373069763,0.5827425718307495,0.6499999761581421,0.6190077066421509,1401,1090333856,4,4
348001,1920,5220015,668161920,23520,0.6499999761581421,128,348000,1.4044890403747559,1920,17,4,500000,1000,,348001.0,0.6890624761581421,0.5827390551567078,0.6499999761581421,0.6191632747650146,1405,1090333856,4,4
349001,1920,5235015,670081920,23520,0.6499999761581421,128,349000,1.4083280563354492,1920,17,4,500000,1000,,349001.0,0.6885416507720947,0.5827389359474182,0.6499999761581421,0.6194360852241516,1409,1090333856,4,4
350001,1920,5250015,672001920,23520,0.6499999761581421,128,350000,1.4137451648712158,1920,17,4,500000,1000,,350001.0,0.6890624761581421,0.5827426314353943,0.6499999761581421,0.6192168593406677,1413,1090333856,4,4
351001,1920,5265015,673921920,23520,0.6499999761581421,128,351000,1.417517900466919,1920,17,4,500000,1000,,351001.0,0.6895833611488342,0.5827401876449585,0.6520833373069763,0.6194993853569031,1417,1090333856,4,4
352001,1920,5280015,675841920,23520,0.6520833373069763,128,352000,1.421259880065918,1920,17,4,500000,1000,,352001.0,0.6890624761581421,0.5827379822731018,0.6499999761581421,0.6195283532142639,1421,1090333856,4,4
353001,1920,5295015,677761920,23520,0.6499999761581421,128,353000,1.4249680042266846,1920,17,4,500000,1000,,353001.0,0.6901041865348816,0.5827375054359436,0.6520833373069763,0.6193893551826477,1425,1090333856,4,4
354001,1920,5310015,679681920,23520,0.6520833373069763,128,354000,1.4295408725738525,1920,17,4,500000,1000,,354001.0,0.6890624761581421,0.582735002040863,0.6499999761581421,0.6195787191390991,1429,1090333856,4,4
355001,1920,5325015,681601920,23520,0.6499999761581421,128,355000,1.4334609508514404,1920,17,4,500000,1000,,355001.0,0.6895833611488342,0.5827363133430481,0.6499999761581421,0.6194844841957092,1433,1090333856,4,4
356001,1920,5340015,683521920,23520,0.6499999761581421,128,356000,1.43721604347229,1920,17,4,500000,1000,,356001.0,0.6895833611488342,0.5827340483665466,0.6520833373069763,0.6192896366119385,1437,1090333856,4,4
357001,1920,5355015,685441920,23520,0.6520833373069763,128,357000,1.4409711360931396,1920,17,4,500000,1000,,357001.0,0.6901041865348816,0.5827348232269287,0.6520833373069763,0.619371771812439,1441,1090333856,4,4
358001,1920,5370015,687361920,23520,0.6520833373069763,128,358000,1.44480299949646,1920,17,4,500000,1000,,358001.0,0.6890624761581421,0.5827350616455078,0.6499999761581421,0.6196275353431702,1445,1090333856,4,4
359001,1920,5385015,689281920,23520,0.6499999761581421,128,359000,1.44850492477417,1920,17,4,500000,1000,,359001.0,0.6901041865348816,0.5827338099479675,0.6499999761581421,0.6196313500404358,1449,1090333856,4,4
360001,1920,5400015,691201920,23520,0.6499999761581421,128,360000,1.452225923538208,1920,17,4,500000,1000,,360001.0,0.6901041865348816,0.5827369689941406,0.6520833373069763,0.6195831298828125,1453,1090333856,4,4
361001,1920,5415015,693121920,23520,0.6520833373069763,128,361000,1.4559311866760254,1920,17,4,500000,1000,,361001.0,0.690625011920929,0.582731306552887,0.6520833373069763,0.6193835139274597,1457,1090333856,4,4
362001,1920,5430015,695041920,23520,0.6520833373069763,128,362000,1.4597492218017578,1920,17,4,500000,1000,,362001.0,0.6895833611488342,0.5827311277389526,0.6520833373069763,0.619323194026947,1461,1090333856,4,4
363001,1920,5445015,696961920,23520,0.6520833373069763,128,363000,1.4646663665771484,1920,17,4,500000,1000,,363001.0,0.6895833611488342,0.5827281475067139,0.6520833373069763,0.6193519830703735,1465,1090333856,4,4
364001,1920,5460015,698881920,23520,0.6520833373069763,128,364000,1.4706923961639404,1920,17,4,500000,1000,,364001.0,0.6901041865348816,0.5827287435531616,0.6520833373069763,0.6195735335350037,1469,1090333856,4,4
365001,1920,5475015,700801920,23520,0.6520833373069763,128,365000,1.4746325016021729,1920,17,4,500000,1000,,365001.0,0.6895833611488342,0.5827285647392273,0.6499999761581421,0.6194267868995667,1473,1090333856,4,4
366001,1920,5490015,702721920,23520,0.6499999761581421,128,366000,1.478391408920288,1920,17,4,500000,1000,,366001.0,0.6901041865348816,0.5827271342277527,0.6499999761581421,0.6195811033248901,1477,1090333856,4,4
367001,1920,5505015,704641920,23520,0.6499999761581421,128,367000,1.4824965000152588,1920,17,4,500000,1000,,367001.0,0.6890624761581421,0.5827256441116333,0.6499999761581421,0.6194568872451782,1481,1090333856,4,4
368001,1920,5520015,706561920,23520,0.6499999761581421,128,368000,1.4862456321716309,1920,17,4,500000,1000,,368001.0,0.6890624761581421,0.5827286839485168,0.6499999761581421,0.6194140315055847,1485,1090333856,4,4
369001,1920,5535015,708481920,23520,0.6499999761581421,128,369000,1.490074634552002,1920,17,4,500000,1000,,369001.0,0.6890624761581421,0.582726240158081,0.6499999761581421,0.6193810701370239,1489,1090333856,4,4
370001,1920,5550015,710401920,23520,0.6499999761581421,128,370000,1.4939229488372803,1920,17,4,500000,1000,,370001.0,0.6890624761581421,0.5827267169952393,0.6499999761581421,0.6193862557411194,1493,1090333856,4,4
371001,1920,5565015,712321920,23520,0.6499999761581421,128,371000,1.4976732730865479,1920,17,4,500000,1000,,371001.0,0.6901041865348816,0.58272784948349,0.6499999761581421,0.6196342706680298,1497,1090333856,4,4
372001,1920,5580015,714241920,23520,0.6499999761581421,128,372000,1.501452922821045,1920,17,4,500000,1000,,372001.0,0.6895833611488342,0.5827293992042542,0.6499999761581421,0.6194395422935486,1500,1090333856,4,4
373001,1920,5595015,716161920,23520,0.6499999761581421,128,373000,1.5052099227905273,1920,17,4,500000,1000,,373001.0,0.6901041865348816,0.58272385597229,0.6499999761581421,0.6194754838943481,1504,1090333856,4,4
374001,1920,5610015,718081920,23520,0.6499999761581421,128,374000,1.508948802947998,1920,17,4,500000,1000,,374001.0,0.6890624761581421,0.5827234983444214,0.6499999761581421,0.619312047958374,1508,1090333856,4,4
375001,1920,5625015,720001920,23520,0.6499999761581421,128,375000,1.5126979351043701,1920,17,4,500000,1000,,375001.0,0.6895833611488342,0.5827234983444214,0.6499999761581421,0.6193768382072449,1512,1090333856,4,4
376001,1920,5640015,721921920,23520,0.6499999761581421,128,376000,1.5164189338684082,1920,17,4,500000,1000,,376001.0,0.6880208253860474,0.5827214121818542,0.6499999761581421,0.6193069219589233,1516,1090333856,4,4
377001,1920,5655015,723841920,23520,0.6499999761581421,128,377000,1.520427942276001,1920,17,4,500000,1000,,377001.0,0.6885416507720947,0.5827196836471558,0.6499999761581421,0.6192882061004639,1520,1090333856,4,4
378001,1920,5670015,725761920,23520,0.6499999761581421,128,378000,1.526249885559082,1920,17,4,500000,1000,,378001.0,0.6885416507720947,0.5827179551124573,0.6499999761581421,0.6193834543228149,1524,1090333856,4,4
379001,1920,5685015,727681920,23520,0.6499999761581421,128,379000,1.5299928188323975,1920,17,4,500000,1000,,379001.0,0.6890624761581421,0.5827192664146423,0.6499999761581421,0.6193310618400574,1528,1090333856,4,4
380001,1920,5700015,729601920,23520,0.6499999761581421,128,380000,1.534099817276001,1920,17,4,500000,1000,,380001.0,0.6890624761581421,0.582717776298523,0.6499999761581421,0.6192668080329895,1532,1090333856,4,4
381001,1920,5715015,731521920,23520,0.6499999761581421,128,381000,1.5378389358520508,1920,17,4,500000,1000,,381001.0,0.6901041865348816,0.582718014717102,0.6520833373069763,0.619440495967865,1536,1090333856,4,4
382001,1920,5730015,733441920,23520,0.6520833373069763,128,382000,1.5416181087493896,1920,17,4,500000,1000,,382001.0,0.6901041865348816,0.5827202200889587,0.6499999761581421,0.6193521618843079,1540,1090333856,4,4
383001,1920,5745015,735361920,23520,0.6499999761581421,128,383000,1.545597791671753,1920,17,4,500000,1000,,383001.0,0.690625011920929,0.582718551158905,0.6499999761581421,0.6194359660148621,1544,1090333856,4,4
384001,1920,5760015,737281920,23520,0.6499999761581421,128,384000,1.5493059158325195,1920,17,4,500000,1000,,384001.0,0.690625011920929,0.5827163457870483,0.6499999761581421,0.619284987449646,1548,1090333856,4,4
385001,1920,5775015,739201920,23520,0.6499999761581421,128,385000,1.5530967712402344,1920,17,4,500000,1000,,385001.0,0.6895833611488342,0.5827174782752991,0.6499999761581421,0.6191152334213257,1552,1090333856,4,4
386001,1920,5790015,741121920,23520,0.6499999761581421,128,386000,1.5568559169769287,1920,17,4,500000,1000,,386001.0,0.6895833611488342,0.5827184915542603,0.6499999761581421,0.6192564368247986,1556,1090333856,4,4
387001,1920,5805015,743041920,23520,0.6499999761581421,128,387000,1.5607190132141113,1920,17,4,500000,1000,,387001.0,0.6895833611488342,0.5827143788337708,0.6499999761581421,0.6194654703140259,1560,1090333856,4,4
388001,1920,5820015,744961920,23520,0.6499999761581421,128,388000,1.564479112625122,1920,17,4,500000,1000,,388001.0,0.6895833611488342,0.5827146172523499,0.6499999761581421,0.6194574236869812,1564,1090333856,4,4
389001,1920,5835015,746881920,23520,0.6499999761581421,128,389000,1.5682082176208496,1920,17,4,500000,1000,,389001.0,0.6901041865348816,0.5827101469039917,0.6499999761581421,0.6192770600318909,1568,1090333856,4,4
390001,1920,5850015,748801920,23520,0.6499999761581421,128,390000,1.572047472000122,1920,17,4,500000,1000,,390001.0,0.690625011920929,0.5827111601829529,0.6499999761581421,0.6192198991775513,1572,1090333856,4,4
391001,1920,5865015,750721920,23520,0.6499999761581421,128,391000,1.575817584991455,1920,17,4,500000,1000,,391001.0,0.6901041865348816,0.5827110409736633,0.6499999761581421,0.6192771792411804,1576,1090333856,4,4
392001,1920,5880015,752641920,23520,0.6499999761581421,128,392000,1.579603672027588,1920,17,4,500000,1000,,392001.0,0.6901041865348816,0.5827094316482544,0.6499999761581421,0.6193962693214417,1580,1090333856,4,4
393001,1920,5895015,754561920,23520,0.6499999761581421,128,393000,1.5879848003387451,1920,17,4,500000,1000,,393001.0,0.6901041865348816,0.5827109217643738,0.6499999761581421,0.619308352470398,1584,1090333856,4,4
394001,1920,5910015,756481920,23520,0.6499999761581421,128,394000,1.5917890071868896,1920,17,4,500000,1000,,394001.0,0.6890624761581421,0.5827097296714783,0.6520833373069763,0.619335949420929,1588,1090333856,4,4
395001,1920,5925015,758401920,23520,0.6520833373069763,128,395000,1.59554123878479,1920,17,4,500000,1000,,395001.0,0.6901041865348816,0.5827106237411499,0.6499999761581421,0.6191321015357971,1592,1090333856,4,4
396001,1920,5940015,760321920,23520,0.6499999761581421,128,396000,1.5993163585662842,1920,17,4,500000,1000,,396001.0,0.6911458373069763,0.5827073454856873,0.6520833373069763,0.6194161176681519,1596,1090333856,4,4
397001,1920,5955015,762241920,23520,0.6520833373069763,128,397000,1.6051993370056152,1920,17,4,500000,1000,,397001.0,0.690625011920929,0.5827078223228455,0.6520833373069763,0.6194824576377869,1601,1090333856,4,4
398001,1920,5970015,764161920,23520,0.6520833373069763,128,398000,1.608957290649414,1920,17,4,500000,1000,,398001.0,0.6901041865348816,0.5827085971832275,0.6499999761581421,0.6196215152740479,1605,1090333856,4,4
399001,1920,5985015,766081920,23520,0.6499999761581421,128,399000,1.612779140472412,1920,17,4,500000,1000,,399001.0,0.6901041865348816,0.5827077627182007,0.6499999761581421,0.6194556951522827,1608,1090333856,4,4
400001,1920,6000015,768001920,23520,0.6499999761581421,128,400000,1.616598129272461,1920,17,4,500000,1000,,400001.0,0.6895833611488342,0.5827098488807678,0.6499999761581421,0.6196125149726868,1612,1090333856,4,4
401001,1920,6015015,769921920,23520,0.6499999761581421,128,401000,1.6203501224517822,1920,17,4,500000,1000,,401001.0,0.6901041865348816,0.5827105641365051,0.6499999761581421,0.6196544766426086,1617,1090333856,4,4
402001,1920,6030015,771841920,23520,0.6499999761581421,128,402000,1.624140739440918,1920,17,4,500000,1000,,402001.0,0.6890624761581421,0.5827075242996216,0.6499999761581421,0.6194039583206177,1621,1090333856,4,4
403001,1920,6045015,773761920,23520,0.6499999761581421,128,403000,1.62799072265625,1920,17,4,500000,1000,,403001.0,0.6885416507720947,0.5827071666717529,0.6499999761581421,0.6194419860839844,1625,1090333856,4,4
404001,1920,6060015,775681920,23520,0.6499999761581421,128,404000,1.631739616394043,1920,17,4,500000,1000,,404001.0,0.6901041865348816,0.5827071666717529,0.6499999761581421,0.6194533109664917,1629,1090333856,4,4
405001,1920,6075015,777601920,23520,0.6499999761581421,128,405000,1.6354846954345703,1920,17,4,500000,1000,,405001.0,0.690625011920929,0.5827048420906067,0.6499999761581421,0.6194533109664917,1632,1090333856,4,4
406001,1920,6090015,779521920,23520,0.6499999761581421,128,406000,1.6391868591308594,1920,17,4,500000,1000,,406001.0,0.6901041865348816,0.5827054381370544,0.6499999761581421,0.6193297505378723,1636,1090333856,4,4
407001,1920,6105015,781441920,23520,0.6499999761581421,128,407000,1.6429686546325684,1920,17,4,500000,1000,,407001.0,0.6895833611488342,0.5827050805091858,0.6499999761581421,0.6192605495452881,1640,1090333856,4,4
408001,1920,6120015,783361920,23520,0.6499999761581421,128,408000,1.6467385292053223,1920,17,4,500000,1000,,408001.0,0.6901041865348816,0.5827062129974365,0.6499999761581421,0.6192728281021118,1644,1090333856,4,4
409001,1920,6135015,785281920,23520,0.6499999761581421,128,409000,1.650519609451294,1920,17,4,500000,1000,,409001.0,0.6901041865348816,0.5827056765556335,0.6499999761581421,0.619411051273346,1648,1090333856,4,4
410001,1920,6150015,787201920,23520,0.6499999761581421,128,410000,1.6542956829071045,1920,17,4,500000,1000,,410001.0,0.6901041865348816,0.5827041268348694,0.6499999761581421,0.6194984912872314,1652,1090333856,4,4
411001,1920,6165015,789121920,23520,0.6499999761581421,128,411000,1.658071756362915,1920,17,4,500000,1000,,411001.0,0.6895833611488342,0.5827006697654724,0.6499999761581421,0.6193892359733582,1656,1090333856,4,4
412001,1920,6180015,791041920,23520,0.6499999761581421,128,412000,1.6619236469268799,1920,17,4,500000,1000,,412001.0,0.6911458373069763,0.5826987028121948,0.6499999761581421,0.6191932559013367,1660,1090333856,4,4
413001,1920,6195015,792961920,23520,0.6499999761581421,128,413000,1.6679365634918213,1920,17,4,500000,1000,,413001.0,0.6895833611488342,0.5826990604400635,0.6499999761581421,0.6192856431007385,1664,1090333856,4,4
414001,1920,6210015,794881920,23520,0.6499999761581421,128,414000,1.6752045154571533,1920,17,4,500000,1000,,414001.0,0.6895833611488342,0.5826964974403381,0.6499999761581421,0.6192809343338013,1668,1090333856,4,4
415001,1920,6225015,796801920,23520,0.6499999761581421,128,415000,1.6790354251861572,1920,17,4,500000,1000,,415001.0,0.6901041865348816,0.5826978087425232,0.6520833373069763,0.6193456053733826,1672,1090333856,4,4
416001,1920,6240015,798721920,23520,0.6520833373069763,128,416000,1.6827304363250732,1920,17,4,500000,1000,,416001.0,0.6895833611488342,0.5827012658119202,0.6499999761581421,0.6194297671318054,1676,1090333856,4,4
417001,1920,6255015,800641920,23520,0.6499999761581421,128,417000,1.6866123676300049,1920,17,4,500000,1000,,417001.0,0.6901041865348816,0.5826963186264038,0.6499999761581421,0.6193891167640686,1680,1090333856,4,4
418001,1920,6270015,802561920,23520,0.6499999761581421,128,418000,1.6903102397918701,1920,17,4,500000,1000,,418001.0,0.690625011920929,0.5826959609985352,0.6499999761581421,0.6193347573280334,1684,1090333856,4,4
419001,1920,6285015,804481920,23520,0.6499999761581421,128,419000,1.6940433979034424,1920,17,4,500000,1000,,419001.0,0.6890624761581421,0.5826937556266785,0.6499999761581421,0.619158148765564,1688,1090333856,4,4
420001,1920,6300015,806401920,23520,0.6499999761581421,128,420000,1.6977875232696533,1920,17,4,500000,1000,,420001.0,0.6885416507720947,0.582693874835968,0.6499999761581421,0.619337260723114,1692,1090333856,4,4
421001,1920,6315015,808321920,23520,0.6499999761581421,128,421000,1.7015507221221924,1920,17,4,500000,1000,,421001.0,0.6890624761581421,0.5826937556266785,0.6499999761581421,0.6193683743476868,1696,1090333856,4,4
422001,1920,6330015,810241920,23520,0.6499999761581421,128,422000,1.7052888870239258,1920,17,4,500000,1000,,422001.0,0.6885416507720947,0.5826934576034546,0.6499999761581421,0.6194940805435181,1700,1090333856,4,4
423001,1920,6345015,812161920,23520,0.6499999761581421,128,423000,1.7089908123016357,1920,17,4,500000,1000,,423001.0,0.6890624761581421,0.5826941728591919,0.6499999761581421,0.6193057894706726,1704,1090333856,4,4
424001,1920,6360015,814081920,23520,0.6499999761581421,128,424000,1.7127459049224854,1920,17,4,500000,1000,,424001.0,0.6895833611488342,0.582697868347168,0.6499999761581421,0.6194130778312683,1708,1090333856,4,4
425001,1920,6375015,816001920,23520,0.6499999761581421,128,425000,1.7164781093597412,1920,17,4,500000,1000,,425001.0,0.6890624761581421,0.5826933979988098,0.6499999761581421,0.6193526387214661,1712,1090333856,4,4
426001,1920,6390015,817921920,23520,0.6499999761581421,128,426000,1.7202262878417969,1920,17,4,500000,1000,,426001.0,0.690625011920929,0.5826915502548218,0.6499999761581421,0.6193832755088806,1716,1090333856,4,4
427001,1920,6405015,819841920,23520,0.6499999761581421,128,427000,1.7239632606506348,1920,17,4,500000,1000,,427001.0,0.6901041865348816,0.5826935172080994,0.6499999761581421,0.6195273995399475,1720,1090333856,4,4
428001,1920,6420015,821761920,23520,0.6499999761581421,128,428000,1.7285072803497314,1920,17,4,500000,1000,,428001.0,0.6901041865348816,0.5826936364173889,0.6499999761581421,0.6193127036094666,1724,1090333856,4,4
429001,1920,6435015,823681920,23520,0.6499999761581421,128,429000,1.732224464416504,1920,17,4,500000,1000,,429001.0,0.6901041865348816,0.5826922059059143,0.6499999761581421,0.6192812323570251,1728,1090333856,4,4
430001,1920,6450015,825601920,23520,0.6499999761581421,128,430000,1.7359743118286133,1920,17,4,500000,1000,,430001.0,0.690625011920929,0.5826886892318726,0.6499999761581421,0.6193569898605347,1732,1090333856,4,4
431001,1920,6465015,827521920,23520,0.6499999761581421,128,431000,1.7397055625915527,1920,17,4,500000,1000,,431001.0,0.690625011920929,0.5826895833015442,0.6520833373069763,0.6194407939910889,1736,1090333856,4,4
432001,1920,6480015,829441920,23520,0.6520833373069763,128,432000,1.7434475421905518,1920,17,4,500000,1000,,432001.0,0.6890624761581421,0.5826868414878845,0.6520833373069763,0.6193538904190063,1740,1090333856,4,4
433001,1920,6495015,831361920,23520,0.6520833373069763,128,433000,1.7476615905761719,1920,17,4,500000,1000,,433001.0,0.6895833611488342,0.5826865434646606,0.6499999761581421,0.619451642036438,1744,1090333856,4,4
434001,1920,6510015,833281920,23520,0.6499999761581421,128,434000,1.7513978481292725,1920,17,4,500000,1000,,434001.0,0.6890624761581421,0.5826879739761353,0.6499999761581421,0.6194592714309692,1748,1090333856,4,4
435001,1920,6525015,835201920,23520,0.6499999761581421,128,435000,1.7551705837249756,1920,17,4,500000,1000,,435001.0,0.6885416507720947,0.5826894640922546,0.6499999761581421,0.6194313168525696,1752,1090333856,4,4
436001,1920,6540015,837121920,23520,0.6499999761581421,128,436000,1.7589046955108643,1920,17,4,500000,1000,,436001.0,0.6895833611488342,0.5826871395111084,0.6499999761581421,0.6194563508033752,1756,1090333856,4,4
437001,1920,6555015,839041920,23520,0.6499999761581421,128,437000,1.7626934051513672,1920,17,4,500000,1000,,437001.0,0.6901041865348816,0.5826882719993591,0.6520833373069763,0.6194300055503845,1759,1090333856,4,4
438001,1920,6570015,840961920,23520,0.6520833373069763,128,438000,1.766432523727417,1920,17,4,500000,1000,,438001.0,0.6890624761581421,0.5826854109764099,0.6499999761581421,0.6193569898605347,1763,1090333856,4,4
439001,1920,6585015,842881920,23520,0.6499999761581421,128,439000,1.7701916694641113,1920,17,4,500000,1000,,439001.0,0.6890624761581421,0.5826826691627502,0.6499999761581421,0.6194102168083191,1767,1090333856,4,4
440001,1920,6600015,844801920,23520,0.6499999761581421,128,440000,1.773930549621582,1920,17,4,500000,1000,,440001.0,0.6890624761581421,0.5826835632324219,0.6499999761581421,0.6194562315940857,1771,1090333856,4,4
441001,1920,6615015,846721920,23520,0.6499999761581421,128,441000,1.777693748474121,1920,17,4,500000,1000,,441001.0,0.6895833611488342,0.5826866626739502,0.6499999761581421,0.6193972229957581,1775,1090333856,4,4
442001,1920,6630015,848641920,23520,0.6499999761581421,128,442000,1.7814795970916748,1920,17,4,500000,1000,,442001.0,0.6885416507720947,0.5826871991157532,0.6499999761581421,0.6193253397941589,1779,1090333856,4,4
443001,1920,6645015,850561920,23520,0.6499999761581421,128,443000,1.7852246761322021,1920,17,4,500000,1000,,443001.0,0.6885416507720947,0.582686722278595,0.6499999761581421,0.6192179322242737,1783,1090333856,4,4
444001,1920,6660015,852481920,23520,0.6499999761581421,128,444000,1.7889556884765625,1920,17,4,500000,1000,,444001.0,0.6890624761581421,0.5826816558837891,0.6499999761581421,0.6192496418952942,1787,1090333856,4,4
445001,1920,6675015,854401920,23520,0.6499999761581421,128,445000,1.792705774307251,1920,17,4,500000,1000,,445001.0,0.690625011920929,0.5826869606971741,0.6499999761581421,0.6193777918815613,1791,1090333856,4,4
446001,1920,6690015,856321920,23520,0.6499999761581421,128,446000,1.7964577674865723,1920,17,4,500000,1000,,446001.0,0.6901041865348816,0.5826852321624756,0.6541666388511658,0.619616687297821,1795,1090333856,4,4
447001,1920,6705015,858241920,23520,0.6541666388511658,128,447000,1.8001835346221924,1920,17,4,500000,1000,,447001.0,0.6895833611488342,0.5826798677444458,0.6499999761581421,0.6195463538169861,1799,1090333856,4,4
448001,1920,6720015,860161920,23520,0.6499999761581421,128,448000,1.8039565086364746,1920,17,4,500000,1000,,448001.0,0.6890624761581421,0.5826809406280518,0.6499999761581421,0.6195598840713501,1803,1090333856,4,4
449001,1920,6735015,862081920,23520,0.6499999761581421,128,449000,1.8076484203338623,1920,17,4,500000,1000,,449001.0,0.6895833611488342,0.5826804637908936,0.6499999761581421,0.6197114586830139,1807,1090333856,4,4
450001,1920,6750015,864001920,23520,0.6499999761581421,128,450000,1.8114633560180664,1920,17,4,500000,1000,,450001.0,0.6895833611488342,0.5826801657676697,0.6520833373069763,0.6197469234466553,1811,1090333856,4,4
451001,1920,6765015,865921920,23520,0.6520833373069763,128,451000,1.8152813911437988,1920,17,4,500000,1000,,451001.0,0.6901041865348816,0.5826768279075623,0.6499999761581421,0.6193007230758667,1815,1090333856,4,4
452001,1920,6780015,867841920,23520,0.6499999761581421,128,452000,1.8193836212158203,1920,17,4,500000,1000,,452001.0,0.6895833611488342,0.5826796889305115,0.6499999761581421,0.6192343235015869,1819,1090333856,4,4
453001,1920,6795015,869761920,23520,0.6499999761581421,128,453000,1.8231396675109863,1920,17,4,500000,1000,,453001.0,0.6895833611488342,0.5826826691627502,0.6499999761581421,0.6192766427993774,1823,1090333856,4,4
454001,1920,6810015,871681920,23520,0.6499999761581421,128,454000,1.8269119262695312,1920,17,4,500000,1000,,454001.0,0.690625011920929,0.5826784372329712,0.6499999761581421,0.6193652749061584,1827,1090333856,4,4
455001,1920,6825015,873601920,23520,0.6499999761581421,128,455000,1.830617904663086,1920,17,4,500000,1000,,455001.0,0.6890624761581421,0.582679808139801,0.6499999761581421,0.6193177700042725,1831,1090333856,4,4
456001,1920,6840015,875521920,23520,0.6499999761581421,128,456000,1.8348958492279053,1920,17,4,500000,1000,,456001.0,0.6901041865348816,0.5826787352561951,0.6499999761581421,0.619303822517395,1835,1090333856,4,4
457001,1920,6855015,877441920,23520,0.6499999761581421,128,457000,1.838592767715454,1920,17,4,500000,1000,,457001.0,0.6895833611488342,0.5826756954193115,0.6499999761581421,0.6194161772727966,1839,1090333856,4,4
458001,1920,6870015,879361920,23520,0.6499999761581421,128,458000,1.8423478603363037,1920,17,4,500000,1000,,458001.0,0.6901041865348816,0.5826767683029175,0.6499999761581421,0.6194575428962708,1843,1090333856,4,4
459001,1920,6885015,881281920,23520,0.6499999761581421,128,459000,1.8461158275604248,1920,17,4,500000,1000,,459001.0,0.6895833611488342,0.5826733112335205,0.6499999761581421,0.6194141507148743,1847,1090333856,4,4
460001,1920,6900015,883201920,23520,0.6499999761581421,128,460000,1.849888801574707,1920,17,4,500000,1000,,460001.0,0.6895833611488342,0.5826767683029175,0.6499999761581421,0.6196804046630859,1851,1090333856,4,4
461001,1920,6915015,885121920,23520,0.6499999761581421,128,461000,1.8536157608032227,1920,17,4,500000,1000,,461001.0,0.6901041865348816,0.5826743245124817,0.6499999761581421,0.6193837523460388,1855,1090333856,4,4
462001,1920,6930015,887041920,23520,0.6499999761581421,128,462000,1.8574028015136719,1920,17,4,500000,1000,,462001.0,0.6895833611488342,0.5826771259307861,0.6499999761581421,0.6193339228630066,1859,1090333856,4,4
463001,1920,6945015,888961920,23520,0.6499999761581421,128,463000,1.8611528873443604,1920,17,4,500000,1000,,463001.0,0.6895833611488342,0.5826749205589294,0.6499999761581421,0.6193391680717468,1863,1090333856,4,4
464001,1920,6960015,890881920,23520,0.6499999761581421,128,464000,1.8650989532470703,1920,17,4,500000,1000,,464001.0,0.6901041865348816,0.5826742649078369,0.6499999761581421,0.6194180846214294,1867,1090333856,4,4
465001,1920,6975015,892801920,23520,0.6499999761581421,128,465000,1.868844985961914,1920,17,4,500000,1000,,465001.0,0.6890624761581421,0.5826686024665833,0.6499999761581421,0.6194658875465393,1871,1090333856,4,4
466001,1920,6990015,894721920,23520,0.6499999761581421,128,466000,1.8725390434265137,1920,17,4,500000,1000,,466001.0,0.6901041865348816,0.5826712250709534,0.6499999761581421,0.6195958256721497,1874,1090333856,4,4
467001,1920,7005015,896641920,23520,0.6499999761581421,128,467000,1.8762860298156738,1920,17,4,500000,1000,,467001.0,0.6890624761581421,0.5826723575592041,0.6499999761581421,0.6195302605628967,1878,1090333856,4,4
468001,1920,7020015,898561920,23520,0.6499999761581421,128,468000,1.8800699710845947,1920,17,4,500000,1000,,468001.0,0.6895833611488342,0.582673192024231,0.6499999761581421,0.6193598508834839,1882,1090333856,4,4
469001,1920,7035015,900481920,23520,0.6499999761581421,128,469000,1.8839750289916992,1920,17,4,500000,1000,,469001.0,0.6895833611488342,0.5826725363731384,0.6499999761581421,0.6194174289703369,1886,1090333856,4,4
470001,1920,7050015,902401920,23520,0.6499999761581421,128,470000,1.8878021240234375,1920,17,4,500000,1000,,470001.0,0.6885416507720947,0.5826699733734131,0.6499999761581421,0.6192804574966431,1890,1090333856,4,4
471001,1920,7065015,904321920,23520,0.6499999761581421,128,471000,1.8915200233459473,1920,17,4,500000,1000,,471001.0,0.6901041865348816,0.5826704502105713,0.6499999761581421,0.6191710233688354,1894,1090333856,4,4
472001,1920,7080015,906241920,23520,0.6499999761581421,128,472000,1.8952839374542236,1920,17,4,500000,1000,,472001.0,0.6890624761581421,0.5826702117919922,0.6499999761581421,0.619368314743042,1898,1090333856,4,4
473001,1920,7095015,908161920,23520,0.6499999761581421,128,473000,1.899029016494751,1920,17,4,500000,1000,,473001.0,0.690625011920929,0.5826664566993713,0.6520833373069763,0.6194726228713989,1902,1090333856,4,4
474001,1920,7110015,910081920,23520,0.6520833373069763,128,474000,1.9027838706970215,1920,17,4,500000,1000,,474001.0,0.6890624761581421,0.5826644897460938,0.6499999761581421,0.6193749904632568,1906,1090333856,4,4
475001,1920,7125015,912001920,23520,0.6499999761581421,128,475000,1.9065747261047363,1920,17,4,500000,1000,,475001.0,0.6901041865348816,0.5826666355133057,0.6520833373069763,0.6194506883621216,1910,1090333856,4,4
476001,1920,7140015,913921920,23520,0.6520833373069763,128,476000,1.9103286266326904,1920,17,4,500000,1000,,476001.0,0.690625011920929,0.5826650261878967,0.6499999761581421,0.619458019733429,1914,1090333856,4,4
477001,1920,7155015,915841920,23520,0.6499999761581421,128,477000,1.9140968322753906,1920,17,4,500000,1000,,477001.0,0.6901041865348816,0.5826669335365295,0.6520833373069763,0.6192305088043213,1918,1090333856,4,4
478001,1920,7170015,917761920,23520,0.6520833373069763,128,478000,1.9177896976470947,1920,17,4,500000,1000,,478001.0,0.6901041865348816,0.582671582698822,0.6520833373069763,0.6196008324623108,1922,1090333856,4,4
479001,1920,7185015,919681920,23520,0.6520833373069763,128,479000,1.9215376377105713,1920,17,4,500000,1000,,479001.0,0.6895833611488342,0.5826679468154907,0.6499999761581421,0.6194655299186707,1926,1090333856,4,4
480001,1920,7200015,921601920,23520,0.6499999761581421,128,480000,1.9254956245422363,1920,17,4,500000,1000,,480001.0,0.690625011920929,0.5826655626296997,0.6520833373069763,0.6195377111434937,1930,1090333856,4,4
481001,1920,7215015,923521920,23520,0.6520833373069763,128,481000,1.9292683601379395,1920,17,4,500000,1000,,481001.0,0.6901041865348816,0.582665741443634,0.6520833373069763,0.619651734828949,1934,1090333856,4,4
482001,1920,7230015,925441920,23520,0.6520833373069763,128,482000,1.9331023693084717,1920,17,4,500000,1000,,482001.0,0.6901041865348816,0.5826641917228699,0.6499999761581421,0.6195851564407349,1938,1090333856,4,4
483001,1920,7245015,927361920,23520,0.6499999761581421,128,483000,1.936793327331543,1920,17,4,500000,1000,,483001.0,0.6901041865348816,0.5826641917228699,0.6499999761581421,0.619425356388092,1942,1090333856,4,4
484001,1920,7260015,929281920,23520,0.6499999761581421,128,484000,1.9405512809753418,1920,17,4,500000,1000,,484001.0,0.6901041865348816,0.582663357257843,0.6499999761581421,0.6195962429046631,1946,1090333856,4,4
485001,1920,7275015,931201920,23520,0.6499999761581421,128,485000,1.944411277770996,1920,17,4,500000,1000,,485001.0,0.6895833611488342,0.5826610922813416,0.6499999761581421,0.6193812489509583,1950,1090333856,4,4
486001,1920,7290015,933121920,23520,0.6499999761581421,128,486000,1.9481842517852783,1920,17,4,500000,1000,,486001.0,0.6895833611488342,0.5826610326766968,0.6499999761581421,0.6195657253265381,1954,1090333856,4,4
487001,1920,7305015,935041920,23520,0.6499999761581421,128,487000,1.9519932270050049,1920,17,4,500000,1000,,487001.0,0.6895833611488342,0.582660973072052,0.6499999761581421,0.6194448471069336,1958,1090333856,4,4
488001,1920,7320015,936961920,23520,0.6499999761581421,128,488000,1.9557530879974365,1920,17,4,500000,1000,,488001.0,0.6901041865348816,0.5826617479324341,0.6499999761581421,0.6191214919090271,1962,1090333856,4,4
489001,1920,7335015,938881920,23520,0.6499999761581421,128,489000,1.9594841003417969,1920,17,4,500000,1000,,489001.0,0.6895833611488342,0.5826617479324341,0.6499999761581421,0.6194294095039368,1966,1090333856,4,4
490001,1920,7350015,940801920,23520,0.6499999761581421,128,490000,1.9656882286071777,1920,17,4,500000,1000,,490001.0,0.6890624761581421,0.5826625823974609,0.6499999761581421,0.6193615198135376,1970,1090333856,4,4
491001,1920,7365015,942721920,23520,0.6499999761581421,128,491000,1.9694359302520752,1920,17,4,500000,1000,,491001.0,0.6901041865348816,0.5826619863510132,0.6499999761581421,0.619465172290802,1974,1090333856,4,4
492001,1920,7380015,944641920,23520,0.6499999761581421,128,492000,1.9732868671417236,1920,17,4,500000,1000,,492001.0,0.690625011920929,0.582657516002655,0.6520833373069763,0.6195043921470642,1978,1090333856,4,4
493001,1920,7395015,946561920,23520,0.6520833373069763,128,493000,1.9772307872772217,1920,17,4,500000,1000,,493001.0,0.6911458373069763,0.5826612114906311,0.6520833373069763,0.6193398833274841,1982,1090333856,4,4
494001,1920,7410015,948481920,23520,0.6520833373069763,128,494000,1.9810638427734375,1920,17,4,500000,1000,,494001.0,0.690625011920929,0.5826637148857117,0.6499999761581421,0.6192709803581238,1986,1090333856,4,4
495001,1920,7425015,950401920,23520,0.6499999761581421,128,495000,1.98482084274292,1920,17,4,500000,1000,,495001.0,0.6911458373069763,0.5826596021652222,0.6499999761581421,0.6192638278007507,1990,1090333856,4,4
496001,1920,7440015,952321920,23520,0.6499999761581421,128,496000,1.9886229038238525,1920,17,4,500000,1000,,496001.0,0.6895833611488342,0.5826606154441833,0.6499999761581421,0.6193044781684875,1994,1090333856,4,4
497001,1920,7455015,954241920,23520,0.6499999761581421,128,497000,1.9923760890960693,1920,17,4,500000,1000,,497001.0,0.690625011920929,0.5826573967933655,0.6499999761581421,0.6190996766090393,1998,1090333856,4,4
498001,1920,7470015,956161920,23520,0.6499999761581421,128,498000,1.996701955795288,1920,17,4,500000,1000,,498001.0,0.6895833611488342,0.5826560258865356,0.6499999761581421,0.6194148659706116,2003,1090333856,4,4
499001,1920,7485015,958081920,23520,0.6499999761581421,128,499000,2.0005300045013428,1920,17,4,500000,1000,,499001.0,0.690625011920929,0.5826559662818909,0.6499999761581421,0.6192886829376221,2008,1090333856,4,4
499998,1920,7499970,959996160,23520,0.6499999761581421,128,499997,2.0043230056762695,1920,17,4,500000,1000,,499998.0,0.6911458373069763,0.5826579928398132,0.6499999761581421,0.6192952394485474,2012,1090333856,4,4
499999,1920,7499985,959998080,23520,0.6499999761581421,128,499998,2.0083889961242676,1920,17,4,500000,1000,,499999.0,0.6911458373069763,0.5826579928398132,0.6499999761581421,0.6192972660064697,2012,1090333856,4,4
500000,1920,7500000,960000000,23520,0.6499999761581421,128,499999,2.0124731063842773,1920,17,4,500000,1000,,500000.0,0.6911458373069763,0.5826582312583923,0.6499999761581421,0.6192948818206787,2012,1090333856,4,4
